Index;Wert
0;2.1865766
1;0
2;0
3;0
4;0
5;1.19118512
6;2.08457398
7;2.97796297
8;2.97796297
9;2.97796297
10;2.97796297
11;2.28707552
12;1.14353776
13;1.09955561
14;1.09955561
15;1.09955561
16;1.13311315
17;1.14353776
18;2.28707552
19;2.28707552
20;2.28707552
21;2.28707552
22;0
23;0
24;0
25;0
26;0
27;0
28;0
29;1.17165756
30;2.0571456
31;2.94240904
32;2.91837955
33;2.92435002
34;2.89122605
35;2.28707552
36;1.14353776
37;1.14353776
38;1.14353776
39;1.14353776
40;1.14353776
41;1.14353776
42;2.28707552
43;2.28707552
44;2.28707552
45;2.28707552
46;0
47;0
48;0
49;0
50;0
51;0
52;0
53;1.14353776
54;2.00119114
55;2.85884452
56;2.85884452
57;2.85884452
58;2.85884452
59;2.24751925
60;1.09955561
61;1.09955561
62;1.09955561
63;1.09955561
64;1.09955561
65;1.13989019
66;2.28707552
67;2.28707552
68;2.28707552
69;2.28707552
70;0
71;0
72;0
73;0
74;0
75;0
76;0
77;1.18231785
78;2.02140522
79;2.86457396
80;2.85884452
81;2.85884452
82;2.85884452
83;2.28707552
84;1.13176739
85;1.13087201
86;1.14216721
87;1.14262366
88;1.14353776
89;1.14353776
90;2.28707552
91;2.28707552
92;2.28707552
93;2.28982353
94;0
95;0
96;0
97;0
98;0
99;0
100;0
101;1.19118512
102;2.08457398
103;2.97796297
104;2.95213199
105;2.96683764
106;2.85884452
107;2.28707552
108;1.13943577
109;1.14353776
110;1.14353776
111;1.14353776
112;1.14353776
113;1.14353776
114;2.29810667
115;2.32615519
116;2.28707552
117;2.29257774
118;0
119;0
120;0
121;0
122;0
123;0
124;0
125;1.19118512
126;2.08457398
127;2.97796297
128;2.97796297
129;2.97796297
130;2.93877935
131;2.28707552
132;1.14353776
133;1.14353776
134;1.14353776
135;1.14353776
136;1.1439954
137;1.17551172
138;2.38237023
139;2.38237023
140;2.38237023
141;2.38237023
142;0
143;0
144;0
145;0
146;0
147;0
148;0
149;1.19118512
150;2.08457398
151;2.97796297
152;2.97796297
153;2.97796297
154;2.97796297
155;2.28707552
156;1.13626564
157;1.11412489
158;1.11892152
159;1.14353776
160;1.14766943
161;1.16544819
162;2.28707552
163;2.24135184
164;2.21187186
165;2.22738194
166;0
167;0
168;0
169;0
170;0
171;0
172;0
173;1.14353776
174;2.00119114
175;2.85884452
176;2.85884452
177;2.91124701
178;2.85884452
179;2.28707552
180;1.10337496
181;1.09955561
182;1.09955561
183;1.09955561
184;1.10124981
185;1.14353776
186;2.28707552
187;2.28707552
188;2.28707552
189;2.28707552
190;0
191;0
192;0
193;0
194;0
195;0
196;0
197;1.15322483
198;2.05461097
199;2.9631474
200;2.92076468
201;2.94604754
202;2.85884452
203;2.28707552
204;1.100402
205;1.09492314
206;1.07799566
207;1.07677758
208;1.08991408
209;1.09955561
210;2.25727963
211;2.28707552
212;2.28707552
213;2.28707552
214;0
215;0
216;0
217;0
218;0
219;0
220;0
221;1.14353776
222;2.00119114
223;2.81382346
224;2.85884452
225;2.82829905
226;2.77449989
227;2.19911122
228;1.09955561
229;1.09157872
230;1.09241283
231;1.09955561
232;1.09955561
233;1.1340121
234;2.28707552
235;2.28707552
236;2.28707552
237;2.28707552
238;0
239;0
240;0
241;0
242;0
243;0
244;0
245;1.14353776
246;2.00119114
247;2.85884452
248;2.89356732
249;2.97177196
250;2.96560621
251;2.35392714
252;1.14674866
253;1.14353776
254;1.11369097
255;1.09955561
256;1.09955561
257;1.11195815
258;2.27162862
259;2.28707552
260;2.28707552
261;2.28707552
262;0
263;0
264;0
265;0
266;0
267;0
268;0
269;1.14353776
270;2.01732969
271;2.86917377
272;2.85884452
273;2.85884452
274;2.85884452
275;2.28707552
276;1.14353776
277;1.14353776
278;1.14353776
279;1.14353776
280;1.14353776
281;1.14353776
282;2.28707552
283;2.28707552
284;2.28707552
285;2.29533887
286;0
287;0
288;0
289;0
290;0
291;0
292;0
293;1.18920314
294;2.08457398
295;2.97796297
296;2.97796297
297;2.97796297
298;2.97796297
299;2.38038683
300;1.17309988
301;1.14353776
302;1.14353776
303;1.14353776
304;1.16355085
305;1.17793345
306;2.38237023
307;2.38237023
308;2.38237023
309;2.38237023
310;0
311;0
312;0
313;0
314;0
315;0
316;0
317;1.24297595
318;2.17520785
319;3.10743976
320;3.0939877
321;3.10743976
322;2.97796297
323;2.38237023
324;1.14628887
325;1.14353776
326;1.14353776
327;1.14353776
328;1.14353776
329;1.16449881
330;2.38237023
331;2.38237023
332;2.38237023
333;2.38237023
334;0
335;0
336;0
337;0
338;0
339;0
340;0
341;1.19118512
342;2.08457398
343;2.97796297
344;2.97796297
345;2.97796297
346;2.97796297
347;2.38237023
348;1.19118512
349;1.19118512
350;1.19118512
351;1.19118512
352;1.19118512
353;1.19118512
354;2.38237023
355;2.38237023
356;2.38237023
357;2.38237023
358;0
359;0
360;0
361;0
362;0
363;0
364;0
365;1.22120655
366;2.14260292
367;3.09801102
368;3.0886395
369;3.05824208
370;3.00804353
371;2.38237023
372;1.19118512
373;1.19118512
374;1.19118512
375;1.19118512
376;1.19118512
377;1.19118512
378;2.40037322
379;2.41967392
380;2.39033818
381;2.40340018
382;0
383;0
384;0
385;0
386;0
387;0
388;0
389;1.24297595
390;2.17520785
391;3.10743976
392;3.10743976
393;3.10743976
394;3.10743976
395;2.4859519
396;1.24297595
397;1.23119915
398;1.22539413
399;1.24135673
400;1.24297595
401;1.24297595
402;2.4859519
403;2.52102709
404;2.57669616
405;2.4859519
406;0
407;0
408;0
409;0
410;0
411;0
412;0
413;1.29947472
414;2.27408075
415;3.24868703
416;3.24868703
417;3.24868703
418;3.24868703
419;2.59894943
420;1.26497543
421;1.24297595
422;1.24297595
423;1.24297595
424;1.24297595
425;1.29947472
426;2.59894943
427;2.59894943
428;2.59894943
429;2.59894943
430;0
431;0
432;0
433;0
434;0
435;0
436;0
437;1.36070657
438;2.31512165
439;3.25460434
440;3.24868703
441;3.24868703
442;3.24868703
443;2.59305644
444;1.24297595
445;1.24297595
446;1.23866737
447;1.2144624
448;1.19717109
449;1.2072823
450;2.45605183
451;2.4859519
452;2.4859519
453;2.4859519
454;0
455;0
456;0
457;0
458;0
459;0
460;0
461;1.29947472
462;2.27408075
463;3.24868703
464;3.24868703
465;3.24868703
466;3.24868703
467;2.59894943
468;1.24297595
469;1.24297595
470;1.23920441
471;1.24297595
472;1.24297595
473;1.24297595
474;2.54685497
475;2.59894943
476;2.59894943
477;2.59894943
478;0
479;0
480;0
481;0
482;0
483;0
484;0
485;1.27626991
486;2.19814491
487;3.12510347
488;3.12647033
489;3.10743976
490;3.10743976
491;2.4859519
492;1.20983696
493;1.19118512
494;1.19118512
495;1.19118512
496;1.19717109
497;1.23705947
498;2.4859519
499;2.4859519
500;2.4859519
501;2.4859519
502;0
503;0
504;0
505;0
506;0
507;0
508;0
509;1.29947472
510;2.27408075
511;3.33198667
512;3.24868703
513;3.24868703
514;3.24868703
515;2.49028277
516;1.24297595
517;1.19118512
518;1.19118512
519;1.19118512
520;1.19118512
521;1.2072823
522;2.4859519
523;2.4859519
524;2.4859519
525;2.4859519
526;0
527;0
528;0
529;0
530;0
531;0
532;0
533;1.14353776
534;2.00119114
535;2.85884452
536;2.88888907
537;2.88888907
538;2.87610126
539;2.28707552
540;1.14353776
541;1.14353776
542;1.14353776
543;1.14353776
544;1.14353776
545;1.14353776
546;2.31391716
547;2.34909153
548;2.34235525
549;2.38237023
550;0
551;0
552;0
553;0
554;0
555;0
556;0
557;1.24297595
558;2.17520785
559;3.10743976
560;3.10743976
561;3.07270479
562;2.97796297
563;2.38237023
564;1.14353776
565;1.14353776
566;1.11325717
567;1.1158644
568;1.14353776
569;1.14353776
570;2.28707552
571;2.28707552
572;2.28707552
573;2.28707552
574;0
575;0
576;0
577;0
578;0
579;0
580;0
581;1.19118512
582;2.08457398
583;2.97796297
584;2.97796297
585;2.97796297
586;2.85884452
587;2.19911122
588;1.02065134
589;0.947264552
590;0.910750091
591;0.90241307
592;1.03207386
593;1.09955561
594;2.25460935
595;2.28707552
596;2.28707552
597;2.28707552
598;0
599;0
600;0
601;0
602;0
603;0
604;0
605;1.14353776
606;2.00119114
607;2.85884452
608;2.85884452
609;2.85884452
610;2.74888921
611;2.01824546
612;0.904697597
613;0.866316557
614;0.853641272
615;0.859544337
616;0.888115764
617;0.965825856
618;2.0701263
619;2.14627957
620;2.1406548
621;2.16088033
622;0
623;0
624;0
625;0
626;0
627;0
628;0
629;1.0919956
630;1.92422235
631;2.72998905
632;2.67983174
633;2.62568378
634;2.53174329
635;1.89704347
636;0.900707126
637;0.878293216
638;0.871067762
639;0.874531806
640;0.891438901
641;0.921910524
642;1.90589631
643;1.99779487
644;1.94214976
645;1.89202166
646;0
647;0
648;0
649;0
650;0
651;0
652;0
653;0.992309809
654;1.73654211
655;2.4842236
656;2.33565736
657;2.4161973
658;2.49115086
659;2.02181363
660;1.02614665
661;1.04566371
662;1.05843925
663;1.07193267
664;1.08371663
665;1.09828842
666;2.19404793
667;2.19911122
668;2.21101665
669;2.20930791
670;0
671;0
672;0
673;0
674;0
675;0
676;0
677;1.14353776
678;2.00439811
679;2.94969511
680;2.96930265
681;2.96806955
682;2.85884452
683;2.20845461
684;1.07962406
685;1.04071522
686;1.0217458
687;1.01846981
688;1.03431427
689;1.07840228
690;2.19911122
691;2.23609281
692;2.28707552
693;2.28707552
694;0
695;0
696;0
697;0
698;0
699;0
700;0
701;1.14353776
702;2.00119114
703;2.85884452
704;2.85884452
705;2.85884452
706;2.76805234
707;2.18733311
708;1.04757953
709;1.03806996
710;1.03769302
711;1.03468859
712;1.03806996
713;1.06158352
714;2.19911122
715;2.19911122
716;2.19911122
717;2.21701789
718;0
719;0
720;0
721;0
722;0
723;0
724;0
725;1.17841899
726;2.08457398
727;2.95579457
728;2.89122605
729;2.85884452
730;2.85884452
731;2.28707552
732;1.14216721
733;1.14353776
734;1.14353776
735;1.14353776
736;1.14353776
737;1.02138066
738;2.07538605
739;2.10907006
740;2.14386535
741;2.17982817
742;0
743;0
744;0
745;0
746;0
747;0
748;0
749;1.14353776
750;2.00119114
751;2.87725902
752;2.92914391
753;2.97796297
754;2.95946646
755;2.31391716
756;1.14353776
757;1.14353776
758;1.14353776
759;1.14353776
760;1.14353776
761;1.14353776
762;2.30273414
763;2.36659336
764;2.38237023
765;2.38237023
766;0
767;0
768;0
769;0
770;0
771;0
772;0
773;1.22382045
774;2.15645599
775;3.08197999
776;3.06217265
777;2.97796297
778;2.97796297
779;2.35489655
780;1.14353776
781;1.14353776
782;1.14353776
783;1.14353776
784;1.1439954
785;1.17551172
786;2.38237023
787;2.38237023
788;2.38237023
789;2.38237023
790;0
791;0
792;0
793;0
794;0
795;0
796;0
797;1.19118512
798;2.08457398
799;2.97796297
800;2.97796297
801;2.97796297
802;2.97796297
803;2.38237023
804;1.18624246
805;1.15183103
806;1.15742695
807;1.15602279
808;1.16118789
809;1.19118512
810;2.38237023
811;2.38237023
812;2.38933945
813;2.41354537
814;0
815;0
816;0
817;0
818;0
819;0
820;0
821;1.21497858
822;2.12170386
823;3.09666872
824;3.10743976
825;3.01565886
826;2.97796297
827;2.38237023
828;1.17939126
829;1.16307759
830;1.15275991
831;1.16639924
832;1.19118512
833;1.19118512
834;2.38237023
835;2.38237023
836;2.40037322
837;2.40239024
838;0
839;0
840;0
841;0
842;0
843;0
844;0
845;1.24297595
846;2.17520785
847;3.10743976
848;3.01438689
849;2.9916749
850;2.97796297
851;2.38237023
852;1.1803652
853;1.14353776
854;1.14353776
855;1.14353776
856;1.14353776
857;1.17309988
858;2.38237023
859;2.38237023
860;2.38634777
861;2.43305922
862;0
863;0
864;0
865;0
866;0
867;0
868;0
869;1.24297595
870;2.17520785
871;3.10743976
872;3.10743976
873;2.9992075
874;2.97796297
875;2.38237023
876;1.1546222
877;1.14353776
878;1.14353776
879;1.13311315
880;1.14353776
881;1.14353776
882;2.38237023
883;2.38237023
884;2.39835954
885;2.47411895
886;0
887;0
888;0
889;0
890;0
891;0
892;0
893;1.24297595
894;2.17520785
895;3.10743976
896;3.10743976
897;3.10743976
898;3.00804353
899;2.38237023
900;1.19118512
901;1.19118512
902;1.19118512
903;1.19118512
904;1.19118512
905;1.19118512
906;2.38237023
907;2.38237023
908;2.41558456
909;2.45078826
910;0
911;0
912;0
913;0
914;0
915;0
916;0
917;1.24297595
918;2.17520785
919;3.10743976
920;3.10743976
921;3.04780865
922;2.97796297
923;2.38237023
924;1.19118512
925;1.19118512
926;1.19118512
927;1.19118512
928;1.19118512
929;1.19118512
930;2.38237023
931;2.38237023
932;2.38237023
933;2.45289087
934;0
935;0
936;0
937;0
938;0
939;0
940;0
941;1.24297595
942;2.17520785
943;3.10743976
944;3.10069895
945;3.03229141
946;2.97796297
947;2.32804918
948;1.14353776
949;1.14353776
950;1.14353776
951;1.14353776
952;1.14353776
953;1.14353776
954;2.34812689
955;2.38237023
956;2.38237023
957;2.38237023
958;0
959;0
960;0
961;0
962;0
963;0
964;0
965;1.24297595
966;2.17520785
967;3.10743976
968;3.06086135
969;2.97796297
970;2.97796297
971;2.35295844
972;1.15183103
973;1.14353776
974;1.14720881
975;1.14353776
976;1.16926157
977;1.19118512
978;2.38237023
979;2.38237023
980;2.38237023
981;2.38237023
982;0
983;0
984;0
985;0
986;0
987;0
988;0
989;1.19516909
990;2.08457398
991;2.97796297
992;2.97796297
993;2.97796297
994;2.97796297
995;2.36170554
996;1.15695858
997;1.14353776
998;1.14353776
999;1.14353776
1000;1.14353776
1001;1.14353776
1002;2.31391716
1003;2.35781002
1004;2.38237023
1005;2.38237023
1006;0
1007;0
1008;0
1009;0
1010;0
1011;0
1012;0
1013;1.19118512
1014;2.08457398
1015;2.97796297
1016;2.98293471
1017;2.97796297
1018;2.97796297
1019;2.38237023
1020;1.19118512
1021;1.19118512
1022;1.19118512
1023;1.19118512
1024;1.19118512
1025;1.19118512
1026;2.38237023
1027;2.40441084
1028;2.4859519
1029;2.4859519
1030;0
1031;0
1032;0
1033;0
1034;0
1035;0
1036;0
1037;1.24297595
1038;2.17520785
1039;3.10743976
1040;3.12920833
1041;3.10743976
1042;2.99669242
1043;2.38237023
1044;1.19118512
1045;1.16926157
1046;1.1602453
1047;1.15977466
1048;1.17454576
1049;1.19118512
1050;2.38237023
1051;2.47304893
1052;2.4859519
1053;2.4859519
1054;0
1055;0
1056;0
1057;0
1058;0
1059;0
1060;0
1061;1.25663495
1062;2.19911098
1063;3.16945052
1064;3.24868703
1065;3.10743976
1066;3.06217265
1067;2.38237023
1068;1.19118512
1069;1.17213786
1070;1.14353776
1071;1.14353776
1072;1.14445341
1073;1.19118512
1074;2.38237023
1075;2.45922112
1076;2.4859519
1077;2.4859519
1078;0
1079;0
1080;0
1081;0
1082;0
1083;0
1084;0
1085;1.21808457
1086;2.10829258
1087;2.98418021
1088;2.97796297
1089;2.97796297
1090;2.97796297
1091;2.38237023
1092;1.19118512
1093;1.16639924
1094;1.14353776
1095;1.14353776
1096;1.14353776
1097;1.14353776
1098;2.28707552
1099;2.28707552
1100;2.28707552
1101;2.28707552
1102;0
1103;0
1104;0
1105;0
1106;0
1107;0
1108;0
1109;1.14353776
1110;2.00119114
1111;2.85884452
1112;2.91837955
1113;2.88306212
1114;2.85884452
1115;2.27162862
1116;1.09955561
1117;1.09955561
1118;1.09955561
1119;1.09955561
1120;1.09955561
1121;1.13943577
1122;2.28707552
1123;2.35975599
1124;2.38237023
1125;2.38237023
1126;0
1127;0
1128;0
1129;0
1130;0
1131;0
1132;0
1133;1.19118512
1134;2.08457398
1135;2.97796297
1136;2.97796297
1137;2.97796297
1138;2.97796297
1139;2.38237023
1140;1.19118512
1141;1.19118512
1142;1.19118512
1143;1.19118512
1144;1.19118512
1145;1.19118512
1146;2.38237023
1147;2.38237023
1148;2.38237023
1149;2.38237023
1150;0
1151;0
1152;0
1153;0
1154;0
1155;0
1156;0
1157;1.24297595
1158;2.17520785
1159;3.10743976
1160;3.17367268
1161;3.10743976
1162;3.10743976
1163;2.39434218
1164;1.19118512
1165;1.19118512
1166;1.19118512
1167;1.19118512
1168;1.19118512
1169;1.19118512
1170;2.38237023
1171;2.38237023
1172;2.38237023
1173;2.44868898
1174;0
1175;0
1176;0
1177;0
1178;0
1179;0
1180;0
1181;1.25553119
1182;2.27408075
1183;3.24868703
1184;3.24868703
1185;3.24868703
1186;3.10743976
1187;2.4859519
1188;1.22749877
1189;1.19118512
1190;1.19118512
1191;1.19118512
1192;1.19118512
1193;1.19118512
1194;2.38237023
1195;2.38237023
1196;2.4859519
1197;2.4859519
1198;0
1199;0
1200;0
1201;0
1202;0
1203;0
1204;0
1205;1.24297595
1206;2.17520785
1207;3.10743976
1208;3.10743976
1209;3.10743976
1210;3.10743976
1211;2.38237023
1212;1.19118512
1213;1.19118512
1214;1.19118512
1215;1.19118512
1216;1.19118512
1217;1.19118512
1218;2.38237023
1219;2.43202424
1220;2.4859519
1221;2.4859519
1222;0
1223;0
1224;0
1225;0
1226;0
1227;0
1228;0
1229;1.29125774
1230;2.18470645
1231;3.12647033
1232;3.10743976
1233;3.10743976
1234;3.06611371
1235;2.38237023
1236;1.19118512
1237;1.19118512
1238;1.19118512
1239;1.19118512
1240;1.19118512
1241;1.19118512
1242;2.38237023
1243;2.45394397
1244;2.4859519
1245;2.4859519
1246;0
1247;0
1248;0
1249;0
1250;0
1251;0
1252;0
1253;1.24297595
1254;2.17520785
1255;3.10743976
1256;3.10743976
1257;3.10743976
1258;3.10743976
1259;2.46239829
1260;1.20119512
1261;1.19118512
1262;1.19118512
1263;1.19118512
1264;1.19118512
1265;1.19118512
1266;2.39835954
1267;2.46239829
1268;2.47626209
1269;2.4859519
1270;0
1271;0
1272;0
1273;0
1274;0
1275;0
1276;0
1277;1.24297595
1278;2.17520785
1279;3.10743976
1280;3.10743976
1281;3.10743976
1282;3.10743976
1283;2.4859519
1284;1.20170009
1285;1.19118512
1286;1.19118512
1287;1.19118512
1288;1.19118512
1289;1.19118512
1290;2.38237023
1291;2.38734412
1292;2.4289248
1293;2.4859519
1294;0
1295;0
1296;0
1297;0
1298;0
1299;0
1300;0
1301;1.24297595
1302;2.17520785
1303;3.10743976
1304;3.10743976
1305;3.10743976
1306;3.10743976
1307;2.4859519
1308;1.19118512
1309;1.19118512
1310;1.19118512
1311;1.19118512
1312;1.19118512
1313;1.19118512
1314;2.40441084
1315;2.4859519
1316;2.4859519
1317;2.4859519
1318;0
1319;0
1320;0
1321;0
1322;0
1323;0
1324;0
1325;1.29947472
1326;2.27408075
1327;3.24868703
1328;3.24868703
1329;3.24868703
1330;3.24868703
1331;2.59894943
1332;1.26106954
1333;1.24297595
1334;1.24297595
1335;1.24297595
1336;1.24297595
1337;1.24297595
1338;2.57669616
1339;2.59894943
1340;2.59894943
1341;2.59894943
1342;0
1343;0
1344;0
1345;0
1346;0
1347;0
1348;0
1349;1.29947472
1350;2.27408075
1351;3.24868703
1352;3.28602839
1353;3.24868703
1354;3.24868703
1355;2.59894943
1356;1.29947472
1357;1.29947472
1358;1.29947472
1359;1.29947472
1360;1.29125774
1361;1.29947472
1362;2.59894943
1363;2.59894943
1364;2.59894943
1365;2.59894943
1366;0
1367;0
1368;0
1369;0
1370;0
1371;0
1372;0
1373;1.36135459
1374;2.38237047
1375;3.40338659
1376;3.40338659
1377;3.24868703
1378;3.24868703
1379;2.59894943
1380;1.29947472
1381;1.29947472
1382;1.29947472
1383;1.29947472
1384;1.29947472
1385;1.29947472
1386;2.59894943
1387;2.59894943
1388;2.59894943
1389;2.59894943
1390;0
1391;0
1392;0
1393;0
1394;0
1395;0
1396;0
1397;1.4416765
1398;2.50148892
1399;3.57355571
1400;3.57355571
1401;3.40338659
1402;3.24868703
1403;2.59894943
1404;1.29947472
1405;1.27513134
1406;1.24297595
1407;1.24297595
1408;1.24297595
1409;1.29947472
1410;2.59894943
1411;2.59894943
1412;2.59894943
1413;2.59894943
1414;0
1415;0
1416;0
1417;0
1418;0
1419;0
1420;0
1421;1.29947472
1422;2.27408075
1423;3.24868703
1424;3.24868703
1425;3.24868703
1426;3.24868703
1427;2.59894943
1428;1.26106954
1429;1.24297595
1430;1.24297595
1431;1.21549511
1432;1.20321739
1433;1.22961056
1434;2.4859519
1435;2.4859519
1436;2.51106238
1437;2.56744003
1438;0
1439;0
1440;0
1441;0
1442;0
1443;0
1444;0
1445;1.29947472
1446;2.27408075
1447;3.24868703
1448;3.24868703
1449;3.24868703
1450;3.23691654
1451;2.4859519
1452;1.22697198
1453;1.19118512
1454;1.19118512
1455;1.18476772
1456;1.17454576
1457;1.18772101
1458;2.38237023
1459;2.38237023
1460;2.4859519
1461;2.4859519
1462;0
1463;0
1464;0
1465;0
1466;0
1467;0
1468;0
1469;1.29947472
1470;2.27408075
1471;3.24868703
1472;3.24868703
1473;3.24868703
1474;2.97796297
1475;2.31672978
1476;1.14353776
1477;1.11195815
1478;1.09955561
1479;1.07515776
1480;1.09116209
1481;1.09955561
1482;2.28707552
1483;2.32237577
1484;2.38237023
1485;2.38237023
1486;0
1487;0
1488;0
1489;0
1490;0
1491;0
1492;0
1493;1.19118512
1494;2.08457398
1495;2.97796297
1496;2.97796297
1497;2.92076468
1498;2.79075003
1499;2.12474513
1500;0.995766103
1501;0.926391602
1502;0.916590095
1503;0.929403305
1504;0.986148536
1505;1.05143237
1506;2.19911122
1507;2.28707552
1508;2.28707552
1509;2.28707552
1510;0
1511;0
1512;0
1513;0
1514;0
1515;0
1516;0
1517;1.19118512
1518;2.08457398
1519;2.97796297
1520;2.97796297
1521;2.96069241
1522;2.82829905
1523;2.14708543
1524;1.02138066
1525;0.992309809
1526;0.958700418
1527;0.942269146
1528;0.960633218
1529;1.01269734
1530;2.17899728
1531;2.27253127
1532;2.28707552
1533;2.28707552
1534;0
1535;0
1536;0
1537;0
1538;0
1539;0
1540;0
1541;1.24297595
1542;2.17520785
1543;3.10743976
1544;3.10743976
1545;2.97796297
1546;2.85884452
1547;2.2563889
1548;1.09955561
1549;1.0703274
1550;1.04489934
1551;1.03431427
1552;1.03920197
1553;1.06158352
1554;2.19911122
1555;2.28707552
1556;2.37150097
1557;2.38237023
1558;0
1559;0
1560;0
1561;0
1562;0
1563;0
1564;0
1565;1.19118512
1566;2.08457398
1567;2.97796297
1568;2.97796297
1569;2.85884452
1570;2.74888921
1571;2.19911122
1572;1.08495045
1573;1.06713128
1574;1.0703274
1575;1.06593764
1576;1.07112944
1577;1.09871042
1578;2.24751925
1579;2.28707552
1580;2.34427571
1581;2.38237023
1582;0
1583;0
1584;0
1585;0
1586;0
1587;0
1588;0
1589;1.18673503
1590;2.08457398
1591;2.97796297
1592;2.97796297
1593;2.85884452
1594;2.81271625
1595;2.19320631
1596;1.04911733
1597;1.02065134
1598;1.00204861
1599;0.992999136
1600;0.996807694
1601;1.02101588
1602;2.18733311
1603;2.24135184
1604;2.27433944
1605;2.28524733
1606;0
1607;0
1608;0
1609;0
1610;0
1611;0
1612;0
1613;1.19118512
1614;2.08457398
1615;2.95335174
1616;2.85884452
1617;2.83278298
1618;2.74888921
1619;2.11609507
1620;0.995419383
1621;0.947892725
1622;0.920722842
1623;0.913077116
1624;0.918651819
1625;0.937941134
1626;2.02181363
1627;2.19320631
1628;2.17816734
1629;2.19911122
1630;0
1631;0
1632;0
1633;0
1634;0
1635;0
1636;0
1637;1.12420154
1638;1.99004698
1639;2.83615541
1640;2.74256015
1641;2.65691876
1642;2.61703086
1643;2.04935098
1644;1.02836132
1645;1.01665878
1646;0.996460259
1647;1.00805521
1648;1.03207386
1649;1.05027342
1650;2.13426256
1651;2.16415191
1652;2.12553501
1653;2.18149137
1654;0
1655;0
1656;0
1657;0
1658;0
1659;0
1660;0
1661;1.19068909
1662;2.08457398
1663;2.97796297
1664;2.85884452
1665;2.63245368
1666;2.29884577
1667;1.76308632
1668;0.850087583
1669;0.851099908
1670;0.853386462
1671;0.852877259
1672;0.864744246
1673;0.891438901
1674;1.88952053
1675;2.00832057
1676;2.06265831
1677;2.08674788
1678;0
1679;0
1680;0
1681;0
1682;0
1683;0
1684;0
1685;1.09955561
1686;1.92422235
1687;2.74888921
1688;2.65198946
1689;2.58485055
1690;2.56352615
1691;1.96890116
1692;0.917472601
1693;0.883996487
1694;0.876408458
1695;0.903839529
1696;0.913660765
1697;0.936098337
1698;1.97912395
1699;2.05155683
1700;2.0701263
1701;2.12395597
1702;0
1703;0
1704;0
1705;0
1706;0
1707;0
1708;0
1709;1.11195815
1710;1.96812654
1711;2.85655928
1712;2.78422737
1713;2.74888921
1714;2.66087532
1715;2.11140656
1716;1.04451752
1717;1.04375482
1718;1.0687269
1719;1.08289564
1720;1.09955561
1721;1.09955561
1722;2.22824979
1723;2.28433442
1724;2.28707552
1725;2.28707552
1726;0
1727;0
1728;0
1729;0
1730;0
1731;0
1732;0
1733;1.14353776
1734;2.00119114
1735;2.88655543
1736;2.85884452
1737;2.84518766
1738;2.75524712
1739;2.19911122
1740;1.06792843
1741;1.05453503
1742;1.0339402
1743;1.02836132
1744;1.02357483
1745;1.03920197
1746;2.15274453
1747;2.22046161
1748;2.28707552
1749;2.28707552
1750;0
1751;0
1752;0
1753;0
1754;0
1755;0
1756;0
1757;1.19118512
1758;2.08457398
1759;2.97796297
1760;2.97796297
1761;2.85884452
1762;2.75418544
1763;2.11687851
1764;1.00734472
1765;0.944136202
1766;0.903839529
1767;0.893109798
1768;0.908146262
1769;0.954857886
1770;2.00832057
1771;2.07388067
1772;2.18817043
1773;2.19911122
1774;0
1775;0
1776;0
1777;0
1778;0
1779;0
1780;0
1781;1.14353776
1782;2.02631736
1783;2.90769386
1784;2.85884452
1785;2.74888921
1786;2.69600582
1787;2.06937718
1788;1.01233876
1789;0.992999136
1790;0.967132807
1791;0.941028535
1792;0.941028535
1793;0.979727387
1794;2.02970862
1795;2.15274453
1796;2.19911122
1797;2.19826555
1798;0
1799;0
1800;0
1801;0
1802;0
1803;0
1804;0
1805;1.19118512
1806;2.0387032
1807;2.90887713
1808;2.93154693
1809;2.89591241
1810;2.85884452
1811;2.28707552
1812;1.14353776
1813;1.14353776
1814;1.14353776
1815;1.14353776
1816;1.14353776
1817;1.14353776
1818;2.35102344
1819;2.38237023
1820;2.38237023
1821;2.38237023
1822;0
1823;0
1824;0
1825;0
1826;0
1827;0
1828;0
1829;1.24297595
1830;2.17520785
1831;3.10743976
1832;3.10743976
1833;3.10743976
1834;3.07270479
1835;2.38237023
1836;1.19118512
1837;1.19118512
1838;1.19118512
1839;1.19118512
1840;1.19118512
1841;1.19118512
1842;2.38237023
1843;2.42069817
1844;2.4859519
1845;2.4859519
1846;0
1847;0
1848;0
1849;0
1850;0
1851;0
1852;0
1853;1.24297595
1854;2.17520785
1855;3.10743976
1856;3.10743976
1857;3.10743976
1858;3.01693177
1859;2.38237023
1860;1.19118512
1861;1.19118512
1862;1.19118512
1863;1.19118512
1864;1.19118512
1865;1.19118512
1866;2.38237023
1867;2.38237023
1868;2.42172337
1869;2.4655838
1870;0
1871;0
1872;0
1873;0
1874;0
1875;0
1876;0
1877;1.24297595
1878;2.17520785
1879;3.10743976
1880;3.10743976
1881;3.10743976
1882;2.99292779
1883;2.38237023
1884;1.19118512
1885;1.19118512
1886;1.18231785
1887;1.19118512
1888;1.19118512
1889;1.19118512
1890;2.38237023
1891;2.38237023
1892;2.4859519
1893;2.4859519
1894;0
1895;0
1896;0
1897;0
1898;0
1899;0
1900;0
1901;1.24297595
1902;2.17520785
1903;3.10743976
1904;3.10743976
1905;3.10743976
1906;2.97796297
1907;2.38237023
1908;1.19118512
1909;1.16782868
1910;1.14353776
1911;1.14353776
1912;1.14353776
1913;1.15602279
1914;2.38237023
1915;2.38237023
1916;2.38237023
1917;2.38237023
1918;0
1919;0
1920;0
1921;0
1922;0
1923;0
1924;0
1925;1.24297595
1926;2.17520785
1927;3.10743976
1928;3.02843714
1929;2.97796297
1930;2.89591241
1931;2.28707552
1932;1.14353776
1933;1.14353776
1934;1.14353776
1935;1.14582956
1936;1.16213191
1937;1.18378651
1938;2.38237023
1939;2.38237023
1940;2.38237023
1941;2.38237023
1942;0
1943;0
1944;0
1945;0
1946;0
1947;0
1948;0
1949;1.19118512
1950;2.08457398
1951;2.97796297
1952;2.97796297
1953;2.97796297
1954;2.85998845
1955;2.28707552
1956;1.14353776
1957;1.12908554
1958;1.11152589
1959;1.09955561
1960;1.09955561
1961;1.09955561
1962;2.26982498
1963;2.28707552
1964;2.28707552
1965;2.34235525
1966;0
1967;0
1968;0
1969;0
1970;0
1971;0
1972;0
1973;1.19118512
1974;2.08457398
1975;2.97796297
1976;2.97796297
1977;2.85884452
1978;2.85427785
1979;2.19911122
1980;1.06792843
1981;1.02836132
1982;1.00029552
1983;0.9871701
1984;0.985808432
1985;0.997155368
1986;2.07915974
1987;2.19911122
1988;2.28707552
1989;2.35586691
1990;0
1991;0
1992;0
1993;0
1994;0
1995;0
1996;0
1997;1.24297595
1998;2.17520785
1999;3.10743976
2000;2.97796297
2001;2.85884452
2002;2.6949892
2003;2.03331757
2004;0.969757318
2005;0.918947101
2006;0.916590095
2007;0.918061793
2008;0.926391602
2009;0.962573886
2010;2.03548908
2011;2.17319989
2012;2.19911122
2013;2.28707552
2014;0
2015;0
2016;0
2017;0
2018;0
2019;0
2020;0
2021;1.19118512
2022;2.08457398
2023;2.97796297
2024;2.90296984
2025;2.75950265
2026;2.73626018
2027;2.1326704
2028;1.04757953
2029;1.02467549
2030;1.01919591
2031;1.02101588
2032;1.02836132
2033;1.04528129
2034;2.15193415
2035;2.19911122
2036;2.28707552
2037;2.28707552
2038;0
2039;0
2040;0
2041;0
2042;0
2043;0
2044;0
2045;1.21808457
2046;2.17520785
2047;3.06086135
2048;2.92914391
2049;2.78097725
2050;2.71237636
2051;2.09362483
2052;1.01629734
2053;0.991621435
2054;0.978386223
2055;0.985129058
2056;0.990247488
2057;1.01054955
2058;2.09823465
2059;2.18232417
2060;2.19911122
2061;2.21187186
2062;0
2063;0
2064;0
2065;0
2066;0
2067;0
2068;0
2069;1.09955561
2070;1.92422235
2071;2.74888921
2072;2.74361277
2073;2.69600582
2074;2.63536572
2075;2.02611232
2076;0.977048695
2077;0.932434618
2078;0.914830267
2079;0.941648364
2080;0.991277575
2081;0.999945641
2082;2.0196712
2083;2.046417
2084;2.01611042
2085;2.03187227
2086;0
2087;0
2088;0
2089;0
2090;0
2091;0
2092;0
2093;1.14859152
2094;2.0387032
2095;2.90651131
2096;2.85884452
2097;2.85199976
2098;2.74888921
2099;2.15031552
2100;1.03095722
2101;1.01810694
2102;1.01702046
2103;1.01557529
2104;1.01665878
2105;1.02138066
2106;2.0837059
2107;2.11296701
2108;2.28707552
2109;2.30459046
2110;0
2111;0
2112;0
2113;0
2114;0
2115;0
2116;0
2117;1.20677269
2118;2.14076948
2119;3.08997464
2120;3.02203441
2121;2.97796297
2122;2.85884452
2123;2.19911122
2124;1.00557315
2125;0.910750091
2126;0.872396886
2127;0.850340426
2128;0.841331542
2129;0.83812505
2130;1.69362831
2131;1.79632068
2132;2.02396059
2133;2.15680456
2134;0
2135;0
2136;0
2137;0
2138;0
2139;0
2140;0
2141;1.14353776
2142;2.00119114
2143;2.89005709
2144;2.86687183
2145;2.85884452
2146;2.74888921
2147;2.19911122
2148;1.06000912
2149;1.0361886
2150;1.01341522
2151;0.989561975
2152;0.976381361
2153;0.973058045
2154;2.14708543
2155;2.17568064
2156;2.19911122
2157;2.19911122
2158;0
2159;0
2160;0
2161;0
2162;0
2163;0
2164;0
2165;1.14353776
2166;2.00119114
2167;2.85884428
2168;2.88772178
2169;2.92914367
2170;2.76698065
2171;2.19911122
2172;1.09955561
2173;1.10679233
2174;1.09032977
2175;1.08371663
2176;1.07556224
2177;1.07677758
2178;2.18649673
2179;2.20845461
2180;2.27253127
2181;2.28707552
2182;0
2183;0
2184;0
2185;0
2186;0
2187;0
2188;0
2189;1.19118512
2190;2.08457398
2191;2.97796273
2192;2.97796273
2193;2.85884428
2194;2.74888897
2195;2.0701263
2196;0.956775308
2197;0.896470487
2198;0.861097753
2199;0.833482325
2200;0.81448561
2201;0.806216717
2202;1.62020087
2203;1.6911236
2204;1.78399038
2205;1.83318019
2206;0
2207;0
2208;0
2209;0
2210;0
2211;0
2212;0
2213;1.01992309
2214;1.86261272
2215;2.74888897
2216;2.74888897
2217;2.45436478
2218;2.15599108
2219;1.62342107
2220;0.794123471
2221;0.772034705
2222;0.760938108
2223;0.756308079
2224;0.752327502
2225;0.752327502
2226;1.52309239
2227;1.58165669
2228;1.63222635
2229;1.70422924
2230;0
2231;0
2232;0
2233;0
2234;0
2235;0
2236;0
2237;1.08044016
2238;1.92422235
2239;2.74888897
2240;2.74888897
2241;2.50073862
2242;2.18699837
2243;1.62665415
2244;0.794123471
2245;0.777282357
2246;0.761546195
2247;0.754511595
2248;0.794344127
2249;0.873463035
2250;1.78733647
2251;1.81111467
2252;1.8444159
2253;1.97365856
2254;0
2255;0
2256;0
2257;0
2258;0
2259;0
2260;0
2261;1.04337394
2262;1.84136105
2263;2.64023304
2264;2.62761426
2265;2.51570249
2266;2.40643454
2267;1.8378942
2268;0.895908654
2269;0.901275098
2270;0.949782252
2271;0.994380713
2272;0.999945641
2273;1.00557315
2274;2.03476477
2275;2.07689404
2276;2.14466953
2277;2.19911122
2278;0
2279;0
2280;0
2281;0
2282;0
2283;0
2284;0
2285;1.19118512
2286;2.08457398
2287;2.97796273
2288;2.97796273
2289;2.85884428
2290;2.74888897
2291;2.09056258
2292;0.981072247
2293;0.906706214
2294;0.874264359
2295;0.851860702
2296;0.839109004
2297;0.83567512
2298;1.68663394
2299;1.74532628
2300;1.85518789
2301;1.99779487
2302;0
2303;0
2304;0
2305;0
2306;0
2307;0
2308;0
2309;1.14353776
2310;2.01895809
2311;2.96683741
2312;2.8714788
2313;2.74888897
2314;2.45099831
2315;1.7077924
2316;0.794123471
2317;0.769333839
2318;0.752327502
2319;0.752327502
2320;0.752327502
2321;0.752327502
2322;1.504655
2323;1.51864254
2324;1.59134126
2325;1.67037368
2326;0
2327;0
2328;0
2329;0
2330;0
2331;0
2332;0
2333;1.14353776
2334;2.00119114
2335;2.85884428
2336;2.85884428
2337;2.51128292
2338;2.16513491
2339;1.59045589
2340;0.769955456
2341;0.752327502
2342;0.752327502
2343;0.752327502
2344;0.752327502
2345;0.752327502
2346;1.504655
2347;1.5098201
2348;1.58824694
2349;1.64585173
2350;0
2351;0
2352;0
2353;0
2354;0
2355;0
2356;0
2357;1.11325717
2358;1.98373425
2359;2.85884428
2360;2.74888897
2361;2.30032539
2362;2.06028008
2363;1.57859993
2364;0.75911963
2365;0.752327502
2366;0.752327502
2367;0.752327502
2368;0.752327502
2369;0.752327502
2370;1.504655
2371;1.504655
2372;1.58428621
2373;1.59622812
2374;0
2375;0
2376;0
2377;0
2378;0
2379;0
2380;0
2381;0.91278559
2382;1.6371001
2383;2.66087508
2384;2.43762326
2385;2.28196383
2386;2.17501855
2387;1.6856395
2388;0.818683982
2389;0.798783064
2390;0.794123471
2391;0.79148519
2392;0.794123471
2393;0.794123471
2394;1.60970974
2395;1.79858112
2396;2.03621387
2397;2.12553501
2398;0
2399;0
2400;0
2401;0
2402;0
2403;0
2404;0
2405;1.14353776
2406;2.01895809
2407;2.96683741
2408;2.85884428
2409;2.66285801
2410;2.39675093
2411;1.78065681
2412;0.854406595
2413;0.82625562
2414;0.801695049
2415;0.794123471
2416;0.794123471
2417;0.794123471
2418;1.58824694
2419;1.60880399
2420;1.69463217
2421;1.7442615
2422;0
2423;0
2424;0
2425;0
2426;0
2427;0
2428;0
2429;1.08330607
2430;1.92422235
2431;2.74888897
2432;2.69702291
2433;2.32653356
2434;2.12269402
2435;1.58824694
2436;0.781959653
2437;0.765010595
2438;0.756508172
2439;0.763172626
2440;0.759321272
2441;0.765830278
2442;1.56263709
2443;1.58604407
2444;1.64348626
2445;1.74532628
2446;0
2447;0
2448;0
2449;0
2450;0
2451;0
2452;0
2453;1.10465395
2454;1.92422235
2455;2.74888897
2456;2.67682052
2457;2.315979
2458;2.19573283
2459;1.74319792
2460;0.866054058
2461;0.882359445
2462;0.896751761
2463;0.936098337
2464;0.960633218
2465;0.957416117
2466;1.88702607
2467;1.87465215
2468;1.98668838
2469;2.05524397
2470;0
2471;0
2472;0
2473;0
2474;0
2475;0
2476;0
2477;1.14353776
2478;2.00119114
2479;2.85884428
2480;2.81050372
2481;2.43596148
2482;2.14177728
2483;1.6183666
2484;0.794123471
2485;0.790828347
2486;0.78003943
2487;0.768713236
2488;0.767887294
2489;0.768920004
2490;1.54992926
2491;1.58824694
2492;1.63549459
2493;1.70118678
2494;0
2495;0
2496;0
2497;0
2498;0
2499;0
2500;0
2501;1.09955561
2502;1.97746158
2503;2.85884428
2504;2.70826483
2505;2.29589176
2506;2.16710472
2507;1.65586126
2508;0.795449257
2509;0.792143106
2510;0.774125218
2511;0.764396906
2512;0.761952162
2513;0.769540966
2514;1.55329776
2515;1.58824694
2516;1.59756613
2517;1.64159894
2518;0
2519;0
2520;0
2521;0
2522;0
2523;0
2524;0
2525;0.955496132
2526;1.66877186
2527;2.4113059
2528;2.34639239
2529;2.18632936
2530;2.097157
2531;1.6224997
2532;0.794123471
2533;0.794123471
2534;0.791704357
2535;0.78303057
2536;0.78582859
2537;0.794123471
2538;1.58824694
2539;1.58824694
2540;1.64395893
2541;1.73105931
2542;0
2543;0
2544;0
2545;0
2546;0
2547;0
2548;0
2549;1.08825445
2550;1.92422235
2551;2.74888897
2552;2.53533554
2553;2.19573283
2554;2.05553961
2555;1.58824694
2556;0.779826701
2557;0.760330975
2558;0.752327502
2559;0.752327502
2560;0.752327502
2561;0.752327502
2562;1.504655
2563;1.51703072
2564;1.58824694
2565;1.60744703
2566;0
2567;0
2568;0
2569;0
2570;0
2571;0
2572;0
2573;1.09955561
2574;1.92422235
2575;2.74888897
2576;2.56077075
2577;2.11891818
2578;1.98530865
2579;1.52675271
2580;0.752327502
2581;0.752327502
2582;0.752327502
2583;0.752327502
2584;0.752327502
2585;0.752327502
2586;1.504655
2587;1.504655
2588;1.5415715
2589;1.58824694
2590;0
2591;0
2592;0
2593;0
2594;0
2595;0
2596;0
2597;0.900139928
2598;1.60044086
2599;2.33718467
2600;2.24964142
2601;2.04964471
2602;1.98530865
2603;1.51904595
2604;0.752327502
2605;0.752327502
2606;0.752327502
2607;0.752327502
2608;0.752327502
2609;0.752327502
2610;1.504655
2611;1.504655
2612;1.504655
2613;1.56349158
2614;0
2615;0
2616;0
2617;0
2618;0
2619;0
2620;0
2621;1.04796362
2622;1.87799466
2623;2.70621395
2624;2.4790535
2625;2.08127856
2626;1.98530865
2627;1.50584388
2628;0.752327502
2629;0.752327502
2630;0.752327502
2631;0.752327502
2632;0.752327502
2633;0.752327502
2634;1.504655
2635;1.504655
2636;1.504655
2637;1.504655
2638;0
2639;0
2640;0
2641;0
2642;0
2643;0
2644;0
2645;0.908434868
2646;1.63602936
2647;2.36034036
2648;2.16382408
2649;1.96349204
2650;1.88081872
2651;1.504655
2652;0.752327502
2653;0.752327502
2654;0.752327502
2655;0.752327502
2656;0.752327502
2657;0.752327502
2658;1.504655
2659;1.504655
2660;1.504655
2661;1.504655
2662;0
2663;0
2664;0
2665;0
2666;0
2667;0
2668;0
2669;0.906706214
2670;1.59941745
2671;2.29884553
2672;2.12648344
2673;1.97488558
2674;1.88081872
2675;1.504655
2676;0.752327502
2677;0.752327502
2678;0.752327502
2679;0.752327502
2680;0.752327502
2681;0.752327502
2682;1.504655
2683;1.504655
2684;1.504655
2685;1.504655
2686;0
2687;0
2688;0
2689;0
2690;0
2691;0
2692;0
2693;0.887564301
2694;1.5683316
2695;2.2376678
2696;2.0953126
2697;1.91868758
2698;1.88081872
2699;1.504655
2700;0.752723694
2701;0.753120244
2702;0.787994623
2703;0.776227117
2704;0.782601833
2705;0.785181105
2706;1.58297038
2707;1.58824694
2708;1.61882472
2709;1.67575884
2710;0
2711;0
2712;0
2713;0
2714;0
2715;0
2716;0
2717;0.934262931
2718;1.6743567
2719;2.36190057
2720;2.268924
2721;2.13346601
2722;2.04028296
2723;1.58824694
2724;0.790172637
2725;0.768920004
2726;0.764601409
2727;0.758314192
2728;0.758314192
2729;0.752921939
2730;1.51542246
2731;1.53991091
2732;1.58824694
2733;1.63830626
2734;0
2735;0
2736;0
2737;0
2738;0
2739;0
2740;0
2741;0.982420743
2742;1.6081574
2743;2.22998786
2744;2.10953689
2745;1.98530865
2746;1.94744158
2747;1.52716053
2748;0.752327502
2749;0.752327502
2750;0.752327502
2751;0.767681122
2752;0.769955456
2753;0.782387674
2754;1.58824694
2755;1.61745083
2756;1.65730119
2757;1.67969716
2758;0
2759;0
2760;0
2761;0
2762;0
2763;0
2764;0
2765;0.994035006
2766;1.76658821
2767;2.55071759
2768;2.55071759
2769;2.52280664
2770;2.46282268
2771;1.86001599
2772;0.894506991
2773;0.863177657
2774;0.847065032
2775;0.839848578
2776;0.844313204
2777;0.84756732
2778;1.7185719
2779;1.74001491
2780;1.79181731
2781;1.84382105
2782;0
2783;0
2784;0
2785;0
2786;0
2787;0
2788;0
2789;1.12067592
2790;2.00119114
2791;2.85884428
2792;2.70110011
2793;2.50161409
2794;2.26031351
2795;1.70321393
2796;0.810100436
2797;0.794123471
2798;0.771617949
2799;0.752327502
2800;0.752327502
2801;0.752327502
2802;1.504655
2803;1.504655
2804;1.5419873
2805;1.58824694
2806;0
2807;0
2808;0
2809;0
2810;0
2811;0
2812;0
2813;1.03844702
2814;1.78805506
2815;2.48422337
2816;2.30477619
2817;2.14306164
2818;2.07885718
2819;1.63129497
2820;0.801021159
2821;0.794123471
2822;0.786910176
2823;0.773078561
2824;0.769333839
2825;0.779826701
2826;1.58121932
2827;1.58824694
2828;1.61197889
2829;1.59667385
2830;0
2831;0
2832;0
2833;0
2834;0
2835;0
2836;0
2837;1.00947905
2838;1.82723808
2839;2.61607289
2840;2.27687526
2841;2.08857727
2842;1.98530865
2843;1.53495014
2844;0.752327502
2845;0.752327502
2846;0.752327502
2847;0.752327502
2848;0.752327502
2849;0.752327502
2850;1.504655
2851;1.504655
2852;1.504655
2853;1.504655
2854;0
2855;0
2856;0
2857;0
2858;0
2859;0
2860;0
2861;0.913077116
2862;1.64571643
2863;2.41456437
2864;2.36346269
2865;2.26174402
2866;2.16120696
2867;1.67477703
2868;0.814021766
2869;0.798559964
2870;0.794123471
2871;0.793902934
2872;0.794123471
2873;0.794123471
2874;1.66696465
2875;1.67920387
2876;1.69212461
2877;1.70473731
2878;0
2879;0
2880;0
2881;0
2882;0
2883;0
2884;0
2885;0.907281637
2886;1.60044086
2887;2.30551982
2888;2.34331536
2889;2.38237047
2890;2.08918786
2891;1.61334348
2892;0.794123471
2893;0.784534693
2894;0.775595367
2895;0.769955456
2896;0.770162821
2897;0.776648879
2898;1.56520367
2899;1.58824694
2900;1.58912981
2901;1.61471033
2902;0
2903;0
2904;0
2905;0
2906;0
2907;0
2908;0
2909;0.913952827
2910;1.61334336
2911;2.39675117
2912;2.1579442
2913;2.05199862
2914;1.98530877
2915;1.56178343
2916;0.768300056
2917;0.758314192
2918;0.752327502
2919;0.752327502
2920;0.752327502
2921;0.758918107
2922;1.53908193
2923;1.57468712
2924;1.58824694
2925;1.64632559
2926;0
2927;0
2928;0
2929;0
2930;0
2931;0
2932;0
2933;1.09955561
2934;1.92570353
2935;2.74888921
2936;2.49028277
2937;2.23766804
2938;2.14434791
2939;1.64917481
2940;0.797446132
2941;0.794123471
2942;0.786477149
2943;0.773706198
2944;0.773915648
2945;0.779826701
2946;1.55625725
2947;1.58165669
2948;1.59667385
2949;1.61152458
2950;0
2951;0
2952;0
2953;0
2954;0
2955;0
2956;0
2957;1.07962406
2958;1.92422235
2959;2.74888921
2960;2.39193821
2961;2.12332487
2962;2.01554179
2963;1.58824694
2964;0.771617949
2965;0.755708277
2966;0.752327502
2967;0.752327502
2968;0.752327502
2969;0.752327502
2970;1.504655
2971;1.50822723
2972;1.53701317
2973;1.54532135
2974;0
2975;0
2976;0
2977;0
2978;0
2979;0
2980;0
2981;0.962573886
2982;1.65661514
2983;2.29515457
2984;2.23836875
2985;2.25817108
2986;2.20930791
2987;1.73263311
2988;0.848825574
2989;0.827451408
2990;0.816346228
2991;0.82625562
2992;0.845561802
2993;0.841827035
2994;1.64869928
2995;1.64869928
2996;1.70169306
2997;1.77347672
2998;0
2999;0
3000;0
3001;0
3002;0
3003;0
3004;0
3005;1.08949864
3006;1.87237203
3007;2.57553554
3008;2.50775838
3009;2.41456461
3010;2.28415203
3011;1.75766647
3012;0.850087583
3013;0.82889086
3014;0.814021766
3015;0.82079947
3016;0.824112058
3017;0.826016903
3018;1.70626342
3019;1.76417434
3020;1.79125607
3021;1.97502208
3022;0
3023;0
3024;0
3025;0
3026;0
3027;0
3028;0
3029;1.09955561
3030;1.92422235
3031;2.65297389
3032;2.53893828
3033;2.40643477
3034;2.27253151
3035;1.75281692
3036;0.86500591
3037;0.854406595
3038;0.840589404
3039;0.837633908
3040;0.825778365
3041;0.824112058
3042;1.65778172
3043;1.69563735
3044;1.73105931
3045;1.7751286
3046;0
3047;0
3048;0
3049;0
3050;0
3051;0
3052;0
3053;1.11717248
3054;1.97746158
3055;2.74888921
3056;2.478194
3057;2.17700624
3058;2.03853726
3059;1.58824694
3060;0.777916908
3061;0.754710853
3062;0.752327502
3063;0.752327502
3064;0.752327502
3065;0.752921939
3066;1.51502097
3067;1.58078206
3068;1.60564148
3069;1.61061668
3070;0
3071;0
3072;0
3073;0
3074;0
3075;0
3076;0
3077;0.895628035
3078;1.57425356
3079;2.23626757
3080;2.17899752
3081;2.04203176
3082;1.98530877
3083;1.56050467
3084;0.778128624
3085;0.794123471
3086;0.785181105
3087;0.764805913
3088;0.760330975
3089;0.762968898
3090;1.53825366
3091;1.53701317
3092;1.57165718
3093;1.58824694
3094;0
3095;0
3096;0
3097;0
3098;0
3099;0
3100;0
3101;0.906993806
3102;1.59533739
3103;2.20999122
3104;2.06802988
3105;1.92126644
3106;1.88081884
3107;1.504655
3108;0.752327502
3109;0.752327502
3110;0.752327502
3111;0.752327502
3112;0.752327502
3113;0.752327502
3114;1.504655
3115;1.504655
3116;1.504655
3117;1.504655
3118;0
3119;0
3120;0
3121;0
3122;0
3123;0
3124;0
3125;0.803723514
3126;1.41727424
3127;2.00143123
3128;1.94162226
3129;1.88081884
3130;1.88081884
3131;1.504655
3132;0.752327502
3133;0.752327502
3134;0.752327502
3135;0.752327502
3136;0.752327502
3137;0.752327502
3138;1.504655
3139;1.504655
3140;1.504655
3141;1.504655
3142;0
3143;0
3144;0
3145;0
3146;0
3147;0
3148;0
3149;0.888667881
3150;1.59890628
3151;2.33565736
3152;2.35257125
3153;2.2446959
3154;2.25176787
3155;1.8226614
3156;0.920426428
3157;0.915416121
3158;0.906131387
3159;0.888667881
3160;0.87587148
3161;0.862656713
3162;1.72739851
3163;1.7479943
3164;1.7856617
3165;1.82557118
3166;0
3167;0
3168;0
3169;0
3170;0
3171;0
3172;0
3173;1.09955561
3174;1.92422235
3175;2.74888921
3176;2.72374654
3177;2.62858105
3178;2.52995086
3179;1.97638738
3180;0.923399389
3181;0.904984057
3182;0.884817243
3183;0.872396886
3184;0.864744246
3185;0.866841912
3186;1.74107468
3187;1.74585915
3188;1.8025502
3189;1.98255515
3190;0
3191;0
3192;0
3193;0
3194;0
3195;0
3196;0
3197;1.15369034
3198;2.03455782
3199;2.85884452
3200;2.74888921
3201;2.62858105
3202;2.45436502
3203;1.82732153
3204;0.886463463
3205;0.86161679
3206;0.841579199
3207;0.825778365
3208;0.816579401
3209;0.813558519
3210;1.63409233
3211;1.64727426
3212;1.68713164
3213;1.7745775
3214;0
3215;0
3216;0
3217;0
3218;0
3219;0
3220;0
3221;1.13671744
3222;2.00119114
3223;2.74888921
3224;2.5059998
3225;2.23556805
3226;2.14370465
3227;1.70068085
3228;0.857996523
3229;0.856967807
3230;0.900139928
3231;0.893947661
3232;0.892830849
3233;0.896189511
3234;1.82034028
3235;2.09592724
3236;2.19068551
3237;2.19911122
3238;0
3239;0
3240;0
3241;0
3242;0
3243;0
3244;0
3245;1.14353776
3246;2.00119114
3247;2.85884452
3248;2.85884452
3249;2.85884452
3250;2.85884452
3251;2.28068972
3252;1.09955561
3253;1.07112944
3254;1.00239992
3255;0.977716982
3256;0.945385098
3257;0.97173506
3258;2.05008578
3259;2.04495311
3260;2.09056258
3261;2.19911122
3262;0
3263;0
3264;0
3265;0
3266;0
3267;0
3268;0
3269;1.19118512
3270;2.08457398
3271;2.96683764
3272;2.80829525
3273;2.74888921
3274;2.64609838
3275;2.01895809
3276;0.960633218
3277;0.900991082
3278;0.879373908
3279;0.861357212
3280;0.849329948
3281;0.844812214
3282;1.70017517
3283;1.73315823
3284;1.79069495
3285;1.86243927
3286;0
3287;0
3288;0
3289;0
3290;0
3291;0
3292;0
3293;1.08003187
3294;1.92422235
3295;2.74888921
3296;2.74888921
3297;2.55893707
3298;2.27036572
3299;1.70422924
3300;0.794123471
3301;0.777705252
3302;0.752327502
3303;0.752327502
3304;0.752327502
3305;0.757510483
3306;1.5596534
3307;1.58824694
3308;1.58824694
3309;1.64301407
3310;0
3311;0
3312;0
3313;0
3314;0
3315;0
3316;0
3317;1.05027342
3318;1.84952974
3319;2.52280664
3320;2.2147851
3321;2.0800674
3322;1.98530877
3323;1.5554105
3324;0.752327502
3325;0.752327502
3326;0.752327502
3327;0.752327502
3328;0.752327502
3329;0.752327502
3330;1.504655
3331;1.504655
3332;1.504655
3333;1.50624049
3334;0
3335;0
3336;0
3337;0
3338;0
3339;0
3340;0
3341;1.01162231
3342;1.78232205
3343;2.35878277
3344;2.10891461
3345;1.98530877
3346;1.93583739
3347;1.504655
3348;0.752327502
3349;0.752327502
3350;0.752327502
3351;0.752327502
3352;0.752327502
3353;0.752327502
3354;1.504655
3355;1.56950009
3356;1.58824694
3357;1.504655
3358;0
3359;0
3360;0
3361;0
3362;0
3363;0
3364;0
3365;0.855429232
3366;1.4952116
3367;2.11829019
3368;2.04671001
3369;1.98530877
3370;1.89931214
3371;1.504655
3372;0.752327502
3373;0.752327502
3374;0.752327502
3375;0.752327502
3376;0.752327502
3377;0.752327502
3378;1.504655
3379;1.52512372
3380;1.55583382
3381;1.56434727
3382;0
3383;0
3384;0
3385;0
3386;0
3387;0
3388;0
3389;0.863960266
3390;1.51605392
3391;2.15924811
3392;2.12585115
3393;2.03563428
3394;1.98530877
3395;1.58165669
3396;0.775385022
3397;0.773078561
3398;0.752327502
3399;0.752327502
3400;0.752327502
3401;0.752327502
3402;1.504655
3403;1.504655
3404;1.5255307
3405;1.53453815
3406;0
3407;0
3408;0
3409;0
3410;0
3411;0
3412;0
3413;0.868949711
3414;1.53701305
3415;2.12585115
3416;1.98530877
3417;1.98530877
3418;1.91560209
3419;1.504655
3420;0.752327502
3421;0.752327502
3422;0.752327502
3423;0.752327502
3424;0.752327502
3425;0.752327502
3426;1.504655
3427;1.504655
3428;1.504655
3429;1.504655
3430;0
3431;0
3432;0
3433;0
3434;0
3435;0
3436;0
3437;0.846814156
3438;1.49431837
3439;2.04378366
3440;1.98530877
3441;1.97107327
3442;1.88081884
3443;1.504655
3444;0.752327502
3445;0.752327502
3446;0.752327502
3447;0.752327502
3448;0.752327502
3449;0.752327502
3450;1.504655
3451;1.504655
3452;1.504655
3453;1.504655
3454;0
3455;0
3456;0
3457;0
3458;0
3459;0
3460;0
3461;0.848070145
3462;1.51147366
3463;2.14306188
3464;2.04495335
3465;1.98530877
3466;1.92385232
3467;1.504655
3468;0.752327502
3469;0.752327502
3470;0.752327502
3471;0.752327502
3472;0.752327502
3473;0.752327502
3474;1.504655
3475;1.504655
3476;1.504655
3477;1.55414212
3478;0
3479;0
3480;0
3481;0
3482;0
3483;0
3484;0
3485;0.908723652
3486;1.6117841
3487;2.25674486
3488;2.11954665
3489;2.0212419
3490;1.98530877
3491;1.5255307
3492;0.752327502
3493;0.752327502
3494;0.752327502
3495;0.752327502
3496;0.752327502
3497;0.752327502
3498;1.504655
3499;1.504655
3500;1.504655
3501;1.56606114
3502;0
3503;0
3504;0
3505;0
3506;0
3507;0
3508;0
3509;0.98039937
3510;1.76971269
3511;2.40643477
3512;2.14177752
3513;2.02410388
3514;1.97652423
3515;1.52675271
3516;0.752327502
3517;0.752327502
3518;0.752327502
3519;0.752327502
3520;0.752327502
3521;0.752327502
3522;1.504655
3523;1.504655
3524;1.53166056
3525;1.58824694
3526;0
3527;0
3528;0
3529;0
3530;0
3531;0
3532;0
3533;0.913077116
3534;1.6822387
3535;2.27542543
3536;2.03911877
3537;1.98530877
3538;1.92437029
3539;1.504655
3540;0.752327502
3541;0.752327502
3542;0.752327502
3543;0.752327502
3544;0.752327502
3545;0.752327502
3546;1.504655
3547;1.504655
3548;1.504655
3549;1.53371477
3550;0
3551;0
3552;0
3553;0
3554;0
3555;0
3556;0
3557;0.885639608
3558;1.5767343
3559;2.17039514
3560;2.00311422
3561;1.96673393
3562;1.90335858
3563;1.504655
3564;0.752327502
3565;0.752327502
3566;0.752327502
3567;0.752327502
3568;0.752327502
3569;0.752327502
3570;1.504655
3571;1.504655
3572;1.504655
3573;1.50822723
3574;0
3575;0
3576;0
3577;0
3578;0
3579;0
3580;0
3581;0.921316326
3582;1.60660815
3583;2.18900824
3584;1.98530877
3585;1.90844095
3586;1.88081884
3587;1.504655
3588;0.752327502
3589;0.752327502
3590;0.752327502
3591;0.752327502
3592;0.752327502
3593;0.752327502
3594;1.504655
3595;1.504655
3596;1.504655
3597;1.52309239
3598;0
3599;0
3600;0
3601;0
3602;0
3603;0
3604;0
3605;0.899856627
3606;1.59788489
3607;2.18032694
3608;1.98530877
3609;1.95116341
3610;1.88081884
3611;1.504655
3612;0.752327502
3613;0.752327502
3614;0.752327502
3615;0.752327502
3616;0.752327502
3617;0.752327502
3618;1.504655
3619;1.51622629
3620;1.5432359
3621;1.5712254
3622;0
3623;0
3624;0
3625;0
3626;0
3627;0
3628;0
3629;0.890605748
3630;1.59127796
3631;2.33871436
3632;2.44429231
3633;2.51128292
3634;2.32199836
3635;1.8734237
3636;0.930613458
3637;0.931219637
3638;0.925791681
3639;0.921910524
3640;0.901843667
3641;0.892273545
3642;1.77678347
3643;1.7778883
3644;1.78845453
3645;1.82966053
3646;0
3647;0
3648;0
3649;0
3650;0
3651;0
3652;0
3653;1.04604626
3654;1.85708165
3655;2.67581844
3656;2.67882729
3657;2.65297365
3658;2.60653186
3659;2.03984618
3660;0.992309809
3661;0.925791681
3662;0.878833234
3663;0.845561802
3664;0.843068242
3665;0.839601934
3666;1.68266308
3667;1.70473731
3668;1.73948562
3669;1.77402699
3670;0
3671;0
3672;0
3673;0
3674;0
3675;0
3676;0
3677;1.07193267
3678;1.89291644
3679;2.69600558
3680;2.65297365
3681;2.66683245
3682;2.66186643
3683;2.10518742
3684;1.03920197
3685;1.00099599
3686;0.991277575
3687;0.999945641
3688;0.995766103
3689;0.973058045
3690;1.88205707
3691;1.87711394
3692;1.89578545
3693;2.09132743
3694;0
3695;0
3696;0
3697;0
3698;0
3699;0
3700;0
3701;1.06952655
3702;1.90227282
3703;2.59800482
3704;2.51570249
3705;2.31447911
3706;2.19775844
3707;1.67428672
3708;0.812633455
3709;0.794123471
3710;0.794123471
3711;0.783889413
3712;0.78003943
3713;0.775805831
3714;1.55668104
3715;1.58034527
3716;1.58824694
3717;1.62157941
3718;0
3719;0
3720;0
3721;0
3722;0
3723;0
3724;0
3725;1.07313979
3726;1.89291644
3727;2.55619121
3728;2.2327745
3729;2.072227
3730;1.98530865
3731;1.57425356
3732;0.763580263
3733;0.752327502
3734;0.752327502
3735;0.752327502
3736;0.752327502
3737;0.752327502
3738;1.504655
3739;1.504655
3740;1.53536224
3741;1.58824694
3742;0
3743;0
3744;0
3745;0
3746;0
3747;0
3748;0
3749;1.05922365
3750;1.89220035
3751;2.54889846
3752;2.197083
3753;1.99807394
3754;1.94004095
3755;1.504655
3756;0.752327502
3757;0.752327502
3758;0.752327502
3759;0.752327502
3760;0.752327502
3761;0.752327502
3762;1.504655
3763;1.504655
3764;1.504655
3765;1.53371477
3766;0
3767;0
3768;0
3769;0
3770;0
3771;0
3772;0
3773;0.994035006
3774;1.77159286
3775;2.29662943
3776;2.097157
3777;1.98200524
3778;1.89227188
3779;1.504655
3780;0.752327502
3781;0.752327502
3782;0.752327502
3783;0.752327502
3784;0.752327502
3785;0.752327502
3786;1.504655
3787;1.504655
3788;1.504655
3789;1.51622629
3790;0
3791;0
3792;0
3793;0
3794;0
3795;0
3796;0
3797;0.958057821
3798;1.71569896
3799;2.234869
3800;2.04028296
3801;1.92023408
3802;1.88081872
3803;1.504655
3804;0.752327502
3805;0.752327502
3806;0.752327502
3807;0.752327502
3808;0.752327502
3809;0.752327502
3810;1.504655
3811;1.504655
3812;1.504655
3813;1.504655
3814;0
3815;0
3816;0
3817;0
3818;0
3819;0
3820;0
3821;0.832269132
3822;1.47103143
3823;2.12206388
3824;1.9958421
3825;1.98530865
3826;1.98530865
3827;1.58824694
3828;0.794123471
3829;0.775174797
3830;0.755109489
3831;0.752327502
3832;0.752327502
3833;0.752327502
3834;1.504655
3835;1.504655
3836;1.52961183
3837;1.58824694
3838;0
3839;0
3840;0
3841;0
3842;0
3843;0
3844;0
3845;0.905270576
3846;1.57772875
3847;2.19303799
3848;2.14306164
3849;2.12080455
3850;2.10271001
3851;1.65490282
3852;0.81448561
3853;0.80147028
3854;0.80124563
3855;0.794123471
3856;0.808039665
3857;0.820328355
3858;1.6733067
3859;1.67526782
3860;1.6831584
3861;1.71137047
3862;0
3863;0
3864;0
3865;0
3866;0
3867;0
3868;0
3869;0.897314727
3870;1.57326341
3871;2.22443533
3872;2.19034958
3873;2.19978786
3874;2.17369556
3875;1.71342206
3876;0.833968639
3877;0.822215855
3878;0.805535197
3879;0.794123471
3880;0.788864374
3881;0.777705252
3882;1.55456471
3883;1.56606114
3884;1.58824694
3885;1.58824694
3886;0
3887;0
3888;0
3889;0
3890;0
3891;0
3892;0
3893;1.01233876
3894;1.77473497
3895;2.29441762
3896;2.14950705
3897;2.05968618
3898;1.98530865
3899;1.51944959
3900;0.752327502
3901;0.752327502
3902;0.752327502
3903;0.752327502
3904;0.752327502
3905;0.752327502
3906;1.504655
3907;1.504655
3908;1.504655
3909;1.504655
3910;0
3911;0
3912;0
3913;0
3914;0
3915;0
3916;0
3917;0.915416121
3918;1.6081574
3919;2.17039514
3920;1.98530865
3921;1.88827229
3922;1.88081872
3923;1.504655
3924;0.752327502
3925;0.752327502
3926;0.752327502
3927;0.752327502
3928;0.752327502
3929;0.752327502
3930;1.504655
3931;1.504655
3932;1.504655
3933;1.504655
3934;0
3935;0
3936;0
3937;0
3938;0
3939;0
3940;0
3941;0.977716982
3942;1.74016619
3943;2.40805626
3944;2.28415179
3945;2.25460911
3946;2.19911098
3947;1.7154783
3948;0.823162794
3949;0.794123471
3950;0.794123471
3951;0.790828347
3952;0.783674479
3953;0.782816172
3954;1.55329776
3955;1.55161166
3956;1.57079375
3957;1.59845924
3958;0
3959;0
3960;0
3961;0
3962;0
3963;0
3964;0
3965;0.989561975
3966;1.74746001
3967;2.28342199
3968;2.07403088
3969;1.98530865
3970;1.95276248
3971;1.504655
3972;0.752327502
3973;0.752327502
3974;0.752327502
3975;0.752327502
3976;0.752327502
3977;0.752327502
3978;1.504655
3979;1.504655
3980;1.504655
3981;1.53248167
3982;0
3983;0
3984;0
3985;0
3986;0
3987;0
3988;0
3989;0.848070145
3990;1.49834621
3991;2.14886069
3992;2.05023265
3993;1.98035777
3994;1.90793145
3995;1.504655
3996;0.752327502
3997;0.752327502
3998;0.752327502
3999;0.752327502
4000;0.752327502
4001;0.752327502
4002;1.504655
4003;1.504655
4004;1.504655
4005;1.504655
4006;0
4007;0
4008;0
4009;0
4010;0
4011;0
4012;0
4013;0.851606965
4014;1.50104344
4015;2.03505421
4016;1.90589631
4017;1.88081872
4018;1.88081872
4019;1.504655
4020;0.752327502
4021;0.752327502
4022;0.752327502
4023;0.752327502
4024;0.752327502
4025;0.752327502
4026;1.504655
4027;1.504655
4028;1.504655
4029;1.504655
4030;0
4031;0
4032;0
4033;0
4034;0
4035;0
4036;0
4037;0.759522974
4038;1.31657314
4039;1.88777363
4040;1.88081872
4041;1.88081872
4042;1.88081872
4043;1.504655
4044;0.752327502
4045;0.752327502
4046;0.752327502
4047;0.752327502
4048;0.752327502
4049;0.752327502
4050;1.504655
4051;1.504655
4052;1.504655
4053;1.504655
4054;0
4055;0
4056;0
4057;0
4058;0
4059;0
4060;0
4061;0.752327502
4062;1.31657314
4063;1.88081872
4064;1.88081872
4065;1.88081872
4066;1.88081872
4067;1.504655
4068;0.752327502
4069;0.752327502
4070;0.752327502
4071;0.752327502
4072;0.752327502
4073;0.752327502
4074;1.504655
4075;1.504655
4076;1.504655
4077;1.504655
4078;0
4079;0
4080;0
4081;0
4082;0
4083;0
4084;0
4085;0.754710853
4086;1.34669662
4087;1.88081872
4088;1.88081872
4089;1.88081872
4090;1.88081872
4091;1.504655
4092;0.752327502
4093;0.752327502
4094;0.752327502
4095;0.752327502
4096;0.752327502
4097;0.752327502
4098;1.504655
4099;1.504655
4100;1.504655
4101;1.504655
4102;0
4103;0
4104;0
4105;0
4106;0
4107;0
4108;0
4109;0.824587405
4110;1.45013845
4111;2.03911853
4112;1.98530865
4113;1.98035777
4114;1.93846238
4115;1.51261616
4116;0.752327502
4117;0.752327502
4118;0.752327502
4119;0.752327502
4120;0.752327502
4121;0.752327502
4122;1.504655
4123;1.504655
4124;1.504655
4125;1.53866768
4126;0
4127;0
4128;0
4129;0
4130;0
4131;0
4132;0
4133;0.841579199
4134;1.45562351
4135;2.06325364
4136;2.02467728
4137;1.98530865
4138;1.98530865
4139;1.55795336
4140;0.76134342
4141;0.752327502
4142;0.752327502
4143;0.752327502
4144;0.752327502
4145;0.752327502
4146;1.504655
4147;1.504655
4148;1.504655
4149;1.504655
4150;0
4151;0
4152;0
4153;0
4154;0
4155;0
4156;0
4157;0.816812694
4158;1.41807771
4159;2.01440573
4160;2.0047996
4161;2.01157069
4162;1.99250376
4163;1.58824694
4164;0.794123471
4165;0.783889413
4166;0.783674479
4167;0.777705252
4168;0.772869587
4169;0.78003943
4170;1.56178343
4171;1.57425356
4172;1.58824694
4173;1.61061668
4174;0
4175;0
4176;0
4177;0
4178;0
4179;0
4180;0
4181;0.918356776
4182;1.60609245
4183;2.28196383
4184;2.25176787
4185;2.16120696
4186;2.17435694
4187;1.74959874
4188;0.856197834
4189;0.820328355
4190;0.794123471
4191;0.794123471
4192;0.794123471
4193;0.794123471
4194;1.58824694
4195;1.62711704
4196;1.67772567
4197;1.72687685
4198;0
4199;0
4200;0
4201;0
4202;0
4203;0
4204;0
4205;0.958700418
4206;1.71100473
4207;2.40643454
4208;2.32956672
4209;2.28927326
4210;2.2327745
4211;1.72635531
4212;0.845561802
4213;0.823637128
4214;0.8091833
4215;0.8091833
4216;0.81471771
4217;0.846062303
4218;1.69513464
4219;1.68962443
4220;1.71444952
4221;1.80996811
4222;0
4223;0
4224;0
4225;0
4226;0
4227;0
4228;0
4229;1.02836132
4230;1.81596279
4231;2.53174329
4232;2.4756186
4233;2.3310864
4234;2.25745773
4235;1.77237725
4236;0.865267754
4237;0.848825574
4238;0.851099908
4239;0.846062303
4240;0.829612434
4241;0.82889086
4242;1.65251124
4243;1.66599333
4244;1.69062364
4245;1.75658643
4246;0
4247;0
4248;0
4249;0
4250;0
4251;0
4252;0
4253;1.05570328
4254;1.86747968
4255;2.54436135
4256;2.35102344
4257;2.21684575
4258;2.17303467
4259;1.71239567
4260;0.848070145
4261;0.840836585
4262;0.834942877
4263;0.85671103
4264;0.870802462
4265;0.866579115
4266;1.71753955
4267;1.69212461
4268;1.71290863
4269;1.81629252
4270;0
4271;0
4272;0
4273;0
4274;0
4275;0
4276;0
4277;1.09955561
4278;1.92422235
4279;2.60748315
4280;2.4293375
4281;2.23556805
4282;2.15599108
4283;1.68068469
4284;0.836163938
4285;0.825063348
4286;0.806216717
4287;0.794564903
4288;0.794123471
4289;0.794123471
4290;1.58824694
4291;1.58824694
4292;1.60383987
4293;1.63409233
4294;0
4295;0
4296;0
4297;0
4298;0
4299;0
4300;0
4301;0.934873939
4302;1.61908674
4303;2.28488207
4304;2.28050756
4305;2.23207712
4306;2.20114279
4307;1.75013435
4308;0.871333241
4309;0.862396538
4310;0.859544337
4311;0.859802842
4312;0.853641272
4313;0.841579199
4314;1.62897122
4315;1.60835135
4316;1.61562276
4317;1.6787107
4318;0
4319;0
4320;0
4321;0
4322;0
4323;0
4324;0
4325;1.00663543
4326;1.78613985
4327;2.4807744
4328;2.26389313
4329;2.19236541
4330;2.11829019
4331;1.64112771
4332;0.802370071
4333;0.794123471
4334;0.794123471
4335;0.794123471
4336;0.794123471
4337;0.794123471
4338;1.62758017
4339;1.64585173
4340;1.66453826
4341;1.68365407
4342;0
4343;0
4344;0
4345;0
4346;0
4347;0
4348;0
4349;0.930007994
4350;1.66988587
4351;2.44931841
4352;2.49028277
4353;2.52369761
4354;1.95650458
4355;1.51301634
4356;0.752327502
4357;0.752327502
4358;0.752327502
4359;0.752327502
4360;0.752327502
4361;0.752327502
4362;1.504655
4363;1.504655
4364;1.504655
4365;1.504655
4366;0
4367;0
4368;0
4369;0
4370;0
4371;0
4372;0
4373;0.892830849
4374;1.57375836
4375;2.17039514
4376;1.98530877
4377;1.91150355
4378;1.88081884
4379;1.504655
4380;0.752327502
4381;0.752327502
4382;0.752327502
4383;0.752327502
4384;0.752327502
4385;0.752327502
4386;1.504655
4387;1.504655
4388;1.504655
4389;1.504655
4390;0
4391;0
4392;0
4393;0
4394;0
4395;0
4396;0
4397;0.791266143
4398;1.38971615
4399;1.98090672
4400;1.96026099
4401;1.96565211
4402;1.98530877
4403;1.57382035
4404;0.794123471
4405;0.794123471
4406;0.794123471
4407;0.782601833
4408;0.789954305
4409;0.780252337
4410;1.55710495
4411;1.5596534
4412;1.58034527
4413;1.58824694
4414;0
4415;0
4416;0
4417;0
4418;0
4419;0
4420;0
4421;0.83812505
4422;1.46671879
4423;2.06444597
4424;2.00423765
4425;1.98530877
4426;1.9748857
4427;1.5428195
4428;0.752327502
4429;0.754312575
4430;0.752327502
4431;0.769333839
4432;0.77099365
4433;0.766857386
4434;1.51181626
4435;1.50544739
4436;1.51985347
4437;1.55456471
4438;0
4439;0
4440;0
4441;0
4442;0
4443;0
4444;0
4445;0.885091186
4446;1.5498693
4447;2.14306188
4448;1.99975145
4449;1.98530877
4450;1.9186877
4451;1.504655
4452;0.752327502
4453;0.752327502
4454;0.752327502
4455;0.752327502
4456;0.752327502
4457;0.752327502
4458;1.504655
4459;1.504655
4460;1.504655
4461;1.504655
4462;0
4463;0
4464;0
4465;0
4466;0
4467;0
4468;0
4469;0.868685722
4470;1.54747224
4471;2.13410306
4472;1.98530877
4473;1.90793157
4474;1.88081884
4475;1.504655
4476;0.752327502
4477;0.752327502
4478;0.752327502
4479;0.752327502
4480;0.752327502
4481;0.752327502
4482;1.504655
4483;1.504655
4484;1.504655
4485;1.504655
4486;0
4487;0
4488;0
4489;0
4490;0
4491;0
4492;0
4493;0.828410447
4494;1.46973491
4495;2.04086566
4496;1.96295285
4497;1.88081884
4498;1.88081884
4499;1.504655
4500;0.752327502
4501;0.752327502
4502;0.752327502
4503;0.752327502
4504;0.752327502
4505;0.752327502
4506;1.504655
4507;1.504655
4508;1.504655
4509;1.504655
4510;0
4511;0
4512;0
4513;0
4514;0
4515;0
4516;0
4517;0.810330093
4518;1.44469476
4519;2.03216147
4520;1.97816539
4521;1.88428986
4522;1.88081884
4523;1.504655
4524;0.752327502
4525;0.752327502
4526;0.752327502
4527;0.752327502
4528;0.752327502
4529;0.752327502
4530;1.504655
4531;1.504655
4532;1.504655
4533;1.504655
4534;0
4535;0
4536;0
4537;0
4538;0
4539;0
4540;0
4541;0.802144885
4542;1.41406941
4543;2.00087094
4544;1.96241391
4545;1.88081884
4546;1.88081884
4547;1.504655
4548;0.752327502
4549;0.752327502
4550;0.752327502
4551;0.752327502
4552;0.752327502
4553;0.752327502
4554;1.504655
4555;1.504655
4556;1.504655
4557;1.504655
4558;0
4559;0
4560;0
4561;0
4562;0
4563;0
4564;0
4565;0.794123471
4566;1.38971615
4567;1.98530877
4568;1.92904496
4569;1.88081884
4570;1.88081884
4571;1.504655
4572;0.752327502
4573;0.752327502
4574;0.752327502
4575;0.752327502
4576;0.752327502
4577;0.752327502
4578;1.504655
4579;1.504655
4580;1.504655
4581;1.504655
4582;0
4583;0
4584;0
4585;0
4586;0
4587;0
4588;0
4589;0.833482325
4590;1.48544466
4591;2.12458706
4592;2.10332894
4593;2.05731487
4594;1.99417162
4595;1.58824694
4596;0.778764486
4597;0.760938108
4598;0.752327502
4599;0.752327502
4600;0.752327502
4601;0.752327502
4602;1.504655
4603;1.504655
4604;1.504655
4605;1.56306422
4606;0
4607;0
4608;0
4609;0
4610;0
4611;0
4612;0
4613;0.93182677
4614;1.6788516
4615;2.26748466
4616;2.07644153
4617;1.98530877
4618;1.95222926
4619;1.51502097
4620;0.752327502
4621;0.752327502
4622;0.752327502
4623;0.752327502
4624;0.752327502
4625;0.752327502
4626;1.504655
4627;1.504655
4628;1.504655
4629;1.504655
4630;0
4631;0
4632;0
4633;0
4634;0
4635;0
4636;0
4637;0.856967807
4638;1.52390432
4639;2.18165803
4640;2.04086566
4641;1.95116341
4642;1.88081884
4643;1.504655
4644;0.752327502
4645;0.752327502
4646;0.752327502
4647;0.752327502
4648;0.752327502
4649;0.752327502
4650;1.504655
4651;1.504655
4652;1.504655
4653;1.504655
4654;0
4655;0
4656;0
4657;0
4658;0
4659;0
4660;0
4661;0.843316972
4662;1.49655342
4663;2.11265492
4664;2.00705194
4665;1.94903505
4666;1.88081884
4667;1.504655
4668;0.752327502
4669;0.752327502
4670;0.752327502
4671;0.752327502
4672;0.752327502
4673;0.752327502
4674;1.504655
4675;1.504655
4676;1.504655
4677;1.504655
4678;0
4679;0
4680;0
4681;0
4682;0
4683;0
4684;0
4685;0.850087583
4686;1.49969363
4687;2.10085583
4688;1.98530877
4689;1.96727538
4690;1.8937763
4691;1.504655
4692;0.752327502
4693;0.752327502
4694;0.752327502
4695;0.752327502
4696;0.752327502
4697;0.752327502
4698;1.504655
4699;1.504655
4700;1.504655
4701;1.504655
4702;0
4703;0
4704;0
4705;0
4706;0
4707;0
4708;0
4709;0.871333241
4710;1.54556
4711;2.14177752
4712;1.98530877
4713;1.88081884
4714;1.88081884
4715;1.504655
4716;0.752327502
4717;0.752327502
4718;0.752327502
4719;0.752327502
4720;0.752327502
4721;0.752327502
4722;1.504655
4723;1.504655
4724;1.504655
4725;1.504655
4726;0
4727;0
4728;0
4729;0
4730;0
4731;0
4732;0
4733;0.794123471
4734;1.41366994
4735;2.03563428
4736;1.97052968
4737;1.88081884
4738;1.88081884
4739;1.504655
4740;0.752327502
4741;0.752327502
4742;0.752327502
4743;0.752327502
4744;0.752327502
4745;0.752327502
4746;1.504655
4747;1.504655
4748;1.504655
4749;1.504655
4750;0
4751;0
4752;0
4753;0
4754;0
4755;0
4756;0
4757;0.804401994
4758;1.42210853
4759;1.98530877
4760;1.88081884
4761;1.88081884
4762;1.88081884
4763;1.504655
4764;0.752327502
4765;0.752327502
4766;0.752327502
4767;0.752327502
4768;0.752327502
4769;0.752327502
4770;1.504655
4771;1.504655
4772;1.504655
4773;1.504655
4774;0
4775;0
4776;0
4777;0
4778;0
4779;0
4780;0
4781;0.794123471
4782;1.41247261
4783;1.98530877
4784;1.88081884
4785;1.88081884
4786;1.88081884
4787;1.504655
4788;0.752327502
4789;0.752327502
4790;0.752327502
4791;0.752327502
4792;0.752327502
4793;0.752327502
4794;1.504655
4795;1.504655
4796;1.504655
4797;1.504655
4798;0
4799;0
4800;0
4801;0
4802;0
4803;0
4804;0
4805;0.794123471
4806;1.4077034
4807;1.99083889
4808;1.88927078
4809;1.88081884
4810;1.88081884
4811;1.504655
4812;0.752327502
4813;0.752327502
4814;0.752327502
4815;0.752327502
4816;0.752327502
4817;0.752327502
4818;1.504655
4819;1.504655
4820;1.504655
4821;1.504655
4822;0
4823;0
4824;0
4825;0
4826;0
4827;0
4828;0
4829;0.781318545
4830;1.38894439
4831;1.96673393
4832;1.88081884
4833;1.88081884
4834;1.88081884
4835;1.504655
4836;0.752327502
4837;0.752327502
4838;0.752327502
4839;0.752327502
4840;0.752327502
4841;0.752327502
4842;1.504655
4843;1.504655
4844;1.504655
4845;1.504655
4846;0
4847;0
4848;0
4849;0
4850;0
4851;0
4852;0
4853;0.800572515
4854;1.42534983
4855;1.98862314
4856;1.88081884
4857;1.88081884
4858;1.88081884
4859;1.504655
4860;0.752327502
4861;0.752327502
4862;0.752327502
4863;0.752327502
4864;0.752327502
4865;0.752327502
4866;1.504655
4867;1.504655
4868;1.504655
4869;1.504655
4870;0
4871;0
4872;0
4873;0
4874;0
4875;0
4876;0
4877;0.794123471
4878;1.38971615
4879;1.95436454
4880;1.88081884
4881;1.88081884
4882;1.88081884
4883;1.504655
4884;0.752327502
4885;0.752327502
4886;0.752327502
4887;0.752327502
4888;0.752327502
4889;0.752327502
4890;1.504655
4891;1.504655
4892;1.504655
4893;1.504655
4894;0
4895;0
4896;0
4897;0
4898;0
4899;0
4900;0
4901;0.768920004
4902;1.35106075
4903;1.8947804
4904;1.88081884
4905;1.88081884
4906;1.88081884
4907;1.504655
4908;0.752327502
4909;0.752327502
4910;0.752327502
4911;0.752327502
4912;0.752327502
4913;0.752327502
4914;1.504655
4915;1.504655
4916;1.504655
4917;1.504655
4918;0
4919;0
4920;0
4921;0
4922;0
4923;0
4924;0
4925;0.811480165
4926;1.43228686
4927;1.98530877
4928;1.88081884
4929;1.88081884
4930;1.88081884
4931;1.504655
4932;0.752327502
4933;0.752327502
4934;0.752327502
4935;0.752327502
4936;0.752327502
4937;0.752327502
4938;1.504655
4939;1.504655
4940;1.504655
4941;1.504655
4942;0
4943;0
4944;0
4945;0
4946;0
4947;0
4948;0
4949;0.794123471
4950;1.40454173
4951;1.98530877
4952;1.88081884
4953;1.88081884
4954;1.88081884
4955;1.504655
4956;0.752327502
4957;0.752327502
4958;0.752327502
4959;0.752327502
4960;0.752327502
4961;0.752327502
4962;1.504655
4963;1.504655
4964;1.504655
4965;1.504655
4966;0
4967;0
4968;0
4969;0
4970;0
4971;0
4972;0
4973;0.765830278
4974;1.35508609
4975;1.90437281
4976;1.88081884
4977;1.88081884
4978;1.88081884
4979;1.504655
4980;0.752327502
4981;0.752327502
4982;0.752327502
4983;0.752327502
4984;0.752327502
4985;0.752327502
4986;1.504655
4987;1.504655
4988;1.504655
4989;1.504655
4990;0
4991;0
4992;0
4993;0
4994;0
4995;0
4996;0
4997;0.752327502
4998;1.31657314
4999;1.88081884
5000;1.88081884
5001;1.88081884
5002;1.88081884
5003;1.504655
5004;0.752327502
5005;0.752327502
5006;0.752327502
5007;0.752327502
5008;0.752327502
5009;0.752327502
5010;1.504655
5011;1.504655
5012;1.504655
5013;1.504655
5014;0
5015;0
5016;0
5017;0
5018;0
5019;0
5020;0
5021;0.777071059
5022;1.36061406
5023;1.93951464
5024;1.93165171
5025;1.93112981
5026;1.90589643
5027;1.504655
5028;0.752327502
5029;0.755708277
5030;0.759724796
5031;0.773496926
5032;0.777282357
5033;0.784750044
5034;1.57947206
5035;1.5712254
5036;1.57338715
5037;1.58824694
5038;0
5039;0
5040;0
5041;0
5042;0
5043;0
5044;0
5045;0.821035206
5046;1.44469476
5047;2.03679442
5048;1.98530877
5049;1.96026099
5050;1.91303837
5051;1.504655
5052;0.752327502
5053;0.752327502
5054;0.752327502
5055;0.752327502
5056;0.752327502
5057;0.752327502
5058;1.504655
5059;1.504655
5060;1.504655
5061;1.504655
5062;0
5063;0
5064;0
5065;0
5066;0
5067;0
5068;0
5069;0.765830278
5070;1.34380281
5071;1.91765797
5072;1.89628851
5073;1.88081884
5074;1.88081884
5075;1.504655
5076;0.752327502
5077;0.752327502
5078;0.752327502
5079;0.752327502
5080;0.752327502
5081;0.752327502
5082;1.504655
5083;1.504655
5084;1.504655
5085;1.504655
5086;0
5087;0
5088;0
5089;0
5090;0
5091;0
5092;0
5093;0.81915313
5094;1.46029699
5095;2.12585115
5096;2.16710472
5097;2.20999122
5098;1.88081884
5099;1.504655
5100;0.752327502
5101;0.752327502
5102;0.752327502
5103;0.752327502
5104;0.752327502
5105;0.752327502
5106;1.504655
5107;1.504655
5108;1.504655
5109;1.504655
5110;0
5111;0
5112;0
5113;0
5114;0
5115;0
5116;0
5117;0.789299965
5118;1.38933015
5119;1.98530877
5120;1.93374228
5121;1.88081884
5122;1.88081884
5123;1.504655
5124;0.752327502
5125;0.752327502
5126;0.752327502
5127;0.752327502
5128;0.752327502
5129;0.752327502
5130;1.504655
5131;1.504655
5132;1.55498743
5133;1.57555485
5134;0
5135;0
5136;0
5137;0
5138;0
5139;0
5140;0
5141;0.833482325
5142;1.47536945
5143;2.10518742
5144;2.07342935
5145;1.99194849
5146;1.98530877
5147;1.58824694
5148;0.78842926
5149;0.77140975
5150;0.760938108
5151;0.762561858
5152;0.761952162
5153;0.765830278
5154;1.53453815
5155;1.55161166
5156;1.57036221
5157;1.58824694
5158;0
5159;0
5160;0
5161;0
5162;0
5163;0
5164;0
5165;0.963222563
5166;1.72041881
5167;2.40158319
5168;2.12332487
5169;1.99528515
5170;1.95972359
5171;1.52920282
5172;0.755708277
5173;0.752327502
5174;0.752327502
5175;0.752327502
5176;0.752327502
5177;0.752327502
5178;1.504655
5179;1.504655
5180;1.504655
5181;1.54532135
5182;0
5183;0
5184;0
5185;0
5186;0
5187;0
5188;0
5189;0.853896201
5190;1.50104344
5191;2.12521911
5192;2.07102633
5193;2.02067041
5194;2.02870035
5195;1.58824694
5196;0.796335518
5197;0.795449257
5198;0.794123471
5199;0.794123471
5200;0.793902934
5201;0.794123471
5202;1.63129497
5203;1.64065671
5204;1.64490473
5205;1.68216801
5206;0
5207;0
5208;0
5209;0
5210;0
5211;0
5212;0
5213;0.891161025
5214;1.56636751
5215;2.25176787
5216;2.2182219
5217;2.18299079
5218;2.13346624
5219;1.67232788
5220;0.804401994
5221;0.794123471
5222;0.794123471
5223;0.782173634
5224;0.779401481
5225;0.776437938
5226;1.55752897
5227;1.56649005
5228;1.58780587
5229;1.58824694
5230;0
5231;0
5232;0
5233;0
5234;0
5235;0
5236;0
5237;0.914830267
5238;1.62645578
5239;2.32502007
5240;2.12901759
5241;2.01043916
5242;1.97707093
5243;1.52920282
5244;0.752327502
5245;0.752327502
5246;0.752327502
5247;0.752327502
5248;0.752327502
5249;0.752327502
5250;1.504655
5251;1.504655
5252;1.504655
5253;1.55625725
5254;0
5255;0
5256;0
5257;0
5258;0
5259;0
5260;0
5261;0.901275098
5262;1.5479511
5263;2.13729405
5264;2.01952839
5265;1.95650458
5266;1.91252649
5267;1.504655
5268;0.752327502
5269;0.752327502
5270;0.752327502
5271;0.762765348
5272;0.761546195
5273;0.752327502
5274;1.504655
5275;1.54908943
5276;1.56563234
5277;1.58824694
5278;0
5279;0
5280;0
5281;0
5282;0
5283;0
5284;0
5285;0.915709317
5286;1.63069677
5287;2.33108664
5288;2.11578202
5289;1.98530877
5290;1.94903505
5291;1.50782931
5292;0.752327502
5293;0.752327502
5294;0.752327502
5295;0.752327502
5296;0.752327502
5297;0.752327502
5298;1.504655
5299;1.504655
5300;1.504655
5301;1.53002119
5302;0
5303;0
5304;0
5305;0
5306;0
5307;0
5308;0
5309;0.871333241
5310;1.53701305
5311;2.19505882
5312;2.0327394
5313;1.92488873
5314;1.88081884
5315;1.504655
5316;0.752327502
5317;0.752327502
5318;0.752327502
5319;0.752327502
5320;0.752327502
5321;0.752327502
5322;1.504655
5323;1.504655
5324;1.504655
5325;1.504655
5326;0
5327;0
5328;0
5329;0
5330;0
5331;0
5332;0
5333;0.816579401
5334;1.41446936
5335;2.00255299
5336;1.98530877
5337;1.88528395
5338;1.88081884
5339;1.504655
5340;0.752327502
5341;0.752327502
5342;0.752327502
5343;0.752327502
5344;0.752327502
5345;0.752327502
5346;1.504655
5347;1.504655
5348;1.504655
5349;1.504655
5350;0
5351;0
5352;0
5353;0
5354;0
5355;0
5356;0
5357;0.802144885
5358;1.4200902
5359;2.02812481
5360;1.98530877
5361;1.98530877
5362;1.9135505
5363;1.52066195
5364;0.752327502
5365;0.752327502
5366;0.752327502
5367;0.752327502
5368;0.767887294
5369;0.762561858
5370;1.504655
5371;1.504655
5372;1.54699385
5373;1.57772875
5374;0
5375;0
5376;0
5377;0
5378;0
5379;0
5380;0
5381;0.897033095
5382;1.58372211
5383;2.19843483
5384;2.10642838
5385;2.01895809
5386;1.98530877
5387;1.57598925
5388;0.772451937
5389;0.76134342
5390;0.752327502
5391;0.752327502
5392;0.752327502
5393;0.752327502
5394;1.504655
5395;1.50505102
5396;1.53166056
5397;1.58692443
5398;0
5399;0
5400;0
5401;0
5402;0
5403;0
5404;0
5405;0.902128279
5406;1.59482872
5407;2.26604676
5408;2.15144825
5409;2.07222724
5410;1.98530877
5411;1.5554105
5412;0.75351721
5413;0.752327502
5414;0.752327502
5415;0.752327502
5416;0.752327502
5417;0.752327502
5418;1.504655
5419;1.504655
5420;1.504655
5421;1.5174334
5422;0
5423;0
5424;0
5425;0
5426;0
5427;0
5428;0
5429;0.81915313
5430;1.42983079
5431;2.03447509
5432;2.00536227
5433;1.98530877
5434;1.97434008
5435;1.52879381
5436;0.752327502
5437;0.752327502
5438;0.752327502
5439;0.756108046
5440;0.755708277
5441;0.760533273
5442;1.53701317
5443;1.55795336
5444;1.58824694
5445;1.60159361
5446;0
5447;0
5448;0
5449;0
5450;0
5451;0
5452;0
5453;0.867631078
5454;1.51467693
5455;2.15080094
5456;2.12521911
5457;2.08249164
5458;2.0800674
5459;1.67772567
5460;0.83567512
5461;0.837388515
5462;0.838862836
5463;0.83543092
5464;0.813095689
5465;0.818449616
5466;1.65298903
5467;1.66988575
5468;1.68862641
5469;1.72323358
5470;0
5471;0
5472;0
5473;0
5474;0
5475;0
5476;0
5477;0.859802842
5478;1.50059319
5479;2.13985372
5480;2.13537836
5481;2.12711644
5482;2.11452985
5483;1.67135024
5484;0.818918526
5485;0.794123471
5486;0.794123471
5487;0.792143106
5488;0.788864374
5489;0.791704357
5490;1.58824694
5491;1.59222746
5492;1.61152458
5493;1.62434351
5494;0
5495;0
5496;0
5497;0
5498;0
5499;0
5500;0
5501;0.859027803
5502;1.4885385
5503;2.10085583
5504;2.09224582
5505;2.03389621
5506;2.02812481
5507;1.62203944
5508;0.801695049
5509;0.794123471
5510;0.794123471
5511;0.794123471
5512;0.775174797
5513;0.76665175
5514;1.52187622
5515;1.5333035
5516;1.57382035
5517;1.59667385
5518;0
5519;0
5520;0
5521;0
5522;0
5523;0
5524;0
5525;0.841084003
5526;1.47059906
5527;2.10394788
5528;2.09224582
5529;2.00592518
5530;1.98530877
5531;1.56820881
5532;0.768506587
5533;0.755308986
5534;0.752327502
5535;0.752327502
5536;0.752327502
5537;0.752327502
5538;1.504655
5539;1.504655
5540;1.54074085
5541;1.58824694
5542;0
5543;0
5544;0
5545;0
5546;0
5547;0
5548;0
5549;0.898442686
5550;1.5792228
5551;2.23486924
5552;2.12332487
5553;1.99695766
5554;1.9181726
5555;1.504655
5556;0.752327502
5557;0.752327502
5558;0.752327502
5559;0.752327502
5560;0.752327502
5561;0.752327502
5562;1.504655
5563;1.504655
5564;1.504655
5565;1.504655
5566;0
5567;0
5568;0
5569;0
5570;0
5571;0
5572;0
5573;0.855685234
5574;1.51193047
5575;2.17105436
5576;2.01895809
5577;1.88081884
5578;1.88081884
5579;1.504655
5580;0.752327502
5581;0.752327502
5582;0.752327502
5583;0.752327502
5584;0.752327502
5585;0.752327502
5586;1.504655
5587;1.504655
5588;1.504655
5589;1.504655
5590;0
5591;0
5592;0
5593;0
5594;0
5595;0
5596;0
5597;0.821743131
5598;1.44678366
5599;2.06743169
5600;1.98530877
5601;1.88081884
5602;1.88081884
5603;1.504655
5604;0.752327502
5605;0.752327502
5606;0.752327502
5607;0.752327502
5608;0.752327502
5609;0.752327502
5610;1.504655
5611;1.504655
5612;1.504655
5613;1.504655
5614;0
5615;0
5616;0
5617;0
5618;0
5619;0
5620;0
5621;0.794123471
5622;1.36209583
5623;1.89327455
5624;1.88081884
5625;1.88081884
5626;1.88081884
5627;1.504655
5628;0.752327502
5629;0.752327502
5630;0.752327502
5631;0.752327502
5632;0.752327502
5633;0.752327502
5634;1.504655
5635;1.504655
5636;1.504655
5637;1.504655
5638;0
5639;0
5640;0
5641;0
5642;0
5643;0
5644;0
5645;0.777071059
5646;1.36395252
5647;1.95757639
5648;1.95169604
5649;1.9379369
5650;1.91662943
5651;1.52268684
5652;0.778128624
5653;0.793682516
5654;0.786260843
5655;0.794123471
5656;0.794123471
5657;0.789736032
5658;1.57079375
5659;1.58209443
5660;1.58824694
5661;1.61562276
5662;0
5663;0
5664;0
5665;0
5666;0
5667;0
5668;0
5669;0.906131387
5670;1.60867453
5671;2.34639239
5672;2.23836875
5673;2.0531776
5674;1.98530877
5675;1.579036
5676;0.773496926
5677;0.762968898
5678;0.752327502
5679;0.752327502
5680;0.752327502
5681;0.752327502
5682;1.504655
5683;1.504655
5684;1.52961183
5685;1.58824694
5686;0
5687;0
5688;0
5689;0
5690;0
5691;0
5692;0
5693;0.794123471
5694;1.38971615
5695;1.98530877
5696;1.93583739
5697;1.88081884
5698;1.88081884
5699;1.504655
5700;0.752327502
5701;0.752327502
5702;0.752327502
5703;0.752327502
5704;0.752327502
5705;0.752327502
5706;1.504655
5707;1.504655
5708;1.504655
5709;1.504655
5710;0
5711;0
5712;0
5713;0
5714;0
5715;0
5716;0
5717;0.752327502
5718;1.31657314
5719;1.88081884
5720;1.88081884
5721;1.88081884
5722;1.88081884
5723;1.504655
5724;0.752327502
5725;0.752327502
5726;0.752327502
5727;0.752327502
5728;0.752327502
5729;0.752327502
5730;1.504655
5731;1.504655
5732;1.51542246
5733;1.58736503
5734;0
5735;0
5736;0
5737;0
5738;0
5739;0
5740;0
5741;0.877215266
5742;1.5498693
5743;2.2299881
5744;2.25389838
5745;2.27108717
5746;2.2299881
5747;1.73789942
5748;0.841331542
5749;0.822215855
5750;0.809870958
5751;0.799229622
5752;0.794123471
5753;0.798114061
5754;1.60294056
5755;1.62711704
5756;1.65970659
5757;1.75013435
5758;0
5759;0
5760;0
5761;0
5762;0
5763;0
5764;0
5765;0.967787564
5766;1.71334851
5767;2.46877766
5768;2.3603406
5769;2.25176787
5770;2.17766953
5771;1.67723358
5772;0.81915313
5773;0.807355165
5774;0.795449257
5775;0.794123471
5776;0.794123471
5777;0.799006283
5778;1.65586126
5779;1.68812776
5780;1.73001182
5781;1.76908708
5782;0
5783;0
5784;0
5785;0
5786;0
5787;0
5788;0
5789;1.01233876
5790;1.78869426
5791;2.56813192
5792;2.5344367
5793;2.48336053
5794;2.43264508
5795;1.9474417
5796;0.985808432
5797;0.975049317
5798;0.92399627
5799;0.925192416
5800;0.885639608
5801;0.921316326
5802;1.8995645
5803;1.86852586
5804;1.8673054
5805;1.92385232
5806;0
5807;0
5808;0
5809;0
5810;0
5811;0
5812;0
5813;0.99819988
5814;1.74807048
5815;2.50775838
5816;2.49549961
5817;2.47390509
5818;2.34639239
5819;1.79914701
5820;0.870802462
5821;0.844812214
5822;0.824349642
5823;0.819622874
5824;0.815182388
5825;0.81448561
5826;1.8734237
5827;1.83083224
5828;1.80368733
5829;1.77733576
5830;0
5831;0
5832;0
5833;0
5834;0
5835;0
5836;0
5837;0.795892119
5838;1.38971615
5839;1.98530865
5840;1.96781695
5841;1.9426775
5842;1.88081872
5843;1.504655
5844;0.752327502
5845;0.752327502
5846;0.752327502
5847;0.752327502
5848;0.752327502
5849;0.752327502
5850;1.504655
5851;1.504655
5852;1.504655
5853;1.504655
5854;0
5855;0
5856;0
5857;0
5858;0
5859;0
5860;0
5861;0.794123471
5862;1.38971615
5863;2.00817943
5864;1.98530865
5865;1.96998644
5866;1.93165159
5867;1.504655
5868;0.752327502
5869;0.752327502
5870;0.752327502
5871;0.752327502
5872;0.752327502
5873;0.752327502
5874;1.504655
5875;1.504655
5876;1.50544739
5877;1.51662838
5878;0
5879;0
5880;0
5881;0
5882;0
5883;0
5884;0
5885;0.794123471
5886;1.38971615
5887;1.98530865
5888;1.97707081
5889;1.94797242
5890;1.92023408
5891;1.504655
5892;0.764396906
5893;0.752327502
5894;0.752327502
5895;0.752327502
5896;0.752327502
5897;0.752327502
5898;1.504655
5899;1.51864254
5900;1.55077004
5901;1.58824694
5902;0
5903;0
5904;0
5905;0
5906;0
5907;0
5908;0
5909;0.834212005
5910;1.46844077
5911;2.11640835
5912;2.09469843
5913;2.07463312
5914;2.02124166
5915;1.58824694
5916;0.782387674
5917;0.789517999
5918;0.786693573
5919;0.765830278
5920;0.791923642
5921;0.801919937
5922;1.62711704
5923;1.65922487
5924;1.74107468
5925;1.76580894
5926;0
5927;0
5928;0
5929;0
5930;0
5931;0
5932;0
5933;0.986488819
5934;1.73593962
5935;2.48681664
5936;2.41946888
5937;2.29884553
5938;2.24117613
5939;1.75874782
5940;0.855941474
5941;0.844063878
5942;0.827211916
5943;0.820328355
5944;0.803949535
5945;0.808725417
5946;1.64585173
5947;1.67037368
5948;1.69815528
5949;1.75335455
5950;0
5951;0
5952;0
5953;0
5954;0
5955;0
5956;0
5957;1.01449418
5958;1.80222547
5959;2.63245344
5960;2.54074335
5961;2.24893355
5962;2.17568064
5963;1.68167317
5964;0.821743131
5965;0.805081487
5966;0.798559964
5967;0.794123471
5968;0.794123471
5969;0.794123471
5970;1.58824694
5971;1.59622812
5972;1.66550803
5973;1.71342206
5974;0
5975;0
5976;0
5977;0
5978;0
5979;0
5980;0
5981;1.063954
5982;1.90953362
5983;2.74888897
5984;2.65593123
5985;2.22166944
5986;2.02410388
5987;1.55034959
5988;0.752327502
5989;0.752327502
5990;0.752327502
5991;0.752327502
5992;0.752327502
5993;0.752327502
5994;1.504655
5995;1.504655
5996;1.504655
5997;1.58824694
5998;0
5999;0
6000;0
6001;0
6002;0
6003;0
6004;0
6005;1.0324465
6006;1.82390738
6007;2.62664866
6008;2.52013779
6009;2.12395573
6010;1.97324991
6011;1.504655
6012;0.752327502
6013;0.752327502
6014;0.752327502
6015;0.752327502
6016;0.752327502
6017;0.752327502
6018;1.504655
6019;1.504655
6020;1.504655
6021;1.53991091
6022;0
6023;0
6024;0
6025;0
6026;0
6027;0
6028;0
6029;0.969757318
6030;1.73173344
6031;2.50073862
6032;2.41456437
6033;2.11140656
6034;1.98530865
6035;1.53289247
6036;0.752327502
6037;0.752327502
6038;0.752327502
6039;0.752327502
6040;0.752327502
6041;0.752327502
6042;1.504655
6043;1.504655
6044;1.504655
6045;1.58034527
6046;0
6047;0
6048;0
6049;0
6050;0
6051;0
6052;0
6053;0.84456265
6054;1.57723141
6055;2.3174808
6056;2.25176787
6057;2.06028008
6058;1.98530865
6059;1.52920282
6060;0.752327502
6061;0.752327502
6062;0.752327502
6063;0.752327502
6064;0.752327502
6065;0.752327502
6066;1.504655
6067;1.504655
6068;1.504655
6069;1.53866768
6070;0
6071;0
6072;0
6073;0
6074;0
6075;0
6076;0
6077;0.838616788
6078;1.46500087
6079;2.0940845
6080;2.09285831
6081;2.06563902
6082;2.05023265
6083;1.60835135
6084;0.794123471
6085;0.78908217
6086;0.778340518
6087;0.770370424
6088;0.764396906
6089;0.761546195
6090;1.53166056
6091;1.55583382
6092;1.58736503
6093;1.58824694
6094;0
6095;0
6096;0
6097;0
6098;0
6099;0
6100;0
6101;0.843316972
6102;1.47885835
6103;2.12143397
6104;2.12458706
6105;2.13155723
6106;2.08796716
6107;1.59134126
6108;0.794123471
6109;0.781105042
6110;0.775805831
6111;0.76665175
6112;0.765420198
6113;0.761546195
6114;1.53453815
6115;1.56649005
6116;1.58824694
6117;1.60564148
6118;0
6119;0
6120;0
6121;0
6122;0
6123;0
6124;0
6125;0.994380713
6126;1.7829572
6127;2.60463238
6128;2.5543642
6129;2.26748443
6130;2.16776204
6131;1.65538192
6132;0.804175675
6133;0.799900591
6134;0.798559964
6135;0.796113729
6136;0.797223806
6137;0.800348401
6138;1.62758017
6139;1.66308582
6140;1.70524585
6141;1.77347672
6142;0
6143;0
6144;0
6145;0
6146;0
6147;0
6148;0
6149;1.01341522
6150;1.7778883
6151;2.58204865
6152;2.55071759
6153;2.49811625
6154;2.39354014
6155;1.81571579
6156;0.904411435
6157;0.890051246
6158;0.883996487
6159;0.878563166
6160;0.885639608
6161;0.867631078
6162;1.7479943
6163;1.77127922
6164;1.84322667
6165;1.94611609
6166;0
6167;0
6168;0
6169;0
6170;0
6171;0
6172;0
6173;1.09955561
6174;1.92422235
6175;2.6980412
6176;2.67882729
6177;2.49811625
6178;2.38555121
6179;1.83376813
6180;0.882359445
6181;0.844063878
6182;0.821743131
6183;0.796113729
6184;0.794123471
6185;0.794123471
6186;1.58824694
6187;1.58824694
6188;1.66067064
6189;1.70524585
6190;0
6191;0
6192;0
6193;0
6194;0
6195;0
6196;0
6197;0.996113122
6198;1.65661514
6199;2.28927326
6200;2.25105858
6201;2.12395573
6202;2.06384945
6203;1.60024881
6204;0.787994623
6205;0.752327502
6206;0.752327502
6207;0.752327502
6208;0.752327502
6209;0.752327502
6210;1.504655
6211;1.50544739
6212;1.55329776
6213;1.58209443
6214;0
6215;0
6216;0
6217;0
6218;0
6219;0
6220;0
6221;0.824587405
6222;1.44511211
6223;2.06563902
6224;2.06146836
6225;2.05435777
6226;2.05199862
6227;1.63924575
6228;0.814949989
6229;0.800348401
6230;0.794123471
6231;0.794123471
6232;0.794123471
6233;0.794123471
6234;1.58824694
6235;1.59045589
6236;1.59980118
6237;1.60428977
6238;0
6239;0
6240;0
6241;0
6242;0
6243;0
6244;0
6245;0.825063348
6246;1.44178033
6247;2.05376744
6248;2.04378343
6249;2.04028296
6250;2.00143123
6251;1.58824694
6252;0.780891716
6253;0.753715932
6254;0.752327502
6255;0.752327502
6256;0.752327502
6257;0.752327502
6258;1.504655
6259;1.504655
6260;1.52066195
6261;1.58209443
6262;0
6263;0
6264;0
6265;0
6266;0
6267;0
6268;0
6269;0.842571318
6270;1.50284708
6271;2.21959972
6272;2.18632936
6273;1.9958421
6274;1.98530865
6275;1.54074085
6276;0.753914654
6277;0.752327502
6278;0.752327502
6279;0.752327502
6280;0.752327502
6281;0.752327502
6282;1.504655
6283;1.50703442
6284;1.56050467
6285;1.58824694
6286;0
6287;0
6288;0
6289;0
6290;0
6291;0
6292;0
6293;0.895347476
6294;1.57723141
6295;2.23417044
6296;2.2038579
6297;2.06683373
6298;1.98530865
6299;1.54032564
6300;0.752327502
6301;0.752327502
6302;0.752327502
6303;0.752327502
6304;0.752327502
6305;0.752327502
6306;1.504655
6307;1.52228141
6308;1.56863892
6309;1.58824694
6310;0
6311;0
6312;0
6313;0
6314;0
6315;0
6316;0
6317;0.871333241
6318;1.52390432
6319;2.20114279
6320;2.17568064
6321;2.06563902
6322;2.02639961
6323;1.58824694
6324;0.790828347
6325;0.768920004
6326;0.752327502
6327;0.752327502
6328;0.752327502
6329;0.752327502
6330;1.52797675
6331;1.55161166
6332;1.58824694
6333;1.58824694
6334;0
6335;0
6336;0
6337;0
6338;0
6339;0
6340;0
6341;0.866054058
6342;1.5365411
6343;2.20794272
6344;2.19505858
6345;2.06265831
6346;2.03216124
6347;1.58824694
6348;0.781105042
6349;0.756908834
6350;0.752327502
6351;0.752327502
6352;0.752327502
6353;0.752327502
6354;1.504655
6355;1.50624049
6356;1.55625725
6357;1.56993115
6358;0
6359;0
6360;0
6361;0
6362;0
6363;0
6364;0
6365;0.883996487
6366;1.56882334
6367;2.25034976
6368;2.25603247
6369;2.0996213
6370;1.98530865
6371;1.52961183
6372;0.752327502
6373;0.752327502
6374;0.752327502
6375;0.752327502
6376;0.752327502
6377;0.752327502
6378;1.504655
6379;1.504655
6380;1.5554105
6381;1.58824694
6382;0
6383;0
6384;0
6385;0
6386;0
6387;0
6388;0
6389;0.863699257
6390;1.56391931
6391;2.45436478
6392;2.44429231
6393;2.17833304
6394;1.98530865
6395;1.55329776
6396;0.752327502
6397;0.752327502
6398;0.752327502
6399;0.752327502
6400;0.752327502
6401;0.752327502
6402;1.504655
6403;1.52756858
6404;1.57079375
6405;1.58824694
6406;0
6407;0
6408;0
6409;0
6410;0
6411;0
6412;0
6413;0.872396886
6414;1.52622879
6415;2.17171407
6416;2.16907763
6417;2.14950705
6418;2.12585092
6419;1.68663394
6420;0.813095689
6421;0.794123471
6422;0.791923642
6423;0.778976679
6424;0.776016414
6425;0.775595367
6426;1.57512105
6427;1.58824694
6428;1.61334348
6429;1.66793728
6430;0
6431;0
6432;0
6433;0
6434;0
6435;0
6436;0
6437;0.918356776
6438;1.64571643
6439;2.33565712
6440;2.35412097
6441;2.25034976
6442;2.12206388
6443;1.6183666
6444;0.794123471
6445;0.770370424
6446;0.752327502
6447;0.752327502
6448;0.752327502
6449;0.752327502
6450;1.504655
6451;1.55625725
6452;1.59355879
6453;1.67379665
6454;0
6455;0
6456;0
6457;0
6458;0
6459;0
6460;0
6461;1.0034554
6462;1.79769242
6463;2.62375593
6464;2.62761426
6465;2.34177947
6466;2.10829234
6467;1.59222746
6468;0.784104407
6469;0.762155294
6470;0.752327502
6471;0.752327502
6472;0.752327502
6473;0.752327502
6474;1.504655
6475;1.5554105
6476;1.58824694
6477;1.65251124
6478;0
6479;0
6480;0
6481;0
6482;0
6483;0
6484;0
6485;0.925192416
6486;1.64679992
6487;2.4594326
6488;2.43098998
6489;2.24047351
6490;2.04436803
6491;1.58824694
6492;0.772034705
6493;0.752327502
6494;0.752327502
6495;0.752327502
6496;0.752327502
6497;0.752327502
6498;1.52716053
6499;1.57990861
6500;1.58824694
6501;1.61379874
6502;0
6503;0
6504;0
6505;0
6506;0
6507;0
6508;0
6509;1.02247655
6510;1.79382491
6511;2.54798961
6512;2.53533554
6513;2.38555121
6514;2.16776204
6515;1.67281711
6516;0.81915313
6517;0.796113729
6518;0.794123471
6519;0.787777424
6520;0.782387674
6521;0.787343562
6522;1.58824694
6523;1.59400308
6524;1.65060306
6525;1.67526782
6526;0
6527;0
6528;0
6529;0
6530;0
6531;0
6532;0
6533;0.919242561
6534;1.59992886
6535;2.26820397
6536;2.24751902
6537;2.18499279
6538;2.10456753
6539;1.61699355
6540;0.794123471
6541;0.794123471
6542;0.782816172
6543;0.774334908
6544;0.773078561
6545;0.772660673
6546;1.65442383
6547;1.66067064
6548;1.6674509
6549;1.67379665
6550;0
6551;0
6552;0
6553;0
6554;0
6555;0
6556;0
6557;0.86448276
6558;1.5188154
6559;2.17899752
6560;2.18766809
6561;2.197083
6562;1.98530877
6563;1.52634525
6564;0.752327502
6565;0.752327502
6566;0.763376355
6567;0.7670632
6568;0.77140975
6569;0.772660673
6570;1.56306422
6571;1.58824694
6572;1.59667385
6573;1.69262552
6574;0
6575;0
6576;0
6577;0
6578;0
6579;0
6580;0
6581;0.900139928
6582;1.57326341
6583;2.27036572
6584;2.26317644
6585;2.22028947
6586;2.1449914
6587;1.68117881
6588;0.823874474
6589;0.815182388
6590;0.8096416
6591;0.800124407
6592;0.798336923
6593;0.802595317
6594;1.64018619
6595;1.69362831
6596;1.74479377
6597;1.80027986
6598;0
6599;0
6600;0
6601;0
6602;0
6603;0
6604;0
6605;0.986488819
6606;1.74380553
6607;2.52013803
6608;2.52369761
6609;2.4807744
6610;2.31898499
6611;1.79575658
6612;0.874531806
6613;0.862396538
6614;0.868158102
6615;0.860579312
6616;0.878563166
6617;0.888667881
6618;1.79294097
6619;1.81111467
6620;1.84322667
6621;1.93819964
6622;0
6623;0
6624;0
6625;0
6626;0
6627;0
6628;0
6629;1.03319287
6630;1.84339643
6631;2.63342357
6632;2.63439417
6633;2.57646418
6634;2.56536651
6635;1.97775471
6636;0.950413764
6637;0.918947101
6638;0.901843667
6639;0.893388927
6640;0.890883267
6641;0.896470487
6642;1.80368733
6643;1.82382429
6644;1.84203899
6645;1.84799254
6646;0
6647;0
6648;0
6649;0
6650;0
6651;0
6652;0
6653;1.09074569
6654;1.92422235
6655;2.74888921
6656;2.74888921
6657;2.74888921
6658;2.67782378
6659;2.0723772
6660;1.03095722
6661;1.00451314
6662;0.982420743
6663;0.917767107
6664;0.909301698
6665;0.934262931
6666;1.97161686
6667;2.04935098
6668;2.1184473
6669;2.19911122
6670;0
6671;0
6672;0
6673;0
6674;0
6675;0
6676;0
6677;1.14034486
6678;1.96272182
6679;2.77342319
6680;2.75312471
6681;2.74888921
6682;2.74888921
6683;2.19068551
6684;1.06752968
6685;1.04911733
6686;1.04337394
6687;1.03058565
6688;1.02651501
6689;1.02504289
6690;2.05155683
6691;2.06713271
6692;2.07613993
6693;2.09515905
6694;0
6695;0
6696;0
6697;0
6698;0
6699;0
6700;0
6701;1.03581321
6702;1.81398773
6703;2.59047174
6704;2.599895
6705;2.58765793
6706;2.56997871
6707;1.98737884
6708;0.929403305
6709;0.916884065
6710;0.902983129
6711;0.897878289
6712;0.895908654
6713;0.907857895
6714;1.85518789
6715;1.91997612
6716;1.97365856
6717;2.03259468
6718;0
6719;0
6720;0
6721;0
6722;0
6723;0
6724;0
6725;1.08866894
6726;1.9183197
6727;2.74888921
6728;2.74888921
6729;2.70007968
6730;2.60178804
6731;2.0104394
6732;0.979727387
6733;0.958057821
6734;0.968443215
6735;0.995072961
6736;1.0052197
6737;1.01738238
6738;2.05450559
6739;2.09056258
6740;2.13585687
6741;2.19236541
6742;0
6743;0
6744;0
6745;0
6746;0
6747;0
6748;0
6749;1.13042486
6750;2.00119114
6751;2.85884452
6752;2.85884452
6753;2.85884452
6754;2.81050396
6755;2.19911122
6756;1.04566371
6757;1.00310338
6758;0.977716982
6759;0.955496132
6760;0.961926162
6761;0.996113122
6762;2.04203176
6763;2.10984826
6764;2.15761852
6765;2.19911122
6766;0
6767;0
6768;0
6769;0
6770;0
6771;0
6772;0
6773;1.14353776
6774;2.00119114
6775;2.85884452
6776;2.97796297
6777;2.94240904
6778;2.85884452
6779;2.21787786
6780;1.06158352
6781;1.01162231
6782;0.98039937
6783;0.975714922
6784;0.978386223
6785;0.992309809
6786;2.03115058
6787;2.09515905
6788;2.19911122
6789;2.23172879
6790;0
6791;0
6792;0
6793;0
6794;0
6795;0
6796;0
6797;1.19118512
6798;2.08457398
6799;2.97796297
6800;2.97796297
6801;2.85884452
6802;2.82494521
6803;2.19236541
6804;1.03506315
6805;1.01162231
6806;1.00099599
6807;0.997851491
6808;1.00239992
6809;1.01377463
6810;2.07538605
6811;2.16169715
6812;2.19911122
6813;2.22218776
6814;0
6815;0
6816;0
6817;0
6818;0
6819;0
6820;0
6821;1.14353776
6822;2.00119114
6823;2.91957164
6824;2.97796297
6825;2.92315412
6826;2.85884452
6827;2.19911122
6828;1.08166659
6829;1.04299331
6830;1.02651501
6831;1.01738238
6832;1.00486624
6833;1.00592697
6834;2.03839183
6835;2.09056258
6836;2.14627957
6837;2.19911122
6838;0
6839;0
6840;0
6841;0
6842;0
6843;0
6844;0
6845;1.14353776
6846;2.00119114
6847;2.85884452
6848;2.85884452
6849;2.85884452
6850;2.81050396
6851;2.19911122
6852;1.06593764
6853;1.01521468
6854;0.981746018
6855;0.945385098
6856;0.931219637
6857;0.934873939
6858;1.95677245
6859;2.03839183
6860;2.08979869
6861;2.19489026
6862;0
6863;0
6864;0
6865;0
6866;0
6867;0
6868;0
6869;1.14353776
6870;2.00119114
6871;2.85884452
6872;2.85884452
6873;2.85884452
6874;2.74888921
6875;2.03259468
6876;0.927593946
6877;0.879915178
6878;0.853641272
6879;0.840342343
6880;0.830817938
6881;0.834942877
6882;1.70983529
6883;1.75983036
6884;1.74001491
6885;1.99292052
6886;0
6887;0
6888;0
6889;0
6890;0
6891;0
6892;0
6893;1.09955561
6894;1.92422235
6895;2.74888921
6896;2.74888921
6897;2.49898982
6898;2.39193821
6899;1.82382429
6900;0.873997152
6901;0.841331542
6902;0.812864542
6903;0.803497612
6904;0.801695049
6905;0.808496773
6906;1.66453826
6907;1.73473573
6908;1.82440615
6909;1.81686974
6910;0
6911;0
6912;0
6913;0
6914;0
6915;0
6916;0
6917;1.14353776
6918;1.9932183
6919;2.81382346
6920;2.80719233
6921;2.74888921
6922;2.57832289
6923;1.81686974
6924;0.845311821
6925;0.795006812
6926;0.788646758
6927;0.773915648
6928;0.770370424
6929;0.778340518
6930;1.58824694
6931;1.66891098
6932;1.74479377
6933;1.82382429
6934;0
6935;0
6936;0
6937;0
6938;0
6939;0
6940;0
6941;1.09955561
6942;1.91905546
6943;2.71134734
6944;2.69295835
6945;2.62086964
6946;2.45774126
6947;1.77733576
6948;0.83935535
6949;0.805989444
6950;0.794123471
6951;0.794123471
6952;0.794123471
6953;0.810559869
6954;1.68117881
6955;1.72687685
6956;1.76799297
6957;1.79237902
6958;0
6959;0
6960;0
6961;0
6962;0
6963;0
6964;0
6965;0.999246597
6966;1.76721215
6967;2.54164696
6968;2.5335381
6969;2.48508739
6970;2.26748466
6971;1.77844143
6972;0.866579115
6973;0.849077642
6974;0.838862836
6975;0.841331542
6976;0.860061586
6977;0.881543159
6978;1.78454709
6979;1.83024609
6980;1.86243927
6981;1.89202166
6982;0
6983;0
6984;0
6985;0
6986;0
6987;0
6988;0
6989;1.0217458
6990;1.7925396
6991;2.58298206
6992;2.6276145
6993;2.60938716
6994;2.56260705
6995;2.0196712
6996;0.970415711
6997;0.923399389
6998;0.918947101
6999;0.915709317
7000;0.916002691
7001;0.928196311
7002;1.95276272
7003;2.02324462
7004;2.05450559
7005;2.06117129
7006;0
7007;0
7008;0
7009;0
7010;0
7011;0
7012;0
7013;1.09955561
7014;1.92422235
7015;2.74888921
7016;2.74888921
7017;2.74888921
7018;2.73730803
7019;2.14950705
7020;1.04223275
7021;1.01846981
7022;1.00380778
7023;1.00592697
7024;1.00239992
7025;1.01449418
7026;2.06117129
7027;2.11218667
7028;2.12316704
7029;2.1414566
7030;0
7031;0
7032;0
7033;0
7034;0
7035;0
7036;0
7037;1.09955561
7038;1.92422235
7039;2.78097725
7040;2.84972548
7041;2.85884452
7042;2.81826162
7043;2.19911122
7044;1.08044016
7045;1.05181921
7046;1.03581321
7047;1.02725279
7048;1.02836132
7049;1.04071522
7050;2.13028646
7051;2.19911122
7052;2.20930791
7053;2.28707552
7054;0
7055;0
7056;0
7057;0
7058;0
7059;0
7060;0
7061;1.14353776
7062;2.00119114
7063;2.85884452
7064;2.85884452
7065;2.85199976
7066;2.74888921
7067;2.12001824
7068;1.01992309
7069;1.0034554
7070;0.992999136
7071;0.979056299
7072;0.974384606
7073;0.997155368
7074;2.02970862
7075;2.1326704
7076;2.19911122
7077;2.27614999
7078;0
7079;0
7080;0
7081;0
7082;0
7083;0
7084;0
7085;1.19118512
7086;2.08457398
7087;2.97796297
7088;2.97796297
7089;2.94604754
7090;2.85884452
7091;2.26174402
7092;1.09492314
7093;1.04834783
7094;0.995072961
7095;0.944760263
7096;0.918356776
7097;0.924593985
7098;1.94611609
7099;1.99989128
7100;2.03911877
7101;2.01397991
7102;0
7103;0
7104;0
7105;0
7106;0
7107;0
7108;0
7109;0.994035006
7110;1.76658821
7111;2.55162835
7112;2.56997871
7113;2.50249004
7114;2.2805078
7115;1.74001491
7116;0.822689116
7117;0.800348401
7118;0.800796807
7119;0.794123471
7120;0.789517999
7121;0.794123471
7122;1.60699522
7123;1.67526782
7124;1.70881319
7125;1.72583437
7126;0
7127;0
7128;0
7129;0
7130;0
7131;0
7132;0
7133;0.890883267
7134;1.5484302
7135;2.22790265
7136;2.23556805
7137;2.20317864
7138;2.18967867
7139;1.73368382
7140;0.86161679
7141;0.863177657
7142;0.844812214
7143;0.844313204
7144;0.841827035
7145;0.849329948
7146;1.73789942
7147;1.77844143
7148;1.80482614
7149;1.84918797
7150;0
7151;0
7152;0
7153;0
7154;0
7155;0
7156;0
7157;1.04489934
7158;1.800928
7159;2.53984046
7160;2.49724364
7161;2.43928742
7162;2.34177971
7163;1.82732153
7164;0.899856627
7165;0.88372314
7166;0.88372314
7167;0.890328407
7168;0.904984057
7169;0.918356776
7170;1.90971577
7171;1.98186791
7172;2.05008578
7173;2.07388067
7174;0
7175;0
7176;0
7177;0
7178;0
7179;0
7180;0
7181;1.09955561
7182;1.94139624
7183;2.74888921
7184;2.83615541
7185;2.7021215
7186;2.56536651
7187;1.97229707
7188;0.93548578
7189;0.907569647
7190;0.896189511
7191;0.892273545
7192;0.900707126
7193;0.925791681
7194;2.03621387
7195;2.17072463
7196;2.19911122
7197;2.19911122
7198;0
7199;0
7200;0
7201;0
7202;0
7203;0
7204;0
7205;1.1481303
7206;2.03207874
7207;2.90887713
7208;2.92076468
7209;2.74888921
7210;2.57182837
7211;1.85880661
7212;0.894506991
7213;0.878023505
7214;0.868949711
7215;0.869478226
7216;0.881543159
7217;0.911040306
7218;1.97707093
7219;2.00409722
7220;2.1326704
7221;2.19068551
7222;0
7223;0
7224;0
7225;0
7226;0
7227;0
7228;0
7229;1.09955561
7230;1.92422235
7231;2.74888921
7232;2.67882729
7233;2.60843492
7234;2.52458882
7235;1.95009863
7236;0.936711848
7237;0.912494302
7238;0.897033095
7239;0.898725092
7240;0.909301698
7241;0.926391602
7242;1.97025812
7243;2.04130268
7244;2.00832057
7245;2.01185393
7246;0
7247;0
7248;0
7249;0
7250;0
7251;0
7252;0
7253;1.14353776
7254;2.00119114
7255;2.85884452
7256;2.85884452
7257;2.80498862
7258;2.74888921
7259;2.14225888
7260;1.01846981
7261;0.952313244
7262;0.914830267
7263;0.910460055
7264;0.921910524
7265;0.991965473
7266;2.08522558
7267;2.19236541
7268;2.19911122
7269;2.23959613
7270;0
7271;0
7272;0
7273;0
7274;0
7275;0
7276;0
7277;1.15555561
7278;2.04453516
7279;2.97796297
7280;2.88422585
7281;2.74888921
7282;2.71960092
7283;2.0837059
7284;0.998897433
7285;0.946637273
7286;0.916002691
7287;0.9113307
7288;0.928196311
7289;1.14353776
7290;2.26982498
7291;2.23085809
7292;2.19911122
7293;2.19911122
7294;0
7295;0
7296;0
7297;0
7298;0
7299;0
7300;0
7301;0.982420743
7302;1.66877186
7303;2.315979
7304;2.27832675
7305;2.21753359
7306;2.17237425
7307;1.70728254
7308;0.84207499
7309;0.837388515
7310;0.83935535
7311;0.841331542
7312;0.841579199
7313;0.836898327
7314;1.67232788
7315;1.66308582
7316;1.64537823
7317;1.64018619
7318;0
7319;0
7320;0
7321;0
7322;0
7323;0
7324;0
7325;0.822689116
7326;1.44552958
7327;2.06922722
7328;2.02009916
7329;1.98530865
7330;1.98530865
7331;1.56734896
7332;0.770785749
7333;0.756908834
7334;0.752327502
7335;0.752327502
7336;0.752723694
7337;0.779188991
7338;1.58824694
7339;1.59134126
7340;1.58824694
7341;1.59444761
7342;0
7343;0
7344;0
7345;0
7346;0
7347;0
7348;0
7349;0.872929573
7350;1.57178056
7351;2.28269267
7352;2.35567284
7353;2.36502695
7354;2.35102344
7355;1.84679878
7356;0.916884065
7357;0.916590095
7358;0.916296363
7359;0.918651819
7360;0.933043301
7361;0.960633218
7362;1.98668838
7363;2.02898836
7364;2.02898836
7365;2.03839183
7366;0
7367;0
7368;0
7369;0
7370;0
7371;0
7372;0
7373;1.10850894
7374;2.00119114
7375;2.85884428
7376;2.82159925
7377;2.74888897
7378;2.74888897
7379;2.18984628
7380;1.07112944
7381;1.05609334
7382;1.0533694
7383;1.05453503
7384;1.05765605
7385;1.06792843
7386;2.14547443
7387;2.15843296
7388;2.19573307
7389;2.19911122
7390;0
7391;0
7392;0
7393;0
7394;0
7395;0
7396;0
7397;1.13491249
7398;1.98688567
7399;2.81493139
7400;2.85884428
7401;2.85884428
7402;2.74888897
7403;2.16661215
7404;1.04033649
7405;1.01269734
7406;0.99750334
7407;0.996113122
7408;1.00592697
7409;1.04223275
7410;2.15843296
7411;2.19911122
7412;2.23434496
7413;2.28707552
7414;0
7415;0
7416;0
7417;0
7418;0
7419;0
7420;0
7421;1.19118512
7422;2.08457398
7423;2.97796273
7424;2.97796273
7425;2.85884428
7426;2.74888897
7427;2.14950705
7428;1.02725279
7429;0.989561975
7430;0.954857886
7431;0.947264552
7432;0.989219606
7433;1.04375482
7434;2.18817043
7435;2.19911122
7436;2.28707552
7437;2.28707552
7438;0
7439;0
7440;0
7441;0
7442;0
7443;0
7444;0
7445;1.17406344
7446;2.07248449
7447;2.93515849
7448;2.85884428
7449;2.85884428
7450;2.74888897
7451;2.07162642
7452;0.954220533
7453;0.887564301
7454;0.860061586
7455;0.852877259
7456;0.879373908
7457;0.941648364
7458;2.04935098
7459;2.16743326
7460;2.20589852
7461;2.24751925
7462;0
7463;0
7464;0
7465;0
7466;0
7467;0
7468;0
7469;1.14537036
7470;2.00119114
7471;2.85884428
7472;2.85884428
7473;2.74888897
7474;2.36659312
7475;1.74479377
7476;0.829853296
7477;0.808954298
7478;0.80147028
7479;0.804628372
7480;0.824349642
7481;0.869213879
7482;1.83083224
7483;1.93951464
7484;1.79125607
7485;1.81283736
7486;0
7487;0
7488;0
7489;0
7490;0
7491;0
7492;0
7493;1.14353776
7494;2.00119114
7495;2.85884428
7496;2.80719209
7497;2.73730779
7498;2.50248981
7499;1.82907522
7500;0.881543159
7501;0.855941474
7502;0.840589404
7503;0.839848578
7504;0.853131711
7505;0.892552137
7506;1.87465215
7507;1.99709713
7508;2.0701263
7509;2.16661215
7510;0
7511;0
7512;0
7513;0
7514;0
7515;0
7516;0
7517;1.14353776
7518;2.00119114
7519;2.85884428
7520;2.85884428
7521;2.74888897
7522;2.69600558
7523;2.07764864
7524;1.00099599
7525;0.921910524
7526;0.899856627
7527;0.896189511
7528;0.906131387
7529;0.953583896
7530;2.0196712
7531;2.09056258
7532;2.16497111
7533;2.16661215
7534;0
7535;0
7536;0
7537;0
7538;0
7539;0
7540;0
7541;1.09955561
7542;1.92422235
7543;2.74888897
7544;2.7352128
7545;2.6798315
7546;2.58391571
7547;1.99849319
7548;0.98039937
7549;0.954220533
7550;0.937326074
7551;0.925791681
7552;0.934262931
7553;0.967787564
7554;1.98876143
7555;2.01611042
7556;2.10751534
7557;2.18649673
7558;0
7559;0
7560;0
7561;0
7562;0
7563;0
7564;0
7565;1.10209882
7566;1.92422235
7567;2.74888897
7568;2.73103189
7569;2.63925815
7570;2.44095325
7571;1.7812115
7572;0.861357212
7573;0.852622926
7574;0.856967807
7575;0.873463035
7576;0.890883267
7577;0.916296363
7578;1.90462649
7579;1.97365856
7580;2.04203176
7581;2.06414771
7582;0
7583;0
7584;0
7585;0
7586;0
7587;0
7588;0
7589;1.1340121
7590;1.99879253
7591;2.85884428
7592;2.84292412
7593;2.74888897
7594;2.47991371
7595;1.78399038
7596;0.853896201
7597;0.831784844
7598;0.824112058
7599;0.828650594
7600;0.849582314
7601;0.891161025
7602;1.8174473
7603;1.83907664
7604;1.93034732
7605;1.91355062
7606;0
7607;0
7608;0
7609;0
7610;0
7611;0
7612;0
7613;1.05765605
7614;1.90589631
7615;2.74888897
7616;2.74888897
7617;2.66285801
7618;2.37603426
7619;1.74001491
7620;0.831301093
7621;0.810559869
7622;0.802595317
7623;0.807583213
7624;0.832511485
7625;0.888115764
7626;1.89327455
7627;2.00620675
7628;2.07764864
7629;2.13187528
7630;0
7631;0
7632;0
7633;0
7634;0
7635;0
7636;0
7637;1.09955561
7638;1.92422235
7639;2.74888897
7640;2.74888897
7641;2.61224818
7642;2.32804894
7643;1.72064078
7644;0.823162794
7645;0.803723514
7646;0.799006283
7647;0.808268189
7648;0.840342343
7649;0.880728424
7650;1.80539596
7651;1.82907522
7652;1.82382429
7653;1.81111467
7654;0
7655;0
7656;0
7657;0
7658;0
7659;0
7660;0
7661;1.01955938
7662;1.81530392
7663;2.61034012
7664;2.63051558
7665;2.60463238
7666;2.57368064
7667;2.03766537
7668;1.01126432
7669;1.00169742
7670;0.988877356
7671;0.992999136
7672;1.00416028
7673;1.01629734
7674;2.03984618
7675;2.05155683
7676;2.09515905
7677;2.10518742
7678;0
7679;0
7680;0
7681;0
7682;0
7683;0
7684;0
7685;1.1042273
7686;1.95581615
7687;2.81715059
7688;2.76377082
7689;2.74888897
7690;2.65198922
7691;2.01185393
7692;0.966478884
7693;0.937326074
7694;0.921316326
7695;0.923399389
7696;0.959343791
7697;1.00734472
7698;2.09515905
7699;2.17485332
7700;2.19911122
7701;2.27978039
7702;0
7703;0
7704;0
7705;0
7706;0
7707;0
7708;0
7709;1.19118512
7710;2.08457398
7711;2.97796273
7712;2.97796273
7713;2.92914367
7714;2.74888897
7715;2.03042936
7716;0.915123045
7717;0.875067174
7718;0.853896201
7719;0.854917645
7720;0.885091186
7721;0.985129058
7722;2.08294702
7723;2.13665509
7724;2.19911122
7725;2.19911122
7726;0
7727;0
7728;0
7729;0
7730;0
7731;0
7732;0
7733;1.02357483
7734;1.77284825
7735;2.45436478
7736;2.44764066
7737;2.31447911
7738;2.2922101
7739;1.90589631
7740;1.0217458
7741;1.06000912
7742;1.05648351
7743;1.05414629
7744;1.06952655
7745;1.09157872
7746;2.19911122
7747;2.19911122
7748;2.22911859
7749;2.26353478
7750;0
7751;0
7752;0
7753;0
7754;0
7755;0
7756;0
7757;1.14353776
7758;2.01570439
7759;2.97796273
7760;2.97796273
7761;2.92315388
7762;2.86227918
7763;2.28707552
7764;1.14353776
7765;1.14353776
7766;1.14353776
7767;1.14353776
7768;1.14353776
7769;1.14353776
7770;2.30088091
7771;2.29533887
7772;2.37248492
7773;2.38237023
7774;0
7775;0
7776;0
7777;0
7778;0
7779;0
7780;0
7781;1.20626354
7782;2.1056304
7783;2.99042296
7784;2.99042296
7785;2.97796273
7786;2.97796273
7787;2.38237023
7788;1.15602279
7789;1.14353776
7790;1.14353776
7791;1.14353776
7792;1.14353776
7793;1.16687524
7794;2.38237023
7795;2.38237023
7796;2.46452117
7797;2.4859519
7798;0
7799;0
7800;0
7801;0
7802;0
7803;0
7804;0
7805;1.24297595
7806;2.17520785
7807;3.10743952
7808;3.06348515
7809;2.97796273
7810;2.97796273
7811;2.28707552
7812;1.1102308
7813;1.09955561
7814;1.09955561
7815;1.09955561
7816;1.14125526
7817;1.14353776
7818;2.31860852
7819;2.38237023
7820;2.38237023
7821;2.38237023
7822;0
7823;0
7824;0
7825;0
7826;0
7827;0
7828;0
7829;1.19118512
7830;2.08457398
7831;2.97796273
7832;2.91718817
7833;2.85884428
7834;2.85884428
7835;2.28707552
7836;1.12908554
7837;1.12420154
7838;1.12155533
7839;1.11848378
7840;1.12552941
7841;1.14353776
7842;2.28707552
7843;2.28707552
7844;2.28707552
7845;2.28707552
7846;0
7847;0
7848;0
7849;0
7850;0
7851;0
7852;0
7853;1.19118512
7854;2.08457398
7855;2.97796273
7856;2.97796273
7857;2.97796273
7858;2.8795774
7859;2.28707552
7860;1.14353776
7861;1.14171112
7862;1.11629999
7863;1.10893893
7864;1.13131952
7865;1.14353776
7866;2.28707552
7867;2.34043741
7868;2.38237023
7869;2.38237023
7870;0
7871;0
7872;0
7873;0
7874;0
7875;0
7876;0
7877;1.22749877
7878;2.15459847
7879;3.08065128
7880;3.03744626
7881;2.97796273
7882;2.86917353
7883;2.24223113
7884;1.07434964
7885;1.0119803
7886;0.982420743
7887;0.986488819
7888;1.02725279
7889;1.09955561
7890;2.28707552
7891;2.36757302
7892;2.38237023
7893;2.38237023
7894;0
7895;0
7896;0
7897;0
7898;0
7899;0
7900;0
7901;1.22908187
7902;2.15367103
7903;3.08730483
7904;3.10743952
7905;2.97796273
7906;2.92076445
7907;2.28707552
7908;1.09955561
7909;1.05181921
7910;1.02577841
7911;1.03170145
7912;1.0707283
7913;1.11542904
7914;2.28707552
7915;2.38237023
7916;2.38237023
7917;2.38237023
7918;0
7919;0
7920;0
7921;0
7922;0
7923;0
7924;0
7925;1.21860385
7926;2.11900783
7927;3.08730483
7928;2.9992075
7929;2.97796273
7930;2.93757129
7931;2.28707552
7932;1.09955561
7933;1.07677758
7934;1.05414629
7935;1.063954
7936;1.09955561
7937;1.14353776
7938;2.30180717
7939;2.38237023
7940;2.38237023
7941;2.38237023
7942;0
7943;0
7944;0
7945;0
7946;0
7947;0
7948;0
7949;1.24297595
7950;2.17520785
7951;3.10743952
7952;3.10743952
7953;3.03873754
7954;2.97796273
7955;2.38237023
7956;1.14353776
7957;1.14353776
7958;1.13716972
7959;1.14353776
7960;1.14353776
7961;1.18134069
7962;2.38237023
7963;2.38237023
7964;2.38237023
7965;2.38237023
7966;0
7967;0
7968;0
7969;0
7970;0
7971;0
7972;0
7973;1.19118512
7974;2.08457398
7975;2.97796273
7976;2.97796273
7977;2.97796273
7978;2.97796273
7979;2.38237023
7980;1.19118512
7981;1.19118512
7982;1.19118512
7983;1.19118512
7984;1.19118512
7985;1.19118512
7986;2.40542221
7987;2.4859519
7988;2.47411895
7989;2.4698441
7990;0
7991;0
7992;0
7993;0
7994;0
7995;0
7996;0
7997;1.22434449
7998;2.12711644
7999;3.05301619
8000;3.10743952
8001;3.10743952
8002;2.97796273
8003;2.38237023
8004;1.19118512
8005;1.1735816
8006;1.14905334
8007;1.15649045
8008;1.19118512
8009;1.24297595
8010;2.4859519
8011;2.4859519
8012;2.42274976
8013;2.38237023
8014;0
8015;0
8016;0
8017;0
8018;0
8019;0
8020;0
8021;1.14353776
8022;2.00119114
8023;2.78748512
8024;2.74888921
8025;2.85884452
8026;2.77881479
8027;2.19911122
8028;1.0663352
8029;1.04033649
8030;1.03694034
8031;1.03957987
8032;1.06514323
8033;1.09955561
8034;2.19911122
8035;2.21873856
8036;2.21701789
8037;2.20930791
8038;0
8039;0
8040;0
8041;0
8042;0
8043;0
8044;0
8045;1.08207595
8046;1.86122692
8047;2.64316249
8048;2.66087532
8049;2.6266489
8050;2.60084128
8051;2.06042838
8052;1.01810694
8053;1.01162231
8054;1.00698996
8055;0.992999136
8056;0.986148536
8057;0.98309648
8058;1.96349204
8059;1.95409739
8060;1.89704347
8061;1.93819964
8062;0
8063;0
8064;0
8065;0
8066;0
8067;0
8068;0
8069;0.98039937
8070;1.72041881
8071;2.45943284
8072;2.41946912
8073;2.38555145
8074;2.29294562
8075;1.81168842
8076;0.90241307
8077;0.904697597
8078;0.905844212
8079;0.910170138
8080;0.91278559
8081;0.916002691
8082;1.86122692
8083;1.8995645
8084;1.82966053
8085;1.85038483
8086;0
8087;0
8088;0
8089;0
8090;0
8091;0
8092;0
8093;1.04604626
8094;1.83192158
8095;2.64316249
8096;2.65002275
8097;2.67281651
8098;2.69194412
8099;2.15031552
8100;1.05883133
8101;1.05804753
8102;1.06355822
8103;1.08207595
8104;1.09955561
8105;1.09955561
8106;2.2439909
8107;2.28707552
8108;2.27162862
8109;2.28707552
8110;0
8111;0
8112;0
8113;0
8114;0
8115;0
8116;0
8117;1.14353776
8118;2.00119114
8119;2.85884452
8120;2.85884452
8121;2.86572242
8122;2.85884452
8123;2.23521852
8124;1.09955561
8125;1.08125734
8126;1.06158352
8127;1.06040227
8128;1.08453894
8129;1.09955561
8130;2.19911122
8131;2.22132444
8132;2.26263905
8133;2.28159976
8134;0
8135;0
8136;0
8137;0
8138;0
8139;0
8140;0
8141;1.09955561
8142;1.91905546
8143;2.69295835
8144;2.74888921
8145;2.69600582
8146;2.64414024
8147;2.05968618
8148;1.01233876
8149;0.987511039
8150;0.975714922
8151;0.992654324
8152;0.99959594
8153;1.00698996
8154;2.02467752
8155;2.01824546
8156;1.99083877
8157;1.98530865
8158;0
8159;0
8160;0
8161;0
8162;0
8163;0
8164;0
8165;0.976381361
8166;1.70285153
8167;2.44596553
8168;2.42603922
8169;2.44931841
8170;2.42768741
8171;1.91355062
8172;0.947892725
8173;0.924593985
8174;0.920426428
8175;0.942269146
8176;0.96909982
8177;0.995766103
8178;2.00832057
8179;1.98945332
8180;2.03621387
8181;2.06489301
8182;0
8183;0
8184;0
8185;0
8186;0
8187;0
8188;0
8189;1.14353776
8190;2.00119114
8191;2.85884452
8192;2.85884452
8193;2.85884452
8194;2.84632087
8195;2.25283241
8196;1.1158644
8197;1.11760926
8198;1.12199545
8199;1.11848378
8200;1.11282384
8201;1.11195815
8202;2.21272779
8203;2.20589852
8204;2.19911122
8205;2.19911122
8206;0
8207;0
8208;0
8209;0
8210;0
8211;0
8212;0
8213;1.09955561
8214;1.92422235
8215;2.7520647
8216;2.75737333
8217;2.76698089
8218;2.74888921
8219;2.19911122
8220;1.09955561
8221;1.09955561
8222;1.09955561
8223;1.10508108
8224;1.11542904
8225;1.12908554
8226;2.25017285
8227;2.2439909
8228;2.27796388
8229;2.28707552
8230;0
8231;0
8232;0
8233;0
8234;0
8235;0
8236;0
8237;1.14353776
8238;2.00119114
8239;2.87725902
8240;2.89356732
8241;2.91718817
8242;2.86917377
8243;2.28707552
8244;1.14353776
8245;1.14353776
8246;1.14353776
8247;1.14353776
8248;1.14353776
8249;1.14905334
8250;2.31860852
8251;2.34619975
8252;2.38237023
8253;2.38237023
8254;0
8255;0
8256;0
8257;0
8258;0
8259;0
8260;0
8261;1.19118512
8262;2.08457398
8263;2.97796297
8264;2.97796297
8265;2.97796297
8266;2.97796297
8267;2.38237023
8268;1.17117763
8269;1.15369034
8270;1.1481303
8271;1.18231785
8272;1.19118512
8273;1.19118512
8274;2.38237023
8275;2.38237023
8276;2.38237023
8277;2.38237023
8278;0
8279;0
8280;0
8281;0
8282;0
8283;0
8284;0
8285;1.19118512
8286;2.08457398
8287;2.97796297
8288;3.06611371
8289;3.00804353
8290;2.97796297
8291;2.38237023
8292;1.19118512
8293;1.19118512
8294;1.179878
8295;1.19118512
8296;1.19118512
8297;1.19118512
8298;2.38237023
8299;2.38237023
8300;2.38237023
8301;2.38237023
8302;0
8303;0
8304;0
8305;0
8306;0
8307;0
8308;0
8309;1.19118512
8310;2.09242058
8311;2.98792291
8312;2.9992075
8313;3.0245924
8314;2.97920442
8315;2.38237023
8316;1.19118512
8317;1.19118512
8318;1.19118512
8319;1.19118512
8320;1.19118512
8321;1.19118512
8322;2.38237023
8323;2.38237023
8324;2.38435745
8325;2.40037322
8326;0
8327;0
8328;0
8329;0
8330;0
8331;0
8332;0
8333;1.22697198
8334;2.15274453
8335;3.09935451
8336;3.05955124
8337;3.04261875
8338;3.01565886
8339;2.38535213
8340;1.19118512
8341;1.19118512
8342;1.19118512
8343;1.19118512
8344;1.19118512
8345;1.19168174
8346;2.39333987
8347;2.38933945
8348;2.41660571
8349;2.42172337
8350;0
8351;0
8352;0
8353;0
8354;0
8355;0
8356;0
8357;1.24297595
8358;2.17520785
8359;3.10743976
8360;3.10743976
8361;3.10743976
8362;3.03873777
8363;2.38237023
8364;1.19118512
8365;1.19118512
8366;1.19118512
8367;1.19118512
8368;1.19118512
8369;1.20575476
8370;2.48379183
8371;2.4859519
8372;2.4859519
8373;2.4859519
8374;0
8375;0
8376;0
8377;0
8378;0
8379;0
8380;0
8381;1.23545575
8382;2.16766787
8383;3.08597207
8384;3.10743976
8385;2.9992075
8386;2.97796297
8387;2.38237023
8388;1.16782868
8389;1.14353776
8390;1.14353776
8391;1.14353776
8392;1.16449881
8393;1.18476772
8394;2.38237023
8395;2.38237023
8396;2.38237023
8397;2.38237023
8398;0
8399;0
8400;0
8401;0
8402;0
8403;0
8404;0
8405;1.24297595
8406;2.17520785
8407;3.10743976
8408;3.08065152
8409;3.04780865
8410;2.97796297
8411;2.38237023
8412;1.14353776
8413;1.14353776
8414;1.14353776
8415;1.14353776
8416;1.14353776
8417;1.14353776
8418;2.28707552
8419;2.28707552
8420;2.31579137
8421;2.33565736
8422;0
8423;0
8424;0
8425;0
8426;0
8427;0
8428;0
8429;1.19118512
8430;2.13711143
8431;3.10204506
8432;3.09801102
8433;3.09935451
8434;2.97796297
8435;2.38237023
8436;1.18280697
8437;1.14353776
8438;1.14353776
8439;1.14353776
8440;1.14353776
8441;1.19118512
8442;2.38237023
8443;2.38237023
8444;2.38237023
8445;2.38237023
8446;0
8447;0
8448;0
8449;0
8450;0
8451;0
8452;0
8453;1.19118512
8454;2.08457398
8455;2.97796297
8456;2.86113358
8457;2.85884452
8458;2.85884452
8459;2.28707552
8460;1.13087201
8461;1.11629999
8462;1.11979806
8463;1.12331808
8464;1.14079988
8465;1.14353776
8466;2.28707552
8467;2.28707552
8468;2.28707552
8469;2.28707552
8470;0
8471;0
8472;0
8473;0
8474;0
8475;0
8476;0
8477;1.14353776
8478;2.00119114
8479;2.85884452
8480;2.85884452
8481;2.85884452
8482;2.85884452
8483;2.24663615
8484;1.09955561
8485;1.09955561
8486;1.10679233
8487;1.13671744
8488;1.14353776
8489;1.14353776
8490;2.28707552
8491;2.28707552
8492;2.28707552
8493;2.28707552
8494;0
8495;0
8496;0
8497;0
8498;0
8499;0
8500;0
8501;1.1340121
8502;1.9550519
8503;2.74888921
8504;2.74888921
8505;2.74888921
8506;2.74888921
8507;2.19489026
8508;1.08701313
8509;1.07193267
8510;1.04109406
8511;1.0239414
8512;1.01919591
8513;1.01054955
8514;2.00339484
8515;1.99292052
8516;1.9581126
8517;1.96619296
8518;0
8519;0
8520;0
8521;0
8522;0
8523;0
8524;0
8525;0.998897433
8526;1.74319792
8527;2.52013803
8528;2.48768234
8529;2.54980779
8530;2.55619144
8531;2.03404093
8532;1.01341522
8533;1.01521468
8534;1.01846981
8535;1.02284241
8536;1.03957987
8537;1.06237257
8538;2.13346601
8539;2.13426256
8540;2.1153121
8541;2.12159157
8542;0
8543;0
8544;0
8545;0
8546;0
8547;0
8548;0
8549;1.09955561
8550;1.92422235
8551;2.74888921
8552;2.74888921
8553;2.74888921
8554;2.72478533
8555;2.13505936
8556;1.05259371
8557;1.04566371
8558;1.05220628
8559;1.08044016
8560;1.08495045
8561;1.06713128
8562;2.0844655
8563;2.046417
8564;1.99570298
8565;1.99153221
8566;0
8567;0
8568;0
8569;0
8570;0
8571;0
8572;0
8573;1.04796362
8574;1.9743402
8575;2.85884452
8576;2.85884452
8577;2.85884452
8578;2.85884452
8579;2.28707552
8580;1.14353776
8581;1.14353776
8582;1.14262366
8583;1.14353776
8584;1.14353776
8585;1.14353776
8586;2.28707552
8587;2.28707552
8588;2.31672978
8589;2.33375049
8590;0
8591;0
8592;0
8593;0
8594;0
8595;0
8596;0
8597;1.19516909
8598;2.10651708
8599;3.07138443
8600;3.00804353
8601;2.9992075
8602;2.97796297
8603;2.38237023
8604;1.19118512
8605;1.19118512
8606;1.179878
8607;1.17841899
8608;1.19118512
8609;1.19118512
8610;2.38237023
8611;2.46664739
8612;2.46345925
8613;2.48163605
8614;0
8615;0
8616;0
8617;0
8618;0
8619;0
8620;0
8621;1.24297595
8622;2.17426229
8623;3.10743976
8624;3.10743976
8625;3.10743976
8626;3.03100562
8627;2.38237023
8628;1.16497326
8629;1.14353776
8630;1.14353776
8631;1.14353776
8632;1.14491177
8633;1.17599523
8634;2.38237023
8635;2.38237023
8636;2.38237023
8637;2.38237023
8638;0
8639;0
8640;0
8641;0
8642;0
8643;0
8644;0
8645;1.24297595
8646;2.17520785
8647;3.10743976
8648;3.10743976
8649;3.10743976
8650;3.01693177
8651;2.38237023
8652;1.1439954
8653;1.14353776
8654;1.14353776
8655;1.14353776
8656;1.14353776
8657;1.16735184
8658;2.38237023
8659;2.38237023
8660;2.38336349
8661;2.42377663
8662;0
8663;0
8664;0
8665;0
8666;0
8667;0
8668;0
8669;1.20830286
8670;2.09768462
8671;2.9916749
8672;3.08597207
8673;3.10743976
8674;2.97796297
8675;2.38237023
8676;1.14353776
8677;1.14353776
8678;1.14353776
8679;1.14353776
8680;1.16260445
8681;1.19118512
8682;2.38237023
8683;2.38237023
8684;2.44137025
8685;2.43616915
8686;0
8687;0
8688;0
8689;0
8690;0
8691;0
8692;0
8693;1.24297595
8694;2.17520785
8695;3.10743976
8696;3.10743976
8697;3.10743976
8698;3.02203441
8699;2.38237023
8700;1.19118512
8701;1.19118512
8702;1.1896981
8703;1.17599523
8704;1.19118512
8705;1.19118512
8706;2.38237023
8707;2.38237023
8708;2.38237023
8709;2.38237023
8710;0
8711;0
8712;0
8713;0
8714;0
8715;0
8716;0
8717;1.15183103
8718;2.00842142
8719;2.86227942
8720;2.87725902
8721;2.87494421
8722;2.86113358
8723;2.28707552
8724;1.14353776
8725;1.14353776
8726;1.14353776
8727;1.14353776
8728;1.14353776
8729;1.14674866
8730;2.31017756
8731;2.32426381
8732;2.29533887
8733;2.29074073
8734;0
8735;0
8736;0
8737;0
8738;0
8739;0
8740;0
8741;1.14353776
8742;2.00119114
8743;2.85884452
8744;2.85884452
8745;2.85884452
8746;2.85884452
8747;2.28707552
8748;1.14353776
8749;1.14353776
8750;1.14353776
8751;1.14353776
8752;1.14353776
8753;1.14353776
8754;2.28707552
8755;2.28707552
8756;2.28707552
8757;2.28707552
8758;0
8759;0
