Index;Wert
0;48.6081329
1;49.0991176
2;49.5724493
3;50.0440376
4;50.5139219
5;50.9821401
6;56.5201213
7;56.9904347
8;57.4441884
9;58.1373506
10;56.0483211
11;51.8241775
12;50.1470574
13;48.2524556
14;47.6682125
15;48.1228848
16;49.668241
17;50.845947
18;51.714107
19;52.4200795
20;52.5295558
21;52.4513677
22;47.588253
23;47.7162082
24;47.7961111
25;47.875961
26;48.019558
27;48.2266769
28;48.5287601
29;48.9884183
30;54.2382875
31;54.2845921
32;53.9756031
33;54.0529148
34;53.6194098
35;53.0288717
36;52.1224689
37;51.2255122
38;50.7825743
39;50.4969968
40;50.3698615
41;50.3539603
42;50.2266769
43;50.0355028
44;50.0992608
45;50.1789114
46;44.9663225
47;44.917185
48;45.0645309
49;45.2116777
50;45.2770128
51;45.4075666
52;45.6519401
53;46.106678
54;51.0358728
55;51.3360039
56;51.5409486
57;51.698375
58;51.1465304
59;49.3319304
60;48.1714912
61;47.8632974
62;47.7495393
63;47.7170157
64;48.3980468
65;49.9078862
66;50.8776213
67;51.5409486
68;52.4826485
69;53.1067216
70;48.1629854
71;48.3221518
72;48.7033131
73;49.5566999
74;49.8713218
75;49.9655589
76;49.8870327
77;49.3360039
78;53.5728815
79;53.2622865
80;52.8262502
81;52.5764464
82;51.5566999
83;50.5605153
84;49.6202546
85;49.588253
86;49.9876623
87;50.0036112
88;50.8301069
89;51.5881968
90;52.1695051
91;52.8574427
92;52.9353922
93;53.2311879
94;48.3539603
95;48.9251178
96;49.8084589
97;50.4826485
98;51.3089211
99;51.9756031
100;52.3000236
101;52.3771554
102;56.5960781
103;55.55971
104;54.4079962
105;54.5928989
106;52.9821401
107;51.0042385
108;49.8919246
109;50.1311273
110;50.1789114
111;50.0833244
112;50.3857606
113;51.8870327
114;53.3710756
115;53.8363329
116;52.9042179
117;53.2778332
118;48.4969968
119;48.7191694
120;48.9409459
121;49.3360039
122;49.7927383
123;50.247861
124;50.6701779
125;50.9977191
126;55.9568307
127;55.6055869
128;56.1245197
129;55.972083
130;54.2382875
131;51.3044447
132;50.2425945
133;50.845947
134;51.3044447
135;52.2321936
136;53.2000821
137;54.2382875
138;54.7621803
139;55.2381641
140;55.8042197
141;57.2930873
142;52.4696575
143;52.5312917
144;51.6039021
145;51.9137225
146;51.5728815
147;51.9601355
148;52.2382875
149;51.6349157
150;56.5049253
151;56.8843633
152;57.1872274
153;57.2326049
154;54.8083128
155;51.5251953
156;49.7801348
157;48.978578
158;49.1553868
159;51.3044447
160;53.3244624
161;53.9137225
162;51.9812584
163;49.219615
164;48.6725494
165;48.9624913
166;44.3093013
167;45.0972474
168;45.7170157
169;46.3980468
170;46.1876887
171;45.8957785
172;46.106678
173;46.6886763
174;51.9812584
175;52.560818
176;52.9665593
177;53.8827719
178;52.8574427
179;50.3062445
180;48.5757408
181;47.4075666
182;46.9826968
183;47.0972474
184;48.4950049
185;50.2744236
186;51.0042385
187;51.2886621
188;50.8301069
189;51.2413026
190;46.5918812
191;47.0750522
192;48.2585101
193;48.0355028
194;47.8440274
195;47.6522477
196;47.8599952
197;48.3698615
198;54.1919675
199;54.546696
200;54.0065329
201;54.3308814
202;52.6545606
203;50.0355028
204;48.4626946
205;46.6218891
206;45.9461981
207;45.8965863
208;46.4245722
209;48.2362673
210;49.5082114
211;50.4969968
212;52.0597276
213;53.0600171
214;48.7825743
215;49.4779237
216;49.8084589
217;49.5251953
218;49.5251953
219;48.7191694
220;47.4761797
221;45.9931658
222;50.0355028
223;49.3960628
224;50.5605153
225;49.6042549
226;48.8176107
227;47.9607127
228;46.9826968
229;46.4903851
230;46.5232763
231;47.2606827
232;48.349537
233;49.7002213
234;50.6557321
235;51.6354276
236;51.2413026
237;51.4621627
238;45.9282503
239;45.5868264
240;45.5216746
241;45.7820534
242;45.619388
243;45.7657975
244;46.3171857
245;46.9946626
246;52.5139219
247;52.7482369
248;53.6504198
249;54.6544793
250;54.5774997
251;54.2845921
252;53.293378
253;51.3360039
254;48.9624913
255;47.3912559
256;47.6844826
257;48.8981221
258;49.7641563
259;50.2425945
260;50.1470574
261;50.7667261
262;45.7332787
263;46.0418278
264;46.4303753
265;46.4626946
266;47.6522477
267;47.7961111
268;47.7002213
269;47.9398029
270;53.4952992
271;53.3244624
272;52.9977191
273;53.0288717
274;52.8262502
275;52.4200795
276;52.0126518
277;52.1067864
278;51.0991176
279;50.6874548
280;51.4621627
281;52.2165243
282;52.4044326
283;52.9821401
284;52.8730362
285;53.3244624
286;48.4334455
287;48.7984205
288;49.50944
289;49.4148678
290;49.3990989
291;49.3675553
292;49.4463997
293;49.5566999
294;54.8083128
295;55.5291174
296;55.2688184
297;55.55971
298;55.0541005
299;54.7006469
300;54.1610789
301;52.701407
302;53.0600171
303;53.1689691
304;53.8518143
305;54.3154533
306;54.9005329
307;55.5291174
308;55.55971
309;56.337667
310;51.9291953
311;52.7006469
312;53.6055869
313;54.2463557
314;54.5960781
315;55.0055817
316;55.6253134
317;56.5277778
318;62.102758
319;62.8643171
320;60.6138893
321;61.013185
322;59.0966742
323;55.8347546
324;53.2778332
325;51.7927383
326;51.0200566
327;51.2255122
328;52.3887838
329;53.8827719
330;55.2381641
331;55.6055869
332;56.063564
333;56.3528801
334;51.7588997
335;52.0065329
336;52.0374559
337;51.9291953
338;51.3400019
339;51.3710756
340;51.6814228
341;52.6236925
342;58.2275354
343;58.5277778
344;58.4527709
345;58.6477148
346;58.6027491
347;58.1824495
348;57.9568244
349;58.2275354
350;58.4077496
351;58.6027491
352;58.6027491
353;58.737608
354;58.8873171
355;59.0219352
356;59.0069833
357;59.2460476
358;54.4441258
359;54.7023529
360;54.9146771
361;55.0207271
362;55.1720986
363;54.9601362
364;55.0358711
365;55.1569682
366;60.2433177
367;60.6583025
368;60.5546533
369;60.2136362
370;59.6337727
371;59.0667828
372;58.3477012
373;57.6554802
374;57.7459451
375;57.8966024
376;58.6926678
377;59.2759057
378;59.54438
379;59.8272887
380;59.3952827
381;59.5890825
382;55.0358711
383;55.8062256
384;56.2275354
385;56.5277778
386;57.3206824
387;57.901657
388;58.0651484
389;58.3323304
390;63.4333369
391;63.3604871
392;62.8204707
393;62.1321102
394;61.5882842
395;61.1017888
396;60.8210501
397;60.4361181
398;60.272994
399;60.7175018
400;61.4557414
401;62.8643171
402;63.8552845
403;65.6053977
404;66.3094909
405;63.6371592
406;58.8949741
407;59.2051013
408;59.8677606
409;60.688866
410;62.7251806
411;65.539054
412;66.4349261
413;65.852357
414;71.4350293
415;71.7843642
416;72.0076419
417;72.1052536
418;70.6364027
419;67.1824223
420;65.7205302
421;64.5080934
422;63.7535255
423;63.5935024
424;64.7251806
425;67.6387952
426;69.1431015
427;69.9615216
428;72.8428995
429;73.0512182
430;69.0991311
431;70.1191945
432;71.0512182
433;71.3979816
434;71.3702604
435;71.5226843
436;71.4811245
437;71.6057808
438;75
439;75
440;73.4256993
441;71.658669
442;69.2420494
443;66.5101846
444;63.3604871
445;61.779554
446;60.6434994
447;59.9611272
448;59.4549381
449;59.7528867
450;60.3471612
451;61.2346075
452;63.7535255
453;64.3777181
454;59.955922
455;60.3081198
456;60.688866
457;61.1125752
458;61.4479033
459;61.7971435
460;62.2907496
461;63.2018785
462;67.8381267
463;69.5103818
464;72.2864162
465;72.9262505
466;71.658669
467;69.1855136
468;64.7107161
469;62.0293556
470;60.6583025
471;60.8210501
472;62.102758
473;64.4211868
474;65.9362151
475;67.6530398
476;67.6672834
477;67.2109767
478;62.3632262
479;62.7685674
480;63.3893346
481;62.9709049
482;61.840751
483;61.6080559
484;61.0103934
485;61.1125752
486;65.4901949
487;65.3316758
488;65.3460921
489;64.7251806
490;62.9373703
491;60.8062614
492;59.8272887
493;59.2609773
494;58.7675611
495;59.051835
496;59.4549381
497;60.5990823
498;61.4999338
499;61.8383634
500;61.8530626
501;63.2584474
502;60.8497029
503;62.9131167
504;63.8643474
505;63.8499706
506;64.2808033
507;65.082449
508;66.8034862
509;67.764269
510;74.1451595
511;75
512;72.1191945
513;71.742474
514;69.8910958
515;65.2018785
516;60.7766801
517;58.4827779
518;56.9752862
519;56.4137168
520;57.3384333
521;59.7528867
522;61.6030048
523;62.4400103
524;64.1312
525;64.102176
526;58.0502923
527;56.2876298
528;54.1397547
529;52.1147332
530;50.4357245
531;49.2413026
532;47.8280574
533;47.026825
534;52.3261702
535;52.6701779
536;53.5883927
537;53.5883927
538;53.4176727
539;53.0911552
540;52.888628
541;52.3731332
542;52.4513677
543;52.6389414
544;52.0440376
545;52.8574427
546;53.6349157
547;54.2074092
548;54.0992811
549;55.3607422
550;51.4176727
551;52.0219953
552;53.1154813
553;54.5049253
554;55.6403975
555;56.4827779
556;57.8570401
557;58.8210501
558;63.942461
559;64.0586313
560;61.2936047
561;60.3768188
562;59.216184
563;55.8958054
564;51.698375
565;50.0355028
566;48.9464023
567;49.0429029
568;50.1789114
569;50.5922624
570;50.7984205
571;50.6240013
572;50.4969968
573;50.2903351
574;45.0645309
575;45.1953379
576;45.2606827
577;46.0093888
578;46.6564203
579;47.7162082
580;49.0200566
581;50.0283456
582;56.7327033
583;57.4441884
584;55.7584054
585;55.2841431
586;51.4779237
587;47.0154378
588;43.4520745
589;40.732295
590;39.3208779
591;38.8028404
592;43.9762481
593;47.2770128
594;49.4601607
595;50.8776213
596;51.8870327
597;52.4826485
598;47.7002213
599;48.5287601
600;48.7033131
601;49.0042385
602;49.3044447
603;49.1623307
604;48.1470574
605;47.7162082
606;52.2321936
607;51.6669051
608;50.6557321
609;50.0992608
610;47.2606827
611;42.9078976
612;38.9461038
613;36.3963771
614;35.4803835
615;35.9120117
616;37.882891
617;41.2379252
618;44.1110522
619;45.7476083
620;45.631588
621;46.0453511
622;40.7371797
623;40.7713489
624;40.8908402
625;41.3333083
626;41.9762481
627;41.9256477
628;41.4520745
629;41.1633791
630;46.8844143
631;46.506832
632;45.6979013
633;44.7822829
634;43.0782974
635;40.767265
636;38.6952115
637;37.2262512
638;36.7295796
639;36.9691788
640;38.100408
641;39.9944319
642;40.8895435
643;42.4119256
644;41.376875
645;40.6973102
646;35.1345522
647;35.1712467
648;35.3178265
649;35.2445762
650;34.9139634
651;34.9691788
652;35.9554708
653;36.5694459
654;42.0854832
655;42.154308
656;40.3642056
657;41.2553064
658;42.291797
659;42.993137
660;43.7060689
661;44.5813957
662;45.1328625
663;45.6979013
664;46.177409
665;46.7532318
666;46.7039971
667;47.8957785
668;48.6564203
669;48.6241553
670;43.3825306
671;43.3991534
672;43.2494509
673;43.5652319
674;44.177409
675;44.7860424
676;45.2280152
677;46.7853905
678;53.2467381
679;54.3771554
680;54.6236925
681;54.6082965
682;51.5566999
683;48.6080194
684;46.0123106
685;44.3633042
686;43.5029283
687;43.3502842
688;44.0773689
689;45.9627302
690;47.8470533
691;49.1232595
692;50.1311273
693;50.8776213
694;46.3980468
695;47.0429029
696;47.3319304
697;47.6362522
698;47.7641563
699;47.3640009
700;47.0107449
701;47.1071926
702;52.247861
703;52.2635266
704;52.3105121
705;51.2097198
706;48.7209233
707;46.5725941
708;44.6651484
709;44.2456682
710;44.2288514
711;44.094212
712;44.2456682
713;45.2660954
714;46.917185
715;47.7657975
716;47.6519401
717;48.7692771
718;44.6711615
719;45.6844826
720;46.2362673
721;46.9946626
722;47.4761797
723;47.7002213
724;48.3698615
725;49.2097198
726;54.8697995
727;54.4542447
728;53.6194098
729;52.6076976
730;51.4621627
731;50.8934555
732;49.9876623
733;50.4652252
734;50.6715945
735;50.7033131
736;50.3221518
737;43.4859801
738;44.2288514
739;44.9660731
740;45.6979013
741;46.4245722
742;41.8243665
743;42.5646367
744;43.2993763
745;44.0288321
746;44.7532318
747;45.4727856
748;46.1876887
749;46.8820243
750;52.7482369
751;53.4332016
752;54.1147332
753;54.792937
754;54.500478
755;53.6349157
756;53.0444453
757;52.1538282
758;51.2728776
759;50.9251178
760;51.1307281
761;52.0597276
762;53.4487287
763;54.4850686
764;56.1549881
765;56.6871754
766;52.0838274
767;52.5928989
768;53.0080476
769;53.4373007
770;53.8042197
771;54.3072361
772;54.7782173
773;55.2326049
774;60.4657598
775;60.4805787
776;60.2581565
777;59.051835
778;56.5201213
779;54.3000236
780;52.4357245
781;51.5409486
782;51.4148678
783;52.18518
784;53.2000821
785;54.2382875
786;55.7125767
787;56.5505087
788;57.2326049
789;57.8514206
790;53.4985183
791;54.063564
792;53.8958054
793;53.4832163
794;53.0694481
795;53.0694481
796;52.9005329
797;52.9005329
798;58.2726084
799;58.737608
800;57.8664827
801;58.1223147
802;56.6719963
803;55.7584054
804;54.5774997
805;53.464254
806;53.6504198
807;53.6039021
808;53.7743898
809;54.9466206
810;56.7023529
811;58.4377652
812;59.3803654
813;59.7380022
814;54.6719963
815;54.8237176
816;55.0661544
817;55.429085
818;55.4441884
819;55.1872274
820;54.9601362
821;54.9752862
822;59.901657
823;60.6434994
824;61.529389
825;59.7231163
826;56.5808898
827;55.1921703
828;54.3617324
829;53.8363329
830;53.4952992
831;53.9446663
832;55.1921703
833;56.6416337
834;57.7308713
835;58.167418
836;59.54438
837;59.5741831
838;55.5951407
839;56.032069
840;56.3927397
841;56.4227581
842;56.3627154
843;57.0817292
844;57.4251131
845;57.4251131
846;62.3814046
847;62.4253607
848;59.7082291
849;59.4400263
850;58.032069
851;56.1397547
852;54.3925766
853;52.8730362
854;52.0283456
855;52.0283456
856;52.5920729
857;54.1610789
858;56.1245197
859;57.6102278
860;59.3356052
861;60.020576
862;55.4139801
863;55.685641
864;55.9116601
865;56.3026498
866;56.7076493
867;56.962119
868;57.0966742
869;56.9920299
870;62.0293556
871;62.102758
872;61.7354337
873;59.5294765
874;57.2930873
875;55.3301075
876;53.5573686
877;51.4936829
878;50.1789114
879;49.668241
880;50.2744236
881;52.4826485
882;55.3301075
883;57.4592903
884;59.5145715
885;60.5990823
886;56.737608
887;57.0368858
888;57.3505266
889;57.1116178
890;55.8966024
891;55.8212921
892;56.032069
893;56.3627154
894;61.4999338
895;61.9265399
896;62.4693058
897;61.7207244
898;59.6337727
899;58.2125082
900;56.7175288
901;55.4219922
902;55.0847942
903;55.2841431
904;55.972083
905;57.0358711
906;58.0621567
907;58.8573866
908;59.7677698
909;60.272994
910;55.4441884
911;56.0019755
912;56.3627154
913;56.3326855
914;56.032069
915;55.6253134
916;55.9869266
917;56.6926678
918;62.2641341
919;62.2201373
920;60.8654084
921;60.0948567
922;59.0219352
923;57.8062256
924;56.8388814
925;55.9415767
926;55.4526075
927;55.1308224
928;55.2688184
929;56.17022
930;57.1720986
931;57.6403975
932;59.0368858
933;60.3026648
934;56.1072774
935;56.3627154
936;56.8723526
937;56.9471614
938;57.12656
939;56.737608
940;57.6784507
941;57.7231163
942;62.2201373
943;62.7912337
944;60.6879047
945;59.9165266
946;56.5808898
947;53.8672939
948;52.3418264
949;51.3675553
950;50.4652252
951;50.4334455
952;51.0833094
953;52.560818
954;54.1919675
955;56.200679
956;57.5498706
957;58.6776849
958;54.2615782
959;55.5045872
960;56.6327277
961;57.5145715
962;57.8421651
963;57.9462617
964;58.0502923
965;57.7380022
966;61.9706112
967;61.0722594
968;60.2433177
969;58.3326855
970;56.2767991
971;54.2691589
972;53.464254
973;52.9977191
974;53.3089211
975;53.1845265
976;54.0374559
977;55.0541005
978;56.7630475
979;58.4827779
980;59.0219352
981;58.962119
982;53.6514493
983;53.6667335
984;54.0330766
985;54.2920184
986;54.3833015
987;54.899521
988;54.7478761
989;54.3833015
990;58.7525853
991;58.4377652
992;57.4139801
993;56.3680916
994;55.0080476
995;54.4079962
996;53.6349157
997;52.4513677
998;51.8398941
999;51.8241775
1000;52.0597276
1001;52.701407
1002;53.6349157
1003;54.3463077
1004;55.4985183
1005;55.7889499
1006;50.6545606
1007;50.8574427
1008;51.2622865
1009;51.5418539
1010;52.3308814
1011;52.5620987
1012;52.5158857
1013;52.6390867
1014;57.9267163
1015;58.8124802
1016;59.3356052
1017;58.8424192
1018;57.5649621
1019;56.4897278
1020;55.5750039
1021;55.1461618
1022;55.0541005
1023;55.3147876
1024;55.9568307
1025;56.9752862
1026;58.152385
1027;59.6039806
1028;60.7914714
1029;61.1165516
1030;56.9322025
1031;57.5592822
1032;57.7231163
1033;58.2136362
1034;58.628695
1035;58.9393129
1036;59.4410081
1037;59.7207244
1038;64.8842159
1039;65.1441619
1040;65.3749215
1041;62.6010749
1042;59.4996652
1043;56.7478761
1044;55.1461618
1045;54.0374559
1046;53.7434078
1047;53.7279142
1048;54.2074092
1049;56.1092831
1050;58.7226294
1051;60.5842739
1052;61.4262735
1053;61.9852992
1054;57.4101986
1055;57.886786
1056;58.7470935
1057;59.9265399
1058;60.6303435
1059;60.71812
1060;60.6010749
1061;60.6010749
1062;65.5045991
1063;65.7924524
1064;67.268073
1065;63.6080559
1066;60.2581565
1067;57.8212921
1068;55.7278545
1069;54.1301835
1070;53.1845265
1071;52.8106512
1072;53.2156359
1073;55.0234002
1074;58.2726084
1075;60.3916456
1076;61.1017888
1077;62.0734008
1078;57.3803654
1079;57.2460476
1080;57.12656
1081;57.1713782
1082;56.9920299
1083;56.3026498
1084;55.7308713
1085;55.0661544
1086;59.6784507
1087;59.3505266
1088;59.2759057
1089;58.7226294
1090;57.6403975
1091;56.4137168
1092;54.8390595
1093;53.9446663
1094;52.9509766
1095;52.2165243
1096;50.9725962
1097;50.6081329
1098;50.4652252
1099;50.2744236
1100;50.7825743
1101;50.7667261
1102;45.6356653
1103;45.7820534
1104;45.9931658
1105;46.0418278
1106;46.2200767
1107;46.3980468
1108;46.6080194
1109;47.0107449
1110;52.4357245
1111;52.888628
1112;53.9756031
1113;53.5108192
1114;51.6511673
1115;49.7641563
1116;48.0256095
1117;46.9826968
1118;47.0972474
1119;47.2933405
1120;48.0256095
1121;49.8919246
1122;52.4513677
1123;54.3771554
1124;55.2381641
1125;56.7023529
1126;53.6820162
1127;55.1418364
1128;54.8085524
1129;54.1549881
1130;53.1921703
1131;52.5312917
1132;52.0992811
1133;52.3771554
1134;57.4441884
1135;57.4592903
1136;57.3988738
1137;57.2628491
1138;56.7782173
1139;56.7327033
1140;56.5657
1141;56.200679
1142;56.4137168
1143;56.3224523
1144;56.8692042
1145;57.4139801
1146;57.8664827
1147;58.0922386
1148;58.5727649
1149;58.6926678
1150;53.8347546
1151;53.9568307
1152;54.459328
1153;55.2023548
1154;56.3326855
1155;57.216184
1156;56.5127793
1157;56.5577706
1158;61.6324423
1159;60.8358375
1160;65.8355927
1161;64.0441141
1162;62.0293556
1163;59.4549381
1164;57.7007192
1165;56.3528801
1166;55.8500197
1167;55.5444145
1168;55.5138186
1169;55.8500197
1170;56.5353158
1171;57.8062256
1172;58.8424192
1173;60.2433177
1174;55.9417711
1175;56.7975086
1176;57.4251131
1177;58.020576
1178;57.8272887
1179;59.3673224
1180;60.0293556
1181;60.5718014
1182;67.852357
1183;69.1006805
1184;67.6957675
1185;68.2645937
1186;63.6808053
1187;61.8383634
1188;60.3323304
1189;59.0219352
1190;57.9116601
1191;57.3535457
1192;57.3837659
1193;57.6403975
1194;58.1373506
1195;58.9920299
1196;61.2641087
1197;61.0279555
1198;55.4592903
1199;55.9568244
1200;56.3477012
1201;56.9022803
1202;57.1713782
1203;57.4251131
1204;57.5294765
1205;57.3206824
1206;62.6010749
1207;62.5278821
1208;62.3814046
1209;61.6030048
1210;61.7354337
1211;58.3477012
1212;57.3686565
1213;56.7023529
1214;56.1854503
1215;56.4289221
1216;56.8692042
1217;57.4894897
1218;58.8424192
1219;60.0057158
1220;61.529389
1221;62.8350874
1222;58.4657598
1223;59.4704735
1224;60.5864388
1225;60.7034936
1226;60.5864388
1227;61.5061571
1228;62.5515313
1229;61.4915955
1230;65.28842
1231;65.3460921
1232;64.9420131
1233;63.2876076
1234;60.3026648
1235;58.4827779
1236;57.0964317
1237;55.8500197
1238;55.4219922
1239;55.3760572
1240;55.5902962
1241;56.8237176
1242;58.8573866
1243;60.3174983
1244;61.2641087
1245;62.1467845
1246;57.7826516
1247;58.2433177
1248;58.7027039
1249;59.1165516
1250;59.3673224
1251;59.3525814
1252;59.3968005
1253;59.3378391
1254;64.0586313
1255;63.6808053
1256;63.316763
1257;62.6010749
1258;61.529389
1259;60.4361181
1260;59.5741831
1261;58.4377652
1262;57.7459451
1263;57.3233195
1264;57.3837659
1265;57.9869266
1266;59.5145715
1267;60.4361181
1268;60.628695
1269;61.1608322
1270;56.6776849
1271;57.2609773
1272;57.4996652
1273;57.7380022
1274;57.9165266
1275;58.0502923
1276;58.3174983
1277;58.7914714
1278;63.898878
1279;64.1602194
1280;63.942461
1281;63.3896306
1282;62.1321102
1283;60.9245346
1284;59.5890825
1285;58.2275354
1286;57.5347776
1287;56.6719963
1288;56.5960781
1289;57.1115681
1290;58.3777283
1291;59.3505266
1292;59.9611272
1293;60.9245346
1294;56.4977793
1295;57.051835
1296;57.2609773
1297;57.6188774
1298;57.9611272
1299;58.4064711
1300;58.5250274
1301;58.5546533
1302;63.7535255
1303;64.0441141
1304;64.4211868
1305;64.0731473
1306;62.8204707
1307;60.909755
1308;59.051835
1309;57.3837659
1310;56.2311317
1311;55.7431308
1312;56.1549881
1313;57.4139801
1314;59.6039806
1315;61.3230956
1316;62.644976
1317;63.6371592
1318;59.5588391
1319;60.2787972
1320;60.9957912
1321;61.6517091
1322;62.2762509
1323;62.8408562
1324;63.4181573
1325;63.9505854
1326;69.2279169
1327;69.6655722
1328;70.7206104
1329;70.0460011
1330;68.7468284
1331;67.096734
1332;65.6197931
1333;64.4356741
1334;63.6808053
1335;63.3604871
1336;63.5789478
1337;64.4501603
1338;66.3094909
1339;67.9234932
1340;69.1572398
1341;70.1445171
1342;66.1225393
1343;66.8034862
1344;66.9875148
1345;67.4115633
1346;67.8910958
1347;68.4116839
1348;68.9450005
1349;69.4070579
1350;74.5867674
1351;74.9862376
1352;75
1353;73.4811245
1354;71.8122865
1355;70.4819343
1356;69.369198
1357;68.1367493
1358;67.111018
1359;66.7679127
1360;66.3811913
1361;66.5961322
1362;67.6103029
1363;69.1006805
1364;71.3231219
1365;72.6065666
1366;68.8608821
1367;70.1331346
1368;71.4118409
1369;72.6143395
1370;72.8761084
1371;72.9174131
1372;72.7934769
1373;72.7245945
1374;75
1375;75
1376;75
1377;74.6832551
1378;72.3282015
1379;70.7346418
1380;69.8488288
1381;68.8601281
1382;68.2361909
1383;67.5533059
1384;67.1967
1385;67.4250023
1386;68.5909375
1387;71.0010609
1388;69.5103818
1389;69.820646
1390;65.852357
1391;70.9262505
1392;73
1393;73
1394;73
1395;73
1396;73
1397;73
1398;75
1399;75
1400;75
1401;75
1402;72.4674283
1403;69.7783647
1404;67.6530398
1405;65.9793227
1406;65.1008628
1407;64.6239051
1408;64.6817836
1409;68.0656893
1410;68.4207373
1411;68.7609943
1412;69.1148218
1413;69.4680368
1414;64.9824244
1415;65.3394201
1416;65.6957675
1417;66.0514742
1418;66.4065474
1419;66.7609943
1420;67.1148218
1421;67.4680368
1422;72.6204755
1423;72.9679143
1424;73.3148077
1425;70.8188104
1426;69.369198
1427;67.4392624
1428;65.6197931
1429;63.316763
1430;61.2641087
1431;59.9908543
1432;59.6337727
1433;60.3916456
1434;61.8971527
1435;63.2730281
1436;65.4757896
1437;66.1947145
1438;61.8116805
1439;62.3197437
1440;62.8553105
1441;63.5334042
1442;64.0942286
1443;64.6534093
1444;65.1824223
1445;65.6957675
1446;70.9870472
1447;71.3091293
1448;71.6307267
1449;69.4256831
1450;66.4671965
1451;63.3604871
1452;60.3174983
1453;57.8514206
1454;56.0483211
1455;54.5312917
1456;54.2074092
1457;54.6236925
1458;56.002583
1459;57.277969
1460;60.8506236
1461;61.1608322
1462;55.8664827
1463;55.9568244
1464;56.6327277
1465;57.3803654
1466;58.0502923
1467;60.4107099
1468;62.9131167
1469;64.9967168
1470;71.7983258
1471;72.6065666
1472;70.8889253
1473;66.810834
1474;59.2759057
1475;53.6814228
1476;51.6196859
1477;48.8981221
1478;47.129954
1479;45.8304003
1480;46.4739357
1481;48.1228848
1482;51.1465304
1483;53.7743898
1484;55.3301075
1485;55.9415767
1486;51.0444453
1487;50.9977191
1488;50.9977191
1489;51.0288717
1490;51.1845265
1491;51.9446663
1492;51.8053648
1493;52.7467995
1494;58.4077496
1495;58.6776849
1496;58.1974796
1497;54.0065329
1498;49.0589787
1499;45.2993763
1500;42.2574448
1501;40.1354997
1502;39.6761058
1503;40.2235406
1504;41.7751009
1505;44.8324412
1506;48.4303753
1507;50.4652252
1508;52.3574807
1509;53.0444453
1510;48.4969968
1511;48.1789114
1512;47.3640009
1513;47.0911235
1514;48.4016576
1515;49.50944
1516;50.5920729
1517;51.3710756
1518;57.8062256
1519;59.0219352
1520;58.737608
1521;54.5158857
1522;49.6042549
1523;45.764172
1524;43.4859801
1525;42.0854832
1526;41.0464947
1527;40.5922661
1528;41.0987463
1529;43.0782974
1530;46.4081126
1531;49.7801348
1532;51.6039423
1533;53.1067216
1534;49.4463997
1535;51.5108192
1536;53.5750039
1537;54.899521
1538;55.9267163
1539;56.3927397
1540;57.3803654
1541;57.9313948
1542;63.4042005
1543;63.5498351
1544;61.6913021
1545;57.4441884
1546;53.0444453
1547;49.4921967
1548;46.917185
1549;45.631588
1550;44.5478747
1551;44.0773689
1552;44.296101
1553;45.2660954
1554;47.7820534
1555;50.9725962
1556;54.5620987
1557;55.7584054
1558;50.9665593
1559;50.4982861
1560;49.3833281
1561;48.6557321
1562;48.7033131
1563;49.3517806
1564;50.7170188
1565;51.8982481
1566;57.4894897
1567;57.5045872
1568;55.253492
1569;51.3202253
1570;48.1876887
1571;46.9663225
1572;46.226888
1573;45.4988329
1574;45.631588
1575;45.4490053
1576;45.66475
1577;46.7696383
1578;49.3319304
1579;52.6076976
1580;54.1301835
1581;54.8083128
1582;49.7770159
1583;49.9341541
1584;49.7298371
1585;49.7298371
1586;50.0440376
1587;49.7770159
1588;49.6196859
1589;49.4779237
1590;55.1768358
1591;55.3760572
1592;55.5138186
1593;52.5295558
1594;49.380033
1595;46.6875806
1596;44.7320994
1597;43.4520745
1598;42.5661398
1599;42.1199023
1600;42.3089682
1601;43.4690289
1602;46.5725941
1603;49.219615
1604;49.8120853
1605;50.0036112
1606;45.5705421
1607;46.1876887
1608;47.0750522
1609;48.4652252
1610;49.9655589
1611;51.6349157
1612;51.6659222
1613;51.3555396
1614;55.7889499
1615;54.423414
1616;51.9655589
1617;49.668241
1618;47.5053807
1619;45.116196
1620;42.2402637
1621;40.7497819
1622;39.9238039
1623;39.4631653
1624;39.8000526
1625;40.4695438
1626;42.993137
1627;46.6875806
1628;46.3916504
1629;47.7170157
1630;43.5320378
1631;43.6481703
1632;43.3492771
1633;42.9827645
1634;43.0828547
1635;43.2827372
1636;43.2494509
1637;44.0948923
1638;49.8120853
1639;49.7162082
1640;46.7039971
1641;45.3160126
1642;44.6316558
1643;43.6384039
1644;43.8074759
1645;43.2653739
1646;42.291797
1647;42.8567158
1648;43.9762481
1649;44.7822829
1650;45.4988329
1651;46.1114008
1652;45.3160126
1653;46.4574837
1654;42.2288514
1655;43.1828454
1656;45.1953379
1657;46.3818792
1658;47.1553868
1659;48.2266769
1660;49.1465304
1661;49.6039423
1662;54.8390595
1663;55.1001385
1664;50.5763899
1665;44.8992795
1666;39.8531127
1667;37.4458258
1668;35.2161477
1669;35.2917624
1670;35.4615479
1671;35.4238591
1672;36.2849273
1673;38.100408
1674;40.6623104
1675;42.6688026
1676;43.9425175
1677;44.4807984
1678;39.411577
1679;39.6367968
1680;39.9304299
1681;40.2230792
1682;41.146369
1683;42.2624821
1684;42.8324412
1685;42.7488301
1686;47.7657975
1687;47.4401809
1688;45.2328036
1689;44.0605228
1690;43.6722424
1691;41.7232628
1692;39.7292499
1693;37.6100472
1694;37.0978377
1695;38.8924123
1696;39.4986961
1697;40.4168918
1698;41.9476716
1699;43.6891572
1700;44.1110522
1701;45.2827372
1702;40.8055053
1703;41.5706904
1704;41.9762481
1705;42.0436738
1706;41.7567859
1707;42.4975718
1708;42.9827645
1709;43.631588
1710;49.3640009
1711;50.0036112
1712;48.9624913
1713;47.3586271
1714;45.3825306
1715;45.016139
1716;44.5311099
1717;44.4975718
1718;45.5652319
1719;46.1444101
1720;46.8844143
1721;47.7657975
1722;48.978578
1723;49.9876623
1724;50.0833244
1725;50.4334455
1726;45.423875
1727;45.5868264
1728;45.7657975
1729;45.8795391
1730;46.0580439
1731;46.2524556
1732;46.5273061
1733;46.9624913
1734;52.9353922
1735;53.5573686
1736;51.8713218
1737;49.8440274
1738;48.5273061
1739;47.048169
1740;45.5320378
1741;44.9660731
1742;44.0605228
1743;43.8074759
1744;43.5876234
1745;44.296101
1746;45.8800437
1747;48.8337174
1748;50.2107571
1749;51.4306347
1750;47.2677632
1751;48.0833244
1752;48.8301069
1753;49.4779237
1754;50.0597276
1755;50.6701779
1756;51.3244624
1757;51.8363329
1758;57.0510135
1759;57.0207271
1760;54.9619798
1761;51.8398941
1762;48.5111566
1763;45.1328625
1764;42.8225787
1765;40.644805
1766;38.8924123
1767;38.2089181
1768;39.1604874
1769;40.9418935
1770;42.6688026
1771;44.1952092
1772;46.5890283
1773;47.8308069
1774;42.9159821
1775;43.1828454
1776;44.0123106
1777;44.5725941
1778;45.5542553
1779;46.5595982
1780;47.251716
1781;47.7961111
1782;53.6659222
1783;53.8363329
1784;51.1623307
1785;47.5053807
1786;45.9627302
1787;44.094212
1788;43.0612716
1789;42.1199023
1790;41.272684
1791;40.5572214
1792;40.5572214
1793;41.602186
1794;43.180386
1795;45.8800437
1796;48.3171857
1797;46.7860424
1798;42.296101
1799;46.2524556
1800;45.7332787
1801;45.1953379
1802;45.5868264
1803;50.7326288
1804;51.2000821
1805;49.7927383
1806;53.8982481
1807;53.8518143
1808;54.145632
1809;53.6814228
1810;52.5295558
1811;52.3105121
1812;51.7927383
1813;51.6039423
1814;50.8934555
1815;51.3202253
1816;51.6354276
1817;52.701407
1818;54.2382875
1819;55.5444145
1820;58.2125082
1821;59.1564402
1822;54.7933856
1823;55.126703
1824;55.4592903
1825;55.7911577
1826;56.152385
1827;56.6177391
1828;57.0368858
1829;57.2609773
1830;62.4400103
1831;62.3667501
1832;62.102758
1833;61.4115376
1834;60.3768188
1835;59.0667828
1836;58.0621567
1837;57.1872274
1838;56.9904347
1839;57.3988738
1840;57.7911577
1841;58.0621567
1842;58.8873171
1843;59.8421651
1844;61.3968005
1845;61.9265399
1846;57.0817292
1847;57.2759057
1848;57.5294765
1849;57.4251131
1850;57.4996652
1851;57.4251131
1852;57.4101986
1853;57.6039806
1854;62.688866
1855;62.9811878
1856;61.9999859
1857;61.1755899
1858;59.7380022
1859;58.3927397
1860;57.1418364
1861;56.337667
1862;56.1549881
1863;56.2615782
1864;56.6416337
1865;56.9752862
1866;57.5498706
1867;58.5877577
1868;59.8570401
1869;60.4805787
1870;55.685641
1871;55.9267163
1872;56.5427749
1873;56.9920299
1874;57.4251131
1875;57.9313948
1876;58.1542572
1877;58.7914714
1878;64.2472499
1879;64.5225739
1880;62.9665832
1881;61.514662
1882;59.4549381
1883;57.4139801
1884;55.8500197
1885;54.9619798
1886;54.4542447
1887;55.0847942
1888;55.6667335
1889;56.1092831
1890;57.2628491
1891;59.1415008
1892;60.8210501
1893;61.7207244
1894;56.4227581
1895;56.3176684
1896;56.3176684
1897;56.2425612
1898;55.9568244
1899;56.167418
1900;56.2876298
1901;56.4077496
1902;61.6030048
1903;61.9412316
1904;62.1614575
1905;61.013185
1906;59.051835
1907;56.9752862
1908;55.5444145
1909;53.9910689
1910;53.075587
1911;52.8730362
1912;52.888628
1913;53.6039021
1914;55.6667335
1915;57.8062256
1916;57.4139801
1917;58.152385
1918;55.0661544
1919;56.6776849
1920;57.7528867
1921;58.2878301
1922;58.6434994
1923;58.5250274
1924;58.5546533
1925;59.2788573
1926;64.2327477
1927;63.3896306
1928;59.8719137
1929;56.0788053
1930;53.6814228
1931;51.3833281
1932;51.0991176
1933;51.2886621
1934;52.0440376
1935;53.2622865
1936;53.8053648
1937;54.500478
1938;55.819488
1939;56.5505087
1940;57.4894897
1941;57.6102278
1942;52.500478
1943;52.8083128
1944;52.9466206
1945;52.7775595
1946;52.5928989
1947;53.0080476
1948;52.6082965
1949;52.2228492
1950;57.2628491
1951;56.9298316
1952;55.9873338
1953;55.0080476
1954;53.2000821
1955;51.8870327
1956;50.6081329
1957;49.524224
1958;48.8820243
1959;47.8145581
1960;47.9607127
1961;48.4142122
1962;49.7321931
1963;51.8084589
1964;52.9509766
1965;54.0992811
1966;50.0126518
1967;50.701407
1968;51.3866097
1969;51.4332016
1970;51.2156359
1971;51.7124188
1972;52.3308814
1973;52.823687
1974;58.7675611
1975;58.962119
1976;56.1397547
1977;52.6076976
1978;49.9717113
1979;47.5542553
1980;45.5320378
1981;43.8074759
1982;42.480498
1983;41.8269081
1984;41.757825
1985;42.326136
1986;44.3129062
1987;47.9282503
1988;52.1224689
1989;54.3154533
1990;51.1845265
1991;52.9926933
1992;54.7630475
1993;55.7459451
1994;56.4827779
1995;56.962119
1996;57.2012502
1997;57.3505266
1998;62.3667501
1999;61.3525814
2000;56.3072361
2001;50.0355028
2002;45.9461981
2003;43.2653739
2004;41.3421589
2005;39.8177433
2006;39.6761058
2007;39.7646592
2008;40.1354997
2009;41.1509654
2010;43.3163293
2011;46.2928238
2012;48.0742576
2013;50.1789114
2014;47.1714471
2015;48.3380571
2016;48.7191694
2017;49.1623307
2018;50.0597276
2019;51.1222862
2020;51.5108192
2021;51.6504198
2022;57.6403975
2023;57.429085
2024;53.7743898
2025;48.5918812
2026;46.60546
2027;45.4656172
2028;44.6651484
2029;43.6384039
2030;43.3842266
2031;43.4690289
2032;43.8074759
2033;44.5646367
2034;45.8634986
2035;48.0256095
2036;50.1151951
2037;51.8241775
2038;48.3857606
2039;49.7298371
2040;50.9509766
2041;51.5263375
2042;52.5620987
2043;53.3760572
2044;54.0483211
2045;55.0661544
2046;60.8210501
2047;60.2433177
2048;54.1147332
2049;48.9142177
2050;46.226888
2051;44.6316558
2052;43.2483826
2053;42.0510506
2054;41.5675614
2055;41.7405456
2056;41.9821448
2057;42.9760955
2058;44.7320994
2059;46.4739357
2060;47.2606827
2061;48.6725494
2062;44.3916504
2063;44.9499458
2064;44.7696383
2065;43.7476083
2066;42.8825741
2067;42.8992795
2068;43.1328625
2069;42.9493789
2070;47.9120156
2071;47.619388
2072;46.7204112
2073;45.9627302
2074;44.9493789
2075;43.09532
2076;41.5329227
2077;40.311485
2078;39.5697087
2079;40.5747456
2080;42.0338292
2081;42.4633598
2082;42.9420029
2083;43.5706904
2084;42.8567158
2085;43.2313881
2086;38.4695438
2087;39.7059765
2088;41.9931089
2089;44.226888
2090;45.7332787
2091;46.7692771
2092;47.6202546
2093;48.2107571
2094;53.8982481
2095;53.8208497
2096;51.9184489
2097;49.9398029
2098;47.9282503
2099;45.8304003
2100;43.9256477
2101;43.3333083
2102;43.2823622
2103;43.2143905
2104;43.2653739
2105;43.4859801
2106;44.4136761
2107;45.0495024
2108;50.1470574
2109;53.4797775
2110;50.3261702
2111;51.1067216
2112;51.3400019
2113;52.2845921
2114;52.2845921
2115;53.2841431
2116;54.1854503
2117;54.7327033
2118;60.2136362
2119;60.5694643
2120;59.797532
2121;55.7431308
2122;52.6545606
2123;48.0418278
2124;42.7371797
2125;39.3208779
2126;36.8218357
2127;35.2350604
2128;34.5503378
2129;34.3010578
2130;34.9697329
2131;38.5334733
2132;43.0442427
2133;45.9627302
2134;42.0436738
2135;42.9994531
2136;43.681327
2137;44.7532318
2138;45.5868264
2139;46.6241553
2140;46.9142177
2141;47.3319304
2142;52.9665593
2143;53.6039021
2144;53.293378
2145;50.2107571
2146;48.106678
2147;47.0154378
2148;45.1995009
2149;44.1615552
2150;43.1123395
2151;41.9476716
2152;41.5155982
2153;41.4289226
2154;45.764172
2155;46.3422486
2156;46.917185
2157;47.4890844
2158;42.7655579
2159;43.3326462
2160;43.9131262
2161;44.4903851
2162;45.0645309
2163;45.6356653
2164;46.2038838
2165;46.7531614
2166;52.4826485
2167;53.0288717
2168;53.5728815
2169;54.1147332
2170;48.704801
2171;47.8470533
2172;47.1626508
2173;48.704801
2174;46.4410292
2175;46.177409
2176;45.8469507
2177;45.8965863
2178;46.5561574
2179;48.6080194
2180;49.7801348
2181;50.9725962
2182;46.5595982
2183;46.8176107
2184;47.4921967
2185;48.019558
2186;48.5446388
2187;48.7825743
2188;49.698375
2189;50.7638432
2190;57.1115681
2191;58.1824495
2192;58.1974796
2193;52.18518
2194;47.6519401
2195;44.1110522
2196;40.9942105
2197;38.4254493
2198;36.024118
2199;33.934707
2200;32.363611
2201;31.6398694
2202;31.9830402
2203;34.8746823
2204;38.1365963
2205;39.6761058
2206;35.4275548
2207;36.5154804
2208;37.1783253
2209;36.8386821
2210;36.3172648
2211;36.6233718
2212;37.1069486
2213;37.9591258
2214;45.3825306
2215;47.1136019
2216;47.4727856
2217;41.6540969
2218;36.1173874
2219;32.123608
2220;28.6344617
2221;26.0258635
2222;24.6840139
2223;24.0813461
2224;23.3696199
2225;23.3132612
2226;24.7610573
2227;28.0600477
2228;32.5030589
2229;35.3672817
2230;30.6619395
2231;31.7797164
2232;33.1783045
2233;34.2291297
2234;35.9010429
2235;37.2318138
2236;39.0464947
2237;40.6859017
2238;46.818843
2239;47.8145581
2240;47.3096658
2241;42.480498
2242;36.9875737
2243;32.263757
2244;29.0695825
2245;26.6200522
2246;24.7610573
2247;23.8390579
2248;30.5524941
2249;36.895548
2250;38.2450518
2251;38.999757
2252;40.0120791
2253;41.8096425
2254;36.9818769
2255;37.1426454
2256;36.5334733
2257;36.5874256
2258;37.3030734
2259;37.7823579
2260;38.3466359
2261;39.0639155
2262;44.8658659
2263;45.0328221
2264;44.8157246
2265;42.7713489
2266;41.1509654
2267;39.8177433
2268;38.3894057
2269;38.7311052
2270;40.8022202
2271;42.1887003
2272;42.4633598
2273;42.7371797
2274;43.2993473
2275;44.2624821
2276;45.714473
2277;46.9826968
2278;42.9159821
2279;44.7039971
2280;43.7476083
2281;45.8470533
2282;47.668241
2283;49.3202253
2284;49.8241775
2285;50.2791903
2286;56.3528801
2287;56.8388814
2288;55.2075032
2289;51.1149239
2290;47.7332787
2291;44.5646367
2292;41.6367968
2293;39.071235
2294;36.9507787
2295;35.3484108
2296;34.377877
2297;34.1085453
2298;34.7031983
2299;36.8402715
2300;40.1707277
2301;42.4119256
2302;38.4695438
2303;39.757825
2304;40.9590508
2305;42.279293
2306;43.631588
2307;44.8516336
2308;45.9931658
2309;47.1553868
2310;53.5263375
2311;54.5928989
2312;53.3555396
2313;47.6356653
2314;41.6194931
2315;35.4992133
2316;30.0505558
2317;25.7107398
2318;21.9904624
2319;NaN
2320;NaN
2321;NaN
2322;NaN
2323;24.476879
2324;30.6770053
2325;34.0699622
2326;31.7603112
2327;34.8402715
2328;37.4631653
2329;39.9649099
2330;42.1615552
2331;43.8965863
2332;45.2770128
2333;46.2686416
2334;52.1695051
2335;52.701407
2336;50.5128795
2337;42.6859017
2338;36.3778155
2339;30.6355436
2340;25.7838616
2341;21.5200941
2342;NaN
2343;NaN
2344;NaN
2345;NaN
2346;NaN
2347;23.8932467
2348;29.4779583
2349;33.0765931
2350;30.6421076
2351;33.7434736
2352;36.3533442
2353;38.5922661
2354;40.291797
2355;41.6553247
2356;42.7655579
2357;43.681327
2358;49.6842322
2359;50.2744236
2360;48.2200767
2361;39.8884662
2362;33.1748199
2363;27.9035802
2364;24.4508085
2365;21.5200941
2366;NaN
2367;NaN
2368;NaN
2369;NaN
2370;NaN
2371;22.5841852
2372;28.1935317
2373;30.9043065
2374;28.1136485
2375;30.0232456
2376;32.1278267
2377;34.1173874
2378;35.0611032
2379;32.7985299
2380;33.1404371
2381;33.7997038
2382;40.3993336
2383;45.3825306
2384;41.4809385
2385;39.4453938
2386;36.6556815
2387;34.6650214
2388;32.7213873
2389;30.9660843
2390;28.9613224
2391;28.1268614
2392;28.8091817
2393;28.5906377
2394;31.5181279
2395;38.6054009
2396;43.3333083
2397;45.3160126
2398;40.549018
2399;40.9760955
2400;41.6045533
2401;42.0436738
2402;42.8157246
2403;44.1114008
2404;45.3259887
2405;46.8176107
2406;53.5263375
2407;54.5928989
2408;51.50944
2409;45.4157734
2410;41.0464947
2411;38.0279763
2412;35.5368554
2413;33.3511563
2414;31.2327586
2415;29.6059633
2416;28.5906377
2417;28.8309578
2418;29.2421023
2419;31.4774736
2420;35.0077099
2421;36.8033948
2422;32.2048851
2423;33.5744742
2424;35.0611032
2425;36.2811673
2426;37.1783253
2427;38.1531157
2428;39.5155982
2429;40.8055053
2430;47.1463036
2431;48.2200767
2432;45.9792596
2433;40.2587299
2434;35.1404371
2435;30.1136485
2436;27.1314863
2437;25.1916114
2438;24.1080261
2439;24.9649092
2440;24.476879
2441;25.2915215
2442;27.0623274
2443;28.2822051
2444;32.9781763
2445;36.8402715
2446;33.6684202
2447;35.7920611
2448;36.7669815
2449;38.2059402
2450;41.1123395
2451;42.4640221
2452;43.0495024
2453;43.3492771
2454;48.0418278
2455;47.2933405
2456;45.6481703
2457;40.1354997
2458;37.2262512
2459;36.7664975
2460;36.3778155
2461;37.5006097
2462;38.4434644
2463;40.4168918
2464;41.0987463
2465;41.0116422
2466;40.6272957
2467;40.4519969
2468;42.1371068
2469;43.7736856
2470;40.1371068
2471;40.8908402
2472;41.6891572
2473;42.279293
2474;42.8157246
2475;43.3492771
2476;43.9792596
2477;45.2770128
2478;51.4148678
2479;52.18518
2480;49.3479668
2481;41.4636034
2482;35.7059583
2483;31.9025247
2484;29.902937
2485;28.0600477
2486;26.9234706
2487;25.6373688
2488;25.5391444
2489;25.6618538
2490;26.3604221
2491;28.85272
2492;32.6421076
2493;35.253967
2494;32.6077084
2495;35.5371081
2496;38.1002562
2497;39.3942277
2498;39.4982701
2499;37.9944319
2500;40.0338292
2501;42.5813957
2502;49.5562428
2503;50.5287601
2504;46.1609108
2505;39.7823579
2506;36.4334841
2507;33.4878943
2508;30.6562797
2509;28.1935317
2510;26.2653187
2511;25.1163422
2512;24.8122351
2513;25.7351411
2514;26.5495146
2515;28.6344617
2516;30.9660843
2517;32.8993046
2518;28.7391198
2519;30.5428276
2520;31.68262
2521;32.8556535
2522;33.7622227
2523;35.0243486
2524;35.152902
2525;35.3909982
2526;40.9069972
2527;41.203152
2528;40.4870869
2529;36.9691788
2530;34.358682
2531;32.0834889
2532;30.4900956
2533;29.4993236
2534;28.1491007
2535;27.2463613
2536;27.5428327
2537;28.3926991
2538;29.1343768
2539;30.4484431
2540;32.997875
2541;36.3406764
2542;33.8184359
2543;34.9139634
2544;36.0460911
2545;36.5334733
2546;37.8000526
2547;39.0813327
2548;39.9649099
2549;41.0101754
2550;47.1789956
2551;47.4401809
2552;43.146369
2553;37.2262512
2554;33.0175659
2555;29.8394968
2556;26.9002568
2557;24.6066307
2558;22.7042757
2559;21.48505
2560;20.5392457
2561;21.0820844
2562;21.5549169
2563;24.3723502
2564;28.5906377
2565;31.4164223
2566;29.4571325
2567;32.1085453
2568;34.9507787
2569;37.1247991
2570;38.8720862
2571;40.2574448
2572;41.2993473
2573;41.7905822
2574;47.8145581
2575;47.9282503
2576;43.6214801
2577;35.0266893
2578;29.2851009
2579;24.9902326
2580;21.3424866
2581;NaN
2582;NaN
2583;NaN
2584;NaN
2585;NaN
2586;NaN
2587;NaN
2588;25.8809783
2589;28.7873915
2590;24.8770223
2591;26.8962024
2592;NaN
2593;NaN
2594;NaN
2595;NaN
2596;NaN
2597;NaN
2598;NaN
2599;NaN
2600;NaN
2601;NaN
2602;NaN
2603;NaN
2604;NaN
2605;NaN
2606;NaN
2607;NaN
2608;NaN
2609;NaN
2610;NaN
2611;NaN
2612;NaN
2613;NaN
2614;NaN
2615;NaN
2616;NaN
2617;NaN
2618;NaN
2619;NaN
2620;NaN
2621;NaN
2622;NaN
2623;NaN
2624;NaN
2625;NaN
2626;NaN
2627;NaN
2628;NaN
2629;NaN
2630;NaN
2631;NaN
2632;NaN
2633;NaN
2634;NaN
2635;NaN
2636;NaN
2637;NaN
2638;NaN
2639;NaN
2640;23.1665542
2641;26.612557
2642;29.314482
2643;30.5825637
2644;31.934707
2645;33.5180373
2646;40.3817715
2647;40.644805
2648;36.3406764
2649;27.4974236
2650;20.5392457
2651;NaN
2652;NaN
2653;NaN
2654;NaN
2655;NaN
2656;NaN
2657;NaN
2658;NaN
2659;NaN
2660;NaN
2661;23.0563249
2662;20.0871453
2663;24.0979602
2664;26.8309578
2665;28.1556536
2666;29.6398694
2667;30.8400694
2668;32.3394806
2669;33.4050058
2670;39.5164553
2671;39.8531127
2672;35.253967
2673;27.9707362
2674;NaN
2675;NaN
2676;NaN
2677;NaN
2678;NaN
2679;NaN
2680;NaN
2681;NaN
2682;NaN
2683;NaN
2684;NaN
2685;21.5549169
2686;18.5392457
2687;22.9649092
2688;25.9483674
2689;28.0295021
2690;29.3960531
2691;30.6817634
2692;31.5268969
2693;32.1085453
2694;38.4074298
2695;38.3353067
2696;34.3010578
2697;25.4898588
2698;21.8924761
2699;20.5392457
2700;23.5925867
2701;23.6477418
2702;27.7688164
2703;26.5023781
2704;27.2004692
2705;27.4746919
2706;28.1268614
2707;29.3280476
2708;31.9226667
2709;34.2818366
2710;29.334889
2711;30.263757
2712;31.5073992
2713;32.031352
2714;32.6268191
2715;33.0456625
2716;33.9680899
2717;34.7664975
2718;40.9942105
2719;40.6623104
2720;39.1247991
2721;35.4615479
2722;32.5030589
2723;30.5109058
2724;27.9930885
2725;25.6618538
2726;25.1414645
2727;24.3461138
2728;24.3461138
2729;23.6201925
2730;24.2671484
2731;25.7838616
2732;29.0479575
2733;32.7609795
2734;24.3129177
2735;31.7603112
2736;35.1712467
2737;36.6233718
2738;37.1604874
2739;37.2139885
2740;36.8565964
2741;36.1365963
2742;39.8177433
2743;38.1365963
2744;34.7413498
2745;30.0295021
2746;26.8071942
2747;25.0155218
2748;22.8817581
2749;22.8817581
2750;23.5372028
2751;25.5145162
2752;25.7838616
2753;27.1774943
2754;29.2851009
2755;31.8622143
2756;33.5463873
2757;34.4354224
2758;29.7208479
2759;31.4488628
2760;32.2626087
2761;33.3861467
2762;34.7480411
2763;35.2995213
2764;35.8102365
2765;36.6593004
2766;42.9249519
2767;43.4351172
2768;43.4351172
2769;42.9078976
2770;41.7405456
2771;40.2411372
2772;38.2992183
2773;36.1732831
2774;34.9887245
2775;34.4354224
2776;34.7794762
2777;35.0266893
2778;35.8933078
2779;36.6556815
2780;38.3894057
2781;39.9944319
2782;37.7469566
2783;36.9639925
2784;36.3894057
2785;40.2058914
2786;42.5143423
2787;43.3991534
2788;43.8965863
2789;43.9627302
2790;50.3539603
2791;50.2425945
2792;46.0453511
2793;42.4976329
2794;38.9103137
2795;35.3295339
2796;31.9830402
2797;28.85272
2798;25.9776719
2799;23.5372028
2800;21.3424866
2801;NaN
2802;NaN
2803;20.49202
2804;25.9051909
2805;29.902937
2806;26.2378996
2807;28.3858835
2808;30.5825637
2809;32.9887245
2810;35.5371081
2811;37.2318138
2812;37.7823579
2813;38.8371606
2814;43.5029283
2815;42.154308
2816;39.9944319
2817;35.7434736
2818;33.7797164
2819;32.4632577
2820;31.171365
2821;30.1346567
2822;27.6560434
2823;26.1458996
2824;25.7107398
2825;26.9002568
2826;28.0377442
2827;29.5633446
2828;31.6196021
2829;30.9249091
2830;27.1343768
2831;29.2940655
2832;31.4683822
2833;33.3672817
2834;34.6187012
2835;35.6647013
2836;36.9461038
2837;37.4453938
2838;44.5143423
2839;44.6149053
2840;39.3208779
2841;34.0892571
2842;30.1136485
2843;25.4898588
2844;NaN
2845;NaN
2846;NaN
2847;NaN
2848;NaN
2849;NaN
2850;NaN
2851;NaN
2852;NaN
2853;20.6304196
2854;NaN
2855;18.7180181
2856;20.7637783
2857;20.9984431
2858;21.0563249
2859;25.5428327
2860;31.4488628
2861;33.8184359
2862;40.5396934
2863;41.2379252
2864;40.6798122
2865;38.9461038
2866;36.2663335
2867;34.2433741
2868;32.3236944
2869;30.9455017
2870;29.3065807
2871;28.3706309
2872;28.7000889
2873;28.85272
2874;33.934707
2875;34.4162471
2876;34.9127211
2877;35.3861467
2878;29.9830402
2879;30.5030589
2880;30.997875
2881;31.4878943
2882;31.9927145
2883;32.4737535
2884;32.9697329
2885;33.4427064
2886;39.5519616
2887;40.0120791
2888;40.4519969
2889;40.8895435
2890;34.1085453
2891;31.6803768
2892;29.4993236
2893;27.4063876
2894;26.4315035
2895;25.7838616
2896;25.808181
2897;26.5495146
2898;27.2004692
2899;28.5906377
2900;30.5732723
2901;31.7410699
2902;27.7122959
2903;28.8424379
2904;29.8823739
2905;30.4234237
2906;30.8795673
2907;31.3902609
2908;32.7413498
2909;33.8745983
2910;39.9944319
2911;41.0464947
2912;36.1732831
2913;32.8993046
2914;29.4993236
2915;27.0161224
2916;25.5883138
2917;24.3461138
2918;23.2849849
2919;22.8817581
2920;23.5094233
2921;24.4246971
2922;25.7351411
2923;27.7012046
2924;29.8818021
2925;33.0962536
2926;29.9830402
2927;32.2048851
2928;34.7295796
2929;36.8028404
2930;37.4986961
2931;39.5675614
2932;40.9249519
2933;42.2624821
2934;48.4626946
2935;47.4075666
2936;42.2746226
2937;38.3353067
2938;35.7809661
2939;33.2140579
2940;30.8424379
2941;28.85272
2942;27.6108122
2943;26.2176239
2944;26.2414834
2945;26.9002568
2946;26.7137952
2947;28.0600477
2948;30.9249091
2949;31.5993256
2950;25.7462963
2951;27.4351901
2952;31.3902609
2953;36.2992183
2954;37.9591258
2955;38.5396934
2956;39.2379252
2957;40.6517002
2958;47.4727856
2959;46.9335667
2960;40.9942105
2961;35.1593738
2962;31.6398694
2963;28.4808208
2964;25.9776719
2965;24.0010231
2966;22.0871453
2967;21.1581073
2968;20.443477
2969;21.0820844
2970;22.1826187
2971;23.7846629
2972;25.6128555
2973;26.0979602
2974;21.7846629
2975;24.2414834
2976;31.6437321
2977;35.079473
2978;35.7011135
2979;36.2269872
2980;35.0978377
2981;35.5918196
2982;40.7148044
2983;39.7646592
2984;38.3533442
2985;38.8565964
2986;37.5918196
2987;36.3963771
2988;35.1214943
2989;33.4488628
2990;32.5229473
2991;33.3511563
2992;34.8746823
2993;34.5885912
2994;33.1944426
2995;33.1944426
2996;35.2728677
2997;37.7920611
2998;34.5446777
2999;36.6772581
3000;38.1707277
3001;40.0166045
3002;40.9078976
3003;41.4859801
3004;41.4690289
3005;41.0612716
3006;45.615003
3007;43.8918993
3008;42.6174858
3009;41.2379252
3010;39.4986961
3011;37.2628961
3012;35.2161477
3013;33.5658706
3014;32.3236944
3015;32.8993046
3016;33.1748199
3017;33.3315931
3018;35.4427064
3019;37.4823532
3020;38.3713772
3021;41.8441703
3022;37.2852647
3023;38.3642056
3024;39.1683645
3025;39.9993764
3026;40.6859017
3027;40.7713489
3028;40.9249519
3029;41.7736856
3030;46.8352395
3031;45.2494509
3032;43.2143905
3033;41.1509654
3034;39.2139885
3035;37.0978377
3036;36.3035157
3037;35.5368554
3038;34.4929092
3039;34.2626087
3040;33.3120224
3041;33.1748199
3042;33.5658706
3043;35.0456625
3044;36.3406764
3045;37.8465731
3046;31.4878943
3047;33.4427064
3048;37.0176328
3049;38.9244472
3050;40.8908402
3051;42.2624821
3052;43.1661872
3053;43.8304003
3054;49.5562428
3055;48.2524556
3056;42.0338292
3057;36.7111129
3058;32.4433448
3059;29.1559483
3060;26.6903919
3061;23.8661778
3062;21.0820844
3063;NaN
3064;21.5200941
3065;23.6201925
3066;24.2407398
3067;28.0154245
3068;31.334889
3069;31.5587452
3070;28.1766392
3071;30.123608
3072;31.5658706
3073;31.9540497
3074;31.4878943
3075;31.4098021
3076;31.7797164
3077;32.6650214
3078;38.6233718
3079;38.2992183
3080;36.7664975
3081;32.5626997
3082;29.2851009
3083;26.946664
3084;26.7137952
3085;29.6697994
3086;27.4746919
3087;25.1665542
3088;24.6066307
3089;24.9395513
3090;25.6863107
3091;25.6128555
3092;27.5428327
3093;29.2636081
3094;25.8362743
3095;28.092629
3096;29.3960531
3097;30.263757
3098;30.7213873
3099;31.3315931
3100;32.4354224
3101;33.4238591
3102;39.3742666
3103;37.6100472
3104;33.4293361
3105;25.6128555
3106;NaN
3107;NaN
3108;NaN
3109;NaN
3110;NaN
3111;NaN
3112;NaN
3113;NaN
3114;NaN
3115;NaN
3116;NaN
3117;NaN
3118;NaN
3119;19.5200941
3120;21.5925867
3121;22.9395513
3122;23.8324735
3123;24.3604221
3124;24.5965618
3125;25.1084531
3126;31.9629244
3127;31.1303874
3128;26.5495146
3129;NaN
3130;NaN
3131;NaN
3132;NaN
3133;NaN
3134;NaN
3135;NaN
3136;NaN
3137;NaN
3138;NaN
3139;NaN
3140;NaN
3141;NaN
3142;NaN
3143;NaN
3144;NaN
3145;21.4536853
3146;24.3841391
3147;27.2851009
3148;29.9428
3149;32.1856305
3150;39.4986961
3151;40.3642056
3152;40.5572214
3153;38.5154804
3154;38.6952115
3155;39.3564745
3156;39.906137
3157;39.6051906
3158;39.0355045
3159;37.9191902
3160;37.0611032
3161;36.1360248
3162;36.2105196
3163;36.9323736
3164;38.1908445
3165;39.4453938
3166;34.7849487
3167;36.5694459
3168;38.0826286
3169;38.9942105
3170;39.6194931
3171;40.1887003
3172;41.2823622
3173;41.6891572
3174;47.3096658
3175;46.9990685
3176;46.4081126
3177;44.8324412
3178;43.0442427
3179;41.8786844
3180;40.0473617
3181;38.9639925
3182;37.6647013
3183;36.8218357
3184;36.2849273
3185;36.4334841
3186;36.692641
3187;36.8587021
3188;38.7311052
3189;42.0338292
3190;38.3817715
3191;40.2574448
3192;42.7320994
3193;44.7368227
3194;46.1228848
3195;47.0911235
3196;47.9078862
3197;48.3857606
3198;53.8208497
3199;52.5139219
3200;47.2443502
3201;44.8324412
3202;41.6540969
3203;39.4986961
3204;37.773881
3205;36.0614423
3206;34.5694677
3207;33.3120224
3208;32.5428276
3209;32.2837445
3210;32.5825637
3211;33.1355518
3212;34.7222772
3213;37.8284071
3214;34.7664975
3215;36.8565964
3216;38.7148044
3217;40.3089682
3218;41.8243665
3219;42.9827645
3220;44.0288321
3221;44.5561574
3222;50.0833244
3223;48.1876887
3224;42.5832584
3225;38.2811673
3226;35.7622227
3227;35.2350604
3228;35.7997038
3229;35.7247188
3230;38.6593004
3231;38.2631118
3232;38.1908445
3233;38.4074298
3234;39.2852647
3235;44.6818904
3236;46.6383158
3237;46.8516336
3238;42.2120318
3239;43.2494509
3240;44.7860424
3241;45.8308069
3242;46.4142122
3243;46.5273061
3244;46.5111566
3245;46.8981221
3246;52.2791903
3247;51.9184489
3248;51.0674992
3249;51.3990989
3250;50.6715945
3251;49.9238456
3252;48.1876887
3253;45.66475
3254;42.5832584
3255;41.5502438
3256;40.6798122
3257;41.3942277
3258;43.6553247
3259;43.5368155
3260;44.5646367
3261;47.0318047
3262;42.8992795
3263;44.3587185
3264;45.9769404
3265;47.3479668
3266;48.6240013
3267;49.4148678
3268;50.2635266
3269;51.075587
3270;56.8843633
3271;54.5928989
3272;49.3158919
3273;47.423875
3274;45.1328625
3275;42.9249519
3276;41.0987463
3277;38.7131605
3278;37.2995213
3279;36.0427829
3280;35.1593738
3281;34.8175774
3282;35.2161477
3283;36.4149333
3284;38.3533442
3285;40.2763188
3286;36.2992183
3287;37.3386783
3288;37.9767808
3289;38.7148044
3290;39.1509654
3291;39.6367968
3292;39.7923734
3293;40.6688026
3294;47.3423091
3295;47.9444827
3296;46.9826968
3297;43.5876234
3298;39.1604874
3299;35.3672817
3300;30.3650086
3301;26.6669671
3302;22.4318969
3303;21.9579501
3304;22.2141889
3305;24.2407398
3306;26.9002568
3307;28.8309578
3308;30.323226
3309;32.9584699
3310;29.8823739
3311;32.3394806
3312;34.0427829
3313;34.7849487
3314;36.5154804
3315;37.6761058
3316;38.9593361
3317;39.376875
3318;45.06618
3319;42.9078976
3320;37.7375067
3321;33.8185057
3322;29.6059633
3323;26.6669671
3324;22.9402574
3325;NaN
3326;NaN
3327;NaN
3328;NaN
3329;NaN
3330;NaN
3331;NaN
3332;21.2696316
3333;23.6477418
3334;NaN
3335;23.8809783
3336;26.5028138
3337;27.1775066
3338;28.2604697
3339;30.7609795
3340;35.9736041
3341;37.5519616
3342;43.3502842
3343;40.6272957
3344;34.7222772
3345;30.3858835
3346;26.2891301
3347;21.8595061
3348;NaN
3349;NaN
3350;NaN
3351;NaN
3352;NaN
3353;NaN
3354;NaN
3355;27.429174
3356;30.092629
3357;22.8523878
3358;19.7259683
3359;22.2407398
3360;18.229588
3361;24.3129177
3362;29.171365
3363;30.9387559
3364;30.8993046
3365;29.7208479
3366;35.5368554
3367;35.0077099
3368;32.7213873
3369;28.5247919
3370;24.5288987
3371;21.6581333
3372;NaN
3373;NaN
3374;NaN
3375;NaN
3376;NaN
3377;NaN
3378;22.6743911
3379;24.888731
3380;26.6903919
3381;27.1545001
3382;23.808181
3383;26.4808208
3384;27.7759502
3385;28.4276008
3386;29.109884
3387;29.3756745
3388;30.1436548
3389;30.3835568
3390;36.3963771
3391;36.2105196
3392;35.2350604
3393;32.3436568
3394;30.0295021
3395;28.0600477
3396;26.4078329
3397;26.1458996
3398;23.1425971
3399;NaN
3400;NaN
3401;NaN
3402;NaN
3403;22.0550564
3404;24.9141587
3405;25.4651719
3406;19.5200941
3407;21.8390579
3408;23.3909325
3409;25.1774943
3410;26.7437687
3411;27.9451718
3412;29.4571325
3413;30.7609795
3414;37.2262512
3415;35.2350604
3416;29.413787
3417;28.9830016
3418;25.3412885
3419;21.3061996
3420;NaN
3421;NaN
3422;NaN
3423;NaN
3424;NaN
3425;NaN
3426;NaN
3427;NaN
3428;20.2870568
3429;22.1826187
3430;NaN
3431;20.0228299
3432;22.2407398
3433;24.3129177
3434;26.0600477
3435;27.3709428
3436;27.2851009
3437;29.0277721
3438;35.4992133
3439;32.6222677
3440;28.5906377
3441;27.8138053
3442;22.9693888
3443;NaN
3444;NaN
3445;NaN
3446;NaN
3447;NaN
3448;NaN
3449;NaN
3450;NaN
3451;NaN
3452;NaN
3453;NaN
3454;NaN
3455;NaN
3456;19.3424866
3457;21.5372028
3458;23.4651719
3459;25.6108122
3460;27.5846601
3461;29.1303874
3462;36.2105196
3463;35.7434736
3464;32.6619395
3465;28.7873915
3466;25.7351411
3467;23.1997571
3468;20.8441229
3469;NaN
3470;NaN
3471;NaN
3472;NaN
3473;NaN
3474;NaN
3475;NaN
3476;21.9252893
3477;26.5965618
3478;23.3164205
3479;25.8587263
3480;27.4993236
3481;28.614797
3482;29.7208479
3483;30.997875
3484;32.358682
3485;33.5368554
3486;39.9414668
3487;38.8207634
3488;35.0456625
3489;31.8420458
3490;28.5687038
3491;24.9141587
3492;21.5895263
3493;NaN
3494;NaN
3495;NaN
3496;NaN
3497;NaN
3498;NaN
3499;NaN
3500;22.1826187
3501;27.2463613
3502;24.946664
3503;28.9455017
3504;31.3707123
3505;32.3010578
3506;32.6268191
3507;33.0077099
3508;34.7664975
3509;36.082307
3510;43.0101754
3511;41.1509654
3512;35.7059583
3513;31.9428
3514;28.0377442
3515;24.9902326
3516;22.9693888
3517;22.0871453
3518;NaN
3519;20.1676118
3520;NaN
3521;20.6304196
3522;21.8263751
3523;22.6743911
3524;25.2915215
3525;28.6563519
3526;21.2566427
3527;21.8118865
3528;24.0258635
3529;25.5881702
3530;27.091194
3531;28.9660843
3532;31.6437321
3533;33.8184359
3534;41.1161563
3535;39.2852647
3536;32.4632577
3537;29.0695825
3538;25.759515
3539;23.0563249
3540;21.5200941
3541;20.49202
3542;NaN
3543;NaN
3544;NaN
3545;NaN
3546;NaN
3547;NaN
3548;23.4257254
3549;25.415709
3550;22.0278451
3551;24.5730493
3552;26.5028138
3553;27.3495016
3554;29.109884
3555;30.1837227
3556;30.7807638
3557;31.9733855
3558;38.7131605
3559;36.5261587
3560;31.1918392
3561;27.6334366
3562;24.7354134
3563;21.0045468
3564;NaN
3565;NaN
3566;NaN
3567;NaN
3568;NaN
3569;NaN
3570;NaN
3571;NaN
3572;NaN
3573;23.7846629
3574;21.2566427
3575;24.946664
3576;27.2851009
3577;29.2327586
3578;31.1355518
3579;31.934707
3580;33.3672817
3581;34.3406764
3582;39.7646592
3583;37.0427284
3584;29.8818021
3585;24.9902326
3586;20.7180181
3587;NaN
3588;NaN
3589;NaN
3590;NaN
3591;NaN
3592;NaN
3593;NaN
3594;NaN
3595;NaN
3596;22.7340709
3597;24.7610573
3598;20.6444156
3599;24.0258635
3600;24.7371769
3601;27.733526
3602;30.4234237
3603;31.6631796
3604;32.2818366
3605;32.9507351
3606;39.4631653
3607;36.8033948
3608;30.2604697
3609;26.969837
3610;23.1712119
3611;NaN
3612;NaN
3613;NaN
3614;NaN
3615;NaN
3616;NaN
3617;NaN
3618;22.4625577
3619;24.319835
3620;25.9776719
3621;27.5201371
3622;22.2671484
3623;23.9293773
3624;25.4746919
3625;26.9396295
3626;28.3650086
3627;29.7208479
3628;31.0372493
3629;32.3202725
3630;39.2318138
3631;40.3993336
3632;41.5502438
3633;42.6859017
3634;40.2059402
3635;40.4344463
3636;40.2587299
3637;40.2763188
3638;40.1178799
3639;39.9944319
3640;38.7669815
3641;38.1546836
3642;37.9010429
3643;37.9373328
3644;38.2811673
3645;39.5697087
3646;34.8033948
3647;35.6829097
3648;36.3894057
3649;36.9103137
3650;37.3386783
3651;37.906137
3652;38.5046262
3653;39.18576
3654;45.2494509
3655;45.631588
3656;45.681327
3657;45.2494509
3658;44.447243
3659;43.4181567
3660;42.0854832
3661;40.1178799
3662;37.2628961
3663;34.8746823
3664;34.684113
3665;34.4162471
3666;34.5503378
3667;35.3861467
3668;36.637194
3669;37.8102365
3670;33.593275
3671;34.8218357
3672;35.9010429
3673;37.1426454
3674;37.9767808
3675;38.7497819
3676;39.6886868
3677;40.326136
3678;46.0948923
3679;45.9627302
3680;45.2494509
3681;45.4822264
3682;45.3991534
3683;44.8825741
3684;44.296101
3685;42.5147646
3686;42.0338292
3687;42.4633598
3688;42.2574448
3689;41.4289226
3690;40.5572214
3691;40.4870869
3692;40.7497819
3693;44.5813957
3694;39.6886868
3695;39.9476716
3696;40.1887003
3697;40.0854832
3698;40.291797
3699;40.291797
3700;39.9304299
3701;40.2230792
3702;46.3093013
3703;44.296101
3704;42.7713489
3705;40.1178799
3706;37.2812112
3707;34.2241329
3708;32.2037439
3709;30.323226
3710;28.7437687
3711;27.3379173
3712;26.9234706
3713;26.4551512
3714;26.7371769
3715;27.9930885
3716;30.2813995
3717;32.0433353
3718;29.1303874
3719;31.8766376
3720;34.9139634
3721;37.1247991
3722;38.732295
3723;39.757825
3724;39.9993764
3725;40.3776197
3726;46.0948923
3727;43.5368155
3728;38.2089181
3729;33.5658706
3730;30.4484431
3731;27.6786327
3732;25.0155218
3733;22.8817581
3734;21.5895263
3735;20.3413995
3736;NaN
3737;NaN
3738;20.2870568
3739;22.5235707
3740;25.5145162
3741;28.5247919
3742;25.9483674
3743;29.109884
3744;32.1085453
3745;34.9323736
3746;36.3172648
3747;37.2674519
3748;38.5747456
3749;39.7751009
3750;46.0783812
3751;43.4011932
3752;37.2628961
3753;31.0072195
3754;26.478776
3755;22.2769648
3756;NaN
3757;NaN
3758;NaN
3759;NaN
3760;NaN
3761;NaN
3762;NaN
3763;NaN
3764;22.0228299
3765;25.415709
3766;22.6582577
3767;26.3926991
3768;29.1918392
3769;31.7797164
3770;33.6120699
3771;35.2445762
3772;35.7920611
3773;36.6593004
3774;43.0612716
3775;39.8000526
3776;34.358682
3777;28.2600601
3778;24.1612475
3779;20.2870568
3780;NaN
3781;NaN
3782;NaN
3783;NaN
3784;NaN
3785;NaN
3786;NaN
3787;NaN
3788;21.7259683
3789;24.319835
3790;22.2671484
3791;26.1046062
3792;28.8217948
3793;29.5587452
3794;31.3511563
3795;33.0266893
3796;34.4334841
3797;35.4640919
3798;41.6194931
3799;38.2631118
3800;32.5030589
3801;25.5637435
3802;NaN
3803;NaN
3804;NaN
3805;NaN
3806;NaN
3807;NaN
3808;NaN
3809;NaN
3810;NaN
3811;NaN
3812;NaN
3813;22.6444156
3814;18.5392457
3815;22.2407398
3816;24.6669671
3817;27.6272542
3818;29.57904
3819;30.2037439
3820;28.5732723
3821;27.7971443
3822;34.4929092
3823;35.1214943
3824;30.9249091
3825;30.2604697
3826;29.733526
3827;29.3280476
3828;28.7873915
3829;26.3841391
3830;23.9202651
3831;21.9252893
3832;NaN
3833;21.0820844
3834;21.6921442
3835;22.7042757
3836;25.1665542
3837;29.0695825
3838;24.6200522
3839;27.3495016
3840;28.8424379
3841;30.3236944
3842;31.253266
3843;32.0120366
3844;32.7985299
3845;33.3106511
3846;38.7490455
3847;37.152902
3848;35.7434736
3849;35.0835905
3850;34.5312014
3851;33.4488628
3852;32.363611
3853;31.2123037
3854;31.1918392
3855;30.3650086
3856;31.8016822
3857;32.8598222
3858;34.1856305
3859;34.2626087
3860;34.5694677
3861;35.6308591
3862;30.1035527
3863;30.8005402
3864;31.2924443
3865;31.8960009
3866;31.9540497
3867;32.0699622
3868;32.4162471
3869;32.7794762
3870;38.5874256
3871;37.9917328
3872;37.079473
3873;37.3361268
3874;36.6187012
3875;35.7059583
3876;33.9733855
3877;33.0175659
3878;31.57904
3879;29.3495016
3880;27.8587263
3881;26.6669671
3882;26.6200522
3883;27.2463613
3884;28.3926991
3885;28.4588129
3886;26.6782276
3887;31.2728589
3888;33.6496425
3889;35.1161975
3890;35.9191902
3891;36.4434644
3892;37.1783253
3893;37.5874516
3894;43.146369
3895;39.7469566
3896;35.93071
3897;33.1551896
3898;29.902937
3899;24.5288987
3900;NaN
3901;NaN
3902;NaN
3903;NaN
3904;NaN
3905;NaN
3906;NaN
3907;NaN
3908;NaN
3909;21.1202748
3910;NaN
3911;NaN
3912;NaN
3913;NaN
3914;NaN
3915;NaN
3916;NaN
3917;NaN
3918;NaN
3919;NaN
3920;NaN
3921;NaN
3922;NaN
3923;NaN
3924;NaN
3925;NaN
3926;NaN
3927;NaN
3928;NaN
3929;NaN
3930;NaN
3931;NaN
3932;NaN
3933;NaN
3934;NaN
3935;NaN
3936;28.0715981
3937;30.9190341
3938;32.7413498
3939;33.9867715
3940;35.1345522
3941;36.0098569
3942;42.1887003
3943;41.1683645
3944;39.4986961
3945;38.7669815
3946;37.3178265
3947;35.7809661
3948;33.0962536
3949;30.2813995
3950;29.4351901
3951;28.0600477
3952;27.3150566
3953;27.2234248
3954;26.5495146
3955;26.4551512
3956;27.4974236
3957;31.0072195
3958;27.0695825
3959;28.614797
3960;29.8016822
3961;31.4878943
3962;32.9507351
3963;34.1732831
3964;35.4275548
3965;36.4254493
3966;42.3947743
3967;39.4809327
3968;33.6242774
3969;29.902937
3970;27.0392349
3971;21.8595061
3972;NaN
3973;NaN
3974;NaN
3975;NaN
3976;NaN
3977;NaN
3978;NaN
3979;NaN
3980;22.1826187
3981;25.3412885
3982;21.7846629
3983;24.5965618
3984;27.3495016
3985;28.3650086
3986;29.4774736
3987;30.3436568
3988;30.7609795
3989;29.1303874
3990;35.6684202
3991;35.9120117
3992;32.8400694
3993;28.1935317
3994;24.9649092
3995;20.9651525
3996;NaN
3997;NaN
3998;NaN
3999;NaN
4000;NaN
4001;NaN
4002;NaN
4003;NaN
4004;NaN
4005;NaN
4006;NaN
4007;21.2566427
4008;24.4551512
4009;26.1491007
4010;27.0479575
4011;25.8362743
4012;27.6697994
4013;29.4164223
4014;35.7809661
4015;32.3236944
4016;24.8632681
4017;NaN
4018;NaN
4019;NaN
4020;NaN
4021;NaN
4022;NaN
4023;NaN
4024;NaN
4025;NaN
4026;NaN
4027;NaN
4028;NaN
4029;NaN
4030;NaN
4031;NaN
4032;NaN
4033;NaN
4034;NaN
4035;NaN
4036;NaN
4037;NaN
4038;21.5200941
4039;23.9202651
4040;NaN
4041;NaN
4042;NaN
4043;NaN
4044;NaN
4045;NaN
4046;NaN
4047;NaN
4048;NaN
4049;NaN
4050;NaN
4051;NaN
4052;NaN
4053;NaN
4054;NaN
4055;NaN
4056;NaN
4057;NaN
4058;NaN
4059;NaN
4060;NaN
4061;NaN
4062;21.7596112
4063;NaN
4064;NaN
4065;NaN
4066;NaN
4067;NaN
4068;NaN
4069;NaN
4070;NaN
4071;NaN
4072;NaN
4073;NaN
4074;NaN
4075;NaN
4076;NaN
4077;NaN
4078;NaN
4079;NaN
4080;NaN
4081;NaN
4082;NaN
4083;NaN
4084;NaN
4085;NaN
4086;25.7351411
4087;21.9904624
4088;NaN
4089;NaN
4090;NaN
4091;NaN
4092;NaN
4093;NaN
4094;NaN
4095;NaN
4096;NaN
4097;NaN
4098;NaN
4099;NaN
4100;20.49202
4101;NaN
4102;NaN
4103;NaN
4104;22.2142871
4105;25.5655103
4106;25.9483674
4107;26.1046062
4108;26.7219359
4109;27.1127921
4110;33.5463873
4111;32.4632577
4112;29.8818021
4113;28.1935317
4114;26.4078329
4115;24.0813461
4116;21.7596112
4117;NaN
4118;NaN
4119;NaN
4120;NaN
4121;NaN
4122;NaN
4123;NaN
4124;21.48505
4125;25.7107398
4126;20.7933992
4127;22.888731
4128;24.5495146
4129;26.1935317
4130;25.5201371
4131;26.6344617
4132;28.3023183
4133;28.5940399
4134;33.7991145
4135;33.2728589
4136;31.9629244
4137;29.8183265
4138;28.43679
4139;26.8071942
4140;24.7354134
4141;21.8924761
4142;NaN
4143;NaN
4144;NaN
4145;NaN
4146;NaN
4147;NaN
4148;NaN
4149;23.2566427
4150;20.8229353
4151;22.319835
4152;23.0659988
4153;24.0979602
4154;24.9002568
4155;25.9259821
4156;26.5687038
4157;26.3926991
4158;32.0031473
4159;31.5993256
4160;31.2532038
4161;31.4978054
4162;30.8011414
4163;29.5206764
4164;29.0263191
4165;27.3379173
4166;27.3150566
4167;26.6669671
4168;26.1219423
4169;26.9234706
4170;27.0161224
4171;27.6786327
4172;28.8309578
4173;31.5587452
4174;27.2851009
4175;30.0031473
4176;31.7797164
4177;33.1972291
4178;34.1173874
4179;34.8402715
4180;34.2849273
4181;34.1546567
4182;39.7469566
4183;39.4453938
4184;38.6952115
4185;36.2663335
4186;36.637194
4187;36.9875737
4188;35.6684202
4189;32.8598222
4190;30.5109058
4191;29.9240603
4192;29.2851009
4193;29.3923713
4194;30.1346567
4195;32.2837445
4196;34.358682
4197;36.1919041
4198;31.5073992
4199;32.377877
4200;32.9697329
4201;33.7622227
4202;34.6556815
4203;35.0059637
4204;34.9875737
4205;35.4823532
4206;41.5502438
4207;41.1509654
4208;40.2939038
4209;39.6229254
4210;38.2089181
4211;36.1732831
4212;34.8746823
4213;33.1355518
4214;31.9025247
4215;31.9025247
4216;32.3835568
4217;34.9127211
4218;35.0266893
4219;34.8175774
4220;35.7434736
4221;38.9639925
4222;33.9867715
4223;34.3220988
4224;34.8218357
4225;35.3727126
4226;36.1908445
4227;36.2992183
4228;37.2674519
4229;38.3642056
4230;44.2288514
4231;43.0782974
4232;41.9821448
4233;40.311485
4234;38.8386821
4235;37.7556962
4236;36.3220988
4237;35.1214943
4238;35.2917624
4239;34.9127211
4240;33.6242774
4241;33.5658706
4242;33.3511563
4243;33.8960009
4244;34.8556535
4245;37.2262512
4246;32.2241329
4247;32.4354224
4248;35.7193125
4249;37.9238039
4250;38.5747456
4251;39.6367968
4252;39.18576
4253;39.6194931
4254;45.4988329
4255;43.3163293
4256;40.5396934
4257;37.7920611
4258;36.6002032
4259;35.6684202
4260;35.0646295
4261;34.5120585
4262;34.0506605
4263;35.7059583
4264;36.7111129
4265;36.4149333
4266;35.8558831
4267;34.9127211
4268;35.6871921
4269;39.1604874
4270;35.0611032
4271;36.2992183
4272;37.7646592
4273;38.8196922
4274;39.9131848
4275;40.6688026
4276;41.146369
4277;41.8243665
4278;47.1953379
4279;44.4640221
4280;41.3942277
4281;38.2811673
4282;36.1173874
4283;34.4737535
4284;34.1471013
4285;33.253266
4286;31.6398694
4287;30.5732723
4288;29.902937
4289;29.4779583
4290;29.5633446
4291;30.2604697
4292;31.2532038
4293;32.5825637
4294;28.2395288
4295;33.253967
4296;34.4149333
4297;34.8587021
4298;35.4823532
4299;35.6829097
4300;35.5188613
4301;34.7849487
4302;40.1002562
4303;39.5164553
4304;39.4098384
4305;38.1908445
4306;37.3727126
4307;37.0059637
4308;36.7480411
4309;36.1173874
4310;35.9120117
4311;35.93071
4312;35.4803835
4313;34.5694677
4314;32.363611
4315;31.4571325
4316;31.7814871
4317;34.3970653
4318;30.0232456
4319;31.4098021
4320;32.9317312
4321;33.5744742
4322;35.0059637
4323;36.0279763
4324;36.5514618
4325;37.3030734
4326;43.4520745
4327;42.0854832
4328;38.999757
4329;37.1345522
4330;35.0077099
4331;32.8795673
4332;31.2940655
4333;29.8818021
4334;29.1559483
4335;29.0695825
4336;28.9613224
4337;29.2421023
4338;32.3037236
4339;33.0765931
4340;33.83789
4341;34.5885912
4342;29.3960531
4343;30.1837227
4344;30.9584699
4345;31.7214797
4346;32.4545912
4347;33.1972291
4348;33.93071
4349;34.637194
4350;40.9244472
4351;41.602186
4352;42.2746226
4353;42.9249519
4354;27.2004692
4355;24.1080261
4356;21.3424866
4357;NaN
4358;NaN
4359;NaN
4360;NaN
4361;NaN
4362;NaN
4363;NaN
4364;NaN
4365;22.2141889
4366;20.6743911
4367;18.9253053
4368;21.6477418
4369;27.2851009
4370;29.3756745
4371;30.3436568
4372;31.7603112
4373;32.4737535
4374;38.6054009
4375;36.5261587
4376;30.3023183
4377;25.1414645
4378;21.1581073
4379;NaN
4380;NaN
4381;NaN
4382;NaN
4383;NaN
4384;NaN
4385;NaN
4386;NaN
4387;NaN
4388;NaN
4389;NaN
4390;NaN
4391;NaN
4392;NaN
4393;NaN
4394;18.8849738
4395;19.8263751
4396;20.1509233
4397;21.1712119
4398;28.6344617
4399;28.2157235
4400;27.3607593
4401;27.5881702
4402;28.43679
4403;27.6560434
4404;28.4588129
4405;29.3280476
4406;28.7655872
4407;27.2004692
4408;27.9707362
4409;26.946664
4410;26.7605372
4411;26.9002568
4412;27.9930885
4413;29.0046671
4414;24.1698322
4415;25.9035802
4416;26.8744681
4417;27.1127921
4418;27.2421023
4419;27.4779583
4420;27.7547441
4421;28.3023183
4422;34.3010578
4423;33.3120224
4424;31.2327586
4425;30.0715981
4426;27.9707362
4427;25.9535376
4428;22.7933992
4429;23.8118865
4430;22.6743911
4431;25.7107398
4432;25.9051909
4433;25.415709
4434;24.0278451
4435;23.5925867
4436;24.5548487
4437;26.6200522
4438;21.7300569
4439;24.5730493
4440;NaN
4441;NaN
4442;NaN
4443;NaN
4444;NaN
4445;NaN
4446;NaN
4447;NaN
4448;NaN
4449;NaN
4450;NaN
4451;NaN
4452;NaN
4453;NaN
4454;NaN
4455;NaN
4456;NaN
4457;NaN
4458;NaN
4459;NaN
4460;NaN
4461;NaN
4462;NaN
4463;NaN
4464;21.2566427
4465;23.9776719
4466;25.9930885
4467;27.8394968
4468;29.5384412
4469;30.7411874
4470;37.62827
4471;35.4803835
4472;29.4993236
4473;24.9649092
4474;NaN
4475;NaN
4476;NaN
4477;NaN
4478;NaN
4479;NaN
4480;NaN
4481;NaN
4482;NaN
4483;NaN
4484;NaN
4485;NaN
4486;NaN
4487;NaN
4488;18.9253053
4489;21.5925867
4490;23.0659988
4491;24.8304911
4492;26.2157235
4493;27.4565805
4494;34.4354224
4495;32.5229473
4496;27.4746919
4497;22.5841852
4498;NaN
4499;NaN
4500;NaN
4501;NaN
4502;NaN
4503;NaN
4504;NaN
4505;NaN
4506;NaN
4507;NaN
4508;NaN
4509;NaN
4510;NaN
4511;NaN
4512;NaN
4513;19.6581333
4514;21.6201925
4515;23.0659988
4516;24.3604221
4517;25.7688164
4518;33.2924443
4519;32.2237567
4520;28.1046062
4521;23.7300569
4522;NaN
4523;NaN
4524;NaN
4525;NaN
4526;NaN
4527;NaN
4528;NaN
4529;NaN
4530;NaN
4531;NaN
4532;NaN
4533;NaN
4534;NaN
4535;NaN
4536;NaN
4537;18.3413995
4538;20.2141889
4539;21.9741528
4540;23.7838616
4541;24.946664
4542;31.8016822
4543;31.109884
4544;27.4519421
4545;22.9693888
4546;NaN
4547;NaN
4548;NaN
4549;NaN
4550;NaN
4551;NaN
4552;NaN
4553;NaN
4554;NaN
4555;NaN
4556;NaN
4557;NaN
4558;NaN
4559;NaN
4560;18.9253053
4561;22.0546193
4562;24.0979602
4563;25.4519421
4564;24.9002568
4565;22.2142871
4566;29.2851009
4567;29.8818021
4568;25.9776719
4569;NaN
4570;NaN
4571;NaN
4572;NaN
4573;NaN
4574;NaN
4575;NaN
4576;NaN
4577;NaN
4578;NaN
4579;NaN
4580;NaN
4581;NaN
4582;NaN
4583;NaN
4584;NaN
4585;19.5200941
4586;22.1877898
4587;24.3366817
4588;26.1491007
4589;27.902937
4590;35.1214943
4591;35.1972291
4592;34.5503378
4593;33.0765931
4594;30.8630709
4595;28.6344617
4596;26.7838763
4597;24.6840139
4598;22.4318969
4599;NaN
4600;NaN
4601;NaN
4602;NaN
4603;21.1956
4604;23.2566427
4605;27.0854001
4606;22.8122351
4607;25.3607593
4608;27.733526
4609;30.3436568
4610;31.934707
4611;32.9127211
4612;33.93071
4613;34.692641
4614;41.0639155
4615;39.0890939
4616;33.7020534
4617;30.2395288
4618;27.0161224
4619;24.2407398
4620;22.8523878
4621;NaN
4622;NaN
4623;NaN
4624;NaN
4625;NaN
4626;NaN
4627;NaN
4628;NaN
4629;23.5372028
4630;20.6743911
4631;24.5730493
4632;27.7122959
4633;30.0031473
4634;30.8203087
4635;30.6024197
4636;29.8823739
4637;29.8420458
4638;36.7111129
4639;36.8402715
4640;32.5229473
4641;26.969837
4642;22.3081758
4643;NaN
4644;NaN
4645;NaN
4646;NaN
4647;NaN
4648;NaN
4649;NaN
4650;NaN
4651;NaN
4652;NaN
4653;20.3933795
4654;NaN
4655;20.7340709
4656;24.0258635
4657;26.4588129
4658;22.2142871
4659;23.7107398
4660;26.7437687
4661;28.7391198
4662;35.593275
4663;34.8366186
4664;31.334889
4665;26.8770223
4666;22.2141889
4667;NaN
4668;NaN
4669;NaN
4670;NaN
4671;NaN
4672;NaN
4673;NaN
4674;NaN
4675;NaN
4676;NaN
4677;NaN
4678;NaN
4679;NaN
4680;19.8263751
4681;21.8390579
4682;23.9535376
4683;25.9483674
4684;27.7759502
4685;29.2940655
4686;35.7247188
4687;34.4737535
4688;29.9662717
4689;27.6560434
4690;24.2407398
4691;20.49202
4692;NaN
4693;NaN
4694;NaN
4695;NaN
4696;NaN
4697;NaN
4698;NaN
4699;NaN
4700;NaN
4701;NaN
4702;NaN
4703;18.0979364
4704;NaN
4705;NaN
4706;24.5730493
4707;28.1556536
4708;30.0232456
4709;30.9387559
4710;37.5553501
4711;35.7059583
4712;29.1127921
4713;22.8229353
4714;NaN
4715;NaN
4716;NaN
4717;NaN
4718;NaN
4719;NaN
4720;NaN
4721;NaN
4722;NaN
4723;NaN
4724;NaN
4725;NaN
4726;NaN
4727;NaN
4728;20.8817581
4729;22.5288987
4730;23.0407772
4731;22.2407398
4732;22.1612475
4733;23.2166365
4734;31.7814871
4735;32.3436568
4736;27.7913194
4737;NaN
4738;NaN
4739;NaN
4740;NaN
4741;NaN
4742;NaN
4743;NaN
4744;NaN
4745;NaN
4746;NaN
4747;NaN
4748;NaN
4749;NaN
4750;NaN
4751;NaN
4752;NaN
4753;NaN
4754;NaN
4755;20.1190999
4756;23.0659988
4757;25.1774943
4758;32.2037439
4759;30.3023183
4760;23.4815844
4761;NaN
4762;NaN
4763;NaN
4764;NaN
4765;NaN
4766;NaN
4767;NaN
4768;NaN
4769;NaN
4770;NaN
4771;NaN
4772;NaN
4773;NaN
4774;NaN
4775;NaN
4776;NaN
4777;NaN
4778;NaN
4779;NaN
4780;19.5895263
4781;23.0155218
4782;31.7208479
4783;30.4067476
4784;23.0274214
4785;NaN
4786;NaN
4787;NaN
4788;NaN
4789;NaN
4790;NaN
4791;NaN
4792;NaN
4793;NaN
4794;NaN
4795;NaN
4796;NaN
4797;NaN
4798;NaN
4799;NaN
4800;NaN
4801;NaN
4802;NaN
4803;NaN
4804;19.0435158
4805;22.5288987
4806;31.4774736
4807;30.7391198
4808;24.0010231
4809;NaN
4810;NaN
4811;NaN
4812;NaN
4813;NaN
4814;NaN
4815;NaN
4816;NaN
4817;NaN
4818;NaN
4819;NaN
4820;NaN
4821;NaN
4822;NaN
4823;NaN
4824;NaN
4825;NaN
4826;NaN
4827;NaN
4828;NaN
4829;19.7596112
4830;28.3485474
4831;27.6334366
4832;20.3413995
4833;NaN
4834;NaN
4835;NaN
4836;NaN
4837;NaN
4838;NaN
4839;NaN
4840;NaN
4841;NaN
4842;NaN
4843;NaN
4844;NaN
4845;NaN
4846;NaN
4847;NaN
4848;NaN
4849;NaN
4850;NaN
4851;21.1425971
4852;23.2665914
4853;24.7838763
4854;32.363611
4855;30.6562797
4856;NaN
4857;NaN
4858;NaN
4859;NaN
4860;NaN
4861;NaN
4862;NaN
4863;NaN
4864;NaN
4865;NaN
4866;NaN
4867;NaN
4868;NaN
4869;NaN
4870;NaN
4871;NaN
4872;NaN
4873;NaN
4874;NaN
4875;NaN
4876;19.9579501
4877;21.8932467
4878;29.3280476
4879;27.1084531
4880;NaN
4881;NaN
4882;NaN
4883;NaN
4884;NaN
4885;NaN
4886;NaN
4887;NaN
4888;NaN
4889;NaN
4890;NaN
4891;NaN
4892;NaN
4893;NaN
4894;NaN
4895;NaN
4896;NaN
4897;NaN
4898;NaN
4899;NaN
4900;NaN
4901;NaN
4902;26.0258635
4903;24.2935134
4904;NaN
4905;NaN
4906;NaN
4907;NaN
4908;NaN
4909;NaN
4910;NaN
4911;NaN
4912;NaN
4913;NaN
4914;NaN
4915;NaN
4916;NaN
4917;NaN
4918;NaN
4919;NaN
4920;18.5392457
4921;21.0274214
4922;22.7354134
4923;24.0017805
4924;24.8071942
4925;25.8811616
4926;32.7015793
4927;30.4276008
4928;22.7042757
4929;NaN
4930;NaN
4931;NaN
4932;NaN
4933;NaN
4934;NaN
4935;NaN
4936;NaN
4937;NaN
4938;NaN
4939;NaN
4940;NaN
4941;NaN
4942;NaN
4943;NaN
4944;NaN
4945;NaN
4946;19.48505
4947;21.3696199
4948;22.5548487
4949;23.6618538
4950;31.314482
4951;30.3650086
4952;21.7259683
4953;NaN
4954;NaN
4955;NaN
4956;NaN
4957;NaN
4958;NaN
4959;NaN
4960;NaN
4961;NaN
4962;NaN
4963;NaN
4964;NaN
4965;NaN
4966;NaN
4967;NaN
4968;NaN
4969;NaN
4970;NaN
4971;NaN
4972;NaN
4973;NaN
4974;26.2891301
4975;24.7866644
4976;NaN
4977;NaN
4978;NaN
4979;NaN
4980;NaN
4981;NaN
4982;NaN
4983;NaN
4984;NaN
4985;NaN
4986;NaN
4987;NaN
4988;NaN
4989;NaN
4990;NaN
4991;NaN
4992;NaN
4993;NaN
4994;NaN
4995;NaN
4996;NaN
4997;NaN
4998;NaN
4999;NaN
5000;NaN
5001;NaN
5002;NaN
5003;NaN
5004;NaN
5005;NaN
5006;NaN
5007;NaN
5008;NaN
5009;NaN
5010;NaN
5011;NaN
5012;NaN
5013;23.3132612
5014;NaN
5015;NaN
5016;NaN
5017;19.2696316
5018;19.1956
5019;18.9651525
5020;19.1956
5021;19.0435158
5022;26.6435206
5023;26.4551512
5024;26.0979602
5025;26.0739532
5026;24.8632681
5027;22.7637783
5028;23.1425971
5029;24.0010231
5030;24.5288987
5031;26.1937402
5032;26.6200522
5033;27.429174
5034;27.9483674
5035;27.5201371
5036;27.6334366
5037;29.2851009
5038;23.4651719
5039;24.3129177
5040;24.5495146
5041;24.7838763
5042;25.6334366
5043;26.1935317
5044;26.3706309
5045;26.7873915
5046;33.2924443
5047;32.3835568
5048;30.323226
5049;27.3607593
5050;25.2166365
5051;22.7340709
5052;20.5853325
5053;NaN
5054;NaN
5055;NaN
5056;NaN
5057;NaN
5058;NaN
5059;NaN
5060;NaN
5061;20.7180181
5062;NaN
5063;NaN
5064;NaN
5065;NaN
5066;NaN
5067;NaN
5068;NaN
5069;NaN
5070;25.5391444
5071;25.4404554
5072;24.3723502
5073;22.4625577
5074;20.674618
5075;NaN
5076;NaN
5077;NaN
5078;NaN
5079;NaN
5080;NaN
5081;NaN
5082;NaN
5083;NaN
5084;NaN
5085;NaN
5086;NaN
5087;NaN
5088;NaN
5089;20.1826187
5090;22.0278451
5091;23.6618538
5092;25.1774943
5093;26.612557
5094;34.0120366
5095;35.2350604
5096;36.4334841
5097;37.6100472
5098;NaN
5099;NaN
5100;NaN
5101;NaN
5102;NaN
5103;NaN
5104;NaN
5105;NaN
5106;NaN
5107;NaN
5108;NaN
5109;NaN
5110;NaN
5111;NaN
5112;NaN
5113;NaN
5114;18.1676118
5115;19.5895263
5116;20.3081758
5117;20.9110475
5118;28.3706309
5119;28.7219359
5120;26.1937402
5121;22.6143475
5122;NaN
5123;NaN
5124;NaN
5125;NaN
5126;NaN
5127;NaN
5128;NaN
5129;NaN
5130;21.4142644
5131;23.1997571
5132;26.6435206
5133;27.7462963
5134;21.7026733
5135;22.8632681
5136;24.0979602
5137;24.7371769
5138;25.4746919
5139;26.1713241
5140;26.9830016
5141;27.902937
5142;34.684113
5143;34.6077084
5144;33.6048156
5145;30.7804778
5146;29.5633446
5147;28.9613224
5148;27.8138053
5149;25.9535376
5150;24.6840139
5151;24.888731
5152;24.8122351
5153;25.2915215
5154;25.4651719
5155;26.4551512
5156;27.4746919
5157;28.9830016
5158;26.082335
5159;29.1918392
5160;31.1159065
5161;32.3970653
5162;33.3484108
5163;34.1360248
5164;34.9691788
5165;35.6100472
5166;41.6886868
5167;41.0987463
5168;35.1593738
5169;30.9043065
5170;27.3379173
5171;25.1414645
5172;24.0010231
5173;22.3081758
5174;NaN
5175;NaN
5176;NaN
5177;NaN
5178;NaN
5179;NaN
5180;22.5539269
5181;26.0979602
5182;22.7866644
5183;25.5428327
5184;26.2600601
5185;27.5846601
5186;27.6485329
5187;27.3065807
5188;28.8424379
5189;29.5993256
5190;35.7809661
5191;35.2161477
5192;33.5268969
5193;31.8218684
5194;32.1035527
5195;30.2604697
5196;30.7391198
5197;30.6562797
5198;29.1990516
5199;29.7122959
5200;28.3706309
5201;29.7547441
5202;32.4632577
5203;32.8598222
5204;33.0372493
5205;34.5312014
5206;29.4164223
5207;30.123608
5208;30.0433353
5209;29.8622143
5210;30.4632577
5211;31.056925
5212;31.9540497
5213;32.358682
5214;38.3353067
5215;38.6952115
5216;37.8284071
5217;36.8771276
5218;35.4615479
5219;34.1471013
5220;31.4774736
5221;29.6485329
5222;28.6782276
5223;27.1545001
5224;26.8537671
5225;26.5259576
5226;26.7838763
5227;27.2692787
5228;28.3706309
5229;29.6059633
5230;25.5428327
5231;28.4276008
5232;30.0834889
5233;31.6631796
5234;32.8556535
5235;33.4615479
5236;33.7434736
5237;33.93071
5238;40.2235406
5239;40.2411372
5240;35.3295339
5241;31.4571325
5242;28.0600477
5243;25.1414645
5244;22.6444156
5245;NaN
5246;NaN
5247;NaN
5248;NaN
5249;NaN
5250;NaN
5251;NaN
5252;21.6921442
5253;26.7137952
5254;NaN
5255;19.8924761
5256;27.733526
5257;30.5626997
5258;32.1278267
5259;33.0646295
5260;33.0266893
5261;33.0456625
5262;37.646488
5263;35.5744742
5264;31.7814871
5265;27.2004692
5266;25.1916114
5267;22.7340709
5268;21.4497764
5269;NaN
5270;22.3702563
5271;24.9141587
5272;24.7610573
5273;22.8817581
5274;22.7933992
5275;26.3129177
5276;27.2234248
5277;28.7655872
5278;24.2891301
5279;26.5247919
5280;28.092629
5281;29.4164223
5282;30.5428276
5283;31.6437321
5284;32.7031983
5285;33.9867715
5286;40.2939038
5287;40.311485
5288;34.9317312
5289;29.6272542
5290;26.8770223
5291;23.7573866
5292;20.6304196
5293;NaN
5294;NaN
5295;NaN
5296;NaN
5297;NaN
5298;NaN
5299;NaN
5300;21.9904624
5301;25.1916114
5302;20.4318969
5303;21.7026733
5304;20.8523878
5305;22.9649092
5306;26.4147521
5307;28.8011414
5308;30.163693
5309;30.9387559
5310;37.2262512
5311;37.2079214
5312;32.243761
5313;25.7838616
5314;NaN
5315;NaN
5316;NaN
5317;NaN
5318;NaN
5319;NaN
5320;NaN
5321;NaN
5322;NaN
5323;NaN
5324;NaN
5325;NaN
5326;NaN
5327;20.8817581
5328;23.2416298
5329;24.8304911
5330;25.5428327
5331;26.8744681
5332;26.8962024
5333;26.3706309
5334;31.8218684
5335;31.171365
5336;29.6272542
5337;23.7846629
5338;21.9252893
5339;NaN
5340;NaN
5341;NaN
5342;NaN
5343;NaN
5344;NaN
5345;NaN
5346;NaN
5347;NaN
5348;NaN
5349;20.5392457
5350;NaN
5351;NaN
5352;NaN
5353;21.0851546
5354;22.5288987
5355;22.5548487
5356;24.1698322
5357;24.946664
5358;32.1035527
5359;32.0834889
5360;29.9240603
5361;28.6344617
5362;25.2416298
5363;24.6066307
5364;22.0228299
5365;20.0979364
5366;NaN
5367;23.1425971
5368;25.5391444
5369;24.888731
5370;23.0851546
5371;22.9693888
5372;26.1937402
5373;27.8587263
5374;22.7866644
5375;25.9259821
5376;28.3858835
5377;30.0433353
5378;31.056925
5379;31.3511563
5380;32.1278267
5381;32.7604161
5382;38.9639925
5383;37.2995213
5384;34.6459234
5385;31.761283
5386;29.733526
5387;27.7688164
5388;26.0739532
5389;24.7354134
5390;23.5094233
5391;21.8595061
5392;21.48505
5393;22.0228299
5394;22.5539269
5395;23.5649237
5396;25.2915215
5397;28.3264487
5398;22.3985445
5399;22.4246971
5400;24.8304911
5401;27.8183265
5402;29.7814871
5403;30.8795673
5404;32.2048851
5405;33.1025454
5406;39.3564745
5407;39.0533718
5408;35.9867715
5409;33.5658706
5410;30.3441228
5411;26.6669671
5412;23.7026733
5413;NaN
5414;NaN
5415;NaN
5416;NaN
5417;NaN
5418;NaN
5419;NaN
5420;NaN
5421;24.3985445
5422;NaN
5423;20.9984431
5424;24.3604221
5425;25.2234248
5426;25.7462963
5427;26.2378996
5428;26.612557
5429;26.612557
5430;32.5825637
5431;32.3037236
5432;31.2736394
5433;29.9240603
5434;27.9483674
5435;25.1163422
5436;22.4318969
5437;21.9579501
5438;23.5094233
5439;24.0546193
5440;24.0010231
5441;24.6324634
5442;25.6128555
5443;26.8071942
5444;28.5028138
5445;31.1508811
5446;25.6786327
5447;27.2205835
5448;28.2604697
5449;29.0893708
5450;29.5384412
5451;29.9025247
5452;30.4433448
5453;30.6619395
5454;36.3406764
5455;35.9680899
5456;35.2161477
5457;33.8960009
5458;33.8185057
5459;34.358682
5460;34.1085453
5461;34.2433741
5462;34.358682
5463;34.0892571
5464;32.243761
5465;32.7015793
5466;33.3707123
5467;34.0506605
5468;34.7794762
5469;36.0614423
5470;30.7015793
5471;30.7411874
5472;30.5428276
5473;30.363611
5474;30.1035527
5475;29.8420458
5476;29.7814871
5477;30.0634164
5478;35.7622227
5479;35.6496425
5480;35.5180373
5481;35.2728677
5482;34.8937048
5483;34.1085453
5484;32.7411874
5485;30.5317052
5486;29.0695825
5487;28.1935317
5488;27.8587263
5489;28.1491007
5490;29.1990516
5491;30.7184254
5492;31.5993256
5493;32.163693
5494;26.9613224
5495;27.9662717
5496;28.614797
5497;29.3552865
5498;29.9428
5499;30.263757
5500;30.1837227
5501;30.0031473
5502;35.253967
5503;34.4737535
5504;34.2048851
5505;32.2837445
5506;32.0834889
5507;32.0634164
5508;31.2327586
5509;30.5109058
5510;29.5633446
5511;28.5906377
5512;26.3841391
5513;25.3909325
5514;24.6840139
5515;25.3909325
5516;27.6560434
5517;30.9249091
5518;25.7913194
5519;25.9035802
5520;26.1268614
5521;26.6563519
5522;27.413787
5523;27.902937
5524;28.3650086
5525;28.5524941
5526;34.4737535
5527;34.5694677
5528;34.2048851
5529;31.2940655
5530;29.5420167
5531;27.3607593
5532;25.6128555
5533;23.9472336
5534;22.7933992
5535;21.1581073
5536;20.2870568
5537;20.443477
5538;20.8441229
5539;22.9110475
5540;25.8324735
5541;29.4993236
5542;26.3485474
5543;28.6770053
5544;NaN
5545;NaN
5546;NaN
5547;NaN
5548;NaN
5549;NaN
5550;NaN
5551;NaN
5552;NaN
5553;NaN
5554;NaN
5555;NaN
5556;NaN
5557;NaN
5558;NaN
5559;NaN
5560;NaN
5561;NaN
5562;NaN
5563;NaN
5564;NaN
5565;NaN
5566;NaN
5567;NaN
5568;NaN
5569;NaN
5570;24.969837
5571;27.6059633
5572;29.0483149
5573;29.7410699
5574;36.2291297
5575;36.5446777
5576;31.761283
5577;20.6304196
5578;NaN
5579;NaN
5580;NaN
5581;NaN
5582;NaN
5583;NaN
5584;NaN
5585;NaN
5586;NaN
5587;NaN
5588;NaN
5589;NaN
5590;NaN
5591;NaN
5592;NaN
5593;20.7933992
5594;23.3412885
5595;25.1545001
5596;26.2822051
5597;26.85272
5598;33.3902609
5599;33.4098021
5600;28.6344617
5601;NaN
5602;NaN
5603;NaN
5604;NaN
5605;NaN
5606;NaN
5607;NaN
5608;NaN
5609;NaN
5610;NaN
5611;NaN
5612;NaN
5613;NaN
5614;NaN
5615;NaN
5616;NaN
5617;NaN
5618;20.0228299
5619;21.9472336
5620;22.5548487
5621;22.1080261
5622;26.7371769
5623;24.2142871
5624;20.1676118
5625;NaN
5626;NaN
5627;NaN
5628;NaN
5629;NaN
5630;NaN
5631;NaN
5632;NaN
5633;NaN
5634;NaN
5635;NaN
5636;NaN
5637;NaN
5638;NaN
5639;NaN
5640;NaN
5641;NaN
5642;NaN
5643;NaN
5644;NaN
5645;19.0435158
5646;26.8537671
5647;27.2463613
5648;26.9929898
5649;26.3841391
5650;25.3909325
5651;24.7354134
5652;26.7137952
5653;28.3485474
5654;27.5881702
5655;28.612557
5656;28.6563519
5657;27.9483674
5658;27.4974236
5659;28.082335
5660;29.3065807
5661;31.7814871
5662;26.612557
5663;28.0295021
5664;29.6803768
5665;30.9781763
5666;32.031352
5667;32.6268191
5668;33.1783045
5669;33.3672817
5670;39.83543
5671;40.4870869
5672;38.3533442
5673;32.9387559
5674;30.0295021
5675;27.9259821
5676;26.1937402
5677;24.9395513
5678;22.8817581
5679;22.1509233
5680;NaN
5681;NaN
5682;NaN
5683;21.3061996
5684;25.1665542
5685;28.7655872
5686;23.5391444
5687;24.4078329
5688;24.5495146
5689;24.5023781
5690;23.6373688
5691;22.9395513
5692;22.4508085
5693;22.5548487
5694;28.8744681
5695;28.612557
5696;26.2891301
5697;NaN
5698;NaN
5699;NaN
5700;NaN
5701;NaN
5702;NaN
5703;NaN
5704;NaN
5705;NaN
5706;NaN
5707;NaN
5708;NaN
5709;NaN
5710;NaN
5711;NaN
5712;NaN
5713;NaN
5714;NaN
5715;NaN
5716;NaN
5717;NaN
5718;NaN
5719;NaN
5720;21.4142644
5721;20.6304196
5722;22.4318969
5723;22.8523878
5724;20.8849738
5725;NaN
5726;NaN
5727;NaN
5728;NaN
5729;NaN
5730;NaN
5731;22.1826187
5732;24.2671484
5733;28.3485474
5734;23.3412885
5735;24.1458996
5736;25.1545001
5737;26.7655872
5738;28.5732723
5739;29.6601276
5740;30.7015793
5741;31.3707123
5742;37.7193125
5743;38.1365963
5744;38.7490455
5745;39.1783253
5746;38.1365963
5747;36.5817
5748;34.5503378
5749;33.0175659
5750;31.9629244
5751;31.0072195
5752;30.4484431
5753;30.9043065
5754;31.2123037
5755;32.2837445
5756;33.6437321
5757;37.0059637
5758;33.0077099
5759;33.5368554
5760;34.0614423
5761;33.8558831
5762;34.7295796
5763;35.2995213
5764;35.4458258
5765;35.7375067
5766;41.5848754
5767;41.8441703
5768;40.644805
5769;38.6952115
5770;36.7295796
5771;34.3394806
5772;32.7609795
5773;31.7410699
5774;30.6562797
5775;30.2604697
5776;29.9873601
5777;30.9866569
5778;33.4878943
5779;34.7604161
5780;36.3035157
5781;37.646488
5782;33.0077099
5783;33.4238591
5784;33.7247188
5785;34.0800962
5786;34.6187012
5787;35.2445762
5788;36.2992183
5789;37.5874516
5790;43.5198734
5791;43.7567859
5792;43.1293558
5793;42.1371068
5794;41.4289226
5795;41.4462648
5796;41.757825
5797;41.4809385
5798;40.0649971
5799;40.1002562
5800;37.7193125
5801;39.9591258
5802;40.8022202
5803;40.3642056
5804;40.3466359
5805;41.1335626
5806;35.5188613
5807;36.1546836
5808;36.2450518
5809;36.3353067
5810;36.6233718
5811;37.0355045
5812;36.7131605
5813;36.8745065
5814;42.4119256
5815;42.6174858
5816;42.3776197
5817;41.9476716
5818;40.4870869
5819;38.6233718
5820;36.7111129
5821;34.8175774
5822;33.1944426
5823;32.8005402
5824;32.4234237
5825;32.363611
5826;40.4344463
5827;39.6051906
5828;38.7669815
5829;37.9191902
5830;31.2728589
5831;30.3436568
5832;NaN
5833;NaN
5834;NaN
5835;NaN
5836;NaN
5837;NaN
5838;NaN
5839;NaN
5840;NaN
5841;NaN
5842;NaN
5843;NaN
5844;NaN
5845;NaN
5846;NaN
5847;NaN
5848;NaN
5849;NaN
5850;NaN
5851;NaN
5852;NaN
5853;NaN
5854;NaN
5855;NaN
5856;NaN
5857;NaN
5858;19.5895263
5859;20.0871453
5860;21.6752352
5861;22.1080261
5862;30.5317052
5863;31.3756745
5864;30.2185767
5865;27.7688164
5866;26.0979602
5867;22.6743911
5868;NaN
5869;NaN
5870;NaN
5871;NaN
5872;NaN
5873;NaN
5874;NaN
5875;20.3413995
5876;23.5925867
5877;24.3461138
5878;NaN
5879;19.1581073
5880;20.9402574
5881;21.4257254
5882;21.3132612
5883;22.0010231
5884;22.1346598
5885;22.6582577
5886;28.8962024
5887;29.1775066
5888;28.0600477
5889;26.8304911
5890;25.5637435
5891;23.2566427
5892;25.1163422
5893;22.8523878
5894;21.6239295
5895;22.2769648
5896;21.2696316
5897;21.5895263
5898;22.5841852
5899;24.476879
5900;26.4078329
5901;29.1775066
5902;23.3412885
5903;23.9051909
5904;24.2176239
5905;25.2463613
5906;25.9483674
5907;26.85272
5908;27.1990516
5909;27.9662717
5910;34.377877
5911;34.9507351
5912;34.2818366
5913;33.6437321
5914;31.8420458
5915;28.5467552
5916;27.1774943
5917;27.9259821
5918;27.6334366
5919;25.2915215
5920;28.1713241
5921;31.2532038
5922;32.2837445
5923;33.6242774
5924;36.692641
5925;37.5371081
5926;33.2350604
5927;34.3035157
5928;34.4334841
5929;34.6741638
5930;35.3178265
5931;35.5735872
5932;35.882891
5933;36.2631118
5934;42.0682686
5935;42.2058914
5936;41.2900581
5937;39.8531127
5938;38.4254493
5939;37.2995213
5940;35.6496425
5941;34.7604161
5942;33.4293361
5943;32.8598222
5944;31.4367821
5945;31.8622143
5946;33.0765931
5947;34.0699622
5948;35.1404371
5949;37.1161975
5950;32.4545912
5951;32.9507351
5952;33.8933078
5953;34.6556815
5954;35.1895865
5955;35.882891
5956;36.7849131
5957;37.6938245
5958;43.8750206
5959;44.8992795
5960;43.2483826
5961;38.6233718
5962;36.6741638
5963;34.5120585
5964;32.9781763
5965;31.5384412
5966;30.9455017
5967;30.1556536
5968;29.6697994
5969;29.1127921
5970;29.5206764
5971;30.9043065
5972;33.8766376
5973;35.7059583
5974;32.7794762
5975;33.9494028
5976;34.637194
5977;35.5553501
5978;36.4434644
5979;37.8884662
5980;39.1335626
5981;39.9821448
5982;46.4739357
5983;47.2770128
5984;45.2993763
5985;37.9191902
5986;31.9428
5987;26.3841391
5988;21.3061996
5989;NaN
5990;NaN
5991;NaN
5992;NaN
5993;NaN
5994;NaN
5995;NaN
5996;22.3081758
5997;29.1559483
5998;28.0084368
5999;31.0372493
6000;33.3861467
6001;35.0059637
6002;36.1185045
6003;37.1069486
6004;37.9414668
6005;38.5572214
6006;44.430461
6007;44.7990052
6008;42.8567158
6009;35.1783045
6010;27.9035802
6011;21.1956
6012;NaN
6013;NaN
6014;NaN
6015;NaN
6016;NaN
6017;NaN
6018;NaN
6019;NaN
6020;21.6921442
6021;25.7838616
6022;22.3461138
6023;25.2692787
6024;27.8818021
6025;30.5030589
6026;31.9927145
6027;32.7604161
6028;34.3963771
6029;35.7920611
6030;41.9476716
6031;42.480498
6032;41.2379252
6033;34.7985299
6034;29.7971443
6035;25.3661258
6036;NaN
6037;NaN
6038;NaN
6039;NaN
6040;NaN
6041;NaN
6042;NaN
6043;NaN
6044;23.1139116
6045;27.9930885
6046;24.4078329
6047;26.2378996
6048;26.2822051
6049;21.8932467
6050;22.3723502
6051;23.5391444
6052;25.2004692
6053;28.8424379
6054;38.7311052
6055;40.1531157
6056;38.6952115
6057;33.1748199
6058;28.8744681
6059;25.1414645
6060;20.3933795
6061;NaN
6062;NaN
6063;NaN
6064;NaN
6065;NaN
6066;NaN
6067;NaN
6068;22.8817581
6069;25.7107398
6070;20.2141889
6071;22.319835
6072;24.0017805
6073;25.2234248
6074;25.9259821
6075;27.1775066
6076;27.9873601
6077;28.3441228
6078;34.2241329
6079;34.2626087
6080;34.2241329
6081;33.3511563
6082;32.8400694
6083;31.4571325
6084;29.5206764
6085;27.8811616
6086;26.7371769
6087;25.8324735
6088;25.1163422
6089;24.7610573
6090;25.2915215
6091;26.6903919
6092;28.3485474
6093;29.7759502
6094;23.8809783
6095;24.3366817
6096;25.2004692
6097;26.0154245
6098;26.6782276
6099;27.5633446
6100;28.1556536
6101;28.7391198
6102;34.8366186
6103;35.1025454
6104;35.1972291
6105;35.4050058
6106;34.0699622
6107;30.6770053
6108;28.5687038
6109;27.0392349
6110;26.4551512
6111;25.3909325
6112;25.2416298
6113;24.7610573
6114;25.4651719
6115;27.2692787
6116;29.7971443
6117;31.334889
6118;27.2421023
6119;28.6977205
6120;29.9226667
6121;31.2140579
6122;32.684113
6123;33.8745983
6124;35.8102365
6125;36.6772581
6126;43.3672569
6127;44.4136761
6128;43.5029283
6129;39.0890939
6130;36.4520296
6131;33.4683822
6132;31.4571325
6133;31.0688478
6134;30.9455017
6135;30.7184254
6136;30.8217948
6137;31.109884
6138;32.3037236
6139;33.7797164
6140;35.4050058
6141;37.7920611
6142;33.7809661
6143;35.1345522
6144;36.2089181
6145;36.3713772
6146;36.6593004
6147;37.0355045
6148;37.83543
6149;37.6406563
6150;43.2313881
6151;44.0099668
6152;43.4351172
6153;42.4290737
6154;41.0116422
6155;39.1426454
6156;38.9282109
6157;38.0098569
6158;37.6100472
6159;37.2445762
6160;37.7193125
6161;36.4891048
6162;36.9323736
6163;37.7193125
6164;39.9767808
6165;41.4289226
6166;37.3920546
6167;37.9238039
6168;39.1683645
6169;40.4462184
6170;41.8074759
6171;42.9994531
6172;43.5486362
6173;43.1328625
6174;46.9008009
6175;45.9957864
6176;45.681327
6177;42.4290737
6178;40.9244472
6179;39.6938245
6180;37.5006097
6181;34.7604161
6182;32.9781763
6183;30.7184254
6184;29.902937
6185;29.0695825
6186;28.612557
6187;30.4900956
6188;33.68262
6189;35.4050058
6190;31.0962536
6191;32.5694677
6192;34.2849273
6193;35.4458258
6194;36.4434644
6195;37.5164553
6196;37.5342105
6197;36.7669815
6198;40.7148044
6199;39.6229254
6200;38.6772581
6201;35.1783045
6202;33.2924443
6203;31.0893708
6204;27.7688164
6205;22.9984431
6206;NaN
6207;NaN
6208;NaN
6209;NaN
6210;20.8441229
6211;23.5925867
6212;26.5495146
6213;28.082335
6214;22.6324634
6215;23.7351411
6216;24.5495146
6217;25.5655103
6218;26.3926991
6219;26.9830016
6220;27.0046671
6221;27.1127921
6222;33.3120224
6223;33.3511563
6224;33.2140579
6225;32.9781763
6226;32.8993046
6227;32.8005402
6228;32.4034944
6229;31.109884
6230;30.1136485
6231;29.6697994
6232;30.2185767
6233;30.5109058
6234;30.1556536
6235;30.6355436
6236;31.0688478
6237;31.2736394
6238;25.4063876
6239;25.9035802
6240;26.8091817
6241;27.1343768
6242;27.2851009
6243;27.3280476
6244;27.2636081
6245;27.1559483
6246;33.1551896
6247;32.9584699
6248;32.6222677
6249;32.5030589
6250;31.1303874
6251;30.4276008
6252;27.0161224
6253;23.7300569
6254;21.7930784
6255;NaN
6256;NaN
6257;NaN
6258;NaN
6259;21.1956
6260;24.6066307
6261;28.082335
6262;21.8390579
6263;22.4246971
6264;22.6066307
6265;24.4078329
6266;25.9707362
6267;26.8309578
6268;28.2604697
6269;28.6770053
6270;35.8558831
6271;37.8647344
6272;36.9691788
6273;30.9249091
6274;28.3926991
6275;25.8324735
6276;23.7573866
6277;20.49202
6278;NaN
6279;NaN
6280;NaN
6281;NaN
6282;20.5853325
6283;23.7026733
6284;26.946664
6285;28.8091817
6286;24.9929898
6287;26.7655872
6288;28.4692747
6289;28.3023183
6290;27.8606553
6291;30.4234237
6292;31.6631796
6293;32.6459234
6294;38.7311052
6295;38.2450518
6296;37.4458258
6297;33.3902609
6298;29.3065807
6299;25.808181
6300;23.3132612
6301;20.0979364
6302;NaN
6303;NaN
6304;NaN
6305;NaN
6306;NaN
6307;24.7097324
6308;27.3835827
6309;29.1775066
6310;22.1346598
6311;26.2378996
6312;27.733526
6313;28.6770053
6314;29.5587452
6315;30.0834889
6316;30.8400694
6317;30.9387559
6318;36.7111129
6319;37.3727126
6320;36.6741638
6321;33.3511563
6322;32.0232456
6323;29.4351901
6324;28.0600477
6325;25.6618538
6326;23.5372028
6327;22.7933992
6328;22.4625577
6329;22.2141889
6330;25.0659988
6331;26.4551512
6332;28.5906377
6333;28.6782276
6334;24.049921
6335;25.3150566
6336;26.85272
6337;28.9660843
6338;30.263757
6339;30.0232456
6340;29.2532038
6341;30.5428276
6342;37.2079214
6343;37.5553501
6344;37.2079214
6345;33.253266
6346;32.2237567
6347;29.9451718
6348;27.0392349
6349;24.1612475
6350;21.4497764
6351;NaN
6352;NaN
6353;NaN
6354;20.8849738
6355;23.6477418
6356;26.7137952
6357;27.4519421
6358;NaN
6359;NaN
6360;24.8770223
6361;28.4900956
6362;29.8016822
6363;30.9387559
6364;31.6048156
6365;31.8572672
6366;38.4254493
6367;38.6593004
6368;38.8028404
6369;34.4354224
6370;30.4484431
6371;25.1665542
6372;20.9651525
6373;NaN
6374;NaN
6375;NaN
6376;NaN
6377;NaN
6378;NaN
6379;21.9579501
6380;26.6669671
6381;29.8394968
6382;25.9259821
6383;21.7846629
6384;23.0659988
6385;28.5317052
6386;30.2837445
6387;32.3010578
6388;32.3202725
6389;30.363611
6390;38.2450518
6391;41.6540969
6392;41.5502438
6393;36.7480411
6394;30.5317052
6395;26.5495146
6396;22.7933992
6397;NaN
6398;NaN
6399;NaN
6400;NaN
6401;NaN
6402;21.7259683
6403;25.0407772
6404;27.4974236
6405;29.5633446
6406;25.1084531
6407;27.0046671
6408;27.8606553
6409;29.2327586
6410;29.8823739
6411;30.5825637
6412;30.7609795
6413;31.0175659
6414;36.8033948
6415;36.5631915
6416;36.4891048
6417;35.93071
6418;35.2350604
6419;34.7031983
6420;32.243761
6421;29.8394968
6422;28.1713241
6423;26.8071942
6424;26.478776
6425;26.4315035
6426;27.7237591
6427;29.8183265
6428;31.6803768
6429;33.9733855
6430;29.761283
6431;31.0765931
6432;32.6459234
6433;34.1546567
6434;35.0978377
6435;35.2995213
6436;34.4520296
6437;34.1546567
6438;40.5396934
6439;40.3642056
6440;40.5747456
6441;38.6593004
6442;35.1214943
6443;31.9025247
6444;28.85272
6445;25.8324735
6446;23.2566427
6447;21.5549169
6448;20.9253053
6449;21.48505
6450;23.3977039
6451;26.7137952
6452;30.7804778
6453;34.2048851
6454;31.2140579
6455;32.5312014
6456;32.5120585
6457;31.6437321
6458;32.1471013
6459;33.2161477
6460;35.3909982
6461;37.1426454
6462;43.7567859
6463;44.7488301
6464;44.8157246
6465;40.4344463
6466;34.7031983
6467;30.7184254
6468;27.3607593
6469;24.8377695
6470;22.5841852
6471;21.0045468
6472;20.443477
6473;21.4497764
6474;23.2566427
6475;26.6669671
6476;30.2813995
6477;33.3511563
6478;30.163693
6479;30.3236944
6480;27.0263191
6481;27.7122959
6482;30.5030589
6483;34.0427829
6484;34.6187012
6485;34.4891048
6486;40.5572214
6487;41.7059765
6488;41.411577
6489;38.4074298
6490;32.6421076
6491;28.9613224
6492;26.0258635
6493;23.5094233
6494;21.6581333
6495;21.2327697
6496;21.7596112
6497;22.9693888
6498;25.0155218
6499;27.9707362
6500;30.4692747
6501;31.7006169
6502;30.0834889
6503;33.2161477
6504;34.3963771
6505;34.8218357
6506;35.2445762
6507;36.1185045
6508;37.3030734
6509;38.0826286
6510;43.6553247
6511;43.3842266
6512;43.146369
6513;40.9244472
6514;36.4520296
6515;34.1663693
6516;32.7609795
6517;30.7184254
6518;28.7655872
6519;27.7462963
6520;27.1774943
6521;27.7012046
6522;28.8744681
6523;30.8011414
6524;33.2728589
6525;34.2626087
6526;29.1918392
6527;33.4803835
6528;33.93071
6529;33.8745983
6530;33.5180373
6531;33.8745983
6532;34.3592486
6533;34.2105196
6534;39.5342105
6535;39.1069486
6536;38.5874256
6537;36.9323736
6538;34.5885912
6539;31.8420458
6540;29.9451718
6541;28.7219359
6542;27.2234248
6543;26.2891301
6544;26.1458996
6545;26.0979602
6546;33.4293361
6547;33.68262
6548;33.9540497
6549;34.2048851
6550;28.4900956
6551;28.759804
6552;29.0483149
6553;29.314482
6554;29.5993256
6555;29.8823739
6556;30.1436548
6557;30.4234237
6558;36.5076344
6559;36.7664975
6560;37.0059637
6561;37.2628961
6562;29.0046671
6563;24.9649092
6564;22.3081758
6565;22.5539269
6566;24.9902326
6567;25.4404554
6568;25.9535376
6569;26.0979602
6570;27.0854001
6571;28.7219359
6572;30.9249091
6573;34.9317312
6574;30.5030589
6575;31.3511563
6576;32.358682
6577;33.4992133
6578;33.4615479
6579;33.3106511
6580;33.3106511
6581;32.9697329
6582;38.5874256
6583;39.1604874
6584;38.9818769
6585;37.882891
6586;35.7997038
6587;34.4929092
6588;33.1551896
6589;32.4234237
6590;31.9428
6591;31.0893708
6592;30.9249091
6593;31.314482
6594;32.8400694
6595;34.9697329
6596;36.8218357
6597;38.6593004
6598;34.024118
6599;34.8402715
6600;35.7556962
6601;35.8465731
6602;35.882891
6603;35.882891
6604;35.9736041
6605;36.2631118
6606;42.291797
6607;42.8567158
6608;42.9249519
6609;42.0854832
6610;40.1707277
6611;38.5154804
6612;36.9691788
6613;36.1173874
6614;36.5261587
6615;35.9867715
6616;37.2445762
6617;37.9191902
6618;38.4254493
6619;38.999757
6620;39.9767808
6621;41.3247955
6622;36.3533442
6623;36.6952115
6624;37.3030734
6625;37.4453938
6626;38.4344463
6627;38.8720862
6628;38.6097828
6629;38.5922661
6630;44.9159821
6631;44.9159821
6632;44.9326819
6633;43.908775
6634;43.7060689
6635;41.9131848
6636;40.8196922
6637;39.8177433
6638;38.7669815
6639;38.2269872
6640;38.0642014
6641;38.4254493
6642;38.7669815
6643;39.3920546
6644;39.9414668
6645;40.0649971
6646;34.9875737
6647;35.62827
6648;36.3533442
6649;37.2674519
6650;38.4168918
6651;39.4809385
6652;39.9304299
6653;41.1123395
6654;47.2933405
6655;47.8957785
6656;48.2524556
6657;47.8470533
6658;45.66475
6659;44.1615552
6660;43.9256477
6661;42.6859017
6662;41.6713936
6663;39.7469566
6664;39.2318138
6665;40.3642056
6666;41.757825
6667;43.6384039
6668;45.1661872
6669;46.9008009
6670;42.7488301
6671;43.9627302
6672;45.0645309
6673;46.2200767
6674;47.4120905
6675;46.8820243
6676;46.2686416
6677;44.6875806
6678;49.251716
6679;48.8015017
6680;48.4950049
6681;48.090469
6682;47.619388
6683;46.6383158
6684;45.5154367
6685;44.7320994
6686;44.4807984
6687;43.908775
6688;43.7229776
6689;43.6553247
6690;43.6891572
6691;44.0436738
6692;44.2456682
6693;44.6651484
6694;39.2379252
6695;39.18576
6696;39.1509654
6697;39.0464947
6698;38.9942105
6699;38.8371606
6700;38.8196922
6701;38.7148044
6702;44.1783836
6703;44.1615552
6704;44.3297084
6705;44.1110522
6706;43.7905822
6707;42.154308
6708;40.2235406
6709;39.6938245
6710;38.8386821
6711;38.5154804
6712;38.3894057
6713;39.1426454
6714;40.1707277
6715;41.0813327
6716;41.8096425
6717;43.2483826
6718;38.5922661
6719;39.6194931
6720;39.8786844
6721;40.154308
6722;40.1887003
6723;40.0682686
6724;40.4976329
6725;41.0272106
6726;46.6711615
6727;46.8844143
6728;46.9008009
6729;46.0288321
6730;44.3633042
6731;42.7200903
6732;41.602186
6733;41.0290703
6734;41.3074286
6735;42.2230792
6736;42.7200903
6737;43.2993473
6738;43.7567859
6739;44.5646367
6740;45.5320378
6741;46.6711615
6742;42.447243
6743;43.615003
6744;42.9994531
6745;42.3465077
6746;42.8658659
6747;43.3492771
6748;43.8138472
6749;44.3257763
6750;50.2903351
6751;50.8617852
6752;51.3833281
6753;50.3698615
6754;49.3479668
6755;47.1953379
6756;44.5813957
6757;42.6174858
6758;41.5502438
6759;40.9593361
6760;41.1335626
6761;42.2746226
6762;43.4690289
6763;44.9827645
6764;45.9792596
6765;48.0742576
6766;43.6481703
6767;44.1609108
6768;43.5984153
6769;44.2763437
6770;45.1789956
6771;46.1876887
6772;46.7209233
6773;47.0429029
6774;52.5920729
6775;53.0444453
6776;54.8083128
6777;54.2845921
6778;51.2886621
6779;48.7853905
6780;45.2660954
6781;43.0272106
6782;41.6194931
6783;41.4982701
6784;41.5675614
6785;42.0854832
6786;43.2143905
6787;44.6651484
6788;46.818843
6789;49.0429029
6790;44.9826968
6791;45.3259887
6792;46.5273061
6793;47.4120905
6794;48.0355028
6795;49.1623307
6796;49.698375
6797;49.9655589
6798;55.4832163
6799;55.55971
6800;55.5444145
6801;52.7170188
6802;49.5562428
6803;46.6711615
6804;44.1110522
6805;43.0272106
6806;42.5147646
6807;42.3604618
6808;42.5832584
6809;43.1293558
6810;44.2288514
6811;46.0618674
6812;47.2770128
6813;48.8659242
6814;44.7039971
6815;46.4788509
6816;47.2035612
6817;46.6241553
6818;46.2686416
6819;46.6241553
6820;47.3479668
6821;47.6522477
6822;52.9665593
6823;53.9910689
6824;55.6361634
6825;54.0374559
6826;50.956772
6827;48.3333625
6828;46.0948923
6829;44.4640221
6830;43.7229776
6831;43.2993473
6832;42.7029976
6833;42.7542659
6834;43.3842266
6835;44.5646367
6836;45.7476083
6837;47.1789956
6838;43.6481703
6839;44.9008009
6840;45.7983069
6841;46.4626946
6842;46.8015017
6843;47.0911235
6844;47.2998512
6845;47.524224
6846;52.8106512
6847;52.9665593
6848;52.8262502
6849;50.7667261
6850;49.3479668
6851;47.619388
6852;45.4490053
6853;43.1973898
6854;41.6540969
6855;40.6798122
6856;40.2763188
6857;40.3817715
6858;41.5675614
6859;43.3842266
6860;44.5478747
6861;46.7204112
6862;42.1783836
6863;42.7153659
6864;43.1828454
6865;43.7807331
6866;44.4903851
6867;45.0154378
6868;45.4075666
6869;45.7983069
6870;51.2097198
6871;51.4463997
6872;51.4463997
6873;50.067386
6874;47.0645309
6875;43.2483826
6876;40.1707277
6877;37.3361268
6878;35.4803835
6879;34.4737535
6880;33.7214797
6881;34.0506605
6882;35.5744742
6883;37.3361268
6884;36.6556815
6885;42.291797
6886;39.7232628
6887;39.9304299
6888;39.8096425
6889;39.7059765
6890;39.9649099
6891;40.6345947
6892;41.5198734
6893;42.3968884
6894;48.090469
6895;47.7820534
6896;46.8516336
6897;42.4462184
6898;40.9942105
6899;39.3920546
6900;36.9323736
6901;34.5503378
6902;32.2237567
6903;31.3960531
6904;31.2327586
6905;31.8420458
6906;33.83789
6907;36.4705699
6908;39.4098384
6909;39.1783253
6910;36.8386821
6911;39.8269081
6912;41.5706904
6913;43.2328036
6914;44.3916504
6915;45.3096658
6916;45.6031084
6917;45.129954
6918;49.875961
6919;49.3960628
6920;49.2998512
6921;48.0580439
6922;43.9425175
6923;39.1783253
6924;34.8556535
6925;30.614797
6926;27.8362743
6927;26.2414834
6928;25.8324735
6929;26.7371769
6930;29.9240603
6931;34.0120366
6932;36.8218357
6933;39.3920546
6934;36.4974831
6935;37.8707914
6936;38.7847444
6937;40.154308
6938;41.1123395
6939;41.6214801
6940;41.7229776
6941;41.6891572
6942;46.6875806
6943;46.2103976
6944;45.9131262
6945;44.6986295
6946;41.6886868
6947;37.9191902
6948;34.3970653
6949;31.6196021
6950;29.4779583
6951;28.4808208
6952;28.3926991
6953;32.0232456
6954;34.4929092
6955;36.1919041
6956;37.6100472
6957;38.4074298
6958;33.4803835
6959;33.9867715
6960;34.4705699
6961;34.7664975
6962;34.9507787
6963;35.4458258
6964;36.2269872
6965;36.9282109
6966;42.9420029
6967;43.2653739
6968;43.1123395
6969;42.1715058
6970;39.0890939
6971;37.9554708
6972;36.4149333
6973;35.1404371
6974;34.358682
6975;34.5503378
6976;35.9494028
6977;37.4458258
6978;38.1546836
6979;39.5874516
6980;40.2763188
6981;40.6973102
6982;36.3353067
6983;37.3030734
6984;37.6938245
6985;37.8884662
6986;38.0120791
6987;37.83543
6988;37.7823579
6989;38.0473617
6990;43.6214801
6991;44.0268218
6992;44.8157246
6993;44.4975718
6994;43.6553247
6995;42.9420029
6996;41.3595187
6997;40.0473617
6998;39.8177433
6999;39.6229254
7000;39.6406563
7001;40.1883359
7002;41.5155982
7003;43.0272106
7004;43.7567859
7005;43.908775
7006;39.2379252
7007;40.3089682
7008;41.0272106
7009;41.2653739
7010;41.6891572
7011;41.7398833
7012;41.7736856
7013;41.7229776
7014;47.2443502
7015;47.2280152
7016;47.5705421
7017;47.2443502
7018;46.6218891
7019;45.8138472
7020;44.430461
7021;43.3502842
7022;42.6517002
7023;42.7542659
7024;42.5832584
7025;43.1633791
7026;43.908775
7027;45.0328221
7028;45.2660954
7029;45.6481703
7030;40.3947743
7031;40.6003737
7032;40.9590508
7033;41.1293558
7034;41.2653739
7035;41.5876234
7036;41.8918993
7037;42.2288514
7038;48.0418278
7039;48.9142177
7040;49.9078862
7041;50.7825743
7042;49.4601607
7043;47.7657975
7044;46.0453511
7045;44.849155
7046;44.1447238
7047;43.7567859
7048;43.8074759
7049;44.3633042
7050;45.4157734
7051;47.1789956
7052;48.6241553
7053;50.3698615
7054;45.3259887
7055;46.0093888
7056;46.8820243
7057;46.7370435
7058;46.0093888
7059;45.8308069
7060;45.7983069
7061;45.8470533
7062;50.9725962
7063;51.6354276
7064;51.8870327
7065;49.9398029
7066;47.7820534
7067;45.1995009
7068;43.4181567
7069;42.6345947
7070;42.1199023
7071;41.5848754
7072;41.4636034
7073;42.326136
7074;43.180386
7075;45.4656172
7076;47.9607127
7077;49.8440274
7078;46.5273061
7079;48.3539603
7080;49.0674992
7081;50.0597276
7082;50.9821401
7083;51.7279142
7084;52.2537241
7085;52.4542447
7086;57.3535457
7087;57.3384333
7088;56.9601362
7089;54.3308814
7090;52.5139219
7091;49.588253
7092;46.6218891
7093;44.6986295
7094;42.2230792
7095;40.6623104
7096;39.7823579
7097;40.0826286
7098;41.4289226
7099;42.4633598
7100;43.4011932
7101;42.8055053
7102;37.3208779
7103;36.8745065
7104;36.6593004
7105;36.7490455
7106;36.6233718
7107;36.4974831
7108;36.7490455
7109;36.6593004
7110;42.9249519
7111;43.4520745
7112;43.7905822
7113;42.5147646
7114;39.4098384
7115;36.6556815
7116;33.056925
7117;31.109884
7118;31.1508811
7119;29.3923713
7120;27.9259821
7121;28.5247919
7122;31.3960531
7123;34.2626087
7124;35.5368554
7125;36.1546567
7126;31.7020534
7127;32.4545912
7128;32.9697329
7129;32.8366186
7130;33.0077099
7131;32.9507351
7132;32.8746823
7133;32.3394806
7134;37.6647013
7135;38.082307
7136;38.2811673
7137;37.4275548
7138;37.0611032
7139;36.4334841
7140;36.0614423
7141;36.1732831
7142;34.8175774
7143;34.7794762
7144;34.5885912
7145;35.1593738
7146;36.5817
7147;37.9554708
7148;38.8028404
7149;40.0826286
7150;35.2812112
7151;35.62827
7152;36.0098569
7153;36.999757
7154;37.8177433
7155;37.7115392
7156;38.2411372
7157;39.1335626
7158;43.8412542
7159;43.2313881
7160;42.4119256
7161;41.4982701
7162;40.4344463
7163;39.4986961
7164;38.6413383
7165;37.5918196
7166;37.5918196
7167;38.0279763
7168;38.9639925
7169;39.7823579
7170;40.9418935
7171;42.0166045
7172;43.6553247
7173;44.1952092
7174;38.5046262
7175;38.3642056
7176;38.732295
7177;39.6886868
7178;40.9590508
7179;42.1952092
7180;42.9660731
7181;43.06618
7182;48.8015017
7183;48.2524556
7184;49.7162082
7185;46.0618674
7186;43.7060689
7187;41.7751009
7188;40.3993336
7189;39.1247991
7190;38.4074298
7191;38.1546836
7192;38.6952115
7193;40.1178799
7194;43.3333083
7195;46.2433758
7196;47.1136019
7197;47.6844826
7198;43.66475
7199;44.2928238
7200;45.2116777
7201;45.5379662
7202;46.0580439
7203;46.6886763
7204;47.2356666
7205;48.1948353
7206;53.7743898
7207;53.8518143
7208;54.0065329
7209;48.090469
7210;43.8243665
7211;40.2235406
7212;38.2992183
7213;37.2079214
7214;36.5817
7215;36.6187012
7216;37.4458258
7217;39.3386783
7218;41.8959363
7219;42.5661398
7220;45.4656172
7221;46.6383158
7222;42.279293
7223;43.2993763
7224;44.0948923
7225;44.2433758
7226;44.506832
7227;43.5486362
7228;43.3326462
7229;42.3633042
7230;47.4075666
7231;47.129954
7232;45.681327
7233;44.4807984
7234;42.9420029
7235;41.4809385
7236;40.4344463
7237;39.4276182
7238;38.4614751
7239;38.5694459
7240;39.2318138
7241;40.1354997
7242;41.7405456
7243;43.4520745
7244;42.6688026
7245;42.7542659
7246;37.8000526
7247;38.2587299
7248;38.9593361
7249;39.7059765
7250;40.291797
7251;42.5478747
7252;44.9008009
7253;46.0580439
7254;51.5881968
7255;52.0754158
7256;50.1311273
7257;49.2677632
7258;47.9444827
7259;45.66475
7260;43.3502842
7261;40.8720862
7262;39.5697087
7263;39.3030734
7264;39.9944319
7265;42.0682686
7266;44.447243
7267;46.6711615
7268;48.0742576
7269;49.1875052
7270;44.9499458
7271;45.5216746
7272;46.1876887
7273;46.8015017
7274;47.1071926
7275;47.3319304
7276;47.7162082
7277;48.4493364
7278;54.0065329
7279;54.9773374
7280;53.5263375
7281;48.4142122
7282;46.3422486
7283;44.4136761
7284;42.4119256
7285;40.7148044
7286;39.6406563
7287;39.3564745
7288;40.1883359
7289;50.4334455
7290;49.7321931
7291;49.026825
7292;48.3010066
7293;47.5868264
7294;41.5368155
7295;40.7884287
7296;40.0338292
7297;39.272684
7298;38.5046262
7299;37.7115392
7300;36.9282109
7301;36.1365963
7302;40.9069972
7303;40.1354997
7304;39.3564745
7305;37.8102365
7306;36.5817
7307;35.4803835
7308;34.6077084
7309;34.2433741
7310;34.3970653
7311;34.5503378
7312;34.5694677
7313;34.2048851
7314;34.1471013
7315;33.7797164
7316;33.056925
7317;32.8400694
7318;27.2205835
7319;27.4351901
7320;27.3495016
7321;26.8962024
7322;26.4808208
7323;26.3264487
7324;26.7000889
7325;26.9396295
7326;33.3315931
7327;33.4683822
7328;31.8016822
7329;30.3858835
7330;29.3280476
7331;27.3150566
7332;25.8809783
7333;24.1612475
7334;22.3081758
7335;21.9904624
7336;23.5925867
7337;26.8304911
7338;29.2205835
7339;30.6770053
7340;30.0295021
7341;30.8217948
7342;24.8770223
7343;24.6435206
7344;24.6200522
7345;24.4078329
7346;25.0392349
7347;26.5467552
7348;28.8836938
7349;31.056925
7350;38.5334733
7351;39.4631653
7352;40.5922661
7353;40.6973102
7354;40.5396934
7355;40.0473617
7356;39.6938245
7357;39.6761058
7358;39.658383
7359;39.8000526
7360;40.3290624
7361;41.0987463
7362;42.1371068
7363;43.1633791
7364;43.1633791
7365;43.3842266
7366;38.2763188
7367;38.5747456
7368;39.1509654
7369;39.8441703
7370;40.4290737
7371;40.8908402
7372;42.094212
7373;43.4988329
7374;50.0355028
7375;50.9725962
7376;49.5082114
7377;47.6682125
7378;47.0972474
7379;46.6218891
7380;45.66475
7381;45.0328221
7382;44.9159821
7383;44.9660731
7384;45.0995267
7385;45.5320378
7386;45.731042
7387;45.9957864
7388;46.7368227
7389;46.917185
7390;41.6553247
7391;41.9762481
7392;42.5311099
7393;43.3991534
7394;44.3916504
7395;44.9826968
7396;44.7860424
7397;44.4903851
7398;49.7481758
7399;49.4120905
7400;52.0283456
7401;50.4493364
7402;48.3333625
7403;46.1609108
7404;44.3465077
7405;43.0782974
7406;42.3433006
7407;42.2746226
7408;42.7542659
7409;44.430461
7410;45.9957864
7411;47.7332787
7412;49.0911235
7413;50.5446388
7414;46.8659242
7415;48.4016576
7416;49.6511673
7417;50.4357245
7418;50.7950504
7419;50.9977191
7420;51.3866097
7421;51.8518143
7422;57.2023548
7423;57.2326049
7424;56.9298316
7425;52.9665593
7426;48.4303753
7427;45.8138472
7428;43.7567859
7429;41.9476716
7430;40.9418935
7431;40.732295
7432;41.9304299
7433;44.4975718
7434;46.5890283
7435;48.1228848
7436;50.2266769
7437;51.1465304
7438;46.7370435
7439;47.4441395
7440;48.067386
7441;48.4652252
7442;48.8301069
7443;49.0833094
7444;48.9725962
7445;49.0674992
7446;54.5158857
7447;54.1919675
7448;52.0754158
7449;50.3539603
7450;47.619388
7451;44.1447238
7452;40.9244472
7453;37.8465731
7454;35.9494028
7455;35.4238591
7456;37.2995213
7457;40.5747456
7458;43.6384039
7459;46.177409
7460;48.5595982
7461;49.3319304
7462;44.4903851
7463;44.8024439
7464;45.6031084
7465;46.4142122
7466;47.1875052
7467;47.668241
7468;48.019558
7469;48.0992608
7470;52.8418474
7471;53.0600171
7472;51.6354276
7473;47.1463036
7474;40.7148044
7475;36.8218357
7476;33.6437321
7477;31.8823739
7478;31.2123037
7479;31.4978054
7480;33.1944426
7481;36.6002032
7482;39.6051906
7483;41.3421589
7484;38.3713772
7485;39.0533718
7486;34.5446777
7487;38.6623104
7488;43.2494509
7489;45.1953379
7490;46.3333625
7491;46.6725494
7492;46.5273061
7493;46.5111566
7494;51.1149239
7495;51.0674992
7496;49.2998512
7497;46.6218891
7498;42.5147646
7499;39.5519616
7500;37.4458258
7501;35.6496425
7502;34.4929092
7503;34.4354224
7504;35.4427064
7505;38.1727663
7506;40.4519969
7507;42.3947743
7508;44.1110522
7509;46.1609108
7510;42.3633042
7511;43.3326462
7512;44.0618674
7513;44.8844143
7514;46.0093888
7515;46.8820243
7516;47.0911235
7517;47.1393242
7518;52.2948521
7519;52.467009
7520;50.1311273
7521;47.8795391
7522;45.9627302
7523;44.279293
7524;42.5147646
7525;39.9944319
7526;38.6413383
7527;38.4074298
7528;39.0355045
7529;40.9069972
7530;42.9420029
7531;44.5646367
7532;46.1279068
7533;46.1609108
7534;41.1973898
7535;41.5537545
7536;42.4136761
7537;42.5646367
7538;42.8658659
7539;42.4975718
7540;42.279293
7541;42.4975718
7542;47.6356653
7543;47.129954
7544;46.5890283
7545;45.6979013
7546;44.0436738
7547;42.4290737
7548;41.6194931
7549;40.9244472
7550;40.4519969
7551;40.1178799
7552;40.3642056
7553;41.2900581
7554;42.1887003
7555;42.8567158
7556;44.9326819
7557;46.5561574
7558;42.5646367
7559;42.6316558
7560;42.9159821
7561;43.1828454
7562;43.2993763
7563;43.3160126
7564;43.1661872
7565;43.2494509
7566;48.1552913
7567;47.4564845
7568;46.5232763
7569;45.016139
7570;41.5155982
7571;38.0460911
7572;36.0427829
7573;35.4050058
7574;35.7247188
7575;36.895548
7576;38.0642014
7577;39.658383
7578;40.8720862
7579;41.8096425
7580;43.4690289
7581;43.9762481
7582;39.411577
7583;40.3776197
7584;40.9249519
7585;41.8074759
7586;42.3129062
7587;42.849155
7588;43.4323907
7589;44.4574837
7590;49.9876623
7591;50.2903351
7592;49.8120853
7593;46.9008009
7594;42.0682686
7595;38.1365963
7596;35.4992133
7597;33.7991145
7598;33.1748199
7599;33.5463873
7600;35.1783045
7601;38.082307
7602;39.196159
7603;39.8531127
7604;41.2205404
7605;40.9942105
7606;35.8647344
7607;36.2269872
7608;37.2318138
7609;37.83543
7610;38.5747456
7611;39.0116422
7612;38.9244472
7613;39.7059765
7614;46.3916504
7615;47.048169
7616;47.6844826
7617;45.4157734
7618;40.8196922
7619;36.6556815
7620;33.7603112
7621;32.0232456
7622;31.314482
7623;31.761283
7624;33.8572672
7625;37.882891
7626;40.7148044
7627;42.6174858
7628;44.279293
7629;45.4490053
7630;40.9078976
7631;41.4181567
7632;41.6722424
7633;41.7567859
7634;41.8412542
7635;41.7905822
7636;41.9931089
7637;42.1447238
7638;47.6356653
7639;47.9931658
7640;47.5216746
7641;44.5478747
7642;40.2763188
7643;35.9680899
7644;33.0962536
7645;31.4164223
7646;30.9866569
7647;31.8218684
7648;34.4737535
7649;37.3909982
7650;38.8207634
7651;39.5519616
7652;39.3920546
7653;38.999757
7654;33.3295339
7655;34.2849273
7656;34.2477343
7657;33.9494028
7658;34.1732831
7659;35.3909982
7660;36.8028404
7661;37.9414668
7662;44.2120318
7663;44.5143423
7664;44.8658659
7665;44.4136761
7666;43.8581389
7667;43.3672569
7668;43.0101754
7669;42.549018
7670;41.9131848
7671;42.1199023
7672;42.6688026
7673;43.2483826
7674;43.4181567
7675;43.6891572
7676;44.6651484
7677;44.8825741
7678;39.9304299
7679;40.9420029
7680;41.5537545
7681;42.0773689
7682;42.6316558
7683;42.9827645
7684;43.0995267
7685;43.3326462
7686;49.1071926
7687;49.4441395
7688;48.6564203
7689;47.5216746
7690;45.2328036
7691;42.7542659
7692;41.2553064
7693;40.4519969
7694;39.9591258
7695;40.0473617
7696;41.0639155
7697;42.8225787
7698;44.6651484
7699;46.3257763
7700;47.9120156
7701;49.9078862
7702;46.3980468
7703;47.3960628
7704;48.1948353
7705;49.0200566
7706;49.6039423
7707;49.8556089
7708;50.3418264
7709;51.0600171
7710;56.6568158
7711;57.0358711
7712;57.2174806
7713;54.1147332
7714;47.7820534
7715;43.1973898
7716;39.5874516
7717;37.0059637
7718;35.4992133
7719;35.5744742
7720;37.6829097
7721;41.7405456
7722;44.3968884
7723;45.5486362
7724;46.8844143
7725;46.8844143
7726;41.2993473
7727;40.8396488
7728;40.291797
7729;39.6194931
7730;38.9767751
7731;38.5747456
7732;38.311485
7733;38.1354997
7734;43.09532
7735;41.6540969
7736;41.5848754
7737;40.1178799
7738;39.6938245
7739;40.8895435
7740;43.5029283
7741;45.1995009
7742;45.0495024
7743;44.9493789
7744;45.5984153
7745;46.4903851
7746;47.2443502
7747;47.7170157
7748;48.9946626
7749;49.6202546
7750;44.259861
7751;44.259861
7752;44.177409
7753;44.3587185
7754;44.8024439
7755;45.3096658
7756;46.2686416
7757;47.3319304
7758;53.464254
7759;54.823687
7760;54.9158971
7761;54.0374559
7762;53.2311879
7763;52.5295558
7764;51.6039423
7765;50.4969968
7766;50.2585101
7767;50.6874548
7768;51.3044447
7769;52.0597276
7770;53.4176727
7771;53.3244624
7772;54.5774997
7773;55.2994662
7774;52.0838274
7775;52.2691589
7776;52.2845921
7777;53.0847942
7778;55.277969
7779;55.2326049
7780;54.9752862
7781;54.7175288
7782;59.6337727
7783;59.4251131
7784;59.4251131
7785;59.0069833
7786;57.7760883
7787;55.7278545
7788;53.6039021
7789;51.8870327
7790;50.7825743
7791;50.6081329
7792;51.2886621
7793;53.9601355
7794;56.7023529
7795;58.8124802
7796;60.4657598
7797;60.9688656
7798;56.3026498
7799;56.5277778
7800;56.8124802
7801;56.7076493
7802;57.0667828
7803;57.2311165
7804;57.051835
7805;56.8274504
7806;61.6471592
7807;61.1017888
7808;60.272994
7809;58.3777283
7810;54.8697995
7811;51.1623307
7812;48.8337174
7813;47.5216746
7814;47.619388
7815;48.2686416
7816;49.9557581
7817;51.8084589
7818;53.7124188
7819;54.9619798
7820;55.5750039
7821;55.8958054
7822;51.075587
7823;51.2622865
7824;50.6076976
7825;50.7326288
7826;50.888628
7827;50.9353922
7828;50.7170188
7829;51.075587
7830;55.8805451
7831;55.6972972
7832;53.9601355
7833;52.8730362
7834;51.5566999
7835;50.3698615
7836;49.524224
7837;49.3479668
7838;49.251716
7839;49.1393242
7840;49.3960628
7841;50.0355028
7842;50.6874548
7843;51.0674992
7844;50.845947
7845;51.3990989
7846;47.4281161
7847;48.1470574
7848;49.1623307
7849;50.4357245
7850;51.4487287
7851;51.8363329
7852;51.9137225
7853;52.2537241
7854;58.032069
7855;58.3326855
7856;56.8843633
7857;55.2841431
7858;53.464254
7859;52.2321936
7860;51.1307281
7861;49.9717113
7862;49.0589787
7863;48.7853905
7864;49.6042549
7865;51.1465304
7866;52.5764464
7867;54.068372
7868;55.6361634
7869;56.5657
7870;52.423414
7871;53.2688184
7872;54.0483211
7873;54.6719963
7874;55.1115681
7875;55.4743908
7876;55.5196831
7877;55.3384333
7878;60.4361181
7879;60.4657598
7880;59.9759914
7881;58.167418
7882;53.3244624
7883;49.2356666
7884;45.7972915
7885;43.0442427
7886;41.6713936
7887;41.7923734
7888;43.7567859
7889;47.7820534
7890;51.8084589
7891;54.500478
7892;56.62645
7893;57.6102278
7894;53.3454257
7895;54.094045
7896;54.6719963
7897;55.0812938
7898;55.2023548
7899;55.2023548
7900;55.3233195
7901;55.3837659
7902;60.4212953
7903;60.539841
7904;60.8506236
7905;59.0219352
7906;54.0065329
7907;50.3221518
7908;47.0645309
7909;44.849155
7910;43.6891572
7911;43.9593843
7912;45.6481703
7913;49.026825
7914;52.6389414
7915;55.3454257
7916;57.429085
7917;58.032069
7918;53.4679127
7919;53.9568307
7920;54.4897278
7921;55.0055817
7922;55.3082041
7923;55.4592903
7924;54.9601362
7925;55.0812938
7926;59.8570401
7927;60.539841
7928;59.5294765
7929;58.1072774
7930;54.2228492
7931;50.5446388
7932;47.8308069
7933;45.8965863
7934;44.9493789
7935;45.3659052
7936;47.4890844
7937;50.8617852
7938;53.4332016
7939;55.1614996
7940;57.2023548
7941;58.032069
7942;53.7584054
7943;54.3528801
7944;54.8388814
7945;55.2023548
7946;55.5196831
7947;55.9568244
7948;56.4077496
7949;56.737608
7950;61.8971527
7951;61.8677606
7952;61.779554
7953;59.9908543
7954;57.685641
7955;55.1768358
7956;52.5451878
7957;50.6874548
7958;49.8120853
7959;50.2425945
7960;52.2008531
7961;54.423414
7962;55.7584054
7963;56.5505087
7964;58.3927397
7965;58.7975086
7966;54.1397547
7967;54.3680916
7968;54.063564
7969;53.7431308
7970;52.7775595
7971;52.6852594
7972;53.0847942
7973;53.5444145
7974;58.962119
7975;59.2609773
7976;58.9920299
7977;58.7825356
7978;58.3477012
7979;57.5800522
7980;56.899521
7981;56.0330766
7982;55.0847942
7983;55.1461618
7984;56.2311317
7985;57.9267163
7986;59.6188774
7987;61.3525814
7988;60.5990823
7989;60.539841
7990;55.5196831
7991;56.3927397
7992;56.2425612
7993;56.5727649
7994;55.8966024
7995;54.8540435
7996;54.8085524
7997;55.2477278
7998;59.9908543
7999;60.1542572
8000;62.6742372
8001;61.7060139
8002;58.8723526
8003;56.9904347
8004;55.2841431
8005;54.176524
8006;53.3710756
8007;53.6194098
8008;55.1461618
8009;62.71812
8010;61.7648485
8011;60.8210501
8012;59.8719137
8013;58.9172421
8014;52.9158971
8015;51.9291953
8016;50.9353922
8017;49.9341541
8018;48.9251178
8019;47.9078862
8020;46.8820243
8021;45.8470533
8022;50.0355028
8023;49.0107449
8024;47.9769404
8025;50.4016576
8026;48.8820243
8027;46.818843
8028;45.4656172
8029;44.3465077
8030;44.1952092
8031;44.3129062
8032;45.4157734
8033;47.2280152
8034;48.4142122
8035;48.8015017
8036;48.7692771
8037;48.6241553
8038;43.3825306
8039;43.1995009
8040;42.8157246
8041;43.1995009
8042;42.8825741
8043;41.8750206
8044;41.146369
8045;40.7542659
8046;45.3492771
8047;45.0828547
8048;45.3825306
8049;44.7990052
8050;44.3465077
8051;43.8918993
8052;43.3333083
8053;43.0272106
8054;42.8055053
8055;42.1199023
8056;41.7751009
8057;41.6886868
8058;41.6540969
8059;41.5329227
8060;40.767265
8061;41.3247955
8062;36.0460911
8063;35.882891
8064;35.8465731
8065;35.7920611
8066;35.882891
8067;35.8647344
8068;36.1727663
8069;36.082307
8070;41.6886868
8071;41.7059765
8072;41.2900581
8073;40.9244472
8074;39.7115392
8075;39.0176328
8076;38.8028404
8077;38.9461038
8078;39.0176328
8079;39.2852647
8080;39.4453938
8081;39.6406563
8082;40.2587299
8083;40.8022202
8084;39.5697087
8085;40.1002562
8086;35.9010429
8087;36.9461038
8088;37.2318138
8089;37.4276182
8090;38.2059402
8091;38.5221617
8092;38.6798122
8093;39.18576
8094;44.6316558
8095;45.0828547
8096;45.1995009
8097;45.581825
8098;45.8965863
8099;45.8304003
8100;45.1495262
8101;45.116196
8102;45.3492771
8103;46.1114008
8104;47.0645309
8105;47.9769404
8106;49.2677632
8107;50.7825743
8108;49.7641563
8109;50.1948353
8110;45.4890844
8111;48.2425945
8112;50.3731332
8113;49.4779237
8114;48.5287601
8115;48.4652252
8116;48.4334455
8117;47.9238456
8118;53.0444453
8119;52.6545606
8120;53.075587
8121;53.2778332
8122;51.0674992
8123;49.1071926
8124;47.7983069
8125;46.0783812
8126;45.2660954
8127;45.2161536
8128;46.2103976
8129;47.4075666
8130;48.2524556
8131;48.8498219
8132;49.6042549
8133;49.9398029
8134;44.60546
8135;44.4410292
8136;44.177409
8137;43.5154367
8138;42.7990052
8139;42.9493789
8140;42.6651484
8141;42.279293
8142;46.6875806
8143;45.9131262
8144;47.0154378
8145;45.9627302
8146;45.0995267
8147;43.8750206
8148;43.0612716
8149;41.8441703
8150;41.4982701
8151;42.1026944
8152;42.4462184
8153;42.8055053
8154;43.0612716
8155;42.9078976
8156;42.2402637
8157;42.1026944
8158;36.3353067
8159;36.082307
8160;35.8647344
8161;35.9373328
8162;35.9373328
8163;36.0460911
8164;36.0279763
8165;35.9736041
8166;41.4289226
8167;41.5675614
8168;41.3595187
8169;41.602186
8170;41.376875
8171;40.9942105
8172;40.7497819
8173;40.0826286
8174;39.906137
8175;40.5922661
8176;41.3247955
8177;42.2574448
8178;42.6688026
8179;42.2058914
8180;43.3333083
8181;43.9931089
8182;39.272684
8183;41.6384039
8184;43.016139
8185;43.9957864
8186;44.3093013
8187;44.60546
8188;44.7368227
8189;45.0645309
8190;50.4334455
8191;50.4334455
8192;50.6240013
8193;50.6557321
8194;49.8599952
8195;49.4281161
8196;49.0429029
8197;49.1071926
8198;49.2677632
8199;49.1393242
8200;48.9303111
8201;48.8981221
8202;48.6886763
8203;48.5595982
8204;48.3818792
8205;48.1876887
8206;42.598152
8207;42.1110522
8208;41.0101754
8209;40.6517002
8210;40.8055053
8211;40.480498
8212;40.7713489
8213;41.7229776
8214;47.7170157
8215;48.4788509
8216;48.5595982
8217;48.704801
8218;48.349537
8219;47.7332787
8220;47.8957785
8221;47.6844826
8222;47.619388
8223;48.6402889
8224;49.026825
8225;49.524224
8226;49.380033
8227;49.2677632
8228;49.875961
8229;50.2903351
8230;45.3749427
8231;45.619388
8232;46.1228848
8233;46.1390892
8234;46.8176107
8235;47.2838083
8236;47.5562428
8237;47.9557581
8238;53.0600171
8239;53.4332016
8240;53.6504198
8241;53.9601355
8242;53.3244624
8243;52.6076976
8244;51.7927383
8245;50.9092876
8246;50.7825743
8247;51.3202253
8248;52.6701779
8249;53.3710756
8250;53.7124188
8251;54.1610789
8252;54.8697995
8253;55.4526075
8254;51.0288717
8255;50.8106512
8256;50.9353922
8257;51.2778332
8258;51.5573686
8259;51.6969217
8260;51.6504198
8261;51.8363329
8262;57.3535457
8263;57.2628491
8264;57.3837659
8265;57.3535457
8266;56.1397547
8267;54.9619798
8268;54.0992811
8269;53.5263375
8270;53.3400019
8271;54.4542447
8272;54.9926933
8273;56.17022
8274;56.9298316
8275;57.5196831
8276;58.2125082
8277;58.9172421
8278;54.62645
8279;55.2326049
8280;55.0510135
8281;54.5049253
8282;53.2228344
8283;52.823687
8284;52.6236925
8285;52.5158857
8286;57.6705613
8287;57.8664827
8288;60.3026648
8289;59.6337727
8290;57.7911577
8291;56.337667
8292;55.4373007
8293;54.7621803
8294;54.3771554
8295;54.7467995
8296;55.2075032
8297;56.5353158
8298;57.4441884
8299;58.3477012
8300;58.0922386
8301;58.6926678
8302;53.5902962
8303;52.9773374
8304;52.823687
8305;53.0387511
8306;53.1001385
8307;53.1461618
8308;53.5444145
8309;53.7736784
8310;59.4101986
8311;59.3952827
8312;59.5294765
8313;59.8272887
8314;59.2908326
8315;58.4527709
8316;57.6102278
8317;57.1569682
8318;56.7630475
8319;57.1115681
8320;57.2628491
8321;57.7308713
8322;57.9568244
8323;58.1824495
8324;59.3057582
8325;59.54438
8326;54.9752862
8327;54.7933856
8328;54.7630475
8329;55.1569682
8330;55.4139801
8331;55.3837659
8332;55.2023548
8333;55.3233195
8334;60.4064711
8335;60.6731043
8336;60.2284776
8337;60.0354348
8338;59.7231163
8339;59.3206824
8340;58.8573866
8341;58.7525853
8342;58.8274504
8343;58.9471614
8344;59.0817292
8345;59.2908326
8346;59.4400263
8347;59.3803654
8348;59.7826516
8349;59.8570401
8350;55.277969
8351;55.9267163
8352;56.2275354
8353;56.9770751
8354;56.2125082
8355;55.7610174
8356;56.1072774
8357;56.3777283
8358;61.9852992
8359;62.1467845
8360;61.9265399
8361;61.3230956
8362;59.9908543
8363;58.9022803
8364;57.9417711
8365;57.2628491
8366;57.0358711
8367;57.126703
8368;58.2425612
8369;59.7082291
8370;60.7322983
8371;61.3230956
8372;62.6303435
8373;62.893542
8374;58.1245596
8375;58.1839494
8376;58.3323304
8377;57.6039806
8378;56.9022803
8379;56.2726084
8380;55.8363571
8381;55.5649621
8382;60.6434994
8383;60.5250274
8384;60.8062614
8385;59.5294765
8386;57.8664827
8387;56.0178306
8388;53.9910689
8389;52.8418474
8390;53.0288717
8391;53.0288717
8392;53.8827719
8393;54.5312917
8394;54.792937
8395;55.0541005
8396;55.5750039
8397;55.9263212
8398;51.6039021
8399;53.1308224
8400;54.1549881
8401;54.8692042
8402;55.4592903
8403;55.8664827
8404;55.7308713
8405;56.1223147
8406;61.5882842
8407;61.8824573
8408;60.4657598
8409;60.0948567
8410;58.0922386
8411;55.0541005
8412;52.3418264
8413;50.9092876
8414;50.5605153
8415;51.0674992
8416;51.698375
8417;51.9969561
8418;52.3105121
8419;52.4200795
8420;53.6659222
8421;53.9910689
8422;48.1311273
8423;47.9398029
8424;48.4016576
8425;49.5881968
8426;51.0132963
8427;52.3771554
8428;53.5750039
8429;54.200679
8430;60.1542572
8431;60.7027039
8432;60.6583025
8433;60.6731043
8434;58.7675611
8435;56.62645
8436;54.4696575
8437;52.4513677
8438;51.0042385
8439;50.9725962
8440;52.5764464
8441;55.0387511
8442;56.8085524
8443;57.8062256
8444;57.9718762
8445;58.4977793
8446;53.9415767
8447;54.5808898
8448;55.3233195
8449;55.7760883
8450;55.5498706
8451;54.7478761
8452;53.6055869
8453;52.5928989
8454;56.4897278
8455;55.1461618
8456;53.2156359
8457;52.5764464
8458;51.4148678
8459;50.3698615
8460;49.588253
8461;49.0589787
8462;49.1875052
8463;49.3158919
8464;49.9398029
8465;50.8301069
8466;51.3044447
8467;51.5724493
8468;51.9498575
8469;52.0754158
8470;47.0750522
8471;47.4921967
8472;47.668241
8473;47.9876623
8474;48.3221518
8475;48.1151951
8476;47.9876623
8477;47.8440274
8478;52.7170188
8479;52.1538282
8480;51.50944
8481;51.6196859
8482;50.4969968
8483;49.3158919
8484;48.1714912
8485;47.7820534
8486;48.704801
8487;49.7961111
8488;50.2585101
8489;50.9884183
8490;51.5881968
8491;51.9498575
8492;51.3517806
8493;51.7770159
8494;46.4950049
8495;46.5757408
8496;46.2686416
8497;46.4465361
8498;46.090469
8499;45.5216746
8500;44.917185
8501;44.4574837
8502;49.0911235
8503;47.8632974
8504;47.2933405
8505;47.3423091
8506;46.9663225
8507;46.7204112
8508;46.3093013
8509;45.6979013
8510;44.3800977
8511;43.6045533
8512;43.3842266
8513;42.9760955
8514;42.549018
8515;42.291797
8516;41.5848754
8517;41.6886868
8518;36.5874256
8519;36.5694459
8520;36.7490455
8521;36.6054009
8522;36.6772581
8523;37.4276182
8524;37.2318138
8525;36.9103137
8526;42.2746226
8527;42.8567158
8528;42.2230792
8529;43.4181567
8530;43.5368155
8531;43.2823622
8532;43.1123395
8533;43.1973898
8534;43.3502842
8535;43.5537545
8536;44.3129062
8537;45.2993763
8538;45.4822264
8539;45.4988329
8540;45.0995267
8541;45.2328036
8542;39.9476716
8543;40.8908402
8544;41.0272106
8545;40.993137
8546;41.3672569
8547;41.5537545
8548;41.8243665
8549;42.1278895
8550;47.423875
8551;47.3749427
8552;47.0645309
8553;46.9008009
8554;46.4245722
8555;45.5154367
8556;44.8825741
8557;44.5813957
8558;44.8658659
8559;46.0453511
8560;46.226888
8561;45.4988329
8562;44.430461
8563;43.5706904
8564;42.3604618
8565;42.2574448
8566;36.8028404
8567;36.9282109
8568;36.9639925
8569;36.7131605
8570;36.4794813
8571;36.4074298
8572;36.4974831
8573;39.272684
8574;49.4921967
8575;51.2728776
8576;51.4148678
8577;51.7455653
8578;51.6196859
8579;51.2886621
8580;51.1939254
8581;50.2903351
8582;50.0036112
8583;50.3380571
8584;51.0358728
8585;52.3574807
8586;52.9665593
8587;53.1222862
8588;53.6814228
8589;53.9601355
8590;49.0991176
8591;49.4779237
8592;50.3105121
8593;51.5883927
8594;52.6390867
8595;51.0444453
8596;53.0541005
8597;54.3833015
8598;59.6486667
8599;60.3619907
8600;59.6337727
8601;59.5294765
8602;57.6253134
8603;56.6871754
8604;56.0330766
8605;54.8544304
8606;54.3771554
8607;54.3308814
8608;54.9005329
8609;56.1092831
8610;57.8212921
8611;60.4953963
8612;60.4509396
8613;60.7027039
8614;55.6705613
8615;55.9718762
8616;56.4077496
8617;56.0771984
8618;56.3176684
8619;56.9920299
8620;57.3356052
8621;56.2425612
8622;60.7470935
8623;62.1174347
8624;63.3459136
8625;62.5425231
8626;59.901657
8627;56.0178306
8628;53.8982481
8629;52.888628
8630;52.4826485
8631;52.7326288
8632;53.2311879
8633;54.2537241
8634;56.7175288
8635;58.6177391
8636;58.5877577
8637;58.9172421
8638;54.3985099
8639;54.6416337
8640;55.3233195
8641;54.9904347
8642;55.4743908
8643;55.7760883
8644;56.5127793
8645;56.6027491
8646;61.8383634
8647;62.4107099
8648;62.7473691
8649;62.4839517
8650;59.7380022
8651;56.2920184
8652;53.2000821
8653;51.2255122
8654;50.5287601
8655;50.7350236
8656;52.5451878
8657;53.9756031
8658;56.1245197
8659;58.6027491
8660;59.2908326
8661;59.886786
8662;54.8085524
8663;54.7175288
8664;54.899521
8665;54.9449847
8666;54.8843633
8667;54.9601362
8668;54.9449847
8669;54.7782173
8670;59.4996652
8671;59.4400263
8672;60.5250274
8673;60.8062614
8674;58.737608
8675;55.1768358
8676;52.8418474
8677;52.1695051
8678;51.8713218
8679;52.3418264
8680;53.8208497
8681;56.200679
8682;57.1418364
8683;57.5800522
8684;60.139409
8685;60.0651484
8686;54.7630475
8687;56.3176684
8688;57.4698485
8689;57.4251131
8690;57.6337727
8691;57.1415008
8692;57.6486667
8693;58.1245596
8694;62.7034936
8695;62.8789302
8696;62.0440386
8697;61.0722594
8698;59.797532
8699;58.2275354
8700;56.0483211
8701;55.3301075
8702;54.6852594
8703;54.2537241
8704;55.2075032
8705;56.62645
8706;57.3082041
8707;57.4139801
8708;57.5196831
8709;57.6403975
8710;52.0374559
8711;50.3887838
8712;49.4779237
8713;49.1623307
8714;48.9884183
8715;48.6240013
8716;48.3857606
8717;48.3221518
8718;53.3244624
8719;53.2311879
8720;53.4332016
8721;53.4021421
8722;53.2156359
8723;52.888628
8724;52.2791903
8725;52.2635266
8726;52.2635266
8727;52.5295558
8728;52.7950504
8729;53.293378
8730;53.5728815
8731;53.8053648
8732;53.3244624
8733;53.2467381
8734;48.0833244
8735;48.1789114
8736;48.4175526
8737;48.2266769
8738;48.0992608
8739;47.9078862
8740;47.668241
8741;47.4441395
8742;52.4513677
8743;52.3418264
8744;52.4044326
8745;52.2321936
8746;51.8556089
8747;51.4148678
8748;50.7667261
8749;50.481112
8750;50.3539603
8751;50.2903351
8752;50.5922624
8753;50.4334455
8754;50.9251178
8755;51.3990989
8756;51.8713218
8757;52.3418264
8758;47.6522477
8759;48.1311273
