Index;Wert
0;38.8847756
1;38.4294677
2;38.7526885
3;39.0776938
4;39.4000002
5;39.718312
6;45.0146515
7;45.115716
8;45.2494785
9;45.3915453
10;43.9151908
11;41.1986777
12;40.0615028
13;38.8473186
14;38.4419363
15;38.7056309
16;39.6877992
17;40.4453908
18;41.0034522
19;41.4560332
20;41.529851
21;41.4829497
22;37.043069
23;37.2697493
24;37.4173012
25;37.5383774
26;37.6838531
27;37.858742
28;38.0859424
29;38.4071207
30;43.5097072
31;43.3536829
32;43.0213742
33;42.9287095
34;42.5670479
35;42.0449982
36;41.3621454
37;40.747711
38;40.4723981
39;40.2824105
40;40.1969156
41;40.1831105
42;40.0971598
43;39.9709763
44;40.0061505
45;40.0525698
46;35.3450471
47;35.4591251
48;35.6513563
49;35.8172397
50;35.9145374
51;36.0420465
52;36.2337524
53;36.5529886
54;41.4847203
55;41.4876834
56;41.4749095
57;41.3433027
58;40.8053461
59;39.5670765
60;38.7621098
61;38.5422098
62;38.4532211
63;38.4372144
64;38.8710949
65;39.8303315
66;40.4470122
67;40.8695199
68;41.4677727
69;41.8657101
70;37.3829773
71;37.6275111
72;37.9695009
73;38.5921469
74;38.8532334
75;38.9607119
76;38.9484287
77;38.6281564
78;43.0975699
79;42.7167496
80;42.3031721
81;41.8664839
82;40.9546369
83;40.1903632
84;39.6249054
85;39.6081804
86;39.8471145
87;39.8642532
88;40.401355
89;40.8900422
90;41.2710104
91;41.7159884
92;41.7732268
93;41.9658809
94;37.5309803
95;38.0441388
96;38.7083485
97;39.21159
98;39.7944757
99;40.2639341
100;40.5066257
101;40.584723
102;45.0237211
103;44.1939007
104;43.3347956
105;43.0354813
106;41.915004
107;40.613347
108;39.8316341
109;39.9787693
110;40.0115212
111;39.9445761
112;40.1487717
113;41.1090384
114;42.0557004
115;42.3577037
116;41.7731946
117;42.0100869
118;37.63735
119;37.9230918
120;38.1604454
121;38.4822346
122;38.827243
123;39.1601158
124;39.4638092
125;39.7007503
126;44.610161
127;44.2065623
128;44.380733
129;43.8836245
130;42.6740406
131;40.8155733
132;40.0473284
133;40.4162957
134;40.6951309
135;41.2891269
136;41.9154371
137;42.5828085
138;42.9208347
139;43.2337677
140;43.6009134
141;44.5511347
142;40.213661
143;40.3916151
144;39.8890396
145;40.1506566
146;39.9833417
147;40.2685526
148;40.4776994
149;40.1209543
150;44.9789509
151;45.0216813
152;45.0631034
153;44.6776855
154;42.9595263
155;40.8424052
156;39.7430638
157;39.2565412
158;39.3713119
159;40.6942731
160;41.9998516
161;42.3922119
162;41.1802347
163;39.4351572
164;39.0828641
165;39.2617629
166;34.893872
167;35.5543855
168;36.056163
169;36.5687015
170;36.4939116
171;36.3536249
172;36.5240855
173;36.9245881
174;42.0725599
175;42.2491022
176;42.3620931
177;42.5291215
178;41.6958488
179;39.9535659
180;38.892569
181;38.1669984
182;37.8964668
183;37.974785
184;38.8806899
185;40.0239303
186;40.498063
187;40.6867652
188;40.4024047
189;40.6656392
190;36.3414984
191;36.8014402
192;37.6624328
193;37.5952308
194;37.5358306
195;37.4628162
196;37.634634
197;37.9919634
198;43.435231
199;43.4740962
200;43.0050431
201;43.0322012
202;41.8536885
203;40.1228949
204;39.0665122
205;37.8616325
206;37.3949411
207;37.326337
208;37.6450375
209;38.8032641
210;39.6119822
211;40.2408287
212;41.2322437
213;41.8698467
214;37.822718
215;38.4146772
216;38.7227172
217;38.6110059
218;38.662728
219;38.190276
220;37.4306308
221;36.5111618
222;40.9179858
223;40.3347247
224;40.9050612
225;40.175973
226;39.5490169
227;38.8104906
228;38.1204574
229;37.7175406
230;37.7106632
231;38.1617986
232;38.854457
233;39.7129551
234;40.320038
235;40.948935
236;40.7066685
237;40.8490743
238;35.9580821
239;35.8850843
240;35.9416767
241;36.180664
242;36.13343
243;36.2714048
244;36.6591588
245;37.1213624
246;42.4073595
247;42.3726561
248;42.7908052
249;43.2229495
250;43.0924542
251;42.8069548
252;42.0671531
253;40.8205395
254;39.2677519
255;38.2571479
256;38.4457309
257;39.2094929
258;39.7552707
259;40.0593966
260;40.0048968
261;40.399993
262;35.8221149
263;36.171441
264;36.5223239
265;36.6175699
266;37.4344042
267;37.574074
268;37.550868
269;37.7331402
270;43.034073
271;42.7478686
272;42.4066878
273;42.2632302
274;41.8849578
275;41.5598886
276;41.2864286
277;41.2666263
278;40.6060382
279;40.3368235
280;40.8316473
281;41.314857
282;41.4351596
283;41.8005261
284;41.7318701
285;42.0167971
286;37.575548
287;37.9578557
288;38.5127774
289;38.5252552
290;38.570189
291;38.5933666
292;38.6782434
293;38.7767735
294;43.8799435
295;44.1390806
296;43.8395753
297;43.8657889
298;43.420971
299;42.8956569
300;42.5459747
301;41.6125012
302;41.8431075
303;41.9019979
304;42.3442976
305;42.6461315
306;43.0193128
307;43.4219508
308;43.4502572
309;43.9488667
310;39.8649414
311;40.4998367
312;41.1718233
313;41.6486021
314;41.9231717
315;42.2241412
316;42.650585
317;43.2508003
318;48.4986761
319;48.7779808
320;47.2497522
321;47.0506026
322;45.6858893
323;43.4942579
324;41.8989023
325;40.9914724
326;40.504643
327;40.6296585
328;41.3791831
329;42.3405021
330;43.2087564
331;43.4499361
332;43.7457804
333;43.9336812
334;39.7263881
335;40.0214392
336;40.1317648
337;40.128497
338;39.8088701
339;39.8719868
340;40.1049415
341;40.7336429
342;46.0150714
343;46.015577
344;45.8289747
345;45.6545266
346;45.5062562
347;45.2248231
348;45.0660052
349;45.2259215
350;45.283754
351;45.4288425
352;45.3979334
353;45.4861924
354;45.5880987
355;45.6797631
356;45.6739278
357;45.8272648
358;41.5248529
359;41.8194223
360;42.0397664
361;42.1680714
362;42.3103874
363;42.211667
364;42.2879549
365;42.3878367
366;47.3635941
367;47.4266152
368;47.2160829
369;46.7405584
370;46.2283755
371;45.7367164
372;45.2946542
373;44.8508219
374;44.8822199
375;44.9708713
376;45.4823518
377;45.8570768
378;46.0288641
379;46.2085694
380;45.935653
381;46.0570373
382;41.9177392
383;42.5379119
384;42.8903802
385;43.1412958
386;43.6910741
387;44.0968289
388;44.2299615
389;44.4226652
390;49.3843665
391;49.1446608
392;48.6617897
393;48.0513101
394;47.5013378
395;47.0504453
396;46.8877381
397;46.5897317
398;46.495018
399;46.7376468
400;47.2346491
401;48.1358459
402;48.7694558
403;49.8825725
404;50.3345093
405;48.6468371
406;44.4270919
407;44.7424678
408;45.2417676
409;45.8201146
410;47.1585757
411;48.9840601
412;49.5853863
413;49.2399216
414;54.4467743
415;54.4610033
416;54.4448759
417;54.1983284
418;53.1579848
419;50.9138495
420;49.9400346
421;49.1497582
422;48.658292
423;48.5543097
424;49.2826192
425;51.1387218
426;52.1008537
427;52.6264325
428;54.4587612
429;54.6035085
430;50.9822792
431;51.7461349
432;52.4133738
433;52.6861189
434;52.7068964
435;52.8328171
436;52.8292976
437;52.9263754
438;55
439;55
440;55
441;54.2336432
442;52.4171725
443;50.6138371
444;48.5461396
445;47.4967236
446;46.7179236
447;46.2720218
448;45.9513431
449;46.1423924
450;46.5163487
451;47.0857323
452;48.6877529
453;49.0924104
454;45.0939902
455;45.4410712
456;45.7629036
457;46.0889368
458;46.3447871
459;46.5999988
460;46.940131
461;47.5404827
462;52.1825691
463;53.0111115
464;54.5713627
465;54.7285598
466;53.83755
467;52.2349772
468;49.3191882
469;47.5934112
470;46.7028427
471;46.7963599
472;47.615663
473;49.0933839
474;50.0598243
475;51.1615442
476;51.1830877
477;50.9015746
478;46.6535763
479;47.0286394
480;47.5001791
481;47.2877744
482;46.608106
483;46.4886809
484;46.1320765
485;46.2146439
486;50.7263404
487;50.4267583
488;50.2798848
489;49.6456582
490;48.3595271
491;46.849307
492;46.1843629
493;45.8059594
494;45.4788763
495;45.6549433
496;45.9200049
497;46.6551168
498;47.2305422
499;47.4486497
500;47.4602724
501;48.3573051
502;45.6442776
503;47.093633
504;47.7856122
505;47.8361577
506;48.1537662
507;48.6974339
508;49.8189279
509;50.4538669
510;55
511;55
512;54.6158191
513;54.0811767
514;52.700273
515;49.6368349
516;46.7938738
517;45.320786
518;44.3464363
519;43.9826276
520;44.5736198
521;46.1117585
522;47.2904583
523;47.8271681
524;48.9034264
525;48.8906015
526;43.8367384
527;42.8278819
528;41.5370517
529;40.3016133
530;39.2732201
531;38.5447773
532;37.671761
533;37.1821766
534;42.3624706
535;42.3889263
536;42.8126988
537;42.6167158
538;42.2549771
539;42.0179396
540;41.8584528
541;41.4737967
542;41.5045745
543;41.6158692
544;41.2200355
545;41.7546359
546;42.250434
547;42.6153348
548;42.5490973
549;43.3472993
550;39.5498517
551;40.0762836
552;40.8671655
553;41.8207208
554;42.5963312
555;43.1738778
556;44.0807664
557;44.7214753
558;49.6763388
559;49.5563037
560;47.7077528
561;46.910019
562;46.0682936
563;43.7727005
564;41.0499405
565;39.9502837
566;39.233813
567;39.278911
568;40.002151
569;40.2759917
570;40.4090765
571;40.2993988
572;40.218162
573;40.0861045
574;35.369508
575;35.6077284
576;35.7544195
577;36.3112059
578;36.7860251
579;37.5115717
580;38.3835908
581;39.0606013
582;45.0400705
583;45.3031624
584;44.1322774
585;43.4643469
586;40.8579297
587;37.8707516
588;35.6195482
589;33.9324853
590;33.0338882
591;32.6986609
592;35.979314
593;38.0961037
594;39.4979563
595;40.4111241
596;41.0624726
597;41.4492119
598;37.0631045
599;37.7451462
600;37.9576367
601;38.2232426
602;38.4712611
603;38.4254202
604;37.8143251
605;37.5668355
606;42.1982654
607;41.6675062
608;40.9057985
609;40.1025085
610;38.0863977
611;35.176475
612;32.6853675
613;31.1175738
614;30.5357272
615;30.8043894
616;32.0647352
617;34.2172863
618;36.0586918
619;37.1149007
620;37.056873
621;37.3282595
622;32.4472484
623;32.652986
624;32.8457817
625;33.2174768
626;33.6991459
627;33.7235159
628;33.466526
629;33.3185257
630;38.7371106
631;38.3271828
632;37.6911939
633;36.9755023
634;35.6762124
635;34.0227363
636;32.6869528
637;31.7687486
638;31.4013165
639;31.5585285
640;32.2692001
641;33.4834471
642;34.0575126
643;35.025659
644;34.3776439
645;33.9484607
646;28.8826777
647;28.9427366
648;29.1738108
649;29.2274717
650;29.0943562
651;29.1948955
652;29.8829074
653;30.3256847
654;35.6946033
655;35.5797407
656;34.3570811
657;34.6973262
658;35.184404
659;35.515403
660;35.9486433
661;36.4862162
662;36.8171971
663;37.1493741
664;37.4501483
665;37.8371205
666;37.8137031
667;38.5701825
668;39.0557839
669;39.0398169
670;34.2852526
671;34.4505141
672;34.4589105
673;34.7381894
674;35.1902791
675;35.6284852
676;35.951377
677;36.9763319
678;42.8397806
679;43.364133
680;43.3865917
681;42.9567278
682;40.8463497
683;38.8181597
684;37.1992967
685;36.2022617
686;35.6642771
687;35.5699485
688;36.0439922
689;37.2593047
690;38.4672925
691;39.2889865
692;39.9386034
693;40.4208981
694;36.203858
695;36.7726675
696;37.0621631
697;37.3330668
698;37.473487
699;37.264636
700;37.0759961
701;37.1665464
702;42.1801583
703;42.0120484
704;41.9070665
705;41.0086494
706;39.3179888
707;37.8431803
708;36.6094036
709;36.2984839
710;36.2335538
711;36.1423093
712;36.2324959
713;36.8901359
714;37.941268
715;38.4851996
716;38.4188988
717;39.1277427
718;35.1218434
719;35.9321319
720;36.3926153
721;36.955608
722;37.3234499
723;37.5141251
724;37.9786094
725;38.5447989
726;43.8986792
727;43.4641536
728;42.8109666
729;41.9576371
730;41.1121197
731;40.642966
732;40.0271128
733;40.2896575
734;40.3983208
735;40.4085861
736;40.1411616
737;35.8439602
738;36.2906062
739;36.7445037
740;37.2005531
741;37.6565244
742;33.273921
743;33.9098681
744;34.4900005
745;35.0373805
746;35.5629353
747;36.0724136
748;36.5692243
749;37.0453922
750;42.5457113
751;42.7923397
752;43.0791349
753;43.3039899
754;42.9634749
755;42.3029104
756;41.865674
757;41.2760834
758;40.7177993
759;40.4724032
760;40.6143538
761;41.2222515
762;42.1101619
763;42.7739327
764;43.8376316
765;44.1823787
766;39.9781413
767;40.4423262
768;40.7987693
769;41.1382594
770;41.4221534
771;41.7817823
772;42.1133394
773;42.4283055
774;47.486835
775;47.3069832
776;47.0246102
777;45.8220124
778;44.0930441
779;42.6904617
780;41.4130139
781;40.8364153
782;40.7386965
783;41.229677
784;41.8909447
785;42.5693092
786;43.5174502
787;44.0647702
788;44.5091994
789;44.9109349
790;40.8843186
791;41.3844441
792;41.3680881
793;41.1692585
794;40.95374
795;40.9910031
796;40.9139788
797;40.9383415
798;46.1050915
799;46.2035357
800;45.5184199
801;45.4759315
802;44.3523038
803;43.6937736
804;42.8807327
805;42.1355549
806;42.2425764
807;42.2140083
808;42.329633
809;43.0831475
810;44.1992901
811;45.3038445
812;45.9074084
813;46.1393772
814;41.6746431
815;41.900738
816;42.1400041
817;42.4320278
818;42.4879643
819;42.3604463
820;42.2440773
821;42.275846
822;47.1610504
823;47.4254412
824;47.8146448
825;46.5011264
826;44.255065
827;43.2514375
828;42.7528428
829;42.3915741
830;42.1832172
831;42.4607655
832;43.2297488
833;44.1648573
834;44.8605148
835;45.1417222
836;46.0162458
837;46.0397483
838;42.2720912
839;42.6808954
840;42.9953522
841;43.0744564
842;43.0810892
843;43.5730849
844;43.8204368
845;43.8440387
846;48.727779
847;48.5610134
848;46.7278418
849;46.3176876
850;45.1445831
851;43.8120578
852;42.6753424
853;41.7034993
854;41.1636765
855;41.1553141
856;41.5152513
857;42.5295138
858;43.7822389
859;44.7321456
860;45.8329999
861;46.2748179
862;42.1084776
863;42.4116408
864;42.6442927
865;42.961733
866;43.2718901
867;43.475059
868;43.5935049
869;43.5533891
870;48.4704711
871;48.3231993
872;47.9479498
873;46.1546992
874;44.589892
875;43.3105968
876;42.1095195
877;40.8203427
878;39.9665168
879;39.6488438
880;40.0356111
881;41.4492818
882;43.2644361
883;44.6253808
884;45.9387181
885;46.6363135
886;42.9584783
887;43.2798372
888;43.5652103
889;43.4734322
890;42.7453476
891;42.7372765
892;42.9040781
893;43.1415448
894;48.1144287
895;48.1866015
896;48.363751
897;47.7134782
898;46.1957441
899;45.1830004
900;44.1991952
901;43.3468259
902;43.1171289
903;43.2539436
904;43.6836214
905;44.3739101
906;45.031516
907;45.5473433
908;46.1349823
909;46.4640531
910;42.1598129
911;42.6483295
912;42.9652708
913;43.0080736
914;42.8630278
915;42.63985
916;42.8972916
917;43.3689691
918;48.630574
919;48.4139719
920;47.411834
921;46.5673846
922;45.780701
923;44.9465665
924;44.2553115
925;43.6649289
926;43.3371488
927;43.1260535
928;43.2258744
929;43.8148794
930;44.4576838
931;44.7604202
932;45.6492899
933;46.4566401
934;42.5587277
935;42.8595293
936;43.2757374
937;43.3887205
938;43.5520733
939;43.3431155
940;43.9707486
941;44.0251981
942;48.6103573
943;48.7668443
944;47.310042
945;46.6147072
946;44.3715868
947;42.5443205
948;41.5118126
949;40.8512966
950;40.2223888
951;40.1709055
952;40.5780254
953;41.5288122
954;42.5778925
955;43.8610704
956;44.7259335
957;45.4488819
958;41.3926299
959;42.324013
960;43.1342215
961;43.7611647
962;44.0188514
963;44.1228034
964;44.2183822
965;44.0435921
966;48.4766945
967;47.7265667
968;47.0430407
969;45.6198668
970;44.1370469
971;42.7677168
972;42.203155
973;41.8819084
974;42.0507638
975;41.9704293
976;42.5002084
977;43.1568447
978;44.2433952
979;45.3370731
980;45.6844295
981;45.6505676
982;41.0174328
983;41.1562045
984;41.4749382
985;41.7013277
986;41.8061354
987;42.1709875
988;42.1046937
989;41.8966035
990;46.4432685
991;46.0558271
992;45.2531459
993;44.4351686
994;43.3482783
995;42.8333833
996;42.2953787
997;41.4994932
998;41.1098695
999;41.0787138
1000;41.226582
1001;41.6474257
1002;42.2453617
1003;42.6997839
1004;43.4321855
1005;43.6203319
1006;39.059239
1007;39.3264239
1008;39.6761252
1009;39.9204606
1010;40.4737084
1011;40.6618277
1012;40.66493
1013;40.7687945
1014;45.8848116
1015;46.2428292
1016;46.4008559
1017;45.6533989
1018;44.7602649
1019;43.9805874
1020;43.4314595
1021;43.1069692
1022;43.0684267
1023;43.2369779
1024;43.6668333
1025;44.3298953
1026;45.094071
1027;46.025746
1028;46.7888473
1029;47.0042498
1030;43.1244183
1031;43.6554451
1032;43.8448799
1033;44.2177849
1034;44.5280181
1035;44.7617487
1036;45.1094093
1037;45.3107939
1038;50.3000812
1039;50.2653469
1040;50.2295799
1041;48.0591676
1042;45.9265722
1043;44.0263087
1044;43.0289936
1045;42.3791164
1046;42.2047156
1047;42.2038141
1048;42.5185106
1049;43.7408446
1050;45.4152182
1051;46.6101396
1052;47.1564004
1053;47.5200629
1054;43.3965659
1055;43.8285336
1056;44.4620626
1057;45.2752601
1058;45.7706274
1059;45.8676726
1060;45.8282482
1061;45.8555916
1062;50.64569
1063;50.626835
1064;51.3561371
1065;48.6805499
1066;46.3988211
1067;44.6971597
1068;43.399886
1069;42.4404031
1070;41.8509923
1071;41.6207176
1072;41.8864094
1073;43.0479848
1074;45.1252598
1075;46.4845626
1076;46.9482614
1077;47.5737341
1078;43.375993
1079;43.416557
1080;43.4232074
1081;43.5111828
1082;43.4420505
1083;43.0383288
1084;42.7072457
1085;42.3117176
1086;46.9690435
1087;46.5740575
1088;46.3603442
1089;45.8498605
1090;44.9851938
1091;44.0861231
1092;43.0451673
1093;42.4611638
1094;41.7788357
1095;41.3137672
1096;40.5153384
1097;40.2945667
1098;40.2167672
1099;40.0998132
1100;40.4223367
1101;40.4143657
1102;35.7727372
1103;36.0152875
1104;36.2505225
1105;36.3548385
1106;36.5249767
1107;36.6835364
1108;36.8539342
1109;37.1402755
1110;42.376864
1111;42.4770897
1112;42.9712846
1113;42.4337524
1114;41.1094965
1115;39.7756309
1116;38.7059708
1117;37.9645082
1118;38.0458817
1119;38.1303512
1120;38.5940355
1121;39.794475
1122;41.4299554
1123;42.6611505
1124;43.216514
1125;44.151214
1126;40.9725497
1127;42.0559766
1128;41.939729
1129;41.5901459
1130;41.0262905
1131;40.6431171
1132;40.3979758
1133;40.5983649
1134;45.5765306
1135;45.3978217
1136;45.2091384
1137;44.9381713
1138;44.444034
1139;44.3440737
1140;44.2078454
1141;43.9346943
1142;44.0369967
1143;43.9656079
1144;44.3110173
1145;44.6672286
1146;44.9577438
1147;45.1022597
1148;45.4069236
1149;45.4837961
1150;41.1383147
1151;41.3453447
1152;41.7507528
1153;42.2856511
1154;43.0526973
1155;43.6531709
1156;43.2374767
1157;43.2884287
1158;48.2505598
1159;47.5673347
1160;50.4502964
1161;49.1154041
1162;47.7453273
1163;46.0138984
1164;44.881454
1165;44.0135263
1166;43.6592683
1167;43.4520992
1168;43.4130366
1169;43.6385535
1170;44.0894744
1171;44.9004348
1172;45.5625042
1173;46.4549902
1174;42.4904056
1175;43.1684786
1176;43.6545653
1177;44.0951022
1178;44.018265
1179;45.032609
1180;45.484053
1181;45.8532841
1182;52.1357628
1183;52.7169298
1184;51.6836638
1185;51.8421879
1186;48.7766754
1187;47.5803719
1188;46.5750049
1189;45.7278515
1190;44.9947934
1191;44.6085943
1192;44.6075887
1193;44.7843163
1194;45.1160856
1195;45.6628967
1196;47.1059856
1197;46.9639736
1198;42.1902869
1199;42.6346663
1200;42.9671652
1201;43.3802524
1202;43.5972018
1203;43.7941719
1204;43.8889065
1205;43.7790286
1206;48.8638833
1207;48.6253007
1208;48.3409819
1209;47.6592894
1210;47.5677445
1211;45.3660372
1212;44.692148
1213;44.2463085
1214;43.9030317
1215;44.0437869
1216;44.3167246
1217;44.6803882
1218;45.5593654
1219;46.3053461
1220;47.2769667
1221;48.1105984
1222;44.1308121
1223;44.8984039
1224;45.6922888
1225;45.8255105
1226;45.7941245
1227;46.4116337
1228;47.1035012
1229;46.4540496
1230;50.6000958
1231;50.4312197
1232;49.9743215
1233;48.694681
1234;46.6035229
1235;45.3153732
1236;44.4262916
1237;43.6177706
1238;43.3368381
1239;43.3020657
1240;43.4373114
1241;44.2269841
1242;45.5281287
1243;46.4619886
1244;47.0692208
1245;47.6344498
1246;43.6477078
1247;44.0670573
1248;44.4421363
1249;44.7645293
1250;44.96855
1251;44.9972367
1252;45.0590433
1253;45.048572
1254;49.7393853
1255;49.3109139
1256;48.7382306
1257;48.0391544
1258;47.3126252
1259;46.5839965
1260;45.9740249
1261;45.2212202
1262;44.7854264
1263;44.5205097
1264;44.5514869
1265;44.9533849
1266;45.9370909
1267;46.5311965
1268;46.6609927
1269;47.003348
1270;42.9282928
1271;43.4284238
1272;43.6658677
1273;43.8848565
1274;44.0494882
1275;44.1744924
1276;44.3761389
1277;44.7031222
1278;49.6457296
1279;49.613087
1280;49.2432867
1281;48.6565084
1282;47.742929
1283;46.9397057
1284;46.0591704
1285;45.1728212
1286;44.6781312
1287;44.1350853
1288;44.0735855
1289;44.4302515
1290;45.2472144
1291;45.8741412
1292;46.2691921
1293;46.8856935
1294;42.8476004
1295;43.3313336
1296;43.5492489
1297;43.8373688
1298;44.1008246
1299;44.4198876
1300;44.5241999
1301;44.566002
1302;49.5869154
1303;49.5709644
1304;49.43084
1305;48.9505229
1306;48.0169553
1307;46.6768144
1308;45.4903289
1309;44.4867792
1310;43.7705148
1311;43.4708303
1312;43.7440978
1313;44.559992
1314;45.9698698
1315;47.075533
1316;47.92691
1317;48.5669977
1318;44.78189
1319;45.3678784
1320;45.9081418
1321;46.3854844
1322;46.8280855
1323;47.2230637
1324;47.6259386
1325;47.9932372
1326;52.9764368
1327;53.0491923
1328;53.319127
1329;52.7239891
1330;51.7793218
1331;50.6184301
1332;49.6863324
1333;48.9915265
1334;48.5300222
1335;48.3393878
1336;48.4910252
1337;49.0601377
1338;50.2583805
1339;51.2957479
1340;52.0899766
1341;52.7259336
1342;49.0344029
1343;49.5823122
1344;49.7729081
1345;50.0946328
1346;50.4387646
1347;50.8079353
1348;51.1778414
1349;51.4964044
1350;55
1351;55
1352;55
1353;54.9530952
1354;53.8343181
1355;52.9261923
1356;52.1647486
1357;51.3830009
1358;50.7271694
1359;50.5092203
1360;50.2764686
1361;50.4366098
1362;51.0980667
1363;52.0544891
1364;53.4742476
1365;54.2987173
1366;50.803529
1367;51.7336132
1368;52.6273242
1369;53.4493439
1370;53.6584462
1371;53.7167291
1372;53.6625399
1373;53.6377701
1374;55
1375;55
1376;55
1377;55
1378;54.2324531
1379;53.1564593
1380;52.5229854
1381;51.8868402
1382;51.4814098
1383;51.0475532
1384;50.82589
1385;50.983723
1386;51.738894
1387;53.2758927
1388;52.3395471
1389;52.5386741
1390;48.8747214
1391;52.2321266
1392;53.6699695
1393;53.7527316
1394;53.8070419
1395;53.8509141
1396;53.8849905
1397;53.9086558
1398;55
1399;55
1400;55
1401;55
1402;54.3028589
1403;52.4506233
1404;51.0455507
1405;50.0259856
1406;49.4752152
1407;49.1766387
1408;49.2119062
1409;51.3745977
1410;51.6203199
1411;51.8463524
1412;52.0776513
1413;52.3068621
1414;48.3093454
1415;48.6483941
1416;48.9478366
1417;49.2257103
1418;49.494377
1419;49.7570397
1420;50.0116048
1421;50.2598985
1422;55
1423;55
1424;55
1425;53.3206123
1426;52.3369884
1427;50.9736367
1428;49.8036833
1429;48.3404359
1430;47.0385436
1431;46.2095096
1432;45.9870829
1433;46.4861232
1434;47.4577653
1435;48.3402584
1436;49.745526
1437;50.2107059
1438;46.2561231
1439;46.7077783
1440;47.1325918
1441;47.6242089
1442;48.0265667
1443;48.4177646
1444;48.7824653
1445;49.1316173
1446;54.1473961
1447;54.1452032
1448;54.1014438
1449;52.4741512
1450;50.4963281
1451;48.3961998
1452;46.4349232
1453;44.8615763
1454;43.7007718
1455;42.7327132
1456;42.5260918
1457;42.8041173
1458;43.6959077
1459;44.5227222
1460;46.8013553
1461;47.0151038
1462;42.4233684
1463;42.6128477
1464;43.1313474
1465;43.6712465
1466;44.1464959
1467;45.6867855
1468;47.3121587
1469;48.666393
1470;54.5948385
1471;54.9038702
1472;53.5228695
1473;50.7531799
1474;45.8157949
1475;42.0963166
1476;40.7761783
1477;39.0886696
1478;37.9688017
1479;37.1328087
1480;37.5328606
1481;38.6011836
1482;40.549904
1483;42.2371553
1484;43.2416672
1485;43.6436324
1486;39.2379421
1487;39.3498486
1488;39.4447088
1489;39.533567
1490;39.6858225
1491;40.2163189
1492;40.1690665
1493;40.8002871
1494;46.1005602
1495;46.0833846
1496;45.4246526
1497;42.5334421
1498;39.2167739
1499;36.6270115
1500;34.6689613
1501;33.3767557
1502;33.0915777
1503;33.4541402
1504;34.4414889
1505;36.4251614
1506;38.7600328
1507;40.0848637
1508;41.3108548
1509;41.7671949
1510;37.5451971
1511;37.4933469
1512;37.072772
1513;36.9724783
1514;37.8684917
1515;38.6248343
1516;39.3559119
1517;39.8896155
1518;45.6496218
1519;46.2215048
1520;45.7620457
1521;42.8686316
1522;39.5754733
1523;36.9519387
1524;35.5046623
1525;34.6632171
1526;34.0163851
1527;33.7108157
1528;34.0365811
1529;35.3244281
1530;37.4821729
1531;39.6513829
1532;40.8341133
1533;41.8073667
1534;38.1637428
1535;39.6481237
1536;41.0771731
1537;42.0015017
1538;42.7158258
1539;43.0587392
1540;43.7242456
1541;44.1118038
1542;49.2281374
1543;49.1292879
1544;47.843713
1545;44.8449001
1546;41.9018112
1547;39.5076333
1548;37.8401072
1549;36.9975726
1550;36.2803225
1551;35.9708177
1552;36.1232261
1553;36.7641173
1554;38.395087
1555;40.439644
1556;42.7360977
1557;43.5143938
1558;39.1768274
1559;39.0201984
1560;38.4009433
1561;38.0036229
1562;38.0922879
1563;38.5538396
1564;39.4640104
1565;40.2512652
1566;45.514537
1567;45.342386
1568;43.8175968
1569;40.8889373
1570;38.6972512
1571;37.8678906
1572;37.3597599
1573;36.8701484
1574;36.9422039
1575;36.8232116
1576;36.979003
1577;37.7073144
1578;39.3718371
1579;41.473982
1580;42.461634
1581;42.9085338
1582;38.3996264
1583;38.6473516
1584;38.6148567
1585;38.6908238
1586;38.9526311
1587;38.8315722
1588;38.7701592
1589;38.7112853
1590;44.0725179
1591;44.0124706
1592;43.7211192
1593;41.5887681
1594;39.3976867
1595;37.6118034
1596;36.2752782
1597;35.5057176
1598;34.9559461
1599;34.655856
1600;34.8013257
1601;35.5646078
1602;37.5801324
1603;39.2897329
1604;39.6903139
1605;39.8292062
1606;35.6256093
1607;36.1846878
1608;36.8655128
1609;37.8387807
1610;38.86299
1611;39.9809382
1612;40.0442801
1613;39.8837893
1614;44.4110143
1615;43.3730745
1616;41.6521751
1617;39.9527455
1618;38.4317459
1619;36.8979091
1620;34.9657088
1621;34.0373366
1622;33.4152297
1623;33.0960377
1624;33.2933892
1625;33.7334258
1626;35.361162
1627;37.7175591
1628;37.5475427
1629;38.3956388
1630;34.3071023
1631;34.5538716
1632;34.476479
1633;34.3252647
1634;34.4542202
1635;34.6347549
1636;34.6572179
1637;35.2313912
1638;40.6483899
1639;40.4136248
1640;38.3573734
1641;37.3017718
1642;36.7581554
1643;35.983138
1644;35.9948624
1645;35.5997989
1646;34.9439765
1647;35.3039085
1648;36.0165527
1649;36.5234723
1650;37.0002922
1651;37.4014408
1652;36.9075784
1653;37.6327765
1654;33.4915366
1655;34.2742681
1656;35.6831589
1657;36.5302786
1658;37.0917065
1659;37.8279598
1660;38.4573422
1661;38.7841839
1662;43.8551261
1663;43.8142077
1664;40.7697056
1665;36.8156018
1666;33.5501605
1667;31.8434325
1668;30.3961216
1669;30.3553625
1670;30.4252072
1671;30.4411843
1672;31.0033574
1673;32.1782745
1674;33.8316812
1675;35.1250867
1676;35.9506869
1677;36.3096144
1678;31.6036933
1679;31.8889889
1680;32.2062437
1681;32.4906167
1682;33.1593827
1683;33.9372718
1684;34.3547381
1685;34.3450863
1686;39.3303459
1687;38.9528415
1688;37.3858583
1689;36.4172374
1690;36.0224038
1691;34.6495275
1692;33.3607494
1693;31.9857172
1694;31.6030277
1695;32.7241976
1696;33.1077661
1697;33.696922
1698;34.6944361
1699;35.8108055
1700;36.0898203
1701;36.8395657
1702;32.4907303
1703;33.1678379
1704;33.5469127
1705;33.6773612
1706;33.5607636
1707;34.0881556
1708;34.4435617
1709;34.8967708
1710;40.2993733
1711;40.4996234
1712;39.5494562
1713;38.3200548
1714;36.9865085
1715;36.5902807
1716;36.2637451
1717;36.221668
1718;36.9126791
1719;37.2712744
1720;37.7524743
1721;38.3563594
1722;39.1571448
1723;39.8179039
1724;39.9003725
1725;40.1375019
1726;35.5692836
1727;35.834143
1728;36.0578571
1729;36.2109593
1730;36.3872715
1731;36.5611714
1732;36.776917
1733;37.0874529
1734;42.6379622
1735;42.814938
1736;41.499134
1737;39.9621631
1738;38.9326579
1739;37.8070313
1740;36.8535085
1741;36.5324318
1742;35.9612446
1743;35.7870232
1744;35.6669516
1745;36.1344481
1746;37.171285
1747;39.0651826
1748;39.9580611
1749;40.7469575
1750;36.746751
1751;37.4285176
1752;38.0139432
1753;38.5065066
1754;38.9382291
1755;39.3752894
1756;39.8307824
1757;40.1883813
1758;45.1643078
1759;44.9278067
1760;43.422875
1761;41.2513472
1762;38.9676374
1763;36.7451888
1764;35.2130255
1765;33.8539719
1766;32.6616441
1767;32.2650655
1768;32.8750788
1769;34.0239224
1770;35.1408497
1771;36.1234502
1772;37.6532706
1773;38.4540588
1774;33.8863315
1775;34.2287853
1776;34.875982
1777;35.3221182
1778;36.0231119
1779;36.7245303
1780;37.2147407
1781;37.6013335
1782;43.059334
1783;42.9760455
1784;40.9950404
1785;38.4631569
1786;37.3770498
1787;36.1075699
1788;35.4164776
1789;34.7851673
1790;34.2201319
1791;33.7167382
1792;33.7160844
1793;34.4015695
1794;35.4407156
1795;37.1761442
1796;38.7414847
1797;37.7891033
1798;33.465419
1799;36.2071929
1800;35.9908463
1801;35.7286194
1802;36.0418296
1803;39.380288
1804;39.7348331
1805;38.882939
1806;43.2255035
1807;42.9955569
1808;43.0004173
1809;42.5511838
1810;41.6817533
1811;41.4844623
1812;41.0843779
1813;40.9492602
1814;40.4470813
1815;40.7284856
1816;40.8928394
1817;41.5813487
1818;42.5848287
1819;43.4275921
1820;45.1290951
1821;45.7399512
1822;41.7239498
1823;42.072511
1824;42.3734214
1825;42.6484358
1826;42.9266742
1827;43.2607409
1828;43.5579644
1829;43.7254098
1830;48.7252396
1831;48.4633547
1832;48.0913834
1833;47.513835
1834;46.6823925
1835;45.7916245
1836;45.1120297
1837;44.4851353
1838;44.3685766
1839;44.6123193
1840;44.852821
1841;45.0138715
1842;45.5679119
1843;46.1853779
1844;47.17846
1845;47.5222473
1846;43.2253392
1847;43.4758847
1848;43.7200899
1849;43.7122929
1850;43.8036451
1851;43.7906329
1852;43.8083167
1853;43.9532205
1854;48.9025335
1855;48.8400715
1856;47.9464327
1857;47.193487
1858;46.1819218
1859;45.2825828
1860;44.4467825
1861;43.9066331
1862;43.7497886
1863;43.8317753
1864;44.0857947
1865;44.2991363
1866;44.6936624
1867;45.367975
1868;46.1834615
1869;46.5884515
1870;42.3080462
1871;42.5934778
1872;43.0731465
1873;43.4219336
1874;43.745145
1875;44.1045715
1876;44.2764105
1877;44.7052473
1878;49.8627999
1879;49.766385
1880;48.4384511
1881;47.3071511
1882;45.8590172
1883;44.4244655
1884;43.3916801
1885;42.8815224
1886;42.5421625
1887;42.9885591
1888;43.3890057
1889;43.6764653
1890;44.4550481
1891;45.6768315
1892;46.7639597
1893;47.3524251
1894;42.7652183
1895;42.830999
1896;42.9184982
1897;42.9334501
1898;42.7990162
1899;42.969873
1900;43.0764428
1901;43.177244
1902;48.1901638
1903;48.1238119
1904;47.8844434
1905;46.9676365
1906;45.6088826
1907;44.1466693
1908;43.1839319
1909;42.2453208
1910;41.6879306
1911;41.5713502
1912;41.5999698
1913;42.0752799
1914;43.4128444
1915;44.7959265
1916;44.5662659
1917;45.0463618
1918;41.8393487
1919;43.0124144
1920;43.7930503
1921;44.2013075
1922;44.4781617
1923;44.4415765
1924;44.4905274
1925;44.9821482
1926;49.7721622
1927;48.9803361
1928;46.5341567
1929;43.8874045
1930;42.2378355
1931;40.6772611
1932;40.4388128
1933;40.5713185
1934;41.0546848
1935;41.8396855
1936;42.2129982
1937;42.665311
1938;43.5424189
1939;44.033618
1940;44.6466145
1941;44.7371583
1942;40.2177947
1943;40.5551757
1944;40.7367424
1945;40.6959508
1946;40.6289339
1947;40.9329177
1948;40.7115871
1949;40.4920808
1950;45.4399367
1951;44.990411
1952;44.1429323
1953;43.2649089
1954;42.03476
1955;41.1420148
1956;40.2813245
1957;39.5133683
1958;39.0824026
1959;38.4283268
1960;38.5022133
1961;38.7990428
1962;39.6609619
1963;40.9964813
1964;41.7414564
1965;42.4848806
1966;38.5798254
1967;39.1732711
1968;39.7128691
1969;39.8157179
1970;39.7318997
1971;40.090878
1972;40.5196922
1973;40.862545
1974;46.3477891
1975;46.1937633
1976;44.0781665
1977;41.6169112
1978;39.7602423
1979;38.0399491
1980;36.6607125
1981;35.64491
1982;34.827518
1983;34.4276316
1984;34.4016765
1985;34.7885001
1986;36.0913745
1987;38.4266999
1988;41.1228318
1989;42.5450509
1990;39.2669442
1991;40.5883931
1992;41.8297295
1993;42.5356602
1994;43.064403
1995;43.4154372
1996;43.6036543
1997;43.7271722
1998;48.5165043
1999;47.5953986
2000;44.1260642
2001;39.967417
2002;37.1741034
2003;35.251857
2004;33.9641178
2005;33.0738243
2006;33.0054475
2007;33.0664153
2008;33.3237307
2009;34.0120438
2010;35.4350564
2011;37.3691077
2012;38.5335714
2013;39.8961993
2014;36.6272308
2015;37.5507816
2016;37.9097197
2017;38.2766268
2018;38.9143403
2019;39.6441256
2020;39.9341901
2021;40.0569415
2022;45.4935318
2023;45.1189365
2024;42.6582474
2025;39.2410196
2026;37.778355
2027;36.9684234
2028;36.4151931
2029;35.7012965
2030;35.4966308
2031;35.5509644
2032;35.786403
2033;36.2839526
2034;37.1425149
2035;38.5420347
2036;39.887219
2037;40.9882573
2038;37.4663808
2039;38.4915586
2040;39.388793
2041;39.8399712
2042;40.5644057
2043;41.133895
2044;41.6027311
2045;42.2832268
2046;47.6104113
2047;46.9835
2048;42.8782453
2049;39.3062455
2050;37.4416255
2051;36.2465256
2052;35.4821423
2053;34.5693846
2054;34.2392197
2055;34.3820206
2056;34.5298325
2057;35.1958664
2058;36.3653707
2059;37.5097264
2060;38.0357045
2061;38.9514796
2062;34.8095562
2063;35.3495285
2064;35.3519094
2065;34.7851522
2066;34.2982449
2067;34.3621981
2068;34.5563787
2069;34.4777138
2070;39.4238441
2071;38.991754
2072;38.1427093
2073;37.5043558
2074;36.7352677
2075;35.4070578
2076;34.3606178
2077;33.5363206
2078;33.0560413
2079;33.7247458
2080;34.6490304
2081;34.9586892
2082;35.2840442
2083;35.7043645
2084;35.2653759
2085;35.5148233
2086;31.0042842
2087;31.9157301
2088;33.5284883
2089;35.0686909
2090;36.1160035
2091;36.8431531
2092;37.4378794
2093;37.8559912
2094;43.1832814
2095;42.8631858
2096;41.3321296
2097;39.8791044
2098;38.4715834
2099;36.9419899
2100;35.7903462
2101;35.3507396
2102;35.3026091
2103;35.246238
2104;35.2979111
2105;35.4758115
2106;36.1269434
2107;36.5799995
2108;39.8571939
2109;42.0122045
2110;38.7142735
2111;39.3837742
2112;39.6443162
2113;40.3286017
2114;40.3906907
2115;41.0757332
2116;41.689605
2117;42.0709274
2118;47.232448
2119;47.2609515
2120;46.5494232
2121;43.7313697
2122;41.6124171
2123;38.5235752
2124;34.9413223
2125;32.6535041
2126;31.030335
2127;29.9902057
2128;29.6205154
2129;29.4791463
2130;29.9410378
2131;32.2895519
2132;35.2226864
2133;37.1281275
2134;33.2787347
2135;33.9824123
2136;34.5620426
2137;35.3553152
2138;35.9709725
2139;36.699535
2140;36.9376341
2141;37.246249
2142;42.4838737
2143;42.6845711
2144;42.3150526
2145;40.171356
2146;38.6783221
2147;37.8393785
2148;36.5821483
2149;35.917022
2150;35.2897379
2151;34.5368072
2152;34.2392936
2153;34.2156386
2154;37.0013824
2155;37.409414
2156;37.8092734
2157;38.1934652
2158;33.7381978
2159;34.2814642
2160;34.7752462
2161;35.2355362
2162;35.6734564
2163;36.0950128
2164;36.5038286
2165;36.8920531
2166;42.2135787
2167;42.3580991
2168;42.492174
2169;42.5953298
2170;39.131581
2171;38.5083552
2172;38.0175771
2173;39.0203317
2174;37.4840252
2175;37.3452361
2176;37.0849443
2177;37.1096872
2178;37.5476533
2179;38.8902639
2180;39.6638721
2181;40.4387816
2182;36.2669843
2183;36.5914638
2184;37.1325831
2185;37.5501512
2186;37.9501761
2187;38.1576371
2188;38.7859731
2189;39.5021111
2190;45.2125785
2191;45.6902162
2192;45.4689178
2193;41.4601426
2194;38.4161403
2195;35.9851338
2196;33.7929095
2197;32.0081072
2198;30.5144152
2199;29.153193
2200;28.1564706
2201;27.706977
2202;27.9458684
2203;29.8769102
2204;32.0293884
2205;33.0627041
2206;29.0690478
2207;29.7610929
2208;30.1827745
2209;30.0804231
2210;29.8445155
2211;30.1244415
2212;30.5054584
2213;31.1122855
2214;37.548273
2215;38.4499337
2216;38.4300322
2217;34.5852919
2218;30.8783534
2219;28.0619788
2220;25.4789199
2221;23.8220092
2222;22.9700844
2223;22.5875607
2224;22.1359112
2225;22.1001518
2226;23.0189902
2227;25.1139939
2228;28.0651898
2229;30.0290053
2230;26.038544
2231;26.7491959
2232;27.6385179
2233;28.3068023
2234;29.3702311
2235;30.2642097
2236;31.5680195
2237;32.7268174
2238;38.2294323
2239;38.6925548
2240;38.2670193
2241;35.0765968
2242;31.3896679
2243;28.1023804
2244;25.7553777
2245;24.1993421
2246;23.0189902
2247;22.4459757
2248;26.8002304
2249;30.9961489
2250;31.9620784
2251;32.5253881
2252;33.2351373
2253;34.4279991
2254;30.0577972
2255;30.1600754
2256;29.7725391
2257;29.9225969
2258;30.4881819
2259;30.8819467
2260;31.315112
2261;31.8343276
2262;37.2540912
2263;37.1869085
2264;36.8072487
2265;35.351422
2266;34.2033846
2267;33.1420119
2268;32.1696404
2269;32.3957786
2270;33.7247454
2271;34.648426
2272;34.8004118
2273;34.9631015
2274;35.3727802
2275;36.0291796
2276;36.9961751
2277;37.8314449
2278;33.8339426
2279;35.1399375
2280;34.6478954
2281;36.0898455
2282;37.3324408
2283;38.4501376
2284;38.8219929
2285;39.1515184
2286;44.6530442
2287;44.7618166
2288;43.525556
2289;40.7339591
2290;38.4287339
2291;36.2299754
2292;34.163214
2293;32.4000366
2294;31.1165104
2295;30.1125242
2296;29.5068246
2297;29.355392
2298;29.7682949
2299;31.1827262
2300;33.3673041
2301;34.8403
2302;31.0042842
2303;31.8240211
2304;32.7265661
2305;33.6981063
2306;34.6610251
2307;35.518182
2308;36.3092704
2309;37.1013016
2310;42.7665908
2311;43.2257312
2312;42.0853937
2313;38.3627341
2314;34.3817865
2315;30.2432292
2316;26.3964552
2317;23.6219146
2318;21.2610815
2319;NaN
2320;NaN
2321;NaN
2322;NaN
2323;22.8386045
2324;26.7768422
2325;29.0739024
2326;26.7368577
2327;28.6955004
2328;30.3639893
2329;31.9557984
2330;33.4151067
2331;34.6791384
2332;35.6749777
2333;36.3951987
2334;41.6670228
2335;41.8139463
2336;40.0823533
2337;34.9823136
2338;30.7723388
2339;26.7731583
2340;23.6683435
2341;20.9628555
2342;NaN
2343;NaN
2344;NaN
2345;NaN
2346;NaN
2347;22.4681854
2348;26.0148618
2349;28.3021575
2350;26.0259364
2351;27.997934
2352;29.657951
2353;31.0823687
2354;32.1638159
2355;33.0733194
2356;33.9341442
2357;34.6308979
2358;39.9512334
2359;40.2069096
2360;38.8488852
2361;33.4996821
2362;29.0664501
2363;25.3313784
2364;23.0119626
2365;20.9628555
2366;NaN
2367;NaN
2368;NaN
2369;NaN
2370;NaN
2371;21.6376268
2372;25.198793
2373;26.9606013
2374;24.4188175
2375;25.6325268
2376;26.9705353
2377;28.2357348
2378;28.8359599
2379;27.3970156
2380;27.6144372
2381;28.054113
2382;33.9764253
2383;37.0307039
2384;34.3894351
2385;33.1688729
2386;31.0298584
2387;29.5222521
2388;28.1552033
2389;27.0536127
2390;25.815498
2391;25.231911
2392;25.6118893
2393;25.5809794
2394;27.5675338
2395;32.2124792
2396;35.3230556
2397;36.6525875
2398;32.3275048
2399;32.5992939
2400;33.1363
2401;33.5362067
2402;34.1241187
2403;35.029644
2404;35.8688532
2405;36.8731812
2406;42.7415219
2407;43.1927924
2408;41.0242913
2409;37.048172
2410;34.1008452
2411;31.9579774
2412;30.5662059
2413;28.7267456
2414;27.4033427
2415;26.3442018
2416;25.5982635
2417;25.7386687
2418;26.0711174
2419;27.5913524
2420;29.9385743
2421;31.1499244
2422;27.0195327
2423;27.8904574
2424;28.8359599
2425;29.6120366
2426;30.2938413
2427;31.0332201
2428;32.0000433
2429;32.9024595
2430;38.5846549
2431;39.0627839
2432;37.375922
2433;33.6336472
2434;30.240279
2435;26.8568925
2436;24.6160206
2437;23.3044443
2438;22.6044935
2439;23.1483966
2440;22.8386045
2441;23.3557471
2442;24.4802364
2443;25.2800775
2444;28.4505191
2445;31.0365783
2446;27.9502029
2447;29.300907
2448;29.921087
2449;30.8365642
2450;32.8230152
2451;33.815491
2452;34.2843362
2453;34.5489452
2454;39.1619408
2455;38.5096818
2456;37.224676
2457;33.6938708
2458;31.8035108
2459;31.4630043
2460;31.1513076
2461;31.8321707
2462;32.4146532
2463;33.6266969
2464;34.0528117
2465;33.9717532
2466;33.7262186
2467;33.6470299
2468;34.7502932
2469;35.8092772
2470;32.0653767
2471;32.6477172
2472;33.2941598
2473;33.7712887
2474;34.1914181
2475;34.5940013
2476;35.0465669
2477;35.9168986
2478;41.5088141
2479;41.7780678
2480;39.82046
2481;34.6426125
2482;30.7796249
2483;28.0908374
2484;26.5087468
2485;25.1139939
2486;24.392044
2487;23.5753283
2488;23.5129629
2489;23.5908747
2490;24.0344607
2491;25.6175896
2492;28.1592741
2493;29.9526121
2494;27.2756744
2495;29.1387327
2496;30.769323
2497;31.5926537
2498;31.7390448
2499;30.8782669
2500;32.2877445
2501;34.0082189
2502;40.0167096
2503;40.3005409
2504;37.4367791
2505;33.2786969
2506;30.9600282
2507;28.8429345
2508;26.8162936
2509;25.198793
2510;23.9740664
2511;23.2445319
2512;23.0514774
2513;23.6374082
2514;24.1545454
2515;25.4789199
2516;26.9605697
2517;28.3326676
2518;24.8163191
2519;25.962822
2520;26.6874607
2521;27.4333404
2522;28.0098577
2523;28.812582
2524;28.8943493
2525;29.1464155
2526;34.3478152
2527;34.2393891
2528;33.8232817
2529;31.3914345
2530;29.4634907
2531;27.7771507
2532;26.7307337
2533;26.0284379
2534;25.1705669
2535;24.5971262
2536;24.7854404
2537;25.3253231
2538;25.7965472
2539;26.6707957
2540;28.4510451
2541;30.700519
2542;28.0456075
2543;28.7423716
2544;29.4624984
2545;29.7725391
2546;30.6124724
2547;31.5722252
2548;32.2424536
2549;32.9957121
2550;38.5401385
2551;38.4023488
2552;35.6270778
2553;31.7457531
2554;28.8535222
2555;26.522777
2556;24.3773003
2557;22.9209641
2558;21.7138024
2559;20.9406401
2560;20.3413163
2561;20.6852309
2562;20.9849311
2563;22.7722574
2564;25.4510771
2565;27.2468029
2566;25.2726791
2567;26.9582753
2568;28.7657879
2569;30.1487218
2570;31.260413
2571;32.1419553
2572;32.875783
2573;33.320815
2574;38.6711331
2575;38.522174
2576;35.526985
2577;29.9219111
2578;25.9713366
2579;23.1644726
2580;20.8502712
2581;NaN
2582;NaN
2583;NaN
2584;NaN
2585;NaN
2586;NaN
2587;NaN
2588;23.7300093
2589;25.5760828
2590;22.3625437
2591;23.6452167
2592;24.605084
2593;25.3630609
2594;25.9501838
2595;26.4642792
2596;26.9582753
2597;27.5058839
2598;33.0008635
2599;33.2395471
2600;31.8411577
2601;28.1392246
2602;25.5483671
2603;22.8551267
2604;NaN
2605;NaN
2606;NaN
2607;NaN
2608;NaN
2609;NaN
2610;NaN
2611;NaN
2612;20.6111325
2613;24.5095329
2614;22.2737268
2615;24.7768422
2616;26.8231322
2617;28.3068023
2618;29.3933155
2619;30.1600754
2620;30.780536
2621;31.5153136
2622;36.8870762
2623;36.9112932
2624;34.0106142
2625;28.7985043
2626;25.4092436
2627;22.2949078
2628;NaN
2629;NaN
2630;NaN
2631;NaN
2632;NaN
2633;NaN
2634;NaN
2635;NaN
2636;NaN
2637;21.6376268
2638;NaN
2639;NaN
2640;21.2764092
2641;23.4650031
2642;25.1820084
2643;25.988083
2644;26.8477426
2645;27.8545663
2646;33.0489783
2647;33.1157979
2648;30.3777463
2649;24.7565965
2650;20.3413163
2651;NaN
2652;NaN
2653;NaN
2654;NaN
2655;NaN
2656;NaN
2657;NaN
2658;NaN
2659;NaN
2660;NaN
2661;21.9371361
2662;19.3223911
2663;21.8677907
2664;23.6037628
2665;24.4455115
2666;25.388832
2667;26.1517872
2668;27.105116
2669;27.7826846
2670;32.3978929
2671;32.612081
2672;29.6866338
2673;25.0572577
2674;NaN
2675;NaN
2676;NaN
2677;NaN
2678;NaN
2679;NaN
2680;NaN
2681;NaN
2682;NaN
2683;NaN
2684;NaN
2685;20.9849311
2686;18.3413163
2687;21.1483966
2688;23.0430478
2689;24.3653434
2690;25.2338559
2691;26.0511466
2692;26.5884513
2693;26.9582753
2694;31.692357
2695;31.6464766
2696;29.0806846
2697;23.4816707
2698;21.1989487
2699;20.3413163
2700;22.2773903
2701;22.3123895
2702;24.9289893
2703;24.1246105
2704;24.5679773
2705;24.7421574
2706;25.1564388
2707;25.9196057
2708;27.5685921
2709;29.0684626
2710;25.1949792
2711;25.7854156
2712;26.5760548
2713;26.9091927
2714;27.2878265
2715;27.5541684
2716;28.1407838
2717;28.6485774
2718;34.1251634
2719;33.695731
2720;32.6475852
2721;30.2079257
2722;28.1160625
2723;26.6712793
2724;25.0714572
2725;23.5908747
2726;23.2604809
2727;22.7556048
2728;22.7556048
2729;22.2949078
2730;22.7054852
2731;23.6683435
2732;25.7416376
2733;28.1015068
2734;22.0042934
2735;26.7368577
2736;28.9060177
2737;29.8297282
2738;30.1714263
2739;30.2054631
2740;29.9780971
2741;29.5200707
2742;33.5156233
2743;32.3498593
2744;29.771741
2745;26.6022342
2746;24.318195
2747;23.1805269
2748;21.82639
2749;21.82639
2750;22.2422465
2751;23.497326
2752;23.6683435
2753;24.5533846
2754;25.892317
2755;27.5301649
2756;28.6008433
2757;29.1661221
2758;25.4403053
2759;26.5388377
2760;27.0562364
2761;27.7706914
2762;28.6368385
2763;28.9876088
2764;29.3124684
2765;29.8525844
2766;35.4441767
2767;35.7019765
2768;35.468289
2769;35.1211775
2770;34.3796294
2771;33.2764905
2772;31.9035996
2773;30.5002554
2774;29.696791
2775;29.316129
2776;29.5922433
2777;29.7589335
2778;30.3730139
2779;30.9342849
2780;32.1300321
2781;33.2126504
2782;30.5445416
2783;30.0464196
2784;29.6808911
2785;32.2283549
2786;33.8406091
2787;34.5036975
2788;34.8957218
2789;34.9957047
2790;40.6747811
2791;40.2828729
2792;37.4545541
2793;35.0898198
2794;32.6399056
2795;30.1334413
2796;27.7104136
2797;25.6175896
2798;23.7914079
2799;22.2422465
2800;20.8502712
2801;NaN
2802;NaN
2803;20.3114074
2804;23.7453838
2805;26.2849142
2806;23.2269794
2807;24.5918245
2808;25.988083
2809;27.5179609
2810;29.1387327
2811;30.2168034
2812;30.5670649
2813;31.3113612
2814;35.8931852
2815;34.8739909
2816;33.4726178
2817;30.7607903
2818;29.3441493
2819;28.5067939
2820;27.4636562
2821;26.6684178
2822;24.9920712
2823;24.0376292
2824;23.6928901
2825;24.4853732
2826;25.22206
2827;26.2589362
2828;27.6807457
2829;27.2931498
2830;23.7965472
2831;25.1690315
2832;26.5512479
2833;27.7586944
2834;28.5545744
2835;29.2198936
2836;30.1728559
2837;30.5940181
2838;36.7287577
2839;36.3272688
2840;32.7275842
2841;29.2698441
2842;26.4817121
2843;23.4816707
2844;NaN
2845;NaN
2846;NaN
2847;NaN
2848;NaN
2849;NaN
2850;NaN
2851;NaN
2852;NaN
2853;20.3990644
2854;NaN
2855;18.4545542
2856;19.7515475
2857;19.9004147
2858;19.9371361
2859;22.7854404
2860;26.5388377
2861;28.0456075
2862;33.1925289
2863;33.4931961
2864;33.2652999
2865;32.0350393
2866;30.3304639
2867;29.044006
2868;27.8235175
2869;26.9474879
2870;25.9059654
2871;25.311303
2872;25.5206154
2873;25.6175896
2874;28.8477426
2875;29.1539291
2876;29.4696298
2877;29.7706914
2878;25.6069695
2879;25.9375405
2880;26.2521118
2881;26.5636536
2882;26.8846256
2883;27.1904956
2884;27.5058839
2885;27.80666
2886;33.180802
2887;33.1741934
2888;33.4252147
2889;33.653815
2890;29.1460841
2891;27.4145801
2892;26.0284379
2893;24.6987711
2894;24.0796009
2895;23.6683435
2896;23.6837854
2897;24.1545454
2898;24.5679773
2899;25.4510771
2900;26.7109154
2901;27.4531593
2902;24.1637691
2903;24.8819838
2904;25.5429796
2905;25.8869156
2906;26.1768978
2907;26.5015792
2908;27.3606552
2909;28.0813252
2910;33.4070822
2911;33.8374644
2912;30.667278
2913;28.4592604
2914;26.0284379
2915;24.4508898
2916;23.5441818
2917;22.7556048
2918;22.0822109
2919;21.82639
2920;22.2246193
2921;22.8054831
2922;23.6374082
2923;24.8860404
2924;26.2714835
2925;28.3146569
2926;25.6069695
2927;27.0195327
2928;28.6250963
2929;29.9438992
2930;30.3865942
2931;31.7029499
2932;32.5667459
2933;33.4404453
2934;38.9594989
2935;38.0057821
2936;34.7123867
2937;32.1063113
2938;30.2936242
2939;28.4198652
2940;26.8819838
2941;25.6175896
2942;24.8286215
2943;23.9437789
2944;23.9589303
2945;24.3773003
2946;24.2588772
2947;25.1139939
2948;26.9343998
2949;27.3630609
2950;22.9146839
2951;23.9876858
2952;26.5015792
2953;29.6235194
2954;30.6795301
2955;31.0489182
2956;31.4931961
2957;32.4700569
2958;38.3770297
2959;37.8431455
2960;34.037074
2961;30.2089581
2962;27.7418824
2963;25.3946091
2964;23.7914079
2965;22.5365837
2966;21.3223911
2967;20.7334099
2968;20.2806664
2969;20.6852309
2970;21.3829368
2971;22.3992772
2972;23.559764
2973;23.8677907
2974;20.3992772
2975;21.9589303
2976;26.6627354
2977;28.8476441
2978;29.2430552
2979;29.5775709
2980;28.8593251
2981;29.1735341
2982;33.7827831
2983;33.1704407
2984;32.2628541
2985;32.5648372
2986;31.75409
2987;30.9144693
2988;30.038174
2989;28.8045264
2990;28.2303808
2991;28.6999036
2992;29.7463484
2993;29.5289036
2994;28.6512513
2995;28.6971555
2996;30.1004031
2997;31.7773434
2998;28.5074938
2999;29.8640084
3000;30.8141603
3001;32.0793659
3002;32.7766391
3003;33.2423459
3004;33.3048727
3005;33.1015198
3006;37.6846293
3007;36.4249777
3008;35.4699883
3009;34.4732531
3010;33.2334825
3011;31.4966547
3012;30.0742509
3013;28.9665075
3014;28.0851348
3015;28.4575322
3016;28.582338
3017;28.8096154
3018;30.1452652
3019;31.5081027
3020;32.1509679
3021;34.4232281
3022;30.2508086
3023;30.9372614
3024;31.4662646
3025;32.1432139
3026;32.6874624
3027;32.8223542
3028;32.9849498
3029;33.5816588
3030;38.4753864
3031;37.2707238
3032;35.7754334
3033;34.2728528
3034;32.8725713
3035;31.5062211
3036;30.9494947
3037;30.476761
3038;29.658373
3039;29.4784563
3040;28.7862336
3041;28.7252272
3042;29.0252014
3043;29.9993876
3044;30.8738392
3045;31.8836813
3046;26.5636536
3047;27.80666
3048;30.0805444
3049;31.3625575
3050;32.7617252
3051;33.7434851
3052;34.4010812
3053;34.8882538
3054;40.1387447
3055;39.0614684
3056;35.0006057
3057;31.4903549
3058;28.5736285
3059;26.1909039
3060;24.2460382
3061;22.451007
3062;20.6852309
3063;NaN
3064;20.9628555
3065;22.2949078
3066;22.6887238
3067;25.0856464
3068;27.1949792
3069;27.3372667
3070;24.4588478
3071;25.6963248
3072;26.6132308
3073;26.8600413
3074;26.5636536
3075;26.5140033
3076;26.7491959
3077;27.3121188
3078;32.6657341
3079;32.3749192
3080;31.324934
3081;28.4956806
3082;26.1798807
3083;24.5048692
3084;24.3134227
3085;26.1422041
3086;24.7421574
3087;23.2764092
3088;22.9209641
3089;23.1322988
3090;23.6064035
3091;23.559764
3092;24.7854404
3093;25.8786604
3094;22.971841
3095;24.4054598
3096;25.2338559
3097;25.7854156
3098;26.0763367
3099;26.4642792
3100;27.1661221
3101;27.7946742
3102;33.1683934
3103;31.8762591
3104;29.1815037
3105;23.559764
3106;NaN
3107;NaN
3108;NaN
3109;NaN
3110;NaN
3111;NaN
3112;NaN
3113;NaN
3114;NaN
3115;NaN
3116;NaN
3117;NaN
3118;NaN
3119;18.9628555
3120;20.2773903
3121;21.1322988
3122;21.6992102
3123;22.0344607
3124;22.1844239
3125;22.5095329
3126;27.5941825
3127;27.064998
3128;24.1545454
3129;NaN
3130;NaN
3131;NaN
3132;NaN
3133;NaN
3134;NaN
3135;NaN
3136;NaN
3137;NaN
3138;NaN
3139;NaN
3140;NaN
3141;NaN
3142;NaN
3143;NaN
3144;NaN
3145;20.1892519
3146;22.0495221
3147;23.892317
3148;25.5813901
3149;27.0072897
3150;32.3865942
3151;32.9372614
3152;33.0600708
3153;31.7610929
3154;31.8754296
3155;32.2961122
3156;32.6458168
3157;32.4543473
3158;32.091914
3159;31.3817747
3160;30.8359599
3161;30.247588
3162;30.2949663
3163;30.8338536
3164;31.7631861
3165;32.6708793
3166;28.660313
3167;29.7954231
3168;30.7581075
3169;31.3381198
3170;31.8019127
3171;32.2878821
3172;33.087526
3173;33.4257962
3174;38.5888435
3175;38.1540257
3176;37.6316915
3177;36.5338807
3178;35.263606
3179;34.3593241
3180;33.0450275
3181;32.2506953
3182;31.4239273
3183;30.8847792
3184;30.5812552
3185;30.7258478
3186;30.9095782
3187;31.0566649
3188;32.3200611
3189;34.5026738
3190;30.9484379
3191;32.1419553
3192;33.7926643
3193;35.2243615
3194;36.2190079
3195;36.9198506
3196;37.5056494
3197;37.8615901
3198;42.8714176
3199;41.6086417
3200;38.2149854
3201;36.5831099
3202;34.4127105
3203;32.8543929
3204;31.5563256
3205;30.262846
3206;29.2728119
3207;28.5000015
3208;28.0313154
3209;27.8660224
3210;28.0794096
3211;28.5081428
3212;29.6153925
3213;31.6982319
3214;28.6485774
3215;29.9780971
3216;31.160337
3217;32.1803297
3218;33.3108047
3219;34.1636551
3220;34.9197563
3221;35.324995
3222;40.410296
3223;38.8775858
3224;35.1713351
3225;32.2987833
3226;30.4919959
3227;30.1434865
3228;30.5296481
3229;30.3542743
3230;32.2946272
3231;31.9348015
3232;31.9795341
3233;32.1594744
3234;32.698756
3235;36.1895566
3236;37.5022594
3237;37.6876965
3238;33.3858885
3239;34.1205278
3240;35.2537182
3241;36.0360814
3242;36.4949734
3243;36.6336049
3244;36.675591
3245;36.9645659
3246;42.0320679
3247;41.526488
3248;40.770536
3249;40.9092176
3250;40.3551882
3251;39.7798919
3252;38.658304
3253;36.9674898
3254;34.9178139
3255;34.2047187
3256;33.664839
3257;34.1699855
3258;35.5802173
3259;35.5486378
3260;36.2421117
3261;37.8421728
3262;33.8233114
3263;34.8889779
3264;36.0612933
3265;37.0377244
3266;37.9327991
3267;38.5039679
3268;39.0978806
3269;39.658119
3270;44.9430648
3271;43.2552232
3272;39.7632209
3273;38.3746214
3274;36.7677726
3275;35.1929429
3276;33.8525621
3277;32.1565782
3278;31.1903785
3279;30.4089301
3280;29.8576775
3281;29.6607166
3282;29.9525902
3283;30.7546401
3284;32.0539543
3285;33.3595142
3286;29.6235194
3287;30.2847902
3288;30.6907629
3289;31.2199108
3290;31.617398
3291;32.0219084
3292;32.1956309
3293;32.8193035
3294;38.6938582
3295;38.8061989
3296;38.0465625
3297;35.6250279
3298;32.6719372
3299;30.0526296
3300;26.5785581
3301;24.2291371
3302;21.5410336
3303;21.2404652
3304;21.4029581
3305;22.6887238
3306;24.3773003
3307;25.6037628
3308;26.5520046
3309;28.22706
3310;25.5429796
3311;27.105116
3312;28.1882872
3313;28.660313
3314;29.7610929
3315;30.4994648
3316;31.3433663
3317;31.7413122
3318;36.8791476
3319;35.4627623
3320;32.03716
3321;29.4465587
3322;26.5485354
3323;24.3532052
3324;21.8635014
3325;NaN
3326;NaN
3327;NaN
3328;NaN
3329;NaN
3330;NaN
3331;NaN
3332;20.804093
3333;22.3123895
3334;NaN
3335;21.7300093
3336;23.3952804
3337;23.8239515
3338;24.5121223
3339;26.1015068
3340;29.4163881
3341;30.4204823
3342;35.2721321
3343;33.4689101
3344;29.4407283
3345;26.5918245
3346;23.9891875
3347;21.1780433
3348;NaN
3349;NaN
3350;NaN
3351;NaN
3352;NaN
3353;NaN
3354;NaN
3355;24.7132448
3356;26.4054598
3357;21.8077581
3358;19.0933747
3359;20.6887238
3360;18.1452496
3361;22.0042934
3362;25.091043
3363;26.2145267
3364;26.1894457
3365;25.4403053
3366;29.8665337
3367;29.5300339
3368;28.0763367
3369;25.4092436
3370;22.8716235
3371;21.0503671
3372;NaN
3373;NaN
3374;NaN
3375;NaN
3376;NaN
3377;NaN
3378;21.6948457
3379;23.1000373
3380;24.244014
3381;24.5387796
3382;21.6837854
3383;23.3813079
3384;24.2042185
3385;24.6183367
3386;25.0519662
3387;25.220903
3388;25.7090681
3389;25.8615721
3390;30.4131724
3391;30.3551625
3392;29.7762816
3393;27.8362076
3394;26.3653434
3395;25.1139939
3396;24.0645688
3397;23.8982326
3398;21.9918705
3399;NaN
3400;NaN
3401;NaN
3402;NaN
3403;21.3020422
3404;23.1161791
3405;23.4659967
3406;18.9628555
3407;20.4337964
3408;21.418862
3409;22.5533846
3410;23.5483671
3411;24.3117533
3412;25.2726791
3413;26.1015068
3414;31.1893577
3415;29.9486709
3416;26.2128146
3417;25.7868105
3418;23.4026621
3419;20.8272708
3420;NaN
3421;NaN
3422;NaN
3423;NaN
3424;NaN
3425;NaN
3426;NaN
3427;NaN
3428;20.181628
3429;21.3829368
3430;NaN
3431;19.2816064
3432;20.6887238
3433;22.0042934
3434;23.1139939
3435;23.9468619
3436;23.892317
3437;24.9997771
3438;29.9627256
3439;28.028741
3440;25.4510771
3441;24.9575678
3442;21.8819824
3443;NaN
3444;NaN
3445;NaN
3446;NaN
3447;NaN
3448;NaN
3449;NaN
3450;NaN
3451;NaN
3452;NaN
3453;NaN
3454;NaN
3455;NaN
3456;18.8502712
3457;20.2422465
3458;21.4659967
3459;22.8286215
3460;24.0826636
3461;25.064998
3462;30.2949663
3463;29.997934
3464;28.038544
3465;25.5760828
3466;23.6374082
3467;22.0281361
3468;20.534446
3469;NaN
3470;NaN
3471;NaN
3472;NaN
3473;NaN
3474;NaN
3475;NaN
3476;21.2197551
3477;24.1844239
3478;21.371555
3479;22.9861035
3480;24.0284379
3481;24.737306
3482;25.4403053
3483;26.2521118
3484;27.1173255
3485;27.8665337
3486;32.6682948
3487;31.9553012
3488;29.5541684
3489;27.5173447
3490;25.4371419
3491;23.1161791
3492;21.0068719
3493;NaN
3494;NaN
3495;NaN
3496;NaN
3497;NaN
3498;NaN
3499;NaN
3500;21.3829368
3501;24.5971262
3502;22.4067747
3503;24.9474879
3504;26.4891505
3505;27.0806846
3506;27.2878265
3507;27.5300339
3508;28.6485774
3509;29.485536
3510;34.6209825
3511;33.437863
3512;29.9740756
3513;27.5813901
3514;25.0998253
3515;23.1644726
3516;21.8819824
3517;21.3223911
3518;NaN
3519;20.1060246
3520;NaN
3521;20.3990644
3522;21.1570363
3523;21.6948457
3524;23.3557471
3525;25.4928275
3526;20.0642283
3527;20.4165533
3528;21.8220092
3529;22.814239
3530;23.7691093
3531;24.9605697
3532;26.6627354
3533;28.0456075
3534;33.6958462
3535;32.2508086
3536;27.9122384
3537;25.7553777
3538;23.6528845
3539;21.9371361
3540;20.9628555
3541;20.3114074
3542;NaN
3543;NaN
3544;NaN
3545;NaN
3546;NaN
3547;NaN
3548;22.1715108
3549;23.4345925
3550;20.5536061
3551;22.1694917
3552;23.3952804
3553;23.9332379
3554;25.0519662
3555;25.7345387
3556;26.1140844
3557;26.8723356
3558;31.8868481
3559;30.4957153
3560;27.1040563
3561;24.8429929
3562;23.0027118
3563;20.6360953
3564;NaN
3565;NaN
3566;NaN
3567;NaN
3568;NaN
3569;NaN
3570;NaN
3571;NaN
3572;NaN
3573;22.3992772
3574;20.0642283
3575;22.4067747
3576;23.892317
3577;25.1300646
3578;26.3396413
3579;26.8477426
3580;27.7586944
3581;28.3777463
3582;32.5558045
3583;30.8242725
3584;26.2714835
3585;23.1644726
3586;20.4545542
3587;NaN
3588;NaN
3589;NaN
3590;NaN
3591;NaN
3592;NaN
3593;NaN
3594;NaN
3595;NaN
3596;21.7327027
3597;23.0189902
3598;19.6758316
3599;21.8220092
3600;22.2737268
3601;24.1772598
3602;25.8869156
3603;26.6751003
3604;27.0684626
3605;27.4938031
3606;32.3639893
3607;30.6720454
3608;26.5121223
3609;24.4214925
3610;22.0100253
3611;NaN
3612;NaN
3613;NaN
3614;NaN
3615;NaN
3616;NaN
3617;NaN
3618;21.5604805
3619;22.7389254
3620;23.7914079
3621;24.7710241
3622;20.7054852
3623;21.7607416
3624;22.7421574
3625;23.6728088
3626;24.5785581
3627;25.4403053
3628;26.2771443
3629;27.0929024
3630;32.2168034
3631;32.959612
3632;33.7403951
3633;34.6013712
3634;33.0794554
3635;33.270173
3636;33.1832049
3637;33.2403275
3638;33.1677755
3639;33.1187014
3640;32.3535935
3641;31.9935016
3642;31.8586921
3643;31.9139056
3644;32.1659406
3645;33.0188076
3646;28.6720454
3647;29.2314759
3648;29.6808911
3649;30.1021848
3650;30.4852819
3651;30.9368078
3652;31.3926595
3653;31.8893322
3654;37.4234436
3655;37.4516733
3656;37.2664142
3657;36.8689803
3658;36.2769669
3659;35.4605419
3660;34.4785835
3661;33.2092171
3662;31.4188169
3663;29.8625397
3664;29.6348842
3665;29.4496705
3666;29.550141
3667;30.1175748
3668;30.9808723
3669;31.7948202
3670;27.9024138
3671;28.6837745
3672;29.3702311
3673;30.1600754
3674;30.7968062
3675;31.3982188
3676;32.0857674
3677;32.5632832
3678;37.8555668
3679;37.5486199
3680;36.9896214
3681;37.0124995
3682;36.819875
3683;36.4482509
3684;36.0647525
3685;34.9315937
3686;34.5580561
3687;34.826986
3688;34.6860332
3689;34.177168
3690;33.6348064
3691;33.5940574
3692;33.7885183
3693;36.2542083
3694;31.7800259
3695;31.9448288
3696;32.2418065
3697;32.2816588
3698;32.4975375
3699;32.5646598
3700;32.3872783
3701;32.6189078
3702;38.1771837
3703;36.6629792
3704;35.4906667
3705;33.6817826
3706;31.7055999
3707;29.5428931
3708;28.0111241
3709;26.5520046
3710;25.5483671
3711;24.65528
3712;24.392044
3713;24.0946185
3714;24.2737268
3715;25.0714572
3716;26.5254234
3717;27.6452973
3718;25.064998
3719;26.8108204
3720;28.7423716
3721;30.1487218
3722;31.1714659
3723;31.8240211
3724;32.0005117
3725;32.3721841
3726;37.3850477
3727;35.5815784
3728;32.1335707
3729;29.0793378
3730;26.8790998
3731;24.8717022
3732;23.1805269
3733;21.82639
3734;21.0068719
3735;20.2160319
3736;NaN
3737;NaN
3738;20.181628
3739;21.5991796
3740;23.497326
3741;25.4092436
3742;23.0430478
3743;25.0519662
3744;26.9582753
3745;28.7540813
3746;29.6349995
3747;30.2394762
3748;31.0712209
3749;31.8350144
3750;37.0169472
3751;34.992206
3752;30.9643127
3753;26.9867143
3754;24.1096217
3755;21.4427705
3756;NaN
3757;NaN
3758;NaN
3759;NaN
3760;NaN
3761;NaN
3762;NaN
3763;NaN
3764;21.2816064
3765;23.4345925
3766;20.9537351
3767;23.3253231
3768;25.1040563
3769;26.7491959
3770;27.9143665
3771;28.9526599
3772;29.300907
3773;29.8525844
3774;34.7022943
3775;32.5783227
3776;29.1173255
3777;25.2410577
3778;22.6382714
3779;20.181628
3780;NaN
3781;NaN
3782;NaN
3783;NaN
3784;NaN
3785;NaN
3786;NaN
3787;NaN
3788;21.0933747
3789;22.7389254
3790;20.7054852
3791;23.1423006
3792;24.8688638
3793;25.3372667
3794;26.4767172
3795;27.5421031
3796;28.4367729
3797;29.0922883
3798;33.7359957
3799;31.6005509
3800;27.9375405
3801;23.5285814
3802;NaN
3803;NaN
3804;NaN
3805;NaN
3806;NaN
3807;NaN
3808;NaN
3809;NaN
3810;NaN
3811;NaN
3812;NaN
3813;21.6758316
3814;18.3413163
3815;20.6887238
3816;22.2291371
3817;24.1097296
3818;25.3501667
3819;25.7472659
3820;24.7109154
3821;24.2176865
3822;29.2026762
3823;29.6023911
3824;26.9343998
3825;26.5121223
3826;26.1772598
3827;25.9196057
3828;25.5760828
3829;24.0495221
3830;22.4853319
3831;21.2197551
3832;NaN
3833;20.6852309
3834;21.0719299
3835;21.7138024
3836;23.2764092
3837;25.7553777
3838;22.1993421
3839;23.9332379
3840;24.8819838
3841;25.8235175
3842;26.4144805
3843;26.8969113
3844;27.3970156
3845;27.722681
3846;32.1798877
3847;31.2000875
3848;30.2448842
3849;29.7081704
3850;29.3609772
3851;28.5891228
3852;27.8771553
3853;27.1691524
3854;27.1487841
3855;26.6131724
3856;27.5807584
3857;28.3126051
3858;29.2131902
3859;29.3330891
3860;29.5926273
3861;30.3249694
3862;25.6835761
3863;26.1266569
3864;26.4393892
3865;26.8231322
3866;26.8600413
3867;26.9337426
3868;27.1539291
3869;27.4193946
3870;32.8588356
3871;32.301569
3872;31.6750507
3873;31.7152888
3874;30.994156
3875;30.579154
3876;29.503348
3877;28.7762295
3878;27.8460896
3879;26.2385174
3880;25.2107664
3881;24.3675232
3882;24.32354
3883;24.7185369
3884;25.4808912
3885;25.6034257
3886;23.506726
3887;26.4269372
3888;27.938261
3889;28.871003
3890;29.3817747
3891;29.7152802
3892;30.2779798
3893;30.6390827
3894;35.78914
3895;33.5228723
3896;30.9808909
3897;29.109006
3898;26.9001147
3899;23.3449678
3900;NaN
3901;NaN
3902;NaN
3903;NaN
3904;NaN
3905;NaN
3906;NaN
3907;NaN
3908;NaN
3909;20.7094335
3910;NaN
3911;NaN
3912;23.5622294
3913;25.988083
3914;27.2635182
3915;27.9740756
3916;27.997934
3917;28.1407838
3918;33.1184405
3919;30.8771905
3920;26.5785581
3921;22.5024469
3922;NaN
3923;NaN
3924;NaN
3925;NaN
3926;NaN
3927;NaN
3928;NaN
3929;NaN
3930;NaN
3931;NaN
3932;NaN
3933;NaN
3934;NaN
3935;21.7453838
3936;24.3920949
3937;26.2019886
3938;27.3606552
3939;28.1526649
3940;28.8826777
3941;29.4394491
3942;34.0982087
3943;33.4489342
3944;32.3865942
3945;31.921087
3946;30.9992522
3947;30.0217779
3948;28.3146569
3949;26.5254234
3950;25.9876858
3951;25.1139939
3952;24.6407594
3953;24.5825578
3954;24.1545454
3955;24.0946185
3956;24.7565965
3957;26.9867143
3958;23.7553777
3959;24.737306
3960;25.4916874
3961;26.5636536
3962;27.4938031
3963;28.2712841
3964;29.0690478
3965;29.70382
3966;34.5479898
3967;32.6706507
3968;28.8286068
3969;26.3467234
3970;24.4655694
3971;21.1780433
3972;NaN
3973;NaN
3974;NaN
3975;NaN
3976;NaN
3977;NaN
3978;NaN
3979;NaN
3980;21.3829368
3981;23.3873434
3982;20.3992772
3983;22.1844239
3984;23.9332379
3985;24.5785581
3986;25.2856084
3987;25.8362076
3988;26.1015068
3989;25.064998
3990;29.9502029
3991;30.1051192
3992;28.1517872
3993;25.198793
3994;23.1483966
3995;20.6111325
3996;NaN
3997;NaN
3998;NaN
3999;NaN
4000;NaN
4001;NaN
4002;NaN
4003;NaN
4004;NaN
4005;NaN
4006;NaN
4007;20.0642283
4008;22.0946185
4009;23.1705669
4010;23.7416376
4011;22.971841
4012;24.1367647
4013;25.2468029
4014;30.0217779
4015;27.8235175
4016;23.0838732
4017;NaN
4018;NaN
4019;NaN
4020;NaN
4021;NaN
4022;NaN
4023;NaN
4024;NaN
4025;NaN
4026;NaN
4027;NaN
4028;NaN
4029;NaN
4030;NaN
4031;NaN
4032;NaN
4033;NaN
4034;NaN
4035;NaN
4036;NaN
4037;NaN
4038;20.9628555
4039;22.4853319
4040;NaN
4041;NaN
4042;NaN
4043;NaN
4044;NaN
4045;NaN
4046;NaN
4047;NaN
4048;NaN
4049;NaN
4050;NaN
4051;NaN
4052;NaN
4053;NaN
4054;NaN
4055;NaN
4056;NaN
4057;NaN
4058;NaN
4059;NaN
4060;NaN
4061;NaN
4062;21.1147051
4063;NaN
4064;NaN
4065;NaN
4066;NaN
4067;NaN
4068;NaN
4069;NaN
4070;NaN
4071;NaN
4072;NaN
4073;NaN
4074;NaN
4075;NaN
4076;NaN
4077;NaN
4078;NaN
4079;NaN
4080;NaN
4081;NaN
4082;NaN
4083;NaN
4084;NaN
4085;NaN
4086;23.6374082
4087;21.2610815
4088;NaN
4089;NaN
4090;NaN
4091;NaN
4092;NaN
4093;NaN
4094;NaN
4095;NaN
4096;NaN
4097;NaN
4098;NaN
4099;NaN
4100;20.3114074
4101;NaN
4102;NaN
4103;NaN
4104;20.6719346
4105;22.7998454
4106;23.0430478
4107;23.1423006
4108;23.5344957
4109;23.7828325
4110;28.6008433
4111;27.9122384
4112;26.2714835
4113;25.198793
4114;24.0645688
4115;22.5875607
4116;21.1147051
4117;NaN
4118;NaN
4119;NaN
4120;NaN
4121;NaN
4122;NaN
4123;NaN
4124;20.9406401
4125;23.6219146
4126;19.7703377
4127;21.1000373
4128;22.1545454
4129;23.198793
4130;22.7710241
4131;23.4789199
4132;24.5387175
4133;24.724114
4134;28.7615296
4135;28.4269372
4136;27.5941825
4137;26.231147
4138;25.3533345
4139;24.318195
4140;23.0027118
4141;21.1989487
4142;NaN
4143;NaN
4144;NaN
4145;NaN
4146;NaN
4147;NaN
4148;NaN
4149;22.0642283
4150;19.7890743
4151;20.7389254
4152;21.2125716
4153;21.8677907
4154;22.3773003
4155;23.0288275
4156;23.4371419
4157;23.3253231
4158;27.6197509
4159;27.3630609
4160;27.1430596
4161;27.2985317
4162;26.8557374
4163;26.0420061
4164;25.727889
4165;24.65528
4166;24.6407594
4167;24.2291371
4168;23.8830195
4169;24.392044
4170;24.4508898
4171;24.8717022
4172;25.6037628
4173;27.3372667
4174;23.892317
4175;25.6197509
4176;26.7491959
4177;27.6505526
4178;28.2357348
4179;28.6955004
4180;28.3422896
4181;28.2594378
4182;32.7148041
4183;32.6621351
4184;32.2325087
4185;30.6496419
4186;30.7655736
4187;31.1411221
4188;30.211773
4189;28.2329724
4190;26.6712793
4191;26.2983374
4192;25.892317
4193;25.9604779
4194;26.432168
4195;27.7993315
4196;29.2461693
4197;30.5405237
4198;26.5760548
4199;27.1295308
4200;27.5058839
4201;28.0098577
4202;28.5780949
4203;28.8008882
4204;28.7891913
4205;29.1897723
4206;34.70006
4207;34.2300491
4208;33.5251382
4209;33.0133403
4210;31.9542207
4211;30.4686862
4212;29.5955216
4213;28.4799108
4214;27.7483245
4215;27.7854511
4216;28.0894191
4217;29.6756108
4218;29.7569629
4219;29.721821
4220;30.3759867
4221;32.4924283
4222;28.1526649
4223;28.3659308
4224;28.6837745
4225;29.0341639
4226;29.5545794
4227;29.7217337
4228;30.4388164
4229;31.2285156
4230;36.5696038
4231;35.6299063
4232;34.8015443
4233;33.6167338
4234;32.5300717
4235;31.7374117
4236;30.5974152
4237;29.7549308
4238;29.8626948
4239;29.5786103
4240;28.7216262
4241;28.7019224
4242;28.5927845
4243;28.9806599
4244;29.656813
4245;31.2770582
4246;27.0317714
4247;27.1661221
4248;29.2546316
4249;30.6570571
4250;31.0712209
4251;31.8611749
4252;31.6672778
4253;32.0244154
4254;37.3404924
4255;35.7807741
4256;33.8555302
4257;32.0726516
4258;31.2557807
4259;30.472913
4260;29.9473576
4261;29.5812197
4262;29.2377579
4263;30.2767672
4264;30.95268
4265;30.8070642
4266;30.4917984
4267;29.848745
4268;30.3794981
4269;32.6581187
4270;28.8359599
4271;29.6235194
4272;30.5558045
4273;31.256568
4274;32.087293
4275;32.6676842
4276;33.049039
4277;33.5447292
4278;38.537094
4279;36.6181677
4280;34.5216208
4281;32.4074429
4282;30.8377913
4283;29.5883857
4284;29.4857542
4285;28.5819666
4286;27.4131149
4287;26.7109154
4288;26.2849142
4289;26.0148618
4290;26.0691189
4291;26.5325769
4292;27.2169483
4293;28.1720273
4294;24.4988142
4295;27.6866338
4296;28.4249743
4297;28.707223
4298;29.103904
4299;29.2314759
4300;29.1271262
4301;28.7339698
4302;33.799624
4303;33.3232028
4304;33.1638917
4305;32.359632
4306;31.7764259
4307;31.4700295
4308;31.2703128
4309;30.8539693
4310;30.6357479
4311;30.6510286
4312;30.3697171
4313;29.6738764
4314;28.2147054
4315;27.6291768
4316;27.8518909
4317;29.5835404
4318;25.6325268
4319;26.5140033
4320;27.4817184
4321;27.8904574
4322;28.8008882
4323;29.4850296
4324;29.9291182
4325;30.4981069
4326;36.0309185
4327;35.0057353
4328;32.8833432
4329;31.5519126
4330;30.0281383
4331;28.4601518
4332;27.3563507
4333;26.2714835
4334;25.8102536
4335;25.7553777
4336;25.6865918
4337;25.8649956
4338;27.8108221
4339;28.3021575
4340;28.7861838
4341;29.3562827
4342;25.2338559
4343;25.7345387
4344;26.22706
4345;26.7121681
4346;27.1783109
4347;27.6505526
4348;28.1170109
4349;28.5663363
4350;33.998504
4351;34.2107189
4352;34.6318375
4353;35.0297087
4354;24.7597987
4355;22.6044935
4356;20.8502712
4357;NaN
4358;NaN
4359;NaN
4360;NaN
4361;NaN
4362;NaN
4363;NaN
4364;NaN
4365;21.4029581
4366;19.6948457
4367;18.5858836
4368;20.3123895
4369;23.892317
4370;25.220903
4371;25.8362076
4372;26.7368577
4373;27.1904956
4374;31.8182959
4375;30.4957153
4376;26.5387175
4377;23.2604809
4378;20.7334099
4379;NaN
4380;NaN
4381;NaN
4382;NaN
4383;NaN
4384;NaN
4385;NaN
4386;NaN
4387;NaN
4388;NaN
4389;NaN
4390;NaN
4391;NaN
4392;NaN
4393;NaN
4394;18.5603289
4395;19.1570363
4396;19.3628364
4397;20.0100253
4398;25.4789199
4399;25.2128911
4400;24.6697888
4401;24.814239
4402;25.3533345
4403;24.8573531
4404;25.3673259
4405;25.9196057
4406;25.5622294
4407;24.5679773
4408;25.0572577
4409;24.4067747
4410;24.288563
4411;24.3773003
4412;25.0714572
4413;25.7141319
4414;21.9134302
4415;23.0145967
4416;23.6314075
4417;23.7828325
4418;23.8649956
4419;24.0148618
4420;24.190743
4421;24.5387175
4422;29.0806846
4423;28.4531971
4424;27.1300646
4425;26.3920949
4426;25.0572577
4427;23.776083
4428;21.7703377
4429;22.4165533
4430;21.6948457
4431;23.6219146
4432;23.7453838
4433;23.4345925
4434;22.5536061
4435;22.2773903
4436;22.8880952
4437;24.1993421
4438;20.3646248
4439;22.1694917
4440;23.6865918
4441;25.064998
4442;25.5173447
4443;25.6708219
4444;26.4269372
4445;26.8477426
4446;31.4330732
4447;29.997934
4448;27.0258841
4449;25.3952804
4450;23.4816707
4451;21.5604805
4452;NaN
4453;NaN
4454;NaN
4455;NaN
4456;NaN
4457;NaN
4458;NaN
4459;NaN
4460;NaN
4461;21.7703377
4462;NaN
4463;19.0933747
4464;20.0642283
4465;21.7914079
4466;23.0714572
4467;24.2446
4468;25.3243609
4469;26.0889243
4470;31.1967199
4471;29.8306205
4472;26.0284379
4473;23.1483966
4474;NaN
4475;NaN
4476;NaN
4477;NaN
4478;NaN
4479;NaN
4480;NaN
4481;NaN
4482;NaN
4483;NaN
4484;NaN
4485;NaN
4486;NaN
4487;NaN
4488;18.5858836
4489;20.2773903
4490;21.2125716
4491;22.3329911
4492;23.2128911
4493;24.0012778
4494;29.1661221
4495;27.9501838
4496;24.7421574
4497;21.6376268
4498;NaN
4499;NaN
4500;NaN
4501;NaN
4502;NaN
4503;NaN
4504;NaN
4505;NaN
4506;NaN
4507;NaN
4508;NaN
4509;NaN
4510;NaN
4511;NaN
4512;NaN
4513;19.0503671
4514;20.2949078
4515;21.2125716
4516;22.0344607
4517;22.9289893
4518;28.4393892
4519;27.7599878
4520;25.1423006
4521;22.3646248
4522;NaN
4523;NaN
4524;NaN
4525;NaN
4526;NaN
4527;NaN
4528;NaN
4529;NaN
4530;NaN
4531;NaN
4532;NaN
4533;NaN
4534;NaN
4535;NaN
4536;NaN
4537;18.2160319
4538;19.4029581
4539;20.5195307
4540;21.6683435
4541;22.4067747
4542;27.4916874
4543;27.0519662
4544;24.7277069
4545;21.8819824
4546;NaN
4547;NaN
4548;NaN
4549;NaN
4550;NaN
4551;NaN
4552;NaN
4553;NaN
4554;NaN
4555;NaN
4556;NaN
4557;NaN
4558;NaN
4559;NaN
4560;18.5858836
4561;20.5705984
4562;21.8677907
4563;22.7277069
4564;22.3773003
4565;20.6719346
4566;25.892317
4567;26.2714835
4568;23.7914079
4569;NaN
4570;NaN
4571;NaN
4572;NaN
4573;NaN
4574;NaN
4575;NaN
4576;NaN
4577;NaN
4578;NaN
4579;NaN
4580;NaN
4581;NaN
4582;NaN
4583;NaN
4584;NaN
4585;18.9628555
4586;20.6551172
4587;22.0193845
4588;23.1705669
4589;24.2849142
4590;29.6023911
4591;29.6505526
4592;29.2391936
4593;28.3021575
4594;26.8950974
4595;25.4789199
4596;24.3033857
4597;22.9700844
4598;21.5410336
4599;NaN
4600;NaN
4601;NaN
4602;NaN
4603;20.7571717
4604;22.0642283
4605;24.4948909
4606;21.0514774
4607;22.6697888
4608;24.1772598
4609;25.8362076
4610;26.8477426
4611;27.4696298
4612;28.1170109
4613;28.6016022
4614;33.382473
4615;32.1260067
4616;28.6998166
4617;26.4988142
4618;24.4508898
4619;22.6887238
4620;21.8077581
4621;NaN
4622;NaN
4623;NaN
4624;NaN
4625;NaN
4626;NaN
4627;NaN
4628;NaN
4629;22.2422465
4630;19.6948457
4631;22.1694917
4632;24.1637691
4633;25.6197509
4634;26.1392246
4635;26.0007059
4636;25.5429796
4637;25.5173447
4638;30.6133509
4639;30.6955004
4640;27.9501838
4641;24.4214925
4642;21.462565
4643;NaN
4644;NaN
4645;NaN
4646;NaN
4647;NaN
4648;NaN
4649;NaN
4650;NaN
4651;NaN
4652;NaN
4653;20.2489436
4654;NaN
4655;19.7327027
4656;21.8220092
4657;23.3673259
4658;20.6719346
4659;21.6219146
4660;23.5483671
4661;24.8163191
4662;29.9024138
4663;29.4212361
4664;27.1949792
4665;24.3625437
4666;21.4029581
4667;NaN
4668;NaN
4669;NaN
4670;NaN
4671;NaN
4672;NaN
4673;NaN
4674;NaN
4675;NaN
4676;NaN
4677;NaN
4678;NaN
4679;NaN
4680;19.1570363
4681;20.4337964
4682;21.776083
4683;23.0430478
4684;24.2042185
4685;25.1690315
4686;29.9860066
4687;29.1904956
4688;26.3251618
4689;24.8573531
4690;22.6887238
4691;20.3114074
4692;NaN
4693;NaN
4694;NaN
4695;NaN
4696;NaN
4697;NaN
4698;NaN
4699;NaN
4700;NaN
4701;NaN
4702;NaN
4703;18.0619368
4704;NaN
4705;NaN
4706;22.1694917
4707;24.4455115
4708;25.6325268
4709;26.2145267
4710;31.1503362
4711;29.9740756
4712;25.7828325
4713;21.7890743
4714;NaN
4715;NaN
4716;NaN
4717;NaN
4718;NaN
4719;NaN
4720;NaN
4721;NaN
4722;NaN
4723;NaN
4724;NaN
4725;NaN
4726;NaN
4727;NaN
4728;19.82639
4729;20.8716235
4730;21.1965599
4731;20.6887238
4732;20.6382714
4733;21.3082047
4734;27.4788504
4735;27.8362076
4736;24.9432839
4737;NaN
4738;NaN
4739;NaN
4740;NaN
4741;NaN
4742;NaN
4743;NaN
4744;NaN
4745;NaN
4746;NaN
4747;NaN
4748;NaN
4749;NaN
4750;NaN
4751;NaN
4752;NaN
4753;NaN
4754;NaN
4755;19.3426552
4756;21.2125716
4757;22.5533846
4758;27.7472659
4759;26.5387175
4760;22.2069546
4761;NaN
4762;NaN
4763;NaN
4764;NaN
4765;NaN
4766;NaN
4767;NaN
4768;NaN
4769;NaN
4770;NaN
4771;NaN
4772;NaN
4773;NaN
4774;NaN
4775;NaN
4776;NaN
4777;NaN
4778;NaN
4779;NaN
4780;19.0068719
4781;21.1805269
4782;27.4403053
4783;26.605084
4784;21.9187991
4785;NaN
4786;NaN
4787;NaN
4788;NaN
4789;NaN
4790;NaN
4791;NaN
4792;NaN
4793;NaN
4794;NaN
4795;NaN
4796;NaN
4797;NaN
4798;NaN
4799;NaN
4800;NaN
4801;NaN
4802;NaN
4803;NaN
4804;18.6607896
4805;20.8716235
4806;27.2856084
4807;26.8163191
4808;22.5365837
4809;NaN
4810;NaN
4811;NaN
4812;NaN
4813;NaN
4814;NaN
4815;NaN
4816;NaN
4817;NaN
4818;NaN
4819;NaN
4820;NaN
4821;NaN
4822;NaN
4823;NaN
4824;NaN
4825;NaN
4826;NaN
4827;NaN
4828;NaN
4829;19.1147051
4830;25.2972734
4831;24.8429929
4832;20.2160319
4833;NaN
4834;NaN
4835;NaN
4836;NaN
4837;NaN
4838;NaN
4839;NaN
4840;NaN
4841;NaN
4842;NaN
4843;NaN
4844;NaN
4845;NaN
4846;NaN
4847;NaN
4848;NaN
4849;NaN
4850;NaN
4851;19.9918705
4852;21.3399195
4853;22.3033857
4854;27.8488925
4855;26.7636701
4856;NaN
4857;NaN
4858;NaN
4859;NaN
4860;NaN
4861;NaN
4862;NaN
4863;NaN
4864;NaN
4865;NaN
4866;NaN
4867;NaN
4868;NaN
4869;NaN
4870;NaN
4871;NaN
4872;NaN
4873;NaN
4874;NaN
4875;NaN
4876;19.2404652
4877;20.4681854
4878;25.9196057
4879;24.5095329
4880;NaN
4881;NaN
4882;NaN
4883;NaN
4884;NaN
4885;NaN
4886;NaN
4887;NaN
4888;NaN
4889;NaN
4890;NaN
4891;NaN
4892;NaN
4893;NaN
4894;NaN
4895;NaN
4896;NaN
4897;NaN
4898;NaN
4899;NaN
4900;NaN
4901;NaN
4902;23.8220092
4903;22.722219
4904;NaN
4905;NaN
4906;NaN
4907;NaN
4908;NaN
4909;NaN
4910;NaN
4911;NaN
4912;NaN
4913;NaN
4914;NaN
4915;NaN
4916;NaN
4917;NaN
4918;NaN
4919;NaN
4920;18.3413163
4921;19.9187991
4922;21.0027118
4923;21.8067166
4924;22.318195
4925;23.0003554
4926;28.0637442
4927;26.6183367
4928;21.7138024
4929;NaN
4930;NaN
4931;NaN
4932;NaN
4933;NaN
4934;NaN
4935;NaN
4936;NaN
4937;NaN
4938;NaN
4939;NaN
4940;NaN
4941;NaN
4942;NaN
4943;NaN
4944;NaN
4945;NaN
4946;18.9406401
4947;20.1359112
4948;20.8880952
4949;21.5908747
4950;27.1820084
4951;26.5785581
4952;21.0933747
4953;NaN
4954;NaN
4955;NaN
4956;NaN
4957;NaN
4958;NaN
4959;NaN
4960;NaN
4961;NaN
4962;NaN
4963;NaN
4964;NaN
4965;NaN
4966;NaN
4967;NaN
4968;NaN
4969;NaN
4970;NaN
4971;NaN
4972;NaN
4973;NaN
4974;23.9891875
4975;23.0352453
4976;NaN
4977;NaN
4978;NaN
4979;NaN
4980;NaN
4981;NaN
4982;NaN
4983;NaN
4984;NaN
4985;NaN
4986;NaN
4987;NaN
4988;NaN
4989;NaN
4990;NaN
4991;NaN
4992;NaN
4993;NaN
4994;NaN
4995;NaN
4996;NaN
4997;NaN
4998;NaN
4999;NaN
5000;NaN
5001;NaN
5002;NaN
5003;NaN
5004;NaN
5005;NaN
5006;NaN
5007;NaN
5008;NaN
5009;NaN
5010;NaN
5011;NaN
5012;NaN
5013;22.1001518
5014;NaN
5015;NaN
5016;NaN
5017;18.804093
5018;18.7571717
5019;18.6111325
5020;18.7571717
5021;18.6607896
5022;24.2142465
5023;24.0946185
5024;23.8677907
5025;23.8525461
5026;23.0838732
5027;21.7515475
5028;21.9918705
5029;22.5365837
5030;22.8716235
5031;23.9286123
5032;24.1993421
5033;24.7132448
5034;25.0430478
5035;24.7710241
5036;24.8429929
5037;25.892317
5038;21.4659967
5039;22.0042934
5040;22.1545454
5041;22.3033857
5042;22.8429929
5043;23.198793
5044;23.311303
5045;23.5760828
5046;28.4393892
5047;27.8615721
5048;26.5520046
5049;24.6697888
5050;23.3082047
5051;21.7327027
5052;20.3705061
5053;NaN
5054;NaN
5055;NaN
5056;NaN
5057;NaN
5058;NaN
5059;NaN
5060;NaN
5061;20.4545542
5062;NaN
5063;NaN
5064;NaN
5065;NaN
5066;NaN
5067;NaN
5068;NaN
5069;NaN
5070;23.5129629
5071;23.4503041
5072;22.7722574
5073;21.5604805
5074;20.4270614
5075;NaN
5076;NaN
5077;NaN
5078;NaN
5079;NaN
5080;NaN
5081;NaN
5082;NaN
5083;NaN
5084;NaN
5085;NaN
5086;NaN
5087;NaN
5088;NaN
5089;19.3829368
5090;20.5536061
5091;21.5908747
5092;22.5533846
5093;23.4650031
5094;28.8969113
5095;29.6746105
5096;30.4367729
5097;31.1851285
5098;NaN
5099;NaN
5100;NaN
5101;NaN
5102;NaN
5103;NaN
5104;NaN
5105;NaN
5106;NaN
5107;NaN
5108;NaN
5109;NaN
5110;NaN
5111;NaN
5112;NaN
5113;NaN
5114;18.1060246
5115;19.0068719
5116;19.462565
5117;19.8449708
5118;25.311303
5119;25.5344957
5120;23.9286123
5121;21.656759
5122;NaN
5123;NaN
5124;NaN
5125;NaN
5126;NaN
5127;NaN
5128;NaN
5129;NaN
5130;20.895769
5131;22.0281361
5132;24.2142465
5133;24.9146839
5134;20.3472476
5135;21.0838732
5136;21.8677907
5137;22.2737268
5138;22.7421574
5139;23.1846849
5140;23.7003661
5141;24.2849142
5142;29.3242589
5143;29.2756744
5144;28.6379921
5145;26.8426044
5146;26.0691189
5147;25.6865918
5148;24.9575678
5149;23.776083
5150;22.9700844
5151;23.1000373
5152;23.0514774
5153;23.3557471
5154;23.4659967
5155;24.0946185
5156;24.7421574
5157;25.7003661
5158;23.1281524
5159;25.1040563
5160;26.3271514
5161;27.141732
5162;27.7466936
5163;28.247588
5164;28.7774912
5165;29.1851285
5166;33.9950293
5167;33.4046358
5168;29.6264795
5169;26.9213054
5170;24.65528
5171;23.2604809
5172;22.5365837
5173;21.462565
5174;NaN
5175;NaN
5176;NaN
5177;NaN
5178;NaN
5179;NaN
5180;21.6184341
5181;23.8677907
5182;21.0352453
5183;22.7854404
5184;23.2410577
5185;24.0826636
5186;24.123251
5187;23.9059654
5188;24.8819838
5189;25.3630609
5190;30.0217779
5191;29.6625834
5192;28.5884513
5193;27.5045189
5194;27.6835761
5195;26.5121223
5196;26.8163191
5197;26.7636701
5198;25.8376412
5199;26.1637691
5200;25.311303
5201;26.190743
5202;27.9122384
5203;28.164345
5204;28.3255106
5205;29.3870429
5206;25.2468029
5207;25.6963248
5208;25.6452973
5209;25.5301649
5210;25.9122384
5211;26.2896533
5212;26.8600413
5213;27.1173255
5214;32.4757052
5215;32.5581418
5216;32.0084629
5217;31.3793068
5218;30.2826996
5219;29.299636
5220;27.4937484
5221;26.2231023
5222;25.52346
5223;24.5704961
5224;24.3849606
5225;24.1577764
5226;24.3467717
5227;24.6602235
5228;25.4224314
5229;26.2806778
5230;22.7854404
5231;24.6183367
5232;25.6708219
5233;26.6751003
5234;27.4333404
5235;27.8186421
5236;27.997934
5237;28.1170109
5238;33.7557514
5239;33.6512953
5240;30.4682685
5241;27.8657476
5242;25.4430199
5243;23.2604809
5244;21.6758316
5245;NaN
5246;NaN
5247;NaN
5248;NaN
5249;NaN
5250;NaN
5251;NaN
5252;21.0719299
5253;24.2588772
5254;NaN
5255;19.1989487
5256;24.1772598
5257;25.9754551
5258;26.9705353
5259;27.5662298
5260;27.5421031
5261;27.5541684
5262;31.3063502
5263;30.0277666
5264;27.5889421
5265;24.5679773
5266;23.2923171
5267;21.7327027
5268;20.9182798
5269;NaN
5270;21.5019382
5271;23.1161791
5272;23.0189902
5273;21.82639
5274;21.7703377
5275;24.0042934
5276;24.5825578
5277;25.5622294
5278;21.9891875
5279;23.4092436
5280;24.4054598
5281;25.2468029
5282;25.962822
5283;26.6627354
5284;27.336395
5285;28.1526649
5286;33.2383964
5287;32.9283846
5288;29.4817184
5289;26.1097296
5290;24.3625437
5291;22.3819678
5292;20.3990644
5293;NaN
5294;NaN
5295;NaN
5296;NaN
5297;NaN
5298;NaN
5299;NaN
5300;21.2610815
5301;23.2923171
5302;19.5410336
5303;20.3472476
5304;19.8077581
5305;21.1483966
5306;23.3393336
5307;24.8557374
5308;25.7218061
5309;26.2145267
5310;30.9410041
5311;30.9293451
5312;27.7727043
5313;23.6683435
5314;NaN
5315;NaN
5316;NaN
5317;NaN
5318;NaN
5319;NaN
5320;NaN
5321;NaN
5322;NaN
5323;NaN
5324;NaN
5325;NaN
5326;NaN
5327;19.82639
5328;21.3240721
5329;22.3329911
5330;22.7854404
5331;23.6314075
5332;23.6452167
5333;23.311303
5334;27.5045189
5335;27.091043
5336;26.1097296
5337;22.3992772
5338;21.2197551
5339;NaN
5340;NaN
5341;NaN
5342;NaN
5343;NaN
5344;NaN
5345;NaN
5346;NaN
5347;NaN
5348;NaN
5349;20.3413163
5350;NaN
5351;NaN
5352;NaN
5353;19.9554266
5354;20.8716235
5355;20.8880952
5356;21.9134302
5357;22.4067747
5358;27.6835761
5359;27.6708219
5360;26.2983374
5361;25.4789199
5362;23.3240721
5363;22.9209641
5364;21.2816064
5365;20.0619368
5366;NaN
5367;21.9918705
5368;23.5129629
5369;23.1000373
5370;21.9554266
5371;21.8819824
5372;23.9286123
5373;24.9861035
5374;21.0352453
5375;23.0288275
5376;24.5918245
5377;25.6452973
5378;26.2896533
5379;26.4767172
5380;26.9705353
5381;27.3727793
5382;32.1623358
5383;31.0449947
5384;29.4160795
5385;27.4891673
5386;26.1772598
5387;24.9289893
5388;23.8525461
5389;23.0027118
5390;22.2246193
5391;21.1780433
5392;20.9406401
5393;21.2816064
5394;21.6184341
5395;22.2598367
5396;23.3557471
5397;25.283234
5398;20.7888834
5399;20.8054831
5400;22.3329911
5401;24.231147
5402;25.4788504
5403;26.1768978
5404;27.0195327
5405;27.5903412
5406;32.7020338
5407;32.4231025
5408;30.3956769
5409;28.638278
5410;26.5652848
5411;24.2291371
5412;22.3472476
5413;NaN
5414;NaN
5415;NaN
5416;NaN
5417;NaN
5418;NaN
5419;NaN
5420;NaN
5421;22.7888834
5422;NaN
5423;19.9004147
5424;22.0344607
5425;22.5825578
5426;22.9146839
5427;23.2269794
5428;23.4650031
5429;23.4650031
5430;27.988083
5431;27.8108221
5432;27.1560486
5433;26.2983374
5434;25.0430478
5435;23.2445319
5436;21.5410336
5437;21.2404652
5438;22.2246193
5439;22.5705984
5440;22.5365837
5441;22.9373618
5442;23.559764
5443;24.318195
5444;25.3952804
5445;27.0780236
5446;22.8717022
5447;23.8513225
5448;24.5121223
5449;25.0389283
5450;25.3243609
5451;25.5557886
5452;25.8995796
5453;26.038544
5454;30.7152654
5455;30.4986848
5456;29.6625834
5457;28.8231322
5458;28.7738589
5459;29.1173255
5460;28.9939184
5461;29.1378778
5462;29.1173255
5463;28.9460111
5464;27.7727043
5465;28.0637442
5466;28.5858982
5467;29.0913859
5468;29.6362382
5469;30.5211813
5470;26.0637442
5471;26.0889243
5472;25.962822
5473;25.8488925
5474;25.6835761
5475;25.5173447
5476;25.4788504
5477;25.6580623
5478;30.9062756
5479;30.7359211
5480;30.6017152
5481;30.3685512
5482;29.9284286
5483;29.3085684
5484;28.3192016
5485;26.7849762
5486;25.7626985
5487;25.198793
5488;24.9861035
5489;25.1857139
5490;25.8987303
5491;26.9478565
5492;27.5747054
5493;27.9940817
5494;23.6865918
5495;24.3251618
5496;24.737306
5497;25.2079441
5498;25.5813901
5499;25.7854156
5500;25.7345387
5501;25.6197509
5502;30.5465732
5503;29.9871665
5504;29.7679513
5505;28.5062596
5506;28.2752497
5507;28.2186995
5508;27.606972
5509;27.0324723
5510;26.4293969
5511;25.740199
5512;24.2192836
5513;23.4940086
5514;22.9700844
5515;23.4386641
5516;24.9763622
5517;27.1572876
5518;22.9432839
5519;23.0145967
5520;23.1564388
5521;23.4928275
5522;23.9740859
5523;24.2849142
5524;24.5785581
5525;24.6977101
5526;29.9523051
5527;29.9665047
5528;29.4637359
5529;27.4412543
5530;26.0739576
5531;24.6697888
5532;23.559764
5533;22.5024469
5534;21.7703377
5535;20.7334099
5536;20.181628
5537;20.2806664
5538;20.534446
5539;21.8449708
5540;23.6992102
5541;26.0284379
5542;23.2972734
5543;24.7768422
5544;25.6963248
5545;26.22706
5546;26.3770822
5547;26.9091927
5548;26.9950424
5549;27.4333404
5550;32.4124593
5551;31.8030221
5552;29.6264795
5553;26.9605697
5554;23.4659967
5555;NaN
5556;NaN
5557;NaN
5558;NaN
5559;NaN
5560;NaN
5561;NaN
5562;NaN
5563;NaN
5564;NaN
5565;NaN
5566;NaN
5567;NaN
5568;NaN
5569;NaN
5570;22.4214925
5571;24.0962005
5572;25.0128337
5573;25.4531593
5574;30.3068023
5575;30.5074938
5576;27.4660077
5577;20.3990644
5578;NaN
5579;NaN
5580;NaN
5581;NaN
5582;NaN
5583;NaN
5584;NaN
5585;NaN
5586;NaN
5587;NaN
5588;NaN
5589;NaN
5590;NaN
5591;NaN
5592;NaN
5593;19.7703377
5594;21.3873434
5595;22.5387796
5596;23.2551263
5597;23.6175896
5598;28.5015792
5599;28.5140033
5600;25.4789199
5601;NaN
5602;NaN
5603;NaN
5604;NaN
5605;NaN
5606;NaN
5607;NaN
5608;NaN
5609;NaN
5610;NaN
5611;NaN
5612;NaN
5613;NaN
5614;NaN
5615;NaN
5616;NaN
5617;NaN
5618;19.2816064
5619;20.5024469
5620;20.8880952
5621;20.6044935
5622;24.2737268
5623;22.6719346
5624;20.1060246
5625;NaN
5626;NaN
5627;NaN
5628;NaN
5629;NaN
5630;NaN
5631;NaN
5632;NaN
5633;NaN
5634;NaN
5635;NaN
5636;NaN
5637;NaN
5638;NaN
5639;NaN
5640;NaN
5641;NaN
5642;NaN
5643;NaN
5644;NaN
5645;18.6607896
5646;24.347774
5647;24.5971262
5648;24.4361975
5649;24.0495221
5650;23.418862
5651;23.0027118
5652;24.2588772
5653;25.2972734
5654;24.814239
5655;25.4650031
5656;25.4928275
5657;25.0430478
5658;24.7565965
5659;25.1281524
5660;25.9059654
5661;27.4788504
5662;23.4650031
5663;24.3653434
5664;25.4145801
5665;26.2395883
5666;26.9091927
5667;27.2878265
5668;27.6385179
5669;27.7586944
5670;32.8254437
5671;33.1419986
5672;31.7155009
5673;28.2145267
5674;26.3653434
5675;25.0288275
5676;23.9286123
5677;23.1322988
5678;21.82639
5679;21.3628364
5680;NaN
5681;NaN
5682;NaN
5683;20.8272708
5684;23.2764092
5685;25.5622294
5686;21.5129629
5687;22.0645688
5688;22.1545454
5689;22.1246105
5690;21.5753283
5691;21.1322988
5692;20.8220567
5693;20.8880952
5694;25.6314075
5695;25.4650031
5696;23.9891875
5697;NaN
5698;NaN
5699;NaN
5700;NaN
5701;NaN
5702;NaN
5703;NaN
5704;NaN
5705;NaN
5706;NaN
5707;NaN
5708;NaN
5709;NaN
5710;NaN
5711;NaN
5712;NaN
5713;NaN
5714;NaN
5715;NaN
5716;NaN
5717;NaN
5718;NaN
5719;NaN
5720;20.895769
5721;20.3990644
5722;21.5410336
5723;21.8077581
5724;20.5603289
5725;NaN
5726;NaN
5727;NaN
5728;NaN
5729;NaN
5730;NaN
5731;21.3829368
5732;22.7054852
5733;25.2972734
5734;21.3873434
5735;21.8982326
5736;22.5387796
5737;23.5622294
5738;24.7109154
5739;25.4017089
5740;26.0637442
5741;26.4891505
5742;31.2546316
5743;31.5200707
5744;31.9096768
5745;32.1827745
5746;31.5200707
5747;30.5310408
5748;29.2391936
5749;28.2646305
5750;27.5941825
5751;26.9867143
5752;26.6315825
5753;26.9213054
5754;27.1170635
5755;27.7981215
5756;28.6627354
5757;30.8008882
5758;27.5300339
5759;27.8665337
5760;28.2001543
5761;28.0694229
5762;28.6250963
5763;28.9876088
5764;29.0806696
5765;29.2662049
5766;34.5525067
5767;34.6585436
5768;33.5587497
5769;32.2138242
5770;30.8009273
5771;29.105116
5772;28.1409818
5773;27.4729296
5774;26.7636701
5775;26.5121223
5776;26.3385629
5777;26.9736451
5778;28.5636536
5779;29.4832436
5780;30.5798241
5781;31.5175837
5782;27.5300339
5783;27.7946742
5784;27.9860066
5785;28.212018
5786;28.5545744
5787;28.9526599
5788;29.6862575
5789;30.6252724
5790;36.0276826
5791;36.0425728
5792;35.5660329
5793;34.8399162
5794;34.3891805
5795;34.3467992
5796;34.5198764
5797;34.3275317
5798;33.4121092
5799;33.4102248
5800;31.7756839
5801;33.1845232
5802;33.7868393
5803;33.5356723
5804;33.5424526
5805;34.054098
5806;29.1271262
5807;29.5315765
5808;29.5890623
5809;29.7258891
5810;30.0080944
5811;30.352683
5812;30.2088609
5813;30.3647776
5814;35.6237909
5815;35.5389753
5816;35.2209535
5817;34.781227
5818;33.696624
5819;32.345591
5820;30.9189998
5821;29.7041572
5822;28.6432033
5823;28.3293373
5824;28.0510315
5825;28.0133055
5826;33.3019235
5827;32.8431465
5828;32.3716405
5829;31.8644089
5830;26.4269372
5831;25.8362076
5832;25.2468029
5833;24.6315825
5834;24.0012778
5835;23.3533345
5836;22.6842858
5837;21.9891875
5838;27.0833726
5839;26.37085
5840;24.9392885
5841;24.1844239
5842;NaN
5843;NaN
5844;NaN
5845;NaN
5846;NaN
5847;NaN
5848;NaN
5849;NaN
5850;NaN
5851;NaN
5852;NaN
5853;NaN
5854;NaN
5855;NaN
5856;NaN
5857;NaN
5858;19.0068719
5859;19.3223911
5860;20.329836
5861;20.6044935
5862;26.684498
5863;27.220903
5864;26.4854991
5865;24.9289893
5866;23.8677907
5867;21.6948457
5868;NaN
5869;NaN
5870;NaN
5871;NaN
5872;NaN
5873;NaN
5874;NaN
5875;20.2160319
5876;22.2773903
5877;22.7556048
5878;NaN
5879;18.7334099
5880;19.8635014
5881;20.1715108
5882;20.1001518
5883;20.5365837
5884;20.621397
5885;20.9537351
5886;25.6452167
5887;25.8239515
5888;25.1139939
5889;24.3329911
5890;23.5285814
5891;22.0642283
5892;23.2445319
5893;21.8077581
5894;21.0286824
5895;21.4427705
5896;20.804093
5897;21.0068719
5898;21.6376268
5899;22.8386045
5900;24.0645688
5901;25.8239515
5902;21.3873434
5903;21.7453838
5904;21.9437789
5905;22.5971262
5906;23.0430478
5907;23.6175896
5908;23.8376412
5909;24.3251618
5910;29.1295308
5911;29.4938031
5912;29.0684626
5913;28.6627354
5914;27.5173447
5915;25.4231974
5916;24.5533846
5917;25.0288275
5918;24.8429929
5919;23.3557471
5920;25.1846849
5921;27.1430596
5922;27.7981215
5923;28.650366
5924;30.6016022
5925;31.1387327
5926;27.6746105
5927;28.3541119
5928;28.4367729
5929;28.5898502
5930;28.9992522
5931;29.1619367
5932;29.3586845
5933;29.6005509
5934;34.754076
5935;34.8071604
5936;33.9807771
5937;32.9663717
5938;31.9520824
5939;31.1712331
5940;30.0621053
5941;29.5411187
5942;28.6342446
5943;28.2059626
5944;27.2879355
5945;27.5889762
5946;28.4265107
5947;29.1482525
5948;29.9158357
5949;31.242691
5950;27.1783109
5951;27.4938031
5952;28.093224
5953;28.5780949
5954;28.9176829
5955;29.3586845
5956;30.0336185
5957;30.7128355
5958;36.2544606
5959;36.7654576
5960;35.501334
5961;32.4285754
5962;30.9806586
5963;29.3856096
5964;28.2395883
5965;27.3243609
5966;26.9474879
5967;26.4455115
5968;26.1367647
5969;25.7828325
5970;26.0420061
5971;26.9213054
5972;28.89297
5973;30.170224
5974;27.3848994
5975;28.1288991
5976;28.5663363
5977;29.1503362
5978;29.7152802
5979;30.6345741
5980;31.5100034
5981;32.1635874
5982;37.8323688
5983;38.2468963
5984;36.5836148
5985;31.7459294
5986;27.6563046
5987;24.0495221
5988;20.8272708
5989;NaN
5990;NaN
5991;NaN
5992;NaN
5993;NaN
5994;NaN
5995;NaN
5996;21.462565
5997;25.8102536
5998;24.3519568
5999;26.2771443
6000;27.7706914
6001;28.8008882
6002;29.508562
6003;30.1373656
6004;30.6682948
6005;31.0600708
6006;36.1387545
6007;36.3692357
6008;34.7486984
6009;29.6385179
6010;25.0145967
6011;20.7571717
6012;NaN
6013;NaN
6014;NaN
6015;NaN
6016;NaN
6017;NaN
6018;NaN
6019;NaN
6020;21.0719299
6021;23.6683435
6022;20.7556048
6023;22.6116826
6024;24.2714835
6025;25.9375405
6026;26.8846256
6027;27.3727793
6028;28.4131724
6029;29.300907
6030;34.1234837
6031;34.5505466
6032;33.4931961
6033;29.3970156
6034;26.2176865
6035;23.4031123
6036;NaN
6037;NaN
6038;NaN
6039;NaN
6040;NaN
6041;NaN
6042;NaN
6043;NaN
6044;21.9736712
6045;25.0714572
6046;22.0645688
6047;23.2269794
6048;23.2551263
6049;20.4681854
6050;20.7722574
6051;21.5129629
6052;22.5679773
6053;24.8819838
6054;31.8982638
6055;32.8029546
6056;31.8754296
6057;28.3646066
6058;25.6314075
6059;23.2604809
6060;20.2489436
6061;NaN
6062;NaN
6063;NaN
6064;NaN
6065;NaN
6066;NaN
6067;NaN
6068;21.82639
6069;23.6219146
6070;19.4029581
6071;20.7389254
6072;21.8067166
6073;22.5825578
6074;23.0288275
6075;23.8239515
6076;24.3385629
6077;24.5652848
6078;29.0317714
6079;29.0562364
6080;29.0317714
6081;28.4767172
6082;28.1517872
6083;27.2726791
6084;26.0420061
6085;25.0003554
6086;24.2737268
6087;23.6992102
6088;23.2445319
6089;23.0189902
6090;23.3557471
6091;24.244014
6092;25.2972734
6093;26.2042185
6094;21.7300093
6095;22.0193845
6096;22.5679773
6097;23.0856464
6098;23.506726
6099;24.0691189
6100;24.4455115
6101;24.8163191
6102;29.8921924
6103;30.0735144
6104;30.1034651
6105;29.8925076
6106;28.9337426
6107;26.7768422
6108;25.4371419
6109;24.4655694
6110;24.0946185
6111;23.418862
6112;23.3240721
6113;23.0189902
6114;23.4659967
6115;24.6116826
6116;26.2176865
6117;27.1949792
6118;23.8649956
6119;24.7900077
6120;25.5685921
6121;26.389553
6122;27.3242589
6123;28.0813252
6124;29.3124684
6125;29.8640084
6126;35.518133
6127;36.1748871
6128;35.1927114
6129;32.2414079
6130;30.4485681
6131;28.5512479
6132;27.2726791
6133;27.0258841
6134;26.9474879
6135;26.8031667
6136;26.8688638
6137;27.0519662
6138;27.8108221
6139;28.7491959
6140;29.7826846
6141;31.4004845
6142;28.0217779
6143;28.8826777
6144;29.5660766
6145;29.6694224
6146;29.8525844
6147;30.091914
6148;30.6008308
6149;30.5814085
6150;35.7448259
6151;36.1555919
6152;35.7383448
6153;35.0534436
6154;34.0991333
6155;32.8710513
6156;32.6769833
6157;32.0599108
6158;31.7412567
6159;31.5147377
6160;31.7436429
6161;30.94857
6162;31.2786137
6163;31.8054089
6164;33.2710143
6165;34.2182146
6166;30.3187483
6167;30.6570571
6168;31.4860952
6169;32.4363111
6170;33.4085412
6171;34.2570024
6172;34.6764338
6173;34.4633309
6174;38.5427691
6175;37.7850413
6176;37.4160175
6177;35.19723
6178;34.1254277
6179;33.2497126
6180;31.7921134
6181;29.9385051
6182;28.7437261
6183;27.2027112
6184;26.6134988
6185;26.0492234
6186;25.7836353
6187;27.0287553
6188;29.1185193
6189;30.2572901
6190;26.3146569
6191;27.2513579
6192;28.3422896
6193;29.0806696
6194;29.7152802
6195;30.5207702
6196;30.6217936
6197;30.1955132
6198;34.4190374
6199;33.5603071
6200;32.8136006
6201;30.5472763
6202;29.2207244
6203;27.6133752
6204;25.3830192
6205;22.12589
6206;NaN
6207;NaN
6208;NaN
6209;NaN
6210;20.534446
6211;22.2773903
6212;24.1545454
6213;25.1281524
6214;20.9373618
6215;21.6374082
6216;22.1545454
6217;22.7998454
6218;23.3253231
6219;23.7003661
6220;23.7141319
6221;23.7828325
6222;29.071048
6223;29.0785897
6224;28.9585306
6225;28.7990971
6226;28.6457619
6227;28.5784053
6228;28.291851
6229;27.4433403
6230;26.7625974
6231;26.4317622
6232;26.8010038
6233;27.0020738
6234;26.800335
6235;27.1395756
6236;27.4401789
6237;27.5897707
6238;22.6987711
6239;23.0145967
6240;23.5899272
6241;23.7965472
6242;23.892317
6243;23.9196057
6244;23.8786604
6245;23.8102536
6246;29.2286758
6247;29.0447519
6248;28.748306
6249;28.6027192
6250;27.604667
6251;27.0626136
6252;24.8674463
6253;22.6940234
6254;21.3573623
6255;NaN
6256;NaN
6257;NaN
6258;NaN
6259;20.7571717
6260;22.9209641
6261;25.2245817
6262;20.4337964
6263;20.8054831
6264;20.9209641
6265;22.0645688
6266;23.0572577
6267;23.6037628
6268;24.5121223
6269;24.7768422
6270;30.7408642
6271;32.0001848
6272;31.3777445
6273;27.3517171
6274;25.5444403
6275;23.6992102
6276;22.3819678
6277;20.3114074
6278;NaN
6279;NaN
6280;NaN
6281;NaN
6282;20.3705061
6283;22.3472476
6284;24.4067747
6285;25.5899272
6286;22.4361975
6287;23.5622294
6288;24.6448216
6289;24.5387175
6290;24.2580455
6291;25.8869156
6292;26.6751003
6293;27.2999747
6294;32.5231859
6295;32.2069882
6296;31.6920345
6297;28.6833989
6298;25.9059654
6299;23.6837854
6300;22.1001518
6301;20.0619368
6302;NaN
6303;NaN
6304;NaN
6305;NaN
6306;NaN
6307;22.9864099
6308;24.6842858
6309;25.8239515
6310;20.621397
6311;23.2269794
6312;24.1772598
6313;24.7768422
6314;25.3372667
6315;25.6708219
6316;26.1517872
6317;26.2145267
6318;31.1220957
6319;31.5542526
6320;31.0558274
6321;28.8698263
6322;27.8111068
6323;26.1015479
6324;25.164276
6325;23.5908747
6326;22.2422465
6327;21.7703377
6328;21.5604805
6329;21.4029581
6330;23.2125716
6331;24.0946185
6332;25.4510771
6333;25.506726
6334;21.8372856
6335;22.6407594
6336;23.6175896
6337;24.9605697
6338;25.7854156
6339;25.6325268
6340;25.1430596
6341;25.962822
6342;31.6562531
6343;31.8496582
6344;31.5647603
6345;28.9596508
6346;28.1735116
6347;26.5532007
6348;24.4655694
6349;22.6382714
6350;20.9182798
6351;NaN
6352;NaN
6353;NaN
6354;20.5603289
6355;22.3123895
6356;24.2588772
6357;24.7277069
6358;NaN
6359;NaN
6360;22.3625437
6361;24.6580538
6362;25.4916874
6363;26.2145267
6364;26.6379921
6365;26.7985043
6366;32.3691432
6367;32.5034326
6368;32.5290878
6369;29.6505861
6370;26.6315825
6371;23.2764092
6372;20.6111325
6373;NaN
6374;NaN
6375;NaN
6376;NaN
6377;NaN
6378;NaN
6379;21.2404652
6380;24.2291371
6381;26.2446
6382;23.0288275
6383;20.3992772
6384;21.2125716
6385;24.684498
6386;25.7981215
6387;27.0806846
6388;27.0929024
6389;25.8488925
6390;32.0766946
6391;34.2783507
6392;33.9744747
6393;30.8261869
6394;26.684498
6395;24.1545454
6396;21.7703377
6397;NaN
6398;NaN
6399;NaN
6400;NaN
6401;NaN
6402;21.0933747
6403;23.1965599
6404;24.7565965
6405;26.0691189
6406;22.5095329
6407;23.7141319
6408;24.2580455
6409;25.1300646
6410;25.5429796
6411;25.988083
6412;26.1015068
6413;26.2646305
6414;31.1499445
6415;31.0107757
6416;30.7881372
6417;30.3411759
6418;29.7427731
6419;29.336395
6420;27.7727043
6421;26.2446
6422;25.1846849
6423;24.318195
6424;24.1096217
6425;24.0796009
6426;24.9003676
6427;26.231147
6428;27.4145801
6429;29.0006432
6430;25.4660077
6431;26.3021575
6432;27.2999747
6433;28.2594378
6434;28.8593251
6435;28.9876088
6436;28.4485681
6437;28.2594378
6438;33.9945185
6439;33.8163281
6440;33.5811921
6441;32.1525913
6442;29.6023911
6443;27.5557886
6444;25.6175896
6445;23.6992102
6446;22.0642283
6447;20.9849311
6448;20.5858836
6449;20.9406401
6450;22.1537307
6451;24.2588772
6452;26.8426044
6453;29.0195327
6454;26.389553
6455;27.2270252
6456;27.2148528
6457;26.6627354
6458;26.982791
6459;27.6625834
6460;29.0457949
6461;30.1600754
6462;35.9374858
6463;36.5234018
6464;36.2580211
6465;33.1692619
6466;29.336395
6467;26.8031667
6468;24.6697888
6469;23.0676867
6470;21.6376268
6471;20.6360953
6472;20.2806664
6473;20.9182798
6474;22.0642283
6475;24.2291371
6476;26.5254234
6477;28.4767172
6478;25.7218061
6479;25.8235175
6480;23.727889
6481;24.1637691
6482;25.9375405
6483;28.1882872
6484;28.5545744
6485;28.4721484
6486;33.796977
6487;34.4998061
6488;34.0064482
6489;31.850464
6490;28.0259364
6491;25.6865918
6492;23.8220092
6493;22.2246193
6494;21.0503671
6495;20.7807296
6496;21.1147051
6497;21.8819824
6498;23.1805269
6499;25.0572577
6500;26.6448216
6501;27.4274455
6502;25.6708219
6503;27.6625834
6504;28.4131724
6505;28.6837745
6506;28.9526599
6507;29.508562
6508;30.2621385
6509;30.7581075
6510;35.8804734
6511;35.6624727
6512;35.3126607
6513;33.7524333
6514;30.7608813
6515;29.2177528
6516;28.1862387
6517;26.8503845
6518;25.5839711
6519;24.9248978
6520;24.5556517
6521;24.9207464
6522;25.7288648
6523;27.0552902
6524;28.7128379
6525;29.4039871
6526;25.1040563
6527;27.8306205
6528;28.1170109
6529;28.0813252
6530;27.8545663
6531;28.0813252
6532;28.4032681
6533;28.4028956
6534;33.5075465
6535;33.1078652
6536;32.6974988
6537;31.5804184
6538;30.03328
6539;28.2330811
6540;26.9649209
6541;26.0857388
6542;25.0759318
6543;24.3980105
6544;24.2601937
6545;24.1780306
6546;28.9221561
6547;29.1486006
6548;29.3544654
6549;29.5366368
6550;24.6580538
6551;24.829465
6552;25.0128337
6553;25.1820084
6554;25.3630609
6555;25.5429796
6556;25.7090681
6557;25.8869156
6558;31.5283997
6559;31.5895053
6560;31.6454334
6561;31.6976046
6562;26.4254524
6563;23.7634142
6564;21.8677566
6565;21.9556917
6566;23.3871153
6567;23.6779808
6568;24.0299192
6569;24.0734093
6570;24.7585724
6571;25.8546115
6572;27.3060285
6573;29.9154902
6574;25.9375405
6575;26.4767172
6576;27.1173255
6577;27.8425953
6578;27.8186421
6579;27.722681
6580;27.77195
6581;27.6308927
6582;32.9663463
6583;33.1682583
6584;32.9669408
6585;32.2079037
6586;30.7919085
6587;29.9601162
6588;28.990309
6589;28.3872047
6590;28.0577663
6591;27.4988795
6592;27.3408989
6593;27.6025394
6594;28.6067506
6595;30.0103619
6596;31.2221538
6597;32.4198928
6598;28.1764166
6599;28.6955004
6600;29.2777753
6601;29.3355824
6602;29.467354
6603;29.5519969
6604;29.6800539
6605;29.9251672
6606;35.473884
6607;35.6416673
6608;35.4272532
6609;34.7333737
6610;33.3153164
6611;32.050488
6612;31.0860976
6613;30.6026914
6614;30.9257333
6615;30.5826985
6616;31.4051635
6617;31.8782478
6618;32.1832816
6619;32.5944403
6620;33.2566186
6621;34.1477504
6622;29.657951
6623;29.8754296
6624;30.2621385
6625;30.4786479
6626;31.2168701
6627;31.5796845
6628;31.4758848
6629;31.5165811
6630;37.2503791
6631;37.0697915
6632;36.9186871
6633;36.1446053
6634;35.9030019
6635;34.70266
6636;33.9119688
6637;33.1939649
6638;32.4955398
6639;32.1397714
6640;32.0157807
6641;32.2631657
6642;32.5074881
6643;32.9341867
6644;33.2995732
6645;33.3901907
6646;28.7891913
6647;29.1967199
6648;29.657951
6649;30.3592864
6650;31.2048946
6651;31.9743432
6652;32.331731
6653;33.1460074
6654;38.7502494
6655;38.9398377
6656;38.9846985
6657;38.5269347
6658;36.9629077
6659;35.8742696
6660;35.6441823
6661;34.8676136
6662;34.2544912
6663;33.0350605
6664;32.7069191
6665;33.457965
6666;34.3806168
6667;35.6164069
6668;36.616729
6669;37.7437722
6670;33.7275506
6671;34.6031616
6672;35.4430573
6673;36.2821927
6674;37.1217664
6675;36.8413869
6676;36.4939148
6677;35.51869
6678;40.0835427
6679;39.5940123
6680;39.2101316
6681;38.8047219
6682;38.4630743
6683;37.773558
6684;37.0119918
6685;36.4571374
6686;36.2829528
6687;35.9156695
6688;35.780424
6689;35.7177397
6690;35.7499285
6691;35.9890955
6692;36.1224371
6693;36.3917504
6694;31.4931961
6695;31.511463
6696;31.6090606
6697;31.6365932
6698;31.6776025
6699;31.6371191
6700;31.6755551
6701;31.6498493
6702;36.8818749
6703;36.6848998
6704;36.6030442
6705;36.2738153
6706;35.9737225
6707;34.8832788
6708;33.6255785
6709;33.2494224
6710;32.6436918
6711;32.4478161
6712;32.331948
6713;32.7924706
6714;33.4655069
6715;34.063608
6716;34.5365028
6717;35.460139
6718;31.0823687
6719;31.7683726
6720;32.0771166
6721;32.3548539
6722;32.4545943
6723;32.4390522
6724;32.7647923
6725;33.146981
6726;38.4557614
6727;38.3992138
6728;38.2580766
6729;37.5549848
6730;36.3638345
6731;35.2878401
6732;34.5028217
6733;34.0476565
6734;34.1916868
6735;34.7250781
6736;35.0773411
6737;35.4520365
6738;35.7622606
6739;36.2954806
6740;36.9212938
6741;37.6544007
6742;33.5355943
6743;34.4372247
6744;34.1609452
6745;33.8272071
6746;34.2276333
6747;34.5934196
6748;34.9374101
6749;35.3035939
6750;40.7806122
6751;40.9398015
6752;41.0799251
6753;40.2493265
6754;39.4974453
6755;38.0777442
6756;36.3202435
6757;35.0171528
6758;34.2942372
6759;33.8977376
6760;34.0063621
6761;34.7501057
6762;35.5454836
6763;36.5355229
6764;37.187312
6765;38.5330579
6766;34.2999957
6767;34.7903312
6768;34.5474779
6769;35.0719332
6770;35.7219447
6771;36.4260978
6772;36.8154436
6773;37.0604097
6774;42.2502557
6775;42.3310995
6776;43.2477925
6777;42.7406308
6778;40.7723787
6779;39.1317695
6780;36.7618239
6781;35.3105362
6782;34.3631419
6783;34.262212
6784;34.2925881
6785;34.6564301
6786;35.3980534
6787;36.3437354
6788;37.7282983
6789;39.1570535
6790;35.1495157
6791;35.5548203
6792;36.442528
6793;37.0955883
6794;37.5611982
6795;38.3412892
6796;38.7326581
6797;38.9425497
6798;44.0771786
6799;43.9230938
6800;43.7285365
6801;41.7492116
6802;39.5306146
6803;37.5003438
6804;35.7501762
6805;35.1019327
6806;34.8672152
6807;34.7279145
6808;34.9185532
6809;35.2842055
6810;36.0187765
6811;37.2142496
6812;38.0148624
6813;39.0473027
6814;34.9720969
6815;36.3147007
6816;36.9015492
6817;36.6162214
6818;36.4527117
6819;36.7306499
6820;37.2352381
6821;37.4655518
6822;42.5152482
6823;42.9461842
6824;43.78016
6825;42.5531056
6826;40.4490036
6827;38.6198697
6828;37.0819795
6829;36.097037
6830;35.6114614
6831;35.3549088
6832;35.0005275
6833;35.0465953
6834;35.4789105
6835;36.2561002
6836;37.0271631
6837;37.9532792
6838;34.2999957
6839;35.2511736
6840;35.950866
6841;36.4669667
6842;36.7527775
6843;36.9922445
6844;37.1692418
6845;37.3479603
6846;42.325746
6847;42.2104664
6848;41.9401171
6849;40.4279063
6850;39.3530752
6851;38.0692095
6852;36.5909499
6853;35.2369179
6854;34.3427052
6855;33.6618155
6856;33.4074063
6857;33.5044423
6858;34.2937357
6859;35.4803544
6860;36.2438774
6861;37.6447103
6862;33.3644726
6863;33.8027687
6864;34.2299591
6865;34.7082595
6866;35.2373241
6867;35.6330287
6868;35.9321088
6869;36.2212366
6870;41.3024396
6871;41.2555461
6872;41.083657
6873;40.0771418
6874;38.0214719
6875;35.5073854
6876;33.5519644
6877;31.7432256
6878;30.465378
6879;29.7633964
6880;29.2840001
6881;29.5079012
6882;30.4931251
6883;31.633217
6884;31.2145866
6885;34.8065298
6886;31.8020278
6887;31.9366119
6888;32.0128236
6889;32.0488751
6890;32.2960725
6891;32.7924603
6892;33.4160545
6893;34.0252029
6894;39.34253
6895;38.9663788
6896;38.2283954
6897;35.2737933
6898;34.1470634
6899;32.9366274
6900;31.2295349
6901;29.7521354
6902;28.243315
6903;27.7828825
6904;27.6931612
6905;28.0882995
6906;29.3670523
6907;31.0566464
6908;32.9455422
6909;32.8180542
6910;29.9667005
6911;31.8679814
6912;33.1118251
6913;34.300699
6914;35.1347324
6915;35.7932352
6916;36.0379107
6917;35.7855838
6918;40.468773
6919;39.9785343
6920;39.771466
6921;38.8854059
6922;36.2421985
6923;33.1980123
6924;30.4290412
6925;27.7153812
6926;25.9174461
6927;24.8628813
6928;24.5551358
6929;25.0796864
6930;27.0561733
6931;29.6268001
6932;31.4071654
6933;33.0420696
6934;29.7496439
6935;30.6306163
6936;31.3741984
6937;32.3633472
6938;33.0624679
6939;33.4552649
6940;33.5731875
6941;33.5938981
6942;38.5087378
6943;38.0243785
6944;37.6939937
6945;36.8227161
6946;34.8564033
6947;32.4251641
6948;30.152414
6949;28.3512555
6950;26.9561253
6951;26.1011704
6952;25.9848147
6953;28.2939264
6954;29.8725413
6955;30.9581678
6956;31.8641894
6957;32.3759371
6958;27.8306205
6959;28.1526649
6960;28.4603599
6961;28.7438469
6962;28.957518
6963;29.3546786
6964;29.9239092
6965;30.4315566
6966;36.0133279
6967;36.039851
6968;35.8042107
6969;35.0839763
6970;33.0140281
6971;32.2200098
6972;31.1181491
6973;30.3386573
6974;29.8304108
6975;29.9098812
6976;30.7516023
6977;31.7019225
6978;32.1815641
6979;33.1067464
6980;33.5556062
6981;33.8314075
6982;29.6464766
6983;30.2621385
6984;30.6033851
6985;30.8399296
6986;31.0057511
6987;30.960894
6988;30.9826792
6989;31.1993442
6990;36.5063755
6991;36.5761935
6992;36.9111714
6993;36.4371348
6994;35.6974936
6995;35.3208757
6996;34.2328693
6997;33.4077044
6998;33.1408325
6999;32.9994634
7000;33.0167651
7001;33.3924446
7002;34.2802013
7003;35.2683461
7004;35.7529214
7005;35.8654069
7006;31.4931961
7007;32.1982381
7008;32.8051215
7009;33.0581845
7010;33.4134538
7011;33.5135468
7012;33.5896472
7013;33.6017555
7014;38.8282325
7015;38.6308963
7016;38.6991122
7017;38.2466853
7018;37.744229
7019;37.1476492
7020;36.2563469
7021;35.5018095
7022;35.0944705
7023;35.0951615
7024;35.0131751
7025;35.3828944
7026;35.8832795
7027;36.6095859
7028;36.7751746
7029;37.0298541
7030;32.2293476
7031;32.4798548
7032;32.8330684
7033;33.0336981
7034;33.1922937
7035;33.4564751
7036;33.6989969
7037;33.9541986
7038;39.3733066
7039;39.7229637
7040;40.1933028
7041;40.5342549
7042;39.6216215
7043;38.4913235
7044;37.2954525
7045;36.5247922
7046;36.0673537
7047;35.8172132
7048;35.8603729
7049;36.1926161
7050;36.8808765
7051;38.0149566
7052;38.945469
7053;40.064997
7054;35.4664664
7055;36.0672022
7056;36.736837
7057;36.7235872
7058;36.3176284
7059;36.2490595
7060;36.2654323
7061;36.3272693
7062;41.3056788
7063;41.515691
7064;41.5202085
7065;40.0251596
7066;38.5566837
7067;36.8411138
7068;35.5918926
7069;35.1225264
7070;34.7837619
7071;34.4363787
7072;34.3507148
7073;34.8787005
7074;35.4423012
7075;36.900051
7076;38.4962331
7077;39.710848
7078;36.2306156
7079;37.5768126
7080;38.1475906
7081;38.8645085
7082;39.5169764
7083;40.0429578
7084;40.4184204
7085;40.5786582
7086;45.3487928
7087;45.1339189
7088;44.7432898
7089;42.933086
7090;41.5980187
7091;39.6030682
7092;37.5811228
7093;36.3686488
7094;34.7942048
7095;33.8021045
7096;33.2373283
7097;33.4246279
7098;34.3017751
7099;34.9691708
7100;35.5733605
7101;35.2032585
7102;30.2734656
7103;29.9894909
7104;29.960757
7105;30.1192649
7106;30.118111
7107;30.1020484
7108;30.3180201
7109;30.3068226
7110;36.0698761
7111;36.2196623
7112;36.2950819
7113;35.3215708
7114;33.2515941
7115;31.26068
7116;29.0279134
7117;27.6771693
7118;27.7084091
7119;26.5859375
7120;25.6325122
7121;26.0064156
7122;27.8366135
7123;29.6690977
7124;30.4931785
7125;30.8974176
7126;26.6998166
7127;27.1783109
7128;27.5058839
7129;27.4212361
7130;27.6090237
7131;27.6591414
7132;27.6815026
7133;27.3946332
7134;32.6331241
7135;32.7268073
7136;32.7266146
7137;32.0017635
7138;31.6770316
7139;31.1941498
7140;30.8641127
7141;30.8802251
7142;30.0023923
7143;29.9633453
7144;29.846017
7145;30.2167544
7146;31.1504498
7147;32.0401511
7148;32.5929202
7149;33.4217578
7150;28.9759623
7151;29.1967199
7152;29.4662808
7153;30.2318865
7154;30.8561526
7155;30.8643536
7156;31.2664442
7157;31.8915341
7158;36.6448471
7159;36.0892308
7160;35.3058764
7161;34.5663351
7162;33.8118865
7163;33.0885836
7164;32.5099464
7165;31.852771
7166;31.8300195
7167;32.1087864
7168;32.704857
7169;33.2474892
7170;33.993699
7171;34.6881609
7172;35.7424886
7173;36.0995067
7174;31.026606
7175;30.9924658
7176;31.3590256
7177;32.0739337
7178;32.9707749
7179;33.8302661
7180;34.3791548
7181;34.4884384
7182;39.8456598
7183;39.3210466
7184;39.9226937
7185;37.3698686
7186;35.7517635
7187;34.3941217
7188;33.5702403
7189;32.7670611
7190;32.3025138
7191;32.1455732
7192;32.5001715
7193;33.4307201
7194;35.4907616
7195;37.3594223
7196;37.9316349
7197;38.3083315
7198;34.3105493
7199;34.8881252
7200;35.5960026
7201;35.8913351
7202;36.2908414
7203;36.7474838
7204;37.1405664
7205;37.7885808
7206;42.953574
7207;42.794625
7208;42.5646131
7209;38.7239659
7210;35.7908839
7211;33.4163805
7212;32.2444265
7213;31.537962
7214;31.1415136
7215;31.1598361
7216;31.698954
7217;32.9284304
7218;34.5713397
7219;35.0150819
7220;36.8701937
7221;37.6314872
7222;33.4286982
7223;34.2240211
7224;34.8579512
7225;35.0423047
7226;35.2796104
7227;34.7198806
7228;34.6231037
7229;34.0380075
7230;38.9580842
7231;38.586811
7232;37.4805635
7233;36.5554969
7234;35.5288669
7235;34.5190672
7236;33.7755002
7237;33.0857301
7238;32.4317294
7239;32.4851792
7240;32.9127072
7241;33.5046552
7242;34.5289508
7243;35.6213894
7244;35.1325199
7245;35.1884237
7246;30.5783227
7247;30.9020913
7248;31.4875719
7249;32.0660371
7250;32.5199069
7251;34.0381371
7252;35.6064994
7253;36.3991548
7254;41.5796961
7255;41.6939194
7256;40.2300509
7257;39.5328527
7258;38.6330495
7259;37.106146
7260;35.5902783
7261;34.011411
7262;33.1628118
7263;32.9769051
7264;33.4116372
7265;34.7399172
7266;36.2570015
7267;37.6778321
7268;38.5787646
7269;39.2943437
7270;35.1896312
7271;35.7218394
7272;36.2584678
7273;36.732209
7274;36.9898384
7275;37.1824735
7276;37.4672922
7277;37.9674554
7278;43.1300151
7279;43.5291479
7280;42.2989907
7281;38.8761705
7282;37.3423932
7283;36.051494
7284;34.8521359
7285;33.7884271
7286;33.1060534
7287;32.9270004
7288;33.4674042
7289;40.0086567
7290;39.599207
7291;39.1699697
7292;38.7195535
7293;38.2721878
7294;32.9561466
7295;32.611498
7296;32.2324923
7297;31.8226247
7298;31.3915529
7299;30.9327092
7300;30.4712911
7301;29.9975815
7302;34.8481247
7303;34.1871197
7304;33.5474087
7305;32.4142535
7306;31.536171
7307;30.7478279
7308;30.151293
7309;29.8500322
7310;29.8745837
7311;29.9697974
7312;29.973515
7313;29.7473063
7314;29.704327
7315;29.4644446
7316;28.9984574
7317;28.8514044
7318;23.8513225
7319;23.9876858
7320;23.9332379
7321;23.6452167
7322;23.3813079
7323;23.283234
7324;23.5206154
7325;23.6728088
7326;29.6376689
7327;29.5917961
7328;28.4442715
7329;27.4760154
7330;26.5418433
7331;25.1268442
7332;24.1706534
7333;23.0198202
7334;21.8024281
7335;21.5626683
7336;22.5947821
7337;24.711967
7338;26.2768783
7339;27.2402049
7340;26.8508619
7341;27.3731621
7342;22.3625437
7343;22.2142465
7344;22.1993421
7345;22.0645688
7346;22.4655694
7347;23.4231974
7348;24.9082046
7349;26.2896533
7350;32.7078205
7351;33.2398921
7352;33.9132611
7353;33.8879026
7354;33.7295792
7355;33.4334661
7356;33.1840156
7357;33.1783813
7358;33.130396
7359;33.2252523
7360;33.5869651
7361;34.0910166
7362;34.7661982
7363;35.4324727
7364;35.4458249
7365;35.5951277
7366;30.8813428
7367;31.1398586
7368;31.6418963
7369;32.1868175
7370;32.640778
7371;33.0002387
7372;33.8229789
7373;34.7662409
7374;40.6171582
7375;41.0145484
7376;39.9180676
7377;38.5424388
7378;38.1572351
7379;37.7794489
7380;37.1164793
7381;36.7110961
7382;36.6129465
7383;36.6462348
7384;36.7117774
7385;36.9945182
7386;37.1306317
7387;37.3035453
7388;37.7763489
7389;37.8946975
7390;33.0676712
7391;33.4452936
7392;33.9141058
7393;34.5554897
7394;35.2581905
7395;35.6907143
7396;35.6093257
7397;35.4551867
7398;40.5371814
7399;40.138326
7400;41.3446562
7401;40.1385326
7402;38.6055551
7403;37.1441272
7404;36.0724197
7405;35.2918272
7406;34.8319345
7407;34.7849899
7408;35.1161362
7409;36.2046773
7410;37.2161478
7411;38.3348627
7412;39.2115026
7413;40.1470711
7414;36.4391207
7415;37.5907418
7416;38.5026291
7417;39.085139
7418;39.375767
7419;39.552615
7420;39.8383505
7421;40.1656401
7422;45.1877983
7423;45.0096783
7424;44.4529176
7425;41.7561517
7426;38.6865707
7427;36.951558
7428;35.7173975
7429;34.5847966
7430;33.950961
7431;33.813192
7432;34.5936173
7433;36.2485524
7434;37.595848
7435;38.5868786
7436;39.9371059
7437;40.5355097
7438;36.3625524
7439;36.9754151
7440;37.482452
7441;37.8156781
7442;38.1093145
7443;38.3188627
7444;38.2867105
7445;38.3778434
7446;43.4847944
7447;43.0917124
7448;41.3845667
7449;40.0802522
7450;38.1495618
7451;35.8711106
7452;33.897808
7453;31.9575863
7454;30.7470665
7455;30.4103462
7456;31.6138084
7457;33.7195376
7458;35.6882878
7459;37.3230594
7460;38.8559883
7461;39.3646153
7462;34.8601623
7463;35.2375528
7464;35.8655629
7465;36.4704094
7466;37.0315755
7467;37.3917725
7468;37.6586569
7469;37.7440912
7470;42.413083
7471;42.3397292
7472;41.1793931
7473;38.1644439
7474;33.8850033
7475;31.3249763
7476;29.3403954
7477;28.2133445
7478;27.7670895
7479;27.9350884
7480;29.0137361
7481;31.1942954
7482;33.1197201
7483;34.2405985
7484;32.3702246
7485;32.8027276
7486;28.5074938
7487;31.1269362
7488;34.2363302
7489;35.6080548
7490;36.4259418
7491;36.7096325
7492;36.6680436
7493;36.6977235
7494;41.2804692
7495;41.0481542
7496;39.7714202
7497;37.8219581
7498;35.0258106
7499;33.0601259
7500;31.7678285
7501;30.62757
7502;29.8778964
7503;29.8307025
7504;30.4736934
7505;32.2205442
7506;33.6802681
7507;34.9269816
7508;36.0293805
7509;37.3427049
7510;33.4821691
7511;34.2641275
7512;34.8537079
7513;35.4708326
7514;36.2612868
7515;36.8757432
7516;37.054956
7517;37.1220071
7518;42.054555
7519;41.9565927
7520;40.330808
7521;38.5925939
7522;37.2708445
7523;36.1176974
7524;35.0277638
7525;33.4298356
7526;32.5530165
7527;32.3916612
7528;32.8048081
7529;33.9995063
7530;35.2980093
7531;36.336701
7532;37.3377042
7533;37.368142
7534;32.7401278
7535;33.1166361
7536;33.7880585
7537;33.9722263
7538;34.2330254
7539;34.0511766
7540;33.9543684
7541;34.1287689
7542;39.1163941
7543;38.6140989
7544;38.106091
7545;37.3478589
7546;36.2247893
7547;35.1445068
7548;34.5607384
7549;34.0637107
7550;33.7345982
7551;33.5252315
7552;33.684997
7553;34.2779707
7554;34.8490434
7555;35.2741924
7556;36.5915433
7557;37.6266159
7558;33.6132495
7559;33.8381371
7560;34.1331558
7561;34.3875362
7562;34.5268323
7563;34.589077
7564;34.5351243
7565;34.6278865
7566;39.4904289
7567;38.8731171
7568;38.1377723
7569;37.0000766
7570;34.4117606
7571;32.1304505
7572;30.8707434
7573;30.4681612
7574;30.6669272
7575;31.4025668
7576;32.1604929
7577;33.1879229
7578;33.9684677
7579;34.5721979
7580;35.6325324
7581;35.9635392
7582;31.6036933
7583;32.3294799
7584;32.8129647
7585;33.4785125
7586;33.8797484
7587;34.2847548
7588;34.7080917
7589;35.4045154
7590;40.638901
7591;40.6414187
7592;40.1688025
7593;38.0840726
7594;34.969712
7595;32.3502015
7596;30.6211392
7597;29.5303085
7598;29.0713436
7599;29.2891199
7600;30.3335771
7601;32.1878694
7602;32.9051536
7603;33.3294564
7604;34.2019641
7605;34.065272
7606;29.3471349
7607;29.5775709
7608;30.3359704
7609;30.8308806
7610;31.3903878
7611;31.7388293
7612;31.7379223
7613;32.283282
7614;38.2552255
7615;38.4896491
7616;38.718358
7617;36.9559687
7618;33.8302684
7619;31.1159498
7620;29.3338525
7621;28.2348964
7622;27.7745089
7623;28.0555539
7624;29.4029398
7625;31.9876698
7626;33.8124448
7627;35.0440169
7628;36.1186218
7629;36.8779163
7630;32.5558926
7631;32.993993
7632;33.2815503
7633;33.4275812
7634;33.5531927
7635;33.5780064
7636;33.7543179
7637;33.8902694
7638;39.0941399
7639;39.122797
7640;38.6614793
7641;36.4290113
7642;33.5355101
7643;30.7132701
7644;28.9421728
7645;27.8748722
7646;27.5794568
7647;28.108637
7648;29.8101696
7649;31.68873
7650;32.6174072
7651;33.0978559
7652;33.0084945
7653;32.7671473
7654;27.7346892
7655;28.3422896
7656;28.3186348
7657;28.2189666
7658;28.4542804
7659;29.3187039
7660;30.2966542
7661;31.0876638
7662;36.8022262
7663;36.8159184
7664;36.8801577
7665;36.455807
7666;35.9620317
7667;35.5502857
7668;35.3316325
7669;35.0485917
7670;34.6357709
7671;34.7677697
7672;35.1332871
7673;35.5106525
7674;35.6241172
7675;35.7995155
7676;36.420999
7677;36.5633596
7678;31.9338571
7679;32.7148238
7680;33.2291022
7681;33.6551238
7682;34.0807052
7683;34.3619377
7684;34.484863
7685;34.6766734
7686;40.0721645
7687;40.0979634
7688;39.4676953
7689;38.4226089
7690;36.7225482
7691;35.1114355
7692;34.196805
7693;33.6719931
7694;33.3455801
7695;33.4084454
7696;34.0763168
7697;35.2104444
7698;36.3926563
7699;37.4587593
7700;38.4768682
7701;39.7542297
7702;36.1472102
7703;36.9512967
7704;37.5727695
7705;38.1881229
7706;38.628489
7707;38.8420894
7708;39.194176
7709;39.6861844
7710;44.9139347
7711;44.9541711
7712;44.8925345
7713;42.5798946
7714;38.3742573
7715;35.3908715
7716;33.1450927
7717;31.5097615
7718;30.5391019
7719;30.577649
7720;31.9216998
7721;34.5112472
7722;36.2141726
7723;36.9611579
7724;37.8206587
7725;37.8314932
7726;32.8050154
7727;32.6588618
7728;32.416635
7729;32.0662521
7730;31.7174387
7731;31.5113118
7732;31.3856811
7733;31.309267
7734;36.2583463
7735;35.1873672
7736;34.9857461
7737;33.82595
7738;33.4894395
7739;34.187352
7740;35.8033329
7741;36.8246127
7742;36.7009858
7743;36.6388119
7744;37.0563134
7745;37.6236459
7746;38.101858
7747;38.4020509
7748;39.213383
7749;39.6188789
7750;34.8008785
7751;34.9574
7752;35.0103956
7753;35.204853
7754;35.5502068
7755;35.9243301
7756;36.5776039
7757;37.2908005
7758;42.8942221
7759;43.5456181
7760;43.4389375
7761;42.5356293
7762;41.8393335
7763;41.3558996
7764;40.8061867
7765;40.1296616
7766;39.9844053
7767;40.2550242
7768;40.6671683
7769;41.1642759
7770;42.0373707
7771;41.9897762
7772;42.7909803
7773;43.2568384
7774;39.9270541
7775;40.1895242
7776;40.2933807
7777;40.872108
7778;42.3240816
7779;42.3403254
7780;42.2103453
7781;42.0722543
7782;46.8876593
7783;46.5558711
7784;46.3807721
7785;45.8386496
7786;44.958039
7787;43.522168
7788;42.1828494
7789;41.072669
7790;40.3641038
7791;40.2513814
7792;40.6868746
7793;42.3842543
7794;44.1288426
7795;45.4753108
7796;46.5321798
7797;46.8589451
7798;42.6616602
7799;42.9327411
7800;43.1983908
7801;43.1986983
7802;43.4784155
7803;43.6235379
7804;43.5417829
7805;43.4244991
7806;48.1605936
7807;47.6193178
7808;46.9315835
7809;45.3912233
7810;42.9983688
7811;40.5759593
7812;39.1175032
7813;38.2599153
7814;38.3186335
7815;38.7375803
7816;39.8166044
7817;40.9999345
7818;42.214501
7819;43.0147025
7820;43.4103014
7821;43.61886
7822;39.2553496
7823;39.5163442
7824;39.1944533
7825;39.3442771
7826;39.4982874
7827;39.571591
7828;39.4675272
7829;39.7234342
7830;44.4934073
7831;44.1830835
7832;42.9479043
7833;42.0321742
7834;41.0886048
7835;40.2270908
7836;39.6746797
7837;39.5147013
7838;39.4096159
7839;39.3535757
7840;39.5234265
7841;39.9304249
7842;40.3435046
7843;40.5847633
7844;40.4451035
7845;40.7941361
7846;36.9115655
7847;37.5217695
7848;38.2717091
7849;39.1590017
7850;39.8626855
7851;40.1552111
7852;40.2402292
7853;40.484593
7854;45.8489442
7855;45.8389574
7856;44.792653
7857;43.589812
7858;42.3157261
7859;41.4459625
7860;40.6970998
7861;39.9235574
7862;39.2974881
7863;39.1174461
7864;39.634629
7865;40.6111471
7866;41.5172273
7867;42.464193
7868;43.460777
7869;44.0542456
7870;40.1398944
7871;40.8204574
7872;41.417194
7873;41.8864965
7874;42.2209619
7875;42.4945186
7876;42.5572556
7877;42.4688527
7878;47.3898978
7879;47.2063352
7880;46.7367878
7881;45.2009138
7882;41.9504028
7883;39.2885436
7884;37.1471911
7885;35.4071994
7886;34.5268024
7887;34.5960741
7888;35.8471887
7889;38.4079403
7890;40.9746965
7891;42.6982452
7892;44.0611794
7893;44.6976995
7894;40.7210306
7895;41.3394721
7896;41.8010747
7897;42.1286608
7898;42.2560481
7899;42.2983331
7900;42.4126584
7901;42.4813301
7902;47.3436007
7903;47.2162815
7904;47.2446085
7905;45.7364833
7906;42.3853869
7907;39.988675
7908;37.9593881
7909;36.5609686
7910;35.8169412
7911;35.9830922
7912;37.0611823
7913;39.2109757
7914;41.5126457
7915;43.2431245
7916;44.5780195
7917;44.9722073
7918;40.8067088
7919;41.2561845
7920;41.6874868
7921;42.0823594
7922;42.3253193
7923;42.4670712
7924;42.1862664
7925;42.2916993
7926;47.0013686
7927;47.2203944
7928;46.4441667
7929;45.164293
7930;42.5232359
7931;40.1387384
7932;38.4389169
7933;37.2262286
7934;36.619981
7935;36.8808709
7936;38.2354948
7937;40.3834442
7938;42.0259525
7939;43.1338583
7940;44.4383033
7941;44.9746551
7942;40.9968125
7943;41.5138074
7944;41.9147025
7945;42.2116479
7946;42.4684336
7947;42.7919564
7948;43.1153367
7949;43.3548185
7950;48.2890948
7951;48.0707489
7952;47.8559686
7953;46.3608487
7954;44.7341073
7955;43.0873048
7956;41.4562597
7957;40.2882218
7958;39.7295858
7959;40.0008583
7960;41.2520933
7961;42.6701926
7962;43.5255527
7963;44.0353323
7964;45.2091894
7965;45.4732393
7966;41.2554191
7967;41.5334363
7968;41.4252361
7969;41.2822554
7970;40.7169481
7971;40.6991279
7972;40.9872383
7973;41.3083571
7974;46.4340365
7975;46.4220345
7976;46.1070654
7977;45.7882418
7978;45.3883429
7979;44.827898
7980;44.3249984
7981;43.7641251
7982;43.1439195
7983;43.1721035
7984;43.8648266
7985;44.9404723
7986;46.0150361
7987;47.1174193
7988;46.6445552
7989;46.607295
7990;42.1737537
7991;42.8591233
7992;42.8528912
7993;43.127589
7994;42.7455762
7995;42.1185489
7996;42.1170742
7997;42.4193539
7998;47.1372669
7999;47.0360556
8000;48.4326345
8001;47.4577824
8002;45.5046512
8003;44.2529461
8004;43.2061403
8005;42.5168337
8006;42.0041441
8007;42.1618757
8008;43.1405494
8009;47.9504968
8010;47.3645167
8011;46.7736638
8012;46.1744853
8013;45.5693675
8014;40.480731
8015;39.9729417
8016;39.4193269
8017;38.8385588
8018;38.2426328
8019;37.6342193
8020;37.0124778
8021;36.3788063
8022;40.8332525
8023;40.0073022
8024;39.2186267
8025;40.2491558
8026;39.2353348
8027;37.7899798
8028;36.9523277
8029;36.2405553
8030;36.1271029
8031;36.2065416
8032;36.9193469
8033;38.0752429
8034;38.834195
8035;39.0860729
8036;39.0700263
8037;38.9805092
8038;34.213805
8039;34.249213
8040;34.1127758
8041;34.441546
8042;34.3039189
8043;33.7109494
8044;33.285129
8045;33.0668032
8046;37.8099449
8047;37.4629509
8048;37.5070114
8049;36.6868796
8050;36.4380943
8051;36.1083309
8052;35.6557696
8053;35.4205722
8054;35.2732635
8055;34.8458429
8056;34.6340088
8057;34.5823156
8058;34.5604742
8059;34.4830096
8060;33.9975411
8061;34.3463971
8062;29.4624984
8063;29.4209367
8064;29.5210161
8065;29.5790194
8066;29.7119326
8067;29.7615704
8068;30.0103021
8069;29.9962299
8070;35.4072154
8071;35.2503075
8072;34.8653486
8073;34.2185831
8074;33.4273245
8075;32.8899338
8076;32.7166971
8077;32.7959592
8078;32.8585082
8079;33.0201785
8080;33.1324534
8081;33.2617793
8082;33.6545408
8083;34.0006678
8084;33.2237415
8085;33.5563283
8086;29.3702311
8087;30.1006478
8088;30.4180573
8089;30.6425179
8090;31.2211885
8091;31.4886825
8092;31.6424999
8093;32.0095572
8094;37.2771206
8095;37.3830628
8096;37.3245665
8097;37.1950046
8098;37.3537011
8099;37.2977159
8100;36.8659066
8101;36.8155385
8102;36.9581987
8103;37.3883145
8104;38.0021808
8105;38.5818709
8106;39.4097443
8107;40.3776892
8108;39.7417853
8109;40.0164559
8110;35.6364281
8111;37.5654567
8112;39.0393979
8113;38.5452615
8114;37.9946433
8115;37.9954498
8116;38.0091463
8117;37.7129384
8118;42.724307
8119;42.2927531
8120;42.4034253
8121;42.1435841
8122;40.6732212
8123;39.3578126
8124;38.4872788
8125;37.3988582
8126;36.8707015
8127;36.8293441
8128;37.4608066
8129;38.2195202
8130;38.7557234
8131;39.1354763
8132;39.6145692
8133;39.8290872
8134;35.0319711
8135;35.0746608
8136;35.0059513
8137;34.655036
8138;34.2525402
8139;34.3931515
8140;34.2503112
8141;34.0404864
8142;38.6441393
8143;37.9838594
8144;38.5212676
8145;37.695722
8146;36.9196604
8147;36.0888727
8148;35.528741
8149;34.7280795
8150;34.4768048
8151;34.8452167
8152;35.0708417
8153;35.2959655
8154;35.4545174
8155;35.3543871
8156;34.9284651
8157;34.8361941
8158;29.6464766
8159;29.5501328
8160;29.532103
8161;29.6725166
8162;29.747688
8163;29.8794711
8164;29.9197274
8165;29.92827
8166;35.2501191
8167;35.1685835
8168;34.9128314
8169;34.8736641
8170;34.5539031
8171;34.2649542
8172;34.0252619
8173;33.5993853
8174;33.4653738
8175;33.893394
8176;34.3620369
8177;34.9534801
8178;35.2153695
8179;34.923627
8180;35.634537
8181;36.0536879
8182;31.5153136
8183;33.229982
8184;34.2398517
8185;34.9591848
8186;35.2295738
8187;35.4731501
8188;35.6006342
8189;35.8447644
8190;41.0181282
8191;40.8355608
8192;40.8127737
8193;40.4413172
8194;39.8287099
8195;39.5794081
8196;39.2605465
8197;39.2874141
8198;39.377544
8199;39.3106058
8200;39.1893118
8201;39.1708011
8202;39.0384176
8203;38.9601973
8204;38.8519854
8205;38.7320651
8206;33.7345068
8207;33.5750597
8208;32.9707184
8209;32.8166709
8210;32.9758118
8211;32.8182355
8212;33.044735
8213;33.6867926
8214;39.2843981
8215;39.5787817
8216;39.495548
8217;39.420593
8218;39.1047799
8219;38.6110042
8220;38.6696468
8221;38.5034803
8222;38.440794
8223;39.052577
8224;39.3120014
8225;39.6256413
8226;39.5329131
8227;39.4588112
8228;39.8399563
8229;40.1008356
8230;35.5869917
8231;35.8925795
8232;36.3153487
8233;36.398927
8234;36.8883781
8235;37.2315796
8236;37.4425611
8237;37.7272186
8238;42.7282175
8239;42.7700291
8240;42.760244
8241;42.511849
8242;42.1033299
8243;41.6380785
8244;41.0560287
8245;40.4670248
8246;40.3889887
8247;40.7090911
8248;41.5774643
8249;42.0340324
8250;42.2609481
8251;42.5516264
8252;43.0053804
8253;43.3793294
8254;39.2705096
8255;39.2699809
8256;39.4415931
8257;39.7268485
8258;39.9564762
8259;40.0861111
8260;40.0891618
8261;40.233386
8262;45.4644891
8263;45.2163002
8264;45.1417765
8265;44.9617208
8266;44.0630061
8267;43.1725253
8268;42.5812976
8269;42.1658508
8270;42.0538601
8271;42.7385627
8272;43.1036442
8273;43.8537206
8274;44.3384448
8275;44.7147865
8276;45.1558073
8277;45.6046226
8278;41.6270625
8279;42.1462493
8280;42.1156431
8281;41.8272598
8282;41.0546462
8283;40.8328941
8284;40.7319274
8285;40.685042
8286;45.7038663
8287;45.6282606
8288;46.9768448
8289;46.3941516
8290;45.1128998
8291;44.0999121
8292;43.4174732
8293;42.9928314
8294;42.7302856
8295;42.9615236
8296;43.2601472
8297;44.0995019
8298;44.6757224
8299;45.2489858
8300;45.0892898
8301;45.469052
8302;40.9643944
8303;40.6999718
8304;40.6849803
8305;40.8820402
8306;40.9673228
8307;41.0329791
8308;41.3153665
8309;41.4854726
8310;46.7852734
8311;46.5821938
8312;46.5143272
8313;46.4789634
8314;45.9952728
8315;45.4070093
8316;44.8537001
8317;44.5439993
8318;44.277197
8319;44.483445
8320;44.5829797
8321;44.87579
8322;45.0161585
8323;45.1565585
8324;45.8655744
8325;46.0174757
8326;41.8667642
8327;41.8768993
8328;41.93946
8329;42.2491505
8330;42.4578548
8331;42.4740905
8332;42.3866623
8333;42.4854549
8334;47.4390368
8335;47.4048104
8336;46.9789073
8337;46.6947213
8338;46.3572695
8339;46.0007055
8340;45.6686166
8341;45.5756725
8342;45.6027453
8343;45.6681604
8344;45.7526935
8345;45.8800562
8346;45.9700865
8347;45.9286577
8348;46.1797342
8349;46.2248889
8350;42.0702034
8351;42.6106899
8352;42.8846286
8353;43.4207907
8354;42.9787491
8355;42.7242005
8356;42.9695881
8357;43.1630573
8358;48.4342466
8359;48.3366407
8360;48.0487657
8361;47.5013389
8362;46.5200898
8363;45.7359595
8364;45.0857324
8365;44.6269387
8366;44.4591889
8367;44.5036647
8368;45.2107793
8369;46.1356851
8370;46.7837063
8371;47.1582775
8372;47.9863496
8373;48.1553655
8374;43.9142053
8375;44.0726441
8376;44.245129
8377;43.8360076
8378;43.4292394
8379;43.0590017
8380;42.8052476
8381;42.6516505
8382;47.6135634
8383;47.3406975
8384;47.3586743
8385;46.4116684
8386;45.1349019
8387;43.8168081
8388;42.4849437
8389;41.7389888
8390;41.8335783
8391;41.835508
8392;42.3814099
8393;42.7997644
8394;42.9702973
8395;43.1384786
8396;43.4702479
8397;43.6950491
8398;39.6576165
8399;40.7753488
8400;41.5227548
8401;42.0452814
8402;42.4719027
8403;42.770765
8404;42.7161066
8405;42.9892036
8406;48.1624435
8407;48.1477397
8408;47.1257695
8409;46.683095
8410;45.071685
8411;43.102839
8412;41.393585
8413;40.4634914
8414;40.2495034
8415;40.5784684
8416;40.9881866
8417;41.1824195
8418;41.383941
8419;41.455594
8420;42.2454682
8421;42.4553652
8422;37.3949143
8423;37.4127735
8424;37.8029647
8425;38.6313789
8426;39.5965203
8427;40.5114574
8428;41.3118807
8429;41.7412895
8430;47.2147026
8431;47.3632562
8432;47.191651
8433;46.819667
8434;45.4345
8435;44.0026922
8436;42.6738665
8437;41.4156226
8438;40.4890357
8439;40.4719733
8440;41.5032142
8441;43.0714272
8442;44.2027388
8443;44.8440632
8444;44.9562032
8445;45.2940227
8446;41.1385215
8447;41.6804979
8448;42.2472688
8449;42.6067617
8450;42.5160757
8451;42.0463006
8452;41.35062
8453;40.7300487
8454;44.9656898
8455;43.9382249
8456;42.5928699
8457;42.0318421
8458;41.1518168
8459;40.3724151
8460;39.7739591
8461;39.4102134
8462;39.4551644
8463;39.5223871
8464;39.9184761
8465;40.4766296
8466;40.7732792
8467;40.9399065
8468;41.175931
8469;41.2535975
8470;36.7170699
8471;37.1279491
8472;37.336032
8473;37.6093563
8474;37.8762025
8475;37.7869432
8476;37.7391475
8477;37.6746885
8478;42.553228
8479;42.0179026
8480;41.4740773
8481;41.3614324
8482;40.4132188
8483;39.5040474
8484;38.7785114
8485;38.4999739
8486;39.0904931
8487;39.7588831
8488;40.0622852
8489;40.5291146
8490;40.9162507
8491;41.1502403
8492;40.7754595
8493;41.0448433
8494;36.3209127
8495;36.5189637
8496;36.419721
8497;36.6044076
8498;36.4322116
8499;36.112526
8500;35.7613073
8501;35.495603
8502;40.2573647
8503;39.315732
8504;38.8183539
8505;38.7042376
8506;38.3329686
8507;38.0350926
8508;37.679828
8509;37.2575783
8510;36.3991963
8511;35.8942357
8512;35.7503712
8513;35.4826216
8514;35.20241
8515;35.029747
8516;34.5746578
8517;34.6306388
8518;29.8068609
8519;29.9382707
8520;30.1702772
8521;30.1650135
8522;30.2799668
8523;30.8180223
8524;30.7419328
8525;30.5760364
8526;35.8505091
8527;36.0411379
8528;35.5235157
8529;36.0598901
8530;36.0100996
8531;35.7775666
8532;35.6091376
8533;35.6234425
8534;35.6692419
8535;35.7857614
8536;36.2773893
8537;36.9081168
8538;37.0279693
8539;37.0398323
8540;36.7873663
8541;36.8697544
8542;31.9998935
8543;32.7781879
8544;32.9788316
8545;33.040056
8546;33.3443252
8547;33.5163883
8548;33.7323825
8549;33.9619112
8550;39.1367273
8551;38.9309138
8552;38.6045166
8553;38.3145703
8554;37.7698981
8555;37.1280403
8556;36.730459
8557;36.5107378
8558;36.6677921
8559;37.404484
8560;37.5268971
8561;37.0662046
8562;36.3866232
8563;35.8362235
8564;35.0642109
8565;34.9896858
8566;29.9438992
8567;30.1733232
8568;30.3119965
8569;30.2371129
8570;30.1549149
8571;30.1639315
8572;30.2677317
8573;32.0807094
8574;40.3081086
8575;41.2548727
8576;41.2279161
8577;41.2871921
8578;40.9762678
8579;40.7792852
8580;40.7004659
8581;40.1308364
8582;39.8914085
8583;40.0970164
8584;40.5484193
8585;41.3881974
8586;41.7769152
8587;41.878289
8588;42.2404505
8589;42.4238895
8590;38.010697
8591;38.398895
8592;39.0293471
8593;39.9176569
8594;40.644306
8595;39.6738341
8596;40.9834151
8597;41.8589847
8598;46.9117629
8599;47.1614695
8600;46.5698682
8601;46.1609258
8602;44.8758627
8603;44.2417011
8604;43.787114
8605;42.9974384
8606;42.680084
8607;42.6492279
8608;43.0194219
8609;43.7874188
8610;44.8742359
8611;46.578175
8612;46.5645426
8613;46.7324684
8614;42.3003349
8615;42.6229517
8616;42.9867786
8617;42.8373585
8618;43.036038
8619;43.5013553
8620;43.7499511
8621;43.080154
8622;47.6771299
8623;48.3198824
8624;48.9275473
8625;48.2578476
8626;46.4237255
8627;43.898632
8628;42.4913657
8629;41.7955483
8630;41.5004027
8631;41.6516551
8632;41.9716057
8633;42.6181839
8634;44.1772346
8635;45.3842622
8636;45.3774777
8637;45.5938261
8638;41.4711815
8639;41.7603183
8640;42.2838167
8641;42.1349808
8642;42.4902783
8643;42.720102
8644;43.21892
8645;43.3018326
8646;48.3381862
8647;48.4951974
8648;48.5541166
8649;48.0790129
8650;46.2465971
8651;43.9646641
8652;41.9662232
8653;40.7009388
8654;40.2408689
8655;40.3629452
8656;41.5146255
8657;42.424883
8658;43.7890839
8659;45.3644685
8660;45.8078343
8661;46.1902902
8662;41.7159887
8663;41.7912522
8664;41.9979288
8665;42.0923012
8666;42.1033628
8667;42.1904381
8668;42.2120515
8669;42.1312337
8670;46.8628228
8671;46.6303285
8672;47.1480066
8673;46.9522148
8674;45.4733158
8675;43.1187393
8676;41.6591837
8677;41.2533091
8678;41.0619591
8679;41.3625343
8680;42.3099506
8681;43.8249217
8682;44.4296112
8683;44.7134752
8684;46.3395864
8685;46.3003795
8686;41.683782
8687;42.8091781
8688;43.6322228
8689;43.6698932
8690;43.8555976
8691;43.5834437
8692;43.9374436
8693;44.2665322
8694;48.8719946
8695;48.7822352
8696;48.1183114
8697;47.3482305
8698;46.2993916
8699;45.2567782
8700;43.809719
8701;43.3259542
8702;42.8967246
8703;42.6169624
8704;43.2258416
8705;44.1260675
8706;44.5617928
8707;44.6379156
8708;44.7103264
8709;44.7904949
8710;39.9504508
8711;39.0245356
8712;38.5266884
8713;38.3862947
8714;38.3229836
8715;38.1290977
8716;38.0080019
8717;37.9923539
8718;42.9585971
8719;42.7137328
8720;42.6933029
8721;42.498695
8722;42.1971831
8723;41.876305
8724;41.4357431
8725;41.4033529
8726;41.3947015
8727;41.5228727
8728;41.7003605
8729;42.0252812
8730;42.2057584
8731;42.3543565
8732;42.0509749
8733;42.0005279
8734;37.3781078
8735;37.5798659
8736;37.8263061
8737;37.7724624
8738;37.7428009
8739;37.6615924
8740;37.5416631
8741;37.4254009
8742;42.3998233
8743;42.1462763
8744;42.0411775
8745;41.7518137
8746;41.3510826
8747;40.9663981
8748;40.4860372
8749;40.2866438
8750;40.1878627
8751;40.1326167
8752;40.3259896
8753;40.2255101
8754;40.5323109
8755;40.8293248
8756;41.1263287
8757;41.4231604
8758;37.0943363
8759;37.5455901
