Index;Wert
0;16.9769382
1;16.9009666
2;16.839527
3;16.7877708
4;16.7428759
5;16.7030785
6;18.0580045
7;18.1638028
8;18.213469
9;18.3058131
10;18.3763685
11;18.4850994
12;18.6338904
13;18.7160761
14;18.7924743
15;18.8457873
16;18.7968655
17;18.7479694
18;18.7060961
19;18.6700352
20;18.6450307
21;18.6332972
22;17.2327138
23;17.0829132
24;16.9940232
25;16.9334567
26;16.8877739
27;16.8504168
28;16.8175843
29;16.7857931
30;18.1498306
31;18.2702909
32;18.3425538
33;18.4001333
34;18.4342739
35;18.4999821
36;18.5893656
37;18.6498647
38;18.6591157
39;18.677555
40;18.6879114
41;18.6931385
42;18.6997361
43;18.7081029
44;18.7141009
45;18.7157809
46;17.3254281
47;17.1878413
48;17.1068903
49;17.0495355
50;17.0068821
51;16.9738175
52;16.9452887
53;16.9168323
54;18.2883416
55;18.4134429
56;18.4779528
57;18.5656785
58;18.6351663
59;18.7220694
60;18.848992
61;18.8797731
62;18.9642486
63;19.0748746
64;18.9272958
65;18.8541524
66;18.7928387
67;18.7445487
68;18.7004588
69;18.6589547
70;17.2373218
71;17.0775636
72;16.9779656
73;16.8972068
74;16.8305502
75;16.7828677
76;16.7507374
77;16.7359217
78;18.131383
79;18.2807524
80;18.3708413
81;18.5045761
82;18.67483
83;18.8369322
84;18.8156577
85;18.8073116
86;18.8369908
87;18.8078957
88;18.7615966
89;18.7200087
90;18.6854916
91;18.6531745
92;18.6285902
93;18.6112118
94;17.2037034
95;17.0449676
96;16.9357756
97;16.8489841
98;16.7755923
99;16.7114072
100;16.660396
101;16.6243713
102;18.0028827
103;18.1544904
104;18.2632052
105;18.4714982
106;18.5380989
107;18.6200834
108;18.7767663
109;18.76125
110;18.7457514
111;18.7477855
112;18.7336883
113;18.6998866
114;18.6494653
115;18.6050384
116;18.5932746
117;18.5921337
118;17.1891001
119;17.0365171
120;16.9435638
121;16.8754122
122;16.8186252
123;16.7695048
124;16.7269045
125;16.6908777
126;18.0574555
127;18.1868152
128;18.2553425
129;18.4389985
130;18.5263807
131;18.5750076
132;18.7663499
133;18.7642694
134;18.8091935
135;18.737226
136;18.6714943
137;18.6139624
138;18.5697917
139;18.5361246
140;18.5055807
141;18.4621715
142;17.0296302
143;16.8673767
144;16.786234
145;16.7356887
146;16.696571
147;16.664494
148;16.6315013
149;16.6145425
150;18.0015852
151;18.130494
152;18.194232
153;18.3851634
154;18.5580837
155;18.6374464
156;18.7030151
157;18.7343533
158;18.7554009
159;18.7763423
160;18.6803976
161;18.6166569
162;18.6105509
163;18.6660897
164;18.7250981
165;18.7502176
166;17.3594009
167;17.2051338
168;17.1028411
169;17.0248907
170;16.9712774
171;16.9418318
172;16.9189873
173;16.8907547
174;18.2554335
175;18.3693803
176;18.4231412
177;18.5942622
178;18.72791
179;18.8785202
180;18.9389055
181;19.0016377
182;19.0471167
183;19.031526
184;19.0183327
185;18.8842157
186;18.806544
187;18.757953
188;18.7355154
189;18.7206874
190;17.3070525
191;17.142682
192;17.0274499
193;16.9462815
194;16.8989036
195;16.8682808
196;16.8426074
197;16.8132562
198;18.1695876
199;18.2758843
200;18.3418859
201;18.4108487
202;18.4757048
203;18.5662486
204;18.6654202
205;18.7610976
206;18.8395807
207;18.8887501
208;18.8956987
209;18.8581596
210;18.8115571
211;18.7672523
212;18.7171636
213;18.6642036
214;17.2267805
215;17.0469236
216;16.9342388
217;16.8641864
218;16.8188146
219;16.7951476
220;16.7991467
221;16.8251865
222;18.2522037
223;18.4233836
224;18.5064474
225;18.5694595
226;18.6426064
227;18.7422785
228;18.8002843
229;18.9064665
230;18.924314
231;18.9310001
232;18.8939182
233;18.8276809
234;18.7760215
235;18.7297192
236;18.7028901
237;18.6909707
238;17.2943174
239;17.159059
240;17.0827195
241;17.0264258
242;16.984879
243;16.9539971
244;16.9216
245;16.8848549
246;18.2419056
247;18.3545905
248;18.4047076
249;18.4487337
250;18.4453499
251;18.4709503
252;18.573696
253;18.614231
254;18.7204131
255;18.8542364
256;18.8258912
257;18.8063532
258;18.7762439
259;18.749502
260;18.7350002
261;18.7214407
262;17.3147492
263;17.1624955
264;17.0668426
265;17.0009287
266;16.9396895
267;16.8848196
268;16.8508365
269;16.8253828
270;18.1899092
271;18.3098981
272;18.3846474
273;18.4538207
274;18.5524998
275;18.5931758
276;18.6049324
277;18.6858081
278;18.7553852
279;18.7961009
280;18.7707486
281;18.6976451
282;18.6619085
283;18.6354108
284;18.6169607
285;18.6022084
286;17.1943448
287;17.0387534
288;16.9357661
289;16.8641842
290;16.817772
291;16.7844003
292;16.7583148
293;16.7361626
294;18.1077876
295;18.2217592
296;18.2830469
297;18.3387054
298;18.3830709
299;18.6197974
300;18.6837535
301;18.6856346
302;18.6527646
303;18.670245
304;18.6245173
305;18.5776772
306;18.5453348
307;18.514088
308;18.4910371
309;18.4678922
310;17.0465982
311;16.8745544
312;16.7565009
313;16.6652367
314;16.5960085
315;16.5418268
316;16.492991
317;16.4422538
318;17.7842538
319;17.8776973
320;17.957139
321;18.2126566
322;18.3694194
323;18.5461976
324;18.6861862
325;18.8122038
326;18.9186341
327;18.8962268
328;18.7860579
329;18.6861899
330;18.6088237
331;18.5511817
332;18.5114914
333;18.4802493
334;17.0616398
335;16.8979946
336;16.8003627
337;16.7373983
338;16.701386
339;16.6776124
340;16.6511897
341;16.6147373
342;17.9649085
343;18.0709528
344;18.1308744
345;18.250114
346;18.2983302
347;18.301171
348;18.3140393
349;18.3173641
350;18.3639018
351;18.3273835
352;18.3732132
353;18.3239766
354;18.307067
355;18.295526
356;18.2882622
357;18.2809325
358;16.8801363
359;16.7300699
360;16.6380057
361;16.5744857
362;16.5272563
363;16.4949661
364;16.4721347
365;16.4514445
366;17.8244838
367;17.9439692
368;18.0090429
369;18.1222925
370;18.1771551
371;18.2991786
372;18.2957009
373;18.3160879
374;18.3526052
375;18.3563682
376;18.3302792
377;18.2994124
378;18.2772026
379;18.2605105
380;18.2556384
381;18.2551243
382;16.8541103
383;16.6938785
384;16.588696
385;16.5145584
386;16.4510636
387;16.3924051
388;16.347318
389;16.3134301
390;17.6768305
391;17.7972716
392;17.8740271
393;17.9634877
394;18.0572882
395;18.1794343
396;18.1643719
397;18.2291177
398;18.223233
399;18.2513042
400;18.2007706
401;18.1529237
402;18.1017841
403;18.0416405
404;17.9826401
405;17.9870649
406;16.625581
407;16.4879607
408;16.3930869
409;16.3123973
410;16.2215335
411;16.102524
412;15.9930712
413;15.9353462
414;17.2880558
415;17.3867834
416;17.4357533
417;17.5533135
418;17.6479642
419;17.7728376
420;17.8982591
421;18.0020059
422;18.0866885
423;18.1188184
424;18.1961086
425;18.0184744
426;17.9041631
427;17.8237739
428;17.7314493
429;17.6474541
430;16.2013819
431;16.0066911
432;15.8697249
433;15.7698064
434;15.702806
435;15.6552495
436;15.6198444
437;15.5925857
438;16.9746468
439;17.1216244
440;17.2318562
441;17.3584517
442;17.5521747
443;17.6709092
444;17.8393211
445;17.9873079
446;18.1230917
447;18.2086666
448;18.2439525
449;18.218725
450;18.207287
451;18.1858084
452;18.1312695
453;18.0695968
454;16.6387129
455;16.4703087
456;16.3653564
457;16.2880046
458;16.2268518
459;16.1770329
460;16.1326133
461;16.0848321
462;17.4402136
463;17.5357374
464;17.5287149
465;17.5528749
466;17.5879438
467;17.6664675
468;17.8682152
469;18.0462429
470;18.1818703
471;18.2429609
472;18.1824058
473;18.1044008
474;18.0251627
475;17.9481362
476;17.8927872
477;17.873893
478;16.4766653
479;16.3249873
480;16.2221216
481;16.1554347
482;16.1314632
483;16.1240591
484;16.1210136
485;16.1174838
486;17.5073994
487;17.6508867
488;17.7321031
489;17.847092
490;17.9395451
491;18.1291521
492;18.2478849
493;18.3286626
494;18.3556344
495;18.3700504
496;18.4066553
497;18.2978726
498;18.2380519
499;18.1957584
500;18.1712011
501;18.1370348
502;16.6746051
503;16.4420052
504;16.2802865
505;16.1773019
506;16.1068054
507;16.0418914
508;15.9643892
509;15.8843258
510;17.1959526
511;17.2478611
512;17.3204829
513;17.4847407
514;17.640637
515;17.8374507
516;18.0506987
517;18.2418927
518;18.3862602
519;18.4768579
520;18.5234231
521;18.3791469
522;18.2816659
523;18.2069713
524;18.1387065
525;18.0862485
526;16.686615
527;16.5786006
528;16.5585375
529;16.5808882
530;16.6194829
531;16.6590565
532;16.7005521
533;16.740162
534;18.1524547
535;18.2936124
536;18.359043
537;18.4301383
538;18.5269617
539;18.528208
540;18.5530805
541;18.6141552
542;18.6307533
543;18.6285611
544;18.638127
545;18.6141523
546;18.5874775
547;18.5597462
548;18.5427995
549;18.5185419
550;17.0855687
551;16.906445
552;16.7854122
553;16.6801598
554;16.5850701
555;16.5045135
556;16.4280857
557;16.3546186
558;17.6911584
559;17.7952825
560;17.8932904
561;18.0385934
562;18.1153083
563;18.302659
564;18.4768431
565;18.6577527
566;18.7360736
567;18.8117501
568;18.8308733
569;18.7453131
570;18.7157968
571;18.7043413
572;18.7028023
573;18.7055105
574;17.3173839
575;17.1772744
576;17.0936123
577;17.0276025
578;16.9664497
579;16.9064835
580;16.8414132
581;16.7772231
582;18.0999924
583;18.1750441
584;18.2387379
585;18.4353068
586;18.6479059
587;18.8833504
588;19.0809291
589;19.2434742
590;19.3938855
591;19.4684892
592;19.4125697
593;19.1531131
594;18.9980728
595;18.884806
596;18.799866
597;18.7361293
598;17.2984319
599;17.1169068
600;17.0002988
601;16.9198931
602;16.8574905
603;16.8130032
604;16.7964646
605;16.7962669
606;18.1923284
607;18.3427815
608;18.4443536
609;18.7143286
610;18.9236378
611;19.11668
612;19.2947033
613;19.4526805
614;19.5858513
615;19.6306673
616;19.5814936
617;19.3796355
618;19.2392922
619;19.124865
620;19.0544678
621;19.0133572
622;17.592323
623;17.4332757
624;17.3369714
625;17.2652331
626;17.2024939
627;17.1544935
628;17.1287532
629;17.1167245
630;18.4927621
631;18.6204973
632;18.7069721
633;18.79977
634;18.9446461
635;19.1699547
636;19.2635963
637;19.2711666
638;19.3587104
639;19.3430886
640;19.335733
641;19.2709727
642;19.2188134
643;19.169018
644;19.1439059
645;19.150812
646;17.7667414
647;17.6278685
648;17.5440871
649;17.4874859
650;17.4514202
651;17.425495
652;17.3920232
653;17.353125
654;18.715771
655;18.8371536
656;18.9275222
657;19.032787
658;19.0675513
659;19.1043397
660;19.0783216
661;19.0513139
662;19.030531
663;19.0193176
664;18.9903198
665;18.9428194
666;18.9185278
667;18.8910939
668;18.8539749
669;18.8286573
670;17.4250844
671;17.2778208
672;17.19343
673;17.1337222
674;17.079512
675;17.0283659
676;16.9837192
677;16.9308684
678;18.257565
679;18.3336448
680;18.3661718
681;18.5822226
682;18.7546821
683;18.9275407
684;19.0624724
685;19.1781127
686;19.2893435
687;19.3341525
688;19.3313354
689;19.1333829
690;19.0224763
691;18.9326737
692;18.8605838
693;18.801944
694;17.3617062
695;17.1791964
696;17.0638237
697;16.9831394
698;16.9234285
699;16.8857704
700;16.8660828
701;16.8500777
702;18.2256947
703;18.3527148
704;18.4231337
705;18.5304985
706;18.6284215
707;18.764087
708;18.8504479
709;18.9308974
710;19.0100924
711;19.0091007
712;19.0100056
713;18.9784635
714;18.937652
715;18.892716
716;18.8665397
717;18.841158
718;17.4102944
719;17.2271718
720;17.1080294
721;17.019656
722;16.9488295
723;16.8954332
724;16.8490204
725;16.8004767
726;18.1459607
727;18.2589615
728;18.3395729
729;18.4592609
730;18.5322791
731;18.5976032
732;18.6477476
733;18.6861215
734;18.6954575
735;18.6944021
736;18.7133928
737;18.7917189
738;18.8942838
739;18.9190011
740;18.9160462
741;18.9016246
742;17.4905183
743;17.3277113
744;17.220783
745;17.1386737
746;17.0701165
747;17.0102936
748;16.9566727
749;16.9078792
750;18.2534973
751;18.3497623
752;18.3896802
753;18.43845
754;18.4744387
755;18.561495
756;18.6290596
757;18.6669764
758;18.678435
759;18.7278409
760;18.7040468
761;18.6703191
762;18.6284627
763;18.5802888
764;18.5238909
765;18.4715703
766;17.04413
767;16.8744088
768;16.7661496
769;16.6869058
770;16.6244519
771;16.571574
772;16.5246014
773;16.483191
774;17.8400194
775;17.9552456
776;18.023625
777;18.2802954
778;18.420423
779;18.4632153
780;18.6148641
781;18.6688742
782;18.7785104
783;18.7359158
784;18.6725594
785;18.6057644
786;18.5469171
787;18.491293
788;18.4460355
789;18.4070627
790;16.9795421
791;16.8059422
792;16.7035161
793;16.6452876
794;16.6122038
795;16.5878625
796;16.5683305
797;16.5534919
798;17.9268255
799;18.0429453
800;18.1196768
801;18.2056847
802;18.3069031
803;18.3833558
804;18.4761709
805;18.5470596
806;18.5716824
807;18.5711619
808;18.5596374
809;18.5267498
810;18.4771705
811;18.4114601
812;18.3494621
813;18.3056539
814;16.8904215
815;16.736657
816;16.6415048
817;16.5708881
818;16.5182999
819;16.4851325
820;16.4658671
821;16.4511091
822;17.8297194
823;17.9485787
824;17.9992669
825;18.0848089
826;18.2757375
827;18.4432141
828;18.4533423
829;18.5090855
830;18.5183426
831;18.5277413
832;18.5261785
833;18.4665073
834;18.4140645
835;18.3734967
836;18.3306734
837;18.2939619
838;16.8709912
839;16.6974915
840;16.5898805
841;16.5174116
842;16.4687311
843;16.4235294
844;16.3790606
845;16.3472642
846;17.7174007
847;17.8409477
848;17.9541454
849;18.0989913
850;18.2749571
851;18.4398921
852;18.5770323
853;18.6780137
854;18.8081436
855;18.8503874
856;18.7774095
857;18.6625316
858;18.5755814
859;18.4919619
860;18.4106554
861;18.3413347
862;16.9026934
863;16.7297485
864;16.6233004
865;16.5457014
866;16.4824582
867;16.4314146
868;16.3923478
869;16.3657349
870;17.7375434
871;17.8601335
872;17.9344295
873;18.186354
874;18.3620093
875;18.443747
876;18.6337422
877;18.7766552
878;18.8716609
879;18.9949945
880;18.9999049
881;18.8095524
882;18.6818345
883;18.5618353
884;18.4518037
885;18.3589687
886;16.8930771
887;16.6975611
888;16.5782791
889;16.5012587
890;16.4673139
891;16.4510675
892;16.4282071
893;16.4015356
894;17.7677121
895;17.8826466
896;17.9408464
897;18.0119522
898;18.1429859
899;18.2978859
900;18.3969125
901;18.5008475
902;18.5325889
903;18.5092689
904;18.5373485
905;18.4590451
906;18.4048276
907;18.3581086
908;18.3141447
909;18.2750969
910;16.8568701
911;16.6936806
912;16.5882904
913;16.5176933
914;16.4741028
915;16.4501764
916;16.4279827
917;16.3951891
918;17.748506
919;17.8600442
920;17.9538868
921;18.1500503
922;18.2204049
923;18.3129906
924;18.4307744
925;18.5363555
926;18.5516988
927;18.5868931
928;18.6616264
929;18.5322696
930;18.4689852
931;18.422061
932;18.3737946
933;18.3150824
934;16.869889
935;16.6916669
936;16.5805548
937;16.502835
938;16.4470788
939;16.4112086
940;16.3747763
941;16.337576
942;17.711795
943;17.8348418
944;17.9337124
945;18.0618403
946;18.1919866
947;18.3392021
948;18.4691207
949;18.5650792
950;18.6593925
951;18.7179277
952;18.7265856
953;18.6615229
954;18.6025383
955;18.5327637
956;18.4609703
957;18.3976895
958;16.9557723
959;16.7673495
960;16.6314629
961;16.5247782
962;16.4448121
963;16.3892773
964;16.3494769
965;16.3249183
966;17.7110153
967;17.8629557
968;17.9743251
969;18.1196644
970;18.2550512
971;18.3736285
972;18.4746939
973;18.5277549
974;18.5637996
975;18.5652024
976;18.5636583
977;18.5214065
978;18.4707426
979;18.4060159
980;18.350677
981;18.3207391
982;16.9196426
983;16.7766803
984;16.6864887
985;16.6186899
986;16.568204
987;16.5245482
988;16.4911159
989;16.4754373
990;17.8661867
991;18.0118056
992;18.1185379
993;18.2206455
994;18.3516289
995;18.4543775
996;18.5199888
997;18.591332
998;18.616788
999;18.6494822
1000;18.6496757
1001;18.6217592
1002;18.5900886
1003;18.5574939
1004;18.5195438
1005;18.4854147
1006;17.0764827
1007;16.9258792
1008;16.8305057
1009;16.7602041
1010;16.6987796
1011;16.6464318
1012;16.6113271
1013;16.5862528
1014;17.9542691
1015;18.0623278
1016;18.1164534
1017;18.3646071
1018;18.4265434
1019;18.5245317
1020;18.5119525
1021;18.6199756
1022;18.5663756
1023;18.551773
1024;18.512755
1025;18.468962
1026;18.4126882
1027;18.3530686
1028;18.2908949
1029;18.2428941
1030;16.8132241
1031;16.6355697
1032;16.5254062
1033;16.4466982
1034;16.3821265
1035;16.329929
1036;16.2845277
1037;16.2453338
1038;17.6047793
1039;17.7171654
1040;17.7861568
1041;18.0818118
1042;18.3190851
1043;18.5148136
1044;18.6516707
1045;18.7583308
1046;18.8632757
1047;18.9233283
1048;18.9138432
1049;18.687804
1050;18.5440962
1051;18.4197983
1052;18.324879
1053;18.2579778
1054;16.817881
1055;16.6387509
1056;16.5162008
1057;16.4112859
1058;16.321464
1059;16.25687
1060;16.2163086
1061;16.1889902
1062;17.558981
1063;17.6776633
1064;17.7308782
1065;18.0188959
1066;18.2693111
1067;18.472881
1068;18.613694
1069;18.7365573
1070;18.8619407
1071;18.943756
1072;18.9517961
1073;18.7293276
1074;18.58078
1075;18.4442155
1076;18.3438482
1077;18.2705103
1078;16.8242374
1079;16.6527708
1080;16.5546613
1081;16.4880005
1082;16.4408444
1083;16.4165976
1084;16.4100266
1085;16.4136153
1086;17.8122293
1087;17.958724
1088;18.0522884
1089;18.1326994
1090;18.2290613
1091;18.3540294
1092;18.4386149
1093;18.4927433
1094;18.5948633
1095;18.6096749
1096;18.6564822
1097;18.6672649
1098;18.6735984
1099;18.6834358
1100;18.6843016
1101;18.6803307
1102;17.2881383
1103;17.1463843
1104;17.0605866
1105;17.0017078
1106;16.9578067
1107;16.9220635
1108;16.892181
1109;16.864018
1110;18.2289162
1111;18.3430245
1112;18.4042298
1113;18.4913703
1114;18.576342
1115;18.7408495
1116;18.7528786
1117;18.9442153
1118;18.8997169
1119;18.9475948
1120;18.9960044
1121;18.8747425
1122;18.7727649
1123;18.6740717
1124;18.5956577
1125;18.5279002
1126;17.0575899
1127;16.8358271
1128;16.703251
1129;16.6354993
1130;16.6061987
1131;16.5967289
1132;16.5929253
1133;16.582676
1134;17.9588568
1135;18.0865817
1136;18.1623947
1137;18.2388979
1138;18.3138241
1139;18.3401132
1140;18.3635034
1141;18.4083259
1142;18.4379632
1143;18.4445753
1144;18.4307478
1145;18.3960279
1146;18.3692372
1147;18.3494923
1148;18.3308659
1149;18.3144795
1150;16.9118825
1151;16.7630208
1152;16.6685453
1153;16.5912023
1154;16.5165444
1155;16.4452694
1156;16.4038282
1157;16.3849111
1158;17.7574242
1159;17.8928947
1160;17.9199794
1161;17.9552953
1162;18.0177997
1163;18.1774309
1164;18.2639799
1165;18.3333529
1166;18.410206
1167;18.4463307
1168;18.473543
1169;18.4574399
1170;18.4289937
1171;18.3941124
1172;18.3501959
1173;18.2992359
1174;16.8593772
1175;16.6779014
1176;16.5578529
1177;16.4686663
1178;16.4077533
1179;16.3465829
1180;16.2797449
1181;16.2261474
1182;17.5438072
1183;17.5961705
1184;17.6514705
1185;17.7174785
1186;17.8724917
1187;17.9773297
1188;18.1039965
1189;18.1785669
1190;18.2612394
1191;18.3338175
1192;18.36885
1193;18.3555313
1194;18.332083
1195;18.3082799
1196;18.2564167
1197;18.2112162
1198;16.8129351
1199;16.6689011
1200;16.5726162
1201;16.4983124
1202;16.4391687
1203;16.39354
1204;16.3585858
1205;16.3367061
1206;17.7089868
1207;17.8315541
1208;17.9230501
1209;18.0101867
1210;18.0767037
1211;18.1638693
1212;18.2787499
1213;18.3386161
1214;18.3792199
1215;18.4019017
1216;18.4014561
1217;18.4062337
1218;18.3503945
1219;18.2993561
1220;18.242171
1221;18.1797205
1222;16.7367656
1223;16.5519121
1224;16.4203025
1225;16.3264909
1226;16.2679225
1227;16.2148163
1228;16.1525248
1229;16.1192056
1230;17.5174767
1231;17.6648278
1232;17.7720441
1233;17.9033739
1234;18.0817804
1235;18.2900705
1236;18.3590595
1237;18.5500332
1238;18.6885945
1239;18.7702028
1240;18.7792683
1241;18.6829963
1242;18.5088655
1243;18.3986023
1244;18.3148117
1245;18.2480442
1246;16.8025241
1247;16.6200761
1248;16.5029109
1249;16.4166732
1250;16.3508271
1251;16.3035407
1252;16.2698102
1253;16.245291
1254;17.6212902
1255;17.7556961
1256;17.9699883
1257;18.1238836
1258;18.1655472
1259;18.2224407
1260;18.3160322
1261;18.4558136
1262;18.5874019
1263;18.6757653
1264;18.5758988
1265;18.4763144
1266;18.3942244
1267;18.3253788
1268;18.2777716
1269;18.2426127
1270;16.818349
1271;16.6467402
1272;16.5382368
1273;16.4629694
1274;16.4064624
1275;16.3631112
1276;16.3271468
1277;16.292275
1278;17.6526355
1279;17.7668808
1280;17.8779673
1281;17.9739775
1282;18.0759454
1283;18.1453073
1284;18.2203127
1285;18.288705
1286;18.391022
1287;18.4086355
1288;18.4528033
1289;18.4030271
1290;18.3672087
1291;18.3237063
1292;18.2849768
1293;18.2464667
1294;16.8181804
1295;16.6470909
1296;16.5411176
1297;16.4665405
1298;16.4072412
1299;16.3568228
1300;16.316692
1301;16.2885873
1302;17.6557654
1303;17.7711718
1304;17.9786314
1305;18.1464491
1306;18.291634
1307;18.4147124
1308;18.5135183
1309;18.6108639
1310;18.7290372
1311;18.8079438
1312;18.8225305
1313;18.731747
1314;18.5210566
1315;18.3908409
1316;18.2873606
1317;18.2037379
1318;16.7439355
1319;16.5465685
1320;16.4145007
1321;16.3137422
1322;16.2318832
1323;16.1633969
1324;16.1045198
1325;16.0529116
1326;17.3994688
1327;17.4999669
1328;17.7087594
1329;17.8739114
1330;18.0126643
1331;18.1309393
1332;18.2151861
1333;18.2939993
1334;18.3920693
1335;18.4581163
1336;18.4676825
1337;18.3837213
1338;18.169511
1339;18.041707
1340;17.9394261
1341;17.8558217
1342;16.3955043
1343;16.1980951
1344;16.0737615
1345;15.9858196
1346;15.9137416
1347;15.8515807
1348;15.7965389
1349;15.748245
1350;17.0975725
1351;17.200217
1352;17.4326223
1353;17.6118121
1354;17.6833003
1355;17.7859376
1356;17.8769181
1357;17.9822253
1358;18.0618607
1359;18.077935
1360;18.0458335
1361;18.1118757
1362;17.9695747
1363;17.8885988
1364;17.7974025
1365;17.7061783
1366;16.2395992
1367;16.0301602
1368;15.8780393
1369;15.7533329
1370;15.6595922
1371;15.598119
1372;15.558382
1373;15.5319434
1374;16.902321
1375;17.0185468
1376;17.1493816
1377;17.3669582
1378;17.5424515
1379;17.6707144
1380;17.797919
1381;17.9097078
1382;17.9994945
1383;18.0654908
1384;18.0779625
1385;18.0185098
1386;17.9100479
1387;17.8180172
1388;17.767114
1389;17.7557046
1390;16.3367284
1391;16.0929957
1392;15.8245741
1393;15.604412
1394;15.4662798
1395;15.3718284
1396;15.297978
1397;15.2452674
1398;16.6056672
1399;16.734039
1400;17.0071655
1401;17.276035
1402;17.5617676
1403;17.8041061
1404;17.9675995
1405;18.1019043
1406;18.2360699
1407;18.3266913
1408;18.3023328
1409;18.232464
1410;18.0093477
1411;17.9198264
1412;17.863868
1413;17.821538
1414;16.395247
1415;16.2250353
1416;16.1160739
1417;16.0358754
1418;15.9722049
1419;15.9195396
1420;15.8748172
1421;15.8360437
1422;17.1926545
1423;17.300863
1424;17.4021308
1425;17.5693014
1426;17.6800573
1427;17.9024855
1428;18.0643371
1429;18.1731513
1430;18.3324537
1431;18.3518155
1432;18.3477267
1433;18.2977411
1434;18.2313842
1435;18.1660653
1436;18.0871717
1437;18.0133304
1438;16.5719994
1439;16.3937389
1440;16.27799
1441;16.1884891
1442;16.1141132
1443;16.0514402
1444;15.9971763
1445;15.9494917
1446;17.2981832
1447;17.4015289
1448;17.4941255
1449;17.6216287
1450;17.786041
1451;18.0305036
1452;18.2319096
1453;18.3138235
1454;18.4147157
1455;18.4861896
1456;18.5332451
1457;18.5270192
1458;18.4829067
1459;18.4352929
1460;18.3500119
1461;18.2667116
1462;16.8412421
1463;16.6868776
1464;16.5851812
1465;16.5004324
1466;16.4274991
1467;16.3393696
1468;16.2244364
1469;16.1046127
1470;17.3803705
1471;17.4248084
1472;17.5867438
1473;17.7640913
1474;18.1295611
1475;18.466681
1476;18.6973167
1477;18.868735
1478;19.0445627
1479;19.1443728
1480;19.0609245
1481;18.990162
1482;18.8658878
1483;18.7467993
1484;18.6419346
1485;18.5665921
1486;17.128433
1487;16.9617047
1488;16.8640451
1489;16.7974436
1490;16.7465926
1491;16.696927
1492;16.6568506
1493;16.6190652
1494;17.9663708
1495;18.0699302
1496;18.2839178
1497;18.5236948
1498;18.7890246
1499;19.0249474
1500;19.198516
1501;19.3384858
1502;19.459636
1503;19.5266705
1504;19.3907781
1505;19.2854216
1506;19.0941833
1507;18.9504434
1508;18.834555
1509;18.7462103
1510;17.2933965
1511;17.1171479
1512;17.0277302
1513;16.9760733
1514;16.9179332
1515;16.8471353
1516;16.7778474
1517;16.7157132
1518;18.0437639
1519;18.1154497
1520;18.238006
1521;18.4674265
1522;18.7471743
1523;18.9818374
1524;19.1571788
1525;19.2816211
1526;19.4125667
1527;19.4490568
1528;19.4190984
1529;19.3203699
1530;19.1526427
1531;19.0057437
1532;18.8761465
1533;18.7733763
1534;17.2935524
1535;17.0635528
1536;16.884296
1537;16.7389769
1538;16.624388
1539;16.5374233
1540;16.464349
1541;16.399773
1542;17.7378303
1543;17.8365291
1544;17.9179315
1545;18.178511
1546;18.4376362
1547;18.6998239
1548;18.881569
1549;19.0167383
1550;19.098321
1551;19.1542171
1552;19.1965103
1553;19.131637
1554;19.0067934
1555;18.8906944
1556;18.7539795
1557;18.6345676
1558;17.1703738
1559;16.996511
1560;16.9145423
1561;16.8760446
1562;16.8458199
1563;16.807456
1564;16.7534137
1565;16.6899705
1566;18.0262144
1567;18.1297583
1568;18.2215295
1569;18.5862357
1570;18.8440593
1571;18.9296234
1572;18.9914872
1573;19.036678
1574;19.0699088
1575;19.1612141
1576;19.188286
1577;19.1067622
1578;18.9642946
1579;18.8371088
1580;18.7209507
1581;18.6397174
1582;17.1988406
1583;17.0285707
1584;16.9291255
1585;16.8640683
1586;16.8115259
1587;16.7732404
1588;16.7498711
1589;16.7338674
1590;18.1038895
1591;18.2188088
1592;18.4415206
1593;18.6446057
1594;18.8748395
1595;18.977349
1596;19.1068445
1597;19.2374397
1598;19.3531015
1599;19.372397
1600;19.4066448
1601;19.3013808
1602;19.1378074
1603;19.0051408
1604;18.9061675
1605;18.8482048
1606;17.4121144
1607;17.2296177
1608;17.1059247
1609;16.9999655
1610;16.8985108
1611;16.79901
1612;16.7237303
1613;16.6843922
1614;18.0607407
1615;18.2158709
1616;18.3686513
1617;18.5576202
1618;18.7236966
1619;18.8129615
1620;19.0236937
1621;19.0621548
1622;19.2165488
1623;19.2595555
1624;19.289907
1625;19.2602338
1626;19.175608
1627;19.0725002
1628;18.9933279
1629;18.9445447
1630;17.4999393
1631;17.32111
1632;17.2226196
1633;17.1651339
1634;17.1237178
1635;17.0870409
1636;17.0581145
1637;17.0263168
1638;18.381324
1639;18.4970382
1640;18.6302939
1641;18.7685794
1642;18.8487134
1643;18.9512702
1644;19.0435922
1645;19.0945203
1646;19.141294
1647;19.1292906
1648;19.0964721
1649;19.0699909
1650;19.0136306
1651;18.9769174
1652;18.9635043
1653;18.9495477
1654;17.5236986
1655;17.3445578
1656;17.2091184
1657;17.0926379
1658;17.0020324
1659;16.9252662
1660;16.8552349
1661;16.7982607
1662;18.149065
1663;18.2658647
1664;18.4418162
1665;18.8131356
1666;18.9818372
1667;19.2203198
1668;19.321854
1669;19.5054791
1670;19.5045338
1671;19.4551048
1672;19.428993
1673;19.3780446
1674;19.2972043
1675;19.2134052
1676;19.1396827
1677;19.0854689
1678;17.6579003
1679;17.4927934
1680;17.3911521
1681;17.3180888
1682;17.2533914
1683;17.1869529
1684;17.127926
1685;17.0884719
1686;18.4590893
1687;18.5913488
1688;18.7241173
1689;18.8680598
1690;18.956947
1691;19.1187698
1692;19.181354
1693;19.2588239
1694;19.4822906
1695;19.3919283
1696;19.5147956
1697;19.3576886
1698;19.2555118
1699;19.1756927
1700;19.1141877
1701;19.0641041
1702;17.6230068
1703;17.4391815
1704;17.3221576
1705;17.2436597
1706;17.193436
1707;17.1496224
1708;17.10418
1709;17.0618656
1710;18.4139586
1711;18.5256741
1712;18.6967206
1713;18.8422107
1714;18.9359414
1715;19.0973333
1716;19.1398479
1717;19.1644958
1718;19.1261635
1719;19.1147517
1720;19.0819342
1721;18.988559
1722;18.9120175
1723;18.8502141
1724;18.8068631
1725;18.7780426
1726;17.3635282
1727;17.2061025
1728;17.1101459
1729;17.043382
1730;16.9929815
1731;16.9524162
1732;16.9179818
1733;16.8856079
1734;18.2399625
1735;18.3512689
1736;18.496228
1737;18.6611534
1738;18.8738983
1739;19.0443707
1740;19.1421102
1741;19.2317905
1742;19.3236001
1743;19.3580066
1744;19.3983781
1745;19.3489647
1746;19.1595288
1747;19.0338708
1748;18.9225734
1749;18.8360652
1750;17.3728347
1751;17.1729731
1752;17.0401661
1753;16.9403999
1754;16.8609685
1755;16.7945706
1756;16.7361563
1757;16.6853405
1758;18.0373637
1759;18.1623893
1760;18.2951209
1761;18.4695993
1762;18.7242521
1763;18.9269708
1764;19.1136881
1765;19.2926909
1766;19.3761548
1767;19.3221404
1768;19.3063433
1769;19.2543148
1770;19.1840997
1771;19.1178298
1772;19.0412935
1773;18.9643729
1774;17.5197117
1775;17.3465442
1776;17.2334241
1777;17.14537
1778;17.0696122
1779;16.997654
1780;16.9342931
1781;16.8822116
1782;18.2263765
1783;18.3320146
1784;18.5416156
1785;18.7252152
1786;18.8723696
1787;18.9945603
1788;19.0647953
1789;19.1315339
1790;19.332818
1791;19.3490265
1792;19.3816194
1793;19.3556549
1794;19.2190464
1795;19.1166509
1796;19.0092993
1797;18.9531861
1798;17.5395547
1799;17.3234045
1800;17.1692987
1801;17.0941155
1802;17.0414623
1803;16.9277818
1804;16.8021415
1805;16.7541737
1806;18.1443885
1807;18.2906497
1808;18.3740379
1809;18.4380352
1810;18.5172312
1811;18.5762421
1812;18.6557012
1813;18.6739714
1814;18.7418304
1815;18.7212179
1816;18.7554211
1817;18.7043549
1818;18.6323273
1819;18.5674277
1820;18.4855748
1821;18.403496
1822;16.954913
1823;16.7749786
1824;16.6639118
1825;16.5841049
1826;16.5212913
1827;16.4678123
1828;16.4210069
1829;16.3830067
1830;17.743871
1831;17.870622
1832;17.9636555
1833;18.0272968
1834;18.1247579
1835;18.2088508
1836;18.2881067
1837;18.3985642
1838;18.4048254
1839;18.4206906
1840;18.4185484
1841;18.4104382
1842;18.3574984
1843;18.313168
1844;18.2598723
1845;18.209367
1846;16.7873294
1847;16.6282815
1848;16.5302869
1849;16.4648862
1850;16.4190466
1851;16.385129
1852;16.36052
1853;16.3386389
1854;17.7091998
1855;17.8544367
1856;17.9912067
1857;18.1048403
1858;18.2275363
1859;18.3123085
1860;18.3965396
1861;18.4615081
1862;18.5399975
1863;18.5142368
1864;18.4906955
1865;18.4755853
1866;18.4285133
1867;18.3843755
1868;18.3339858
1869;18.2865543
1870;16.86322
1871;16.7020006
1872;16.597346
1873;16.5167934
1874;16.4527635
1875;16.398355
1876;16.3541699
1877;16.314071
1878;17.6647619
1879;17.8430884
1880;18.0524986
1881;18.2489535
1882;18.4287958
1883;18.578037
1884;18.6796693
1885;18.6189826
1886;18.6868005
1887;18.631369
1888;18.5925046
1889;18.5708636
1890;18.4981399
1891;18.4219189
1892;18.3402452
1893;18.2687725
1894;16.8373989
1895;16.6819735
1896;16.5905875
1897;16.5290603
1898;16.4887048
1899;16.4568739
1900;16.4274151
1901;16.4030388
1902;17.7721332
1903;17.9869577
1904;18.1823321
1905;18.3446521
1906;18.4593966
1907;18.6099467
1908;18.7110359
1909;18.8024769
1910;18.9177238
1911;18.9839334
1912;19.0081973
1913;18.9608117
1914;18.7437103
1915;18.6024126
1916;18.5155993
1917;18.4638063
1918;17.0048342
1919;16.7832106
1920;16.6268131
1921;16.5142159
1922;16.4327878
1923;16.3772274
1924;16.3396678
1925;16.3006962
1926;17.6564366
1927;17.8723947
1928;18.0239806
1929;18.2975363
1930;18.522009
1931;18.6909365
1932;18.8141357
1933;18.8090011
1934;18.7996406
1935;18.7613366
1936;18.6952765
1937;18.6620526
1938;18.5824471
1939;18.5187884
1940;18.466968
1941;18.4280279
1942;17.016135
1943;16.8605826
1944;16.7638496
1945;16.7010697
1946;16.660522
1947;16.6249252
1948;16.599193
1949;16.5898239
1950;17.97446
1951;18.1360816
1952;18.2723069
1953;18.4120389
1954;18.514385
1955;18.6144241
1956;18.7053838
1957;18.8623617
1958;18.9011232
1959;18.884844
1960;18.9208256
1961;18.906283
1962;18.8441507
1963;18.7733828
1964;18.7040019
1965;18.644021
1966;17.1974429
1967;17.0102827
1968;16.8883908
1969;16.8047538
1970;16.7521529
1971;16.7093283
1972;16.6639964
1973;16.6210845
1974;17.9675434
1975;18.1829364
1976;18.4136028
1977;18.6589202
1978;18.8815158
1979;19.048263
1980;19.1642213
1981;19.2768864
1982;19.402876
1983;19.4853072
1984;19.5104266
1985;19.4624103
1986;19.2952726
1987;19.1287397
1988;18.9596101
1989;18.8026808
1990;17.2843957
1991;17.0336003
1992;16.8497895
1993;16.70794
1994;16.6007482
1995;16.5185735
1996;16.4571599
1997;16.4118752
1998;17.769342
1999;17.9763595
2000;18.2861465
2001;18.6192215
2002;18.9279484
2003;19.1550412
2004;19.2958027
2005;19.4203947
2006;19.5278094
2007;19.5700151
2008;19.5687632
2009;19.5407393
2010;19.3931429
2011;19.2046504
2012;19.0713766
2013;18.9587053
2014;17.4577105
2015;17.2228868
2016;17.0749967
2017;16.9737921
2018;16.8895568
2019;16.8096225
2020;16.7429354
2021;16.6960182
2022;18.0419088
2023;18.1662157
2024;18.3089126
2025;18.5251661
2026;18.8042423
2027;18.9684286
2028;19.0522324
2029;19.1539572
2030;19.2450717
2031;19.2175297
2032;19.1764153
2033;19.1432163
2034;19.0821114
2035;18.9892665
2036;18.8985135
2037;18.8101535
2038;17.3349571
2039;17.1176474
2040;16.9667753
2041;16.8557848
2042;16.766273
2043;16.6869786
2044;16.6200128
2045;16.5574652
2046;17.8890056
2047;18.0583537
2048;18.2909149
2049;18.6553304
2050;18.8950393
2051;19.0896709
2052;19.0488233
2053;19.2279259
2054;19.3348446
2055;19.2733775
2056;19.3116126
2057;19.2693135
2058;19.1589534
2059;19.06494
2060;18.9939881
2061;18.9321854
2062;17.4815474
2063;17.2945357
2064;17.1852035
2065;17.129852
2066;17.1082273
2067;17.0917201
2068;17.0692409
2069;17.0509305
2070;18.4339598
2071;18.6120147
2072;18.7651181
2073;18.8429689
2074;18.9609647
2075;19.142215
2076;19.2402443
2077;19.3169358
2078;19.3367312
2079;19.2982869
2080;19.2723878
2081;19.2036769
2082;19.1628178
2083;19.1186869
2084;19.1006984
2085;19.0927227
2086;17.6825805
2087;17.5107805
2088;17.3730267
2089;17.2405664
2090;17.12306
2091;17.0280344
2092;16.9516297
2093;16.8901752
2094;18.2308881
2095;18.4726194
2096;18.6842951
2097;18.8791486
2098;18.9879651
2099;19.1492533
2100;19.1426836
2101;19.2194868
2102;19.2421201
2103;19.2496457
2104;19.2316997
2105;19.2203906
2106;19.133794
2107;19.0751186
2108;18.9731706
2109;18.8240379
2110;17.3023407
2111;17.0697674
2112;16.9305471
2113;16.8283744
2114;16.7508797
2115;16.6855775
2116;16.618393
2117;16.5599837
2118;17.903272
2119;18.0031558
2120;18.1399352
2121;18.4144052
2122;18.6574204
2123;18.88859
2124;19.1318335
2125;19.3177392
2126;19.45741
2127;19.5725666
2128;19.7212638
2129;19.7532023
2130;19.6160485
2131;19.4900678
2132;19.3416514
2133;19.191841
2134;17.683055
2135;17.4596443
2136;17.3160242
2137;17.2060172
2138;17.1133943
2139;17.0324329
2140;16.9674905
2141;16.9187797
2142;18.2674347
2143;18.3659233
2144;18.4377694
2145;18.5899604
2146;18.8389135
2147;19.005177
2148;19.1273465
2149;19.2406338
2150;19.330871
2151;19.4210894
2152;19.4580514
2153;19.5109493
2154;19.4385463
2155;19.2672498
2156;19.109527
2157;19.0296308
2158;17.5807468
2159;17.3940594
2160;17.2715044
2161;17.1792044
2162;17.104489
2163;17.0415637
2164;16.9871763
2165;16.9394082
2166;18.2874283
2167;18.3871533
2168;18.4575083
2169;18.5710502
2170;18.6833495
2171;18.847787
2172;18.9475391
2173;18.8993945
2174;19.0600753
2175;19.0226702
2176;19.1645423
2177;19.1403475
2178;19.12489
2179;18.99966
2180;18.9043941
2181;18.8325609
2182;17.3822126
2183;17.2006037
2184;17.0848637
2185;16.9965034
2186;16.9258415
2187;16.8704682
2188;16.8188073
2189;16.7613749
2190;18.089717
2191;18.1653869
2192;18.3308263
2193;18.564411
2194;18.8499109
2195;19.0886578
2196;19.2844685
2197;19.4151372
2198;19.5525867
2199;19.6763492
2200;19.7831113
2201;19.8354218
2202;19.7577502
2203;19.6327958
2204;19.5066723
2205;19.4007385
2206;17.9282619
2207;17.721833
2208;17.5873782
2209;17.5018626
2210;17.4533644
2211;17.4163337
2212;17.3776911
2213;17.3357126
2214;18.667018
2215;18.7309971
2216;18.8024273
2217;19.01397
2218;19.3281726
2219;19.5849941
2220;19.7803171
2221;19.9110564
2222;20.1769026
2223;20.2897981
2224;20.3614348
2225;20.3054584
2226;20.1765666
2227;19.961489
2228;19.7954268
2229;19.6547487
2230;18.2122824
2231;17.9467734
2232;17.7974724
2233;17.6810341
2234;17.5787462
2235;17.4840303
2236;17.3931077
2237;17.3028602
2238;18.6177303
2239;18.6937001
2240;18.7787251
2241;18.9558953
2242;19.2584053
2243;19.5447277
2244;19.7545878
2245;19.8864855
2246;19.8877002
2247;19.8518465
2248;20.0010447
2249;19.7477881
2250;19.5668244
2251;19.4528888
2252;19.3702983
2253;19.2952315
2254;17.8375861
2255;17.654445
2256;17.5541016
2257;17.4911414
2258;17.4339046
2259;17.3802285
2260;17.3332849
2261;17.2889097
2262;18.640748
2263;18.7505395
2264;18.9543958
2265;19.131073
2266;19.2063367
2267;19.3926314
2268;19.4349742
2269;19.4303556
2270;19.3968131
2271;19.3225441
2272;19.307458
2273;19.3703933
2274;19.3934358
2275;19.2985951
2276;19.1518443
2277;19.0618522
2278;17.5957744
2279;17.3809739
2280;17.2546112
2281;17.1580574
2282;17.0471338
2283;16.9405497
2284;16.8558896
2285;16.7960328
2286;18.1317295
2287;18.2237466
2288;18.4249855
2289;18.6572889
2290;18.9145158
2291;19.1311434
2292;19.3031761
2293;19.4267319
2294;19.5533275
2295;19.6849215
2296;19.781087
2297;19.8251025
2298;19.8016455
2299;19.6801356
2300;19.4878069
2301;19.3498185
2302;17.8506239
2303;17.6251019
2304;17.4704524
2305;17.3473838
2306;17.2401349
2307;17.1449024
2308;17.0603895
2309;16.9833833
2310;18.3011077
2311;18.3764122
2312;18.5693533
2313;18.8110826
2314;19.1067941
2315;19.3985218
2316;19.650278
2317;19.8367405
2318;20.2208409
2319;20.8492317
2320;21.3834087
2321;21.7101523
2322;21.7347286
2323;21.2788936
2324;20.3196446
2325;19.9352865
2326;18.6533266
2327;18.0572167
2328;17.8127364
2329;17.614904
2330;17.4453376
2331;17.3008552
2332;17.1801373
2333;17.0815309
2334;18.39369
2335;18.4768655
2336;18.6754594
2337;18.9573165
2338;19.2879583
2339;19.5844342
2340;19.8188906
2341;20.1587547
2342;20.7234551
2343;21.3369801
2344;21.8353255
2345;22.1140657
2346;22.1118153
2347;21.4800019
2348;20.6057981
2349;20.0327416
2350;18.9466047
2351;18.1673105
2352;17.894194
2353;17.6915286
2354;17.5273274
2355;17.3938989
2356;17.2845642
2357;17.194456
2358;18.5107454
2359;18.5891577
2360;18.683339
2361;18.9121194
2362;19.2464532
2363;19.5933975
2364;19.7875299
2365;20.1019354
2366;20.6131999
2367;20.829798
2368;21.2328337
2369;21.3785369
2370;21.5165996
2371;21.0923581
2372;20.3532172
2373;19.9749062
2374;19.0251056
2375;18.3072586
2376;17.989182
2377;17.8164576
2378;17.6829307
2379;17.6177877
2380;17.5866294
2381;17.5444461
2382;18.8866749
2383;18.9267627
2384;19.0327393
2385;19.0720149
2386;19.3594678
2387;19.5610694
2388;19.7066793
2389;19.7982701
2390;19.8959689
2391;19.9932402
2392;19.9661663
2393;19.8443272
2394;19.7531987
2395;19.6024859
2396;19.4023646
2397;19.2402897
2398;17.7448513
2399;17.5401504
2400;17.4092165
2401;17.3128291
2402;17.2339329
2403;17.1566187
2404;17.079123
2405;17.0015116
2406;18.3121625
2407;18.3870625
2408;18.6002876
2409;18.8769446
2410;19.1653574
2411;19.3986013
2412;19.3141063
2413;19.5857949
2414;19.7389974
2415;19.8751944
2416;19.9236408
2417;19.8825013
2418;19.9336965
2419;19.7715259
2420;19.6460165
2421;19.5372587
2422;18.0645684
2423;17.8576748
2424;17.7114279
2425;17.5947206
2426;17.5007383
2427;17.4221254
2428;17.3473278
2429;17.2734252
2430;18.5967903
2431;18.6815152
2432;18.8889266
2433;19.1120414
2434;19.3090057
2435;19.5279597
2436;19.7765994
2437;19.9356642
2438;20.0405932
2439;20.1607297
2440;20.5121356
2441;20.6164354
2442;20.5092953
2443;20.0094041
2444;19.8301121
2445;19.6647301
2446;18.1389644
2447;17.86833
2448;17.6928845
2449;17.5611625
2450;17.4285658
2451;17.3038528
2452;17.2122629
2453;17.148339
2454;18.5036407
2455;18.6397888
2456;18.8042357
2457;18.976148
2458;19.14594
2459;19.2557479
2460;19.3446044
2461;19.3679359
2462;19.3583321
2463;19.3576518
2464;19.3219225
2465;19.3268797
2466;19.352658
2467;19.368897
2468;19.2582024
2469;19.1822477
2470;17.7163408
2471;17.513557
2472;17.3837261
2473;17.2882221
2474;17.2139817
2475;17.1530809
2476;17.0998369
2477;17.0426274
2478;18.373928
2479;18.4718248
2480;18.7012129
2481;18.9952402
2482;19.3183317
2483;19.5783257
2484;19.7541421
2485;19.8654555
2486;19.9741431
2487;20.2929441
2488;20.5642891
2489;20.6300479
2490;20.3268458
2491;19.9628624
2492;19.8090145
2493;19.6742449
2494;18.1904077
2495;17.8928774
2496;17.6891414
2497;17.5322669
2498;17.4260373
2499;17.3766704
2500;17.3275136
2501;17.2382513
2502;18.5318
2503;18.6553391
2504;18.8352045
2505;19.1121764
2506;19.3835486
2507;19.5862917
2508;19.7180613
2509;19.8482002
2510;19.9568648
2511;20.3242697
2512;20.5711989
2513;20.6301168
2514;20.2150929
2515;19.9472703
2516;19.8193754
2517;19.7174948
2518;18.4583299
2519;18.0340649
2520;17.8737834
2521;17.7545808
2522;17.6590068
2523;17.5757677
2524;17.5108934
2525;17.466539
2526;18.8260344
2527;19.0182176
2528;19.0685986
2529;19.259271
2530;19.499889
2531;19.6681207
2532;19.7433336
2533;19.8593477
2534;19.9146998
2535;19.9226423
2536;19.9590096
2537;19.9662297
2538;19.8932315
2539;19.8158421
2540;19.699109
2541;19.5893524
2542;18.0782155
2543;17.838337
2544;17.6848444
2545;17.5756322
2546;17.4860892
2547;17.4005815
2548;17.3251873
2549;17.2586719
2550;18.5892898
2551;18.756713
2552;18.967707
2553;19.2475079
2554;19.5194161
2555;19.7388236
2556;19.8963047
2557;20.1134156
2558;20.5188806
2559;20.9643322
2560;21.3341331
2561;21.574976
2562;21.5940017
2563;21.3289346
2564;20.4828273
2565;20.0156948
2566;19.0224084
2567;18.2361659
2568;17.9389092
2569;17.7416691
2570;17.5827204
2571;17.4528397
2572;17.3472905
2573;17.266208
2574;18.5923096
2575;18.7588142
2576;18.9628009
2577;19.2694585
2578;19.5933528
2579;19.8496745
2580;20.3129617
2581;20.7791057
2582;21.3064871
2583;21.8795542
2584;22.3529506
2585;22.6557387
2586;22.698018
2587;22.4086474
2588;21.5398122
2589;20.8223479
2590;20.131233
2591;19.4658548
2592;18.8331068
2593;18.2544595
2594;18.0027584
2595;17.8708236
2596;17.7681307
2597;17.6828895
2598;18.9989899
2599;19.1834486
2600;19.3094718
2601;19.528422
2602;19.7628911
2603;20.058487
2604;20.6742338
2605;21.261394
2606;21.9312888
2607;22.6487122
2608;23.2483916
2609;23.6432933
2610;23.7538003
2611;23.4615352
2612;22.6583248
2613;21.8465587
2614;20.9783204
2615;20.057444
2616;19.102883
2617;18.2654164
2618;17.9601425
2619;17.7692607
2620;17.623908
2621;17.5049597
2622;18.792988
2623;18.9607912
2624;19.126802
2625;19.3977
2626;19.6898724
2627;20.0044014
2628;20.6769822
2629;21.316626
2630;22.0296574
2631;22.7727392
2632;23.4088916
2633;23.8531755
2634;24.0388317
2635;23.8005574
2636;23.0734544
2637;22.4301808
2638;21.8147309
2639;21.3264303
2640;20.7003587
2641;19.9630924
2642;19.1860298
2643;18.4716229
2644;18.0611373
2645;17.8856841
2646;19.1359163
2647;19.261423
2648;19.4190671
2649;19.6769092
2650;20.1187078
2651;20.9311155
2652;21.6622819
2653;22.257855
2654;22.8762398
2655;23.5047134
2656;24.0118283
2657;24.3322994
2658;24.4164763
2659;24.194118
2660;23.4429262
2661;22.7450378
2662;21.9863604
2663;21.1899194
2664;20.3932015
2665;19.6698847
2666;18.9803246
2667;18.3314326
2668;18.0206113
2669;17.8597419
2670;19.1312174
2671;19.2762892
2672;19.4442031
2673;19.6881862
2674;20.1524318
2675;21.1464518
2676;22.0031647
2677;22.6786154
2678;23.3001572
2679;23.9059357
2680;24.0089678
2681;24.5502437
2682;24.71127
2683;24.5627575
2684;23.8322253
2685;23.1258967
2686;22.353896
2687;21.5591851
2688;20.7593108
2689;19.9843767
2690;19.26247
2691;18.5753697
2692;18.1042423
2693;17.9364571
2694;19.2049335
2695;19.3536949
2696;19.3928747
2697;19.6316506
2698;19.903564
2699;19.9383048
2700;19.94585
2701;19.9523887
2702;19.9219783
2703;19.9005675
2704;20.1419824
2705;20.2806144
2706;19.9304306
2707;19.8542288
2708;19.7484453
2709;19.6520233
2710;18.2860591
2711;17.9910999
2712;17.8533421
2713;17.7515867
2714;17.6751041
2715;17.6144108
2716;17.5598069
2717;17.5071074
2718;18.8511422
2719;19.0442597
2720;19.2202245
2721;19.4287888
2722;19.5910303
2723;19.7509519
2724;19.87482
2725;20.0579328
2726;20.3578836
2727;20.598161
2728;20.8288977
2729;21.0120111
2730;21.0500962
2731;20.6570614
2732;20.0665142
2733;19.8759901
2734;19.0684259
2735;18.2800926
2736;17.9308781
2737;17.7327346
2738;17.5995186
2739;17.5115347
2740;17.4563898
2741;17.4275882
2742;18.8222253
2743;19.0215484
2744;19.3067779
2745;19.5604726
2746;19.7763174
2747;19.9845164
2748;20.396629
2749;20.3744781
2750;20.4930126
2751;20.7229896
2752;20.8879728
2753;20.6271341
2754;20.4865657
2755;19.994296
2756;19.8087784
2757;19.6956665
2758;18.3740008
2759;18.0151226
2760;17.8598541
2761;17.7442434
2762;17.643963
2763;17.5617743
2764;17.4993491
2765;17.4442894
2766;18.7830091
2767;18.8979717
2768;19.0930822
2769;19.0918142
2770;19.1559279
2771;19.3348178
2772;19.4901801
2773;19.5960829
2774;19.6913318
2775;19.759049
2776;19.8128626
2777;19.7805869
2778;19.7336493
2779;19.6902511
2780;19.5218896
2781;19.4201923
2782;17.9221804
2783;17.7058403
2784;17.6000996
2785;17.4860733
2786;17.3465231
2787;17.2349759
2788;17.1571122
2789;17.1045326
2790;18.4456578
2791;18.5871973
2792;18.8453887
2793;19.0925227
2794;19.327642
2795;19.5329629
2796;19.6994266
2797;19.8204669
2798;19.9816084
2799;20.4630525
2800;20.9461185
2801;21.329498
2802;21.5559079
2803;21.5453162
2804;20.7909521
2805;20.1461694
2806;19.4159043
2807;18.7419638
2808;18.1525336
2809;17.9317093
2810;17.761976
2811;17.6173889
2812;17.5094405
2813;17.4255488
2814;18.7630244
2815;18.9511706
2816;19.0748528
2817;19.1989103
2818;19.4252907
2819;19.4882162
2820;19.6889825
2821;19.8067806
2822;19.9211706
2823;20.1929461
2824;20.4432787
2825;20.5579149
2826;20.3099808
2827;20.0195681
2828;19.839245
2829;19.7522419
2830;18.6982868
2831;18.1393294
2832;17.9342151
2833;17.7884423
2834;17.6706255
2835;17.5763097
2836;17.4938821
2837;17.4261195
2838;18.7514668
2839;18.9772728
2840;19.1733867
2841;19.4329659
2842;19.6753392
2843;19.890537
2844;20.442517
2845;21.0743995
2846;21.8270943
2847;22.5984817
2848;23.2402132
2849;23.5601318
2850;23.8631931
2851;23.5541525
2852;22.9578509
2853;22.410254
2854;21.8559263
2855;21.3145901
2856;20.8073595
2857;20.3908534
2858;20.0473922
2859;19.489735
2860;18.5953578
2861;18.0536203
2862;19.239865
2863;19.3676037
2864;19.3200317
2865;19.5016555
2866;19.6438087
2867;19.7680977
2868;19.8542341
2869;19.9062437
2870;19.9744398
2871;20.1407034
2872;20.0711517
2873;19.9911835
2874;19.816702
2875;19.7596952
2876;19.6297654
2877;19.5646938
2878;18.1579667
2879;17.9520956
2880;17.8372821
2881;17.7530898
2882;17.6862913
2883;17.6311683
2884;17.5844589
2885;17.544093
2886;18.8995938
2887;19.1215844
2888;19.2698578
2889;19.3813939
2890;19.5480523
2891;19.7270825
2892;19.8623707
2893;19.948817
2894;20.1574876
2895;20.40395
2896;20.6285281
2897;20.5673246
2898;20.3587569
2899;20.0028166
2900;19.8666648
2901;19.7672883
2902;18.6650881
2903;18.1393596
2904;17.9574982
2905;17.8470713
2906;17.7662508
2907;17.702383
2908;17.6396685
2909;17.5750474
2910;18.9121936
2911;19.1040124
2912;19.3049604
2913;19.533159
2914;19.7220188
2915;19.8704791
2916;20.0772354
2917;20.3813768
2918;20.7195284
2919;21.0477895
2920;21.2387752
2921;21.2632523
2922;21.0499661
2923;20.5501538
2924;20.0407032
2925;19.8701526
2926;18.6935433
2927;18.0986646
2928;17.8847787
2929;17.7127337
2930;17.5823907
2931;17.4706966
2932;17.3647973
2933;17.2725619
2934;18.5845836
2935;18.8427718
2936;19.0383954
2937;19.2827239
2938;19.4550086
2939;19.6538759
2940;19.785099
2941;19.8772551
2942;19.9966734
2943;20.2811883
2944;20.3183793
2945;20.3136633
2946;19.9934303
2947;19.9581512
2948;19.8310223
2949;19.7367726
2950;18.7326621
2951;18.2303953
2952;17.9661824
2953;17.7686286
2954;17.5960372
2955;17.4804344
2956;17.3989851
2957;17.3237186
2958;18.6357121
2959;18.8637572
2960;19.0872939
2961;19.3643583
2962;19.6183171
2963;19.8163404
2964;19.9897666
2965;20.2674143
2966;20.6786123
2967;21.1182
2968;21.1137425
2969;21.2378721
2970;21.2273861
2971;21.1773357
2972;20.5964462
2973;20.2082433
2974;19.7751991
2975;19.283386
2976;18.4032399
2977;17.9721566
2978;17.7738031
2979;17.6479191
2980;17.575896
2981;17.528456
2982;18.881515
2983;19.0162498
2984;19.1224782
2985;19.2036714
2986;19.2597616
2987;19.3849058
2988;19.483895
2989;19.6629436
2990;19.6632783
2991;19.7214735
2992;19.6516478
2993;19.7201536
2994;19.7105987
2995;19.7260273
2996;19.6285478
2997;19.5155485
2998;18.0234505
2999;17.7878497
3000;17.6217583
3001;17.4877963
3002;17.378509
3003;17.2970316
3004;17.2408324
3005;17.2092277
3006;18.5904677
3007;18.7546372
3008;18.8838569
3009;19.0028574
3010;19.1832935
3011;19.4270691
3012;19.5816609
3013;19.6704416
3014;19.7814451
3015;19.7592392
3016;19.8067553
3017;19.6747597
3018;19.6882153
3019;19.6571497
3020;19.5067877
3021;19.3878867
3022;17.894479
3023;17.6829342
3024;17.5431808
3025;17.4385319
3026;17.3544395
3027;17.2922985
3028;17.2483706
3029;17.2053111
3030;18.5657749
3031;18.7294965
3032;18.8951398
3033;19.1238533
3034;19.3075411
3035;19.3502731
3036;19.4281992
3037;19.4417672
3038;19.6521037
3039;19.6487794
3040;19.737637
3041;19.8099708
3042;19.6828179
3043;19.6262816
3044;19.5699203
3045;19.4764847
3046;18.0379303
3047;17.8574016
3048;17.6932154
3049;17.5416793
3050;17.4141123
3051;17.304852
3052;17.2175111
3053;17.1491818
3054;18.4887745
3055;18.6442301
3056;18.9583339
3057;19.2507464
3058;19.5299705
3059;19.7480399
3060;19.9002473
3061;20.1353426
3062;20.65034
3063;20.8115758
3064;20.6620657
3065;20.7244198
3066;20.4256288
3067;20.0231532
3068;19.875833
3069;19.7692466
3070;18.6513285
3071;18.1059525
3072;17.9234864
3073;17.8038551
3074;17.7302024
3075;17.683567
3076;17.6437006
3077;17.6006667
3078;18.9537716
3079;19.1257097
3080;19.2379486
3081;19.4642313
3082;19.6578104
3083;19.7788707
3084;19.8201972
3085;19.8744794
3086;19.957812
3087;20.2974882
3088;20.2874958
3089;20.1554476
3090;20.3438784
3091;20.3951538
3092;19.9969384
3093;19.8734836
3094;19.0101335
3095;18.3928039
3096;18.0362578
3097;17.9017297
3098;17.8065561
3099;17.733934
3100;17.6677875
3101;17.6044136
3102;18.9504296
3103;19.1458425
3104;19.3023471
3105;19.6379312
3106;20.0623082
3107;20.866666
3108;21.5982516
3109;22.1786387
3110;22.8039544
3111;23.451573
3112;23.9992088
3113;24.4190378
3114;24.6811902
3115;24.7018895
3116;24.2167865
3117;23.53664
3118;22.7963247
3119;22.0899121
3120;21.45702
3121;20.8838967
3122;20.3628216
3123;19.8945032
3124;19.4806268
3125;19.0894893
3126;19.6782843
3127;19.701619
3128;19.8957966
3129;20.5205763
3130;21.6096197
3131;22.6086529
3132;23.4858425
3133;24.1918681
3134;24.9571028
3135;25.6085879
3136;26.068874
3137;26.4199219
3138;26.6196356
3139;26.6622261
3140;26.1372374
3141;25.3801084
3142;24.7178173
3143;23.9983611
3144;23.2334326
3145;22.469485
3146;21.6909528
3147;20.8682277
3148;20.0059639
3149;19.1316799
3150;19.6479805
3151;19.5478412
3152;19.4879299
3153;19.5133314
3154;19.4955271
3155;19.4931168
3156;19.5896297
3157;19.5027166
3158;19.5165897
3159;19.6224469
3160;19.6338776
3161;19.6445953
3162;19.6135473
3163;19.5557921
3164;19.4870487
3165;19.4053502
3166;17.9531092
3167;17.7519474
3168;17.6037256
3169;17.4899895
3170;17.403911
3171;17.3364166
3172;17.273753
3173;17.2189325
3174;18.5753674
3175;18.7275862
3176;18.8980225
3177;19.0775314
3178;19.2453745
3179;19.364313
3180;19.4673401
3181;19.5599266
3182;19.6380589
3183;19.7100059
3184;19.7636292
3185;19.7868498
3186;19.7358924
3187;19.6888928
3188;19.5819093
3189;19.4217837
3190;17.9058357
3191;17.6637606
3192;17.4797935
3193;17.3213364
3194;17.1903266
3195;17.0863368
3196;17.0031481
3197;16.9375757
3198;18.2875252
3199;18.5744019
3200;18.8159564
3201;19.0466141
3202;19.2534432
3203;19.4274062
3204;19.5476545
3205;19.6229439
3206;19.7174341
3207;19.8197629
3208;19.8945936
3209;19.9136691
3210;19.8736614
3211;19.7568859
3212;19.6728088
3213;19.5555484
3214;18.0507512
3215;17.8067471
3216;17.6314693
3217;17.4915477
3218;17.373331
3219;17.2728616
3220;17.1880412
3221;17.120166
3222;18.4639863
3223;18.6674644
3224;18.897411
3225;19.2078309
3226;19.4280648
3227;19.4607972
3228;19.460616
3229;19.5638505
3230;19.4927944
3231;19.6124539
3232;19.4947772
3233;19.4503915
3234;19.4695814
3235;19.366298
3236;19.2013907
3237;19.0936185
3238;17.6414964
3239;17.4477336
3240;17.3055461
3241;17.1889694
3242;17.0990012
3243;17.0351567
3244;16.9923305
3245;16.9571008
3246;18.3258776
3247;18.4935937
3248;18.5997452
3249;18.6451917
3250;18.7385822
3251;18.8681699
3252;18.9120529
3253;19.0647138
3254;19.2332539
3255;19.3853942
3256;19.3567666
3257;19.3024537
3258;19.345454
3259;19.2429598
3260;19.1716858
3261;19.0881829
3262;17.6168135
3263;17.408062
3264;17.2558951
3265;17.1307491
3266;17.0244093
3267;16.9367586
3268;16.8644239
3269;16.8005203
3270;18.1449212
3271;18.4200551
3272;18.6840837
3273;18.9192052
3274;19.1126649
3275;19.2727256
3276;19.3950818
3277;19.4849107
3278;19.5905692
3279;19.6957251
3280;19.7737886
3281;19.8111833
3282;19.7995056
3283;19.767613
3284;19.6545048
3285;19.4807255
3286;17.9809419
3287;17.7585275
3288;17.6154271
3289;17.5110227
3290;17.4301373
3291;17.3662342
3292;17.3168116
3293;17.2710466
3294;18.6077524
3295;18.7317553
3296;18.8513898
3297;19.0780172
3298;19.3056669
3299;19.5209546
3300;19.708765
3301;19.879111
3302;20.3111469
3303;20.3069903
3304;20.5209145
3305;20.2030432
3306;20.0496512
3307;19.9583121
3308;19.8344247
3309;19.7340284
3310;18.424875
3311;18.0129945
3312;17.8340577
3313;17.7065744
3314;17.6013517
3315;17.5057714
3316;17.4219399
3317;17.3547918
3318;18.7270526
3319;18.857915
3320;19.1175313
3321;19.4157722
3322;19.6620193
3323;19.8600747
3324;20.1983339
3325;20.659414
3326;21.2555591
3327;21.8011832
3328;22.282895
3329;22.4031089
3330;22.4239559
3331;22.2045016
3332;21.858746
3333;21.3541337
3334;20.9293626
3335;20.2859377
3336;19.6006498
3337;19.0290392
3338;18.5047068
3339;18.0759579
3340;17.8660447
3341;17.678803
3342;18.9495505
3343;19.1082183
3344;19.3571877
3345;19.621098
3346;19.8417364
3347;20.3080205
3348;20.9684335
3349;21.6160381
3350;22.1459091
3351;22.7945945
3352;23.2638719
3353;23.5639391
3354;23.0844488
3355;22.1855933
3356;21.2952737
3357;21.0749659
3358;20.7293202
3359;20.2561311
3360;20.0484144
3361;19.5831772
3362;18.8345224
3363;18.1845187
3364;17.9741123
3365;17.877572
3366;19.2129891
3367;19.3647881
3368;19.4364636
3369;19.7003868
3370;19.8964781
3371;20.4350128
3372;20.9845229
3373;21.5775598
3374;22.1418151
3375;22.6097399
3376;22.8133506
3377;23.0067336
3378;22.7327915
3379;21.9869956
3380;21.4910834
3381;20.9442888
3382;20.3563798
3383;19.7054002
3384;19.0972133
3385;18.5635368
3386;18.1353845
3387;17.9818618
3388;17.8813031
3389;17.8029032
3390;19.1390498
3391;19.2491601
3392;19.3361557
3393;19.5199972
3394;19.703077
3395;19.8723709
3396;20.0323598
3397;20.2163383
3398;20.5772113
3399;21.0959748
3400;21.5693803
3401;21.9283556
3402;21.7506965
3403;21.4008173
3404;21.0301766
3405;20.5904198
3406;20.2193029
3407;19.8135174
3408;19.3980208
3409;18.9533273
3410;18.4871224
3411;18.0956871
3412;17.9503929
3413;17.8413271
3414;19.1600242
3415;19.2761923
3416;19.4111724
3417;19.6192975
3418;19.7054997
3419;19.924628
3420;20.6511433
3421;21.3213153
3422;21.9278124
3423;22.5133694
3424;23.0382418
3425;22.8071993
3426;22.7026224
3427;22.8448267
3428;22.2499326
3429;21.7844577
3430;21.3087386
3431;20.8202908
3432;20.3264315
3433;19.8096944
3434;19.2787162
3435;18.757762
3436;18.3358612
3437;18.0441462
3438;19.3269678
3439;19.4753031
3440;19.6658512
3441;19.8150012
3442;20.1484599
3443;20.8848911
3444;21.6429349
3445;22.2964351
3446;22.9998135
3447;23.6608137
3448;24.0600345
3449;23.9544354
3450;24.0452468
3451;24.153686
3452;23.7970568
3453;23.1754356
3454;22.5885766
3455;22.0263859
3456;21.5040093
3457;20.9835985
3458;20.4485763
3459;19.8737914
3460;19.2664806
3461;18.6583275
3462;19.5910553
3463;19.7152268
3464;19.8179209
3465;19.9248775
3466;20.2391988
3467;20.7457126
3468;21.1896475
3469;21.5233366
3470;21.9508808
3471;22.4456296
3472;22.870561
3473;23.1537894
3474;23.2337901
3475;23.2361739
3476;22.7566148
3477;21.9110316
3478;21.1469754
3479;20.4143025
3480;19.7343704
3481;19.1117258
3482;18.520062
3483;18.0937407
3484;17.9308844
3485;17.8016995
3486;19.1590001
3487;19.3702279
3488;19.5431767
3489;19.7035543
3490;19.873402
3491;20.2045153
3492;20.6998404
3493;21.1025618
3494;20.8156341
3495;21.7095184
3496;22.2442818
3497;22.6014699
3498;22.7400469
3499;22.5493754
3500;22.2224522
3501;21.4061634
3502;20.6028041
3503;19.7301961
3504;18.8775077
3505;18.2172502
3506;17.9902976
3507;17.8579888
3508;17.7430663
3509;17.6341281
3510;18.9327
3511;19.073483
3512;19.2429722
3513;19.467572
3514;19.6806133
3515;19.7776455
3516;19.9872496
3517;20.3268655
3518;20.5886801
3519;20.6233686
3520;20.8145243
3521;20.9601219
3522;21.069293
3523;21.0911282
3524;20.603862
3525;20.0952397
3526;19.6846758
3527;19.3825162
3528;19.0053244
3529;18.5888397
3530;18.1685311
3531;17.9788257
3532;17.849798
3533;17.7267509
3534;19.0534099
3535;19.2720558
3536;19.5011787
3537;19.7191493
3538;19.9187485
3539;20.3772793
3540;20.8011364
3541;21.0790815
3542;21.4168098
3543;21.7905111
3544;22.0720246
3545;22.2977248
3546;22.3306179
3547;21.9573455
3548;21.5936955
3549;21.0842861
3550;20.5236439
3551;19.9333661
3552;19.3484885
3553;18.8249294
3554;18.2857553
3555;18.0205169
3556;17.8963096
3557;17.7974741
3558;19.2045487
3559;19.3706212
3560;19.5593545
3561;19.7754354
3562;20.0387904
3563;20.6078826
3564;21.11552
3565;21.5498305
3566;22.071035
3567;22.6230866
3568;23.0510713
3569;23.2816004
3570;23.3234289
3571;23.3685706
3572;22.9265867
3573;22.2326402
3574;21.5118971
3575;20.7520541
3576;20.0128487
3577;19.294686
3578;18.574844
3579;18.104875
3580;17.9302837
3581;17.793883
3582;19.0963963
3583;19.2190198
3584;19.4463479
3585;19.7619698
3586;20.2117391
3587;20.8600853
3588;21.4322106
3589;21.8040988
3590;22.2931301
3591;22.17799
3592;22.5723118
3593;22.4222401
3594;22.1348344
3595;21.9714904
3596;21.5366907
3597;21.1195259
3598;20.6277788
3599;20.0501814
3600;19.549744
3601;18.9603851
3602;18.2997116
3603;18.0078727
3604;17.8679889
3605;17.7660962
3606;19.1060112
3607;19.3066902
3608;19.5427564
3609;19.7737873
3610;20.0634456
3611;20.6371691
3612;21.1173248
3613;21.3678905
3614;21.8727325
3615;22.3702523
3616;22.6530588
3617;22.3057031
3618;21.9081651
3619;21.4585095
3620;21.0161171
3621;20.5493047
3622;20.0992166
3623;19.6411168
3624;19.1709929
3625;18.6882434
3626;18.2099964
3627;17.9964923
3628;17.8748442
3629;17.7730925
3630;19.0860333
3631;19.1644392
3632;19.2496072
3633;19.2054669
3634;19.2167127
3635;19.2589028
3636;19.2894408
3637;19.2953144
3638;19.3092183
3639;19.3169618
3640;19.3391702
3641;19.3535004
3642;19.3635694
3643;19.3637332
3644;19.3540743
3645;19.3274284
3646;17.9025051
3647;17.7301504
3648;17.6175266
3649;17.5354912
3650;17.4725937
3651;17.4202455
3652;17.3733452
3653;17.3297098
3654;18.6907068
3655;18.8039726
3656;18.9165374
3657;19.0231005
3658;19.1148378
3659;19.2695067
3660;19.391533
3661;19.4744772
3662;19.5699999
3663;19.7002596
3664;19.7707449
3665;19.7344972
3666;19.7019471
3667;19.6679147
3668;19.5867627
3669;19.496835
3670;18.0377154
3671;17.8356438
3672;17.6984191
3673;17.5898883
3674;17.5004027
3675;17.4274476
3676;17.3628759
3677;17.3063102
3678;18.6577384
3679;18.7906648
3680;18.8831027
3681;19.0125568
3682;19.1355885
3683;19.1876108
3684;19.1979943
3685;19.2147625
3686;19.3074195
3687;19.3106886
3688;19.3141259
3689;19.298504
3690;19.3017588
3691;19.3113905
3692;19.2864305
3693;19.213065
3694;17.7441485
3695;17.5625422
3696;17.4547492
3697;17.3842789
3698;17.3333574
3699;17.2939543
3700;17.2696709
3701;17.2499967
3702;18.6247298
3703;18.9230269
3704;19.1276408
3705;19.2868327
3706;19.4633639
3707;19.6296134
3708;19.7610931
3709;19.8484403
3710;19.9503369
3711;20.1436732
3712;20.3889799
3713;20.5237345
3714;20.3720931
3715;20.2043375
3716;19.9996991
3717;19.8342286
3718;18.70779
3719;18.1077959
3720;17.8902207
3721;17.7151846
3722;17.573997
3723;17.463076
3724;17.3836159
3725;17.3267052
3726;18.7726488
3727;19.0328392
3728;19.2541979
3729;19.4831314
3730;19.7021869
3731;19.8740708
3732;20.1239021
3733;20.5038142
3734;20.9467955
3735;21.3247917
3736;21.6519948
3737;21.8361696
3738;21.8862181
3739;21.8511849
3740;21.5010715
3741;20.7325469
3742;19.9974957
3743;19.2193814
3744;18.4074777
3745;18.0150543
3746;17.8179755
3747;17.6749985
3748;17.5595816
3749;17.4583374
3750;18.8473542
3751;19.0911913
3752;19.32294
3753;19.5666616
3754;19.8144179
3755;20.2364029
3756;20.7966221
3757;21.2934504
3758;21.7428678
3759;22.1765144
3760;22.5451459
3761;22.8027043
3762;22.9125832
3763;22.952347
3764;22.4529435
3765;21.7503572
3766;21.0503873
3767;20.2846219
3768;19.4962326
3769;18.6838689
3770;18.1178604
3771;17.9109533
3772;17.7616687
3773;17.6497461
3774;19.0031652
3775;19.2498773
3776;19.4776952
3777;19.7004299
3778;19.9715728
3779;20.5565647
3780;21.042998
3781;21.4636403
3782;21.3128011
3783;21.9134672
3784;22.1784471
3785;22.4332259
3786;22.5523221
3787;22.445681
3788;21.8699186
3789;21.4078795
3790;20.7828349
3791;20.0560306
3792;19.3085533
3793;18.6703318
3794;18.1446654
3795;17.9498377
3796;17.8049486
3797;17.6888222
3798;19.0563573
3799;19.2945856
3800;19.4829475
3801;19.7367706
3802;20.2116973
3803;20.9429468
3804;21.5400868
3805;21.9720041
3806;22.5238072
3807;22.9656984
3808;23.3472397
3809;23.5955899
3810;23.6120032
3811;23.5223059
3812;23.251418
3813;22.5225634
3814;21.8985824
3815;21.250142
3816;20.6012156
3817;19.8901377
3818;19.1747364
3819;18.551042
3820;18.1761291
3821;18.0345068
3822;19.3446394
3823;19.4316978
3824;19.5143035
3825;19.5916795
3826;19.7451915
3827;19.9096833
3828;19.9855019
3829;20.2597442
3830;20.5849352
3831;21.0224625
3832;21.4305486
3833;21.5983527
3834;21.3690576
3835;21.0344283
3836;20.7981465
3837;20.2047183
3838;19.6272936
3839;19.0194582
3840;18.4343163
3841;18.0615018
3842;17.9187189
3843;17.8130662
3844;17.728871
3845;17.6609065
3846;19.0084859
3847;19.1435892
3848;19.3099197
3849;19.4655205
3850;19.5349003
3851;19.638763
3852;19.686635
3853;19.6963731
3854;19.7339022
3855;19.7557877
3856;19.7450926
3857;19.7096266
3858;19.6703542
3859;19.6134047
3860;19.5719663
3861;19.5328707
3862;18.1239419
3863;17.9422748
3864;17.8344135
3865;17.7549456
3866;17.696307
3867;17.6546061
3868;17.6198615
3869;17.5883239
3870;18.958564
3871;19.1437953
3872;19.2332973
3873;19.3593555
3874;19.5227538
3875;19.423831
3876;19.441606
3877;19.5795742
3878;19.6155683
3879;19.8448471
3880;19.8619342
3881;19.9055761
3882;20.0313289
3883;20.1197521
3884;20.003328
3885;19.8645024
3886;18.9698861
3887;18.2183886
3888;17.9395419
3889;17.7752022
3890;17.6572623
3891;17.5714838
3892;17.5028044
3893;17.4463996
3894;18.8042969
3895;18.9698447
3896;19.1928272
3897;19.387223
3898;19.5776597
3899;19.749773
3900;20.2803961
3901;20.791437
3902;21.2742793
3903;21.3336349
3904;21.3876789
3905;21.8079043
3906;21.7467425
3907;21.7628533
3908;21.8145186
3909;21.3713223
3910;21.0334419
3911;20.6708375
3912;19.8860671
3913;18.9817646
3914;18.2334268
3915;17.9743404
3916;17.8323078
3917;17.7366561
3918;19.0816303
3919;19.2763079
3920;19.5818401
3921;19.8156819
3922;20.435767
3923;20.367926
3924;21.5079587
3925;22.2123553
3926;22.8908179
3927;23.5622749
3928;24.1399664
3929;24.6531785
3930;25.0480665
3931;25.2010285
3932;25.1675936
3933;24.5027199
3934;23.6350371
3935;22.5496386
3936;21.4685178
3937;20.4455822
3938;19.5046379
3939;18.6478906
3940;18.1261143
3941;17.9220924
3942;19.1709372
3943;19.3989024
3944;19.5206359
3945;19.5604193
3946;19.6572421
3947;19.7423005
3948;19.8374161
3949;19.9271141
3950;20.0298616
3951;20.2494498
3952;20.1637062
3953;20.2712748
3954;20.1807234
3955;19.9962518
3956;19.9350479
3957;19.8357515
3958;18.8524957
3959;18.275189
3960;18.0129639
3961;17.882703
3962;17.7719798
3963;17.6777469
3964;17.5952514
3965;17.5227421
3966;18.933414
3967;19.1123671
3968;19.3609631
3969;19.6174283
3970;19.8146507
3971;20.2244332
3972;20.8152802
3973;21.2505395
3974;21.7425258
3975;22.264327
3976;22.7001598
3977;22.9531816
3978;22.7506267
3979;22.5775938
3980;22.0873562
3981;21.5184957
3982;20.9155578
3983;20.2870095
3984;19.6165899
3985;19.0108335
3986;18.4471518
3987;18.0795723
3988;17.945152
3989;17.8702826
3990;19.2988385
3991;19.4803502
3992;19.6520734
3993;19.8055782
3994;20.0653082
3995;20.647403
3996;21.2433873
3997;21.8155019
3998;22.4521316
3999;23.1368911
4000;23.7271738
4001;24.1410908
4002;24.3212366
4003;24.4205926
4004;24.1726385
4005;23.4316381
4006;22.7767101
4007;22.0238393
4008;21.2619723
4009;20.5614119
4010;19.9436862
4011;19.5167774
4012;19.0309853
4013;18.4707651
4014;19.5421959
4015;19.7216971
4016;19.9373213
4017;20.6924851
4018;21.7540561
4019;22.8533741
4020;23.8904542
4021;24.7950251
4022;25.7189216
4023;26.654935
4024;27.4611746
4025;28.0902681
4026;28.5166641
4027;28.8616001
4028;28.6851298
4029;27.9203346
4030;27.1792693
4031;26.4089616
4032;25.8088711
4033;25.2932429
4034;24.7080427
4035;24.081738
4036;23.4030545
4037;22.9093463
4038;23.0073222
4039;23.106444
4040;23.5579743
4041;24.0823129
4042;24.8866822
4043;25.7369038
4044;26.5101472
4045;27.1652017
4046;27.857373
4047;28.5954286
4048;29.2210066
4049;29.7023423
4050;29.9599235
4051;30.0811144
4052;29.7673987
4053;28.9913749
4054;28.3622118
4055;27.7895533
4056;27.2933426
4057;26.7957272
4058;26.253688
4059;25.676475
4060;25.1027198
4061;24.539199
4062;24.2973223
4063;24.4522976
4064;24.8128667
4065;25.3148047
4066;26.0870222
4067;26.9403133
4068;27.7647356
4069;28.4691282
4070;29.1657777
4071;29.8794302
4072;30.4685023
4073;30.8216551
4074;30.936259
4075;31.076076
4076;30.9253677
4077;30.1574451
4078;29.6922794
4079;29.3096091
4080;28.9208938
4081;28.3045842
4082;27.2686709
4083;26.3855044
4084;25.6495295
4085;24.8994541
4086;24.3034231
4087;24.0130311
4088;24.6004161
4089;25.1080233
4090;25.6938347
4091;26.3068935
4092;26.5183346
4093;27.1358463
4094;27.7229934
4095;28.4173581
4096;29.0121522
4097;28.8561525
4098;28.8812425
4099;28.1660536
4100;26.875741
4101;26.1368964
4102;25.3588496
4103;24.5815548
4104;23.6642069
4105;22.7057664
4106;21.9088685
4107;21.2504023
4108;20.6448787
4109;20.0863931
4110;20.1001665
4111;20.1895811
4112;20.1814451
4113;20.4061731
4114;20.7774601
4115;21.1254014
4116;21.5504602
4117;21.9376088
4118;22.303903
4119;22.6555083
4120;22.7018599
4121;22.9092131
4122;23.0794467
4123;23.1962712
4124;22.9323446
4125;22.0992404
4126;21.453123
4127;20.8652798
4128;20.3047318
4129;19.7453374
4130;19.3279807
4131;18.9092176
4132;18.4246934
4133;18.0841072
4134;19.3758535
4135;19.4734597
4136;19.5744564
4137;19.6365931
4138;19.8015149
4139;19.9790967
4140;20.3522442
4141;20.8288616
4142;21.2152065
4143;21.7138752
4144;22.0923908
4145;22.3450856
4146;22.5324645
4147;22.2480046
4148;22.3901204
4149;21.7503166
4150;21.1143884
4151;20.5579958
4152;20.102054
4153;19.67793
4154;19.2744618
4155;18.8690026
4156;18.482542
4157;18.1717748
4158;19.4235972
4159;19.5230354
4160;19.6070188
4161;19.7499153
4162;19.7955662
4163;19.9388036
4164;20.0315651
4165;20.2397131
4166;20.417859
4167;20.6402789
4168;20.8360092
4169;20.8571673
4170;20.580971
4171;20.2230567
4172;20.0600478
4173;19.8975917
4174;18.9822945
4175;18.3218497
4176;18.0126582
4177;17.8609718
4178;17.7459477
4179;17.6573345
4180;17.6004736
4181;17.5679514
4182;19.038785
4183;19.1151395
4184;19.1840931
4185;19.3122264
4186;19.4806129
4187;19.3968206
4188;19.5141062
4189;19.6967117
4190;19.8468088
4191;19.7823634
4192;19.7998752
4193;19.9312861
4194;19.9284095
4195;19.8436759
4196;19.7470686
4197;19.6238971
4198;18.1824408
4199;17.9531016
4200;17.8245171
4201;17.7294614
4202;17.6496073
4203;17.5856595
4204;17.5414457
4205;17.5056661
4206;18.8687013
4207;19.0676506
4208;19.2136978
4209;19.3226748
4210;19.4606281
4211;19.60668
4212;19.6973355
4213;19.7230847
4214;19.7038542
4215;19.700318
4216;19.7148755
4217;19.7360976
4218;19.7093472
4219;19.6164913
4220;19.5653225
4221;19.488854
4222;18.021753
4223;17.8365001
4224;17.722333
4225;17.6380062
4226;17.5668852
4227;17.511152
4228;17.4619869
4229;17.4075933
4230;18.8230298
4231;18.9556065
4232;19.1328676
4233;19.2920095
4234;19.402925
4235;19.4836643
4236;19.6421733
4237;19.7399929
4238;19.7969078
4239;19.8457101
4240;19.8821289
4241;19.9006878
4242;19.8860495
4243;19.8723966
4244;19.7963472
4245;19.6370919
4246;18.1703422
4247;17.9521008
4248;17.7974169
4249;17.6461246
4250;17.5301065
4251;17.4424491
4252;17.383565
4253;17.3444676
4254;18.7051558
4255;18.8764382
4256;19.0852648
4257;19.2200886
4258;19.3351841
4259;19.5270607
4260;19.6536879
4261;19.6635014
4262;19.6996687
4263;19.7009958
4264;19.6417018
4265;19.5846261
4266;19.5493043
4267;19.6252979
4268;19.5887997
4269;19.4914505
4270;18.0070004
4271;17.7962587
4272;17.6510392
4273;17.5372562
4274;17.4439064
4275;17.3662354
4276;17.3051859
4277;17.2538738
4278;18.6267558
4279;18.7891717
4280;19.1022966
4281;19.2996387
4282;19.4919675
4283;19.6539141
4284;19.5738287
4285;19.7603966
4286;19.8201676
4287;19.9338411
4288;19.977858
4289;19.8692493
4290;19.8293041
4291;19.8057435
4292;19.8083364
4293;19.7167396
4294;18.5390845
4295;18.0415514
4296;17.8441471
4297;17.7204994
4298;17.6338291
4299;17.5691865
4300;17.5260338
4301;17.5052496
4302;18.8901321
4303;19.0360338
4304;19.1550827
4305;19.2130063
4306;19.3044303
4307;19.3913126
4308;19.4304558
4309;19.4508543
4310;19.5342971
4311;19.5261049
4312;19.51981
4313;19.6305016
4314;19.7099105
4315;19.8049535
4316;19.7643555
4317;19.6622133
4318;18.2898072
4319;17.9943526
4320;17.8500163
4321;17.7433858
4322;17.6551173
4323;17.5747092
4324;17.5106707
4325;17.4578844
4326;18.8108675
4327;18.9513115
4328;19.1530155
4329;19.3818426
4330;19.5660601
4331;19.720571
4332;19.753827
4333;19.9061527
4334;19.9887026
4335;20.1140123
4336;20.204853
4337;20.2406558
4338;20.0184229
4339;19.868675
4340;19.8661965
4341;19.7116424
4342;18.453207
4343;18.066945
4344;17.9306647
4345;17.8298403
4346;17.7489076
4347;17.6808465
4348;17.6217749
4349;17.569684
4350;19.000749
4351;19.2428543
4352;19.3541654
4353;19.3947226
4354;19.6299674
4355;19.9789792
4356;20.5074844
4357;20.9609261
4358;21.494356
4359;22.0892333
4360;22.632902
4361;23.0243049
4362;23.2578096
4363;23.4252397
4364;23.1997908
4365;22.4850499
4366;21.741489
4367;21.2650488
4368;20.8026683
4369;20.0664221
4370;19.3121586
4371;18.6542443
4372;18.1429278
4373;17.9647463
4374;19.2509909
4375;19.4694354
4376;19.6608352
4377;19.8748221
4378;20.4334891
4379;21.0499226
4380;21.6464112
4381;22.1829868
4382;22.7012192
4383;23.2875216
4384;23.7776881
4385;24.1955646
4386;24.4631367
4387;24.328599
4388;23.945592
4389;23.4553425
4390;22.9079529
4391;22.4026921
4392;21.9668069
4393;21.5651133
4394;21.1764176
4395;20.8125485
4396;20.491042
4397;20.166266
4398;20.0107404
4399;19.9529251
4400;19.9386797
4401;19.9438112
4402;19.9599426
4403;19.9451109
4404;19.9403525
4405;19.9278935
4406;20.0468971
4407;20.2640499
4408;19.982907
4409;19.9643011
4410;20.0944097
4411;20.1933674
4412;20.0060748
4413;19.8873822
4414;19.1864472
4415;18.7260716
4416;18.3038178
4417;18.0487791
4418;17.9623148
4419;17.9011732
4420;17.8532987
4421;17.8115576
4422;19.1718934
4423;19.3120267
4424;19.4754125
4425;19.5647065
4426;19.7688545
4427;19.9482272
4428;19.908236
4429;20.1493544
4430;20.6314377
4431;20.4522285
4432;20.5444467
4433;20.4809465
4434;20.7363071
4435;20.6665699
4436;20.5139197
4437;20.1091688
4438;19.7039739
4439;19.2351038
4440;18.7112042
4441;18.1868893
4442;17.9887185
4443;17.8871187
4444;17.8062357
4445;17.7351106
4446;19.1596692
4447;19.3934066
4448;19.6112127
4449;19.7847922
4450;19.9924776
4451;20.4995027
4452;20.8262336
4453;21.2951756
4454;21.8614063
4455;22.2833229
4456;22.6755335
4457;22.9903425
4458;23.0109793
4459;23.1816463
4460;22.8314686
4461;22.2139894
4462;21.692094
4463;21.1998775
4464;20.7444628
4465;20.2258561
4466;19.670554
4467;19.095646
4468;18.5062147
4469;18.092065
4470;19.4138941
4471;19.5854302
4472;19.7699119
4473;19.9742694
4474;20.6330893
4475;21.3625837
4476;22.0577834
4477;22.7090928
4478;23.2852729
4479;23.768083
4480;24.2291445
4481;24.5673357
4482;24.6961564
4483;24.8142205
4484;24.3753132
4485;23.7809886
4486;23.1950119
4487;22.6190318
4488;22.0548508
4489;21.4841471
4490;20.9396148
4491;20.387648
4492;19.838567
4493;19.2983443
4494;19.7695655
4495;19.8687649
4496;20.0353693
4497;20.5581488
4498;21.2802496
4499;21.9795246
4500;22.6389832
4501;23.2127004
4502;23.7179216
4503;24.1388529
4504;24.4824956
4505;24.3758061
4506;24.7246651
4507;24.9047667
4508;24.641011
4509;24.0849528
4510;23.5668667
4511;23.0106786
4512;22.4514017
4513;21.8965422
4514;21.3563756
4515;20.835783
4516;20.3277147
4517;19.813423
4518;19.9219514
4519;19.9957361
4520;20.2226683
4521;20.6870053
4522;21.3619785
4523;22.0766339
4524;22.7575009
4525;23.3369234
4526;23.878735
4527;24.4703461
4528;24.9841945
4529;25.3856108
4530;25.5156901
4531;25.6413646
4532;25.1987739
4533;24.5239931
4534;23.924008
4535;23.3637028
4536;22.8027793
4537;22.259789
4538;21.7467065
4539;21.2339164
4540;20.7002844
4541;20.1816709
4542;20.0385222
4543;20.0257627
4544;20.2547938
4545;20.75584
4546;21.4022542
4547;21.2881659
4548;22.4295321
4549;23.1264753
4550;23.8331939
4551;24.449591
4552;24.9868044
4553;25.410274
4554;25.6291408
4555;25.7826805
4556;25.3975512
4557;24.6955481
4558;24.0329228
4559;23.357349
4560;22.6891626
4561;22.0167562
4562;21.3569677
4563;20.7346858
4564;20.2559076
4565;20.0128591
4566;20.0314125
4567;20.0957462
4568;20.5044285
4569;21.0735195
4570;21.8227707
4571;22.5813387
4572;23.1955154
4573;23.6605953
4574;24.0823122
4575;24.6065825
4576;25.0637411
4577;25.3854593
4578;25.4788034
4579;25.4710114
4580;25.1206718
4581;24.4754715
4582;23.9378188
4583;23.3676749
4584;22.8083029
4585;22.2212363
4586;21.6122579
4587;20.9905882
4588;20.3653029
4589;19.7311271
4590;19.8659889
4591;19.7861938
4592;19.8020495
4593;19.8718955
4594;19.9713516
4595;20.1801186
4596;20.5477183
4597;20.9014923
4598;21.2611207
4599;21.6936224
4600;22.0748469
4601;22.2814653
4602;22.3492329
4603;22.421976
4604;22.043112
4605;21.3273434
4606;20.7101479
4607;20.0929134
4608;19.4505561
4609;18.7497709
4610;18.1688275
4611;17.9686551
4612;17.8339844
4613;17.7283753
4614;19.0774488
4615;19.3191133
4616;19.5267889
4617;19.720633
4618;19.9084518
4619;20.3170358
4620;20.7518575
4621;21.1493305
4622;21.6029541
4623;22.1430766
4624;22.6391946
4625;22.996083
4626;23.1624885
4627;23.2881407
4628;22.9354416
4629;22.240065
4630;21.5692882
4631;20.8451338
4632;20.0816492
4633;19.3186349
4634;18.6501066
4635;18.1796107
4636;18.0206243
4637;17.9316116
4638;19.2716852
4639;19.4719649
4640;19.6390424
4641;19.8240129
4642;20.2844937
4643;20.9828017
4644;21.5824053
4645;22.0993336
4646;22.5564593
4647;23.0716183
4648;23.5509728
4649;23.938199
4650;24.1254069
4651;24.2490017
4652;23.8429319
4653;23.1564719
4654;22.5099981
4655;21.8533264
4656;21.1656927
4657;20.4660668
4658;20.1663459
4659;19.8443659
4660;19.3309254
4661;18.7476926
4662;19.5756586
4663;19.7064704
4664;19.8284875
4665;19.9723606
4666;20.5756503
4667;21.2942256
4668;21.9366694
4669;22.4469952
4670;22.9680869
4671;23.5449941
4672;24.0850526
4673;24.4904006
4674;24.6795354
4675;24.7742148
4676;24.4481499
4677;23.7833298
4678;23.1918926
4679;22.6056646
4680;22.010054
4681;21.4386376
4682;20.8580546
4683;20.2544858
4684;19.6336291
4685;19.0140321
4686;19.6845684
4687;19.7479905
4688;19.8780836
4689;20.0139471
4690;20.5276294
4691;21.1098544
4692;21.6572622
4693;22.1173653
4694;22.6193914
4695;23.1835507
4696;23.6678599
4697;23.9980506
4698;24.1424478
4699;24.2265839
4700;23.8689713
4701;23.2047528
4702;22.501131
4703;21.9509385
4704;21.6974137
4705;21.3598414
4706;20.7052306
4707;19.9208399
4708;19.1731224
4709;18.516413
4710;19.5116888
4711;19.6774025
4712;19.8487198
4713;20.2521775
4714;21.0780153
4715;21.8736389
4716;22.5689691
4717;23.1534013
4718;23.7753148
4719;24.472522
4720;25.1047791
4721;25.5929892
4722;25.8767192
4723;26.0905759
4724;25.7860955
4725;25.0963855
4726;24.4015717
4727;23.6217138
4728;22.8238728
4729;22.1194047
4730;21.5346528
4731;21.0985407
4732;20.7273572
4733;20.3294422
4734;20.0790784
4735;20.0775965
4736;20.3757734
4737;21.1278481
4738;22.0657758
4739;22.9548984
4740;23.7840702
4741;24.4627281
4742;25.1257055
4743;25.8145765
4744;26.3743957
4745;26.7407048
4746;26.7800616
4747;26.7646173
4748;26.4614636
4749;25.8785419
4750;25.3376117
4751;24.778586
4752;24.2458962
4753;23.6780003
4754;23.0738018
4755;22.4463572
4756;21.7798761
4757;21.1044605
4758;20.5037826
4759;20.268862
4760;20.8820243
4761;21.4689107
4762;22.2808876
4763;23.162036
4764;24.0188734
4765;24.7109413
4766;25.3350352
4767;25.7771897
4768;26.2632744
4769;26.697046
4770;26.8947023
4771;27.024533
4772;26.6717151
4773;26.1015967
4774;25.5351206
4775;24.9733653
4776;24.4669932
4777;23.9681688
4778;23.4446013
4779;22.9264862
4780;22.3427517
4781;21.6816735
4782;21.0230238
4783;21.0625428
4784;21.5503708
4785;22.1902016
4786;22.9935626
4787;23.8277489
4788;24.5593337
4789;25.1793026
4790;25.6607075
4791;26.2347368
4792;26.7646452
4793;27.1995462
4794;27.4252619
4795;27.5686726
4796;27.2501877
4797;26.638666
4798;26.0847454
4799;25.5171408
4800;24.9403291
4801;24.3596799
4802;23.7889123
4803;23.2238056
4804;22.6347195
4805;21.9752432
4806;21.299356
4807;21.3877274
4808;21.8118455
4809;22.3788304
4810;23.1305755
4811;23.9431162
4812;24.7274603
4813;25.3663349
4814;25.9866802
4815;26.6337356
4816;27.1816527
4817;27.6239988
4818;27.85408
4819;27.9765141
4820;27.6261609
4821;27.02447
4822;26.4458402
4823;25.8556359
4824;25.2706667
4825;24.682315
4826;24.1014622
4827;23.5279038
4828;22.9539171
4829;22.388829
4830;21.8641294
4831;22.04666
4832;22.4971482
4833;23.0496755
4834;23.8100465
4835;24.635491
4836;25.4231258
4837;26.0868171
4838;26.7525703
4839;27.4685088
4840;28.0969675
4841;28.5875981
4842;28.8763454
4843;29.0709096
4844;28.7563446
4845;28.0052203
4846;27.2426228
4847;26.4246922
4848;25.6157893
4849;24.8513619
4850;24.0898808
4851;23.3318189
4852;22.5897175
4853;21.8807622
4854;21.225999
4855;21.4153648
4856;22.0468475
4857;22.9506464
4858;24.0560429
4859;25.0719343
4860;25.934144
4861;26.6448908
4862;27.3648993
4863;28.1387204
4864;28.8358444
4865;29.3671818
4866;29.6179708
4867;29.7827618
4868;29.4312443
4869;28.8026923
4870;28.2167233
4871;27.6065697
4872;26.8479179
4873;26.0631134
4874;25.2576968
4875;24.4823562
4876;23.7239927
4877;23.0012739
4878;22.3772694
4879;22.4426829
4880;23.0812892
4881;23.925117
4882;24.9618289
4883;25.8886389
4884;26.7417697
4885;27.4338463
4886;28.1261953
4887;28.1916149
4888;28.2925451
4889;28.4780672
4890;28.5076292
4891;28.3443383
4892;27.8317324
4893;27.1968079
4894;26.6281053
4895;26.0292775
4896;25.4379543
4897;24.8387056
4898;24.2495775
4899;23.6700306
4900;23.1303861
4901;22.6325308
4902;22.2141469
4903;21.9424968
4904;22.2736693
4905;23.140828
4906;23.8860144
4907;24.6233915
4908;25.2275362
4909;24.7176363
4910;24.2882695
4911;23.9824162
4912;23.8557435
4913;23.9505025
4914;24.3493953
4915;24.6445813
4916;24.6748912
4917;24.0419058
4918;23.4168504
4919;22.7977738
4920;22.2202784
4921;21.6618734
4922;21.1178962
4923;20.596332
4924;20.1130178
4925;19.6377504
4926;19.8442219
4927;19.871607
4928;20.3268055
4929;21.2103481
4930;22.2212198
4931;23.1848147
4932;24.0544377
4933;24.2467617
4934;25.0873753
4935;25.7208641
4936;25.1798637
4937;25.4698844
4938;25.7563748
4939;26.0345025
4940;25.6700717
4941;25.1341151
4942;24.5790293
4943;24.0066459
4944;23.4267047
4945;22.8524849
4946;22.2786525
4947;21.7217511
4948;21.1991751
4949;20.6991699
4950;20.2286179
4951;20.0819194
4952;20.741939
4953;21.7241483
4954;22.5649052
4955;23.7942771
4956;24.900684
4957;25.8266994
4958;26.6031799
4959;26.8936151
4960;27.2833835
4961;28.3392314
4962;28.6516152
4963;28.9439612
4964;28.595035
4965;27.968169
4966;27.6259577
4967;27.2985901
4968;26.6913726
4969;25.9645147
4970;25.2407591
4971;24.5256211
4972;23.8957077
4973;23.3193094
4974;22.7904604
4975;22.9217164
4976;23.583325
4977;24.377127
4978;25.2389953
4979;26.172678
4980;27.1983099
4981;28.1162592
4982;29.0659372
4983;29.9315563
4984;30.7102914
4985;31.3302548
4986;31.6903281
4987;31.847699
4988;31.3243313
4989;30.5590381
4990;29.7854169
4991;28.9426696
4992;28.0502468
4993;27.2348942
4994;26.6578206
4995;26.2639586
4996;25.7843771
4997;25.3148837
4998;24.7404706
4999;24.3185776
5000;24.214002
5001;24.8174935
5002;25.3161513
5003;25.8836996
5004;27.0879536
5005;27.9884884
5006;28.7863473
5007;29.6658806
5008;30.1829643
5009;29.0276771
5010;28.0771586
5011;27.4000147
5012;26.7991812
5013;25.7951748
5014;24.9397917
5015;24.2497803
5016;23.6332836
5017;23.0516792
5018;22.5526644
5019;22.1283612
5020;21.7408474
5021;21.3966917
5022;21.0906337
5023;20.8415851
5024;20.7060257
5025;20.5191253
5026;20.5325591
5027;20.6034202
5028;20.6503936
5029;20.5938603
5030;20.4949992
5031;20.2991839
5032;20.0843372
5033;19.9971662
5034;19.9490892
5035;19.948225
5036;19.9157884
5037;19.8473684
5038;19.1581706
5039;18.8101618
5040;18.5234111
5041;18.2750924
5042;18.0552122
5043;17.9732137
5044;17.9181612
5045;17.8759042
5046;19.2305055
5047;19.5081025
5048;19.6660612
5049;19.8348959
5050;20.0501556
5051;20.5901596
5052;21.0645424
5053;21.4574612
5054;21.2470334
5055;21.9128796
5056;22.3786314
5057;22.7822385
5058;22.9239043
5059;22.6773689
5060;22.3299432
5061;21.9608442
5062;21.5669721
5063;21.2023739
5064;20.8884417
5065;20.6514927
5066;20.4839406
5067;20.3533753
5068;20.2120933
5069;20.0438535
5070;19.981786
5071;19.9930114
5072;20.5193931
5073;20.6101268
5074;20.8758178
5075;21.4037141
5076;22.0630232
5077;22.6423379
5078;23.1756788
5079;23.6929703
5080;24.1685208
5081;24.5302266
5082;24.4987129
5083;24.3478274
5084;23.8840439
5085;23.2573916
5086;22.7770739
5087;22.3163468
5088;21.8539349
5089;21.3829386
5090;20.9016012
5091;20.4099625
5092;19.9086517
5093;19.3984538
5094;19.7590556
5095;19.7578307
5096;19.8164208
5097;19.820847
5098;20.4111518
5099;21.5305008
5100;22.4283419
5101;23.2366555
5102;23.9760103
5103;24.6778034
5104;25.0947955
5105;25.7089215
5106;25.9858096
5107;25.8667246
5108;25.0894151
5109;24.6355596
5110;24.1730087
5111;23.6634858
5112;23.1465679
5113;22.6318877
5114;22.1259094
5115;21.6621805
5116;21.2462124
5117;20.8647123
5118;20.5052842
5119;20.700724
5120;20.5767138
5121;21.1480478
5122;21.5189937
5123;21.5959552
5124;21.6446088
5125;21.8453579
5126;22.1807262
5127;22.3479808
5128;22.1708785
5129;22.0289914
5130;21.7153821
5131;21.4166743
5132;20.9672363
5133;20.5251527
5134;20.1438334
5135;19.7742742
5136;19.3949485
5137;19.0392975
5138;18.6964934
5139;18.3606968
5140;18.0780835
5141;17.9721484
5142;19.2841747
5143;19.5105123
5144;19.5519996
5145;19.5863415
5146;19.7350844
5147;19.9240632
5148;20.0148511
5149;20.3636824
5150;20.7118727
5151;21.0041258
5152;21.1127801
5153;21.0822461
5154;21.1324726
5155;20.7558627
5156;20.6589875
5157;20.1094337
5158;19.4840965
5159;18.7970489
5160;18.1918338
5161;17.9760979
5162;17.8429958
5163;17.7414264
5164;17.6587546
5165;17.5899768
5166;18.9244036
5167;19.159181
5168;19.3767175
5169;19.6129025
5170;19.8060237
5171;19.9901464
5172;20.4637415
5173;20.8701583
5174;21.1337634
5175;21.3058239
5176;21.4217604
5177;21.7354965
5178;21.7796548
5179;22.0534073
5180;21.7465954
5181;21.1126287
5182;20.5056539
5183;19.8834089
5184;19.3593986
5185;18.8609824
5186;18.4439615
5187;18.139035
5188;18.0001845
5189;17.9047711
5190;19.2242933
5191;19.3791573
5192;19.4513462
5193;19.522928
5194;19.5977587
5195;19.6662872
5196;19.7183785
5197;19.7542583
5198;19.7739236
5199;19.8399818
5200;19.8213247
5201;19.8287749
5202;19.7599907
5203;19.70363
5204;19.6763778
5205;19.620586
5206;18.2813639
5207;18.0134436
5208;17.9048366
5209;17.8381869
5210;17.78545
5211;17.7356462
5212;17.6873674
5213;17.6447969
5214;19.0034225
5215;19.1688203
5216;19.2298226
5217;19.2988816
5218;19.4897053
5219;19.6307085
5220;19.7345021
5221;19.8258309
5222;19.8836463
5223;19.8675156
5224;19.8726424
5225;19.8862472
5226;19.8743296
5227;19.873489
5228;19.8379484
5229;19.7876687
5230;18.899471
5231;18.3163035
5232;18.0192472
5233;17.8851889
5234;17.7793441
5235;17.6982331
5236;17.639551
5237;17.5969848
5238;18.9494918
5239;19.1980064
5240;19.4039295
5241;19.6223578
5242;19.8366213
5243;20.1427377
5244;20.6293042
5245;21.103381
5246;21.4969979
5247;22.0435128
5248;22.5450366
5249;22.8340161
5250;23.0206207
5251;22.9939486
5252;22.6262103
5253;21.8182966
5254;21.4856586
5255;21.062138
5256;20.2285644
5257;19.3492674
5258;18.5635402
5259;18.1038566
5260;17.9423199
5261;17.8358758
5262;19.1629199
5263;19.2897034
5264;19.4197287
5265;19.6102796
5266;19.9316469
5267;20.4508058
5268;20.8997786
5269;20.7190904
5270;20.570271
5271;20.3885851
5272;20.6468846
5273;20.7406058
5274;20.7238877
5275;20.479944
5276;20.1439468
5277;19.9643589
5278;19.3581347
5279;18.8531152
5280;18.3493255
5281;18.0467445
5282;17.9229718
5283;17.8249618
5284;17.7420079
5285;17.6664223
5286;18.9918992
5287;19.2233517
5288;19.4227097
5289;19.6617684
5290;19.8832332
5291;20.3046698
5292;20.7824672
5293;21.272566
5294;21.7643518
5295;22.248542
5296;22.7207972
5297;23.0088674
5298;23.1266733
5299;23.0358829
5300;22.6274344
5301;21.9369523
5302;21.3578656
5303;20.8582007
5304;20.5131603
5305;20.1179924
5306;19.5564321
5307;18.9245133
5308;18.3271712
5309;18.0428145
5310;19.3076764
5311;19.4952435
5312;19.6553056
5313;19.8676932
5314;20.6451668
5315;21.5239429
5316;22.1429326
5317;22.7198935
5318;23.2247277
5319;23.8115391
5320;24.3009833
5321;24.4711571
5322;24.5696594
5323;24.2740727
5324;23.9965873
5325;23.4085844
5326;22.7582411
5327;22.0590093
5328;21.3940837
5329;20.777315
5330;20.2336404
5331;19.6961436
5332;19.2380101
5333;18.8852643
5334;19.6446441
5335;19.7279201
5336;19.8169244
5337;19.9915146
5338;20.4796243
5339;21.1380694
5340;21.8289221
5341;22.3944198
5342;22.7525188
5343;23.3236524
5344;23.7393694
5345;23.6988305
5346;23.7430093
5347;23.7037215
5348;23.2388196
5349;22.7253788
5350;22.2876571
5351;21.9487504
5352;21.5265729
5353;21.0322706
5354;20.5555719
5355;20.1710542
5356;19.7594936
5357;19.3571118
5358;19.7589957
5359;19.7372519
5360;19.7499845
5361;19.8497531
5362;19.8591125
5363;19.9146833
5364;20.2697278
5365;20.7492503
5366;20.6044983
5367;20.8199123
5368;20.4252844
5369;20.5198846
5370;20.6382675
5371;20.7659854
5372;20.3441092
5373;20.0227511
5374;19.5579052
5375;19.0502593
5376;18.479656
5377;18.0743526
5378;17.9323437
5379;17.8348646
5380;17.7608609
5381;17.6975384
5382;19.0356472
5383;19.2077148
5384;19.3069422
5385;19.4792711
5386;19.7152691
5387;19.8733879
5388;19.8717614
5389;19.9686584
5390;20.1318023
5391;20.2233501
5392;20.8278871
5393;20.6667306
5394;20.6551686
5395;20.7763705
5396;20.3570738
5397;20.0222932
5398;19.5606603
5399;19.2665525
5400;18.8932105
5401;18.38127
5402;18.0423129
5403;17.9093868
5404;17.8068296
5405;17.7222622
5406;19.0464931
5407;19.1972192
5408;19.3317882
5409;19.5192513
5410;19.7510928
5411;19.9595746
5412;20.4259087
5413;20.9321728
5414;21.4603983
5415;21.9656151
5416;22.2930084
5417;22.6519547
5418;22.4643071
5419;22.2482801
5420;21.926699
5421;21.465147
5422;21.0477248
5423;20.5987789
5424;20.0514459
5425;19.5591019
5426;19.1391097
5427;18.7604271
5428;18.413301
5429;18.129188
5430;19.4045325
5431;19.5012961
5432;19.5829175
5433;19.7287477
5434;19.8395477
5435;20.0512796
5436;20.2331063
5437;20.6222317
5438;20.4080946
5439;20.9716448
5440;20.6686953
5441;20.9180216
5442;20.924534
5443;20.6908311
5444;20.1520882
5445;19.9521252
5446;19.2239759
5447;18.7285472
5448;18.2638545
5449;18.0313164
5450;17.9278648
5451;17.8525905
5452;17.7923646
5453;17.7442649
5454;19.1024032
5455;19.2326728
5456;19.4486801
5457;19.5614478
5458;19.5976073
5459;19.6663096
5460;19.6215183
5461;19.6180961
5462;19.7511357
5463;19.8162485
5464;19.7660315
5465;19.7706272
5466;19.6902806
5467;19.6522192
5468;19.6023161
5469;19.5552625
5470;18.1412808
5471;17.9597926
5472;17.8659102
5473;17.8065989
5474;17.7667645
5475;17.7400265
5476;17.7201116
5477;17.7004039
5478;19.0757691
5479;19.2290386
5480;19.3148636
5481;19.4072205
5482;19.5573988
5483;19.6596123
5484;19.7548898
5485;19.8484546
5486;19.9026522
5487;19.9293707
5488;19.9148072
5489;19.8736662
5490;19.8487974
5491;19.7930911
5492;19.7400973
5493;19.6936315
5494;18.6130447
5495;18.1656519
5496;17.9965634
5497;17.9041309
5498;17.8321398
5499;17.7766196
5500;17.7378938
5501;17.7135027
5502;19.0941811
5503;19.2431154
5504;19.3364971
5505;19.4243854
5506;19.5452815
5507;19.5919401
5508;19.664527
5509;19.754236
5510;19.753536
5511;19.805631
5512;19.8795697
5513;20.1883857
5514;20.1410772
5515;20.1370896
5516;19.9397086
5517;19.8396285
5518;18.9570994
5519;18.5538005
5520;18.2338886
5521;18.0367146
5522;17.9549857
5523;17.8902621
5524;17.8388483
5525;17.7990142
5526;19.1623119
5527;19.2850848
5528;19.5059453
5529;19.6183448
5530;19.817562
5531;19.9750288
5532;20.3339108
5533;20.6898773
5534;21.0400828
5535;21.4761058
5536;21.903048
5537;22.1413021
5538;22.2037737
5539;22.0205489
5540;21.3414534
5541;20.6913924
5542;19.9921321
5543;19.294534
5544;18.6442783
5545;18.151645
5546;17.9859508
5547;17.8753092
5548;17.7907189
5549;17.7234021
5550;19.0583002
5551;19.263591
5552;19.4505141
5553;19.662564
5554;19.9001453
5555;20.5384206
5556;21.4172926
5557;22.1346308
5558;22.8801611
5559;23.6584663
5560;24.2959059
5561;24.7380031
5562;24.9717392
5563;24.9070022
5564;24.3175416
5565;23.73204
5566;23.1213679
5567;22.8566139
5568;22.6135494
5569;22.1131084
5570;21.2913475
5571;20.4617763
5572;19.7269023
5573;19.0933309
5574;19.673483
5575;19.7221311
5576;19.821338
5577;20.3198268
5578;21.4203959
5579;22.461253
5580;23.3187449
5581;24.0191762
5582;24.7074917
5583;25.3586878
5584;25.9421513
5585;26.3997609
5586;26.6467183
5587;26.5350145
5588;26.096349
5589;25.7448786
5590;25.2603602
5591;24.5852633
5592;23.7918391
5593;22.9908698
5594;22.2300277
5595;21.5123997
5596;20.8527029
5597;20.2657575
5598;20.0352346
5599;20.0039772
5600;20.1156525
5601;21.0659597
5602;22.2458426
5603;23.3772598
5604;24.348505
5605;25.0507672
5606;25.7588631
5607;26.4850047
5608;27.0664038
5609;27.2108031
5610;27.0038337
5611;26.8089709
5612;26.299979
5613;25.7052985
5614;25.152644
5615;24.6436807
5616;24.0250623
5617;23.3688246
5618;22.7049622
5619;22.071757
5620;21.5209997
5621;21.0875954
5622;20.8517043
5623;20.7903654
5624;20.9271154
5625;21.1666391
5626;21.3826291
5627;21.5364078
5628;21.5504236
5629;21.6643747
5630;21.7056748
5631;21.9554927
5632;22.8768563
5633;23.0121364
5634;23.1153739
5635;23.1119559
5636;22.9487713
5637;22.6441496
5638;22.3371251
5639;22.0605959
5640;21.7579601
5641;21.4406364
5642;21.1553331
5643;20.8855182
5644;20.6053266
5645;20.3219255
5646;20.0841582
5647;20.0115435
5648;20.0091927
5649;20.0130705
5650;20.1694313
5651;20.0120214
5652;20.4568832
5653;20.2613372
5654;20.046428
5655;20.1290214
5656;20.3000412
5657;20.1817972
5658;20.3209174
5659;20.0224912
5660;19.9070001
5661;19.8193847
5662;18.8823284
5663;18.3701612
5664;18.0489355
5665;17.9172527
5666;17.814545
5667;17.7348166
5668;17.6728647
5669;17.6257858
5670;18.9743134
5671;19.1369537
5672;19.3066827
5673;19.5129188
5674;19.730553
5675;19.868473
5676;19.9551511
5677;20.3523519
5678;20.7647554
5679;21.2020588
5680;21.6066451
5681;21.8902146
5682;21.7325133
5683;21.4283898
5684;20.960284
5685;20.4114962
5686;19.9082683
5687;19.477301
5688;19.126182
5689;18.8387405
5690;18.6424929
5691;18.5054453
5692;18.3963417
5693;18.2774352
5694;19.4583336
5695;19.5785132
5696;19.7892805
5697;20.2400851
5698;21.1839411
5699;22.161547
5700;23.0470628
5701;23.7933183
5702;24.5138636
5703;25.0292546
5704;25.3183713
5705;25.6303567
5706;25.4957527
5707;25.4485085
5708;25.1389327
5709;24.6671682
5710;24.1582158
5711;23.7028759
5712;23.2657952
5713;22.8858879
5714;22.7559694
5715;22.8863227
5716;23.04009
5717;23.0296419
5718;22.7973231
5719;22.6119224
5720;22.2078073
5721;22.0371421
5722;21.9012382
5723;21.7403811
5724;22.0602824
5725;22.1538805
5726;22.9852312
5727;23.1522788
5728;23.7662147
5729;23.3206626
5730;22.8004032
5731;22.3759576
5732;21.9030987
5733;21.3056955
5734;20.7229462
5735;20.2227588
5736;19.7567809
5737;19.2607771
5738;18.7175826
5739;18.2154746
5740;18.0079071
5741;17.891383
5742;19.1936201
5743;19.2706872
5744;19.3407659
5745;19.3739486
5746;19.4126896
5747;19.5531638
5748;19.7181508
5749;19.8158072
5750;19.8814142
5751;19.8839913
5752;19.9190785
5753;19.9903229
5754;19.9768796
5755;19.8482775
5756;19.7318436
5757;19.6311249
5758;18.1517152
5759;17.928436
5760;17.7988885
5761;17.7143799
5762;17.6479603
5763;17.5865098
5764;17.5392866
5765;17.503265
5766;18.8632707
5767;18.9853337
5768;19.1998935
5769;19.3935574
5770;19.5302606
5771;19.6923587
5772;19.6429857
5773;19.685517
5774;19.8372253
5775;19.7781436
5776;19.8644235
5777;19.796755
5778;19.7403745
5779;19.660918
5780;19.5800507
5781;19.5137704
5782;18.0649496
5783;17.8817693
5784;17.7705132
5785;17.6921378
5786;17.6291587
5787;17.5739291
5788;17.519353
5789;17.4603642
5790;18.7996112
5791;18.912846
5792;19.0028365
5793;19.1124579
5794;19.1406763
5795;19.1989467
5796;19.2200979
5797;19.2344914
5798;19.2664747
5799;19.3043126
5800;19.4768561
5801;19.4796514
5802;19.369789
5803;19.3261974
5804;19.3075337
5805;19.2878153
5806;17.8786368
5807;17.7230398
5808;17.6260231
5809;17.5616085
5810;17.5121931
5811;17.4693059
5812;17.4398994
5813;17.4201351
5814;18.7935355
5815;18.9274453
5816;19.0129767
5817;19.1670167
5818;19.3088282
5819;19.445446
5820;19.6151989
5821;19.713461
5822;19.7207194
5823;19.8522124
5824;19.8908857
5825;19.8913974
5826;19.8147005
5827;19.6358254
5828;19.5056835
5829;19.4694769
5830;18.0710948
5831;17.9383365
5832;17.871755
5833;17.8371658
5834;17.8215865
5835;17.8187901
5836;17.8252636
5837;17.8386944
5838;19.2482811
5839;19.4218002
5840;19.6722419
5841;19.8593533
5842;20.9473104
5843;22.3013293
5844;23.4487872
5845;24.3750859
5846;25.2884881
5847;26.2123043
5848;26.9831834
5849;27.537697
5850;27.7964427
5851;27.2768201
5852;26.6887155
5853;25.8873273
5854;25.0682013
5855;24.2382755
5856;23.5677511
5857;22.9933562
5858;22.4549696
5859;21.973858
5860;21.4815606
5861;21.0301056
5862;20.528059
5863;20.1316368
5864;20.2620998
5865;20.5356629
5866;20.756399
5867;21.2257038
5868;21.7692496
5869;22.1388981
5870;22.4492082
5871;22.8223073
5872;22.7730828
5873;22.9402121
5874;22.6446415
5875;22.2773963
5876;21.8027523
5877;21.4289553
5878;21.0844818
5879;20.7305297
5880;20.3581765
5881;20.0259523
5882;19.7582619
5883;19.4931822
5884;19.252382
5885;19.0145627
5886;19.6747003
5887;19.7141747
5888;19.8283672
5889;19.867094
5890;20.0241438
5891;20.0135474
5892;19.9999876
5893;20.1798008
5894;20.8412728
5895;21.0867642
5896;21.4514156
5897;21.6545872
5898;21.2032543
5899;20.9735684
5900;20.5159573
5901;20.0957067
5902;19.6345985
5903;19.2716498
5904;18.9587491
5905;18.6310387
5906;18.3042386
5907;18.0523505
5908;17.9630803
5909;17.8958032
5910;19.2314294
5911;19.3243335
5912;19.4861258
5913;19.6723968
5914;19.7971021
5915;19.8670896
5916;20.0088702
5917;19.9297277
5918;19.8975494
5919;19.9436474
5920;20.1655022
5921;19.8912777
5922;19.9550079
5923;19.8610702
5924;19.6845385
5925;19.5762663
5926;18.1093944
5927;17.9013419
5928;17.7726837
5929;17.6872914
5930;17.6186256
5931;17.5622241
5932;17.5181097
5933;17.4806
5934;18.8394715
5935;18.9609488
5936;19.1643748
5937;19.3336717
5938;19.4243907
5939;19.492395
5940;19.5827884
5941;19.5917786
5942;19.6715473
5943;19.7544286
5944;19.8790373
5945;19.9166003
5946;19.8682661
5947;19.7395268
5948;19.6425036
5949;19.5667024
5950;18.1094264
5951;17.9160455
5952;17.7924325
5953;17.6969501
5954;17.6220702
5955;17.5600763
5956;17.5025922
5957;17.4474196
5958;18.7879922
5959;18.8859246
5960;19.0952115
5961;19.3222141
5962;19.5411828
5963;19.6728508
5964;19.7858489
5965;19.8717812
5966;19.9469312
5967;20.038869
5968;20.1598208
5969;20.3213287
5970;20.2277712
5971;19.9710285
5972;19.8080718
5973;19.6901969
5974;18.240911
5975;17.9592611
5976;17.808912
5977;17.6992455
5978;17.6090519
5979;17.5250755
5980;17.4439858
5981;17.3738336
5982;18.7012867
5983;18.7895131
5984;19.000725
5985;19.2678087
5986;19.5724827
5987;19.8231922
5988;20.2759048
5989;20.9211089
5990;21.5402912
5991;22.0366108
5992;22.4855134
5993;22.9114328
5994;23.110602
5995;22.7917159
5996;22.1609868
5997;21.3631312
5998;20.4124509
5999;19.4777515
6000;18.5855625
6001;18.0919189
6002;17.8915638
6003;17.742578
6004;17.6252489
6005;17.5319841
6006;18.8493595
6007;18.9363341
6008;19.1390521
6009;19.4021307
6010;19.7167436
6011;20.2332386
6012;21.0671626
6013;21.7862793
6014;22.5517511
6015;23.335277
6016;23.9716681
6017;24.3971078
6018;24.479905
6019;23.9879277
6020;23.1872472
6021;22.4627287
6022;21.7294181
6023;20.9923627
6024;20.2388696
6025;19.4457533
6026;18.6894088
6027;18.153766
6028;17.9582644
6029;17.804755
6030;19.0760545
6031;19.1302511
6032;19.3137803
6033;19.530319
6034;19.782482
6035;20.1309021
6036;20.79075
6037;21.3985822
6038;22.0761384
6039;22.7887528
6040;22.4252911
6041;23.2946233
6042;23.5122259
6043;23.1528371
6044;22.4057193
6045;21.6520034
6046;20.9088056
6047;20.2328739
6048;19.7028139
6049;19.5417613
6050;19.3695809
6051;19.0993262
6052;18.7446405
6053;18.2195493
6054;19.348775
6055;19.3225741
6056;19.4536243
6057;19.6449961
6058;19.867244
6059;20.2981978
6060;20.9199876
6061;21.4894429
6062;22.0728418
6063;22.7282663
6064;23.1189778
6065;23.4677365
6066;23.4378374
6067;22.9693444
6068;22.3416242
6069;21.7699812
6070;21.2460655
6071;20.7348476
6072;20.2265576
6073;19.7361087
6074;19.2866374
6075;18.8277753
6076;18.3823279
6077;18.0769903
6078;19.3653498
6079;19.4359822
6080;19.4893754
6081;19.5476018
6082;19.6185723
6083;19.6615989
6084;19.7129164
6085;19.8123117
6086;19.8423898
6087;20.0569423
6088;19.9614717
6089;19.9461801
6090;19.975251
6091;19.9117918
6092;19.8476886
6093;19.7933251
6094;19.0067159
6095;18.6703838
6096;18.3563552
6097;18.0803366
6098;17.9774164
6099;17.9068394
6100;17.84848
6101;17.8005786
6102;19.1547281
6103;19.2658882
6104;19.357099
6105;19.5643636
6106;19.7164381
6107;19.8632975
6108;19.9727277
6109;20.0810966
6110;20.4027123
6111;20.8122856
6112;21.0494543
6113;21.2724433
6114;21.0570398
6115;20.4852264
6116;20.0523452
6117;19.9140198
6118;19.0533135
6119;18.4810407
6120;18.0839385
6121;17.9398697
6122;17.8234903
6123;17.7239997
6124;17.6292888
6125;17.5446913
6126;18.8638643
6127;18.9359251
6128;19.1306639
6129;19.3366414
6130;19.5554265
6131;19.7228426
6132;19.820623
6133;19.7875696
6134;19.9039307
6135;19.9765046
6136;20.0108481
6137;19.9312098
6138;19.9491395
6139;19.8025348
6140;19.6769941
6141;19.5785862
6142;18.0956374
6143;17.8779483
6144;17.7309463
6145;17.6293543
6146;17.5586141
6147;17.5024937
6148;17.4503906
6149;17.4109458
6150;18.776444
6151;18.8858373
6152;18.9609538
6153;19.0408523
6154;19.1381618
6155;19.227722
6156;19.3156326
6157;19.3670021
6158;19.4422474
6159;19.4428621
6160;19.518481
6161;19.5314478
6162;19.4833287
6163;19.4494043
6164;19.3915731
6165;19.3262674
6166;17.8734012
6167;17.6842145
6168;17.558691
6169;17.4534605
6170;17.3590312
6171;17.2735377
6172;17.2044202
6173;17.163587
6174;18.5520923
6175;18.7103317
6176;18.8149211
6177;18.9720854
6178;19.1336829
6179;19.2651058
6180;19.3655645
6181;19.5155172
6182;19.6019881
6183;19.7160232
6184;19.7944918
6185;19.8402465
6186;19.9150039
6187;19.7962792
6188;19.7032576
6189;19.6160715
6190;18.1915603
6191;17.95161
6192;17.8048282
6193;17.6884706
6194;17.5954926
6195;17.5160747
6196;17.4572012
6197;17.4296324
6198;18.8258659
6199;18.9883391
6200;19.1249947
6201;19.2467174
6202;19.4272515
6203;19.6242746
6204;19.7548337
6205;19.9882699
6206;20.5935754
6207;20.9621647
6208;21.2449214
6209;21.2256645
6210;21.1756098
6211;20.7651345
6212;20.3366421
6213;20.0290755
6214;19.5804496
6215;19.2074281
6216;18.8595674
6217;18.5098502
6218;18.1699156
6219;18.008949
6220;17.9353977
6221;17.8847111
6222;19.2372398
6223;19.3469767
6224;19.4273619
6225;19.4709004
6226;19.5756774
6227;19.5918867
6228;19.6285466
6229;19.6613946
6230;19.7133143
6231;19.7588452
6232;19.7472782
6233;19.7329054
6234;19.7151365
6235;19.6948711
6236;19.6765501
6237;19.6619194
6238;18.646879
6239;18.2749921
6240;18.0363008
6241;17.9501057
6242;17.8910151
6243;17.8490168
6244;17.8192477
6245;17.7985773
6246;19.175095
6247;19.3052247
6248;19.4122797
6249;19.4958902
6250;19.6105497
6251;19.6989293
6252;19.7381709
6253;19.8274507
6254;19.9116589
6255;20.1816511
6256;20.2655309
6257;20.4435714
6258;20.6105107
6259;20.3979045
6260;20.1047022
6261;19.9448964
6262;19.4145444
6263;19.1101453
6264;18.8645605
6265;18.5564393
6266;18.1970812
6267;18.0092215
6268;17.9184747
6269;17.8471498
6270;19.1768613
6271;19.2435552
6272;19.3097521
6273;19.5207604
6274;19.693729
6275;19.8458654
6276;19.9091417
6277;20.5138273
6278;20.9623062
6279;21.5159934
6280;21.5396315
6281;21.5355543
6282;21.6543757
6283;21.0918099
6284;20.5928371
6285;20.1386812
6286;19.5837066
6287;19.0407443
6288;18.4957413
6289;18.1185801
6290;17.9974609
6291;17.9007185
6292;17.8007948
6293;17.7190248
6294;19.0471993
6295;19.1496839
6296;19.2243423
6297;19.4772923
6298;19.6860372
6299;19.842178
6300;20.2655606
6301;20.7429614
6302;21.2060681
6303;21.707622
6304;21.9374566
6305;21.7240248
6306;21.49313
6307;21.0260158
6308;20.5289772
6309;20.1018317
6310;19.7201419
6311;19.1951043
6312;18.6512926
6313;18.1854462
6314;17.9990552
6315;17.8957811
6316;17.8154108
6317;17.7541456
6318;19.1032412
6319;19.2047244
6320;19.2997853
6321;19.4263244
6322;19.6102715
6323;19.7085803
6324;19.7864937
6325;19.8675892
6326;20.0256095
6327;20.6666833
6328;21.0906898
6329;21.2649222
6330;20.9652599
6331;20.3918789
6332;20.0359591
6333;19.9318583
6334;19.3204453
6335;18.8925057
6336;18.4526705
6337;18.0733413
6338;17.9346015
6339;17.8447649
6340;17.797325
6341;17.7535791
6342;19.0914475
6343;19.186284
6344;19.2745503
6345;19.4107108
6346;19.5680491
6347;19.7168594
6348;19.9133641
6349;20.2416509
6350;20.7764477
6351;21.3590702
6352;21.7765994
6353;22.0021266
6354;21.8865619
6355;21.2631873
6356;20.7619429
6357;20.3479067
6358;20.1825682
6359;20.0086386
6360;19.4851432
6361;18.7982
6362;18.2122216
6363;17.9913436
6364;17.8701947
6365;17.7843353
6366;19.1056298
6367;19.1871878
6368;19.2637142
6369;19.3961378
6370;19.6702226
6371;19.9512108
6372;20.4301289
6373;20.9882542
6374;21.6160375
6375;22.2457331
6376;22.6996215
6377;22.9204555
6378;22.8121044
6379;22.1023516
6380;21.4568374
6381;20.777251
6382;20.101884
6383;19.8272294
6384;19.5504327
6385;18.920696
6386;18.2767807
6387;17.9999079
6388;17.8627598
6389;17.7982814
6390;19.1321801
6391;19.166215
6392;19.2602198
6393;19.375531
6394;19.6101237
6395;19.8860595
6396;20.1448058
6397;20.5494821
6398;21.0789862
6399;21.6275711
6400;21.8231235
6401;22.0659564
6402;21.838261
6403;21.1747393
6404;20.6483763
6405;20.1590607
6406;19.6093152
6407;19.0617666
6408;18.563332
6409;18.1311766
6410;17.9758105
6411;17.8747162
6412;17.799806
6413;17.7444734
6414;19.0943534
6415;19.20684
6416;19.342133
6417;19.4491264
6418;19.5756011
6419;19.6906091
6420;19.7959896
6421;19.8876521
6422;19.989612
6423;20.1941424
6424;20.4857122
6425;20.6646313
6426;20.4504445
6427;19.9835063
6428;19.8551652
6429;19.7496486
6430;18.4972433
6431;18.0656317
6432;17.904786
6433;17.7765288
6434;17.6729649
6435;17.5978884
6436;17.5576638
6437;17.5387361
6438;18.9040681
6439;19.018474
6440;19.2057185
6441;19.3557761
6442;19.5721185
6443;19.763245
6444;19.9088134
6445;20.1186349
6446;20.5687102
6447;21.0989853
6448;21.4739326
6449;21.6661262
6450;21.4264968
6451;20.738481
6452;20.1402609
6453;19.912735
6454;18.7169906
6455;18.125628
6456;17.9456512
6457;17.8454776
6458;17.7753442
6459;17.7045819
6460;17.6210525
6461;17.5297983
6462;18.8395008
6463;18.910099
6464;19.064026
6465;19.2645148
6466;19.5173892
6467;19.7550615
6468;19.9306473
6469;20.2273622
6470;20.7215189
6471;21.2504491
6472;21.6380536
6473;21.8064692
6474;21.6170982
6475;20.8774222
6476;20.2384845
6477;19.9590271
6478;18.9029039
6479;18.2844874
6480;18.0703426
6481;17.9960502
6482;17.8980626
6483;17.7694749
6484;17.6582407
6485;17.5932099
6486;18.9390235
6487;19.0287513
6488;19.1870187
6489;19.3571225
6490;19.6024391
6491;19.8260453
6492;20.038721
6493;20.3868261
6494;20.8638755
6495;21.3187202
6496;21.6353953
6497;21.6815996
6498;21.2552143
6499;20.5703594
6500;20.0819559
6501;19.924612
6502;18.8752176
6503;18.162638
6504;17.9297159
6505;17.7862013
6506;17.6861708
6507;17.6041638
6508;17.5264679
6509;17.4564681
6510;18.7957479
6511;18.9046629
6512;19.0487319
6513;19.1969256
6514;19.3821995
6515;19.5485001
6516;19.716522
6517;19.8086342
6518;19.9289368
6519;20.1533577
6520;20.4073393
6521;20.4760774
6522;20.1444933
6523;19.899783
6524;19.7818557
6525;19.6898939
6526;18.4249278
6527;18.0176566
6528;17.8389083
6529;17.7334625
6530;17.6694664
6531;17.6217209
6532;17.5766364
6533;17.5425978
6534;18.914829
6535;19.0465793
6536;19.1490898
6537;19.2530932
6538;19.3634334
6539;19.4763493
6540;19.5818587
6541;19.6918195
6542;19.7520354
6543;19.8192507
6544;19.8486291
6545;19.8905444
6546;19.8262989
6547;19.6752938
6548;19.6161708
6549;19.5825374
6550;18.2681236
6551;18.0174051
6552;17.9165513
6553;17.8456273
6554;17.7914106
6555;17.7479489
6556;17.7124649
6557;17.6828497
6558;19.0485705
6559;19.1658098
6560;19.2529019
6561;19.3417079
6562;19.475611
6563;19.6663928
6564;19.8581861
6565;19.9120415
6566;19.9665629
6567;19.9274463
6568;19.8900026
6569;19.9190247
6570;19.8598329
6571;19.80713
6572;19.7493498
6573;19.6607363
6574;18.251983
6575;17.9806353
6576;17.8476879
6577;17.7444162
6578;17.6695519
6579;17.622985
6580;17.5905779
6581;17.5695235
6582;18.9469286
6583;19.0673257
6584;19.150624
6585;19.2326166
6586;19.3574119
6587;19.3982889
6588;19.5349306
6589;19.6837679
6590;19.6861068
6591;19.6949381
6592;19.8310037
6593;19.8834427
6594;19.8161226
6595;19.6660603
6596;19.5710808
6597;19.4871916
6598;18.0254207
6599;17.8314497
6600;17.703202
6601;17.6136634
6602;17.5534656
6603;17.5103839
6604;17.4774142
6605;17.4484668
6606;18.8097505
6607;18.9176155
6608;19.0987829
6609;19.2733024
6610;19.4374206
6611;19.5619935
6612;19.550647
6613;19.5314957
6614;19.5048625
6615;19.5128719
6616;19.4985112
6617;19.454867
6618;19.4565319
6619;19.3920973
6620;19.3506963
6621;19.3038544
6622;17.8696742
6623;17.6998358
6624;17.5923254
6625;17.5161175
6626;17.4515463
6627;17.3935481
6628;17.3559536
6629;17.3332329
6630;18.6951765
6631;18.8062445
6632;18.879459
6633;18.9663441
6634;19.0715851
6635;19.147585
6636;19.2733234
6637;19.3915092
6638;19.4208108
6639;19.4366884
6640;19.4627914
6641;19.437584
6642;19.4060967
6643;19.3593919
6644;19.3278685
6645;19.3053333
6646;17.8951846
6647;17.733005
6648;17.6257793
6649;17.5406757
6650;17.463654
6651;17.3918738
6652;17.3333418
6653;17.2793926
6654;18.6157561
6655;18.7079096
6656;18.7687184
6657;19.0051387
6658;19.1725462
6659;19.2676887
6660;19.3169816
6661;19.4145281
6662;19.5056895
6663;19.6005179
6664;19.6491102
6665;19.671477
6666;19.5706834
6667;19.367869
6668;19.2516606
6669;19.1546714
6670;17.679598
6671;17.4681462
6672;17.3212802
6673;17.2047547
6674;17.1040858
6675;17.0367704
6676;17.0071896
6677;17.0092639
6678;18.4171496
6679;18.568959
6680;18.675824
6681;18.7778323
6682;18.8267239
6683;18.9173178
6684;18.9925063
6685;19.0753425
6686;19.0966569
6687;19.105657
6688;19.1295343
6689;19.157487
6690;19.17709
6691;19.126643
6692;19.1058248
6693;19.0888322
6694;17.6854069
6695;17.5408423
6696;17.4575689
6697;17.4030122
6698;17.3645646
6699;17.3373368
6700;17.317283
6701;17.3022851
6702;18.6814079
6703;18.8106631
6704;18.8980111
6705;19.0001637
6706;19.0745176
6707;19.1331068
6708;19.2001882
6709;19.2642384
6710;19.3417065
6711;19.3386619
6712;19.3754287
6713;19.3907983
6714;19.3473094
6715;19.2904319
6716;19.250636
6717;19.2069261
6718;17.7707519
6719;17.5897933
6720;17.4751649
6721;17.3981502
6722;17.3432185
6723;17.3057957
6724;17.2736348
6725;17.2393084
6726;18.5990157
6727;18.7131371
6728;18.7788693
6729;18.8537881
6730;18.991798
6731;19.0572273
6732;19.1576707
6733;19.2750475
6734;19.3013533
6735;19.3559667
6736;19.2685821
6737;19.2323304
6738;19.1992613
6739;19.1438621
6740;19.0998131
6741;19.0530804
6742;17.6130212
6743;17.4234974
6744;17.3139543
6745;17.2597078
6746;17.2171571
6747;17.1716455
6748;17.1296267
6749;17.0911846
6750;18.4433616
6751;18.5443581
6752;18.6040178
6753;18.7263155
6754;18.8334996
6755;18.9115766
6756;19.0661019
6757;19.1921031
6758;19.2814981
6759;19.3202102
6760;19.3278145
6761;19.2966001
6762;19.2296066
6763;19.1557294
6764;19.0958263
6765;19.0295821
6766;17.5732631
6767;17.3874823
6768;17.2848195
6769;17.2146628
6770;17.1455218
6771;17.0775715
6772;17.0184557
6773;16.9733878
6774;18.3280587
6775;18.4341782
6776;18.4731135
6777;18.5661583
6778;18.6610551
6779;18.7750089
6780;19.0058931
6781;19.1978628
6782;19.313821
6783;19.4052195
6784;19.3917214
6785;19.2986721
6786;19.23707
6787;19.1696973
6788;19.0963646
6789;19.0093781
6790;17.5381833
6791;17.3437982
6792;17.2152588
6793;17.1108075
6794;17.0278778
6795;16.9536702
6796;16.8884168
6797;16.8400047
6798;18.1921246
6799;18.3009478
6800;18.3742508
6801;18.5499639
6802;18.862972
6803;19.0772716
6804;19.2382948
6805;19.2735391
6806;19.2009985
6807;19.280138
6808;19.2327251
6809;19.212941
6810;19.1615768
6811;19.1003902
6812;19.0376892
6813;18.9747121
6814;17.5223209
6815;17.3187067
6816;17.1778815
6817;17.0945876
6818;17.0501559
6819;17.0133962
6820;16.9709234
6821;16.9309511
6822;18.2918086
6823;18.3958268
6824;18.4331229
6825;18.6170834
6826;18.8091819
6827;18.9924104
6828;19.1318772
6829;19.2480437
6830;19.3215804
6831;19.4056089
6832;19.4849322
6833;19.4509781
6834;19.2939023
6835;19.2095654
6836;19.1410378
6837;19.0742504
6838;17.6105605
6839;17.3998192
6840;17.2583346
6841;17.1547375
6842;17.0777042
6843;17.0199149
6844;16.97515
6845;16.9394482
6846;18.3018845
6847;18.4180792
6848;18.4949742
6849;18.7529658
6850;18.9544379
6851;19.114946
6852;19.2256129
6853;19.3220598
6854;19.209267
6855;19.3168541
6856;19.438636
6857;19.5011908
6858;19.348499
6859;19.259547
6860;19.186139
6861;19.1105454
6862;17.6494847
6863;17.4611741
6864;17.3428685
6865;17.2552982
6866;17.1819819
6867;17.1199042
6868;17.069616
6869;17.0282311
6870;18.3858269
6871;18.4981875
6872;18.5696626
6873;18.6650713
6874;18.8775448
6875;19.0348195
6876;19.1373987
6877;19.2368533
6878;19.4068581
6879;19.5203671
6880;19.531145
6881;19.5249603
6882;19.497099
6883;19.4465129
6884;19.4188008
6885;19.3459653
6886;17.8302614
6887;17.6064933
6888;17.4868716
6889;17.413999
6890;17.3598775
6891;17.3090775
6892;17.2564509
6893;17.2037047
6894;18.5498378
6895;18.6630922
6896;18.7508513
6897;18.9235659
6898;19.1606358
6899;19.333458
6900;19.5164425
6901;19.6308599
6902;19.7518482
6903;19.6396509
6904;19.6278524
6905;19.6177714
6906;19.5857519
6907;19.5237764
6908;19.4375957
6909;19.3741743
6910;17.9180594
6911;17.6785131
6912;17.5001829
6913;17.3617032
6914;17.2491649
6915;17.1588942
6916;17.0914009
6917;17.0529205
6918;18.4282087
6919;18.563344
6920;18.6420467
6921;18.7077755
6922;18.8157231
6923;18.9750947
6924;19.14978
6925;19.3193879
6926;19.4660489
6927;19.5757669
6928;19.6487373
6929;19.684859
6930;19.6718394
6931;19.6050238
6932;19.515099
6933;19.4242686
6934;17.9385391
6935;17.7150423
6936;17.5712364
6937;17.4602028
6938;17.3663217
6939;17.2931883
6940;17.2414957
6941;17.2072323
6942;18.5785763
6943;18.7114007
6944;18.7923938
6945;18.8608604
6946;18.9539912
6947;19.0811792
6948;19.2218415
6949;19.3530301
6950;19.4639635
6951;19.677132
6952;19.7151993
6953;19.6599531
6954;19.5805182
6955;19.5111784
6956;19.4516239
6957;19.4031201
6958;17.9736247
6959;17.8028328
6960;17.6957829
6961;17.6199241
6962;17.5641677
6963;17.5179567
6964;17.4723943
6965;17.4277435
6966;18.7789556
6967;18.8856577
6968;18.9498531
6969;19.0205139
6970;19.1635482
6971;19.2693409
6972;19.4212024
6973;19.4161336
6974;19.4487823
6975;19.4930158
6976;19.5198559
6977;19.5097223
6978;19.4240716
6979;19.368155
6980;19.3210838
6981;19.2871243
6982;17.8605513
6983;17.6800566
6984;17.5650995
6985;17.4877747
6986;17.4326171
6987;17.3948233
6988;17.3691128
6989;17.3459439
6990;18.7154628
6991;18.8334798
6992;18.8921998
6993;19.1072887
6994;19.2663022
6995;19.174668
6996;19.2502805
6997;19.2702609
6998;19.3719266
6999;19.4571784
7000;19.4785677
7001;19.4068924
7002;19.3171985
7003;19.2473525
7004;19.1897507
7005;19.1519491
7006;17.729776
7007;17.5521262
7008;17.4315784
7009;17.3472008
7010;17.2843944
7011;17.2369314
7012;17.2033935
7013;17.17946
7014;18.5502693
7015;18.6726929
7016;18.7373252
7017;18.8990974
7018;18.9828916
7019;19.0516933
7020;19.0787389
7021;19.1707709
7022;19.1486697
7023;19.2507634
7024;19.203946
7025;19.196653
7026;19.1442043
7027;19.1031127
7028;19.069341
7029;19.0459365
7030;17.6372781
7031;17.4847953
7032;17.3897518
7033;17.3220257
7034;17.2722006
7035;17.2314703
7036;17.1958358
7037;17.1645827
7038;18.5251216
7039;18.6286487
7040;18.6669034
7041;18.7380458
7042;18.7930218
7043;18.8663149
7044;19.0107551
7045;19.0506733
7046;19.0824718
7047;19.0996934
7048;19.0947352
7049;19.1161043
7050;19.0660667
7051;19.015985
7052;18.9564899
7053;18.8913462
7054;17.4494581
7055;17.2756684
7056;17.157783
7057;17.0772371
7058;17.0354504
7059;17.0124049
7060;16.9924448
7061;16.9744077
7062;18.3512703
7063;18.470999
7064;18.5285041
7065;18.6964842
7066;18.8153796
7067;18.9407997
7068;19.106195
7069;19.107327
7070;19.1440729
7071;19.1714873
7072;19.1921501
7073;19.23465
7074;19.1674485
7075;19.1104341
7076;19.0295536
7077;18.9426729
7078;17.4673186
7079;17.2440611
7080;17.0939756
7081;16.984681
7082;16.8932047
7083;16.8161689
7084;16.7533839
7085;16.7061491
7086;18.0670753
7087;18.1872906
7088;18.2589046
7089;18.3684488
7090;18.5563515
7091;18.7573269
7092;19.0219998
7093;19.118249
7094;19.1421513
7095;19.1923193
7096;19.2383163
7097;19.2692795
7098;19.2292612
7099;19.1923513
7100;19.1557337
7101;19.1382692
7102;17.7457654
7103;17.6099174
7104;17.5365835
7105;17.4858109
7106;17.4482255
7107;17.4221944
7108;17.3993944
7109;17.3806272
7110;18.7492192
7111;18.8596541
7112;18.9150705
7113;19.0035798
7114;19.1301215
7115;19.3738396
7116;19.4182946
7117;19.5910884
7118;19.6032607
7119;19.6284077
7120;19.6748171
7121;19.691205
7122;19.6596188
7123;19.5945673
7124;19.5292244
7125;19.4834799
7126;18.0509713
7127;17.8711112
7128;17.7582558
7129;17.6847647
7130;17.6341531
7131;17.5964118
7132;17.5698949
7133;17.5560556
7134;18.9435699
7135;19.0744657
7136;19.1410669
7137;19.266482
7138;19.333339
7139;19.3962448
7140;19.479415
7141;19.5240682
7142;19.5321999
7143;19.5454322
7144;19.5382697
7145;19.5265762
7146;19.4738813
7147;19.4243457
7148;19.3787216
7149;19.3337769
7150;17.899192
7151;17.7273542
7152;17.622153
7153;17.5392808
7154;17.4656386
7155;17.4126486
7156;17.3727746
7157;17.3294441
7158;18.6940789
7159;18.8310942
7160;18.9887768
7161;19.1075302
7162;19.1863709
7163;19.3277618
7164;19.3735907
7165;19.3710609
7166;19.3984744
7167;19.3890654
7168;19.3740452
7169;19.3212993
7170;19.2801304
7171;19.2366141
7172;19.1850477
7173;19.1373191
7174;17.7217825
7175;17.5739509
7176;17.4834269
7177;17.40717
7178;17.3311629
7179;17.2559846
7180;17.1899645
7181;17.143117
7182;18.498873
7183;18.6181567
7184;18.7533647
7185;18.987295
7186;19.1191432
7187;19.2961383
7188;19.4073287
7189;19.5222334
7190;19.6033948
7191;19.6532597
7192;19.6116363
7193;19.4387416
7194;19.3246711
7195;19.1997914
7196;19.0984747
7197;19.0320198
7198;17.5825117
7199;17.3894946
7200;17.2610741
7201;17.1668806
7202;17.0954626
7203;17.0338125
7204;16.9796791
7205;16.926837
7206;18.2697019
7207;18.3751887
7208;18.5698197
7209;18.726153
7210;19.025981
7211;19.2693936
7212;19.4233106
7213;19.540136
7214;19.6603855
7215;19.6890328
7216;19.6624159
7217;19.4791424
7218;19.3672946
7219;19.2806328
7220;19.1942637
7221;19.1049236
7222;17.6455305
7223;17.4477429
7224;17.3148672
7225;17.2226845
7226;17.1573008
7227;17.1217312
7228;17.1060017
7229;17.1028796
7230;18.4980781
7231;18.6391813
7232;18.7652729
7233;18.8886731
7234;18.9657063
7235;19.0924154
7236;19.2828993
7237;19.392774
7238;19.391739
7239;19.3939569
7240;19.3688693
7241;19.309557
7242;19.260031
7243;19.2000829
7244;19.1653076
7245;19.1557582
7246;17.7501445
7247;17.5914276
7248;17.4873372
7249;17.4053372
7250;17.3378976
7251;17.2603436
7252;17.1615473
7253;17.0701457
7254;18.3972249
7255;18.4909085
7256;18.6261609
7257;18.7480949
7258;18.8278917
7259;18.9517506
7260;19.1353015
7261;19.3327244
7262;19.4792899
7263;19.5467109
7264;19.5045829
7265;19.3402025
7266;19.2335853
7267;19.1310749
7268;19.0404914
7269;18.9665011
7270;17.5125894
7271;17.3222704
7272;17.1991708
7273;17.1063769
7274;17.0353573
7275;16.9820407
7276;16.9381954
7277;16.8945934
7278;18.2444263
7279;18.3409581
7280;18.5355104
7281;18.7914537
7282;19.0360796
7283;19.1981143
7284;19.3055025
7285;19.428757
7286;19.5346781
7287;19.5795619
7288;19.5233292
7289;19.2461273
7290;19.0399172
7291;18.9672801
7292;18.9432826
7293;18.9400281
7294;17.5566184
7295;17.4318375
7296;17.370152
7297;17.3386133
7298;17.3246559
7299;17.3227257
7300;17.3294123
7301;17.3423629
7302;18.7510084
7303;18.911511
7304;19.0241881
7305;19.1433354
7306;19.229979
7307;19.3314776
7308;19.3866244
7309;19.4551894
7310;19.5194732
7311;19.4974733
7312;19.6164586
7313;19.5233743
7314;19.5070169
7315;19.5045468
7316;19.5140376
7317;19.5261359
7318;18.2254648
7319;17.9986193
7320;17.911958
7321;17.8605283
7322;17.83
7323;17.8087804
7324;17.7872832
7325;17.7652257
7326;19.1362046
7327;19.2583943
7328;19.3663368
7329;19.4713876
7330;19.6693672
7331;19.8046843
7332;19.8458364
7333;19.8821516
7334;19.9082043
7335;19.9341075
7336;19.9335214
7337;19.8609587
7338;19.789672
7339;19.725624
7340;19.6914801
7341;19.6718417
7342;18.6687745
7343;18.334805
7344;18.0899603
7345;17.9909031
7346;17.9362297
7347;17.8781502
7348;17.805822
7349;17.7229586
7350;19.0321057
7351;19.1020659
7352;19.1320498
7353;19.2043944
7354;19.2625449
7355;19.2508739
7356;19.2849132
7357;19.2832597
7358;19.3239281
7359;19.3145055
7360;19.2771837
7361;19.2451515
7362;19.2107351
7363;19.1714498
7364;19.1428066
7365;19.1262716
7366;17.7195541
7367;17.5646589
7368;17.4654854
7369;17.3876152
7370;17.3226624
7371;17.2692392
7372;17.2151869
7373;17.1523312
7374;18.4773307
7375;18.5554956
7376;18.638465
7377;18.7878375
7378;18.8284591
7379;18.9111953
7380;18.9770624
7381;18.9983819
7382;19.0289192
7383;19.0291436
7384;19.0485933
7385;19.0158978
7386;19.0001114
7387;18.9882021
7388;18.9703607
7389;18.9519513
7390;17.5500749
7391;17.4007495
7392;17.3042594
7393;17.2256421
7394;17.1531932
7395;17.0905086
7396;17.0491739
7397;17.0285105
7398;18.4057867
7399;18.5371674
7400;18.7434492
7401;18.9016481
7402;19.0476083
7403;19.1732703
7404;19.2590575
7405;19.3696545
7406;19.4525428
7407;19.4111461
7408;19.4207547
7409;19.2462375
7410;19.1480913
7411;19.0609172
7412;18.9803444
7413;18.9052019
7414;17.4394845
7415;17.2252072
7416;17.0728907
7417;16.9582238
7418;16.8741881
7419;16.813645
7420;16.765436
7421;16.7221172
7422;18.0757533
7423;18.1876614
7424;18.4117659
7425;18.6514853
7426;18.8901581
7427;19.0888518
7428;19.211335
7429;19.3460357
7430;19.4652627
7431;19.4645807
7432;19.4226715
7433;19.2533256
7434;19.1387532
7435;19.0430339
7436;18.9516546
7437;18.8706203
7438;17.4184221
7439;17.2287299
7440;17.1042877
7441;17.0139544
7442;16.9452764
7443;16.8916171
7444;16.8539719
7445;16.8271874
7446;18.1924367
7447;18.3146856
7448;18.5778366
7449;18.814969
7450;19.0036242
7451;19.1737859
7452;19.3094278
7453;19.4802668
7454;19.6270347
7455;19.7027124
7456;19.6515243
7457;19.4558758
7458;19.3164206
7459;19.1888633
7460;19.0704153
7461;18.9769032
7462;17.5251624
7463;17.3439005
7464;17.2240979
7465;17.1277413
7466;17.046455
7467;16.9799382
7468;16.9279108
7469;16.8896061
7470;18.2597921
7471;18.3842088
7472;18.5197207
7473;18.737865
7474;19.0530025
7475;19.3282218
7476;19.5147135
7477;19.6935142
7478;19.822663
7479;19.8753974
7480;19.784866
7481;19.6090422
7482;19.4782808
7483;19.3684713
7484;19.3351422
7485;19.3363532
7486;17.917884
7487;17.7021921
7488;17.4868959
7489;17.3002196
7490;17.165612
7491;17.0729505
7492;17.0152391
7493;16.9782865
7494;18.3498196
7495;18.4786728
7496;18.5903258
7497;18.8021308
7498;19.0743837
7499;19.3033951
7500;19.4453238
7501;19.5917808
7502;19.7031485
7503;19.7495937
7504;19.6841732
7505;19.5213789
7506;19.4095241
7507;19.3112462
7508;19.2225
7509;19.1344141
7510;17.6583279
7511;17.4484176
7512;17.3118456
7513;17.2094738
7514;17.120487
7515;17.0411262
7516;16.9808508
7517;16.9406085
7518;18.3041706
7519;18.42134
7520;18.5334692
7521;18.789239
7522;18.9497673
7523;19.1347118
7524;19.2502044
7525;19.3914621
7526;19.4991903
7527;19.5303263
7528;19.3954885
7529;19.3231091
7530;19.2464864
7531;19.1694062
7532;19.0959907
7533;19.0436347
7534;17.6209785
7535;17.4549539
7536;17.343926
7537;17.262429
7538;17.2033584
7539;17.1642346
7540;17.1420665
7541;17.1222694
7542;18.497013
7543;18.6320917
7544;18.732711
7545;18.8424411
7546;18.9347848
7547;19.0318103
7548;19.1372879
7549;19.2421767
7550;19.3167375
7551;19.4252894
7552;19.3894257
7553;19.2821996
7554;19.2275464
7555;19.1848362
7556;19.1305556
7557;19.0614661
7558;17.6041231
7559;17.4187214
7560;17.310426
7561;17.2340081
7562;17.1774161
7563;17.1361527
7564;17.1079153
7565;17.086666
7566;18.4649043
7567;18.6061236
7568;18.7092831
7569;18.8293497
7570;19.1550584
7571;19.3666945
7572;19.4155638
7573;19.4304224
7574;19.4398363
7575;19.4323536
7576;19.3901461
7577;19.3327003
7578;19.279822
7579;19.2329613
7580;19.1810358
7581;19.1330545
7582;17.7035458
7583;17.5241987
7584;17.4067159
7585;17.3174541
7586;17.2448242
7587;17.1864708
7588;17.1359581
7589;17.0848494
7590;18.4309318
7591;18.5371035
7592;18.6158901
7593;18.7845974
7594;18.9255392
7595;19.1649416
7596;19.3451225
7597;19.5727788
7598;19.5975782
7599;19.578838
7600;19.559825
7601;19.455074
7602;19.3772232
7603;19.3250653
7604;19.2771459
7605;19.2424905
7606;17.8311493
7607;17.6713472
7608;17.5634416
7609;17.4781315
7610;17.408745
7611;17.3516421
7612;17.3121594
7613;17.2769078
7614;18.6199658
7615;18.7100989
7616;18.7635609
7617;19.0296533
7618;19.2261726
7619;19.4327225
7620;19.5880342
7621;19.7326617
7622;19.8375362
7623;19.8697245
7624;19.6861052
7625;19.5550537
7626;19.4251906
7627;19.3139751
7628;19.2203209
7629;19.1412635
7630;17.6869541
7631;17.499109
7632;17.3828573
7633;17.3043027
7634;17.2478801
7635;17.2068053
7636;17.1741052
7637;17.1458191
7638;18.5128084
7639;18.6288013
7640;18.7100755
7641;18.9811403
7642;19.2033474
7643;19.4404032
7644;19.5891185
7645;19.7363704
7646;19.8174669
7647;19.8504482
7648;19.6672764
7649;19.5438144
7650;19.4456182
7651;19.3769398
7652;19.3368384
7653;19.3202998
7654;17.9207613
7655;17.7624754
7656;17.6615825
7657;17.6005104
7658;17.5563564
7659;17.5064941
7660;17.4454971
7661;17.3834638
7662;18.7193395
7663;18.8164188
7664;18.8764983
7665;18.9589387
7666;19.094341
7667;19.2340746
7668;19.2128581
7669;19.1864295
7670;19.3429408
7671;19.3800416
7672;19.2392119
7673;19.1801292
7674;19.1444575
7675;19.1203111
7676;19.090932
7677;19.062065
7678;17.6485438
7679;17.479958
7680;17.3661778
7681;17.2831254
7682;17.2169887
7683;17.1636671
7684;17.1238829
7685;17.0931061
7686;18.4539295
7687;18.5639727
7688;18.6372093
7689;18.8413277
7690;19.0659482
7691;19.2128402
7692;19.3085083
7693;19.3646034
7694;19.3693738
7695;19.3518351
7696;19.2824497
7697;19.2173373
7698;19.1473387
7699;19.0743829
7700;19.001869
7701;18.9236546
7702;17.4507893
7703;17.2407471
7704;17.1036551
7705;17.0006127
7706;16.9186203
7707;16.8566156
7708;16.8067738
7709;16.758757
7710;18.1046603
7711;18.205915
7712;18.2679683
7713;18.5458138
7714;18.8095148
7715;19.0661365
7716;19.2605297
7717;19.4478017
7718;19.5864682
7719;19.6452697
7720;19.4844013
7721;19.3616512
7722;19.2359329
7723;19.138074
7724;19.0626569
7725;19.0104413
7726;17.5949701
7727;17.4481814
7728;17.3709124
7729;17.3284699
7730;17.3063189
7731;17.293789
7732;17.2848262
7733;17.2778743
7734;18.6680414
7735;18.8258242
7736;18.934336
7737;19.069167
7738;19.1260706
7739;19.1579307
7740;19.1289458
7741;19.1132607
7742;19.1801546
7743;19.097174
7744;19.0500906
7745;19.007961
7746;18.9690798
7747;18.9359177
7748;18.897273
7749;18.8558483
7750;17.4398419
7751;17.2889062
7752;17.201487
7753;17.1408192
7754;17.089269
7755;17.0418382
7756;16.9925944
7757;16.9383612
7758;18.2742902
7759;18.3542438
7760;18.3972904
7761;18.6183371
7762;18.7757086
7763;18.8614366
7764;18.814663
7765;18.7899771
7766;18.7967085
7767;18.8017321
7768;18.7608677
7769;18.7252409
7770;18.6820379
7771;18.6479223
7772;18.6155425
7773;18.5747078
7774;17.1302595
7775;16.9421159
7776;16.8363288
7777;16.7571628
7778;16.6640512
7779;16.5844306
7780;16.5432949
7781;16.5217132
7782;17.8987735
7783;18.0290338
7784;18.1104727
7785;18.2326292
7786;18.3218596
7787;18.5428711
7788;18.6752896
7789;18.7647629
7790;18.8855849
7791;18.9576632
7792;18.8187114
7793;18.7297493
7794;18.6224475
7795;18.5127905
7796;18.4141595
7797;18.3405451
7798;16.9023714
7799;16.7302065
7800;16.623085
7801;16.5511318
7802;16.4965562
7803;16.4505995
7804;16.4193213
7805;16.4016324
7806;17.7819966
7807;17.9202601
7808;18.021949
7809;18.2391979
7810;18.468026
7811;18.6826074
7812;18.8595827
7813;18.9306642
7814;19.0495926
7815;18.9371855
7816;18.8697682
7817;18.7956861
7818;18.7173822
7819;18.6434306
7820;18.5864995
7821;18.5471706
7822;17.1281542
7823;16.9676314
7824;16.8812483
7825;16.8275917
7826;16.7822828
7827;16.74621
7828;16.7222909
7829;16.7010423
7830;18.0758399
7831;18.2088414
7832;18.3145258
7833;18.4540792
7834;18.5363277
7835;18.6588582
7836;18.7049477
7837;18.7680663
7838;18.8151356
7839;18.7992163
7840;18.7901077
7841;18.7758939
7842;18.7559013
7843;18.7360376
7844;18.7268093
7845;18.7176881
7846;17.2996435
7847;17.1255041
7848;17.0078535
7849;16.9082675
7850;16.8200955
7851;16.751395
7852;16.7047065
7853;16.6689978
7854;18.0219119
7855;18.1252135
7856;18.2044808
7857;18.3264996
7858;18.4275723
7859;18.5358385
7860;18.6242232
7861;18.698748
7862;18.8777963
7863;18.9931379
7864;18.8641649
7865;18.7992432
7866;18.7368016
7867;18.673024
7868;18.6053284
7869;18.5429831
7870;17.0990377
7871;16.9114208
7872;16.7856938
7873;16.6910156
7874;16.6176218
7875;16.560046
7876;16.5176181
7877;16.491144
7878;17.8628662
7879;17.9852419
7880;18.065727
7881;18.3285476
7882;18.5736454
7883;18.8054926
7884;18.991439
7885;19.1733627
7886;19.3188415
7887;19.3719346
7888;19.2087651
7889;19.0847659
7890;18.9347931
7891;18.7870743
7892;18.6597731
7893;18.56083
7894;17.0981609
7895;16.9011812
7896;16.7716495
7897;16.6778195
7898;16.6096012
7899;16.561545
7900;16.5252487
7901;16.4963609
7902;17.8649432
7903;17.9854622
7904;18.0513527
7905;18.2940181
7906;18.5341697
7907;18.7608477
7908;18.9349304
7909;19.1098678
7910;19.2397022
7911;19.2831793
7912;19.1195473
7913;19.0056529
7914;18.870872
7915;18.7329681
7916;18.6098704
7917;18.5188609
7918;17.0687449
7919;16.8845664
7920;16.7645405
7921;16.6743121
7922;16.6044858
7923;16.5521504
7924;16.5216365
7925;16.5020003
7926;17.8775384
7927;17.9964
7928;18.0713441
7929;18.3264532
7930;18.5563065
7931;18.7531943
7932;18.8442268
7933;19.0539688
7934;19.1833353
7935;19.2202579
7936;19.0497367
7937;18.9269307
7938;18.8016981
7939;18.6925833
7940;18.592923
7941;18.5090111
7942;17.055957
7943;16.866667
7944;16.7446897
7945;16.6567458
7946;16.5896136
7947;16.5342034
7948;16.4855835
7949;16.4442328
7950;17.8023336
7951;17.9186274
7952;17.9885083
7953;18.2371624
7954;18.4401045
7955;18.6072159
7956;18.7373079
7957;18.8806627
7958;18.9910888
7959;19.0153776
7960;18.8379407
7961;18.7265426
7962;18.6330199
7963;18.5625249
7964;18.49179
7965;18.428563
7966;16.9960647
7967;16.8265303
7968;16.7296901
7969;16.6726941
7970;16.6459628
7971;16.6316251
7972;16.6089185
7973;16.5796389
7974;17.9409957
7975;18.0537557
7976;18.1196288
7977;18.1957942
7978;18.2499428
7979;18.3316139
7980;18.4932673
7981;18.6289082
7982;18.6956184
7983;18.6833586
7984;18.568907
7985;18.4931878
7986;18.4152768
7987;18.3341648
7988;18.286468
7989;18.2723523
7990;16.8714528
7991;16.7120542
7992;16.6114746
7993;16.5440434
7994;16.5027356
7995;16.4936556
7996;16.491055
7997;16.4752692
7998;17.85192
7999;17.9814226
8000;18.0157489
8001;18.2061972
8002;18.3866127
8003;18.5410436
8004;18.6538187
8005;18.770759
8006;18.8522671
8007;18.8656086
8008;18.688822
8009;18.5037823
8010;18.3452966
8011;18.3005849
8012;18.2975205
8013;18.3126383
8014;16.9466595
8015;16.8387683
8016;16.7936123
8017;16.7783431
8018;16.7804605
8019;16.7942416
8020;16.8164713
8021;16.8450388
8022;18.2692895
8023;18.4453675
8024;18.5659376
8025;18.8071888
8026;18.8156817
8027;19.0060269
8028;19.0981472
8029;19.1878415
8030;19.1380963
8031;19.1036898
8032;19.0530177
8033;18.9949977
8034;18.9340176
8035;18.8882564
8036;18.8624138
8037;18.8505279
8038;17.4526184
8039;17.3099546
8040;17.2326524
8041;17.1775944
8042;17.1367866
8043;17.1225227
8044;17.1258866
8045;17.1316466
8046;18.5330926
8047;18.6843368
8048;18.7664083
8049;19.0066384
8050;18.9546367
8051;18.9902754
8052;19.0738058
8053;19.1422178
8054;19.1284243
8055;19.1191773
8056;19.120889
8057;19.1277394
8058;19.1323753
8059;19.1366471
8060;19.1496264
8061;19.15647
8062;17.7597031
8063;17.6182807
8064;17.5391387
8065;17.4868534
8066;17.4480368
8067;17.4182368
8068;17.3923625
8069;17.3718428
8070;18.748276
8071;18.8755589
8072;18.9526582
8073;19.1736832
8074;19.1848201
8075;19.2614674
8076;19.304909
8077;19.3030955
8078;19.2767775
8079;19.2750128
8080;19.2584062
8081;19.2461673
8082;19.231794
8083;19.2124217
8084;19.2134055
8085;19.2193059
8086;17.807681
8087;17.6334251
8088;17.524102
8089;17.4521197
8090;17.392631
8091;17.3414647
8092;17.3035567
8093;17.2705917
8094;18.6345453
8095;18.7502559
8096;18.8099069
8097;18.9857467
8098;18.9785222
8099;18.9670263
8100;18.963219
8101;18.9882014
8102;18.9842803
8103;19.0364237
8104;18.9625142
8105;18.918081
8106;18.8718962
8107;18.8164126
8108;18.7881548
8109;18.7798717
8110;17.3704573
8111;17.1789361
8112;17.0146707
8113;16.9124641
8114;16.873944
8115;16.852307
8116;16.8308669
8117;16.8193576
8118;18.204295
8119;18.3409108
8120;18.4152907
8121;18.5875458
8122;18.6476907
8123;18.7522284
8124;18.8748998
8125;19.065968
8126;19.1896088
8127;19.2216795
8128;19.0663876
8129;18.9929515
8130;18.9361021
8131;18.891617
8132;18.8523852
8133;18.8191493
8134;17.4083907
8135;17.2609398
8136;17.1789209
8137;17.1333408
8138;17.1123497
8139;17.0950159
8140;17.0790251
8141;17.0726993
8142;18.4710299
8143;18.6287863
8144;18.7080676
8145;18.7866247
8146;18.9104223
8147;18.9785553
8148;19.0414686
8149;19.0919382
8150;19.1420634
8151;19.2180835
8152;19.1424416
8153;19.1164068
8154;19.0995482
8155;19.0915755
8156;19.0976619
8157;19.1081302
8158;17.7253247
8159;17.5950393
8160;17.5231525
8161;17.474279
8162;17.4369259
8163;17.4074979
8164;17.3846309
8165;17.3684364
8166;18.7483233
8167;18.8774055
8168;18.9515987
8169;19.0319784
8170;19.104317
8171;19.133132
8172;19.2195612
8173;19.2047513
8174;19.2214239
8175;19.2096488
8176;19.1838184
8177;19.1557473
8178;19.1296637
8179;19.1201151
8180;19.1059415
8181;19.078469
8182;17.6596816
8183;17.4709106
8184;17.325664
8185;17.2160283
8186;17.1366397
8187;17.0801598
8188;17.0381689
8189;17.004042
8190;18.3664188
8191;18.485076
8192;18.5491487
8193;18.7380422
8194;18.8109731
8195;18.7855591
8196;18.9265589
8197;18.8933639
8198;18.9178034
8199;18.8577003
8200;18.8306713
8201;18.8222932
8202;18.8199086
8203;18.821275
8204;18.8242818
8205;18.8291547
8206;17.4457282
8207;17.3189514
8208;17.262451
8209;17.2347698
8210;17.2086973
8211;17.1881886
8212;17.1705269
8213;17.1411708
8214;18.4958482
8215;18.5984449
8216;18.6509215
8217;18.7078961
8218;18.7348659
8219;18.7868321
8220;18.8189404
8221;18.8411553
8222;18.8549369
8223;18.8608152
8224;18.8227087
8225;18.8009098
8226;18.7886921
8227;18.7865741
8228;18.7780778
8229;18.7614558
8230;17.354583
8231;17.2017055
8232;17.105114
8233;17.0377573
8234;16.9830263
8235;16.9322917
8236;16.8913208
8237;16.8569486
8238;18.222384
8239;18.3403354
8240;18.4000039
8241;18.6307589
8242;18.5990098
8243;18.6061211
8244;18.6781348
8245;18.7224033
8246;18.7334952
8247;18.7691366
8248;18.6960028
8249;18.6488427
8250;18.6162365
8251;18.5910365
8252;18.5634484
8253;18.5335319
8254;17.1122671
8255;16.9539233
8256;16.8640445
8257;16.7977741
8258;16.7439877
8259;16.70199
8260;16.6721372
8261;16.6486276
8262;18.0139177
8263;18.1326454
8264;18.1999421
8265;18.2585332
8266;18.3219702
8267;18.4400915
8268;18.5093384
8269;18.5798367
8270;18.5810734
8271;18.5833545
8272;18.5369876
8273;18.5006963
8274;18.4615519
8275;18.4277091
8276;18.3956316
8277;18.3622858
8278;16.9369638
8279;16.7644202
8280;16.6630975
8281;16.6081689
8282;16.5908566
8283;16.5893182
8284;16.5845871
8285;16.5784889
8286;17.9609754
8287;18.0884175
8288;18.1239352
8289;18.15857
8290;18.2246183
8291;18.3089497
8292;18.4513934
8293;18.4700269
8294;18.5074106
8295;18.5125031
8296;18.4940251
8297;18.4669354
8298;18.4288169
8299;18.3903112
8300;18.3670334
8301;18.3509279
8302;16.9455295
8303;16.8087142
8304;16.7368673
8305;16.6839491
8306;16.6412538
8307;16.6088308
8308;16.5788259
8309;16.5503511
8310;17.9116389
8311;18.0261187
8312;18.0908154
8313;18.167145
8314;18.2165677
8315;18.2714538
8316;18.3067689
8317;18.3459838
8318;18.3762842
8319;18.391361
8320;18.3783345
8321;18.368967
8322;18.3578081
8323;18.3482419
8324;18.3258044
8325;18.2995357
8326;16.8886305
8327;16.7378043
8328;16.6538202
8329;16.5919066
8330;16.5401734
8331;16.5022874
8332;16.4786044
8333;16.4605349
8334;17.8343703
8335;17.9562462
8336;18.0290387
8337;18.0992912
8338;18.1532546
8339;18.1994651
8340;18.2409409
8341;18.271377
8342;18.2894841
8343;18.2927016
8344;18.2834192
8345;18.2785358
8346;18.2732328
8347;18.2709736
8348;18.2654321
8349;18.2573564
8350;16.8564159
8351;16.6987905
8352;16.5981602
8353;16.5211081
8354;16.4735914
8355;16.4555865
8356;16.4369595
8357;16.412494
8358;17.7744817
8359;17.886503
8360;17.9533556
8361;18.0287619
8362;18.1071449
8363;18.1816347
8364;18.2510596
8365;18.3077828
8366;18.3495584
8367;18.3674658
8368;18.3479551
8369;18.3108318
8370;18.2655483
8371;18.2270891
8372;18.1846734
8373;18.1460065
8374;16.7318772
8375;16.5779739
8376;16.4860199
8377;16.4340327
8378;16.4130908
8379;16.4072746
8380;16.4076898
8381;16.4090276
8382;17.7968518
8383;17.9314092
8384;18.0050046
8385;18.0821298
8386;18.2150906
8387;18.369936
8388;18.5332513
8389;18.5628349
8390;18.6173353
8391;18.5996478
8392;18.5739695
8393;18.5490183
8394;18.5290958
8395;18.5146971
8396;18.498134
8397;18.4796576
8398;17.0658223
8399;16.8862602
8400;16.755533
8401;16.6574163
8402;16.5812014
8403;16.5211494
8404;16.4804942
8405;16.4491829
8406;17.8066549
8407;17.9149268
8408;17.9945959
8409;18.1010042
8410;18.3736006
8411;18.4856918
8412;18.5478414
8413;18.6638653
8414;18.6766689
8415;18.6765726
8416;18.6635278
8417;18.650564
8418;18.6395806
8419;18.6310097
8420;18.6094869
8421;18.5816539
8422;17.1854572
8423;17.0543659
8424;16.9716796
8425;16.8947773
8426;16.8128443
8427;16.7301695
8428;16.6522315
8429;16.5875177
8430;17.9221545
8431;18.0108615
8432;18.0581003
8433;18.2507383
8434;18.4331255
8435;18.5795936
8436;18.6796341
8437;18.7937338
8438;18.8376581
8439;18.8675148
8440;18.7475197
8441;18.6574456
8442;18.5639631
8443;18.4866799
8444;18.4357764
8445;18.3998639
8446;16.9757663
8447;16.803808
8448;16.6874026
8449;16.5998166
8450;16.541495
8451;16.5153
8452;16.517096
8453;16.5353861
8454;17.9546201
8455;18.1330952
8456;18.2699201
8457;18.3901464
8458;18.4910904
8459;18.5747399
8460;18.6631191
8461;18.708384
8462;18.7484607
8463;18.7577662
8464;18.7423722
8465;18.7223072
8466;18.7001354
8467;18.6834657
8468;18.6688379
8469;18.6565911
8470;17.2564538
8471;17.105382
8472;17.011986
8473;16.9457601
8474;16.8926695
8475;16.8557676
8476;16.8335486
8477;16.8188914
8478;18.2023985
8479;18.3442056
8480;18.4374786
8481;18.5225504
8482;18.6335969
8483;18.7894884
8484;18.7994148
8485;18.8522573
8486;18.8306329
8487;18.8473777
8488;18.7813489
8489;18.7462861
8490;18.7149765
8491;18.689104
8492;18.6808926
8493;18.6768004
8494;17.2787565
8495;17.1356804
8496;17.0554409
8497;17.0018389
8498;16.9649185
8499;16.9476601
8500;16.9442415
8501;16.9475214
8502;18.3471497
8503;18.508978
8504;18.6176319
8505;18.6957899
8506;18.7569412
8507;18.8145984
8508;18.8703175
8509;18.9044906
8510;18.9454108
8511;18.981862
8512;19.0006675
8513;19.0201121
8514;19.040785
8515;19.0594689
8516;19.0808345
8517;19.0977441
8518;17.7092878
8519;17.56897
8520;17.4873446
8521;17.433786
8522;17.3961589
8523;17.3580662
8524;17.3272314
8525;17.3128226
8526;18.696423
8527;18.8216403
8528;18.8947917
8529;18.9722365
8530;18.9930624
8531;19.0110023
8532;19.050379
8533;19.0709723
8534;19.0941132
8535;19.0966099
8536;19.0519855
8537;19.017487
8538;18.9901582
8539;18.9759103
8540;18.9735735
8541;18.973743
8542;17.5788796
8543;17.4245126
8544;17.3252064
8545;17.2620385
8546;17.2138683
8547;17.173461
8548;17.1403532
8549;17.1112049
8550;18.4801194
8551;18.6054054
8552;18.680552
8553;18.7651076
8554;18.8733898
8555;18.9283326
8556;18.9360244
8557;18.969087
8558;18.9856822
8559;18.9701066
8560;18.9391102
8561;18.9367163
8562;18.9578592
8563;18.988831
8564;19.0260611
8565;19.0561875
8566;17.6792844
8567;17.545807
8568;17.4674931
8569;17.4185328
8570;17.3879185
8571;17.3660617
8572;17.3471503
8573;17.2974481
8574;18.570607
8575;18.5797479
8576;18.5805526
8577;18.6068592
8578;18.7413723
8579;18.7111287
8580;18.7174954
8581;18.7177874
8582;18.8351058
8583;18.837344
8584;18.762888
8585;18.7115387
8586;18.6657545
8587;18.6357275
8588;18.6111543
8589;18.5878272
8590;17.1780059
8591;17.0206331
8592;16.9145594
8593;16.8209534
8594;16.7343725
8595;16.6935495
8596;16.6548933
8597;16.5857344
8598;17.9212766
8599;18.0174164
8600;18.0759052
8601;18.2329907
8602;18.300259
8603;18.3679303
8604;18.431119
8605;18.5067914
8606;18.5571207
8607;18.6259004
8608;18.5491747
8609;18.504888
8610;18.4484213
8611;18.3653786
8612;18.297834
8613;18.2645468
8614;16.8533661
8615;16.6983786
8616;16.5979017
8617;16.5325495
8618;16.4871158
8619;16.4404677
8620;16.3964037
8621;16.3807017
8622;17.7777549
8623;17.8987886
8624;17.9328197
8625;17.9841782
8626;18.094231
8627;18.2300196
8628;18.3870967
8629;18.5058001
8630;18.6075426
8631;18.6931318
8632;18.6117287
8633;18.5732505
8634;18.5134796
8635;18.4333166
8636;18.3777428
8637;18.3486137
8638;16.9312773
8639;16.768815
8640;16.6631568
8641;16.5928484
8642;16.5419477
8643;16.4953494
8644;16.4500822
8645;16.4117989
8646;17.774432
8647;17.8837689
8648;17.9350596
8649;18.058824
8650;18.1410917
8651;18.3185542
8652;18.5288995
8653;18.685397
8654;18.7962042
8655;18.8194676
8656;18.7156252
8657;18.6426569
8658;18.5669745
8659;18.4737798
8660;18.3933921
8661;18.3398787
8662;16.9159088
8663;16.7606017
8664;16.667192
8665;16.6013964
8666;16.5549465
8667;16.5199594
8668;16.4927747
8669;16.4748404
8670;17.8571984
8671;17.9914298
8672;18.0509191
8673;18.2040605
8674;18.367795
8675;18.5511652
8676;18.7017705
8677;18.8173919
8678;18.8879866
8679;18.9121582
8680;18.7306619
8681;18.6215971
8682;18.5312353
8683;18.4711629
8684;18.3979707
8685;18.3316465
8686;16.9135041
8687;16.7387132
8688;16.6028209
8689;16.5089362
8690;16.4471107
8691;16.408895
8692;16.3781393
8693;16.3415552
8694;17.7089008
8695;17.8337759
8696;17.9133186
8697;18.0053661
8698;18.1499289
8699;18.2316123
8700;18.3541849
8701;18.4379077
8702;18.5044494
8703;18.5694199
8704;18.5155525
8705;18.4699975
8706;18.427187
8707;18.4004671
8708;18.3858899
8709;18.3754136
8710;16.9850694
8711;16.8743477
8712;16.8358584
8713;16.8132345
8714;16.7935509
8715;16.7804892
8716;16.7737667
8717;16.7680554
8718;18.1544921
8719;18.2911911
8720;18.3666717
8721;18.4373636
8722;18.5025622
8723;18.5585168
8724;18.6116366
8725;18.6323893
8726;18.6341752
8727;18.6705218
8728;18.6284589
8729;18.6044379
8730;18.5856179
8731;18.5710213
8732;18.5681897
8733;18.5728057
8734;17.183935
8735;17.0440888
8736;16.9584611
8737;16.9020736
8738;16.8657384
8739;16.8412683
8740;16.8261611
8741;16.8177067
8742;18.2037686
8743;18.3396594
8744;18.4162064
8745;18.4940531
8746;18.5567576
8747;18.6029217
8748;18.669684
8749;18.6913285
8750;18.7088991
8751;18.7211738
8752;18.7105519
8753;18.7046775
8754;18.6991529
8755;18.6853709
8756;18.6682749
8757;18.6494255
8758;17.2386121
8759;17.0788901
