Index;Wert
0;33.6944979
1;32.5396768
2;32.6312746
3;32.6469585
4;32.6600112
5;32.6698813
6;32.6778473
7;32.6845117
8;32.690242
9;32.6952603
10;32.6997228
11;32.7037117
12;32.7073107
13;32.7105894
14;32.7135945
15;32.716388
16;32.7189829
17;32.7214013
18;32.7236509
19;32.7257624
20;32.7277696
21;32.7296678
22;32.7314617
23;32.7331214
24;32.7346974
25;32.7362064
26;32.7376503
27;32.7389964
28;32.7402815
29;32.7415223
30;32.7427192
31;32.7438725
32;32.7449939
33;32.7460912
34;32.747159
35;32.7482025
36;32.7492119
37;32.7501732
38;32.7510963
39;32.7519999
40;32.7528838
41;32.7537307
42;32.7545156
43;32.7552741
44;32.7560035
45;32.7567129
46;32.7574276
47;32.7580945
48;32.7587469
49;32.75939
50;32.7599954
51;32.7605807
52;32.7611246
53;32.761663
54;32.7621826
55;32.762687
56;32.7631958
57;32.7637103
58;32.7642086
59;32.7646769
60;32.7651449
61;32.7656251
62;32.766099
63;32.7665845
64;32.7670627
65;32.7675042
66;32.7679027
67;32.7683058
68;32.7686972
69;32.7690741
70;32.7694428
71;32.7697593
72;32.7700639
73;32.7703827
74;32.7706996
75;32.7709945
76;32.7712662
77;32.7715325
78;32.7717838
79;32.7720251
80;32.7722738
81;32.7725688
82;32.7729193
83;32.773244
84;32.7735475
85;32.7738418
86;32.7741271
87;32.7744016
88;32.7746825
89;32.7749645
90;32.7752085
91;32.7754549
92;32.7756998
93;32.7759376
94;32.7761761
95;32.7763697
96;32.7765733
97;32.7767726
98;32.7769857
99;32.7771744
100;32.7773564
101;32.7775577
102;32.7777505
103;32.7779336
104;32.7781314
105;32.778356
106;32.7786123
107;32.778859
108;32.7790971
109;32.7793151
110;32.7794965
111;32.7796665
112;32.7798407
113;32.7800139
114;32.7801691
115;32.7803069
116;32.7804489
117;32.780598
118;32.7807423
119;32.7808515
120;32.7809596
121;32.7810651
122;32.7811715
123;32.7812674
124;32.7813648
125;32.781461
126;32.7815541
127;32.7816468
128;32.7817484
129;32.781868
130;32.7820224
131;32.7821568
132;32.782266
133;32.7823534
134;32.7824264
135;32.7825122
136;32.782607
137;32.7826971
138;32.7827816
139;32.7828489
140;32.7829142
141;32.7829966
142;32.7830942
143;32.7831831
144;32.7832696
145;32.7833292
146;32.7833741
147;32.7834142
148;32.7834386
149;32.7834654
150;32.7835059
151;32.7835448
152;32.7835636
153;32.783608
154;32.7836677
155;32.7837138
156;32.7837549
157;32.7838147
158;32.783854
159;32.783926
160;32.783987
161;32.7840585
162;32.7841431
163;32.7842183
164;32.7842685
165;32.7843153
166;32.7843706
167;32.7844134
168;32.7844562
169;32.7844872
170;32.7845053
171;32.7844979
172;32.7844673
173;32.7844583
174;32.7844544
175;32.7844351
176;32.7843861
177;32.7843637
178;32.7843659
179;32.7843866
180;32.7844183
181;32.7844464
182;32.7844513
183;32.7844509
184;32.784433
185;32.7844019
186;32.7843616
187;32.7843459
188;32.7843297
189;32.7843126
190;32.7842981
191;32.784237
192;32.7841638
193;32.7841226
194;32.7840775
195;32.78402
196;32.7839594
197;32.7838978
198;32.7838581
199;32.78383
200;32.7838125
201;32.7838031
202;32.7838036
203;32.7838126
204;32.7838247
205;32.7838385
206;32.7838475
207;32.7838568
208;32.7838398
209;32.7838026
210;32.7837592
211;32.7837227
212;32.7836929
213;32.7836842
214;32.7836726
215;32.7836229
216;32.7835885
217;32.7835419
218;32.7834724
219;32.7833677
220;32.7832537
221;32.7831662
222;32.7830816
223;32.7830017
224;32.7829414
225;32.782904
226;32.7828921
227;32.7828788
228;32.7828326
229;32.782773
230;32.7827072
231;32.7826625
232;32.7826297
233;32.7825988
234;32.7825603
235;32.7824987
236;32.7824259
237;32.7823662
238;32.782317
239;32.7822463
240;32.7821884
241;32.782129
242;32.7820637
243;32.7819612
244;32.7818376
245;32.7817214
246;32.7816325
247;32.7815465
248;32.7814672
249;32.7814232
250;32.7813991
251;32.7813759
252;32.7813305
253;32.7812633
254;32.7811817
255;32.7811017
256;32.7810281
257;32.7809559
258;32.7808788
259;32.7807896
260;32.7807025
261;32.7806169
262;32.7805287
263;32.7804234
264;32.780333
265;32.7802456
266;32.7801635
267;32.7800598
268;32.7799234
269;32.7797982
270;32.779695
271;32.7796105
272;32.7795551
273;32.7795347
274;32.7795237
275;32.7795009
276;32.7794694
277;32.7794423
278;32.7794013
279;32.779349
280;32.7792975
281;32.7792369
282;32.779187
283;32.7791146
284;32.7790413
285;32.7789947
286;32.7789492
287;32.7788656
288;32.7787789
289;32.7786755
290;32.7785668
291;32.7784404
292;32.7782929
293;32.7781605
294;32.7780726
295;32.7779914
296;32.7779127
297;32.7778798
298;32.7778735
299;32.7778502
300;32.7778038
301;32.777731
302;32.7776485
303;32.7776211
304;32.7775886
305;32.7775332
306;32.7774775
307;32.7774217
308;32.7773553
309;32.7773108
310;32.777287
311;32.7772401
312;32.7772069
313;32.7771695
314;32.7770879
315;32.7769631
316;32.7768366
317;32.7767413
318;32.7766449
319;32.7765365
320;32.7764384
321;32.7763822
322;32.7763366
323;32.7762881
324;32.7762368
325;32.776178
326;32.7760991
327;32.7760638
328;32.7760405
329;32.7759806
330;32.7759136
331;32.7758311
332;32.7757527
333;32.7756755
334;32.7755927
335;32.7754927
336;32.775403
337;32.7752832
338;32.7751256
339;32.7749441
340;32.774779
341;32.7746332
342;32.7745069
343;32.7743952
344;32.7742908
345;32.7742019
346;32.7741235
347;32.7740296
348;32.7739273
349;32.7738005
350;32.773642
351;32.7735112
352;32.7733786
353;32.773251
354;32.7731094
355;32.7729878
356;32.7728633
357;32.7727538
358;32.7726546
359;32.7725493
360;32.7724569
361;32.772364
362;32.7722286
363;32.7720625
364;32.7719131
365;32.7717679
366;32.7716185
367;32.7714704
368;32.771342
369;32.7712269
370;32.7711144
371;32.7709965
372;32.7708801
373;32.7707639
374;32.7706289
375;32.7705082
376;32.7703972
377;32.7702701
378;32.7701357
379;32.770006
380;32.7698926
381;32.7697947
382;32.7697043
383;32.769605
384;32.7695018
385;32.7693843
386;32.769248
387;32.7691034
388;32.7689441
389;32.7688063
390;32.7686614
391;32.7685374
392;32.7684411
393;32.7683667
394;32.768297
395;32.7682254
396;32.7681372
397;32.7680376
398;32.7679162
399;32.7678198
400;32.7677612
401;32.7677014
402;32.7676214
403;32.7675353
404;32.7674635
405;32.7674056
406;32.7673361
407;32.7672384
408;32.7671541
409;32.7670819
410;32.7669914
411;32.7668546
412;32.7666978
413;32.7665559
414;32.7664163
415;32.7662879
416;32.7661775
417;32.7660731
418;32.765972
419;32.7658735
420;32.7657551
421;32.7656206
422;32.7654771
423;32.7653489
424;32.7652574
425;32.7651393
426;32.7650119
427;32.7648912
428;32.764776
429;32.7646618
430;32.7645355
431;32.7643963
432;32.7642802
433;32.7642135
434;32.7641437
435;32.7640227
436;32.7638396
437;32.7636516
438;32.7634728
439;32.7633071
440;32.7631484
441;32.7630123
442;32.7628978
443;32.7627979
444;32.7626985
445;32.7625859
446;32.7624811
447;32.7623926
448;32.7623198
449;32.7622391
450;32.7621436
451;32.7620512
452;32.7619577
453;32.761862
454;32.7617637
455;32.7616609
456;32.7615875
457;32.7615112
458;32.7614119
459;32.7613009
460;32.7611635
461;32.7610064
462;32.760842
463;32.7606982
464;32.7605842
465;32.7605153
466;32.7604764
467;32.7604385
468;32.7603798
469;32.7603043
470;32.7602306
471;32.760176
472;32.7601151
473;32.7600328
474;32.7599454
475;32.7598509
476;32.7597547
477;32.7596781
478;32.7596124
479;32.7595425
480;32.7595059
481;32.7594793
482;32.7594464
483;32.759385
484;32.7592962
485;32.7591645
486;32.7590051
487;32.7588616
488;32.7587385
489;32.7586531
490;32.7585981
491;32.7585476
492;32.7584965
493;32.7584346
494;32.7583592
495;32.7582744
496;32.7581728
497;32.7580594
498;32.7579413
499;32.7578458
500;32.7577541
501;32.7576596
502;32.7575632
503;32.7574579
504;32.7573667
505;32.7572829
506;32.7571899
507;32.7570346
508;32.7568495
509;32.7566716
510;32.7564861
511;32.756312
512;32.7561718
513;32.7560645
514;32.7559945
515;32.7559209
516;32.7558408
517;32.7557418
518;32.7556363
519;32.7555487
520;32.7554609
521;32.7553716
522;32.7552846
523;32.7551944
524;32.7550946
525;32.7549972
526;32.7549057
527;32.7548159
528;32.7547239
529;32.7546244
530;32.7545173
531;32.7543722
532;32.7542047
533;32.7540183
534;32.7538364
535;32.7536692
536;32.7535282
537;32.7534056
538;32.7533131
539;32.7532311
540;32.7531413
541;32.7530272
542;32.7528934
543;32.7527682
544;32.752675
545;32.7526026
546;32.7525178
547;32.7524249
548;32.7523281
549;32.7522472
550;32.7521648
551;32.7520801
552;32.7520001
553;32.7518944
554;32.75176
555;32.7515869
556;32.751398
557;32.7512163
558;32.7510372
559;32.7508907
560;32.7507539
561;32.7506362
562;32.7505371
563;32.7504448
564;32.7503476
565;32.7502491
566;32.7501488
567;32.7500481
568;32.7499282
569;32.7498135
570;32.7497012
571;32.7495849
572;32.7494764
573;32.7493846
574;32.7492953
575;32.7492009
576;32.7491107
577;32.7490244
578;32.7489126
579;32.7487532
580;32.7485688
581;32.748395
582;32.7482276
583;32.7480679
584;32.747932
585;32.7478372
586;32.7477514
587;32.7476496
588;32.7475357
589;32.7474157
590;31.2547096
591;17.9834035
592;31.2105757
593;32.9005227
594;32.8088974
595;32.7939552
596;32.7836616
597;32.7770204
598;32.7723297
599;32.7688426
600;32.7661315
601;32.7639738
602;32.7622063
603;32.7606785
604;32.7593333
605;32.7581442
606;32.7571147
607;32.7562077
608;32.7554081
609;32.7547009
610;32.7540803
611;32.7534837
612;32.7529175
613;26.1681885
614;12.2157453
615;11.624711
616;13.1607565
617;33.8484681
618;32.9626516
619;32.9285964
620;32.8882352
621;32.8633662
622;14.7293714
623;22.6161878
624;33.3778376
625;32.9150635
626;32.8914103
627;32.8661009
628;32.8495061
629;32.8372417
630;32.8277552
631;32.8201051
632;32.8137855
633;32.8084921
634;32.8039553
635;32.8000173
636;32.7965435
637;32.7934235
638;32.7905994
639;32.788051
640;32.7857552
641;32.7836416
642;32.781732
643;32.7799675
644;32.778334
645;32.7768224
646;22.0266699
647;11.3704412
648;13.8699861
649;23.8710337
650;31.0009897
651;33.0546573
652;32.9218185
653;32.8909233
654;32.8684903
655;32.8526731
656;32.8407405
657;32.8313984
658;32.8238561
659;32.8176054
660;32.8123196
661;32.8077697
662;32.8037858
663;32.8002738
664;32.7971449
665;32.7943209
666;32.7917672
667;32.7894427
668;32.787315
669;32.7853582
670;32.783544
671;32.7818505
672;32.7802961
673;32.7788427
674;32.7774596
675;32.776135
676;32.7748686
677;32.7736721
678;32.7725412
679;32.7714663
680;32.7704209
681;32.7694263
682;32.7684841
683;32.7675866
684;32.7667236
685;32.765874
686;32.7650438
687;32.7642546
688;32.7634967
689;32.7627614
690;32.7620578
691;32.7613764
692;32.7607215
693;32.7600991
694;32.7595006
695;32.7589031
696;32.7583304
697;32.7577939
698;32.7572555
699;32.756681
700;32.7560925
701;32.7555178
702;32.7549663
703;32.7544329
704;32.7539239
705;32.7534753
706;32.7530356
707;32.7526023
708;32.7521631
709;32.7517102
710;32.7512358
711;32.7508028
712;32.7503936
713;32.7500041
714;32.7496323
715;32.7492588
716;32.7488754
717;32.7485007
718;32.7481503
719;32.7478192
720;32.7474899
721;32.7471379
722;32.7467726
723;32.7463865
724;32.7459821
725;32.7455792
726;32.7451902
727;32.7448107
728;32.7444495
729;32.744106
730;32.7437845
731;32.743473
732;32.7431623
733;32.7428496
734;32.7425391
735;32.7422541
736;32.7419939
737;32.7417353
738;32.7414749
739;32.7412015
740;32.7409302
741;32.7406699
742;32.7404169
743;32.7401535
744;32.7398917
745;32.7396289
746;32.7393689
747;32.7390814
748;32.7387668
749;32.7384686
750;32.7381773
751;32.7379027
752;32.7376427
753;32.7374072
754;32.7371776
755;32.736957
756;32.7367388
757;32.7365109
758;32.7362711
759;32.736063
760;32.7358876
761;32.7357008
762;32.735494
763;32.7352727
764;32.7350526
765;32.7348431
766;32.7346429
767;32.734453
768;32.7342661
769;32.7340718
770;32.7338636
771;32.7336247
772;32.7333697
773;32.7331173
774;32.7328616
775;32.7326199
776;32.7323972
777;32.7322027
778;32.732021
779;32.7318462
780;32.7316628
781;32.7314636
782;32.7312591
783;32.7310513
784;32.7308702
785;32.7306792
786;32.7304863
787;32.730287
788;32.7300865
789;32.7298883
790;32.7297052
791;32.729522
792;32.7293432
793;32.7291564
794;32.7289708
795;32.7287599
796;32.7285138
797;32.7282527
798;32.7279817
799;32.7277107
800;32.7274569
801;32.7272279
802;32.7270355
803;32.7268575
804;32.7266867
805;32.7264946
806;32.7262693
807;32.7260721
808;32.7258881
809;32.7257054
810;32.7255184
811;32.7253486
812;32.7251706
813;32.7249892
814;32.7248018
815;32.7246095
816;32.7244229
817;32.7242487
818;32.7240767
819;32.7238878
820;32.7236746
821;32.7234414
822;32.7231972
823;32.7229494
824;32.7227236
825;32.7225411
826;32.7223826
827;32.7222448
828;32.722099
829;32.7219194
830;32.7217217
831;32.7215369
832;32.7213729
833;32.7212277
834;32.7210862
835;32.7209504
836;32.7208049
837;32.7206618
838;32.7205144
839;32.720353
840;32.7201996
841;32.720051
842;32.7198772
843;32.7196838
844;32.719483
845;32.7192873
846;32.7190752
847;32.7188624
848;32.7186521
849;32.7184536
850;32.718304
851;32.7181783
852;32.7180747
853;32.7179536
854;32.7178122
855;32.7176715
856;32.7175645
857;32.7174645
858;32.7173141
859;32.7171726
860;32.7170293
861;32.7168915
862;32.7167674
863;32.7166541
864;32.7165443
865;32.7164341
866;32.7162952
867;32.7161389
868;32.715969
869;32.715795
870;32.7156031
871;32.7154067
872;32.7152547
873;32.7151291
874;32.7150218
875;32.7149008
876;32.7147794
877;32.7146346
878;32.7144644
879;32.7143093
880;32.7141755
881;32.7140557
882;32.7139236
883;32.7138036
884;32.7136866
885;32.7135622
886;32.7134284
887;32.7132766
888;32.7131339
889;32.7129949
890;32.7128387
891;32.7126662
892;32.7124574
893;32.712258
894;32.7120587
895;32.7118644
896;32.7116957
897;32.7115505
898;32.7114117
899;32.7112906
900;32.7111615
901;32.7110013
902;32.710821
903;32.7106574
904;32.7105216
905;32.710402
906;32.7102812
907;32.7101553
908;32.7100304
909;32.7099061
910;32.7097772
911;32.709635
912;32.7095144
913;32.7094034
914;32.7092735
915;32.709125
916;32.7089595
917;32.7087945
918;32.7086296
919;32.7084668
920;32.7083096
921;32.7081642
922;32.7080282
923;32.7079112
924;32.7078061
925;32.7076869
926;32.7075508
927;32.7074179
928;32.7072856
929;32.7071479
930;32.7070148
931;32.7068855
932;32.7067606
933;32.7066284
934;32.7064961
935;32.7063569
936;32.7062262
937;32.7061018
938;32.7059766
939;32.7058435
940;32.705693
941;32.7055236
942;32.705361
943;32.7052131
944;32.7050749
945;32.7049424
946;32.7047953
947;32.7046662
948;32.7045358
949;32.7043916
950;32.704245
951;32.7041078
952;32.7039813
953;32.7038731
954;32.7037805
955;32.7036894
956;32.7035954
957;32.7034857
958;32.70336
959;32.7032208
960;32.7030839
961;32.7029628
962;32.702862
963;32.7027464
964;32.7025973
965;32.7024315
966;32.7022742
967;32.7021339
968;32.7020004
969;32.7018731
970;32.7017382
971;32.7015994
972;32.7014651
973;32.701319
974;32.701159
975;32.7010251
976;32.7009036
977;32.7007887
978;32.700687
979;32.7005899
980;32.700491
981;32.7003687
982;32.700236
983;32.7001071
984;32.7000033
985;32.6999133
986;32.6998409
987;32.6997442
988;32.6996022
989;32.6994337
990;32.6992425
991;32.6990605
992;32.6988911
993;32.6987359
994;32.6985902
995;32.6984544
996;32.6983182
997;32.6981663
998;32.6979953
999;32.6978338
1000;32.6976961
1001;32.6975702
1002;32.6974452
1003;32.6973083
1004;32.6971834
1005;32.6970561
1006;32.6969342
1007;32.6968136
1008;32.696714
1009;32.6966368
1010;32.6965423
1011;32.6964279
1012;32.6962763
1013;32.6961122
1014;32.6959273
1015;32.6957487
1016;32.6955842
1017;32.6954291
1018;32.6952781
1019;32.6951475
1020;32.6950069
1021;32.6948487
1022;32.6946753
1023;32.6945021
1024;32.6943356
1025;32.6941725
1026;32.6940196
1027;32.6938698
1028;32.6937311
1029;32.693598
1030;32.6934638
1031;32.6933207
1032;32.6931679
1033;32.6930258
1034;32.6928877
1035;32.6927457
1036;32.6925893
1037;32.6924176
1038;32.6922299
1039;32.6920499
1040;32.6918868
1041;32.6917325
1042;32.6915855
1043;32.6914544
1044;32.6913136
1045;32.6911672
1046;32.6910249
1047;32.6909002
1048;32.69079
1049;32.6906717
1050;32.6905346
1051;32.6903906
1052;32.6902578
1053;32.6901341
1054;32.6900243
1055;32.6899152
1056;32.6898098
1057;32.6897108
1058;32.6896108
1059;32.6895075
1060;32.6893493
1061;32.689185
1062;32.6890314
1063;32.6888732
1064;32.6887177
1065;32.6885787
1066;32.6884589
1067;32.6883471
1068;32.6882135
1069;32.6880608
1070;32.6879106
1071;32.687788
1072;32.6876675
1073;32.6875459
1074;32.6874297
1075;32.6873261
1076;32.6872351
1077;32.6871534
1078;32.6870844
1079;32.6869771
1080;32.6868633
1081;32.6867516
1082;32.6866374
1083;32.6865319
1084;32.6864182
1085;32.6862939
1086;32.6861544
1087;32.6860085
1088;32.685864
1089;32.6857365
1090;32.6856128
1091;32.6854936
1092;32.6853689
1093;32.6852623
1094;32.6851398
1095;32.6850132
1096;32.6848856
1097;32.6847595
1098;32.6846588
1099;32.684551
1100;32.6844387
1101;32.6843223
1102;32.6842364
1103;32.68412
1104;32.6839998
1105;32.6838723
1106;32.6837375
1107;32.6835914
1108;32.6834139
1109;32.6832338
1110;32.6830575
1111;32.6828785
1112;32.6827059
1113;32.6825391
1114;32.6823949
1115;32.6822766
1116;32.682158
1117;32.6820193
1118;32.6818597
1119;32.6816871
1120;32.6815455
1121;32.6814068
1122;32.6812803
1123;32.68117
1124;32.6810754
1125;32.6809784
1126;32.6809058
1127;32.6808245
1128;32.6807284
1129;32.6806158
1130;32.6805038
1131;32.6803833
1132;32.6802267
1133;32.6800525
1134;32.6798806
1135;32.6797243
1136;32.6795799
1137;32.6794526
1138;32.6793446
1139;32.6792394
1140;32.6791227
1141;32.6789732
1142;32.6787995
1143;32.6786213
1144;32.6784493
1145;32.6782984
1146;32.6781722
1147;32.6780693
1148;32.6779766
1149;32.677857
1150;32.6777407
1151;32.6776274
1152;32.6775204
1153;32.6774169
1154;32.6773065
1155;32.6771901
1156;32.6770281
1157;32.6768538
1158;32.6766829
1159;32.6765323
1160;32.6763861
1161;32.6762434
1162;32.6761021
1163;32.6759831
1164;32.6758549
1165;32.6757115
1166;32.6755378
1167;32.675363
1168;32.6751774
1169;32.6749955
1170;32.6748355
1171;32.674695
1172;32.67458
1173;32.6744618
1174;32.6743389
1175;32.6742223
1176;32.6741075
1177;32.673997
1178;32.6738768
1179;32.6737421
1180;32.6735727
1181;32.6733933
1182;32.673218
1183;32.6730633
1184;32.6729271
1185;32.6727838
1186;32.6726454
1187;32.6725089
1188;32.672357
1189;32.6721905
1190;32.6720097
1191;32.6718214
1192;32.6716276
1193;32.6714374
1194;32.6712505
1195;32.6710776
1196;32.6709294
1197;32.670789
1198;32.6706607
1199;32.6705405
1200;32.6704083
1201;32.6702505
1202;32.6700758
1203;32.6698968
1204;32.6696934
1205;32.6695171
1206;32.6693626
1207;32.6692315
1208;32.6691107
1209;32.6689951
1210;32.6688719
1211;32.6687351
1212;32.6685795
1213;32.6684235
1214;32.6682439
1215;32.6680698
1216;32.667891
1217;32.6677418
1218;32.6676208
1219;32.6674974
1220;32.6673789
1221;32.6672688
1222;32.6671568
1223;32.667047
1224;32.6669052
1225;32.6667504
1226;32.6665824
1227;32.6664063
1228;32.6662075
1229;32.6660146
1230;32.6658378
1231;32.6656826
1232;32.6655504
1233;32.6654338
1234;32.66531
1235;32.6651604
1236;32.6650009
1237;32.6648268
1238;32.6646407
1239;32.6644431
1240;32.6642668
1241;32.6640928
1242;32.6639267
1243;32.6637719
1244;32.6636194
1245;32.663473
1246;32.6633376
1247;32.6632052
1248;32.6630681
1249;32.6629127
1250;32.6627663
1251;32.6626148
1252;32.6624367
1253;32.662272
1254;32.6621344
1255;32.6620024
1256;32.6618658
1257;32.661745
1258;32.661636
1259;32.6615141
1260;32.6613651
1261;32.6612039
1262;32.6610323
1263;32.6608615
1264;32.6606953
1265;32.6605226
1266;32.6603615
1267;32.6602166
1268;32.6600904
1269;32.6599572
1270;32.6598208
1271;32.6596909
1272;32.659555
1273;32.6594093
1274;32.6592563
1275;32.6591
1276;32.6589225
1277;32.6587431
1278;32.6585867
1279;32.6584562
1280;32.6583405
1281;32.658214
1282;32.658097
1283;32.6579837
1284;32.6578587
1285;32.6577124
1286;32.657552
1287;32.6573939
1288;32.6572419
1289;32.6570876
1290;32.6569435
1291;32.6568011
1292;32.6566674
1293;32.6565275
1294;32.6563948
1295;32.6562649
1296;32.6561307
1297;32.6559875
1298;32.6558357
1299;32.6556731
1300;32.6554918
1301;32.6553072
1302;32.655137
1303;32.6549789
1304;32.654828
1305;32.6546891
1306;32.6545576
1307;32.6544274
1308;32.6542938
1309;32.6541561
1310;32.653991
1311;32.6538266
1312;32.6536622
1313;32.6535102
1314;32.6533838
1315;32.6532757
1316;32.6531676
1317;32.6530569
1318;32.652958
1319;32.6528566
1320;32.652745
1321;32.652606
1322;32.6524579
1323;32.6523082
1324;32.6521396
1325;32.6519811
1326;32.6518523
1327;32.6517358
1328;32.6516232
1329;32.6515155
1330;32.6514057
1331;32.6512912
1332;32.6511692
1333;32.6510375
1334;32.6508836
1335;32.6507344
1336;32.6505931
1337;32.6504593
1338;32.6503331
1339;32.6502273
1340;32.6501391
1341;32.6500518
1342;32.6499628
1343;32.6498706
1344;32.6497776
1345;32.6496633
1346;32.6495283
1347;32.6493877
1348;32.6492142
1349;32.6490413
1350;32.6488848
1351;32.6487537
1352;32.6486213
1353;32.6484758
1354;32.6483234
1355;32.6481696
1356;32.6480173
1357;32.6478664
1358;32.6476977
1359;32.6475432
1360;32.6474104
1361;32.6472802
1362;32.6471575
1363;32.647027
1364;32.6469224
1365;32.6468131
1366;32.646695
1367;32.6465686
1368;32.6464377
1369;32.6463094
1370;32.6461713
1371;32.646033
1372;32.6458617
1373;32.6457082
1374;32.6455738
1375;32.6454427
1376;32.6453091
1377;32.6451644
1378;32.6450068
1379;32.644839
1380;32.6446734
1381;32.6445162
1382;32.6443485
1383;32.6441729
1384;32.6440115
1385;32.6438518
1386;32.6436916
1387;32.6435311
1388;32.6434178
1389;32.6433092
1390;32.6432078
1391;32.6430947
1392;32.6429757
1393;32.6428661
1394;32.6427343
1395;32.642566
1396;32.6423807
1397;32.6422048
1398;32.642048
1399;32.6418866
1400;32.6417234
1401;32.6415513
1402;32.6413704
1403;32.6411893
1404;32.6410138
1405;32.6408512
1406;32.6406822
1407;32.64053
1408;32.6403729
1409;32.6402123
1410;32.640037
1411;32.63986
1412;32.6397255
1413;32.639607
1414;32.6394852
1415;32.6393537
1416;32.6392142
1417;32.639069
1418;32.6389052
1419;32.6387198
1420;32.6385131
1421;32.6383014
1422;32.6381137
1423;32.6379268
1424;32.6377449
1425;32.6375689
1426;32.6374183
1427;32.637276
1428;32.6371312
1429;32.6369836
1430;32.6368197
1431;32.6366659
1432;32.6365038
1433;32.6363212
1434;32.6361427
1435;32.6359983
1436;32.6358942
1437;32.6357873
1438;32.6356855
1439;32.6355948
1440;32.6354939
1441;32.6353753
1442;32.6352483
1443;32.6351189
1444;32.6349373
1445;32.6347436
1446;32.6345969
1447;32.6344649
1448;32.6343462
1449;32.6342392
1450;32.6341393
1451;32.6340509
1452;32.6339448
1453;32.6338308
1454;32.6336974
1455;32.6335676
1456;32.6334226
1457;32.6332569
1458;32.6330928
1459;32.632936
1460;32.6328021
1461;32.6326785
1462;32.6325758
1463;32.6324863
1464;32.6323943
1465;32.6322845
1466;32.6321648
1467;32.6320391
1468;32.6318728
1469;32.6317045
1470;32.631573
1471;32.6314639
1472;32.6313641
1473;32.6312604
1474;32.6311632
1475;32.631074
1476;32.6309756
1477;32.6308532
1478;32.6307084
1479;32.6305736
1480;32.6304493
1481;32.6303177
1482;32.6301986
1483;32.6300922
1484;32.6299839
1485;32.6298598
1486;32.6297441
1487;32.629642
1488;32.6295419
1489;32.6294348
1490;32.629316
1491;32.6291879
1492;32.6290229
1493;32.6288547
1494;32.6287013
1495;32.628566
1496;32.628447
1497;32.6283431
1498;32.6282479
1499;32.628143
1500;32.6280234
1501;32.3497988
1502;16.0000096
1503;14.5266325
1504;30.3903481
1505;32.8893795
1506;32.7446138
1507;32.7178931
1508;32.6993378
1509;32.6870611
1510;32.6782828
1511;32.6716817
1512;32.6665134
1513;32.6623641
1514;32.6589368
1515;32.6560521
1516;32.6535564
1517;32.6513847
1518;32.6494902
1519;32.6478373
1520;32.6463816
1521;32.645073
1522;32.6439028
1523;32.642824
1524;32.6418457
1525;32.6409398
1526;32.6400862
1527;15.9945398
1528;21.4248368
1529;33.2260164
1530;32.7352667
1531;32.7188979
1532;32.6984042
1533;32.6860319
1534;32.6774034
1535;32.6710703
1536;32.6661659
1537;32.6622257
1538;32.6589812
1539;32.6562386
1540;32.6538567
1541;32.6517742
1542;32.6499462
1543;32.6483474
1544;32.646917
1545;32.6456178
1546;32.6444375
1547;32.6433704
1548;32.642388
1549;32.6414721
1550;32.640594
1551;32.6397769
1552;32.6390123
1553;32.6382762
1554;32.6375776
1555;32.6369261
1556;32.636333
1557;32.6357599
1558;32.6352178
1559;32.6347165
1560;32.6342313
1561;32.6337667
1562;32.6333025
1563;32.6328383
1564;32.6323614
1565;32.6318977
1566;32.6314566
1567;32.6310531
1568;32.6306723
1569;32.6302856
1570;32.6299063
1571;32.629546
1572;32.6292049
1573;32.6288707
1574;32.6285327
1575;32.628204
1576;32.6278834
1577;32.6275679
1578;32.6272652
1579;32.6269818
1580;32.6267182
1581;32.6264628
1582;32.626212
1583;32.625967
1584;32.6257187
1585;32.62547
1586;32.6252209
1587;32.6249496
1588;32.6246598
1589;32.6243669
1590;32.6240877
1591;32.6238531
1592;32.6236503
1593;32.6234408
1594;32.6232458
1595;32.6230612
1596;32.6228692
1597;32.6226631
1598;32.6224469
1599;31.1555311
1600;18.2115117
1601;33.2645263
1602;32.6760918
1603;32.6745579
1604;32.6599383
1605;32.6518871
1606;24.9031511
1607;32.9834563
1608;32.6660034
1609;32.6636552
1610;32.6544122
1611;32.6488469
1612;32.6448058
1613;32.6417189
1614;32.6392636
1615;32.6372684
1616;32.6356128
1617;32.6342101
1618;32.6329793
1619;32.6318986
1620;32.6309229
1621;32.6300129
1622;32.6291843
1623;32.6284351
1624;32.6277437
1625;32.6270896
1626;32.6265029
1627;32.625936
1628;32.6254251
1629;32.6249333
1630;32.6244678
1631;32.6240232
1632;32.6235982
1633;32.6231844
1634;32.6227881
1635;32.6224031
1636;32.6220152
1637;32.6216429
1638;32.6212863
1639;32.6209473
1640;32.6206375
1641;32.6203343
1642;32.62004
1643;32.6197522
1644;32.6194612
1645;32.6191694
1646;32.6188793
1647;32.6186045
1648;32.6183456
1649;32.6181071
1650;32.6178754
1651;32.6176481
1652;32.6174293
1653;32.6172106
1654;32.6169887
1655;32.6167685
1656;32.6165513
1657;32.6163299
1658;32.6161015
1659;32.6158762
1660;32.6156283
1661;32.6153808
1662;32.6151386
1663;32.6149117
1664;32.614699
1665;32.6144946
1666;32.6142961
1667;32.6140969
1668;32.6139064
1669;32.6137138
1670;32.6135091
1671;32.6133112
1672;32.6131193
1673;32.6129447
1674;32.6127707
1675;32.6125865
1676;32.612408
1677;32.612233
1678;31.5767273
1679;20.082094
1680;33.0469905
1681;32.6634967
1682;32.6573739
1683;32.6447772
1684;32.6377064
1685;32.632922
1686;32.6294752
1687;32.6268778
1688;32.6248291
1689;32.623175
1690;32.6218046
1691;32.6206479
1692;32.6196527
1693;32.618765
1694;32.4479747
1695;32.6247229
1696;14.0728471
1697;33.4348704
1698;32.6790309
1699;32.678546
1700;32.6604658
1701;32.6505392
1702;14.2321962
1703;25.2833276
1704;33.0616556
1705;32.7233771
1706;32.7035428
1707;32.6843223
1708;32.672092
1709;32.6633283
1710;32.6567332
1711;32.6515566
1712;32.6473712
1713;32.643929
1714;32.6410061
1715;32.6384865
1716;32.6362878
1717;32.6343362
1718;32.6325935
1719;32.6310275
1720;32.6296216
1721;32.628318
1722;32.6271352
1723;32.6260256
1724;32.6250136
1725;32.6240676
1726;32.6231886
1727;32.6223555
1728;32.621569
1729;32.620819
1730;32.6201069
1731;32.6194333
1732;32.6187561
1733;32.6181093
1734;32.6174899
1735;32.6169102
1736;32.6163697
1737;32.615849
1738;32.6153682
1739;32.6149198
1740;32.614496
1741;32.6140902
1742;32.6136994
1743;32.6133179
1744;18.6213261
1745;21.1492648
1746;33.1961358
1747;32.7012089
1748;32.6876545
1749;32.668669
1750;28.3271498
1751;32.8402076
1752;32.6585535
1753;32.654112
1754;32.6464601
1755;32.6413492
1756;32.6374015
1757;32.6342329
1758;32.631622
1759;32.629404
1760;32.6274799
1761;32.6257859
1762;32.6242933
1763;32.6229735
1764;32.6217923
1765;32.6207178
1766;32.6197294
1767;32.6188171
1768;32.6179635
1769;32.617142
1770;32.6163512
1771;32.6155918
1772;32.6149182
1773;32.6142973
1774;32.6137093
1775;32.6131239
1776;32.6125641
1777;32.6120241
1778;32.6115036
1779;32.6109991
1780;32.6104874
1781;32.6099983
1782;32.609534
1783;32.6090874
1784;32.608641
1785;32.6082014
1786;32.6077935
1787;32.6074125
1788;32.6070646
1789;32.6067168
1790;32.6063762
1791;32.6060439
1792;32.6057147
1793;32.6053784
1794;32.6050496
1795;32.6046994
1796;32.604385
1797;32.60407
1798;28.9209954
1799;32.7655264
1800;32.615744
1801;32.6154433
1802;32.6116609
1803;32.6094858
1804;32.6079156
1805;32.6067159
1806;32.6057654
1807;32.6049694
1808;32.6042626
1809;32.6036244
1810;32.6030544
1811;32.6025417
1812;32.6020756
1813;32.6016436
1814;32.6012438
1815;32.6008867
1816;32.6005463
1817;32.6002025
1818;32.5998546
1819;32.5994922
1820;32.5991621
1821;32.5988472
1822;32.5985487
1823;32.5982522
1824;32.5979637
1825;32.597675
1826;32.5973804
1827;32.5970777
1828;32.5967538
1829;32.5964338
1830;32.5961294
1831;32.5958347
1832;32.595557
1833;32.5953016
1834;32.595049
1835;32.5947882
1836;32.5945209
1837;32.5942544
1838;32.5939884
1839;32.5937456
1840;32.5935093
1841;32.5932527
1842;32.5929842
1843;32.5927172
1844;32.5924813
1845;32.5922497
1846;32.5920277
1847;32.5918046
1848;32.5915762
1849;32.5913748
1850;32.5911823
1851;32.5909845
1852;32.5907516
1853;32.5904985
1854;32.5902578
1855;32.5900324
1856;32.5897982
1857;32.589571
1858;32.5893353
1859;32.5891148
1860;32.5888894
1861;32.5886624
1862;32.5884278
1863;32.5882081
1864;32.5880009
1865;32.587773
1866;32.5875517
1867;32.5873595
1868;32.5871946
1869;32.5870452
1870;32.5868971
1871;32.5867412
1872;32.5865753
1873;32.5864198
1874;32.5862642
1875;32.5861049
1876;32.5859207
1877;32.5857328
1878;32.5855363
1879;32.5853437
1880;32.5851576
1881;32.5849891
1882;32.5848393
1883;32.5847054
1884;32.5845851
1885;32.5844705
1886;32.5843395
1887;32.5842089
1888;32.5840911
1889;32.5839606
1890;32.5838137
1891;32.5836655
1892;32.5835248
1893;32.5833802
1894;32.583234
1895;32.583073
1896;32.5829227
1897;32.5827942
1898;32.582666
1899;32.5825305
1900;32.5823689
1901;32.5822063
1902;32.5820402
1903;32.5818732
1904;32.5817097
1905;32.5815507
1906;32.5814106
1907;32.5812742
1908;32.5811434
1909;32.5810095
1910;32.5808696
1911;32.5807313
1912;32.5805942
1913;32.5804479
1914;32.5802984
1915;32.5801639
1916;32.5800389
1917;32.5799239
1918;32.5798004
1919;32.5796708
1920;32.5795287
1921;32.5793732
1922;32.5792244
1923;32.579079
1924;32.5789195
1925;32.5787514
1926;32.5785938
1927;32.5784482
1928;32.5783047
1929;32.5781532
1930;32.5780026
1931;32.577857
1932;32.5777286
1933;32.5776061
1934;32.5774835
1935;32.5773664
1936;32.5772317
1937;32.5770844
1938;32.5769409
1939;32.5768112
1940;32.5766834
1941;32.5765627
1942;32.5764319
1943;32.5762791
1944;32.5761254
1945;32.5759806
1946;32.5758439
1947;32.5757055
1948;32.5755478
1949;32.5753873
1950;32.575228
1951;32.5750793
1952;32.5749371
1953;32.5747952
1954;32.5746525
1955;32.5745059
1956;32.5743611
1957;32.5742162
1958;32.5740689
1959;32.5739299
1960;32.5737905
1961;32.5736356
1962;32.5734705
1963;32.5733065
1964;32.5731545
1965;32.5730211
1966;32.57289
1967;32.5727376
1968;32.5725744
1969;32.5724061
1970;32.5722371
1971;32.5720651
1972;32.5719081
1973;32.571746
1974;32.5715908
1975;32.5714601
1976;32.5713304
1977;32.5712001
1978;32.5710685
1979;32.5709491
1980;32.570829
1981;32.5706913
1982;29.8038099
1983;15.7001667
1984;15.5449379
1985;17.3189333
1986;29.3198183
1987;32.9162877
1988;32.7215492
1989;32.6903871
1990;32.6673323
1991;32.6517856
1992;32.6404323
1993;32.6317623
1994;32.6249047
1995;32.6193345
1996;32.6147048
1997;32.6107991
1998;32.6074717
1999;32.6045943
2000;32.6020741
2001;32.5998489
2002;32.5978649
2003;32.5960764
2004;32.5944501
2005;29.5760698
2006;14.4435889
2007;13.7882963
2008;14.1438125
2009;15.6391569
2010;19.7945786
2011;33.4214011
2012;32.816067
2013;32.7764332
2014;19.5324472
2015;33.2950285
2016;32.7395846
2017;32.725543
2018;32.701879
2019;32.6860385
2020;32.6739444
2021;32.6643127
2022;32.6564082
2023;32.6497529
2024;32.6440562
2025;32.6390987
2026;32.6347265
2027;32.6308361
2028;32.6273572
2029;32.6242201
2030;32.6213734
2031;32.618765
2032;32.616363
2033;32.6141277
2034;32.6120509
2035;32.610099
2036;32.6083011
2037;32.6066329
2038;32.6050866
2039;32.6036245
2040;32.6022531
2041;32.6009427
2042;32.599703
2043;32.5985362
2044;32.5974076
2045;32.5963316
2046;32.5953091
2047;32.5943405
2048;32.5934144
2049;32.5925178
2050;32.5916643
2051;32.5908563
2052;32.5900706
2053;32.5893148
2054;32.5885928
2055;32.5878934
2056;32.5872017
2057;32.5865332
2058;32.5858972
2059;32.5852784
2060;32.5846845
2061;32.5841213
2062;32.5835791
2063;32.5830469
2064;32.5825088
2065;32.5819813
2066;32.5814692
2067;32.5809639
2068;32.5804669
2069;32.5799822
2070;32.5794993
2071;32.5790344
2072;32.5785821
2073;32.5781407
2074;32.577709
2075;32.5772884
2076;32.5768735
2077;32.5764579
2078;32.5760651
2079;32.5757088
2080;32.5753277
2081;32.5749514
2082;32.5745886
2083;32.5742297
2084;32.5738728
2085;32.5735323
2086;28.285864
2087;17.8600933
2088;33.2443611
2089;32.6378274
2090;32.6334647
2091;32.6168336
2092;32.6074394
2093;32.6010117
2094;32.5963611
2095;32.5928208
2096;32.5899785
2097;32.5876575
2098;32.5857199
2099;32.5840653
2100;32.5826222
2101;32.5813398
2102;32.5801897
2103;32.5791608
2104;32.5782296
2105;32.5773713
2106;32.5765776
2107;32.5758379
2108;32.5751492
2109;32.5745205
2110;32.5739177
2111;32.5733463
2112;32.572797
2113;32.5722896
2114;32.571797
2115;32.5713263
2116;32.5708601
2117;32.5704076
2118;32.5699788
2119;32.5695639
2120;32.56916
2121;32.5687687
2122;32.5683874
2123;32.5680305
2124;32.5676946
2125;32.5673575
2126;21.2399928
2127;12.4848915
2128;10.1576496
2129;10.5787543
2130;14.2576834
2131;18.7120747
2132;33.5014942
2133;32.8376351
2134;13.8974075
2135;16.6824109
2136;29.7668802
2137;32.9895526
2138;32.8006045
2139;32.7620806
2140;32.7329654
2141;32.7120509
2142;32.6959873
2143;32.6831482
2144;32.6725876
2145;32.663714
2146;32.6561362
2147;32.6495831
2148;32.6438543
2149;32.6387756
2150;32.6342442
2151;30.5007364
2152;16.1403832
2153;16.0787398
2154;19.6836895
2155;32.4921832
2156;32.8051383
2157;32.7418066
2158;15.7798424
2159;20.1703914
2160;33.3253268
2161;32.7690412
2162;32.7441702
2163;32.7155514
2164;32.696797
2165;32.6828758
2166;32.6720278
2167;32.6632198
2168;32.6558578
2169;32.649596
2170;32.644181
2171;32.6394287
2172;32.6352157
2173;32.631429
2174;32.6280211
2175;32.6249165
2176;32.6220816
2177;32.6194511
2178;32.6170063
2179;32.6147104
2180;32.6125921
2181;32.6106139
2182;32.6087697
2183;32.6070335
2184;32.6053777
2185;32.6037939
2186;32.602279
2187;32.6008372
2188;32.5994466
2189;32.5981184
2190;32.5968652
2191;32.5956696
2192;32.594527
2193;32.5934321
2194;32.5923852
2195;32.5913941
2196;32.590443
2197;19.5506969
2198;12.8435273
2199;10.3503973
2200;8.52432812
2201;8.33310576
2202;10.8168095
2203;13.8646354
2204;16.1407495
2205;27.4698662
2206;7.99368548
2207;10.3261962
2208;10.566919
2209;11.5949933
2210;12.4577209
2211;21.5964189
2212;32.6660827
2213;33.0559933
2214;32.954701
2215;32.8996734
2216;32.8598821
2217;32.8295815
2218;28.5125875
2219;10.6957506
2220;7.51262119
2221;4.95645274
2222;3.07613291
2223;2.78121615
2224;2.90198426
2225;3.78132462
2226;4.98218359
2227;7.22917004
2228;10.2915591
2229;12.0399329
2230;4.22353503
2231;5.63148566
2232;6.23223585
2233;8.06467505
2234;9.9062651
2235;11.6462421
2236;13.6261063
2237;25.1088726
2238;33.6783384
2239;33.2146208
2240;33.1381904
2241;33.0747284
2242;33.0274407
2243;13.2294566
2244;9.02261131
2245;6.15327522
2246;5.4942262
2247;5.74573614
2248;4.75550234
2249;11.276143
2250;14.8240213
2251;18.738945
2252;33.9263593
2253;33.2181308
2254;9.34110317
2255;10.2746741
2256;10.981841
2257;11.9836423
2258;22.065015
2259;33.5642048
2260;33.1924706
2261;33.1183965
2262;33.0603489
2263;33.0179815
2264;32.984648
2265;32.957376
2266;32.9343788
2267;31.6371247
2268;27.666227
2269;33.0918898
2270;32.8919051
2271;32.8771319
2272;32.8601416
2273;32.1297212
2274;20.1910678
2275;33.388093
2276;32.8607916
2277;32.8515719
2278;14.9033836
2279;27.2084809
2280;33.152667
2281;32.8796496
2282;32.854192
2283;32.8313055
2284;32.814984
2285;32.8021121
2286;32.7914643
2287;32.7823248
2288;32.7742911
2289;32.7670924
2290;32.7605541
2291;32.7545661
2292;32.7490329
2293;17.7508747
2294;13.0867435
2295;10.5655123
2296;9.06102141
2297;9.09743781
2298;10.6717895
2299;13.6425548
2300;17.1766167
2301;19.1598818
2302;10.1002229
2303;12.7868116
2304;13.4869163
2305;15.5662944
2306;29.2516848
2307;33.328256
2308;33.0727431
2309;33.0128859
2310;32.9667542
2311;32.932449
2312;32.9053462
2313;32.8831683
2314;32.8645212
2315;14.6035811
2316;10.0115807
2317;6.1856046
2318;3.19212631
2319;2.17625182
2320;2.25365315
2321;3.10618308
2322;4.24288964
2323;4.81124293
2324;5.97924662
2325;8.7730285
2326;3.34412602
2327;5.789365
2328;7.63749082
2329;11.0433926
2330;14.0518999
2331;16.6218062
2332;19.066048
2333;26.4704349
2334;33.6247054
2335;33.2352627
2336;33.1679974
2337;33.1113496
2338;31.0512463
2339;10.4164699
2340;6.3624368
2341;3.50992559
2342;2.33608073
2343;1.96947651
2344;2.25365315
2345;3.10618308
2346;4.24288964
2347;4.81124293
2348;5.00657581
2349;7.33527193
2350;2.89302857
2351;4.76774593
2352;6.19199077
2353;9.53523961
2354;12.2787301
2355;14.5397027
2356;16.7045482
2357;19.133645
2358;34.0924667
2359;33.3737748
2360;33.2974868
2361;33.22762
2362;27.6525563
2363;9.37305447
2364;6.34881888
2365;3.3850367
2366;2.34118787
2367;2.0854872
2368;2.25365315
2369;3.10618308
2370;4.24288964
2371;4.81124293
2372;5.33812942
2373;7.02199256
2374;2.82200644
2375;3.20115151
2376;3.66781018
2377;6.20804666
2378;8.29587603
2379;8.5428731
2380;9.29437148
2381;10.903955
2382;34.6335909
2383;33.5294831
2384;33.4378163
2385;33.3481316
2386;16.8662443
2387;11.4383285
2388;9.36483344
2389;7.54944715
2390;5.3993238
2391;3.83947517
2392;4.65396115
2393;7.30636463
2394;10.2587722
2395;14.7793797
2396;23.9042015
2397;33.9509375
2398;11.966095
2399;14.1726892
2400;14.6926437
2401;26.8531388
2402;33.7141556
2403;33.3370398
2404;33.2713708
2405;33.2170208
2406;33.1756628
2407;33.1420548
2408;33.1137847
2409;33.0894067
2410;33.067998
2411;18.0094386
2412;33.7041647
2413;12.1075694
2414;9.15749735
2415;6.70029863
2416;6.11671335
2417;7.45244457
2418;6.96777677
2419;10.547107
2420;12.77625
2421;14.0964375
2422;5.25944443
2423;6.21637609
2424;8.19219012
2425;10.0822179
2426;11.5273346
2427;12.9810594
2428;25.0477935
2429;33.8525435
2430;33.3770244
2431;33.2995134
2432;33.2359179
2433;33.1884304
2434;33.1504916
2435;27.2535628
2436;9.06654057
2437;5.72555046
2438;4.45957545
2439;3.72699119
2440;3.4508458
2441;3.97231144
2442;4.71584363
2443;7.24563298
2444;10.2340309
2445;12.5319124
2446;5.08873489
2447;7.51086739
2448;8.78998527
2449;11.0166698
2450;13.7531743
2451;15.9722587
2452;24.3450936
2453;33.9099103
2454;33.4087904
2455;33.3331333
2456;33.268715
2457;33.2206396
2458;33.1819551
2459;33.1497563
2460;33.1222662
2461;33.0983367
2462;33.0772127
2463;33.0583484
2464;33.0413119
2465;33.0258026
2466;33.0115935
2467;32.9984999
2468;32.9863788
2469;32.975116
2470;25.8840836
2471;16.5919646
2472;31.4663511
2473;33.1186157
2474;33.01117
2475;32.9837815
2476;32.9631686
2477;32.9474623
2478;32.9346061
2479;32.923616
2480;32.9139104
2481;32.9051722
2482;21.320037
2483;10.9653931
2484;8.37659703
2485;6.14751037
2486;4.16951636
2487;2.73100805
2488;2.56173244
2489;3.30706434
2490;4.92042993
2491;8.07132558
2492;10.4844494
2493;11.9936996
2494;4.80850879
2495;7.47242911
2496;9.25671882
2497;11.8274186
2498;13.349605
2499;13.5895966
2500;15.1568862
2501;30.0830642
2502;33.5732675
2503;33.3214423
2504;33.2494917
2505;33.1938806
2506;16.3456602
2507;11.1283759
2508;8.99452151
2509;6.25829193
2510;4.06209429
2511;2.56795879
2512;2.48166678
2513;3.22611257
2514;5.22541051
2515;8.00342439
2516;9.74705288
2517;10.6017255
2518;3.25690177
2519;4.66768045
2520;4.63387052
2521;6.54171592
2522;8.11810999
2523;9.64418888
2524;10.9004116
2525;12.4662246
2526;34.5529239
2527;33.5231845
2528;33.4360883
2529;33.3513757
2530;12.3827666
2531;9.34246044
2532;8.40283826
2533;6.17602021
2534;4.85087012
2535;4.57187358
2536;4.26274741
2537;5.12685843
2538;7.57872046
2539;9.50408438
2540;11.5367724
2541;13.0526168
2542;5.6832634
2543;7.81355177
2544;8.52159279
2545;10.1839024
2546;11.8149851
2547;13.4281706
2548;20.7641555
2549;34.1669674
2550;33.5005382
2551;33.4192817
2552;33.3466812
2553;30.0235647
2554;11.9357327
2555;7.8675035
2556;5.40211236
2557;3.48208617
2558;2.44716739
2559;1.97500612
2560;2.25365315
2561;3.10618308
2562;4.24288964
2563;4.81124293
2564;5.11507666
2565;6.99226939
2566;2.82578308
2567;4.12250319
2568;5.30238352
2569;8.37513737
2570;11.0012649
2571;13.2223653
2572;15.1537237
2573;16.7784224
2574;34.4065348
2575;33.5683461
2576;33.4857563
2577;18.878066
2578;12.5320792
2579;7.13913694
2580;4.33904956
2581;3.23120103
2582;2.73551789
2583;2.73551789
2584;3.04440555
2585;3.66218085
2586;4.27995616
2587;4.58884382
2588;4.27995616
2589;3.71033819
2590;2.61196283
2591;1.19107962
2592;0.85558667
2593;2.17815576
2594;3.46230218
2595;4.73043971
2596;6.24479325
2597;7.81132523
2598;19.2957184
2599;17.8786041
2600;17.33722
2601;14.2649126
2602;10.6741611
2603;6.54588712
2604;4.60358334
2605;3.5592183
2606;3.22973814
2607;2.90025798
2608;3.22973814
2609;3.88869847
2610;4.5476588
2611;4.87713896
2612;4.5476588
2613;3.69101037
2614;2.57077781
2615;1.91181748
2616;0.65692662
2617;3.00849816
2618;5.36855759
2619;7.83003522
2620;10.3422524
2621;13.1540344
2622;26.647359
2623;26.0778875
2624;21.9311683
2625;14.3650562
2626;8.06420924
2627;3.53551643
2628;2.59254874
2629;2.25365315
2630;1.96947651
2631;1.96947651
2632;2.25365315
2633;3.10618308
2634;4.24288964
2635;4.81124293
2636;4.52706629
2637;3.67453636
2638;2.82200644
2639;2.25365315
2640;0.548593305
2641;0.548593305
2642;0.548593305
2643;1.53549002
2644;3.71292925
2645;6.21560941
2646;19.8632173
2647;19.8933359
2648;15.7984147
2649;8.45822252
2650;2.93966939
2651;2.25365315
2652;2.53782979
2653;2.25365315
2654;1.96947651
2655;1.96947651
2656;2.25365315
2657;3.10618308
2658;4.24288964
2659;4.81124293
2660;4.52706629
2661;3.67453636
2662;2.82200644
2663;2.25365315
2664;0.548593305
2665;0.548593305
2666;0.622051614
2667;2.15740397
2668;4.1977295
2669;6.46838319
2670;19.4045365
2671;19.2071858
2672;14.9335195
2673;8.23937375
2674;2.80776421
2675;2.25365315
2676;2.53782979
2677;2.25365315
2678;1.96947651
2679;1.96947651
2680;2.25365315
2681;3.10618308
2682;4.24288964
2683;4.81124293
2684;4.52706629
2685;3.67453636
2686;2.82200644
2687;2.25365315
2688;0.548593305
2689;0.548593305
2690;0.548593305
2691;1.43762806
2692;3.45008367
2693;5.56375628
2694;17.863503
2695;17.5064242
2696;15.7224697
2697;8.59586346
2698;3.46388998
2699;2.70105887
2700;3.13980505
2701;2.74441409
2702;3.78448069
2703;3.85289981
2704;2.27217548
2705;3.10618308
2706;6.7399167
2707;8.40785421
2708;10.2312126
2709;11.3053819
2710;3.71881074
2711;4.88302572
2712;4.54375379
2713;5.98643383
2714;7.267955
2715;8.28073112
2716;9.63549095
2717;11.5145048
2718;35.0036485
2719;33.8969767
2720;19.6846267
2721;14.3242406
2722;10.7109618
2723;7.73897761
2724;5.78897773
2725;3.47394178
2726;2.45971092
2727;2.13452154
2728;2.25365315
2729;3.10618308
2730;4.24288964
2731;4.85908903
2732;6.7255896
2733;8.76065448
2734;2.82200644
2735;3.65709698
2736;5.31789194
2737;8.20521091
2738;10.1392639
2739;11.3744708
2740;12.1599043
2741;12.6594133
2742;34.897846
2743;33.8549557
2744;26.7034196
2745;13.1353136
2746;9.18034983
2747;5.63683846
2748;4.06112754
2749;3.54973055
2750;3.04090575
2751;2.7460869
2752;3.04440555
2753;3.8573835
2754;4.42396638
2755;8.26250511
2756;10.6279177
2757;11.5319294
2758;3.46782788
2759;4.08394391
2760;5.28842292
2761;7.06968607
2762;8.69835811
2763;10.0099606
2764;11.0436717
2765;12.2860793
2766;34.9148932
2767;33.8528265
2768;33.7601036
2769;33.6695221
2770;33.6032717
2771;33.5503951
2772;16.1403779
2773;13.2388442
2774;11.2628333
2775;9.80907944
2776;9.34839912
2777;10.648132
2778;12.1435592
2779;13.185647
2780;16.0322407
2781;16.9172247
2782;8.48959168
2783;10.3407345
2784;10.1399039
2785;12.7885718
2786;17.4505515
2787;34.4944935
2788;33.6821632
2789;33.6037862
2790;33.5300672
2791;33.4761732
2792;33.4332357
2793;33.3976604
2794;26.8480202
2795;12.4998858
2796;9.69579962
2797;7.06590004
2798;4.09942658
2799;2.43492096
2800;2.25428365
2801;3.10618308
2802;4.24288964
2803;4.81124293
2804;4.59910524
2805;5.49605107
2806;2.82200644
2807;2.36457636
2808;2.47391687
2809;4.58517954
2810;7.42322495
2811;9.9093764
2812;11.8639666
2813;14.210324
2814;34.7444078
2815;33.7700432
2816;33.6787714
2817;33.5917847
2818;13.6943364
2819;15.8980945
2820;9.01694484
2821;6.94541132
2822;4.51444931
2823;2.65970531
2824;2.47154492
2825;3.11821864
2826;4.72931584
2827;7.06221714
2828;9.75381375
2829;9.67094318
2830;2.85043974
2831;3.81579238
2832;3.97078165
2833;6.16513241
2834;8.178154
2835;9.82083409
2836;11.6671816
2837;13.668402
2838;34.7828657
2839;33.7857187
2840;22.5401767
2841;14.0569878
2842;8.85193586
2843;4.68446188
2844;2.93987419
2845;2.25861816
2846;1.96947651
2847;1.96947651
2848;2.25365315
2849;3.10618308
2850;4.24288964
2851;4.81124293
2852;4.52706629
2853;3.67453636
2854;2.82200644
2855;2.25365315
2856;0.548593305
2857;0.548593305
2858;0.548593305
2859;0.548593305
2860;1.48412551
2861;5.05824191
2862;18.6635914
2863;18.6490783
2864;19.1049762
2865;14.0716736
2866;10.6289788
2867;8.2197993
2868;6.9934047
2869;5.79828208
2870;4.1075241
2871;2.75208153
2872;3.44286053
2873;5.01417374
2874;9.96797484
2875;11.1418421
2876;13.0294229
2877;13.1088103
2878;4.46224343
2879;5.3323753
2880;4.70577108
2881;5.97065917
2882;7.05299864
2883;7.97696883
2884;9.08584251
2885;10.6846978
2886;35.0248299
2887;30.0013923
2888;19.3960959
2889;16.6670227
2890;11.7505253
2891;8.48674026
2892;6.44247282
2893;4.60107126
2894;2.90256055
2895;2.35240538
2896;2.30334754
2897;3.26484845
2898;4.68844795
2899;7.40497964
2900;9.14540143
2901;9.71319376
2902;2.93881152
2903;3.7871435
2904;3.56606487
2905;4.59262826
2906;5.74380003
2907;6.77109953
2908;8.15050325
2909;9.71875715
2910;35.1083022
2911;31.8887129
2912;17.4809051
2913;14.3431728
2914;10.7151588
2915;7.2816358
2916;4.71987465
2917;3.52438666
2918;2.8070659
2919;2.75816806
2920;3.06988699
2921;3.69332484
2922;4.31676269
2923;4.87716837
2924;7.04207819
2925;9.05932679
2926;2.94177148
2927;3.79599687
2928;5.83294488
2929;8.64637807
2930;10.5244897
2931;12.699775
2932;14.6353103
2933;16.5932426
2934;34.7204513
2935;33.8523905
2936;26.7867212
2937;19.7880246
2938;17.5865499
2939;13.3215231
2940;10.0447842
2941;7.39566956
2942;5.16939814
2943;3.48553897
2944;3.75909623
2945;4.34649575
2946;6.72821716
2947;7.3395953
2948;9.47227438
2949;9.94990866
2950;2.59191797
2951;2.77038802
2952;3.63090312
2953;7.22082284
2954;10.2144296
2955;12.0749644
2956;13.7699278
2957;16.1773181
2958;34.7252461
2959;33.8386775
2960;30.6768362
2961;15.4665582
2962;10.1606918
2963;6.41797735
2964;4.32740278
2965;2.98880115
2966;2.13299895
2967;1.98510513
2968;2.27188654
2969;3.13223077
2970;4.27935641
2971;4.85291924
2972;4.79430923
2973;4.60268405
2974;2.84544936
2975;2.27188654
2976;1.61413977
2977;4.84280387
2978;7.37627527
2979;9.22701002
2980;10.1623556
2981;11.7853604
2982;35.0148025
2983;33.9195823
2984;33.8222115
2985;33.7277632
2986;33.6587911
2987;33.603856
2988;24.1728532
2989;9.7931705
2990;9.58069184
2991;8.84057152
2992;10.6901294
2993;10.1919442
2994;11.26629
2995;11.5148628
2996;13.3604281
2997;21.5388055
2998;6.57570039
2999;9.26153235
3000;10.2358802
3001;12.6781522
3002;24.586636
3003;34.2205613
3004;33.7071519
3005;33.6276072
3006;33.5602421
3007;33.509651
3008;33.4688951
3009;33.4348523
3010;33.4056376
3011;33.3800585
3012;17.8691211
3013;10.2397699
3014;8.00780377
3015;8.62728444
3016;8.1022937
3017;11.1540884
3018;12.2883659
3019;13.7683124
3020;22.4199499
3021;34.1749514
3022;9.03859492
3023;11.4646129
3024;11.8303738
3025;18.5290963
3026;33.9469014
3027;33.61113
3028;33.5263857
3029;33.4621276
3030;33.4154009
3031;33.3785515
3032;33.3482373
3033;33.3224987
3034;33.3001489
3035;33.2807085
3036;33.2632765
3037;33.2474813
3038;26.0225908
3039;10.4755764
3040;9.05783173
3041;8.69286219
3042;12.193109
3043;13.7719161
3044;18.4154596
3045;34.2044058
3046;5.73071936
3047;7.36689488
3048;8.86948367
3049;11.6346759
3050;26.6558571
3051;33.9160359
3052;33.5091042
3053;33.4378305
3054;33.3804322
3055;33.3380503
3056;33.3045046
3057;33.2772656
3058;11.777865
3059;7.69793589
3060;5.40304777
3061;3.4121768
3062;2.21948555
3063;2.08025636
3064;2.58274675
3065;3.26423434
3066;4.80360343
3067;6.99971071
3068;9.15300925
3069;9.64621342
3070;2.96216618
3071;4.16371007
3072;4.27241248
3073;5.73071647
3074;6.54897789
3075;7.15426332
3076;7.92432832
3077;9.08667032
3078;34.9628628
3079;33.7634816
3080;33.6698478
3081;25.3993821
3082;11.6691513
3083;8.64887483
3084;7.47927389
3085;6.63974555
3086;4.60060691
3087;3.11472917
3088;3.52779165
3089;4.3292156
3090;4.38212762
3091;4.64094438
3092;6.3427863
3093;7.56293339
3094;2.63348049
3095;1.73251783
3096;2.97026603
3097;4.09538317
3098;5.10385649
3099;6.29864315
3100;7.54452836
3101;8.9417699
3102;35.0710942
3103;33.8516176
3104;33.5635131
3105;10.9405259
3106;7.09437555
3107;5.59003118
3108;4.58691909
3109;3.58941853
3110;3.25691834
3111;2.92441815
3112;3.25691834
3113;3.92191871
3114;4.58691909
3115;4.91941927
3116;4.58691909
3117;3.7224186
3118;2.59191797
3119;1.9269176
3120;0.551198074
3121;0.551198074
3122;0.551198074
3123;0.551198074
3124;0.837979485
3125;1.69832372
3126;10.5206026
3127;11.5240845
3128;6.57811513
3129;3.41901218
3130;2.55866795
3131;2.27188654
3132;2.55866795
3133;2.27188654
3134;1.98510513
3135;1.98510513
3136;2.27188654
3137;3.13223077
3138;4.27935641
3139;4.85291924
3140;4.56613783
3141;3.70579359
3142;2.84544936
3143;2.27188654
3144;0.551198074
3145;0.551198074
3146;0.551198074
3147;0.551198074
3148;0.837979485
3149;2.02685053
3150;12.7652818
3151;16.0673452
3152;16.3229356
3153;13.8442504
3154;13.381643
3155;13.2922225
3156;12.2321189
3157;13.5201964
3158;12.8081172
3159;10.8863752
3160;11.0061141
3161;11.5088632
3162;13.1992019
3163;14.8235166
3164;15.8556243
3165;16.5290105
3166;7.39168959
3167;9.50254679
3168;10.2494167
3169;12.1225521
3170;13.5458204
3171;14.7054498
3172;16.9946368
3173;30.896976
3174;33.9903364
3175;33.7510227
3176;33.6744535
3177;33.6139334
3178;33.5662019
3179;30.1775385
3180;15.357521
3181;13.5323751
3182;11.7928032
3183;10.467604
3184;9.73016241
3185;10.1767274
3186;12.2175019
3187;13.4841052
3188;15.3307125
3189;17.7297077
3190;9.3554049
3191;12.4268762
3192;13.9351253
3193;16.7792272
3194;32.3230531
3195;33.801748
3196;33.6348427
3197;33.5641705
3198;33.5105984
3199;33.4685887
3200;33.4340425
3201;33.4047171
3202;20.5899924
3203;15.4292727
3204;13.6878266
3205;12.0172346
3206;9.87686926
3207;7.89910195
3208;6.77898809
3209;7.26981912
3210;9.09383199
3211;11.6321033
3212;12.7921557
3213;14.3839437
3214;6.46313937
3215;9.15312405
3216;10.3513869
3217;12.7747858
3218;14.9119984
3219;18.6360794
3220;34.4357267
3221;33.6787419
3222;33.6027311
3223;33.5317963
3224;33.4798632
3225;33.4385418
3226;18.2746698
3227;26.6167665
3228;33.2420641
3229;14.8654974
3230;33.8068908
3231;11.8208592
3232;29.0057373
3233;33.6617147
3234;33.3212297
3235;33.3671429
3236;33.3273029
3237;33.2997811
3238;14.3254707
3239;24.055368
3240;33.7657556
3241;33.3277124
3242;33.2961725
3243;33.2645544
3244;33.2415731
3245;33.2230015
3246;33.2073501
3247;33.193672
3248;33.1814821
3249;33.1704449
3250;33.1603057
3251;33.1509297
3252;33.1421599
3253;33.1339235
3254;33.126122
3255;33.1187847
3256;33.1117701
3257;33.1050764
3258;33.0986698
3259;33.0925074
3260;33.0865899
3261;33.0808643
3262;33.0753409
3263;31.4775378
3264;33.1353657
3265;33.0652898
3266;33.0604189
3267;33.0541524
3268;33.0487145
3269;33.0437039
3270;33.0389836
3271;33.0344577
3272;33.0301119
3273;33.0259137
3274;33.0218531
3275;33.0179251
3276;24.6300913
3277;16.2579337
3278;13.9154519
3279;11.5523027
3280;10.3879912
3281;10.3135808
3282;11.1669863
3283;12.2824341
3284;14.259766
3285;16.5163762
3286;7.5913536
3287;9.89257469
3288;10.5567278
3289;12.1565031
3290;13.3786537
3291;14.4009195
3292;19.5320639
3293;34.1320909
3294;33.436434
3295;33.3689814
3296;33.3067909
3297;33.2628449
3298;29.4610816
3299;12.6986854
3300;9.17343983
3301;5.63959064
3302;2.73224421
3303;2.69644129
3304;2.58200298
3305;3.8954753
3306;5.65706848
3307;7.46915738
3308;9.27617212
3309;10.3553948
3310;3.52682014
3311;5.38335578
3312;5.86267848
3313;7.85077432
3314;9.82946224
3315;11.5457117
3316;13.4349242
3317;18.4803485
3318;34.3773782
3319;33.6076883
3320;33.5260791
3321;14.9981709
3322;8.9676494
3323;5.31967572
3324;3.32387991
3325;2.46126244
3326;1.98510513
3327;1.98510513
3328;2.27188654
3329;3.13223077
3330;4.27935641
3331;4.85291924
3332;4.56613783
3333;3.70579359
3334;2.84544936
3335;2.27188654
3336;0.551198074
3337;0.551198074
3338;1.14495985
3339;3.0301638
3340;6.37392077
3341;10.2461934
3342;30.1382546
3343;23.9585416
3344;16.6922283
3345;10.2535747
3346;5.40641883
3347;2.44618439
3348;2.55866795
3349;2.27188654
3350;1.98510513
3351;1.98510513
3352;2.27188654
3353;3.13223077
3354;4.27935641
3355;4.85291924
3356;4.56613783
3357;3.70579359
3358;2.84544936
3359;2.27188654
3360;0.551198074
3361;0.551198074
3362;0.698070075
3363;2.603298
3364;4.15114562
3365;5.37054201
3366;17.2621142
3367;16.879154
3368;14.9301051
3369;8.26660608
3370;4.10109161
3371;2.27216372
3372;2.55866795
3373;2.27188654
3374;1.98510513
3375;1.98510513
3376;2.27188654
3377;3.13223077
3378;4.27935641
3379;4.85291924
3380;4.56613783
3381;3.70579359
3382;2.84544936
3383;2.27188654
3384;0.551198074
3385;1.23575048
3386;2.530752
3387;3.42598397
3388;4.54318573
3389;6.02023763
3390;18.4563183
3391;18.875281
3392;16.9465107
3393;12.0637149
3394;8.09918582
3395;5.01894439
3396;3.52082455
3397;2.54660058
3398;1.98510513
3399;1.98510513
3400;2.27188654
3401;3.13223077
3402;4.27935641
3403;4.85291924
3404;4.56613783
3405;3.70579359
3406;2.84544936
3407;2.27188654
3408;0.700823158
3409;0.638479373
3410;0.923388479
3411;2.23876535
3412;3.60916845
3413;5.04667596
3414;16.6024169
3415;15.9796923
3416;14.2679803
3417;12.0067715
3418;9.87493995
3419;5.33372414
3420;3.69332484
3421;3.06988699
3422;2.75816806
3423;2.75816806
3424;3.06988699
3425;3.69332484
3426;4.31676269
3427;4.62848161
3428;4.31676269
3429;3.69332484
3430;2.63348049
3431;1.19957344
3432;0.796416962
3433;0.729916924
3434;0.59691685
3435;0.654106144
3436;1.49612848
3437;3.00606955
3438;13.090686
3439;11.4209366
3440;9.38691551
3441;8.84367658
3442;6.40764561
3443;5.58441965
3444;4.58691909
3445;3.58941853
3446;3.25691834
3447;2.92441815
3448;3.25691834
3449;3.92191871
3450;4.58691909
3451;4.91941927
3452;4.58691909
3453;3.7224186
3454;2.59191797
3455;1.9269176
3456;0.551198074
3457;0.551198074
3458;0.551198074
3459;0.551198074
3460;0.837979485
3461;2.29467606
3462;12.333498
3463;12.0280391
3464;9.18231057
3465;5.42461994
3466;2.76459702
3467;2.27188654
3468;2.55866795
3469;2.27188654
3470;1.98510513
3471;1.98510513
3472;2.27188654
3473;3.13223077
3474;4.27935641
3475;4.85291924
3476;4.56613783
3477;3.70579359
3478;2.84544936
3479;2.27188654
3480;0.551198074
3481;0.572662383
3482;1.80388962
3483;3.35545952
3484;5.02751512
3485;7.1024477
3486;18.8207793
3487;17.4161342
3488;13.5169173
3489;9.08418365
3490;5.11496355
3491;2.45875881
3492;2.55866795
3493;2.27188654
3494;1.98510513
3495;1.98510513
3496;2.27188654
3497;3.13223077
3498;4.27935641
3499;4.85291924
3500;4.56613783
3501;3.70579359
3502;2.84544936
3503;2.27188654
3504;1.0037964
3505;2.99992344
3506;4.37253311
3507;5.36850805
3508;7.20706081
3509;10.0233727
3510;23.5368027
3511;22.9527363
3512;18.5870304
3513;12.9510611
3514;8.1422041
3515;6.01588009
3516;3.41836445
3517;2.36314686
3518;1.98510513
3519;1.98510513
3520;2.27188654
3521;3.13223077
3522;4.27935641
3523;4.85291924
3524;4.56613783
3525;5.10871132
3526;2.84544936
3527;2.27188654
3528;0.551198074
3529;0.58279838
3530;1.66330868
3531;3.05170519
3532;4.97638357
3533;8.05513232
3534;21.2016611
3535;19.4075797
3536;13.8357354
3537;8.51080712
3538;4.27125185
3539;2.32995147
3540;2.55866795
3541;2.27188654
3542;1.98510513
3543;1.98510513
3544;2.27188654
3545;3.13223077
3546;4.27935641
3547;4.85291924
3548;4.56613783
3549;3.70579359
3550;2.84544936
3551;2.27188654
3552;0.551198074
3553;0.630860863
3554;2.04506162
3555;3.41184123
3556;4.68559937
3557;6.63789012
3558;18.2166117
3559;17.3103552
3560;12.7467236
3561;7.27550373
3562;3.19088629
3563;2.27188654
3564;2.55866795
3565;2.27188654
3566;1.98510513
3567;1.98510513
3568;2.27188654
3569;3.13223077
3570;4.27935641
3571;4.85291924
3572;4.56613783
3573;3.70579359
3574;2.84544936
3575;2.27188654
3576;0.700823158
3577;0.638479373
3578;1.77836446
3579;3.51842519
3580;5.15244887
3581;6.75498931
3582;18.3405415
3583;17.3359454
3584;13.7461778
3585;8.73128367
3586;5.3321543
3587;4.31676269
3588;3.69332484
3589;3.06988699
3590;2.75816806
3591;2.75816806
3592;3.06988699
3593;3.69332484
3594;4.31676269
3595;4.62848161
3596;4.31676269
3597;3.69332484
3598;2.63348049
3599;1.19957344
3600;0.796416962
3601;0.730159113
3602;2.11573314
3603;3.86535993
3604;5.03399871
3605;6.29368433
3606;17.4205291
3607;14.9946884
3608;11.6438956
3609;9.20596745
3610;6.71413542
3611;5.58441965
3612;4.58691909
3613;3.58941853
3614;3.25691834
3615;2.92441815
3616;3.25691834
3617;3.92191871
3618;4.58691909
3619;4.91941927
3620;4.58691909
3621;3.74412234
3622;2.59191797
3623;1.9269176
3624;0.52761076
3625;0.672028064
3626;2.00976476
3627;3.32798381
3628;4.76712211
3629;6.79568721
3630;19.8482665
3631;20.997832
3632;19.6981297
3633;19.7328818
3634;19.3244991
3635;25.4151079
3636;29.8138824
3637;34.1819987
3638;33.9121217
3639;33.8461932
3640;33.7898341
3641;33.7441866
3642;33.705438
3643;33.6717069
3644;33.6417901
3645;33.6148695
3646;7.85227105
3647;9.69439234
3648;9.80478062
3649;16.8903719
3650;28.466871
3651;34.042379
3652;33.7211093
3653;33.6600146
3654;33.6103885
3655;33.5726832
3656;33.5419892
3657;33.516011
3658;33.4934231
3659;33.4733728
3660;33.4552982
3661;33.4387875
3662;12.6585379
3663;9.9423508
3664;9.14631745
3665;10.5025298
3666;11.952057
3667;13.061077
3668;14.3542677
3669;28.0862807
3670;6.16441043
3671;8.06702656
3672;8.60012237
3673;10.4292214
3674;13.2090125
3675;26.0693293
3676;34.170106
3677;33.7246312
3678;33.6498758
3679;33.5882403
3680;33.5423162
3681;33.5056523
3682;33.4752722
3683;33.4493633
3684;33.4268065
3685;33.4068592
3686;33.3889795
3687;33.3727852
3688;33.35799
3689;33.3443611
3690;33.3317672
3691;33.3200154
3692;33.3090031
3693;33.2986427
3694;24.7566027
3695;14.6490033
3696;25.8357301
3697;33.7382781
3698;33.3714849
3699;33.3409667
3700;33.312377
3701;33.2921524
3702;33.2762698
3703;33.2630007
3704;33.2514832
3705;33.2412565
3706;25.8138227
3707;10.7805849
3708;8.75860819
3709;6.89854795
3710;4.70029423
3711;3.00977748
3712;2.36931026
3713;2.94352204
3714;4.33380586
3715;5.60934617
3716;7.04497419
3717;8.9208812
3718;2.88367261
3719;4.65109305
3720;5.58728792
3721;8.53696987
3722;11.0032758
3723;12.8944971
3724;14.3799863
3725;16.1157675
3726;34.6124144
3727;33.7396936
3728;19.4906701
3729;13.2827503
3730;8.59900365
3731;5.33617268
3732;3.35335425
3733;2.364177
3734;1.84358124
3735;1.84358124
3736;2.10677534
3737;2.89635763
3738;3.94913401
3739;4.47552221
3740;4.21232811
3741;3.46603905
3742;2.63316353
3743;2.10678965
3744;2.43755916
3745;4.93719027
3746;7.16814759
3747;9.3425901
3748;11.398357
3749;13.4426459
3750;27.4725128
3751;21.0667343
3752;17.5392047
3753;13.2723013
3754;8.37993138
3755;4.42324597
3756;3.41142165
3757;2.83914152
3758;2.55306098
3759;2.55306098
3760;2.83914152
3761;3.4113026
3762;3.98346368
3763;4.26954422
3764;3.98346368
3765;3.4113026
3766;2.43862876
3767;1.12265828
3768;0.752660784
3769;1.74260863
3770;3.93353912
3771;5.79343122
3772;7.49003552
3773;9.43763781
3774;20.2619735
3775;16.752186
3776;13.6082425
3777;10.4537398
3778;6.95535151
3779;5.14685787
3780;4.23140015
3781;3.31594242
3782;3.01078984
3783;2.70563727
3784;3.01078984
3785;3.621095
3786;4.23140015
3787;4.53655272
3788;4.23140015
3789;3.43800345
3790;2.40048469
3791;1.79017954
3792;0.52761076
3793;1.20164144
3794;3.05980573
3795;4.715663
3796;6.49191855
3797;9.112227
3798;21.093664
3799;18.4488831
3800;13.9478228
3801;7.26749966
3802;2.57895775
3803;2.10677534
3804;2.36996944
3805;2.10677534
3806;1.84358124
3807;1.84358124
3808;2.10677534
3809;2.89635763
3810;3.94913401
3811;4.47552221
3812;4.21232811
3813;3.42274582
3814;2.63316353
3815;2.10677534
3816;0.52761076
3817;0.52761076
3818;0.565482316
3819;1.83406045
3820;2.77211449
3821;3.85912747
3822;14.5886174
3823;15.400684
3824;12.7755073
3825;10.2648961
3826;7.02555263
3827;4.27976062
3828;3.6527115
3829;2.19474737
3830;1.84358124
3831;1.84358124
3832;2.10677534
3833;2.89635763
3834;3.94913401
3835;4.47552221
3836;4.21232811
3837;4.29517518
3838;2.63316353
3839;2.10677534
3840;1.45046791
3841;3.08446031
3842;4.30816636
3843;5.27947457
3844;6.80871053
3845;8.75720996
3846;20.9295441
3847;20.4503246
3848;17.2103122
3849;13.5674325
3850;11.890305
3851;9.88814145
3852;9.34796919
3853;8.75306102
3854;7.8758996
3855;7.35682015
3856;8.13540173
3857;9.70064213
3858;11.6475396
3859;13.0450248
3860;13.4285034
3861;14.9457242
3862;4.55781543
3863;5.43986834
3864;4.95721611
3865;6.21987888
3866;7.06933369
3867;7.69704662
3868;8.56091119
3869;9.92256177
3870;35.2601604
3871;34.0759666
3872;33.9791151
3873;33.8833461
3874;33.8139696
3875;33.7588853
3876;33.7133923
3877;33.6746884
3878;26.9897899
3879;5.65150119
3880;5.6979487
3881;5.5287253
3882;4.82254899
3883;5.05319835
3884;5.85382275
3885;7.19265564
3886;2.63316353
3887;3.75680793
3888;4.63440491
3889;6.89647284
3890;8.82162251
3891;10.2131868
3892;11.6904467
3893;13.436199
3894;34.9804376
3895;33.9659981
3896;33.8769686
3897;33.7907113
3898;17.5123302
3899;6.39413423
3900;2.87027238
3901;2.12739638
3902;1.84358124
3903;1.84358124
3904;2.10677534
3905;2.89635763
3906;3.94913401
3907;4.47552221
3908;4.21232811
3909;3.42274582
3910;2.63316353
3911;2.10677534
3912;0.664929419
3913;0.711617807
3914;2.74998024
3915;4.63438909
3916;6.04464629
3917;7.66170522
3918;34.4598518
3919;18.2527638
3920;11.5727865
3921;7.77665025
3922;4.87238559
3923;4.10109621
3924;3.4113026
3925;2.83914152
3926;2.55306098
3927;2.55306098
3928;2.83914152
3929;3.4113026
3930;3.98346368
3931;4.26954422
3932;3.98346368
3933;3.4113026
3934;2.43862876
3935;1.12265828
3936;0.752660784
3937;0.691630269
3938;0.598821822
3939;2.37697166
3940;4.47982123
3941;6.27588504
3942;17.3820861
3943;14.623696
3944;14.1413016
3945;15.2466474
3946;14.0363763
3947;11.9607601
3948;9.07825133
3949;6.28468666
3950;4.46408571
3951;3.0577532
3952;3.70585205
3953;3.86933025
3954;4.74567019
3955;6.04902464
3956;6.57473697
3957;7.90864573
3958;2.40048469
3959;2.88667812
3960;3.10753239
3961;4.46739446
3962;5.92164287
3963;7.67544072
3964;9.54480966
3965;11.7305374
3966;23.1051992
3967;21.695218
3968;16.0503142
3969;10.0322927
3970;5.97560196
3971;2.51775921
3972;2.36996944
3973;2.10677534
3974;1.84358124
3975;1.84358124
3976;2.10677534
3977;2.89635763
3978;3.94913401
3979;4.47552221
3980;4.21232811
3981;3.42274582
3982;2.63316353
3983;2.10677534
3984;0.52761076
3985;0.557997612
3986;1.79275324
3987;3.15808006
3988;4.39039093
3989;5.28389607
3990;15.735832
3991;15.0570808
3992;11.3106774
3993;6.75831242
3994;2.90510373
3995;2.10677534
3996;2.36996944
3997;2.10677534
3998;1.84358124
3999;1.84358124
4000;2.10677534
4001;2.89635763
4002;3.94913401
4003;4.47552221
4004;4.21232811
4005;3.42274582
4006;2.63316353
4007;2.10677534
4008;0.52761076
4009;0.52761076
4010;0.52761076
4011;0.52761076
4012;0.831461832
4013;2.98728264
4014;12.6088494
4015;10.6364439
4016;5.90657051
4017;3.15955172
4018;2.36996944
4019;2.10677534
4020;2.36996944
4021;2.10677534
4022;1.84358124
4023;1.84358124
4024;2.10677534
4025;2.89635763
4026;3.94913401
4027;4.47552221
4028;4.21232811
4029;3.42274582
4030;2.63316353
4031;2.10677534
4032;0.52761076
4033;0.52761076
4034;0.52761076
4035;0.52761076
4036;0.790804856
4037;1.58038715
4038;3.42274582
4039;5.0019104
4040;4.47552221
4041;3.15955172
4042;2.36996944
4043;2.10677534
4044;2.36996944
4045;2.10677534
4046;1.84358124
4047;1.84358124
4048;2.10677534
4049;2.89635763
4050;3.94913401
4051;4.47552221
4052;4.21232811
4053;3.42274582
4054;2.63316353
4055;2.10677534
4056;0.52761076
4057;0.52761076
4058;0.52761076
4059;0.52761076
4060;0.790804856
4061;1.58038715
4062;3.42274582
4063;5.0019104
4064;4.47552221
4065;3.15955172
4066;2.36996944
4067;2.10677534
4068;2.36996944
4069;2.10677534
4070;1.84358124
4071;1.84358124
4072;2.10677534
4073;2.89635763
4074;3.94913401
4075;4.47552221
4076;4.21232811
4077;3.42274582
4078;2.63316353
4079;2.10677534
4080;0.664929419
4081;0.607713311
4082;0.550497203
4083;0.550497203
4084;0.664929419
4085;0.951009959
4086;1.69481936
4087;2.83914152
4088;4.26954422
4089;5.12778584
4090;4.8417053
4091;3.98346368
4092;3.4113026
4093;2.83914152
4094;2.55306098
4095;2.55306098
4096;2.83914152
4097;3.4113026
4098;3.98346368
4099;4.26954422
4100;3.98346368
4101;3.4113026
4102;2.43862876
4103;1.12265828
4104;0.752660784
4105;0.691630269
4106;0.569569239
4107;0.569569239
4108;0.569569239
4109;0.752660784
4110;4.47597619
4111;4.2203331
4112;5.27737575
4113;5.73178625
4114;5.75716303
4115;5.14685787
4116;4.23140015
4117;3.31594242
4118;3.01078984
4119;2.70563727
4120;3.01078984
4121;3.621095
4122;4.23140015
4123;4.53655272
4124;4.23140015
4125;3.43800345
4126;2.40048469
4127;1.79017954
4128;0.52761076
4129;0.52761076
4130;0.52761076
4131;0.654968672
4132;2.22182953
4133;3.98561609
4134;11.8700541
4135;12.6485761
4136;10.7350685
4137;8.37441246
4138;5.18761624
4139;3.01567641
4140;2.3738469
4141;2.10677534
4142;1.84358124
4143;1.84358124
4144;2.10677534
4145;2.89635763
4146;3.94913401
4147;4.47552221
4148;4.21232811
4149;3.42274582
4150;2.63316353
4151;2.10677534
4152;0.52761076
4153;0.52761076
4154;0.52761076
4155;0.533966554
4156;1.52807704
4157;3.01430095
4158;12.3723087
4159;12.8116745
4160;11.1746573
4161;7.82603323
4162;6.57648823
4163;3.86460742
4164;3.33495828
4165;2.31224319
4166;1.84358124
4167;1.84358124
4168;2.10677534
4169;2.89635763
4170;3.94913401
4171;5.37992634
4172;5.58570565
4173;7.5126279
4174;2.63316353
4175;3.47496162
4176;3.80168316
4177;5.28745657
4178;6.7039699
4179;8.2279179
4180;9.19747254
4181;10.4484868
4182;20.732641
4183;21.7709506
4184;20.1880281
4185;16.3655586
4186;13.2357691
4187;14.7419543
4188;12.6923006
4189;9.03006399
4190;6.15631131
4191;7.286924
4192;6.94142876
4193;5.49867645
4194;6.94292735
4195;9.38392311
4196;11.0315331
4197;12.524989
4198;4.62837893
4199;5.8576784
4200;5.66561199
4201;7.20806518
4202;8.58892787
4203;9.60802443
4204;10.5115822
4205;11.9720814
4206;35.3197441
4207;34.220146
4208;34.1250599
4209;34.0318583
4210;25.9135966
4211;11.4644036
4212;10.280722
4213;9.3314583
4214;9.06554488
4215;8.97869517
4216;9.00208856
4217;10.0296424
4218;11.552264
4219;15.1570331
4220;25.671437
4221;34.5067102
4222;6.43604583
4223;7.7963116
4224;7.85985046
4225;9.15590978
4226;11.1851497
4227;20.3741923
4228;31.8047261
4229;34.1756376
4230;33.9670489
4231;33.8923662
4232;33.8341092
4233;33.7881499
4234;33.7501022
4235;33.7176425
4236;14.7324725
4237;9.6027882
4238;8.64671228
4239;7.80370936
4240;7.17923226
4241;7.60332552
4242;8.75201143
4243;9.57286215
4244;10.7528692
4245;12.9821888
4246;4.98207454
4247;6.00121065
4248;7.13023306
4249;9.84137697
4250;11.6304884
4251;13.2027624
4252;14.0484352
4253;17.5651688
4254;34.8221595
4255;33.9963672
4256;33.9155209
4257;33.8391921
4258;33.7831003
4259;27.3279135
4260;11.8542524
4261;11.2292994
4262;10.2616727
4263;10.6861221
4264;12.4808642
4265;21.4438952
4266;28.7127216
4267;13.2291287
4268;25.7692929
4269;34.2342012
4270;6.69582639
4271;8.06422423
4272;10.0641538
4273;14.9354202
4274;30.0838782
4275;34.0919928
4276;33.8204551
4277;33.7504479
4278;33.6959496
4279;33.6543109
4280;33.6205715
4281;33.5922205
4282;20.735071
4283;13.4564052
4284;22.3053316
4285;9.77626563
4286;8.38501077
4287;6.06476338
4288;5.64758032
4289;7.94046598
4290;8.91958312
4291;9.56053779
4292;9.29040937
4293;10.2479541
4294;2.75394796
4295;5.01759768
4296;5.89997478
4297;7.71391781
4298;9.11659062
4299;10.1004065
4300;10.9416598
4301;11.8875957
4302;35.0558892
4303;33.9772451
4304;33.8904504
4305;33.8047814
4306;33.7432937
4307;33.6949027
4308;33.6552766
4309;33.6218468
4310;33.592998
4311;33.5677234
4312;33.5452336
4313;26.9361937
4314;10.7314243
4315;9.5600448
4316;10.2237559
4317;16.0953407
4318;3.90788476
4319;5.28895212
4320;5.37690778
4321;7.02426693
4322;8.67209023
4323;10.1232045
4324;17.6855793
4325;30.1627176
4326;34.0712192
4327;33.7970453
4328;33.7219389
4329;33.6633238
4330;20.4227467
4331;8.8506352
4332;8.57527299
4333;5.60409362
4334;4.08488194
4335;3.17778198
4336;3.06484648
4337;3.68518214
4338;6.87987714
4339;9.72271169
4340;9.30446589
4341;11.1535232
4342;3.4248867
4343;4.51790339
4344;4.02965632
4345;5.12422952
4346;6.44828371
4347;7.62055481
4348;8.88604266
4349;10.4773929
4350;35.1653413
4351;24.6344093
4352;17.8366018
4353;16.6133561
4354;8.5145412
4355;3.43353205
4356;2.09962149
4357;1.72439273
4358;1.51582472
4359;1.51582472
4360;1.72439273
4361;2.35009676
4362;3.1843688
4363;3.60150482
4364;3.39293681
4365;2.76723278
4366;2.14152875
4367;1.72439273
4368;0.472984673
4369;0.472984673
4370;0.472984673
4371;1.54339631
4372;3.51055231
4373;5.41859411
4374;16.8896625
4375;14.4359238
4376;9.81095513
4377;4.46343264
4378;1.93306276
4379;1.72439273
4380;1.93296074
4381;1.72439273
4382;1.51582472
4383;1.51582472
4384;1.72439273
4385;2.35009676
4386;3.1843688
4387;3.60150482
4388;3.39293681
4389;2.76723278
4390;2.14152875
4391;1.72439273
4392;0.472984673
4393;0.472984673
4394;0.472984673
4395;0.472984673
4396;0.681552683
4397;1.30725671
4398;4.84249272
4399;6.20555289
4400;5.51949719
4401;4.28873918
4402;3.54562871
4403;3.33597993
4404;3.67807266
4405;3.73508669
4406;2.32437319
4407;1.62024801
4408;3.26916505
4409;3.68940879
4410;3.62211961
4411;3.8126486
4412;4.60156696
4413;5.7015585
4414;2.14152875
4415;1.72483618
4416;1.37702765
4417;2.22795879
4418;2.76132396
4419;3.21847967
4420;3.70326918
4421;4.35448642
4422;14.7904424
4423;13.859382
4424;12.2758262
4425;11.6551053
4426;7.90433822
4427;4.53062919
4428;4.35598203
4429;2.44871167
4430;2.07805153
4431;2.07805153
4432;2.30475589
4433;2.75816461
4434;3.21157332
4435;3.43827768
4436;3.21157332
4437;3.80260694
4438;1.98736979
4439;0.944529739
4440;0.751499579
4441;2.27404031
4442;3.42986421
4443;4.19870132
4444;5.1255334
4445;6.45951412
4446;15.9637519
4447;13.0539171
4448;10.0440265
4449;8.22977488
4450;5.69878298
4451;4.13369929
4452;3.40805043
4453;2.68259649
4454;2.4407785
4455;2.19896052
4456;2.4407785
4457;2.92441447
4458;3.40805043
4459;3.64986842
4460;3.40805043
4461;2.77932368
4462;1.95714254
4463;1.47350657
4464;0.472984673
4465;0.472984673
4466;0.472984673
4467;0.47948534
4468;1.95363552
4469;4.10971999
4470;14.077598
4471;12.4616935
4472;7.94707361
4473;3.60552099
4474;1.93296074
4475;1.72439273
4476;1.93296074
4477;1.72439273
4478;1.51582472
4479;1.51582472
4480;1.72439273
4481;2.35009676
4482;3.1843688
4483;3.60150482
4484;3.39293681
4485;2.76723278
4486;2.14152875
4487;1.72439273
4488;0.472984673
4489;0.472984673
4490;0.472984673
4491;0.472984673
4492;0.681552683
4493;1.30725671
4494;8.79359997
4495;7.92664716
4496;5.02863652
4497;2.56402728
4498;1.93296074
4499;1.72439273
4500;1.93296074
4501;1.72439273
4502;1.51582472
4503;1.51582472
4504;1.72439273
4505;2.35009676
4506;3.1843688
4507;3.60150482
4508;3.39293681
4509;2.76723278
4510;2.14152875
4511;1.72439273
4512;0.472984673
4513;0.472984673
4514;0.472984673
4515;0.472984673
4516;0.681552683
4517;1.30725671
4518;6.96431908
4519;6.72081255
4520;4.48485067
4521;2.55866477
4522;1.93296074
4523;1.72439273
4524;1.93296074
4525;1.72439273
4526;1.51582472
4527;1.51582472
4528;1.72439273
4529;2.35009676
4530;3.1843688
4531;3.60150482
4532;3.39293681
4533;2.76723278
4534;2.14152875
4535;1.72439273
4536;0.472984673
4537;0.472984673
4538;0.472984673
4539;0.472984673
4540;0.681552683
4541;1.30725671
4542;5.75865107
4543;6.42521132
4544;4.33277956
4545;2.55866477
4546;1.93296074
4547;1.72439273
4548;1.93296074
4549;1.72439273
4550;1.51582472
4551;1.51582472
4552;1.72439273
4553;2.35009676
4554;3.1843688
4555;3.60150482
4556;3.39293681
4557;2.76723278
4558;2.14152875
4559;1.72439273
4560;0.472984673
4561;0.472984673
4562;0.472984673
4563;0.472984673
4564;0.681552683
4565;1.30725671
4566;5.16436796
4567;5.56315287
4568;3.68052943
4569;2.55866477
4570;1.93296074
4571;1.72439273
4572;1.93296074
4573;1.72439273
4574;1.51582472
4575;1.51582472
4576;1.72439273
4577;2.35009676
4578;3.1843688
4579;3.60150482
4580;3.39293681
4581;2.76723278
4582;2.14152875
4583;1.72439273
4584;0.581802765
4585;0.536461893
4586;0.491121022
4587;0.491121022
4588;0.581802765
4589;0.808507123
4590;6.8401782
4591;8.05549686
4592;8.52116446
4593;7.96450359
4594;6.15732544
4595;4.0398533
4596;2.7614022
4597;2.30475589
4598;2.07805153
4599;2.07805153
4600;2.30475589
4601;2.75816461
4602;3.21157332
4603;3.43827768
4604;3.21157332
4605;2.75816461
4606;1.98736979
4607;0.944529739
4608;0.651325435
4609;1.50161052
4610;3.38892358
4611;4.81858313
4612;5.99215352
4613;7.09217075
4614;17.3221849
4615;14.2796285
4616;11.3333237
4617;9.0141913
4618;6.26217618
4619;4.18646615
4620;3.40805043
4621;2.68259649
4622;2.4407785
4623;2.19896052
4624;2.4407785
4625;2.92441447
4626;3.40805043
4627;3.64986842
4628;3.40805043
4629;2.77932368
4630;1.95714254
4631;1.47350657
4632;0.472984673
4633;0.489259263
4634;1.78219407
4635;2.99860896
4636;3.77667601
4637;4.86573882
4638;15.3448402
4639;13.970018
4640;10.2270889
4641;5.29816065
4642;2.02146365
4643;1.72439273
4644;1.93296074
4645;1.72439273
4646;1.51582472
4647;1.51582472
4648;1.72439273
4649;2.35009676
4650;3.1843688
4651;3.60150482
4652;3.39293681
4653;2.76723278
4654;2.14152875
4655;1.72439273
4656;0.472984673
4657;0.472984673
4658;0.472984673
4659;0.472984673
4660;0.681552683
4661;1.95523857
4662;11.5506522
4663;10.5276729
4664;7.46842382
4665;4.03659165
4666;1.93296074
4667;1.72439273
4668;1.93296074
4669;1.72439273
4670;1.51582472
4671;1.51582472
4672;1.72439273
4673;2.35009676
4674;3.1843688
4675;3.60150482
4676;3.39293681
4677;2.76723278
4678;2.14152875
4679;1.72439273
4680;0.472984673
4681;0.472984673
4682;0.472984673
4683;0.472984673
4684;0.681552683
4685;1.60670379
4686;10.0417296
4687;9.91494738
4688;6.72423851
4689;3.91832182
4690;1.93702301
4691;1.72439273
4692;1.93296074
4693;1.72439273
4694;1.51582472
4695;1.51582472
4696;1.72439273
4697;2.35009676
4698;3.1843688
4699;3.60150482
4700;3.39293681
4701;2.76723278
4702;2.14152875
4703;1.72439273
4704;0.472984673
4705;0.472984673
4706;0.472984673
4707;0.472984673
4708;0.829815795
4709;3.04864728
4710;12.4585078
4711;10.756945
4712;6.6783932
4713;2.86337758
4714;1.93296074
4715;1.72439273
4716;1.93296074
4717;1.72439273
4718;1.51582472
4719;1.51582472
4720;1.72439273
4721;2.35009676
4722;3.1843688
4723;3.60150482
4724;3.39293681
4725;2.76723278
4726;2.14152875
4727;1.72439273
4728;0.472984673
4729;0.472984673
4730;0.472984673
4731;0.472984673
4732;0.681552683
4733;1.30725671
4734;5.40072479
4735;6.18326775
4736;4.11455617
4737;2.55866477
4738;1.93296074
4739;1.72439273
4740;1.93296074
4741;1.72439273
4742;1.51582472
4743;1.51582472
4744;1.72439273
4745;2.35009676
4746;3.1843688
4747;3.60150482
4748;3.39293681
4749;2.76723278
4750;2.14152875
4751;1.72439273
4752;0.581802765
4753;0.536461893
4754;0.491121022
4755;0.491121022
4756;0.581802765
4757;0.808507123
4758;2.84958891
4759;3.91857546
4760;3.43827768
4761;4.11839076
4762;3.8916864
4763;3.21157332
4764;2.75816461
4765;2.30475589
4766;2.07805153
4767;2.07805153
4768;2.30475589
4769;2.75816461
4770;3.21157332
4771;3.43827768
4772;3.21157332
4773;2.75816461
4774;1.98736979
4775;0.944529739
4776;0.651325435
4777;0.602961839
4778;0.506234646
4779;0.506234646
4780;0.506234646
4781;0.651325435
4782;1.17379186
4783;1.71532456
4784;2.92441447
4785;4.13350438
4786;4.61714035
4787;4.13350438
4788;3.40805043
4789;2.68259649
4790;2.4407785
4791;2.19896052
4792;2.4407785
4793;2.92441447
4794;3.40805043
4795;3.64986842
4796;3.40805043
4797;2.77932368
4798;1.95714254
4799;1.47350657
4800;0.472984673
4801;0.472984673
4802;0.472984673
4803;0.472984673
4804;0.681552683
4805;1.30725671
4806;2.77806351
4807;4.01864084
4808;3.60150482
4809;2.55866477
4810;1.93296074
4811;1.72439273
4812;1.93296074
4813;1.72439273
4814;1.51582472
4815;1.51582472
4816;1.72439273
4817;2.35009676
4818;3.1843688
4819;3.60150482
4820;3.39293681
4821;2.76723278
4822;2.14152875
4823;1.72439273
4824;0.472984673
4825;0.472984673
4826;0.472984673
4827;0.472984673
4828;0.681552683
4829;1.30725671
4830;2.76723278
4831;4.01864084
4832;3.60150482
4833;2.55866477
4834;1.93296074
4835;1.72439273
4836;1.93296074
4837;1.72439273
4838;1.51582472
4839;1.51582472
4840;1.72439273
4841;2.35009676
4842;3.1843688
4843;3.60150482
4844;3.39293681
4845;2.76723278
4846;2.14152875
4847;1.72439273
4848;0.472984673
4849;0.472984673
4850;0.472984673
4851;0.472984673
4852;0.681552683
4853;1.30725671
4854;3.00632794
4855;4.01864084
4856;3.60150482
4857;2.55866477
4858;1.93296074
4859;1.72439273
4860;1.93296074
4861;1.72439273
4862;1.51582472
4863;1.51582472
4864;1.72439273
4865;2.35009676
4866;3.1843688
4867;3.60150482
4868;3.39293681
4869;2.76723278
4870;2.14152875
4871;1.72439273
4872;0.472984673
4873;0.472984673
4874;0.472984673
4875;0.472984673
4876;0.681552683
4877;1.30725671
4878;2.76723278
4879;4.01864084
4880;3.60150482
4881;2.55866477
4882;1.93296074
4883;1.72439273
4884;1.93296074
4885;1.72439273
4886;1.51582472
4887;1.51582472
4888;1.72439273
4889;2.35009676
4890;3.1843688
4891;3.60150482
4892;3.39293681
4893;2.76723278
4894;2.14152875
4895;1.72439273
4896;0.472984673
4897;0.472984673
4898;0.472984673
4899;0.472984673
4900;0.681552683
4901;1.30725671
4902;2.76723278
4903;4.01864084
4904;3.60150482
4905;2.55866477
4906;1.93296074
4907;1.72439273
4908;1.93296074
4909;1.72439273
4910;1.51582472
4911;1.51582472
4912;1.72439273
4913;2.35009676
4914;3.1843688
4915;3.60150482
4916;3.39293681
4917;2.76723278
4918;2.14152875
4919;1.72439273
4920;0.581802765
4921;0.536461893
4922;0.491121022
4923;0.491121022
4924;0.581802765
4925;0.808507123
4926;6.33563224
4927;5.98368295
4928;3.74593751
4929;4.11839076
4930;3.8916864
4931;3.21157332
4932;2.75816461
4933;2.30475589
4934;2.07805153
4935;2.07805153
4936;2.30475589
4937;2.75816461
4938;3.21157332
4939;3.43827768
4940;3.21157332
4941;2.75816461
4942;1.98736979
4943;0.944529739
4944;0.651325435
4945;0.602961839
4946;0.506234646
4947;0.506234646
4948;0.506234646
4949;0.651325435
4950;2.93535918
4951;3.70086282
4952;2.92553008
4953;4.13350438
4954;4.61714035
4955;4.13350438
4956;3.40805043
4957;2.68259649
4958;2.4407785
4959;2.19896052
4960;2.4407785
4961;2.92441447
4962;3.40805043
4963;3.64986842
4964;3.40805043
4965;2.77932368
4966;1.95714254
4967;1.47350657
4968;0.472984673
4969;0.472984673
4970;0.472984673
4971;0.472984673
4972;0.681552683
4973;1.30725671
4974;2.76723278
4975;4.01864084
4976;3.60150482
4977;2.55866477
4978;1.93296074
4979;1.72439273
4980;1.93296074
4981;1.72439273
4982;1.51582472
4983;1.51582472
4984;1.72439273
4985;2.35009676
4986;3.1843688
4987;3.60150482
4988;3.39293681
4989;2.76723278
4990;2.14152875
4991;1.72439273
4992;0.472984673
4993;0.472984673
4994;0.472984673
4995;0.472984673
4996;0.681552683
4997;1.30725671
4998;2.76723278
4999;4.01864084
5000;3.60150482
5001;2.55866477
5002;1.93296074
5003;1.72439273
5004;1.93296074
5005;1.72439273
5006;1.51582472
5007;1.51582472
5008;1.72439273
5009;2.35009676
5010;3.1843688
5011;3.60150482
5012;3.39293681
5013;2.76723278
5014;2.14152875
5015;1.72439273
5016;0.472984673
5017;0.472984673
5018;0.472984673
5019;0.472984673
5020;0.681552683
5021;1.30725671
5022;2.76723278
5023;4.07921348
5024;3.79038414
5025;3.1345757
5026;2.14837282
5027;1.72439273
5028;1.93296074
5029;1.72439273
5030;1.52554284
5031;2.13648735
5032;2.89263025
5033;3.92830921
5034;5.14421274
5035;5.32506418
5036;5.39824737
5037;5.71674962
5038;2.14152875
5039;1.72439273
5040;0.534083895
5041;1.11145775
5042;1.81214817
5043;2.40760929
5044;3.02242157
5045;4.0192389
5046;12.959317
5047;10.5411329
5048;8.01257503
5049;4.63384002
5050;2.3052652
5051;1.72439273
5052;1.93296074
5053;1.72439273
5054;1.51582472
5055;1.51582472
5056;1.72439273
5057;2.35009676
5058;3.1843688
5059;3.60150482
5060;3.39293681
5061;2.76723278
5062;2.14152875
5063;1.72439273
5064;0.472984673
5065;0.472984673
5066;0.472984673
5067;0.472984673
5068;0.681552683
5069;1.30725671
5070;4.1487136
5071;4.97216576
5072;3.60150482
5073;2.55866477
5074;1.93296074
5075;1.72439273
5076;1.93296074
5077;1.72439273
5078;1.51582472
5079;1.51582472
5080;1.72439273
5081;2.35009676
5082;3.1843688
5083;3.60150482
5084;3.39293681
5085;2.76723278
5086;2.14152875
5087;1.72439273
5088;0.642101795
5089;0.588146776
5090;0.534191757
5091;0.534191757
5092;0.642101795
5093;0.911876889
5094;7.50748798
5095;8.59963567
5096;9.20325337
5097;10.3489682
5098;4.98699215
5099;3.77149288
5100;3.2319427
5101;2.69239251
5102;2.42261741
5103;2.42261741
5104;2.69239251
5105;3.2319427
5106;3.77149288
5107;4.04126798
5108;3.77149288
5109;3.2319427
5110;2.31470738
5111;1.07374195
5112;0.724832824
5113;0.667280804
5114;0.552176763
5115;0.552176763
5116;0.552176763
5117;0.724832824
5118;1.75585229
5119;1.99097726
5120;3.56708366
5121;4.86857827
5122;5.44409847
5123;4.86857827
5124;4.00529797
5125;3.14201766
5126;2.85425756
5127;2.56649746
5128;2.85425756
5129;3.42977777
5130;4.00529797
5131;4.29305807
5132;4.00529797
5133;3.45560389
5134;2.27873736
5135;1.70321716
5136;0.51260975
5137;0.51260975
5138;0.648735974
5139;1.51590358
5140;2.59623021
5141;4.1186121
5142;14.0444539
5143;12.6182855
5144;12.0197152
5145;9.91873621
5146;6.72402345
5147;3.67996279
5148;3.15490046
5149;2.01492967
5150;1.75357518
5151;1.75357518
5152;2.00176827
5153;2.74634753
5154;3.73911987
5155;4.23550605
5156;3.98731296
5157;4.89407925
5158;2.49815444
5159;2.3634513
5160;2.85989597
5161;4.43766289
5162;5.63217162
5163;6.73088871
5164;8.43183674
5165;10.4063515
5166;22.9080906
5167;20.9279042
5168;15.8058443
5169;10.1581336
5170;6.03988358
5171;3.30045682
5172;2.2614045
5173;2.00176827
5174;1.75357518
5175;1.75357518
5176;2.00176827
5177;2.74634753
5178;3.73911987
5179;4.23550605
5180;3.98731296
5181;3.2427337
5182;2.49815444
5183;2.00176827
5184;0.51260975
5185;0.64465443
5186;1.60412863
5187;2.25512034
5188;3.44070841
5189;5.01695671
5190;16.6515588
5191;16.0225224
5192;14.3580705
5193;11.765267
5194;10.0411137
5195;8.41082645
5196;8.08326222
5197;7.34433276
5198;6.53679182
5199;5.63997573
5200;5.99485051
5201;6.89351902
5202;9.60978389
5203;11.0038642
5204;11.1636861
5205;11.6550595
5206;3.67568166
5207;4.69339252
5208;3.98515845
5209;4.42460129
5210;5.23534799
5211;6.14215717
5212;7.35773948
5213;8.86678949
5214;35.8244691
5215;34.5537889
5216;34.4482524
5217;34.3440761
5218;34.2683754
5219;18.6910964
5220;8.51600051
5221;6.57597001
5222;5.29843966
5223;5.25869808
5224;5.24078592
5225;5.59630414
5226;6.76540817
5227;7.28132389
5228;7.77937513
5229;8.01834766
5230;2.49815444
5231;2.83657816
5232;3.09103079
5233;4.50356157
5234;5.98339251
5235;7.37609709
5236;8.59237619
5237;10.0416853
5238;35.6879164
5239;34.4785264
5240;34.3769025
5241;17.6146915
5242;5.76967054
5243;2.70965843
5244;2.26503378
5245;2.00176827
5246;1.75357518
5247;1.75357518
5248;2.00176827
5249;2.74634753
5250;3.73911987
5251;4.23550605
5252;3.98731296
5253;3.2427337
5254;2.49815444
5255;2.00176827
5256;0.642101795
5257;0.613583885
5258;2.24519727
5259;4.03621828
5260;5.1857232
5261;6.14310636
5262;16.7734402
5263;15.7128998
5264;14.2664933
5265;11.1861005
5266;5.76184708
5267;3.77149288
5268;3.2319427
5269;2.69239251
5270;2.42261741
5271;2.42261741
5272;2.69239251
5273;3.2319427
5274;3.77149288
5275;4.04146689
5276;4.59075427
5277;5.77017217
5278;2.31470738
5279;1.07374598
5280;1.73597389
5281;3.08012366
5282;4.10354479
5283;5.10548962
5284;6.35041135
5285;8.04210111
5286;30.5451374
5287;16.9959454
5288;14.2524363
5289;10.9906942
5290;7.86360627
5291;5.00644395
5292;4.00529797
5293;3.14201766
5294;2.85425756
5295;2.56649746
5296;2.85425756
5297;3.42977777
5298;4.00529797
5299;4.29305807
5300;4.00529797
5301;3.25712171
5302;2.27873736
5303;1.70321716
5304;0.51260975
5305;0.51260975
5306;0.51260975
5307;0.789336184
5308;2.70344225
5309;4.7404268
5310;16.0585606
5311;14.8399777
5312;10.8307056
5313;5.08259626
5314;2.24996135
5315;2.00176827
5316;2.24996135
5317;2.00176827
5318;1.75357518
5319;1.75357518
5320;2.00176827
5321;2.74634753
5322;3.73911987
5323;4.23550605
5324;3.98731296
5325;3.2427337
5326;2.49815444
5327;2.00176827
5328;0.51260975
5329;0.51260975
5330;0.51260975
5331;0.51260975
5332;0.760802836
5333;1.6726958
5334;10.2024719
5335;10.164513
5336;7.92539124
5337;3.98635317
5338;2.24996135
5339;2.00176827
5340;2.24996135
5341;2.00176827
5342;1.75357518
5343;1.75357518
5344;2.00176827
5345;2.74634753
5346;3.73911987
5347;4.23550605
5348;3.98731296
5349;3.2427337
5350;2.49815444
5351;2.00176827
5352;0.51260975
5353;0.51260975
5354;0.51260975
5355;0.51260975
5356;0.760802836
5357;1.5053821
5358;8.55586706
5359;10.2688274
5360;9.01110758
5361;5.88730838
5362;4.44649958
5363;3.33027138
5364;2.25238502
5365;2.00176827
5366;1.75357518
5367;1.75357518
5368;2.00176827
5369;2.74634753
5370;3.73911987
5371;4.23550605
5372;4.13887899
5373;4.66987094
5374;2.49815444
5375;2.00176827
5376;1.19857887
5377;2.92045141
5378;4.1741851
5379;4.97061409
5380;5.94870707
5381;7.66722156
5382;20.1776706
5383;19.0257314
5384;16.7215424
5385;12.2685458
5386;7.53341535
5387;4.79834636
5388;5.06275924
5389;3.10726283
5390;1.97201824
5391;1.80844978
5392;2.00176827
5393;2.74634753
5394;3.73911987
5395;4.23550605
5396;4.01843959
5397;5.03044793
5398;2.49815444
5399;2.00176827
5400;0.51260975
5401;1.28439469
5402;3.00241229
5403;4.24674518
5404;5.63991406
5405;7.79803919
5406;33.5637458
5407;28.927358
5408;17.6877628
5409;12.2986632
5410;7.31859147
5411;3.72739131
5412;2.30225011
5413;2.00176827
5414;1.75357518
5415;1.75357518
5416;2.00176827
5417;2.74634753
5418;3.73911987
5419;4.23550605
5420;3.98731296
5421;3.2427337
5422;2.49815444
5423;2.00176827
5424;0.642101795
5425;0.588146776
5426;0.534191757
5427;0.666313785
5428;1.62243093
5429;2.52744172
5430;11.725436
5431;11.6103861
5432;11.6303487
5433;9.93647267
5434;7.77287574
5435;4.32218347
5436;3.25420633
5437;2.69239251
5438;2.42261741
5439;2.42261741
5440;2.69239251
5441;3.2319427
5442;3.77149288
5443;4.04126798
5444;4.96817472
5445;6.62854267
5446;2.31470738
5447;1.20934022
5448;2.1010693
5449;3.15428916
5450;3.83995478
5451;4.44759462
5452;5.01520691
5453;5.89111452
5454;16.5345791
5455;15.8135854
5456;13.7156627
5457;13.5827448
5458;13.9419372
5459;12.5425283
5460;12.5113427
5461;11.7007473
5462;9.3253176
5463;8.1943286
5464;9.00873926
5465;9.52934796
5466;11.4960962
5467;12.3745782
5468;12.9570767
5469;16.3645391
5470;4.36068776
5471;5.0289588
5472;4.46392385
5473;5.07844408
5474;5.57229858
5475;5.88135825
5476;6.39937494
5477;7.50922076
5478;35.8735015
5479;34.546378
5480;34.4426047
5481;34.3388224
5482;34.2640283
5483;14.5733908
5484;8.51337309
5485;6.46122121
5486;5.16852907
5487;4.58961947
5488;4.96633385
5489;6.31511744
5490;7.77370735
5491;9.3926528
5492;10.0636113
5493;10.0835177
5494;2.61227522
5495;3.35000894
5496;2.90243374
5497;3.7385682
5498;4.46011995
5499;5.31069284
5500;6.13622982
5501;7.21739989
5502;35.8553699
5503;34.5145953
5504;34.4095317
5505;34.3048717
5506;34.2297155
5507;34.1704483
5508;25.2227316
5509;7.56643218
5510;8.71243755
5511;6.14992755
5512;4.79416693
5513;2.94859414
5514;4.19737835
5515;4.65656512
5516;6.57990469
5517;7.83407831
5518;2.49815444
5519;2.13125287
5520;1.43083216
5521;2.16599288
5522;2.86394884
5523;3.44042125
5524;4.17319494
5525;5.39340317
5526;35.9384295
5527;34.5105427
5528;30.2723247
5529;10.2767738
5530;6.16800647
5531;3.60031779
5532;2.38364493
5533;2.00176827
5534;1.75357518
5535;1.75357518
5536;2.00176827
5537;2.74634753
5538;3.73911987
5539;4.23550605
5540;3.98731296
5541;3.46661157
5542;2.49815444
5543;2.00176827
5544;1.60696117
5545;3.16372058
5546;4.15925479
5547;5.06983702
5548;6.03363024
5549;7.87500774
5550;20.2282622
5551;18.6833506
5552;14.6834221
5553;9.39340796
5554;4.23727473
5555;2.00955995
5556;2.24996135
5557;2.00176827
5558;1.75357518
5559;1.75357518
5560;2.00176827
5561;2.74634753
5562;3.73911987
5563;4.23550605
5564;3.98731296
5565;3.2427337
5566;2.49815444
5567;2.00176827
5568;0.51260975
5569;0.51260975
5570;0.51260975
5571;0.51260975
5572;0.760802836
5573;1.70267355
5574;11.5570396
5575;12.0144272
5576;8.58393914
5577;3.31942246
5578;2.24996135
5579;2.00176827
5580;2.24996135
5581;2.00176827
5582;1.75357518
5583;1.75357518
5584;2.00176827
5585;2.74634753
5586;3.73911987
5587;4.23550605
5588;3.98731296
5589;3.2427337
5590;2.49815444
5591;2.00176827
5592;0.642101795
5593;0.588146776
5594;0.534191757
5595;0.534191757
5596;0.642101795
5597;0.911876889
5598;5.3948145
5599;6.06698224
5600;5.51616889
5601;4.85059326
5602;4.58081817
5603;3.77149288
5604;3.2319427
5605;2.69239251
5606;2.42261741
5607;2.42261741
5608;2.69239251
5609;3.2319427
5610;3.77149288
5611;4.04126798
5612;3.77149288
5613;3.2319427
5614;2.31470738
5615;1.07374195
5616;0.724832824
5617;0.667280804
5618;0.552176763
5619;0.552176763
5620;0.552176763
5621;0.724832824
5622;1.12769696
5623;1.99097726
5624;3.42977777
5625;4.86857827
5626;5.44409847
5627;4.86857827
5628;4.00529797
5629;3.14201766
5630;2.85425756
5631;2.56649746
5632;2.85425756
5633;3.42977777
5634;4.00529797
5635;4.29305807
5636;4.00529797
5637;3.25712171
5638;2.27873736
5639;1.70321716
5640;0.51260975
5641;0.51260975
5642;0.51260975
5643;0.51260975
5644;0.760802836
5645;1.5053821
5646;4.25808269
5647;5.98822768
5648;5.26250354
5649;3.77516461
5650;2.38804204
5651;2.6380641
5652;2.24996135
5653;2.32303258
5654;2.76964467
5655;2.43798871
5656;2.23718206
5657;3.42877656
5658;3.92070364
5659;5.65673374
5660;6.61072557
5661;7.09538562
5662;2.49815444
5663;2.85269205
5664;2.9040215
5665;4.17254432
5666;5.22358512
5667;6.00952878
5668;6.99239741
5669;8.63674606
5670;21.1246003
5671;20.763401
5672;17.3066958
5673;11.8735087
5674;7.45126718
5675;5.01870415
5676;3.82948975
5677;2.0283787
5678;1.75357518
5679;1.75357518
5680;2.00176827
5681;2.74634753
5682;3.73911987
5683;4.23550605
5684;3.98731296
5685;3.6541585
5686;2.49815444
5687;2.00176827
5688;0.51260975
5689;0.51260975
5690;0.521988951
5691;0.641922502
5692;1.0439443
5693;2.00275043
5694;11.6482664
5695;11.559623
5696;7.21881691
5697;3.05584188
5698;2.24996135
5699;2.00176827
5700;2.24996135
5701;2.00176827
5702;1.75357518
5703;1.75357518
5704;2.00176827
5705;2.74634753
5706;3.73911987
5707;4.23550605
5708;3.98731296
5709;3.2427337
5710;2.49815444
5711;2.00176827
5712;0.51260975
5713;0.51260975
5714;0.51260975
5715;0.51260975
5716;0.760802836
5717;1.5053821
5718;3.2427337
5719;4.73189222
5720;4.23550605
5721;2.99454061
5722;2.24996135
5723;2.00176827
5724;2.24996135
5725;2.00176827
5726;1.75357518
5727;1.75357518
5728;2.00176827
5729;2.74634753
5730;3.73911987
5731;4.23550605
5732;3.98731296
5733;3.2427337
5734;2.49815444
5735;2.00176827
5736;0.51260975
5737;0.51260975
5738;1.18153977
5739;2.6718103
5740;4.11572842
5741;5.7844657
5742;16.3513563
5743;17.4787744
5744;16.4545656
5745;15.1858218
5746;13.8290584
5747;11.1701771
5748;8.65554269
5749;6.93533677
5750;5.61339528
5751;5.48503891
5752;5.04110138
5753;4.66041291
5754;6.00009105
5755;8.94063997
5756;10.701413
5757;12.2085658
5758;5.05289286
5759;6.36476343
5760;6.28909227
5761;7.36360682
5762;8.5123751
5763;9.57867423
5764;10.4368479
5765;11.3420147
5766;35.7420249
5767;34.5903388
5768;34.4920245
5769;18.3721197
5770;14.9877682
5771;11.3090682
5772;11.5389031
5773;9.9436049
5774;6.97952396
5775;8.02408362
5776;6.68838275
5777;8.6212927
5778;10.5032787
5779;12.2308912
5780;14.2664864
5781;25.2516737
5782;5.4850763
5783;5.85211408
5784;6.9730158
5785;8.0863363
5786;8.99770229
5787;9.95887499
5788;17.1731515
5789;30.148497
5790;34.707509
5791;34.3918146
5792;34.3059051
5793;34.237252
5794;34.1836404
5795;34.1394944
5796;34.1019838
5797;34.0693777
5798;34.0405378
5799;34.0146917
5800;33.9912385
5801;33.9697851
5802;33.950016
5803;33.9316779
5804;33.914593
5805;33.898562
5806;22.431802
5807;9.80783249
5808;9.89108524
5809;16.6578452
5810;26.6729996
5811;34.4389256
5812;34.0370186
5813;33.9833455
5814;33.9378844
5815;33.9045254
5816;33.8779037
5817;33.8556987
5818;33.8365926
5819;33.8197513
5820;18.5725737
5821;9.95841635
5822;9.26990756
5823;6.98888901
5824;6.63264813
5825;7.33787392
5826;11.4598321
5827;14.5140155
5828;16.0072077
5829;16.5862892
5830;5.34981144
5831;5.51754568
5832;4.27857658
5833;4.39624163
5834;4.28980317
5835;4.01957767
5836;3.89841824
5837;4.22172786
5838;35.7980432
5839;34.3450762
5840;14.7614714
5841;5.63489087
5842;2.38456599
5843;2.11954732
5844;2.38456599
5845;2.11954732
5846;1.85452866
5847;1.85452866
5848;2.11954732
5849;2.91460332
5850;3.97467798
5851;4.50471531
5852;4.23969665
5853;3.44464065
5854;2.64958465
5855;2.11954732
5856;0.529435329
5857;0.529435329
5858;0.529435329
5859;0.529435329
5860;0.794453995
5861;1.58950999
5862;4.40017546
5863;7.20055334
5864;5.64741697
5865;3.27076028
5866;2.38456599
5867;2.11954732
5868;2.38456599
5869;2.11954732
5870;1.85452866
5871;1.85452866
5872;2.11954732
5873;2.91460332
5874;3.97467798
5875;4.50471531
5876;4.23969665
5877;3.44464065
5878;2.64958465
5879;2.11954732
5880;0.529435329
5881;0.529435329
5882;0.529435329
5883;0.529435329
5884;0.794453995
5885;1.58950999
5886;8.33612366
5887;9.58191068
5888;7.25639439
5889;5.34809688
5890;2.99583611
5891;2.56820684
5892;2.92872693
5893;2.12920267
5894;1.85452866
5895;1.85452866
5896;2.11954732
5897;2.91460332
5898;3.97467798
5899;4.50471531
5900;4.26892387
5901;4.81390531
5902;2.64958465
5903;2.11954732
5904;0.529435329
5905;0.608010249
5906;1.42737894
5907;2.29084539
5908;3.17545071
5909;4.57428871
5910;15.6812951
5911;16.6208214
5912;13.583092
5913;9.47363696
5914;6.82469748
5915;5.17841608
5916;3.45304077
5917;4.52556646
5918;4.57953616
5919;3.27106795
5920;2.36447895
5921;6.85034249
5922;6.58841113
5923;9.113012
5924;12.5131781
5925;13.4206625
5926;5.53415712
5927;6.88537424
5928;6.88086904
5929;8.09480057
5930;9.19798079
5931;10.0909632
5932;10.9467211
5933;11.9125485
5934;35.655394
5935;34.5347928
5936;34.4384621
5937;19.9547827
5938;17.4458254
5939;15.4623647
5940;13.1567919
5941;12.3508184
5942;10.4232057
5943;9.03360928
5944;7.01482263
5945;7.21491884
5946;8.88023925
5947;11.443808
5948;12.7408268
5949;13.6711954
5950;5.15401791
5951;5.43291254
5952;6.73520636
5953;8.20792497
5954;9.28544556
5955;10.3641325
5956;11.4878889
5957;20.9216479
5958;35.1380524
5959;34.4159853
5960;34.3245526
5961;32.8344479
5962;16.0172036
5963;13.2507607
5964;10.4402525
5965;8.05898447
5966;6.50545838
5967;4.75641304
5968;4.29734735
5969;4.08797697
5970;5.22102747
5971;7.95551213
5972;10.5889998
5973;11.7327677
5974;4.49705974
5975;6.05970243
5976;6.50183303
5977;8.27956873
5978;9.8002566
5979;11.4177962
5980;13.233819
5981;15.326041
5982;35.362408
5983;34.4067189
5984;34.3177097
5985;18.3198001
5986;10.9028373
5987;5.92694636
5988;3.07151262
5989;2.13927082
5990;1.85452866
5991;1.85452866
5992;2.11954732
5993;2.91460332
5994;3.97467798
5995;4.50471531
5996;4.23969665
5997;3.44464065
5998;2.64958465
5999;2.11954732
6000;2.21560133
6001;4.54577155
6002;6.31250313
6003;8.36548517
6004;10.4427871
6005;12.6826568
6006;35.595127
6007;34.5003218
6008;34.3992428
6009;14.6416234
6010;7.59975333
6011;2.68110186
6012;2.38456599
6013;2.11954732
6014;1.85452866
6015;1.85452866
6016;2.11954732
6017;2.91460332
6018;3.97467798
6019;4.50471531
6020;4.23969665
6021;3.44464065
6022;2.64958465
6023;2.11954732
6024;0.529435329
6025;0.529784709
6026;1.92954715
6027;3.69701441
6028;5.58475142
6029;7.8641702
6030;21.0744931
6031;22.3386233
6032;18.4712144
6033;12.3665234
6034;6.80868415
6035;2.76245772
6036;2.38456599
6037;2.11954732
6038;1.85452866
6039;1.85452866
6040;2.11954732
6041;2.91460332
6042;3.97467798
6043;4.50471531
6044;4.23969665
6045;3.44464065
6046;2.64958465
6047;2.11954732
6048;0.529435329
6049;0.529435329
6050;0.529435329
6051;0.529435329
6052;0.866077785
6053;3.36716046
6054;15.9930826
6055;18.7077201
6056;15.6272973
6057;10.1512834
6058;5.23531877
6059;2.30157087
6060;2.38456599
6061;2.11954732
6062;1.85452866
6063;1.85452866
6064;2.11954732
6065;2.91460332
6066;3.97467798
6067;4.50471531
6068;4.23969665
6069;3.44464065
6070;2.64958465
6071;2.11954732
6072;0.529435329
6073;0.529435329
6074;0.529435329
6075;0.729988806
6076;2.15964587
6077;3.85235032
6078;14.2250776
6079;15.1691774
6080;14.0010709
6081;11.704625
6082;9.82528976
6083;8.72359584
6084;7.83686498
6085;5.71568697
6086;4.88567543
6087;2.27508469
6088;3.33304316
6089;4.17912391
6090;4.75181569
6091;6.60899829
6092;7.61032368
6093;7.88972846
6094;2.64958465
6095;2.11954732
6096;0.977118561
6097;1.81980018
6098;2.49481482
6099;3.19173388
6100;3.88962328
6101;4.69531404
6102;21.3692246
6103;28.2835759
6104;27.6800973
6105;13.8372693
6106;11.2888515
6107;7.75204966
6108;5.4479992
6109;3.95250865
6110;2.65418145
6111;2.5689268
6112;2.85699057
6113;3.4331181
6114;4.00924563
6115;4.5384136
6116;6.47551622
6117;7.67941538
6118;2.45370129
6119;1.93175927
6120;3.11299543
6121;4.34315084
6122;5.51982783
6123;7.19879586
6124;9.12564479
6125;10.8159102
6126;35.8039469
6127;34.6154532
6128;34.5101334
6129;26.6643406
6130;15.5914313
6131;12.0431504
6132;9.45008685
6133;9.08865593
6134;6.78393646
6135;5.37801236
6136;5.21248191
6137;7.24445048
6138;7.50851965
6139;10.6143654
6140;12.5126548
6141;13.6622942
6142;5.5385817
6143;7.10787759
6144;8.04513201
6145;9.50803629
6146;10.5807221
6147;11.4876658
6148;12.7423109
6149;14.0737627
6150;35.4821294
6151;34.4696786
6152;34.3806926
6153;34.293738
6154;34.2299908
6155;34.1789723
6156;34.1365401
6157;34.1002291
6158;34.0684723
6159;34.0403229
6160;34.0150043
6161;33.9919986
6162;33.9709191
6163;33.9514672
6164;33.9334211
6165;33.9165815
6166;24.9852571
6167;11.2569236
6168;15.3336289
6169;31.552956
6170;34.1729263
6171;33.9930372
6172;33.9469889
6173;33.9120035
6174;33.8854092
6175;33.8637223
6176;33.8452746
6177;33.829098
6178;33.8146153
6179;33.8014369
6180;33.7892855
6181;33.7779795
6182;22.5271249
6183;8.46999754
6184;7.37470853
6185;7.25831213
6186;6.86551615
6187;9.9072018
6188;11.7791589
6189;21.3321125
6190;4.49071142
6191;5.91310769
6192;6.41868553
6193;8.38938065
6194;10.0009294
6195;15.2951775
6196;26.6517268
6197;33.8716692
6198;34.1848344
6199;34.0760345
6200;34.0119109
6201;33.9633211
6202;33.9247429
6203;26.6792262
6204;7.43360537
6205;3.58611106
6206;1.98830556
6207;1.85452866
6208;2.11954732
6209;2.91460332
6210;3.97467798
6211;4.50471531
6212;4.70919348
6213;5.45508334
6214;2.64958465
6215;2.11954732
6216;0.529435329
6217;0.718462658
6218;1.67669218
6219;2.46622892
6220;3.21628048
6221;4.35850053
6222;30.6019716
6223;34.2508949
6224;31.3294265
6225;31.0450569
6226;16.6747838
6227;19.9885743
6228;16.6651032
6229;13.5025034
6230;8.00369217
6231;7.01804234
6232;9.19959329
6233;13.2295288
6234;17.7532146
6235;23.3276297
6236;26.3504184
6237;27.8213664
6238;2.6500604
6239;2.7442564
6240;2.11850753
6241;2.78158406
6242;3.23018377
6243;3.53579464
6244;4.05675585
6245;5.17188494
6246;35.8145575
6247;34.3953684
6248;34.2945071
6249;34.1924461
6250;33.5496599
6251;13.7127656
6252;9.91816553
6253;5.04571993
6254;3.18439515
6255;2.09902056
6256;2.2678027
6257;2.91460332
6258;3.97467798
6259;4.50490109
6260;4.59738703
6261;5.66560115
6262;2.64958465
6263;2.11954732
6264;0.667705937
6265;0.610093184
6266;1.29449634
6267;2.28120712
6268;3.3688293
6269;4.32606597
6270;35.9860054
6271;34.5067578
6272;34.3947518
6273;20.9549217
6274;10.4061819
6275;6.87632553
6276;5.14384591
6277;2.87418052
6278;2.5689268
6279;2.5689268
6280;2.85699057
6281;3.4331181
6282;4.00924563
6283;4.2973094
6284;4.00924563
6285;4.65796942
6286;2.45370129
6287;1.12860796
6288;1.41841279
6289;2.46847394
6290;2.88878002
6291;4.09442341
6292;5.3022994
6293;6.93076203
6294;35.9012462
6295;34.5374068
6296;34.4268392
6297;34.3178067
6298;11.6216585
6299;8.20204678
6300;4.54833375
6301;3.33763642
6302;3.02982883
6303;2.72256081
6304;3.02982883
6305;3.64436486
6306;4.2589009
6307;4.56616892
6308;4.30918266
6309;5.14384996
6310;2.41529279
6311;1.80075675
6312;0.789013347
6313;2.14709455
6314;3.28527614
6315;4.13068553
6316;5.20743202
6317;6.86643339
6318;29.4729443
6319;34.8550231
6320;32.2461095
6321;17.8627859
6322;9.98858758
6323;7.91316176
6324;6.81322648
6325;4.85375573
6326;2.59543585
6327;1.85452866
6328;2.11954732
6329;2.91460332
6330;3.97467798
6331;4.69180388
6332;6.23044085
6333;6.49376044
6334;2.64958465
6335;2.11954732
6336;0.973894637
6337;2.54847874
6338;3.83915058
6339;4.46835383
6340;4.9683017
6341;6.73773537
6342;35.9497871
6343;34.5753048
6344;34.4645915
6345;21.5821898
6346;10.7412471
6347;7.84770178
6348;4.66411585
6349;2.63266132
6350;1.85493707
6351;1.85452866
6352;2.11954732
6353;2.91460332
6354;3.97467798
6355;4.50471531
6356;4.23969665
6357;3.91805161
6358;2.64958465
6359;2.11954732
6360;0.529435329
6361;0.704637715
6362;2.35179831
6363;3.78388476
6364;5.07385761
6365;6.77002417
6366;20.4850328
6367;30.2922085
6368;29.6674115
6369;14.5352681
6370;8.59781721
6371;3.77889199
6372;2.48697473
6373;2.11954732
6374;1.85452866
6375;1.85452866
6376;2.11954732
6377;2.91460332
6378;3.97467798
6379;4.50471531
6380;4.23969665
6381;3.49664915
6382;2.64958465
6383;2.11954732
6384;0.529435329
6385;0.645537664
6386;2.38564306
6387;4.21762767
6388;5.4882676
6389;6.24282582
6390;19.0939578
6391;22.9158095
6392;19.5216398
6393;15.4307329
6394;9.64517863
6395;4.53250112
6396;2.91089945
6397;2.12345318
6398;1.85452866
6399;1.85452866
6400;2.11954732
6401;2.91460332
6402;3.97467798
6403;4.50471531
6404;4.24568316
6405;4.82564055
6406;2.64958465
6407;2.11954732
6408;1.05979561
6409;2.51477557
6410;3.5846315
6411;4.44813424
6412;5.35069922
6413;6.97130982
6414;19.1783519
6415;20.0865364
6416;16.9125018
6417;14.0661055
6418;11.3572343
6419;9.45777238
6420;7.77296468
6421;5.77926023
6422;3.74263895
6423;2.44171911
6424;2.12055079
6425;2.91460332
6426;4.01951357
6427;7.72902833
6428;9.25332619
6429;10.3046743
6430;3.36296368
6431;4.7676949
6432;4.87717551
6433;6.6526725
6434;8.34747515
6435;9.49003284
6436;9.9547811
6437;10.4372944
6438;35.7634081
6439;34.5716019
6440;34.472159
6441;20.8147513
6442;14.0358484
6443;9.83022105
6444;6.66753947
6445;4.12599501
6446;2.74157843
6447;2.5689268
6448;2.85699057
6449;3.4331181
6450;4.00924563
6451;4.30455893
6452;6.19048446
6453;8.70891132
6454;2.99541816
6455;3.88879932
6456;4.78878676
6457;5.32930566
6458;6.22606591
6459;7.471178
6460;9.24720442
6461;11.2560596
6462;35.7247609
6463;34.5631733
6464;34.4613565
6465;21.1414565
6466;15.7494578
6467;10.8839593
6468;6.93814692
6469;4.20394148
6470;3.0981855
6471;2.72256081
6472;3.02982883
6473;3.64436486
6474;4.2589009
6475;4.56616892
6476;5.85719972
6477;8.01094315
6478;2.59360197
6479;3.48963639
6480;2.31696339
6481;2.74490788
6482;4.05146774
6483;6.47826948
6484;8.5524725
6485;10.2766127
6486;35.7892898
6487;34.5787048
6488;23.3829776
6489;16.1804101
6490;10.3973246
6491;6.22322918
6492;3.88086655
6493;2.48516162
6494;1.85452866
6495;1.85452866
6496;2.11954732
6497;2.91460332
6498;3.97467798
6499;4.73268468
6500;6.74953239
6501;7.8035118
6502;2.82128366
6503;4.80174749
6504;5.19955524
6505;6.88594469
6506;8.36575087
6507;9.74255728
6508;11.444411
6509;13.4789944
6510;35.5963267
6511;34.540517
6512;34.4430394
6513;34.349022
6514;14.8686343
6515;11.7388688
6516;9.26364648
6517;7.33726544
6518;4.84579945
6519;2.91719142
6520;2.28120368
6521;2.94112115
6522;5.43922773
6523;8.98955708
6524;10.6655768
6525;11.2469786
6526;3.4380367
6527;5.65267397
6528;5.86601599
6529;7.26883789
6530;8.04485435
6531;8.79670799
6532;9.83332816
6533;11.0817032
6534;35.6703707
6535;34.5129852
6536;34.4166125
6537;34.3216491
6538;34.2527648
6539;34.1980646
6540;29.7019171
6541;9.24305887
6542;6.71525596
6543;5.48993605
6544;5.30278772
6545;5.39347646
6546;9.13029507
6547;19.7355056
6548;26.8802885
6549;31.5009852
6550;3.63725961
6551;4.34014528
6552;3.51222724
6553;4.16576717
6554;4.98978504
6555;5.69443367
6556;6.53543455
6557;7.80678146
6558;35.7552948
6559;34.4552386
6560;34.3585932
6561;34.2616661
6562;34.1929397
6563;22.2827302
6564;4.42434111
6565;3.57034648
6566;2.89701302
6567;3.66662422
6568;4.54407605
6569;4.75397725
6570;6.94281145
6571;8.51560587
6572;11.7697071
6573;26.299321
6574;3.83450208
6575;5.15497581
6576;5.019396
6577;6.75306552
6578;7.84113078
6579;8.48271499
6580;11.4970606
6581;18.8166469
6582;35.2145123
6583;34.4014748
6584;34.3097705
6585;34.226626
6586;34.1652827
6587;34.116302
6588;34.0756964
6589;19.1469933
6590;15.7603306
6591;15.0803624
6592;6.52013556
6593;6.65045053
6594;9.1985139
6595;12.9209772
6596;24.7457978
6597;34.7438732
6598;6.25548926
6599;7.89898592
6600;8.49774419
6601;9.69402322
6602;11.1653574
6603;19.5458189
6604;28.2094563
6605;34.5786195
6606;34.2084594
6607;34.136035
6608;34.0763861
6609;34.0308804
6610;33.9939403
6611;15.2526182
6612;15.0203772
6613;22.7926458
6614;31.2807362
6615;30.2533051
6616;34.1790184
6617;33.9685176
6618;33.9327409
6619;33.9008985
6620;33.8756569
6621;33.8543743
6622;8.59393793
6623;9.5559361
6624;11.438746
6625;21.408899
6626;33.6631029
6627;34.0614607
6628;33.9634582
6629;33.9117897
6630;33.8744057
6631;33.8455251
6632;33.8220328
6633;33.8022298
6634;33.7850858
6635;33.7699556
6636;33.7563615
6637;33.7440106
6638;33.7326564
6639;33.7221694
6640;33.7124042
6641;33.7032506
6642;33.6946163
6643;33.6864529
6644;33.6787294
6645;33.6713547
6646;24.649077
6647;9.46531348
6648;9.86317834
6649;19.2554251
6650;32.5740744
6651;33.9490689
6652;33.8190987
6653;33.7740333
6654;33.7418157
6655;33.7179611
6656;33.699139
6657;33.6836195
6658;33.6704059
6659;33.6589141
6660;33.6486946
6661;33.639471
6662;18.1545795
6663;12.9383714
6664;12.3079497
6665;12.9139383
6666;15.8823576
6667;30.7791615
6668;34.0433708
6669;33.8269411
6670;13.8134476
6671;16.7980735
6672;32.1122553
6673;33.9341431
6674;33.7920046
6675;33.7489344
6676;33.7170338
6677;33.6930384
6678;33.6738672
6679;33.6578779
6680;33.6441687
6681;33.6321735
6682;33.6215168
6683;33.6119271
6684;33.6031906
6685;33.5951591
6686;33.587743
6687;33.5808549
6688;33.5744215
6689;33.5683636
6690;33.5626383
6691;33.5572145
6692;33.5520542
6693;33.5471018
6694;33.5423339
6695;16.6190659
6696;27.3955711
6697;33.9035995
6698;33.6085051
6699;33.5882422
6700;33.5686911
6701;33.5553149
6702;33.5449879
6703;33.5365474
6704;33.5293395
6705;33.5230069
6706;33.5173394
6707;33.5121654
6708;33.5073783
6709;33.502911
6710;33.498694
6711;33.4947204
6712;33.4909481
6713;33.4873394
6714;33.4838614
6715;33.4805224
6716;33.4773076
6717;33.4741799
6718;32.9213652
6719;14.5079902
6720;26.2768956
6721;33.8985845
6722;33.5558923
6723;33.534666
6724;33.5139646
6725;33.5003105
6726;33.4901028
6727;33.482026
6728;33.4753028
6729;33.4695289
6730;33.4644616
6731;33.4599153
6732;33.4557772
6733;33.4519734
6734;33.4484145
6735;33.4450915
6736;33.4419575
6737;33.4389877
6738;33.4361337
6739;33.4334104
6740;33.4307787
6741;33.4282176
6742;30.0426735
6743;32.3980416
6744;33.4860587
6745;33.4345736
6746;33.429074
6747;33.4239446
6748;33.4199518
6749;33.4165779
6750;33.413587
6751;33.4108223
6752;33.408245
6753;33.4058276
6754;33.4035509
6755;33.401381
6756;33.3992889
6757;33.3972562
6758;33.3952641
6759;33.3933569
6760;33.391498
6761;33.3896731
6762;33.3878694
6763;33.3860925
6764;33.3843728
6765;33.382665
6766;33.3809685
6767;33.3792214
6768;33.3775031
6769;33.3758083
6770;33.374179
6771;33.3725637
6772;33.3709752
6773;33.3694034
6774;33.3678383
6775;33.3662891
6776;33.3647573
6777;33.3632715
6778;33.3617948
6779;33.3603522
6780;33.3589475
6781;33.3575493
6782;33.356137
6783;33.1203325
6784;33.3640452
6785;33.3529249
6786;33.3515906
6787;33.3500268
6788;33.3485838
6789;33.3471849
6790;19.8952533
6791;33.9520642
6792;33.3897109
6793;33.3888117
6794;33.3744469
6795;33.3661361
6796;33.3601364
6797;33.3554948
6798;33.3517213
6799;33.3484915
6800;33.3456677
6801;33.3431506
6802;33.3408902
6803;33.3388283
6804;33.3368982
6805;33.3350875
6806;33.3333812
6807;33.3317805
6808;33.3302439
6809;33.3287499
6810;33.3272919
6811;33.3258668
6812;33.3244929
6813;33.3231398
6814;33.3218227
6815;33.3205035
6816;33.319221
6817;33.3179593
6818;33.3167209
6819;33.3154636
6820;33.3141935
6821;33.3129337
6822;33.3117009
6823;33.3104624
6824;33.3092296
6825;33.3080191
6826;33.3068341
6827;33.3057064
6828;33.3046063
6829;33.3035204
6830;33.3024472
6831;33.3014149
6832;19.2672306
6833;17.1519799
6834;34.1109485
6835;33.4051033
6836;33.3910429
6837;33.3663368
6838;15.1538743
6839;29.2350518
6840;33.6216715
6841;33.4084531
6842;33.385997
6843;33.3675227
6844;33.3550014
6845;33.3456134
6846;33.3382271
6847;33.3321323
6848;33.3270204
6849;33.3226647
6850;33.3188586
6851;33.3154682
6852;33.312398
6853;33.3096067
6854;33.307035
6855;33.3046802
6856;33.3024778
6857;16.3397149
6858;34.0642501
6859;33.3554333
6860;33.3542366
6861;33.3361065
6862;14.0326812
6863;22.5955117
6864;33.9088275
6865;33.4159911
6866;33.3937893
6867;33.3690436
6868;33.353263
6869;33.3417775
6870;33.3329634
6871;33.3258323
6872;33.319911
6873;33.3148994
6874;33.3105649
6875;33.3067684
6876;33.3033776
6877;33.3003326
6878;33.29757
6879;33.2950587
6880;33.2927226
6881;33.2905366
6882;33.288477
6883;33.2865612
6884;33.2847407
6885;33.282983
6886;26.5925457
6887;13.6417565
6888;24.0041703
6889;33.8349011
6890;33.3973949
6891;33.3733697
6892;33.3491557
6893;33.3337492
6894;33.3226289
6895;33.3141118
6896;33.307316
6897;33.3017241
6898;33.297055
6899;33.2930465
6900;33.2895331
6901;19.4043223
6902;8.50042649
6903;19.073367
6904;22.4910956
6905;27.2031132
6906;33.7709897
6907;33.4507771
6908;33.4172367
6909;33.3884129
6910;8.18637491
6911;11.6876203
6912;23.9519536
6913;33.9829605
6914;33.5059634
6915;33.4638133
6916;33.4266012
6917;33.4014734
6918;33.3827382
6919;33.3680419
6920;33.3561099
6921;33.3461875
6922;33.3377557
6923;33.330449
6924;33.3240118
6925;33.3182776
6926;33.3131144
6927;33.3084538
6928;33.3041814
6929;33.3002283
6930;33.2966577
6931;33.2933639
6932;33.2903107
6933;33.2874517
6934;15.9918987
6935;10.5088397
6936;17.0020939
6937;33.5451094
6938;33.4934966
6939;33.4314176
6940;33.3937719
6941;33.3693503
6942;33.3518871
6943;33.3386289
6944;33.3281232
6945;33.31954
6946;33.3123242
6947;33.3061241
6948;33.3006802
6949;33.2959011
6950;33.291601
6951;33.2877369
6952;17.4043269
6953;32.2211281
6954;33.4135219
6955;33.3364621
6956;33.3184565
6957;33.3059415
6958;6.33634005
6959;7.17204867
6960;8.3549386
6961;10.3445058
6962;19.0714435
6963;28.1995048
6964;33.8574634
6965;33.5435542
6966;33.4916999
6967;33.450844
6968;33.4218115
6969;33.3996583
6970;33.3820639
6971;33.3676727
6972;33.3556124
6973;33.3452867
6974;33.3363134
6975;33.3284556
6976;33.321478
6977;33.3152167
6978;33.3095802
6979;33.3044447
6980;33.2997745
6981;33.2955158
6982;24.0518467
6983;10.6399275
6984;14.459447
6985;26.5234149
6986;33.8078626
6987;33.4496446
6988;33.4121569
6989;33.3809291
6990;33.3598049
6991;33.3440824
6992;33.3317514
6993;33.3217464
6994;33.3134039
6995;33.3062676
6996;33.3000413
6997;33.2946234
6998;33.2897618
6999;30.4868282
7000;27.3432489
7001;33.5612325
7002;33.3047192
7003;33.2989683
7004;33.2887673
7005;33.2818976
7006;11.7928047
7007;15.8715133
7008;29.8487811
7009;33.601536
7010;33.3954713
7011;33.3634813
7012;33.3393687
7013;33.3227986
7014;33.3103995
7015;33.3006422
7016;33.2927831
7017;33.2862063
7018;33.2805717
7019;33.2756511
7020;33.2712841
7021;33.2673616
7022;33.2637926
7023;33.2605612
7024;33.2575814
7025;33.2548046
7026;33.2522342
7027;33.2498083
7028;33.2475342
7029;33.2453417
7030;33.2432494
7031;24.6152224
7032;33.6274577
7033;33.2668985
7034;33.2653708
7035;33.2554284
7036;33.2493531
7037;33.2448193
7038;33.2411957
7039;33.2381292
7040;33.2354877
7041;33.2331413
7042;33.2310283
7043;33.2291153
7044;33.2273593
7045;33.225713
7046;33.2241425
7047;33.2226628
7048;33.2212513
7049;33.2198923
7050;33.2185783
7051;33.2173195
7052;33.2160944
7053;33.2149002
7054;33.2137181
7055;33.2125417
7056;33.211395
7057;33.2102678
7058;33.2091675
7059;33.2081023
7060;33.2070299
7061;33.2059807
7062;33.204947
7063;33.2039176
7064;33.2029076
7065;33.2019378
7066;33.2009842
7067;33.2000506
7068;33.199141
7069;33.1982809
7070;33.1974206
7071;33.1965907
7072;33.1957625
7073;33.194948
7074;33.1941455
7075;33.1933557
7076;33.1925901
7077;33.1918304
7078;33.191065
7079;33.1902559
7080;33.1894774
7081;33.1887177
7082;33.1879599
7083;33.1872109
7084;33.1864436
7085;33.1856828
7086;33.1849411
7087;33.184218
7088;33.1835055
7089;33.1828204
7090;33.1821626
7091;33.1815236
7092;33.1808887
7093;33.1802483
7094;33.1795969
7095;33.1789821
7096;33.1783753
7097;33.1777821
7098;33.1771916
7099;33.1766068
7100;33.1760282
7101;33.1754581
7102;33.1748817
7103;15.0861702
7104;16.5650789
7105;26.821411
7106;33.6230313
7107;33.3022696
7108;33.2758116
7109;33.2530412
7110;33.2382887
7111;33.2276849
7112;33.2196238
7113;33.2132577
7114;33.2080787
7115;33.2037746
7116;33.2001083
7117;33.1969439
7118;31.1457017
7119;25.5223155
7120;20.8497549
7121;23.2606388
7122;31.7093108
7123;33.3791994
7124;33.2760785
7125;33.2548248
7126;5.04308781
7127;5.61253318
7128;6.89389488
7129;7.79840657
7130;8.8298047
7131;15.2358163
7132;21.778493
7133;25.7901027
7134;33.9326298
7135;33.5190824
7136;33.4656331
7137;33.4201735
7138;33.38762
7139;33.3625469
7140;33.3425092
7141;33.3260341
7142;33.3121594
7143;33.3003274
7144;33.2902087
7145;33.2812845
7146;33.2733863
7147;33.2663274
7148;33.2599993
7149;33.2542628
7150;19.255833
7151;9.37938748
7152;9.74998626
7153;19.9412276
7154;32.1689449
7155;33.5445934
7156;33.418039
7157;33.375458
7158;33.345464
7159;33.3237454
7160;33.3070399
7161;33.2937615
7162;33.2828952
7163;33.2737164
7164;33.2658253
7165;33.2589292
7166;33.2528044
7167;33.2473423
7168;33.2424166
7169;33.2379101
7170;33.2337639
7171;33.2299352
7172;33.2263982
7173;33.2231197
7174;20.6369104
7175;14.2018333
7176;25.0179733
7177;33.7393758
7178;33.3406169
7179;33.3128411
7180;33.2871558
7181;33.2704651
7182;33.2582078
7183;33.2486762
7184;33.2409821
7185;33.2345577
7186;33.229081
7187;33.2243157
7188;33.2201068
7189;20.8532068
7190;12.4383001
7191;11.5761411
7192;12.6227249
7193;33.7081654
7194;33.4665842
7195;33.3986633
7196;33.3526285
7197;33.3228479
7198;15.5674191
7199;30.3279541
7200;33.5052652
7201;33.3370468
7202;33.3111365
7203;33.2908161
7204;33.2763316
7205;33.265046
7206;33.2558827
7207;33.2481555
7208;33.2415287
7209;33.2357296
7210;33.2305698
7211;33.2259782
7212;33.2218089
7213;18.7768759
7214;11.0901939
7215;10.6914008
7216;11.5094141
7217;27.4753817
7218;33.771987
7219;33.4348227
7220;33.3860866
7221;33.3482157
7222;14.0143586
7223;23.1563708
7224;33.8573826
7225;33.3810908
7226;33.3523852
7227;33.3227273
7228;33.3025932
7229;33.2874886
7230;33.2754738
7231;33.2655238
7232;33.2571036
7233;33.2498374
7234;33.2434572
7235;33.2377703
7236;33.2326426
7237;33.2279822
7238;33.2237152
7239;33.2198209
7240;33.2161879
7241;33.2127592
7242;33.2095594
7243;33.2065879
7244;33.2037874
7245;33.2011284
7246;22.4347424
7247;13.2977499
7248;24.3708414
7249;33.7451137
7250;33.3208181
7251;33.2936465
7252;33.2680273
7253;33.2514077
7254;33.2392968
7255;33.2299332
7256;33.2223858
7257;33.2161227
7258;33.2108067
7259;33.2061996
7260;33.2021284
7261;33.1984942
7262;33.1952067
7263;13.4435586
7264;16.6816849
7265;34.0469112
7266;33.3125727
7267;33.2918307
7268;33.2628141
7269;33.2450221
7270;20.35657
7271;33.8021866
7272;33.2588968
7273;33.2529215
7274;33.2352951
7275;33.2240541
7276;33.2155578
7277;33.208792
7278;33.2032008
7279;33.1984029
7280;33.1942294
7281;33.1905648
7282;33.1872852
7283;33.184334
7284;33.1816139
7285;33.1790942
7286;23.4305337
7287;13.8658947
7288;15.2208204
7289;34.1325804
7290;33.3267333
7291;33.3012451
7292;33.2678427
7293;33.2472892
7294;15.0515125
7295;21.5869853
7296;32.5409648
7297;33.370518
7298;33.2926798
7299;33.2662539
7300;33.247817
7301;33.23445
7302;33.2241408
7303;33.2158259
7304;33.2089196
7305;33.2030365
7306;33.1979262
7307;33.1934182
7308;33.1894039
7309;33.1857941
7310;33.1825316
7311;33.1795582
7312;32.5985934
7313;33.199884
7314;33.173832
7315;33.1716109
7316;33.1689819
7317;33.1667154
7318;3.45407135
7319;3.88218866
7320;3.05699294
7321;3.41698052
7322;3.72027725
7323;3.96137214
7324;4.63279527
7325;5.87787622
7326;34.9892481
7327;33.6717477
7328;33.5921955
7329;33.5103147
7330;26.4365433
7331;6.1632799
7332;5.75830515
7333;4.59828522
7334;3.56934486
7335;3.05760107
7336;3.55465577
7337;6.15321721
7338;8.82041415
7339;15.1737035
7340;18.5567302
7341;22.7175608
7342;2.87834754
7343;2.4398489
7344;1.28827635
7345;1.67581641
7346;2.14300295
7347;2.8849633
7348;4.52450737
7349;7.24619624
7350;35.2376111
7351;33.9368803
7352;33.8385477
7353;33.741777
7354;33.6741414
7355;33.6221645
7356;33.58051
7357;33.5460743
7358;33.5169293
7359;33.4918655
7360;33.4699597
7361;33.4505895
7362;33.4333133
7363;33.4177603
7364;33.4036796
7365;33.3908257
7366;33.379049
7367;16.9761386
7368;27.3330508
7369;33.7141427
7370;33.4209765
7371;33.3971066
7372;33.3742581
7373;33.3577764
7374;33.3445545
7375;33.3334347
7376;33.3237577
7377;33.3151768
7378;33.3074557
7379;33.3003953
7380;33.2939638
7381;33.2879685
7382;33.2823724
7383;33.2771587
7384;33.2722184
7385;33.2675213
7386;33.2630572
7387;33.2588127
7388;33.254786
7389;33.2509495
7390;33.2472757
7391;33.2437066
7392;33.2402559
7393;33.2369542
7394;33.2337752
7395;33.2307066
7396;33.2277554
7397;33.2249052
7398;33.2221473
7399;33.2194392
7400;33.2168033
7401;33.2142716
7402;33.2118206
7403;33.2094369
7404;33.2071086
7405;33.2048448
7406;26.7303759
7407;28.0980271
7408;21.1126609
7409;33.7951678
7410;33.2715881
7411;33.261539
7412;33.2428767
7413;33.2312952
7414;27.1741376
7415;33.4876446
7416;33.2314592
7417;33.2269919
7418;33.2172319
7419;33.2105957
7420;33.2053278
7421;33.2009447
7422;33.1971733
7423;33.1938005
7424;33.1907649
7425;33.187993
7426;33.1854339
7427;33.1830711
7428;33.1808463
7429;33.1787292
7430;20.884684
7431;18.0540139
7432;25.9002396
7433;33.6321318
7434;33.2820494
7435;33.2593107
7436;33.2377251
7437;33.2236762
7438;28.2546574
7439;33.4275211
7440;33.2159374
7441;33.2106501
7442;33.2013389
7443;33.1948002
7444;33.1895516
7445;33.1851464
7446;33.1813372
7447;33.1779613
7448;33.1749532
7449;33.172196
7450;33.1696634
7451;33.1673274
7452;33.1651293
7453;33.1630491
7454;14.4453195
7455;11.2663096
7456;12.8444462
7457;31.31203
7458;33.4903482
7459;33.3323215
7460;33.2915608
7461;33.2637754
7462;17.5356519
7463;32.8474824
7464;33.321762
7465;33.2677435
7466;33.2452437
7467;33.229759
7468;33.2182849
7469;33.2092419
7470;33.2018339
7471;33.1955512
7472;33.1901355
7473;33.1853563
7474;33.1810935
7475;33.1772602
7476;28.5306332
7477;11.1742898
7478;8.7048039
7479;7.6270328
7480;9.81288977
7481;14.5949483
7482;32.596827
7483;33.5568794
7484;33.4266763
7485;33.3714989
7486;7.68424474
7487;10.9390003
7488;21.0976799
7489;34.0526177
7490;33.4497859
7491;33.4021322
7492;33.3577376
7493;33.327493
7494;33.3047156
7495;33.2869118
7496;33.2723762
7497;33.2601644
7498;33.2497146
7499;33.2406312
7500;33.2326066
7501;24.9438683
7502;10.0436853
7503;9.31509984
7504;10.8771211
7505;26.1495301
7506;33.8263955
7507;33.4308909
7508;33.3804825
7509;33.3399353
7510;14.1137424
7511;23.9464889
7512;33.8072119
7513;33.3639251
7514;33.3343073
7515;33.30462
7516;33.28436
7517;33.2688168
7518;33.2562881
7519;33.245822
7520;33.2368338
7521;33.2290014
7522;33.222064
7523;33.2158857
7524;33.2103269
7525;33.2052619
7526;23.7397093
7527;15.1790823
7528;34.0595414
7529;33.284267
7530;33.2722633
7531;33.2463973
7532;33.2305092
7533;33.2189083
7534;14.3708817
7535;25.153606
7536;33.6657295
7537;33.2866341
7538;33.2642012
7539;33.2416947
7540;33.2267336
7541;33.2155095
7542;33.2066706
7543;33.1993632
7544;33.1931463
7545;33.1877472
7546;33.1829849
7547;33.1787209
7548;33.1748526
7549;33.1713106
7550;33.1680266
7551;33.165039
7552;33.1622555
7553;33.1596227
7554;33.1571194
7555;33.1547454
7556;33.1524867
7557;33.1503355
7558;33.1482976
7559;30.2113647
7560;33.2745636
7561;33.1527107
7562;33.1509681
7563;33.1464796
7564;33.1433539
7565;33.1407749
7566;33.1385358
7567;33.1365282
7568;33.1346504
7569;33.1328821
7570;33.1312181
7571;33.1296548
7572;33.1281698
7573;33.1267506
7574;33.1253717
7575;33.1240959
7576;33.122857
7577;33.1216262
7578;33.1204129
7579;33.1192689
7580;33.118151
7581;33.1170482
7582;12.4697371
7583;20.0826693
7584;33.818788
7585;33.2319996
7586;33.2116947
7587;33.1866506
7588;33.1713629
7589;33.1605491
7590;33.1524913
7591;33.1461543
7592;33.1409752
7593;33.136652
7594;33.1329494
7595;33.1297559
7596;33.1269031
7597;33.124345
7598;22.970014
7599;26.3926403
7600;29.0449747
7601;33.3742272
7602;33.1797144
7603;33.166086
7604;33.1531624
7605;33.1445147
7606;9.53004855
7607;11.0203394
7608;13.9750412
7609;26.9669653
7610;33.6631317
7611;33.3203395
7612;33.2780992
7613;33.2445946
7614;33.2218133
7615;33.2048979
7616;33.1917303
7617;33.181112
7618;33.1723207
7619;30.3076228
7620;19.392081
7621;10.0341651
7622;7.92937927
7623;7.52785343
7624;11.301081
7625;24.9178618
7626;33.8891156
7627;33.4292435
7628;33.3713887
7629;33.3242725
7630;12.9507325
7631;16.832152
7632;31.9382732
7633;33.4635769
7634;33.3398929
7635;33.3013074
7636;33.2738588
7637;33.2535712
7638;33.23765
7639;33.2246367
7640;33.2136896
7641;33.2042936
7642;33.196095
7643;33.1888587
7644;29.0067708
7645;10.340653
7646;8.66088406
7647;7.96276675
7648;11.9851113
7649;28.2398425
7650;33.7280762
7651;33.4143023
7652;33.3594654
7653;33.3177555
7654;7.23029783
7655;8.7209868
7656;8.60098397
7657;9.2941652
7658;14.2233486
7659;25.8023616
7660;33.923087
7661;33.4958853
7662;33.4352034
7663;33.3856231
7664;33.3503034
7665;33.3231722
7666;33.3014453
7667;33.2837853
7668;33.268867
7669;33.2560359
7670;33.244835
7671;33.2349868
7672;33.2261708
7673;33.2181662
7674;33.2109041
7675;33.2042872
7676;33.1982665
7677;33.1927125
7678;20.252384
7679;23.3579429
7680;33.6937957
7681;33.2542415
7682;33.2382129
7683;33.2178168
7684;33.2044448
7685;33.1943511
7686;33.1862707
7687;33.1795089
7688;33.1736967
7689;33.1686172
7690;33.1640814
7691;33.1599836
7692;33.1562326
7693;33.1527617
7694;33.1495304
7695;33.1465308
7696;33.1436983
7697;33.1409681
7698;33.1383636
7699;33.1359094
7700;33.1335908
7701;33.1313764
7702;33.1292509
7703;33.1272116
7704;33.1252507
7705;33.123364
7706;33.1215408
7707;33.1197629
7708;33.1180141
7709;33.1163193
7710;33.1146721
7711;33.1130589
7712;33.1114876
7713;33.1099646
7714;33.108484
7715;33.1070531
7716;33.1056412
7717;33.1042737
7718;12.5398882
7719;11.315259
7720;32.9582029
7721;33.30426
7722;33.2324173
7723;33.1987975
7724;33.1776272
7725;33.1629977
7726;14.8195895
7727;23.228846
7728;33.6870433
7729;33.2315273
7730;33.2095752
7731;33.1856994
7732;33.1702102
7733;33.158798
7734;33.1499488
7735;33.1427997
7736;33.1368219
7737;33.1317074
7738;33.1272607
7739;33.1233372
7740;33.1198054
7741;33.1165923
7742;33.1136599
7743;33.1110008
7744;33.1085294
7745;33.1062003
7746;33.1040151
7747;33.1019528
7748;33.1000359
7749;33.0982222
7750;33.0964935
7751;33.0948226
7752;33.0932286
7753;33.0917205
7754;33.0902708
7755;33.0888872
7756;33.0875391
7757;33.086221
7758;33.0849554
7759;33.0837478
7760;33.0826011
7761;33.0814796
7762;33.0804089
7763;33.0793694
7764;33.0783264
7765;33.0772888
7766;33.0762864
7767;33.0753607
7768;33.0744764
7769;33.0735809
7770;33.0726703
7771;33.0717713
7772;33.0709009
7773;33.0700549
7774;33.0692315
7775;33.0684136
7776;33.0676119
7777;33.0668282
7778;33.0660616
7779;33.0653139
7780;33.0645624
7781;33.0637986
7782;33.0630468
7783;33.0623099
7784;33.0615879
7785;33.0608809
7786;33.0601829
7787;33.0594955
7788;33.058798
7789;33.0581045
7790;33.0574291
7791;33.0568131
7792;33.0562078
7793;33.0556016
7794;33.0549658
7795;33.0543467
7796;33.0537469
7797;33.0531474
7798;33.0525503
7799;33.0519359
7800;33.0513579
7801;33.0508035
7802;33.0502533
7803;33.0497213
7804;33.0491891
7805;33.0486465
7806;33.048095
7807;33.0475478
7808;33.0469718
7809;33.0464165
7810;33.0458898
7811;33.0453788
7812;33.0448852
7813;33.0443804
7814;33.0438771
7815;33.0434103
7816;33.0429514
7817;33.04247
7818;33.0419455
7819;33.0414279
7820;33.0409249
7821;33.0404483
7822;33.039984
7823;33.0395272
7824;33.0390899
7825;33.0386464
7826;33.0382216
7827;33.0377898
7828;33.0373349
7829;33.0368487
7830;33.0363681
7831;33.0358784
7832;33.0353567
7833;33.0348916
7834;33.0344398
7835;33.0339756
7836;33.0335079
7837;33.0330431
7838;33.0325741
7839;33.0321617
7840;33.0317205
7841;33.0312442
7842;33.030765
7843;33.0303119
7844;33.0298961
7845;33.029508
7846;33.0291323
7847;33.0287601
7848;33.0284053
7849;33.0280371
7850;33.0276619
7851;33.0272815
7852;33.0268568
7853;33.0264048
7854;33.0259709
7855;33.0255225
7856;33.0250348
7857;33.0245681
7858;33.0241215
7859;33.023677
7860;33.0232545
7861;33.0228546
7862;33.0224674
7863;33.0221212
7864;33.0217585
7865;33.0213524
7866;33.0209147
7867;33.0204807
7868;33.0200923
7869;33.0197446
7870;33.0193979
7871;33.0190556
7872;33.018724
7873;33.0184085
7874;33.0180977
7875;33.0177583
7876;33.0173723
7877;33.0169589
7878;33.0165434
7879;33.0161251
7880;33.0156905
7881;33.0152749
7882;33.0148833
7883;33.0145167
7884;33.0141583
7885;33.013796
7886;33.013422
7887;33.0130676
7888;33.0127203
7889;33.0123198
7890;33.011911
7891;33.0115164
7892;33.0111296
7893;33.0107733
7894;33.0104268
7895;33.0100863
7896;33.0097679
7897;33.0094326
7898;33.0091077
7899;33.0087717
7900;33.0083783
7901;33.0079784
7902;33.0076106
7903;33.0072443
7904;33.0068603
7905;33.0064815
7906;33.0061167
7907;33.0057652
7908;33.0054047
7909;33.0050442
7910;33.0046944
7911;33.0043907
7912;33.0040806
7913;33.0037511
7914;33.0034213
7915;33.0031056
7916;33.0027751
7917;33.0024687
7918;33.0021727
7919;33.0018753
7920;33.0015912
7921;33.0012973
7922;33.0010252
7923;33.0007458
7924;33.0004427
7925;33.0001411
7926;32.9998404
7927;32.9995212
7928;32.9991527
7929;32.9988056
7930;32.9984979
7931;32.998212
7932;32.9979113
7933;32.9975964
7934;32.9972792
7935;32.9969824
7936;32.9966896
7937;32.9963611
7938;32.996012
7939;32.995681
7940;32.9953714
7941;32.9950785
7942;32.9947962
7943;32.994516
7944;32.9942435
7945;32.9939445
7946;32.9936559
7947;32.9933606
7948;32.9930516
7949;32.9927489
7950;32.9924723
7951;32.9921971
7952;32.9919176
7953;32.9916554
7954;32.9913958
7955;32.9911454
7956;32.9908884
7957;32.9906161
7958;32.9903146
7959;32.9900693
7960;32.9898097
7961;32.9895149
7962;32.989216
7963;32.9889424
7964;32.9886616
7965;32.9883998
7966;32.9881536
7967;32.9878959
7968;32.9876388
7969;32.9873593
7970;32.9870706
7971;32.9867695
7972;32.9864517
7973;32.9861323
7974;32.9858391
7975;32.9855643
7976;32.9852859
7977;32.9850279
7978;32.9847775
7979;32.9845403
7980;32.9843056
7981;32.984074
7982;32.9838163
7983;32.983588
7984;32.9833705
7985;32.9831121
7986;32.9828109
7987;32.9825097
7988;32.9822285
7989;32.9819717
7990;32.9817416
7991;32.9814605
7992;32.9811833
7993;32.9808894
7994;32.9805843
7995;32.9802668
7996;32.9799711
7997;32.9796983
7998;32.9794367
7999;32.9791985
8000;32.9789438
8001;32.9786872
8002;32.9784271
8003;32.9781708
8004;32.9778929
8005;32.9776094
8006;32.9773434
8007;32.9771221
8008;32.9768578
8009;32.9765419
8010;32.9762311
8011;32.9759505
8012;32.9757185
8013;32.9755015
8014;32.9752804
8015;32.975004
8016;32.9747533
8017;32.9744814
8018;32.974203
8019;32.9738868
8020;32.9735702
8021;32.9732752
8022;32.9730021
8023;32.9727416
8024;32.9724514
8025;32.9721638
8026;32.9718727
8027;32.9715995
8028;32.9713384
8029;32.9710839
8030;32.9708295
8031;32.9705847
8032;32.9703232
8033;32.9700226
8034;32.9697041
8035;32.9693954
8036;32.9691208
8037;32.9688577
8038;32.9686174
8039;32.9683832
8040;32.9681518
8041;32.967901
8042;32.9676482
8043;32.9673664
8044;32.9670961
8045;32.966839
8046;32.9665999
8047;32.9663441
8048;32.9660553
8049;32.9657682
8050;32.9654741
8051;32.9651749
8052;32.9648901
8053;32.9646243
8054;32.9643603
8055;32.9641205
8056;32.9638585
8057;32.9635694
8058;32.963267
8059;32.9629647
8060;32.9626884
8061;32.962406
8062;21.5094257
8063;11.7839045
8064;16.3585532
8065;26.1477451
8066;33.4736462
8067;33.1252205
8068;33.0930092
8069;33.0659366
8070;33.0482349
8071;33.0354584
8072;33.0257393
8073;33.0181094
8074;33.0119622
8075;33.0068723
8076;33.0025818
8077;32.9989219
8078;32.9957643
8079;32.9930145
8080;32.9905739
8081;32.9883379
8082;32.9863085
8083;32.9844575
8084;32.9827718
8085;32.9812277
8086;9.87574796
8087;11.7899223
8088;18.8895933
8089;30.4563278
8090;33.3127807
8091;33.1398592
8092;33.104857
8093;33.079566
8094;33.0621546
8095;33.0492114
8096;33.0391426
8097;33.0310563
8098;33.0243953
8099;33.0188095
8100;33.0140522
8101;33.0099258
8102;33.006296
8103;33.0030956
8104;33.0002542
8105;32.9976613
8106;32.995265
8107;32.9930616
8108;32.9910691
8109;32.9892462
8110;32.9875686
8111;32.9860161
8112;32.9845674
8113;32.9831996
8114;32.9818939
8115;32.9806461
8116;32.9794482
8117;32.9783217
8118;32.9772611
8119;32.976252
8120;32.9752718
8121;32.9743311
8122;32.9734299
8123;32.9725695
8124;32.971751
8125;32.9709648
8126;32.970222
8127;32.9695682
8128;32.9689057
8129;32.9682099
8130;32.9674908
8131;32.9668133
8132;32.9661815
8133;32.9655777
8134;32.965005
8135;32.9644434
8136;32.9639136
8137;32.963377
8138;32.9628464
8139;32.9623155
8140;32.9617591
8141;32.9612245
8142;32.960726
8143;32.9602275
8144;32.9597143
8145;32.9592308
8146;32.9587668
8147;32.9583295
8148;32.9579003
8149;32.9574805
8150;32.9570657
8151;32.956696
8152;32.9563201
8153;32.9559127
8154;32.9554973
8155;32.9551022
8156;32.9547113
8157;32.9543423
8158;21.512077
8159;11.9614662
8160;17.7996324
8161;27.5631234
8162;33.3911305
8163;33.1059789
8164;33.0751475
8165;33.0502732
8166;33.033844
8167;33.0219114
8168;33.0128138
8169;33.0056404
8170;32.999831
8171;32.9950203
8172;32.9909457
8173;32.9874317
8174;32.9843584
8175;32.9816803
8176;32.9793182
8177;32.9771379
8178;32.9751422
8179;32.9733456
8180;32.971734
8181;32.9702615
8182;32.9688847
8183;28.3012976
8184;33.1727311
8185;32.9812011
8186;32.9801297
8187;32.9746626
8188;32.9712629
8189;32.968699
8190;32.9666673
8191;32.9649862
8192;32.9635266
8193;32.9622522
8194;32.9610861
8195;32.9600353
8196;32.9590742
8197;32.9581966
8198;32.9573648
8199;32.9566012
8200;32.9558596
8201;32.9551141
8202;32.9543567
8203;32.9536277
8204;32.9529463
8205;32.9523069
8206;32.9517105
8207;32.951134
8208;32.9505735
8209;32.9500257
8210;32.949484
8211;32.9489218
8212;32.9483467
8213;32.9477877
8214;32.9472836
8215;32.9467961
8216;32.9462924
8217;32.9457989
8218;32.9453214
8219;32.9448556
8220;32.9444164
8221;32.9439912
8222;32.9435657
8223;32.943166
8224;32.9427507
8225;32.9422912
8226;32.9418214
8227;32.9413843
8228;32.9409646
8229;32.9405795
8230;32.9402169
8231;32.9398612
8232;32.9395091
8233;32.939157
8234;32.9388096
8235;32.93842
8236;32.9379981
8237;32.9375883
8238;32.9372139
8239;32.9368265
8240;32.9364476
8241;32.9360761
8242;32.9357038
8243;32.9353421
8244;32.9350037
8245;32.9346758
8246;32.9343395
8247;32.9340279
8248;32.9337118
8249;32.9333625
8250;32.9329859
8251;32.9326048
8252;32.9322552
8253;32.9319283
8254;32.9316224
8255;32.9313301
8256;32.9310268
8257;32.9306944
8258;32.9303426
8259;32.9299606
8260;32.9295647
8261;32.9291915
8262;32.9288603
8263;32.9285262
8264;32.9282362
8265;32.9279502
8266;32.9276426
8267;32.927347
8268;32.9270494
8269;32.9267428
8270;32.9264201
8271;32.9261351
8272;32.925826
8273;32.9254914
8274;32.9251399
8275;32.9248027
8276;32.9244819
8277;32.9242043
8278;32.9239493
8279;32.9236844
8280;32.9234486
8281;32.9231685
8282;32.9228639
8283;32.9225435
8284;32.9222143
8285;32.9219025
8286;32.9216145
8287;32.9213547
8288;32.9211171
8289;32.9209019
8290;32.9206445
8291;32.9203788
8292;32.9201027
8293;32.9198216
8294;32.9195392
8295;32.9193257
8296;32.9190763
8297;32.9187644
8298;32.9184375
8299;32.9181227
8300;32.9178192
8301;32.9175423
8302;32.9172919
8303;32.9170625
8304;32.9168126
8305;32.916549
8306;32.9162776
8307;32.9159895
8308;32.9157099
8309;32.915442
8310;32.9151979
8311;32.9149609
8312;32.914716
8313;32.914502
8314;32.9142829
8315;32.9140494
8316;32.913827
8317;32.9135963
8318;32.913352
8319;32.9131761
8320;32.9129833
8321;32.9127517
8322;32.9124896
8323;32.9122416
8324;32.9120001
8325;32.9117656
8326;32.9115286
8327;32.9112488
8328;32.9109929
8329;32.9107482
8330;32.9105064
8331;32.9102736
8332;32.9100436
8333;32.909848
8334;32.9096702
8335;32.9094878
8336;32.9092956
8337;32.9091253
8338;32.9089498
8339;32.9087657
8340;32.9085724
8341;32.9083759
8342;32.908163
8343;32.9079954
8344;32.90782
8345;32.9076158
8346;32.9073863
8347;32.9071846
8348;32.9070089
8349;32.9068465
8350;32.9067151
8351;32.9065106
8352;32.9062781
8353;32.9060541
8354;32.9058554
8355;32.9056499
8356;32.9054329
8357;32.9052203
8358;32.9050148
8359;32.9048082
8360;32.9045977
8361;32.9044041
8362;32.9042014
8363;32.9039942
8364;32.9037858
8365;32.9035753
8366;32.9033748
8367;32.9032114
8368;32.9030422
8369;32.9028262
8370;32.9025814
8371;32.9023566
8372;32.9021447
8373;32.9019366
8374;32.9017329
8375;32.9015318
8376;32.9013263
8377;32.9011219
8378;32.9009313
8379;32.9007325
8380;32.9005321
8381;32.9003468
8382;32.9001676
8383;32.8999814
8384;32.8997792
8385;32.8995804
8386;32.8993838
8387;32.8991778
8388;32.8989825
8389;32.8987946
8390;32.8986239
8391;32.8984599
8392;32.8982975
8393;32.8981164
8394;32.8979165
8395;32.8977054
8396;32.8974968
8397;32.8973049
8398;32.8971258
8399;32.8969542
8400;32.8967733
8401;32.8966035
8402;32.8964145
8403;32.8962117
8404;32.8960255
8405;32.8958574
8406;32.8956751
8407;32.895496
8408;32.8952991
8409;32.8951055
8410;32.8948991
8411;32.8947061
8412;32.8945178
8413;32.89432
8414;32.8941363
8415;32.894004
8416;32.8938689
8417;32.8937132
8418;32.8935317
8419;32.8933504
8420;32.8931447
8421;32.8929506
8422;32.8927707
8423;32.8925831
8424;32.8923801
8425;32.8921526
8426;32.8919183
8427;32.8916574
8428;32.8914107
8429;32.8912051
8430;32.8910147
8431;32.8908434
8432;32.8906575
8433;32.8904733
8434;32.8902896
8435;32.8900999
8436;32.8899111
8437;32.8897176
8438;32.8895267
8439;32.8893797
8440;32.8892187
8441;32.8890126
8442;32.8887769
8443;32.8885437
8444;32.8883062
8445;32.888099
8446;32.8879036
8447;32.8877043
8448;32.8875046
8449;32.8872924
8450;32.8870853
8451;32.8868655
8452;32.8866393
8453;32.8864175
8454;32.886184
8455;32.8859674
8456;32.8857577
8457;32.885566
8458;32.8853657
8459;32.8851676
8460;32.8849639
8461;32.8847456
8462;32.8845248
8463;32.8843376
8464;32.8841177
8465;32.8838692
8466;32.8836232
8467;32.8833816
8468;32.8831285
8469;32.8828833
8470;32.8826558
8471;32.8824263
8472;32.8821996
8473;32.8819661
8474;32.8817159
8475;32.8814805
8476;32.8812323
8477;32.8810055
8478;32.8808161
8479;32.8806016
8480;32.880398
8481;32.8801869
8482;32.8799801
8483;32.8797583
8484;32.8795369
8485;32.8793237
8486;32.8791179
8487;32.8789626
8488;32.8787784
8489;32.878561
8490;32.878335
8491;32.8781123
8492;32.8778568
8493;32.8776073
8494;32.8773767
8495;32.877164
8496;32.8769825
8497;32.8767847
8498;32.8765834
8499;32.8763491
8500;32.8761092
8501;32.875869
8502;32.8756214
8503;32.8753882
8504;32.8751937
8505;32.8750228
8506;32.8748345
8507;32.8746425
8508;32.8744683
8509;32.8742956
8510;32.874114
8511;32.8739578
8512;32.8737593
8513;32.8735303
8514;32.8732771
8515;32.8730335
8516;32.8727947
8517;32.8725859
8518;32.0016044
8519;14.1516542
8520;23.4611372
8521;32.6221053
8522;33.0080346
8523;32.957754
8524;32.9377783
8525;32.9248737
8526;32.9159909
8527;32.9095066
8528;32.9045422
8529;32.9005898
8530;32.8973803
8531;32.8947105
8532;32.8924658
8533;32.890549
8534;32.8888982
8535;32.8874749
8536;32.8861899
8537;32.8850166
8538;32.8839273
8539;32.8829236
8540;32.8819943
8541;32.8811523
8542;27.4105309
8543;30.8989737
8544;32.9961597
8545;32.9046545
8546;32.898843
8547;32.893313
8548;32.8897014
8549;32.8870418
8550;32.8849888
8551;32.8833403
8552;32.881948
8553;32.8807419
8554;32.8796923
8555;32.8787588
8556;32.8779158
8557;32.8771419
8558;32.8764431
8559;32.8758257
8560;32.875243
8561;32.8746695
8562;32.8740955
8563;32.8735453
8564;32.8730321
8565;32.8725645
8566;31.3043365
8567;15.7668228
8568;25.4326842
8569;33.3012533
8570;32.961671
8571;32.9441875
8572;32.9266046
8573;32.9157275
8574;32.9080893
8575;32.9024504
8576;32.8980835
8577;32.8946081
8578;32.891746
8579;32.8893227
8580;32.8872357
8581;32.8854097
8582;32.8838062
8583;32.8824169
8584;32.8811626
8585;32.8800044
8586;32.8789062
8587;32.8778934
8588;32.8769734
8589;32.8761393
8590;32.8753541
8591;32.8745968
8592;32.8739007
8593;32.8732036
8594;32.8725118
8595;32.8718601
8596;32.8712626
8597;32.8706934
8598;32.8701577
8599;32.8696578
8600;32.8691654
8601;32.8687066
8602;32.8682566
8603;32.8678032
8604;32.8673804
8605;32.8669782
8606;32.8665918
8607;32.8662547
8608;32.8659244
8609;32.8655797
8610;32.8652023
8611;32.8648349
8612;32.8644856
8613;32.8641655
8614;32.8638497
8615;32.8635146
8616;32.863179
8617;32.8628492
8618;32.8625182
8619;32.862184
8620;32.8618482
8621;32.8615469
8622;32.8612489
8623;32.8609495
8624;32.8606506
8625;32.8603736
8626;32.8601122
8627;32.859832
8628;32.8595478
8629;32.8592544
8630;32.8589558
8631;32.8587183
8632;32.8584816
8633;32.858216
8634;32.8579285
8635;32.8576469
8636;32.8573886
8637;32.8571646
8638;32.8569532
8639;32.8567253
8640;32.856503
8641;32.8562656
8642;32.8560147
8643;32.855769
8644;32.8555153
8645;32.8552426
8646;32.8549784
8647;32.8547244
8648;32.8544794
8649;32.8542748
8650;32.8540652
8651;32.8538529
8652;32.8536342
8653;32.8534213
8654;32.8532194
8655;32.8530487
8656;32.8528722
8657;32.8526968
8658;32.8525052
8659;32.8523089
8660;32.8521036
8661;32.8519178
8662;32.8517453
8663;32.8515422
8664;32.8513379
8665;32.8511232
8666;32.8508981
8667;32.8506722
8668;32.8504307
8669;32.8501702
8670;32.849896
8671;32.8496293
8672;32.8493637
8673;32.8491195
8674;32.848885
8675;32.8486465
8676;32.8483956
8677;32.8481364
8678;32.8478632
8679;32.847635
8680;32.8474435
8681;32.8472292
8682;32.8469914
8683;32.8467566
8684;32.8465366
8685;32.8463144
8686;32.8461026
8687;32.8458735
8688;32.845652
8689;32.8454447
8690;32.8452265
8691;32.8449773
8692;32.8446912
8693;32.844414
8694;32.8441478
8695;32.8439055
8696;32.8437012
8697;32.8435248
8698;32.8433338
8699;32.8431478
8700;32.8429608
8701;32.8427729
8702;32.8425707
8703;32.8423797
8704;32.8421913
8705;32.842007
8706;32.8418131
8707;32.8416052
8708;32.8413837
8709;32.8411692
8710;32.8409586
8711;32.8407345
8712;32.8405328
8713;32.8403297
8714;32.8401152
8715;32.8398745
8716;32.8396171
8717;32.8393989
8718;32.8392047
8719;32.8390328
8720;32.8388726
8721;32.8387043
8722;32.8385465
8723;32.838369
8724;32.8381867
8725;32.8380021
8726;32.837808
8727;32.8376448
8728;32.8374719
8729;32.8372739
8730;32.8370538
8731;32.8368243
8732;32.8365978
8733;32.836401
8734;32.836214
8735;32.8359976
8736;32.8357983
8737;32.8356175
8738;32.835434
8739;32.8352347
8740;32.834997
8741;32.8347669
8742;32.8345489
8743;32.8343524
8744;32.834178
8745;32.8340187
8746;32.8338406
8747;32.8336484
8748;32.8334485
8749;32.833255
8750;32.8330668
8751;32.8329022
8752;32.832741
8753;32.8325727
8754;32.8323903
8755;32.8322174
8756;32.8320497
8757;32.831873
8758;32.8316773
8759;32.8314511
