Index;Wert
0;100
1;93.8121544
2;91.9342174
3;88.8072755
4;86.7492994
5;86.4782441
6;84.4237139
7;82.7753018
8;82.74972
9;81.6995251
10;81.2054379
11;80.5704299
12;80.2869859
13;80.2861172
14;79.4850806
15;79.2690284
16;78.6297733
17;77.8604723
18;77.4487782
19;76.9278707
20;76.4622091
21;76.2390478
22;76.1553916
23;75.8375542
24;75.6454626
25;75.4547006
26;75.1536071
27;74.7031109
28;74.6611297
29;74.1516692
30;73.7633941
31;73.3771016
32;73.3687318
33;72.8765902
34;72.7956349
35;72.7763049
36;72.6589388
37;72.1748442
38;71.4587562
39;71.3053724
40;71.2281784
41;70.4038474
42;70.3956835
43;70.2316568
44;70.2134352
45;70.1936475
46;70.0836854
47;69.6730165
48;69.6250211
49;69.4290486
50;69.3542764
51;69.0292734
52;68.7657543
53;68.6633377
54;68.5779904
55;68.5754251
56;68.3965447
57;68.2678046
58;68.2136421
59;68.19826
60;68.1380302
61;68.1064102
62;67.8804559
63;67.7696613
64;67.5769726
65;67.5241208
66;67.471451
67;67.396515
68;67.2735563
69;67.1731602
70;67.1568882
71;67.1314267
72;67.1196576
73;66.9723431
74;66.8945024
75;66.7931369
76;66.7784682
77;66.7033669
78;66.5735448
79;66.5195073
80;66.503891
81;66.4764286
82;66.3894402
83;66.3808323
84;66.3302592
85;66.22893
86;66.1927545
87;66.1427641
88;65.9737752
89;65.9552342
90;65.9499925
91;65.9338326
92;65.9081328
93;65.7471543
94;65.5994198
95;65.5477356
96;65.5010832
97;65.4698097
98;65.3675391
99;65.1114822
100;65.0344006
101;64.9908
102;64.9080084
103;64.7912782
104;64.6831116
105;64.6812647
106;64.6637313
107;64.6448819
108;64.562464
109;64.5013395
110;64.4254368
111;64.3428455
112;64.330395
113;64.1867318
114;64.0587758
115;64.0101447
116;63.9774539
117;63.9611335
118;63.9547204
119;63.8198601
120;63.7881072
121;63.6074985
122;63.589979
123;63.5228246
124;63.5009793
125;63.4650002
126;63.3887781
127;63.3767562
128;63.2854283
129;63.2826033
130;63.1985108
131;63.187153
132;63.1509293
133;63.1171572
134;63.0665964
135;62.9947921
136;62.9448501
137;62.7252688
138;62.7103425
139;62.574878
140;62.5083132
141;62.5006585
142;62.4938276
143;62.3407243
144;62.3386391
145;62.1300487
146;62.1291543
147;62.1224873
148;62.0638395
149;62.0592605
150;62.0506679
151;61.9562744
152;61.912584
153;61.7901234
154;61.6841274
155;61.6608639
156;61.6256613
157;61.6041336
158;61.4714263
159;61.3440233
160;61.3207378
161;61.3199917
162;61.1911352
163;61.1392397
164;61.0422651
165;61.0296122
166;60.9189111
167;60.9018073
168;60.8984386
169;60.6390911
170;60.6316877
171;60.6298941
172;60.5900351
173;60.5856234
174;60.5098408
175;60.4327428
176;60.3623252
177;60.3178213
178;60.3114116
179;60.2905538
180;60.2640456
181;60.2201718
182;60.1786724
183;60.1090938
184;60.0935441
185;60.0070935
186;60.0036
187;59.9547856
188;59.9325314
189;59.9033954
190;59.8052468
191;59.7756639
192;59.7666879
193;59.7582403
194;59.7424926
195;59.6632142
196;59.6353479
197;59.6339396
198;59.612186
199;59.6048321
200;59.5446179
201;59.5311903
202;59.512808
203;59.4574115
204;59.4099039
205;59.4042338
206;59.3071014
207;59.2664386
208;59.2606102
209;59.2588454
210;59.2297804
211;59.2157949
212;59.193167
213;59.1820753
214;59.1350481
215;59.1321818
216;59.1192013
217;59.0074533
218;58.9850365
219;58.9359263
220;58.880955
221;58.8548185
222;58.8199127
223;58.7780408
224;58.7622282
225;58.7581195
226;58.6882564
227;58.6870418
228;58.6625107
229;58.6576533
230;58.6134761
231;58.5642529
232;58.5619428
233;58.5395109
234;58.5040859
235;58.2639561
236;58.2627493
237;58.2386071
238;58.1957621
239;58.1697093
240;58.0434089
241;58.0204297
242;58.0031241
243;57.9927357
244;57.9824386
245;57.9703735
246;57.8860053
247;57.8651333
248;57.841894
249;57.8405753
250;57.7923495
251;57.7753058
252;57.7095125
253;57.703327
254;57.6580094
255;57.6037357
256;57.6001458
257;57.5926733
258;57.5621053
259;57.4552718
260;57.4424156
261;57.3838227
262;57.3642385
263;57.2824171
264;57.2412344
265;57.2410847
266;57.2322306
267;57.2247309
268;57.2229193
269;57.1440546
270;57.0016475
271;56.9797725
272;56.9693411
273;56.9061211
274;56.8379076
275;56.8333083
276;56.8136249
277;56.8094903
278;56.7739713
279;56.7268
280;56.6905238
281;56.6831745
282;56.6578775
283;56.5649192
284;56.5223555
285;56.5220411
286;56.5064529
287;56.5061135
288;56.4833373
289;56.462971
290;56.4556036
291;56.4508476
292;56.4496522
293;56.4281243
294;56.393996
295;56.3670631
296;56.357484
297;56.3545143
298;56.3400087
299;56.3145393
300;56.2993198
301;56.2777461
302;56.1121779
303;56.1105538
304;56.074008
305;56.0647829
306;56.0515314
307;55.946387
308;55.8779454
309;55.8499255
310;55.8485951
311;55.783846
312;55.7353223
313;55.6869827
314;55.6696838
315;55.6056476
316;55.5966254
317;55.5895612
318;55.564198
319;55.4907051
320;55.4639755
321;55.3406434
322;55.2321251
323;55.2259877
324;55.1888422
325;55.1685293
326;55.1286334
327;55.11049
328;55.051187
329;55.006135
330;54.9447564
331;54.9404346
332;54.8974294
333;54.8175854
334;54.8115078
335;54.8087317
336;54.7697448
337;54.767944
338;54.6001125
339;54.5712309
340;54.5647258
341;54.4984231
342;54.4739664
343;54.4708266
344;54.4507165
345;54.4263582
346;54.4250496
347;54.4236839
348;54.3762461
349;54.3533314
350;54.3224439
351;54.2779374
352;54.2504149
353;54.2488763
354;54.2445459
355;54.1935592
356;54.1700183
357;54.1336191
358;54.1329386
359;54.1254201
360;54.1198783
361;54.1003746
362;54.0831735
363;54.071013
364;54.022346
365;54.0030284
366;53.9689982
367;53.9311399
368;53.8877476
369;53.8819225
370;53.8818741
371;53.8693402
372;53.8044563
373;53.7986805
374;53.7414528
375;53.729319
376;53.6841636
377;53.6669574
378;53.6632415
379;53.5948208
380;53.5826418
381;53.5214159
382;53.5149995
383;53.5048043
384;53.5038012
385;53.4791315
386;53.4736173
387;53.451105
388;53.4481862
389;53.4324168
390;53.405598
391;53.3960561
392;53.3021295
393;53.2533322
394;53.2278551
395;53.1848124
396;53.1734556
397;53.150145
398;53.1045867
399;53.0979267
400;53.0833248
401;53.0717415
402;53.0378785
403;52.9874811
404;52.9511927
405;52.9288056
406;52.8283125
407;52.8244426
408;52.8227858
409;52.7880727
410;52.7457122
411;52.7352587
412;52.6444941
413;52.6274569
414;52.6055279
415;52.5758934
416;52.5279193
417;52.4605248
418;52.4500123
419;52.3944298
420;52.3168468
421;52.3035495
422;52.2907122
423;52.285417
424;52.2739575
425;52.2098584
426;52.1380117
427;52.1015081
428;52.0933706
429;52.0710363
430;52.0679643
431;52.0663695
432;52.0592399
433;52.0577821
434;52.0373462
435;52.0348955
436;52.0348106
437;51.998365
438;51.9904865
439;51.9817975
440;51.9770024
441;51.9682964
442;51.967981
443;51.941735
444;51.9304145
445;51.9303947
446;51.8940121
447;51.8540559
448;51.8393637
449;51.7797218
450;51.765319
451;51.7494464
452;51.7001537
453;51.6941396
454;51.679359
455;51.5531648
456;51.509589
457;51.5037724
458;51.4952822
459;51.4863539
460;51.4819866
461;51.4701344
462;51.4186694
463;51.4146898
464;51.4009844
465;51.3370822
466;51.3363687
467;51.2855002
468;51.2141489
469;51.143541
470;51.1011592
471;51.0597798
472;51.0011459
473;50.9934215
474;50.9721003
475;50.9643314
476;50.9473468
477;50.9209189
478;50.8804395
479;50.864822
480;50.798419
481;50.7422059
482;50.7190112
483;50.7070893
484;50.6982386
485;50.6214036
486;50.6055688
487;50.5756953
488;50.561076
489;50.557099
490;50.5457606
491;50.5428929
492;50.5157859
493;50.4962485
494;50.4630467
495;50.4365936
496;50.4345999
497;50.4206999
498;50.4157416
499;50.4060808
500;50.3837518
501;50.3741342
502;50.3536888
503;50.3231891
504;50.3135354
505;50.3120975
506;50.2497954
507;50.2486751
508;50.2459138
509;50.2439792
510;50.2429268
511;50.2361167
512;50.1904325
513;50.1829694
514;50.1821411
515;50.1730376
516;50.1596827
517;50.1531413
518;50.1324787
519;50.1283676
520;50.0974538
521;50.0753685
522;50.018663
523;49.9925486
524;49.957716
525;49.9440425
526;49.8864048
527;49.8813852
528;49.8696614
529;49.8575618
530;49.8522717
531;49.8115593
532;49.7823987
533;49.7814297
534;49.7772321
535;49.761198
536;49.7223859
537;49.7179007
538;49.6654292
539;49.6397005
540;49.6331969
541;49.6322868
542;49.6244788
543;49.5989015
544;49.5946765
545;49.5925921
546;49.5897867
547;49.5813417
548;49.5766898
549;49.574141
550;49.5674321
551;49.5627261
552;49.5495141
553;49.5363653
554;49.51129
555;49.4511567
556;49.4453379
557;49.4442448
558;49.4412133
559;49.3917347
560;49.3853417
561;49.3852319
562;49.3817802
563;49.3754397
564;49.3644957
565;49.3259601
566;49.3114326
567;49.3055014
568;49.3022239
569;49.2972537
570;49.2367299
571;49.2350899
572;49.2307803
573;49.2291296
574;49.2249764
575;49.209371
576;49.1921524
577;49.1717716
578;49.143191
579;49.1326182
580;49.1054824
581;49.102386
582;49.1006533
583;49.0931082
584;49.0908192
585;49.0395659
586;49.0026587
587;48.9925207
588;48.9919501
589;48.9900628
590;48.9877997
591;48.985118
592;48.9552648
593;48.9505152
594;48.9385666
595;48.9308528
596;48.9264569
597;48.8667208
598;48.8620567
599;48.8532717
600;48.8509346
601;48.8495922
602;48.8374239
603;48.8200167
604;48.8057981
605;48.8041785
606;48.7777071
607;48.7634481
608;48.7000704
609;48.6847856
610;48.6566196
611;48.6493444
612;48.6352337
613;48.6298934
614;48.627475
615;48.6233701
616;48.608589
617;48.5808672
618;48.5327148
619;48.5250587
620;48.5060864
621;48.5037045
622;48.4798984
623;48.478667
624;48.4679169
625;48.4632753
626;48.451664
627;48.4139395
628;48.3634056
629;48.3586241
630;48.3548003
631;48.3264259
632;48.3204106
633;48.3189713
634;48.3155771
635;48.3083266
636;48.3039757
637;48.29463
638;48.292429
639;48.2889535
640;48.2722196
641;48.2708482
642;48.2572395
643;48.2424752
644;48.1664419
645;48.1641157
646;48.1610869
647;48.1580678
648;48.1529524
649;48.1405304
650;48.1404636
651;48.1344522
652;48.128456
653;48.094106
654;48.0936568
655;48.0883006
656;48.0585954
657;48.053887
658;48.0492618
659;48.0317627
660;48.0309074
661;48.0214311
662;48.021336
663;48.0146288
664;47.9914408
665;47.9828183
666;47.9574571
667;47.9563146
668;47.9205681
669;47.9165919
670;47.9135924
671;47.9117994
672;47.9011819
673;47.9002481
674;47.8770183
675;47.8599659
676;47.8179147
677;47.8115181
678;47.8084268
679;47.80609
680;47.7977903
681;47.7829858
682;47.7605378
683;47.7185998
684;47.711124
685;47.7038021
686;47.696795
687;47.6864342
688;47.6680388
689;47.6626857
690;47.659496
691;47.6207052
692;47.6179503
693;47.6030563
694;47.5793723
695;47.5791313
696;47.5668447
697;47.560848
698;47.5598327
699;47.5485596
700;47.5365894
701;47.4859584
702;47.4443735
703;47.4435901
704;47.4417166
705;47.4289908
706;47.4220337
707;47.4175988
708;47.3999264
709;47.3981969
710;47.3955294
711;47.3783933
712;47.3775938
713;47.3764962
714;47.3570967
715;47.321576
716;47.3121225
717;47.3072364
718;47.2975188
719;47.2749143
720;47.2489584
721;47.2471406
722;47.2306724
723;47.2190239
724;47.1998186
725;47.1892903
726;47.1718904
727;47.1689306
728;47.1667293
729;47.1662677
730;47.166263
731;47.159305
732;47.1526293
733;47.1444018
734;47.1386754
735;47.1377019
736;47.1241691
737;47.1190261
738;47.1173582
739;47.1148341
740;47.1072684
741;47.0974625
742;47.0874282
743;47.0519448
744;47.034876
745;47.0333403
746;46.998713
747;46.9837488
748;46.9822063
749;46.9714099
750;46.962053
751;46.9238279
752;46.909754
753;46.8443211
754;46.8400087
755;46.8224721
756;46.8087813
757;46.8003467
758;46.7956413
759;46.793287
760;46.7463144
761;46.7454302
762;46.7443124
763;46.7351982
764;46.7333262
765;46.7316797
766;46.7292149
767;46.6591437
768;46.6583626
769;46.639495
770;46.6309395
771;46.6149138
772;46.6123694
773;46.5836006
774;46.5732711
775;46.5655301
776;46.5624467
777;46.5162132
778;46.5150526
779;46.5130033
780;46.5101291
781;46.4859267
782;46.4780762
783;46.4444495
784;46.4305985
785;46.4238387
786;46.415538
787;46.4065508
788;46.3760426
789;46.3374366
790;46.3225098
791;46.3156949
792;46.2990903
793;46.283745
794;46.2593798
795;46.2538336
796;46.2324536
797;46.220811
798;46.2116279
799;46.1841593
800;46.1563793
801;46.113917
802;46.0939568
803;46.0888754
804;46.087051
805;46.0827741
806;46.0783977
807;46.0338779
808;46.0319549
809;46.0184695
810;45.9964762
811;45.9651086
812;45.9432872
813;45.9384494
814;45.9104072
815;45.9054542
816;45.8963003
817;45.8941838
818;45.8838709
819;45.8834644
820;45.8824564
821;45.867863
822;45.8661187
823;45.7912695
824;45.773364
825;45.7584011
826;45.75649
827;45.749709
828;45.7470186
829;45.7165582
830;45.7162954
831;45.7090395
832;45.7008282
833;45.6847309
834;45.6777499
835;45.6742769
836;45.673759
837;45.6554967
838;45.6533958
839;45.6423743
840;45.6288223
841;45.6243492
842;45.6153572
843;45.6072502
844;45.5757722
845;45.5244494
846;45.4851465
847;45.4817893
848;45.48064
849;45.4774305
850;45.4742464
851;45.4671194
852;45.4663667
853;45.4632539
854;45.4540821
855;45.4479462
856;45.4436182
857;45.401805
858;45.3933142
859;45.392273
860;45.3899646
861;45.3542342
862;45.3484659
863;45.3449838
864;45.3363644
865;45.3319114
866;45.3211012
867;45.3196292
868;45.3079594
869;45.289959
870;45.283619
871;45.2314246
872;45.2243251
873;45.2234985
874;45.2203591
875;45.2146521
876;45.2102334
877;45.1985947
878;45.1964624
879;45.1908438
880;45.1906611
881;45.1665249
882;45.1582754
883;45.1419778
884;45.1308067
885;45.1161885
886;45.099408
887;45.0962556
888;45.0929459
889;45.086992
890;45.0848891
891;45.0831014
892;45.0797148
893;45.0762913
894;45.0509255
895;45.049229
896;45.0443702
897;45.0346495
898;45.0249787
899;45.018343
900;45.0085102
901;45.0035874
902;44.987608
903;44.9849702
904;44.9805975
905;44.966892
906;44.9486023
907;44.9090363
908;44.905057
909;44.9022936
910;44.9005083
911;44.8973271
912;44.8957714
913;44.8851542
914;44.8809021
915;44.8788938
916;44.8781366
917;44.8746738
918;44.8741602
919;44.8736617
920;44.8552508
921;44.8515163
922;44.8472148
923;44.8229845
924;44.8097474
925;44.8060057
926;44.8041502
927;44.7927135
928;44.7892708
929;44.7810658
930;44.7476272
931;44.7285302
932;44.7216843
933;44.7213405
934;44.7008105
935;44.7001768
936;44.6573497
937;44.6563365
938;44.6430089
939;44.6154912
940;44.6123644
941;44.6008736
942;44.5917843
943;44.5617544
944;44.5557902
945;44.522163
946;44.5089804
947;44.5002806
948;44.4930837
949;44.4923268
950;44.4908287
951;44.4833507
952;44.4773143
953;44.4461912
954;44.4271374
955;44.4216726
956;44.403045
957;44.395977
958;44.358263
959;44.3558471
960;44.3402746
961;44.3281964
962;44.3253633
963;44.3230859
964;44.3205681
965;44.3205403
966;44.3138514
967;44.3122874
968;44.276538
969;44.2624647
970;44.2494264
971;44.2349116
972;44.2317413
973;44.2101557
974;44.2066253
975;44.1923785
976;44.1452915
977;44.1310814
978;44.1190451
979;44.1105743
980;44.0806176
981;44.0710466
982;44.0663915
983;44.0472413
984;44.0467885
985;44.0466583
986;44.0410134
987;44.0384823
988;43.9774508
989;43.961518
990;43.9319083
991;43.927234
992;43.9040988
993;43.8923853
994;43.8861157
995;43.8641087
996;43.8452175
997;43.8341849
998;43.8248868
999;43.8233485
1000;43.8167092
1001;43.8056116
1002;43.798415
1003;43.7851686
1004;43.7798637
1005;43.7780213
1006;43.7752791
1007;43.7733693
1008;43.7596359
1009;43.7554236
1010;43.7531936
1011;43.7437423
1012;43.7312815
1013;43.7237945
1014;43.7074886
1015;43.7029633
1016;43.7028278
1017;43.6899254
1018;43.6770238
1019;43.6553808
1020;43.650878
1021;43.6295802
1022;43.6257403
1023;43.6137926
1024;43.5965919
1025;43.5756475
1026;43.5183892
1027;43.5119214
1028;43.5066734
1029;43.5008502
1030;43.5001596
1031;43.4893687
1032;43.4860776
1033;43.4837895
1034;43.4716423
1035;43.4589294
1036;43.4393835
1037;43.4259917
1038;43.4094339
1039;43.4068951
1040;43.4052642
1041;43.3898391
1042;43.3729889
1043;43.364798
1044;43.3387143
1045;43.3324931
1046;43.3193433
1047;43.3135555
1048;43.3085311
1049;43.2921559
1050;43.2872413
1051;43.2750209
1052;43.2713443
1053;43.2699083
1054;43.2548529
1055;43.2425399
1056;43.2268848
1057;43.2140212
1058;43.2133664
1059;43.2126025
1060;43.2075724
1061;43.178923
1062;43.1748353
1063;43.169194
1064;43.1674567
1065;43.1464294
1066;43.1370291
1067;43.1350271
1068;43.1166833
1069;43.1160811
1070;43.1126975
1071;43.1053721
1072;43.096356
1073;43.0878199
1074;43.0859672
1075;43.0746171
1076;43.068355
1077;43.0609874
1078;43.0583859
1079;43.0114721
1080;42.9746827
1081;42.9666721
1082;42.9619139
1083;42.933403
1084;42.9326194
1085;42.9306015
1086;42.9183695
1087;42.9132592
1088;42.909281
1089;42.8853466
1090;42.8763632
1091;42.8731257
1092;42.868545
1093;42.8550194
1094;42.8488521
1095;42.8456797
1096;42.8375232
1097;42.8306462
1098;42.828843
1099;42.8244215
1100;42.8200197
1101;42.7876875
1102;42.7836135
1103;42.7468807
1104;42.7390902
1105;42.7244715
1106;42.710022
1107;42.7057945
1108;42.6872702
1109;42.6860149
1110;42.6516784
1111;42.649769
1112;42.6447351
1113;42.6284468
1114;42.6138825
1115;42.5858647
1116;42.5718381
1117;42.5670946
1118;42.5562155
1119;42.5506195
1120;42.5499773
1121;42.5279942
1122;42.527763
1123;42.517214
1124;42.5171308
1125;42.4871341
1126;42.4616876
1127;42.4514096
1128;42.4443863
1129;42.4418396
1130;42.4316784
1131;42.4234104
1132;42.41196
1133;42.4083765
1134;42.3997563
1135;42.3791814
1136;42.378037
1137;42.3766134
1138;42.3418521
1139;42.3349612
1140;42.3165986
1141;42.3063038
1142;42.3059346
1143;42.3058187
1144;42.3052465
1145;42.302041
1146;42.2815416
1147;42.264961
1148;42.2582763
1149;42.2569442
1150;42.2454857
1151;42.2339028
1152;42.2291611
1153;42.2075789
1154;42.2007528
1155;42.1969055
1156;42.1963752
1157;42.1712769
1158;42.1614525
1159;42.1609716
1160;42.1499043
1161;42.142168
1162;42.1415047
1163;42.1407846
1164;42.1204893
1165;42.1199445
1166;42.1198471
1167;42.1190724
1168;42.1122936
1169;42.0936444
1170;42.0915635
1171;42.0842996
1172;42.0613499
1173;42.0580449
1174;42.0417097
1175;42.0355564
1176;42.0135076
1177;42.0025278
1178;41.9982147
1179;41.9949564
1180;41.9878388
1181;41.9801495
1182;41.9789411
1183;41.9569393
1184;41.941373
1185;41.9199386
1186;41.9049834
1187;41.8913387
1188;41.8712978
1189;41.8566748
1190;41.8330141
1191;41.8168865
1192;41.8099754
1193;41.806752
1194;41.7992861
1195;41.770914
1196;41.7584977
1197;41.7512789
1198;41.750886
1199;41.7415954
1200;41.7408957
1201;41.7276266
1202;41.716889
1203;41.6808352
1204;41.6800553
1205;41.6747804
1206;41.6622578
1207;41.6585212
1208;41.6540947
1209;41.6316811
1210;41.620329
1211;41.6095737
1212;41.6093864
1213;41.5995431
1214;41.5936057
1215;41.5853327
1216;41.581166
1217;41.5807349
1218;41.5800534
1219;41.5787805
1220;41.5429102
1221;41.5413027
1222;41.5408459
1223;41.5316008
1224;41.5067659
1225;41.4902845
1226;41.4871068
1227;41.4749329
1228;41.4398657
1229;41.4369853
1230;41.4277717
1231;41.4150247
1232;41.4127151
1233;41.4120355
1234;41.4048696
1235;41.4000355
1236;41.3845558
1237;41.3804013
1238;41.3762084
1239;41.3481458
1240;41.3359188
1241;41.3147093
1242;41.2993524
1243;41.2895446
1244;41.2789696
1245;41.2692325
1246;41.2569642
1247;41.25608
1248;41.2536741
1249;41.2376762
1250;41.218746
1251;41.2183251
1252;41.1994104
1253;41.195113
1254;41.172124
1255;41.1586257
1256;41.1555936
1257;41.1397507
1258;41.1371042
1259;41.1214371
1260;41.1107559
1261;41.1037706
1262;41.0966853
1263;41.0924035
1264;41.0885404
1265;41.0767602
1266;41.0735565
1267;41.0485657
1268;41.0425764
1269;41.04099
1270;41.0328874
1271;41.0264452
1272;41.023193
1273;41.0222553
1274;41.0213053
1275;41.0146579
1276;41.0068923
1277;40.9821779
1278;40.9697445
1279;40.9619869
1280;40.9603589
1281;40.9588272
1282;40.9568858
1283;40.9499901
1284;40.9492537
1285;40.9460261
1286;40.9437019
1287;40.938607
1288;40.9281092
1289;40.9262928
1290;40.9178958
1291;40.9021101
1292;40.899623
1293;40.8987338
1294;40.8929227
1295;40.8836263
1296;40.876118
1297;40.8460406
1298;40.8352542
1299;40.8318702
1300;40.822807
1301;40.8215852
1302;40.8159265
1303;40.8080193
1304;40.7806159
1305;40.7760647
1306;40.7753565
1307;40.7656768
1308;40.7386375
1309;40.7338155
1310;40.7308705
1311;40.7170285
1312;40.7076642
1313;40.7039908
1314;40.6969891
1315;40.6778063
1316;40.6665794
1317;40.6661455
1318;40.6438809
1319;40.6409126
1320;40.6205183
1321;40.6184425
1322;40.6169595
1323;40.614297
1324;40.6000108
1325;40.5957004
1326;40.5945855
1327;40.5876747
1328;40.5612127
1329;40.555453
1330;40.5445353
1331;40.5316227
1332;40.5270732
1333;40.5222508
1334;40.5018331
1335;40.5017114
1336;40.4976672
1337;40.4794293
1338;40.4741546
1339;40.4712234
1340;40.4616442
1341;40.4269966
1342;40.4030453
1343;40.3990617
1344;40.390223
1345;40.3825176
1346;40.3751136
1347;40.3720273
1348;40.3705204
1349;40.3676896
1350;40.3589024
1351;40.3154464
1352;40.315201
1353;40.3025223
1354;40.2845844
1355;40.283626
1356;40.2805693
1357;40.2590074
1358;40.2579691
1359;40.2568281
1360;40.2379447
1361;40.2298532
1362;40.2224874
1363;40.2183689
1364;40.21698
1365;40.2147036
1366;40.2122941
1367;40.1996676
1368;40.1936911
1369;40.1636868
1370;40.1607285
1371;40.1525409
1372;40.1524539
1373;40.147747
1374;40.1460323
1375;40.1451747
1376;40.128046
1377;40.1263558
1378;40.124823
1379;40.1050463
1380;40.0960132
1381;40.0913321
1382;40.0811406
1383;40.052771
1384;40.0484345
1385;40.0400509
1386;40.0374173
1387;40.0141643
1388;39.9886539
1389;39.981009
1390;39.9663363
1391;39.9642507
1392;39.9506025
1393;39.9412501
1394;39.9397455
1395;39.9329076
1396;39.9056449
1397;39.9031893
1398;39.8996277
1399;39.8993028
1400;39.8890364
1401;39.8848298
1402;39.8757712
1403;39.8690647
1404;39.8497875
1405;39.8486342
1406;39.8448419
1407;39.840292
1408;39.8382224
1409;39.8372409
1410;39.816277
1411;39.8128112
1412;39.8123456
1413;39.80826
1414;39.7971751
1415;39.7865485
1416;39.7783289
1417;39.7770184
1418;39.763307
1419;39.7633003
1420;39.7558047
1421;39.7390552
1422;39.7314031
1423;39.7300122
1424;39.7187916
1425;39.6848306
1426;39.6837145
1427;39.670722
1428;39.6689803
1429;39.6661683
1430;39.6592949
1431;39.6549088
1432;39.6426788
1433;39.6366186
1434;39.6234731
1435;39.6091122
1436;39.598944
1437;39.5970181
1438;39.591455
1439;39.5747333
1440;39.5715898
1441;39.5697384
1442;39.5504579
1443;39.5405448
1444;39.5187121
1445;39.5124579
1446;39.4915769
1447;39.4792918
1448;39.4704548
1449;39.4558704
1450;39.4539681
1451;39.4334059
1452;39.4315935
1453;39.4216047
1454;39.4170909
1455;39.4144216
1456;39.4131042
1457;39.4071943
1458;39.4056656
1459;39.4013252
1460;39.3954904
1461;39.3937074
1462;39.3928428
1463;39.3754526
1464;39.356932
1465;39.3512832
1466;39.3274028
1467;39.3203031
1468;39.2976221
1469;39.28263
1470;39.2778527
1471;39.2708868
1472;39.2636119
1473;39.2530665
1474;39.2521246
1475;39.2511457
1476;39.2473173
1477;39.2437815
1478;39.2425898
1479;39.240288
1480;39.2171823
1481;39.211527
1482;39.2017093
1483;39.2014383
1484;39.1915617
1485;39.1854149
1486;39.1836812
1487;39.1610105
1488;39.1604647
1489;39.1578116
1490;39.1530385
1491;39.1338304
1492;39.1230493
1493;39.1166671
1494;39.1135265
1495;39.0967316
1496;39.0966748
1497;39.0900617
1498;39.0835048
1499;39.0750235
1500;39.0682502
1501;39.0529795
1502;39.0462237
1503;39.0302244
1504;39.0263766
1505;39.0220266
1506;39.017438
1507;38.9888187
1508;38.975243
1509;38.9725308
1510;38.9714188
1511;38.9638915
1512;38.9588001
1513;38.950071
1514;38.9365382
1515;38.9351077
1516;38.931805
1517;38.9316749
1518;38.9290528
1519;38.9185091
1520;38.9026933
1521;38.8954062
1522;38.8761041
1523;38.8727845
1524;38.8700408
1525;38.8634476
1526;38.8582123
1527;38.8550785
1528;38.8545732
1529;38.8409348
1530;38.8206279
1531;38.8185517
1532;38.8127342
1533;38.8094046
1534;38.8071274
1535;38.8006414
1536;38.7969475
1537;38.7952232
1538;38.7884487
1539;38.7833012
1540;38.7815304
1541;38.7811219
1542;38.765818
1543;38.7650297
1544;38.7606116
1545;38.7507518
1546;38.7426518
1547;38.7284572
1548;38.7009848
1549;38.698869
1550;38.6918984
1551;38.6862008
1552;38.6672849
1553;38.665813
1554;38.6571065
1555;38.6488584
1556;38.6477245
1557;38.646761
1558;38.6428508
1559;38.642211
1560;38.6354852
1561;38.6284443
1562;38.6254675
1563;38.6242691
1564;38.6210244
1565;38.5942733
1566;38.5765659
1567;38.5299797
1568;38.5255715
1569;38.5201355
1570;38.4992711
1571;38.499
1572;38.4926731
1573;38.4810489
1574;38.470565
1575;38.4511536
1576;38.4259378
1577;38.4203207
1578;38.4186547
1579;38.4153336
1580;38.4040989
1581;38.4039583
1582;38.399015
1583;38.3947191
1584;38.3920856
1585;38.3886828
1586;38.3793647
1587;38.364141
1588;38.3604557
1589;38.359183
1590;38.3489891
1591;38.3252988
1592;38.3014865
1593;38.3009048
1594;38.2980819
1595;38.2893385
1596;38.2885354
1597;38.287977
1598;38.2803005
1599;38.274749
1600;38.2676287
1601;38.2649685
1602;38.2623049
1603;38.2584924
1604;38.2474259
1605;38.2321638
1606;38.2299158
1607;38.2267772
1608;38.2157746
1609;38.2037593
1610;38.2025361
1611;38.1994974
1612;38.195842
1613;38.1871981
1614;38.1857656
1615;38.1817845
1616;38.1696737
1617;38.1380984
1618;38.12618
1619;38.1217798
1620;38.0992602
1621;38.0983821
1622;38.0981793
1623;38.0903301
1624;38.0873971
1625;38.0787191
1626;38.0586216
1627;38.0339181
1628;38.0325414
1629;38.0189347
1630;38.0173053
1631;38.0111934
1632;38.0087131
1633;38.0062913
1634;37.988559
1635;37.975642
1636;37.9754866
1637;37.9613012
1638;37.9511878
1639;37.9256768
1640;37.9068249
1641;37.9028321
1642;37.8911924
1643;37.886424
1644;37.8856362
1645;37.861583
1646;37.8610669
1647;37.8609761
1648;37.8506534
1649;37.8488347
1650;37.8386758
1651;37.8346602
1652;37.8007734
1653;37.785182
1654;37.7765794
1655;37.7689247
1656;37.7509096
1657;37.7485504
1658;37.7292319
1659;37.7114558
1660;37.6949813
1661;37.6908646
1662;37.6814581
1663;37.6760978
1664;37.6746495
1665;37.6741479
1666;37.6656711
1667;37.6583092
1668;37.6385008
1669;37.6297956
1670;37.6289232
1671;37.6272399
1672;37.6232605
1673;37.6201529
1674;37.6171994
1675;37.5900006
1676;37.5848467
1677;37.580098
1678;37.5702732
1679;37.5646069
1680;37.5627747
1681;37.5625843
1682;37.5487693
1683;37.5478386
1684;37.5396266
1685;37.5287046
1686;37.5273654
1687;37.5145511
1688;37.5145294
1689;37.5111331
1690;37.5109793
1691;37.5051681
1692;37.4982466
1693;37.4915282
1694;37.4766462
1695;37.4656167
1696;37.4456971
1697;37.4395476
1698;37.4385611
1699;37.4348738
1700;37.4256088
1701;37.4236915
1702;37.4214949
1703;37.4142882
1704;37.4141007
1705;37.4056027
1706;37.3991249
1707;37.3629312
1708;37.3584405
1709;37.3577078
1710;37.351647
1711;37.3504022
1712;37.349904
1713;37.3201327
1714;37.3115511
1715;37.3075472
1716;37.2977384
1717;37.2871357
1718;37.2867537
1719;37.2821313
1720;37.2755254
1721;37.2643173
1722;37.2641639
1723;37.253834
1724;37.2460022
1725;37.2246063
1726;37.2171472
1727;37.2130792
1728;37.1988063
1729;37.1835296
1730;37.1781867
1731;37.1768608
1732;37.1742892
1733;37.1715643
1734;37.1713327
1735;37.1654683
1736;37.1548843
1737;37.1479708
1738;37.137769
1739;37.1291342
1740;37.1270672
1741;37.1267774
1742;37.115812
1743;37.1051516
1744;37.1046643
1745;37.1021654
1746;37.0911392
1747;37.0884422
1748;37.0817667
1749;37.0787893
1750;37.0511406
1751;37.0489231
1752;37.0334535
1753;37.0255206
1754;37.0244268
1755;37.0174119
1756;37.0072999
1757;37.0062579
1758;37.0039103
1759;37.0016717
1760;36.9984544
1761;36.9861008
1762;36.9796894
1763;36.9472038
1764;36.9453494
1765;36.942585
1766;36.9396922
1767;36.9368041
1768;36.9123243
1769;36.9031128
1770;36.8962518
1771;36.8945029
1772;36.8841078
1773;36.8821746
1774;36.8800902
1775;36.8792942
1776;36.8786389
1777;36.8684084
1778;36.8490672
1779;36.8231875
1780;36.8036027
1781;36.7912562
1782;36.7718887
1783;36.771762
1784;36.7546067
1785;36.731497
1786;36.7187902
1787;36.7140846
1788;36.6870292
1789;36.6819629
1790;36.6751548
1791;36.6739402
1792;36.663255
1793;36.6244467
1794;36.61485
1795;36.6005912
1796;36.5953442
1797;36.5822507
1798;36.573528
1799;36.5673244
1800;36.561861
1801;36.5505164
1802;36.5482365
1803;36.5369133
1804;36.5362449
1805;36.5185964
1806;36.5046081
1807;36.4938004
1808;36.4871985
1809;36.4717903
1810;36.4656018
1811;36.4534801
1812;36.4426999
1813;36.4349821
1814;36.4290492
1815;36.4288038
1816;36.4224679
1817;36.416742
1818;36.4046221
1819;36.3894621
1820;36.3819535
1821;36.3528505
1822;36.3433523
1823;36.3289917
1824;36.3267623
1825;36.315274
1826;36.2819502
1827;36.267416
1828;36.2610967
1829;36.2605135
1830;36.2505989
1831;36.2500203
1832;36.2473467
1833;36.227782
1834;36.1980765
1835;36.1952305
1836;36.192503
1837;36.1703207
1838;36.1631937
1839;36.1482962
1840;36.147185
1841;36.1401229
1842;36.1347845
1843;36.126945
1844;36.1260631
1845;36.1203688
1846;36.1005813
1847;36.0941749
1848;36.0813149
1849;36.079485
1850;36.0767362
1851;36.0735437
1852;36.0663016
1853;36.0621457
1854;36.0543928
1855;36.050915
1856;36.0254558
1857;35.9960497
1858;35.9867256
1859;35.9865505
1860;35.9608843
1861;35.9563701
1862;35.9499994
1863;35.9468819
1864;35.9408225
1865;35.9189478
1866;35.9187572
1867;35.9184296
1868;35.9155064
1869;35.9085077
1870;35.906102
1871;35.89617
1872;35.8950962
1873;35.8875618
1874;35.8874102
1875;35.8844646
1876;35.8667566
1877;35.8664069
1878;35.8583143
1879;35.8461741
1880;35.8454132
1881;35.8394845
1882;35.8365912
1883;35.8286908
1884;35.822779
1885;35.8208657
1886;35.8104396
1887;35.7799896
1888;35.7759093
1889;35.7660756
1890;35.7635253
1891;35.7621856
1892;35.7580318
1893;35.752243
1894;35.7492273
1895;35.7408433
1896;35.7319392
1897;35.7276016
1898;35.6948103
1899;35.6915439
1900;35.68423
1901;35.6714791
1902;35.6708849
1903;35.6627192
1904;35.6572347
1905;35.6212821
1906;35.6203705
1907;35.6167781
1908;35.6166832
1909;35.6106958
1910;35.6011044
1911;35.5979001
1912;35.590609
1913;35.5805253
1914;35.5675233
1915;35.5642281
1916;35.5598675
1917;35.5296974
1918;35.5293616
1919;35.5174316
1920;35.5114044
1921;35.5048054
1922;35.4950996
1923;35.4863762
1924;35.4848323
1925;35.4782718
1926;35.4645983
1927;35.4573861
1928;35.4544665
1929;35.4495347
1930;35.4361053
1931;35.4357477
1932;35.431225
1933;35.4100354
1934;35.4024343
1935;35.4019262
1936;35.3972719
1937;35.3893537
1938;35.3597082
1939;35.3586388
1940;35.3583443
1941;35.3570718
1942;35.3502373
1943;35.3500636
1944;35.3468306
1945;35.3457978
1946;35.3342524
1947;35.3260205
1948;35.324497
1949;35.3206196
1950;35.3179891
1951;35.3144946
1952;35.3124915
1953;35.3006246
1954;35.2922711
1955;35.2904107
1956;35.2890226
1957;35.2843785
1958;35.2757361
1959;35.2735084
1960;35.255632
1961;35.2504877
1962;35.242678
1963;35.2425213
1964;35.2309575
1965;35.2284982
1966;35.2243554
1967;35.2205359
1968;35.2193632
1969;35.2057533
1970;35.1875586
1971;35.1858124
1972;35.1756475
1973;35.1736511
1974;35.1733136
1975;35.1616083
1976;35.1535439
1977;35.1533014
1978;35.1468166
1979;35.1416698
1980;35.132194
1981;35.1258461
1982;35.1183523
1983;35.104139
1984;35.0803056
1985;35.0631367
1986;35.0607586
1987;35.0486418
1988;35.0485454
1989;35.046479
1990;35.0445287
1991;35.0330416
1992;35.0296625
1993;35.0233095
1994;34.9772282
1995;34.9643765
1996;34.9485352
1997;34.9458611
1998;34.9304141
1999;34.9250236
2000;34.9154282
2001;34.9119173
2002;34.9089572
2003;34.9080833
2004;34.8931328
2005;34.8893273
2006;34.8792584
2007;34.8722917
2008;34.8716836
2009;34.8520034
2010;34.8476365
2011;34.8460543
2012;34.8371188
2013;34.8277379
2014;34.8272918
2015;34.815334
2016;34.8081063
2017;34.8080032
2018;34.8060521
2019;34.8049092
2020;34.7992683
2021;34.7929884
2022;34.7878829
2023;34.7874138
2024;34.7823406
2025;34.7751154
2026;34.773739
2027;34.7616354
2028;34.7507776
2029;34.7189869
2030;34.7163386
2031;34.7145147
2032;34.7014587
2033;34.6877284
2034;34.6854062
2035;34.6737619
2036;34.6559917
2037;34.614553
2038;34.6018785
2039;34.6007195
2040;34.5998877
2041;34.589699
2042;34.5872031
2043;34.5815151
2044;34.5784664
2045;34.5461549
2046;34.5429163
2047;34.513059
2048;34.5066189
2049;34.5040625
2050;34.4907063
2051;34.489004
2052;34.4664342
2053;34.4553031
2054;34.4508642
2055;34.4355891
2056;34.4158344
2057;34.4127585
2058;34.4025016
2059;34.3927413
2060;34.3921183
2061;34.3823361
2062;34.3693251
2063;34.3671467
2064;34.3599689
2065;34.358765
2066;34.3325825
2067;34.3170142
2068;34.312682
2069;34.2969051
2070;34.2910231
2071;34.2660737
2072;34.2631736
2073;34.2557729
2074;34.2557552
2075;34.2476944
2076;34.2367747
2077;34.233445
2078;34.2219082
2079;34.2190945
2080;34.2115419
2081;34.2080912
2082;34.2066095
2083;34.199916
2084;34.1971263
2085;34.1838066
2086;34.1805737
2087;34.1803049
2088;34.1686104
2089;34.1665482
2090;34.140503
2091;34.1394225
2092;34.1356612
2093;34.1302659
2094;34.1268963
2095;34.1150259
2096;34.1136282
2097;34.1063356
2098;34.1017024
2099;34.0871985
2100;34.0788454
2101;34.0744912
2102;34.0647736
2103;34.0482449
2104;34.0324138
2105;34.0317139
2106;34.0288119
2107;34.0249966
2108;34.0155622
2109;34.0030428
2110;33.9953685
2111;33.9946857
2112;33.9912605
2113;33.978986
2114;33.9780477
2115;33.9634354
2116;33.9567114
2117;33.9317408
2118;33.9177728
2119;33.9136945
2120;33.9107988
2121;33.893758
2122;33.8873302
2123;33.8865589
2124;33.8592135
2125;33.8516638
2126;33.8349676
2127;33.8347425
2128;33.8200649
2129;33.795596
2130;33.7944539
2131;33.7701847
2132;33.7701651
2133;33.7391481
2134;33.733014
2135;33.7303936
2136;33.7083116
2137;33.6985048
2138;33.6967187
2139;33.6930204
2140;33.6896082
2141;33.6864756
2142;33.6861538
2143;33.6741616
2144;33.6701357
2145;33.6666243
2146;33.663473
2147;33.6568472
2148;33.6519836
2149;33.6512607
2150;33.6375475
2151;33.6126893
2152;33.6045399
2153;33.600152
2154;33.5996796
2155;33.5966189
2156;33.5963016
2157;33.592727
2158;33.5918613
2159;33.5898092
2160;33.5790773
2161;33.5765456
2162;33.5711271
2163;33.5635413
2164;33.5563033
2165;33.5313615
2166;33.5288992
2167;33.5264452
2168;33.5234321
2169;33.4923577
2170;33.4855928
2171;33.4811336
2172;33.4717519
2173;33.4688707
2174;33.462374
2175;33.4589193
2176;33.4560819
2177;33.4491124
2178;33.4455312
2179;33.4150924
2180;33.4135734
2181;33.411638
2182;33.4072967
2183;33.4027922
2184;33.3700557
2185;33.350335
2186;33.3323535
2187;33.3317551
2188;33.3307464
2189;33.3173565
2190;33.3093629
2191;33.3067231
2192;33.29481
2193;33.2886907
2194;33.2841112
2195;33.2795575
2196;33.2645159
2197;33.2208971
2198;33.220235
2199;33.1902877
2200;33.1570698
2201;33.1559486
2202;33.1555571
2203;33.1536047
2204;33.139797
2205;33.1320528
2206;33.1043085
2207;33.1040526
2208;33.100809
2209;33.0899966
2210;33.0850454
2211;33.0811127
2212;33.07669
2213;33.0633694
2214;33.0391474
2215;33.0356287
2216;33.0263543
2217;33.022995
2218;33.0137666
2219;33.0008178
2220;32.9725114
2221;32.9700154
2222;32.9669898
2223;32.9603555
2224;32.9506687
2225;32.9430112
2226;32.9248403
2227;32.9144426
2228;32.906808
2229;32.9056764
2230;32.90113
2231;32.8836745
2232;32.8813724
2233;32.8718025
2234;32.869768
2235;32.8683272
2236;32.8651668
2237;32.8590005
2238;32.8404413
2239;32.8339999
2240;32.8303252
2241;32.8253112
2242;32.8008468
2243;32.7794965
2244;32.757563
2245;32.7558518
2246;32.7476527
2247;32.7366882
2248;32.7245028
2249;32.717971
2250;32.7140458
2251;32.7094885
2252;32.6851697
2253;32.6750614
2254;32.6645554
2255;32.6618708
2256;32.6507653
2257;32.6501754
2258;32.6484429
2259;32.6483432
2260;32.643105
2261;32.6398558
2262;32.6389683
2263;32.6356901
2264;32.6301122
2265;32.6214918
2266;32.6119141
2267;32.5983222
2268;32.5966815
2269;32.5870904
2270;32.5754878
2271;32.5664901
2272;32.5659989
2273;32.5653806
2274;32.5636735
2275;32.560755
2276;32.5347704
2277;32.5218709
2278;32.5154263
2279;32.4989074
2280;32.4964204
2281;32.4937134
2282;32.4928786
2283;32.4863743
2284;32.484115
2285;32.4761632
2286;32.4715628
2287;32.4618781
2288;32.4526386
2289;32.4413483
2290;32.4257126
2291;32.4168349
2292;32.4078825
2293;32.4065184
2294;32.4053897
2295;32.3822876
2296;32.3681655
2297;32.3616361
2298;32.3375621
2299;32.3347228
2300;32.3184368
2301;32.3178675
2302;32.2913818
2303;32.2870421
2304;32.2712101
2305;32.2665881
2306;32.2641355
2307;32.2630673
2308;32.2521367
2309;32.2454188
2310;32.2303992
2311;32.2235313
2312;32.2114874
2313;32.2022126
2314;32.2020019
2315;32.2017388
2316;32.1992195
2317;32.1833492
2318;32.1792657
2319;32.1765905
2320;32.1706285
2321;32.1543864
2322;32.1399696
2323;32.129665
2324;32.1212744
2325;32.118117
2326;32.1141572
2327;32.1130529
2328;32.1113922
2329;32.1108255
2330;32.1022486
2331;32.0946344
2332;32.0684797
2333;32.0632597
2334;32.0463654
2335;32.0206359
2336;32.016279
2337;32.01427
2338;32.0062571
2339;31.9983942
2340;31.9746088
2341;31.9668135
2342;31.9399025
2343;31.9312175
2344;31.9261259
2345;31.9176316
2346;31.9116068
2347;31.8973266
2348;31.8957093
2349;31.8884426
2350;31.8859116
2351;31.8808341
2352;31.8471104
2353;31.8409113
2354;31.8280922
2355;31.8253786
2356;31.8189916
2357;31.8156302
2358;31.8126362
2359;31.7947205
2360;31.7900598
2361;31.7683741
2362;31.7521372
2363;31.751651
2364;31.7486476
2365;31.7422499
2366;31.7284642
2367;31.7236791
2368;31.7199705
2369;31.6923255
2370;31.6880051
2371;31.6339235
2372;31.6288016
2373;31.613085
2374;31.6091047
2375;31.6083332
2376;31.6050881
2377;31.6030614
2378;31.6024349
2379;31.5868553
2380;31.5816842
2381;31.5780011
2382;31.5705984
2383;31.5529129
2384;31.5523942
2385;31.5481751
2386;31.5430095
2387;31.5400682
2388;31.5149617
2389;31.5065786
2390;31.5062888
2391;31.5006897
2392;31.4853356
2393;31.4808787
2394;31.4659734
2395;31.4659666
2396;31.4536375
2397;31.4484321
2398;31.4469938
2399;31.4394354
2400;31.4330225
2401;31.4240823
2402;31.4204966
2403;31.4095229
2404;31.4093267
2405;31.4073199
2406;31.3988824
2407;31.3731348
2408;31.3725163
2409;31.3671274
2410;31.3630216
2411;31.3483845
2412;31.3209141
2413;31.2977194
2414;31.2967854
2415;31.2788074
2416;31.2758588
2417;31.2637351
2418;31.2574791
2419;31.2510335
2420;31.2470012
2421;31.2380026
2422;31.1989382
2423;31.1857946
2424;31.1778761
2425;31.1717939
2426;31.1699628
2427;31.153857
2428;31.14929
2429;31.1465096
2430;31.1415627
2431;31.1184336
2432;31.1131039
2433;31.1051326
2434;31.0989266
2435;31.09158
2436;31.0712499
2437;31.0674227
2438;31.0519877
2439;31.0495163
2440;31.0456189
2441;30.9958691
2442;30.9950638
2443;30.9936748
2444;30.9911559
2445;30.9792691
2446;30.977885
2447;30.9598774
2448;30.9478516
2449;30.9448504
2450;30.9327932
2451;30.927952
2452;30.9098547
2453;30.884579
2454;30.8792867
2455;30.8706492
2456;30.8694884
2457;30.8653401
2458;30.8651888
2459;30.8612472
2460;30.8215528
2461;30.8175084
2462;30.815005
2463;30.8100639
2464;30.8056475
2465;30.8029744
2466;30.7975561
2467;30.7958786
2468;30.7873164
2469;30.7695888
2470;30.7619041
2471;30.741881
2472;30.7397899
2473;30.7395394
2474;30.7393277
2475;30.7384542
2476;30.7352541
2477;30.7307221
2478;30.7065775
2479;30.6929529
2480;30.6846452
2481;30.6834178
2482;30.6822617
2483;30.6662702
2484;30.6645
2485;30.6613659
2486;30.655345
2487;30.6414895
2488;30.62801
2489;30.610776
2490;30.6099504
2491;30.6042375
2492;30.5986508
2493;30.572253
2494;30.5541297
2495;30.5440578
2496;30.5407968
2497;30.5390032
2498;30.5383085
2499;30.5361658
2500;30.5265159
2501;30.5249148
2502;30.5065514
2503;30.5030516
2504;30.5028219
2505;30.4979828
2506;30.4975464
2507;30.4914869
2508;30.482183
2509;30.4704851
2510;30.4702206
2511;30.4614273
2512;30.4613858
2513;30.458177
2514;30.4519
2515;30.4409902
2516;30.3931992
2517;30.3927798
2518;30.3863118
2519;30.3852177
2520;30.3826122
2521;30.367738
2522;30.361373
2523;30.3511551
2524;30.3509455
2525;30.3254735
2526;30.3203162
2527;30.295473
2528;30.2933415
2529;30.2923598
2530;30.2922536
2531;30.2673117
2532;30.26609
2533;30.2622637
2534;30.2564403
2535;30.2506319
2536;30.2489469
2537;30.2469829
2538;30.244245
2539;30.2417388
2540;30.2327659
2541;30.2176474
2542;30.2052596
2543;30.1943305
2544;30.1847393
2545;30.1796616
2546;30.1557577
2547;30.1538845
2548;30.1537766
2549;30.152066
2550;30.145315
2551;30.1414703
2552;30.1386554
2553;30.1033246
2554;30.0994542
2555;30.0983238
2556;30.0941961
2557;30.090098
2558;30.0888869
2559;30.0859744
2560;30.0849789
2561;30.07777
2562;30.0776288
2563;30.0694821
2564;30.0572344
2565;30.0507433
2566;30.0434821
2567;30.0348435
2568;30.0310381
2569;30.0003518
2570;29.9642003
2571;29.9541621
2572;29.9486524
2573;29.945566
2574;29.9443042
2575;29.9426938
2576;29.9418043
2577;29.9370591
2578;29.9300279
2579;29.9197239
2580;29.9109013
2581;29.9028024
2582;29.8916478
2583;29.8912431
2584;29.8888663
2585;29.8865485
2586;29.8749224
2587;29.8581786
2588;29.8381047
2589;29.8372074
2590;29.8229093
2591;29.8102014
2592;29.8101262
2593;29.8101154
2594;29.8058712
2595;29.8058446
2596;29.8006642
2597;29.7982233
2598;29.7950781
2599;29.7943389
2600;29.7764327
2601;29.7749323
2602;29.7700625
2603;29.7694138
2604;29.7636357
2605;29.7610181
2606;29.7566906
2607;29.7564133
2608;29.745812
2609;29.7334782
2610;29.7273059
2611;29.706294
2612;29.7038964
2613;29.7007214
2614;29.7007081
2615;29.6938723
2616;29.686063
2617;29.6809534
2618;29.6556648
2619;29.6484444
2620;29.6343588
2621;29.630672
2622;29.6179731
2623;29.6096266
2624;29.5970845
2625;29.5524677
2626;29.5428027
2627;29.5243078
2628;29.5237356
2629;29.5199343
2630;29.5000969
2631;29.4875282
2632;29.4852287
2633;29.483614
2634;29.4783915
2635;29.4458754
2636;29.4387605
2637;29.4321817
2638;29.4146249
2639;29.4010773
2640;29.3877899
2641;29.3870375
2642;29.3655134
2643;29.339218
2644;29.3075874
2645;29.3049319
2646;29.2920273
2647;29.2858918
2648;29.2748168
2649;29.2645202
2650;29.2407189
2651;29.2379407
2652;29.2268401
2653;29.2215128
2654;29.2201402
2655;29.2177109
2656;29.2064149
2657;29.1894004
2658;29.1816904
2659;29.1775593
2660;29.1764856
2661;29.171602
2662;29.1580414
2663;29.1361712
2664;29.130163
2665;29.1242782
2666;29.1212831
2667;29.1142668
2668;29.1073917
2669;29.0938189
2670;29.082011
2671;29.0816041
2672;29.0692327
2673;29.0674429
2674;29.0431443
2675;29.0146215
2676;29.0117889
2677;29.0100642
2678;29.0090854
2679;28.9962069
2680;28.9924455
2681;28.9899988
2682;28.9681988
2683;28.967043
2684;28.9663581
2685;28.9620251
2686;28.9619677
2687;28.9490589
2688;28.9070513
2689;28.9061012
2690;28.9055256
2691;28.8985854
2692;28.8950949
2693;28.8805895
2694;28.8784104
2695;28.8747556
2696;28.8733019
2697;28.8648989
2698;28.864281
2699;28.8591367
2700;28.8465105
2701;28.8427788
2702;28.8276888
2703;28.8254985
2704;28.8250774
2705;28.823137
2706;28.816908
2707;28.8168733
2708;28.8158382
2709;28.8052905
2710;28.7947507
2711;28.7806163
2712;28.7686461
2713;28.747395
2714;28.7418743
2715;28.7418205
2716;28.7416223
2717;28.7390468
2718;28.7378322
2719;28.7333157
2720;28.721828
2721;28.7171386
2722;28.6964578
2723;28.6850904
2724;28.6683321
2725;28.6598179
2726;28.6500428
2727;28.646993
2728;28.6464256
2729;28.6425261
2730;28.6422177
2731;28.6398243
2732;28.6126433
2733;28.5887316
2734;28.5622174
2735;28.5602144
2736;28.5484455
2737;28.5155194
2738;28.5115831
2739;28.5041066
2740;28.503481
2741;28.4979966
2742;28.4918646
2743;28.4879649
2744;28.4841517
2745;28.4833761
2746;28.4717122
2747;28.4624422
2748;28.4579387
2749;28.4322637
2750;28.4291571
2751;28.4273995
2752;28.4065142
2753;28.4055621
2754;28.4029526
2755;28.3879106
2756;28.3832273
2757;28.3585935
2758;28.3542154
2759;28.3445454
2760;28.3432246
2761;28.3420079
2762;28.3265033
2763;28.3116709
2764;28.307798
2765;28.2994346
2766;28.2990061
2767;28.2818133
2768;28.2753589
2769;28.272444
2770;28.262711
2771;28.2582042
2772;28.2465103
2773;28.2244359
2774;28.220323
2775;28.217145
2776;28.2163001
2777;28.2122339
2778;28.2107346
2779;28.203352
2780;28.1999047
2781;28.1943214
2782;28.1933306
2783;28.1713895
2784;28.1465728
2785;28.1444597
2786;28.1380457
2787;28.1226124
2788;28.1186511
2789;28.1171616
2790;28.1079501
2791;28.0913237
2792;28.0905497
2793;28.0789993
2794;28.0756285
2795;28.0722386
2796;28.0719868
2797;28.0481909
2798;28.0445098
2799;28.0425652
2800;28.0192846
2801;28.0190157
2802;28.010516
2803;28.0048375
2804;27.9972076
2805;27.9971334
2806;27.9970501
2807;27.9698426
2808;27.9324972
2809;27.9244268
2810;27.9173763
2811;27.9087419
2812;27.9036568
2813;27.8900467
2814;27.8819921
2815;27.8746442
2816;27.8676293
2817;27.8544245
2818;27.8490263
2819;27.8410686
2820;27.8322707
2821;27.8297116
2822;27.8254985
2823;27.810804
2824;27.7895039
2825;27.7882585
2826;27.7803789
2827;27.7647642
2828;27.760695
2829;27.754467
2830;27.7455171
2831;27.7362203
2832;27.7242716
2833;27.7185503
2834;27.7144704
2835;27.7052422
2836;27.6937815
2837;27.6904064
2838;27.6734995
2839;27.6673655
2840;27.6459166
2841;27.6459104
2842;27.6448939
2843;27.6421302
2844;27.6355481
2845;27.6309341
2846;27.6282171
2847;27.6170906
2848;27.614937
2849;27.5993497
2850;27.5933783
2851;27.5828577
2852;27.5743034
2853;27.571286
2854;27.5544516
2855;27.5541244
2856;27.5513301
2857;27.5360848
2858;27.5359541
2859;27.5255786
2860;27.5232093
2861;27.4886829
2862;27.4731652
2863;27.4712111
2864;27.4618713
2865;27.4301705
2866;27.3949209
2867;27.3905032
2868;27.3891594
2869;27.3645812
2870;27.3643821
2871;27.3458607
2872;27.3382848
2873;27.3345559
2874;27.3196104
2875;27.3125256
2876;27.3063173
2877;27.3030357
2878;27.3026509
2879;27.3009617
2880;27.2984494
2881;27.2967668
2882;27.2961394
2883;27.2909569
2884;27.2899912
2885;27.2867514
2886;27.2855041
2887;27.2830536
2888;27.2794538
2889;27.271009
2890;27.2700792
2891;27.2678073
2892;27.2632814
2893;27.2547736
2894;27.2444698
2895;27.2442143
2896;27.2439429
2897;27.2243755
2898;27.2216753
2899;27.2215044
2900;27.2106921
2901;27.2076886
2902;27.2049724
2903;27.2016132
2904;27.2009386
2905;27.1965845
2906;27.1897462
2907;27.177597
2908;27.1708245
2909;27.1652494
2910;27.1592427
2911;27.1576253
2912;27.1533008
2913;27.1218367
2914;27.1066449
2915;27.101015
2916;27.0719432
2917;27.0583764
2918;27.0482501
2919;27.0358284
2920;27.023932
2921;27.0206443
2922;27.0142891
2923;27.0095489
2924;26.9998418
2925;26.9931758
2926;26.9797557
2927;26.9758376
2928;26.9638228
2929;26.9613682
2930;26.9515817
2931;26.9388677
2932;26.9366838
2933;26.9363595
2934;26.9329796
2935;26.9280988
2936;26.9268758
2937;26.9159058
2938;26.9022689
2939;26.9000241
2940;26.8977024
2941;26.8938863
2942;26.8731496
2943;26.8593911
2944;26.8479443
2945;26.834745
2946;26.8297012
2947;26.8201862
2948;26.8098442
2949;26.7994541
2950;26.7917605
2951;26.7913948
2952;26.7855826
2953;26.7832617
2954;26.7814244
2955;26.769919
2956;26.7623876
2957;26.7621944
2958;26.7521967
2959;26.7503422
2960;26.7334994
2961;26.7146944
2962;26.7092683
2963;26.6914879
2964;26.6818888
2965;26.6763292
2966;26.6461989
2967;26.6256396
2968;26.6117371
2969;26.6102319
2970;26.6072087
2971;26.6069621
2972;26.6066248
2973;26.5984276
2974;26.592285
2975;26.5677769
2976;26.5524994
2977;26.5255031
2978;26.520737
2979;26.5202457
2980;26.5130752
2981;26.5121207
2982;26.5033755
2983;26.4804554
2984;26.4652884
2985;26.4635912
2986;26.4464827
2987;26.442105
2988;26.4409449
2989;26.4237268
2990;26.3886635
2991;26.3867794
2992;26.3832161
2993;26.3781662
2994;26.3757532
2995;26.3750674
2996;26.3710479
2997;26.3668747
2998;26.3447857
2999;26.342112
3000;26.3366903
3001;26.3345207
3002;26.3187832
3003;26.3144872
3004;26.3089264
3005;26.2896402
3006;26.2784896
3007;26.2560733
3008;26.2473971
3009;26.2360672
3010;26.2340391
3011;26.2321306
3012;26.2315934
3013;26.2285427
3014;26.21749
3015;26.2111121
3016;26.2067068
3017;26.2013272
3018;26.1646125
3019;26.1563396
3020;26.1474202
3021;26.1416862
3022;26.1278423
3023;26.121826
3024;26.117901
3025;26.1079522
3026;26.0900403
3027;26.0880516
3028;26.0766811
3029;26.076019
3030;26.072056
3031;26.0705443
3032;26.0684114
3033;26.0674233
3034;26.0503146
3035;26.0248053
3036;26.0244305
3037;26.0181108
3038;25.9961467
3039;25.9699798
3040;25.9533117
3041;25.9457428
3042;25.9416626
3043;25.9092489
3044;25.9037502
3045;25.879
3046;25.8623094
3047;25.8507715
3048;25.8494177
3049;25.8486116
3050;25.8416595
3051;25.839359
3052;25.8102775
3053;25.8080187
3054;25.7904978
3055;25.7844158
3056;25.7805346
3057;25.7793895
3058;25.7676722
3059;25.7636806
3060;25.7562291
3061;25.7550269
3062;25.7530885
3063;25.7505972
3064;25.7494008
3065;25.7379536
3066;25.7361172
3067;25.7269312
3068;25.7135715
3069;25.7131375
3070;25.7130194
3071;25.7049917
3072;25.7044057
3073;25.6758434
3074;25.6722777
3075;25.6503432
3076;25.6502086
3077;25.6291683
3078;25.6091316
3079;25.6090642
3080;25.606418
3081;25.598549
3082;25.5940444
3083;25.5857298
3084;25.5855933
3085;25.5790556
3086;25.5744859
3087;25.566829
3088;25.5615269
3089;25.5571638
3090;25.5513401
3091;25.5470416
3092;25.5454069
3093;25.5432568
3094;25.5422334
3095;25.541791
3096;25.5399728
3097;25.5333447
3098;25.5272647
3099;25.5128709
3100;25.502579
3101;25.4801265
3102;25.4587929
3103;25.4578964
3104;25.4574964
3105;25.454769
3106;25.450479
3107;25.4495135
3108;25.4402477
3109;25.4330204
3110;25.4312861
3111;25.4295716
3112;25.4275916
3113;25.4049168
3114;25.3994659
3115;25.3916752
3116;25.3885681
3117;25.3878697
3118;25.3845869
3119;25.3811894
3120;25.3542758
3121;25.3477807
3122;25.337604
3123;25.3248465
3124;25.3227254
3125;25.2980632
3126;25.2979591
3127;25.287374
3128;25.2843899
3129;25.2832342
3130;25.2768004
3131;25.2668259
3132;25.257268
3133;25.2545452
3134;25.2541717
3135;25.2437457
3136;25.242196
3137;25.2351753
3138;25.2330405
3139;25.2042754
3140;25.1900115
3141;25.1789673
3142;25.1787497
3143;25.1539647
3144;25.1506369
3145;25.1482664
3146;25.1388835
3147;25.1365307
3148;25.108852
3149;25.0998844
3150;25.0870285
3151;25.0743321
3152;25.0677038
3153;25.0661466
3154;25.0544172
3155;25.0445253
3156;25.0121163
3157;25.0053257
3158;24.978736
3159;24.9725416
3160;24.9693217
3161;24.9689071
3162;24.9609663
3163;24.9574412
3164;24.9529181
3165;24.9511573
3166;24.9383318
3167;24.9350023
3168;24.9256372
3169;24.9247835
3170;24.9161462
3171;24.8953633
3172;24.8949342
3173;24.8701434
3174;24.8676084
3175;24.8451196
3176;24.8023428
3177;24.7965559
3178;24.7650338
3179;24.7581276
3180;24.7495486
3181;24.7476767
3182;24.744543
3183;24.7425979
3184;24.7334243
3185;24.7312462
3186;24.7172406
3187;24.7171953
3188;24.7017185
3189;24.688693
3190;24.6856195
3191;24.6794081
3192;24.6784487
3193;24.6735503
3194;24.6721748
3195;24.6479192
3196;24.6433418
3197;24.6414308
3198;24.6335916
3199;24.6251896
3200;24.6172838
3201;24.6130514
3202;24.601403
3203;24.5983766
3204;24.5835983
3205;24.5612235
3206;24.528795
3207;24.527272
3208;24.5229375
3209;24.5064681
3210;24.5063786
3211;24.5057631
3212;24.4996805
3213;24.4987025
3214;24.4911036
3215;24.4849497
3216;24.4773825
3217;24.4630966
3218;24.4612042
3219;24.4548965
3220;24.4507914
3221;24.4491358
3222;24.4441474
3223;24.4381193
3224;24.4286547
3225;24.3953801
3226;24.3870574
3227;24.3855194
3228;24.3801893
3229;24.3786786
3230;24.3780037
3231;24.3675499
3232;24.3653313
3233;24.3597427
3234;24.3591415
3235;24.3024928
3236;24.2843501
3237;24.2678458
3238;24.2593895
3239;24.2382484
3240;24.2232563
3241;24.2041278
3242;24.1877072
3243;24.1835015
3244;24.1707669
3245;24.1612747
3246;24.1545588
3247;24.1427663
3248;24.1346168
3249;24.1291555
3250;24.1194343
3251;24.1135666
3252;24.1101863
3253;24.1096896
3254;24.0955564
3255;24.0896903
3256;24.0864149
3257;24.0800629
3258;24.0750294
3259;24.0742725
3260;24.0713199
3261;24.0592581
3262;24.0541151
3263;24.0505747
3264;24.0175301
3265;24.0032422
3266;23.9909945
3267;23.9901949
3268;23.9762452
3269;23.9678601
3270;23.9550857
3271;23.9279347
3272;23.9275352
3273;23.9116608
3274;23.9036581
3275;23.9004957
3276;23.8931791
3277;23.8838256
3278;23.8813639
3279;23.8776516
3280;23.8442636
3281;23.8356022
3282;23.8238782
3283;23.7905726
3284;23.7868884
3285;23.7618458
3286;23.7588228
3287;23.7531323
3288;23.748932
3289;23.7335167
3290;23.7321628
3291;23.7288363
3292;23.7169821
3293;23.7141402
3294;23.7044446
3295;23.7030354
3296;23.6986592
3297;23.6946859
3298;23.6879462
3299;23.6849158
3300;23.6792384
3301;23.6647155
3302;23.6573437
3303;23.6551847
3304;23.6444754
3305;23.6365232
3306;23.6353448
3307;23.6241674
3308;23.6129271
3309;23.5956635
3310;23.590222
3311;23.5896642
3312;23.5893008
3313;23.5864208
3314;23.5792532
3315;23.5655339
3316;23.5594017
3317;23.5590713
3318;23.5504217
3319;23.5343549
3320;23.5272221
3321;23.5090874
3322;23.4981859
3323;23.4861169
3324;23.4820038
3325;23.481183
3326;23.4720711
3327;23.4665561
3328;23.4440313
3329;23.4434266
3330;23.4335799
3331;23.4239332
3332;23.4066392
3333;23.4005323
3334;23.3881347
3335;23.3817546
3336;23.3783608
3337;23.3673357
3338;23.3661656
3339;23.3651099
3340;23.3579319
3341;23.3571017
3342;23.3451893
3343;23.3449001
3344;23.3404359
3345;23.3383815
3346;23.3344875
3347;23.330891
3348;23.323115
3349;23.3138154
3350;23.3136781
3351;23.3124644
3352;23.3100587
3353;23.3031788
3354;23.2850693
3355;23.2843125
3356;23.2831512
3357;23.2784579
3358;23.2784477
3359;23.2759028
3360;23.2704268
3361;23.2616182
3362;23.259742
3363;23.2580728
3364;23.2564907
3365;23.2371057
3366;23.2257025
3367;23.2180996
3368;23.2132013
3369;23.2074473
3370;23.1956679
3371;23.1892268
3372;23.1844499
3373;23.1830756
3374;23.1777382
3375;23.1776052
3376;23.1722521
3377;23.1654117
3378;23.1632456
3379;23.158883
3380;23.1521587
3381;23.1519432
3382;23.1495369
3383;23.1483105
3384;23.1268508
3385;23.1096576
3386;23.0943983
3387;23.0842978
3388;23.0841451
3389;23.0839332
3390;23.0618597
3391;23.0519769
3392;23.0436338
3393;23.043327
3394;23.0430693
3395;23.0430249
3396;23.0353479
3397;23.0298035
3398;23.0197591
3399;23.01624
3400;23.0150922
3401;23.0107463
3402;22.9694783
3403;22.9659359
3404;22.9590512
3405;22.9507269
3406;22.9502841
3407;22.9500683
3408;22.9273683
3409;22.9185938
3410;22.915922
3411;22.9122481
3412;22.9095761
3413;22.9089763
3414;22.9043289
3415;22.900363
3416;22.8975778
3417;22.8907439
3418;22.8889111
3419;22.8733775
3420;22.8703171
3421;22.8670877
3422;22.8554129
3423;22.8416453
3424;22.8411274
3425;22.8339133
3426;22.8153451
3427;22.814554
3428;22.8083362
3429;22.8030609
3430;22.7943287
3431;22.7635454
3432;22.7613283
3433;22.7540614
3434;22.7510143
3435;22.7445489
3436;22.7279327
3437;22.7082645
3438;22.699247
3439;22.6940354
3440;22.6825704
3441;22.6643289
3442;22.6486129
3443;22.6459586
3444;22.6354041
3445;22.6353491
3446;22.6279552
3447;22.6152677
3448;22.6105227
3449;22.6015609
3450;22.5973587
3451;22.5966164
3452;22.5779225
3453;22.5754337
3454;22.5587821
3455;22.5560335
3456;22.5454906
3457;22.5366515
3458;22.5237443
3459;22.5054197
3460;22.5043875
3461;22.5009375
3462;22.4954595
3463;22.4943789
3464;22.4849196
3465;22.4788127
3466;22.4649563
3467;22.4621075
3468;22.4363919
3469;22.4333046
3470;22.4234353
3471;22.4170895
3472;22.4131702
3473;22.4100412
3474;22.4089272
3475;22.4048994
3476;22.4045091
3477;22.4015231
3478;22.3896958
3479;22.3826452
3480;22.3447222
3481;22.3418466
3482;22.331609
3483;22.3305482
3484;22.318463
3485;22.2855044
3486;22.2790822
3487;22.2784482
3488;22.2755037
3489;22.2638943
3490;22.2491693
3491;22.2457786
3492;22.2228205
3493;22.2207148
3494;22.2176282
3495;22.2146068
3496;22.2069978
3497;22.2048142
3498;22.2031251
3499;22.1930872
3500;22.1627847
3501;22.1554
3502;22.1404616
3503;22.1266032
3504;22.106473
3505;22.0969565
3506;22.094708
3507;22.0876114
3508;22.0832033
3509;22.0648407
3510;22.0615086
3511;22.0607217
3512;22.0507783
3513;22.0455872
3514;22.0447026
3515;22.0423048
3516;22.031877
3517;22.030773
3518;22.0238997
3519;22.0022303
3520;21.9850394
3521;21.982498
3522;21.9776693
3523;21.9758271
3524;21.9725257
3525;21.9649153
3526;21.963792
3527;21.9583825
3528;21.9498077
3529;21.9490234
3530;21.9462013
3531;21.9439151
3532;21.9404069
3533;21.9390549
3534;21.9295094
3535;21.9066593
3536;21.8961132
3537;21.8916768
3538;21.8689259
3539;21.8634652
3540;21.8563586
3541;21.8517045
3542;21.8501397
3543;21.8488147
3544;21.8478961
3545;21.8208732
3546;21.8179961
3547;21.7902345
3548;21.7881068
3549;21.7787114
3550;21.7686834
3551;21.7528378
3552;21.749738
3553;21.7395392
3554;21.7203306
3555;21.7182405
3556;21.6996927
3557;21.6884853
3558;21.6813441
3559;21.674793
3560;21.6726576
3561;21.6711138
3562;21.6658641
3563;21.6492789
3564;21.6304303
3565;21.6294296
3566;21.6282306
3567;21.6242617
3568;21.6192421
3569;21.5964495
3570;21.5961396
3571;21.5895464
3572;21.5857751
3573;21.5804832
3574;21.5751513
3575;21.5750249
3576;21.5678609
3577;21.5570524
3578;21.5511908
3579;21.5495967
3580;21.5213278
3581;21.5207861
3582;21.5054909
3583;21.4992198
3584;21.4980128
3585;21.4971657
3586;21.4896177
3587;21.4863679
3588;21.4700212
3589;21.4680338
3590;21.4597706
3591;21.4534268
3592;21.4510844
3593;21.4485875
3594;21.4337838
3595;21.4312856
3596;21.4304416
3597;21.4168038
3598;21.4157317
3599;21.4145056
3600;21.4123907
3601;21.3960429
3602;21.3904105
3603;21.3904083
3604;21.3877025
3605;21.376168
3606;21.3549589
3607;21.3357683
3608;21.3267095
3609;21.3216411
3610;21.3122162
3611;21.3007486
3612;21.2773963
3613;21.2629868
3614;21.2580293
3615;21.2474282
3616;21.2470126
3617;21.2359444
3618;21.2284434
3619;21.2154648
3620;21.2127016
3621;21.211958
3622;21.201465
3623;21.1367045
3624;21.1362395
3625;21.1151653
3626;21.1129597
3627;21.1105341
3628;21.1019568
3629;21.1016568
3630;21.0835239
3631;21.0790292
3632;21.0712166
3633;21.0688197
3634;21.0628942
3635;21.060914
3636;21.058907
3637;21.0538846
3638;21.0360046
3639;21.0317764
3640;21.0094189
3641;21.0055424
3642;20.9985834
3643;20.9958287
3644;20.9932598
3645;20.9798966
3646;20.9715196
3647;20.9685639
3648;20.9645358
3649;20.9605983
3650;20.942946
3651;20.9020809
3652;20.8862627
3653;20.879453
3654;20.8671344
3655;20.8621353
3656;20.8617359
3657;20.8596023
3658;20.8520289
3659;20.8319652
3660;20.8145991
3661;20.7950365
3662;20.7933839
3663;20.7774282
3664;20.7707772
3665;20.7517424
3666;20.7469335
3667;20.7460723
3668;20.7349265
3669;20.7339285
3670;20.7326287
3671;20.7228179
3672;20.720842
3673;20.6946084
3674;20.6916519
3675;20.6747533
3676;20.6617544
3677;20.6531832
3678;20.6458333
3679;20.6446417
3680;20.6440578
3681;20.6360082
3682;20.6331473
3683;20.6270974
3684;20.6230215
3685;20.622354
3686;20.5946849
3687;20.5903306
3688;20.5900603
3689;20.5699336
3690;20.5607118
3691;20.5547254
3692;20.5396043
3693;20.5336091
3694;20.5276915
3695;20.526903
3696;20.5084513
3697;20.501382
3698;20.4856206
3699;20.4817951
3700;20.4383218
3701;20.4149135
3702;20.3906973
3703;20.3870962
3704;20.3839256
3705;20.3815503
3706;20.3558862
3707;20.3556708
3708;20.3433609
3709;20.3392009
3710;20.3375727
3711;20.3333076
3712;20.2920768
3713;20.2590207
3714;20.2537512
3715;20.247846
3716;20.2380622
3717;20.2255388
3718;20.2210634
3719;20.1987855
3720;20.1983663
3721;20.1978727
3722;20.19178
3723;20.1872181
3724;20.1713484
3725;20.1544403
3726;20.1533788
3727;20.1513351
3728;20.1506387
3729;20.1463134
3730;20.1401144
3731;20.1316319
3732;20.1311326
3733;20.1236027
3734;20.1221606
3735;20.1188873
3736;20.1089631
3737;20.0907705
3738;20.0906665
3739;20.0724908
3740;20.0713564
3741;20.0654946
3742;20.036195
3743;20.0321656
3744;20.0302452
3745;20.0240012
3746;20.0199229
3747;20.0162823
3748;20.0063606
3749;20.0017205
3750;19.9939515
3751;19.9880168
3752;19.9868743
3753;19.9781854
3754;19.9639871
3755;19.9604546
3756;19.9593765
3757;19.9453365
3758;19.9434922
3759;19.9147532
3760;19.9146877
3761;19.9049959
3762;19.9031283
3763;19.9025437
3764;19.9004766
3765;19.8916387
3766;19.8893614
3767;19.8866077
3768;19.8846488
3769;19.8647565
3770;19.8528286
3771;19.8337629
3772;19.8267973
3773;19.8256925
3774;19.8055911
3775;19.7762824
3776;19.7750485
3777;19.7728552
3778;19.7691969
3779;19.7671913
3780;19.7406049
3781;19.7401084
3782;19.7298553
3783;19.6995006
3784;19.6986573
3785;19.6895511
3786;19.6846343
3787;19.6842326
3788;19.6799739
3789;19.6524508
3790;19.6522889
3791;19.6434815
3792;19.6369225
3793;19.6258406
3794;19.6199045
3795;19.6151328
3796;19.6052469
3797;19.6022679
3798;19.5834971
3799;19.581998
3800;19.5786402
3801;19.5782087
3802;19.5727944
3803;19.5559299
3804;19.5544778
3805;19.5499801
3806;19.5433979
3807;19.542515
3808;19.5375735
3809;19.5366962
3810;19.5347061
3811;19.5160895
3812;19.5123976
3813;19.505001
3814;19.4935435
3815;19.4607651
3816;19.4586145
3817;19.4559889
3818;19.4556371
3819;19.4445779
3820;19.4401195
3821;19.4363766
3822;19.4362548
3823;19.4315133
3824;19.4222169
3825;19.4191533
3826;19.3978515
3827;19.397221
3828;19.3965708
3829;19.3800113
3830;19.3716157
3831;19.3638354
3832;19.3561554
3833;19.3378696
3834;19.3348298
3835;19.3286218
3836;19.3097626
3837;19.307246
3838;19.3036985
3839;19.2978864
3840;19.2908357
3841;19.2903858
3842;19.2875711
3843;19.2650657
3844;19.2542527
3845;19.2190059
3846;19.2111778
3847;19.1925816
3848;19.1881302
3849;19.1876342
3850;19.1864873
3851;19.1582731
3852;19.1569827
3853;19.1532844
3854;19.1474769
3855;19.1399479
3856;19.1345974
3857;19.1335662
3858;19.1304078
3859;19.127651
3860;19.1237507
3861;19.120605
3862;19.1138928
3863;19.1038374
3864;19.0889532
3865;19.0809417
3866;19.0625084
3867;19.0615763
3868;19.0491498
3869;19.0229415
3870;19.0171275
3871;19.0087259
3872;19.0082767
3873;19.0080488
3874;18.9974275
3875;18.9946283
3876;18.9942064
3877;18.9933972
3878;18.9859619
3879;18.9702911
3880;18.9615867
3881;18.9548176
3882;18.9514023
3883;18.9464687
3884;18.9282159
3885;18.9262513
3886;18.9164275
3887;18.9085298
3888;18.9062362
3889;18.9061852
3890;18.9042171
3891;18.8941108
3892;18.8805501
3893;18.8787442
3894;18.8729543
3895;18.8656148
3896;18.8641016
3897;18.8445365
3898;18.8353367
3899;18.8276557
3900;18.8222997
3901;18.809641
3902;18.8082763
3903;18.8044925
3904;18.7906113
3905;18.7802588
3906;18.7735299
3907;18.7662643
3908;18.7519123
3909;18.750208
3910;18.7352822
3911;18.7303843
3912;18.7265736
3913;18.7216534
3914;18.7017306
3915;18.6945396
3916;18.6894523
3917;18.6602662
3918;18.6581777
3919;18.6418745
3920;18.6384018
3921;18.6162871
3922;18.6151373
3923;18.6100909
3924;18.593984
3925;18.590862
3926;18.5832761
3927;18.5815505
3928;18.5731577
3929;18.5624801
3930;18.5483444
3931;18.5399465
3932;18.5378182
3933;18.5182662
3934;18.4905303
3935;18.4884532
3936;18.4829035
3937;18.4733617
3938;18.450727
3939;18.434143
3940;18.4295899
3941;18.4135638
3942;18.4078204
3943;18.3894301
3944;18.3809707
3945;18.3746691
3946;18.336904
3947;18.3303214
3948;18.3256365
3949;18.3189538
3950;18.3097064
3951;18.2855504
3952;18.2800727
3953;18.2572889
3954;18.2521816
3955;18.2421383
3956;18.2188836
3957;18.2128003
3958;18.2031814
3959;18.1881904
3960;18.1861211
3961;18.1777373
3962;18.1731486
3963;18.140665
3964;18.1138455
3965;18.1137912
3966;18.1119378
3967;18.0929813
3968;18.0812249
3969;18.0806585
3970;18.0674353
3971;18.047661
3972;18.0454643
3973;18.04068
3974;18.0308456
3975;18.0239602
3976;18.0215107
3977;18.0109763
3978;18.0107294
3979;18.0101348
3980;18.0092983
3981;18.0079354
3982;17.9966916
3983;17.9893783
3984;17.9890139
3985;17.987843
3986;17.9822434
3987;17.9796015
3988;17.9710645
3989;17.9620476
3990;17.9545001
3991;17.9518589
3992;17.9450164
3993;17.9421453
3994;17.9392982
3995;17.9341936
3996;17.9336361
3997;17.9300613
3998;17.921387
3999;17.9078882
4000;17.9055611
4001;17.9051663
4002;17.8995457
4003;17.8813021
4004;17.8662527
4005;17.8625713
4006;17.8617309
4007;17.8568197
4008;17.829645
4009;17.8188912
4010;17.8123084
4011;17.8046688
4012;17.7710829
4013;17.7690427
4014;17.762689
4015;17.7519438
4016;17.747557
4017;17.7428277
4018;17.7425035
4019;17.7360222
4020;17.7189206
4021;17.713163
4022;17.7069587
4023;17.6845685
4024;17.6812038
4025;17.680203
4026;17.6751969
4027;17.6592461
4028;17.6574495
4029;17.6574336
4030;17.6553242
4031;17.6501353
4032;17.6442771
4033;17.6317076
4034;17.6211352
4035;17.6200476
4036;17.6129029
4037;17.6100044
4038;17.6086419
4039;17.6037406
4040;17.5927149
4041;17.5832287
4042;17.5822761
4043;17.5794718
4044;17.5636426
4045;17.5158677
4046;17.4950708
4047;17.4862754
4048;17.4754213
4049;17.4686495
4050;17.468528
4051;17.4638338
4052;17.458799
4053;17.4505944
4054;17.4481579
4055;17.433305
4056;17.4122241
4057;17.4095216
4058;17.3930381
4059;17.385198
4060;17.3773593
4061;17.3746512
4062;17.3735068
4063;17.3726156
4064;17.3710255
4065;17.3670117
4066;17.348479
4067;17.3333885
4068;17.3324941
4069;17.3100924
4070;17.3091637
4071;17.309104
4072;17.2982902
4073;17.2918718
4074;17.288478
4075;17.2840248
4076;17.2761804
4077;17.2711762
4078;17.2711629
4079;17.2709603
4080;17.2644075
4081;17.2588011
4082;17.2323121
4083;17.231612
4084;17.2147808
4085;17.2135376
4086;17.1840035
4087;17.1686979
4088;17.1582206
4089;17.1453473
4090;17.1272247
4091;17.1271421
4092;17.1131314
4093;17.0992571
4094;17.0961313
4095;17.0753138
4096;17.0729126
4097;17.0722004
4098;17.0696266
4099;17.0692533
4100;17.0667266
4101;17.0587595
4102;17.0515507
4103;17.0418347
4104;17.0410158
4105;17.0378648
4106;17.0220312
4107;17.0212449
4108;17.0071499
4109;17.0024158
4110;16.9976811
4111;16.9793939
4112;16.978865
4113;16.9709246
4114;16.9673193
4115;16.9636763
4116;16.9585721
4117;16.9579897
4118;16.9525419
4119;16.9405973
4120;16.9345463
4121;16.9229946
4122;16.9067957
4123;16.9057312
4124;16.9039765
4125;16.9009248
4126;16.8892298
4127;16.8822878
4128;16.8731012
4129;16.8724842
4130;16.8712775
4131;16.8685248
4132;16.8675424
4133;16.8635724
4134;16.8551579
4135;16.8484276
4136;16.837252
4137;16.8329487
4138;16.831718
4139;16.829706
4140;16.8211296
4141;16.8210941
4142;16.7851468
4143;16.7824791
4144;16.7742578
4145;16.7671487
4146;16.7643187
4147;16.7583316
4148;16.7530743
4149;16.7457947
4150;16.7321237
4151;16.7140369
4152;16.7109793
4153;16.6975129
4154;16.6953554
4155;16.6896207
4156;16.6775931
4157;16.6743623
4158;16.671815
4159;16.6711101
4160;16.6613443
4161;16.6513996
4162;16.6509779
4163;16.6477036
4164;16.6442974
4165;16.6366074
4166;16.6240443
4167;16.6170156
4168;16.6112407
4169;16.6040366
4170;16.6004021
4171;16.5987701
4172;16.586666
4173;16.5865485
4174;16.5816763
4175;16.565012
4176;16.5613965
4177;16.5558459
4178;16.532085
4179;16.5222621
4180;16.5195449
4181;16.5150071
4182;16.5146162
4183;16.5090084
4184;16.5074544
4185;16.4979604
4186;16.4933089
4187;16.4918682
4188;16.4726501
4189;16.467064
4190;16.4513151
4191;16.435191
4192;16.4345836
4193;16.4328324
4194;16.4080873
4195;16.364797
4196;16.3540875
4197;16.3476157
4198;16.329002
4199;16.3255753
4200;16.3238921
4201;16.3224082
4202;16.3164214
4203;16.2944417
4204;16.2877343
4205;16.2811882
4206;16.2740265
4207;16.2728072
4208;16.2598545
4209;16.2439184
4210;16.2395757
4211;16.2294898
4212;16.2290325
4213;16.2284037
4214;16.207177
4215;16.1988572
4216;16.1908676
4217;16.1837806
4218;16.1821574
4219;16.1818565
4220;16.1813221
4221;16.1739628
4222;16.1671619
4223;16.1632323
4224;16.1570792
4225;16.1351154
4226;16.1342419
4227;16.1210657
4228;16.1136695
4229;16.1103538
4230;16.1098574
4231;16.0992145
4232;16.0973019
4233;16.0864243
4234;16.0817164
4235;16.0744971
4236;16.0668548
4237;16.0654207
4238;16.0404989
4239;16.0300429
4240;16.0221528
4241;16.0159724
4242;16.0153108
4243;16.0137396
4244;16.0076161
4245;16.0016113
4246;15.985109
4247;15.9812649
4248;15.9556996
4249;15.9428771
4250;15.9403541
4251;15.9363933
4252;15.9280277
4253;15.9154038
4254;15.9153916
4255;15.9033979
4256;15.8967258
4257;15.8910594
4258;15.8707541
4259;15.8704762
4260;15.8572797
4261;15.8525215
4262;15.8448068
4263;15.8101507
4264;15.80723
4265;15.804463
4266;15.8003973
4267;15.7917844
4268;15.7776806
4269;15.7757896
4270;15.7633882
4271;15.7630205
4272;15.7565818
4273;15.7557639
4274;15.755061
4275;15.7273969
4276;15.7269554
4277;15.7062973
4278;15.6938733
4279;15.6869282
4280;15.6726688
4281;15.6639081
4282;15.6587564
4283;15.646359
4284;15.6287009
4285;15.6235674
4286;15.6029466
4287;15.6015587
4288;15.5703331
4289;15.5626358
4290;15.5451668
4291;15.5405048
4292;15.5395771
4293;15.5304378
4294;15.5234375
4295;15.5230674
4296;15.5222968
4297;15.5076296
4298;15.5051801
4299;15.5049521
4300;15.5026347
4301;15.4955168
4302;15.4746969
4303;15.4727347
4304;15.4703041
4305;15.463996
4306;15.4544968
4307;15.4417755
4308;15.4233471
4309;15.422754
4310;15.3990379
4311;15.3936677
4312;15.3627019
4313;15.3418112
4314;15.338496
4315;15.3326144
4316;15.3221341
4317;15.3115873
4318;15.3087053
4319;15.3081535
4320;15.3033837
4321;15.3019486
4322;15.2892393
4323;15.288352
4324;15.2737819
4325;15.2655484
4326;15.2631989
4327;15.2620856
4328;15.259457
4329;15.2556498
4330;15.2459591
4331;15.2449471
4332;15.2330282
4333;15.2315457
4334;15.227732
4335;15.2169788
4336;15.207057
4337;15.2069723
4338;15.2027527
4339;15.1820254
4340;15.1527658
4341;15.1374662
4342;15.1366828
4343;15.1289058
4344;15.124296
4345;15.1207772
4346;15.115549
4347;15.1088104
4348;15.0970116
4349;15.0776255
4350;15.0679497
4351;15.0439975
4352;15.0362077
4353;15.0259002
4354;15.0200217
4355;15.0134729
4356;14.9938845
4357;14.9801913
4358;14.9757071
4359;14.9645632
4360;14.9437838
4361;14.9425084
4362;14.9214734
4363;14.9199754
4364;14.9138441
4365;14.9080769
4366;14.9080526
4367;14.8966899
4368;14.8866437
4369;14.8851068
4370;14.8845018
4371;14.8804215
4372;14.8559834
4373;14.8524954
4374;14.8424269
4375;14.8393653
4376;14.8343668
4377;14.8239641
4378;14.8026436
4379;14.7973881
4380;14.7904626
4381;14.7801904
4382;14.7723737
4383;14.7704501
4384;14.7375519
4385;14.7349011
4386;14.7108691
4387;14.704505
4388;14.6972992
4389;14.6943169
4390;14.6872622
4391;14.6786479
4392;14.6745043
4393;14.6648103
4394;14.6587848
4395;14.6569736
4396;14.6374442
4397;14.6206495
4398;14.601769
4399;14.5932477
4400;14.5826232
4401;14.5778873
4402;14.5748649
4403;14.5580842
4404;14.5456212
4405;14.5264738
4406;14.5255889
4407;14.5230603
4408;14.5080447
4409;14.5062382
4410;14.5060311
4411;14.5018589
4412;14.49657
4413;14.4962454
4414;14.4931853
4415;14.4642825
4416;14.4525724
4417;14.4513132
4418;14.4368133
4419;14.4304136
4420;14.4253735
4421;14.4247838
4422;14.4062017
4423;14.3998923
4424;14.3961297
4425;14.3825188
4426;14.3648657
4427;14.3636109
4428;14.3456461
4429;14.333029
4430;14.3196199
4431;14.3130934
4432;14.3080846
4433;14.2999909
4434;14.2948857
4435;14.2924367
4436;14.2632825
4437;14.2418481
4438;14.2405682
4439;14.2331452
4440;14.2296367
4441;14.2270721
4442;14.2032279
4443;14.2005135
4444;14.1955061
4445;14.1858621
4446;14.1835957
4447;14.1785741
4448;14.1697634
4449;14.1676229
4450;14.137319
4451;14.116381
4452;14.1130204
4453;14.1118243
4454;14.0945961
4455;14.0759401
4456;14.0662136
4457;14.029771
4458;14.0291302
4459;14.0188438
4460;14.0052585
4461;13.9980995
4462;13.98865
4463;13.9850531
4464;13.9815446
4465;13.9710673
4466;13.9657519
4467;13.9548749
4468;13.9285387
4469;13.9233418
4470;13.9063856
4471;13.8846411
4472;13.8718464
4473;13.8632796
4474;13.8523396
4475;13.8439428
4476;13.8325519
4477;13.8007374
4478;13.7905424
4479;13.7812754
4480;13.7771096
4481;13.7681613
4482;13.7557636
4483;13.7549238
4484;13.7544684
4485;13.7531191
4486;13.7529704
4487;13.7498298
4488;13.74631
4489;13.7112257
4490;13.7067063
4491;13.6547104
4492;13.6510999
4493;13.6407021
4494;13.6370016
4495;13.6366175
4496;13.630421
4497;13.627908
4498;13.623779
4499;13.6126476
4500;13.6108419
4501;13.6082031
4502;13.6056429
4503;13.6005353
4504;13.5981751
4505;13.5710502
4506;13.5693333
4507;13.5620516
4508;13.5530167
4509;13.5329774
4510;13.5294669
4511;13.5217939
4512;13.5062732
4513;13.4750204
4514;13.4593095
4515;13.4307559
4516;13.3991672
4517;13.3882821
4518;13.3567325
4519;13.346986
4520;13.3464321
4521;13.3374081
4522;13.3348377
4523;13.3211462
4524;13.3035658
4525;13.2896374
4526;13.2751796
4527;13.2634453
4528;13.2613535
4529;13.2611562
4530;13.254276
4531;13.250635
4532;13.2438645
4533;13.2423473
4534;13.2252601
4535;13.2241468
4536;13.2212127
4537;13.2186073
4538;13.2021413
4539;13.1939488
4540;13.1925435
4541;13.1880154
4542;13.183235
4543;13.1775044
4544;13.1766132
4545;13.1735774
4546;13.1717506
4547;13.1701923
4548;13.1613518
4549;13.1573931
4550;13.1480743
4551;13.1435449
4552;13.1283412
4553;13.126195
4554;13.1083528
4555;13.0940394
4556;13.0729442
4557;13.0652357
4558;13.0552155
4559;13.0407816
4560;13.0298484
4561;13.0275211
4562;13.0219795
4563;13.015556
4564;13.0099838
4565;13.0083482
4566;13.0032482
4567;12.9991272
4568;12.9961059
4569;12.991139
4570;12.9896189
4571;12.9833407
4572;12.9767603
4573;12.9691164
4574;12.9530389
4575;12.9522973
4576;12.9467221
4577;12.9382778
4578;12.9301219
4579;12.9096051
4580;12.8841126
4581;12.8716778
4582;12.8653982
4583;12.8496243
4584;12.8460841
4585;12.8407691
4586;12.8361901
4587;12.8165156
4588;12.8115734
4589;12.7985716
4590;12.7974963
4591;12.7937287
4592;12.769336
4593;12.7679677
4594;12.7597022
4595;12.7564784
4596;12.7513025
4597;12.7510369
4598;12.7351789
4599;12.73067
4600;12.7281438
4601;12.7220472
4602;12.7057257
4603;12.6912767
4604;12.6654501
4605;12.6586413
4606;12.6478055
4607;12.644185
4608;12.6419752
4609;12.6121853
4610;12.6117306
4611;12.6003315
4612;12.5975018
4613;12.5760403
4614;12.5751008
4615;12.574467
4616;12.5740608
4617;12.5635958
4618;12.5392445
4619;12.5338057
4620;12.5239115
4621;12.5170066
4622;12.5129222
4623;12.508553
4624;12.490513
4625;12.4864231
4626;12.4835685
4627;12.4687656
4628;12.4672713
4629;12.4455008
4630;12.4369849
4631;12.4341029
4632;12.4284588
4633;12.4198363
4634;12.4167213
4635;12.4134709
4636;12.4053887
4637;12.3776068
4638;12.3360996
4639;12.3335249
4640;12.3312199
4641;12.3077708
4642;12.3021512
4643;12.2855801
4644;12.2838561
4645;12.2766757
4646;12.2600949
4647;12.2505471
4648;12.2426879
4649;12.2102435
4650;12.2062726
4651;12.1846915
4652;12.1801017
4653;12.1771729
4654;12.1588865
4655;12.1309328
4656;12.1128167
4657;12.0856091
4658;12.0414195
4659;12.0272699
4660;12.0248506
4661;12.0126418
4662;12.008242
4663;11.988367
4664;11.9874018
4665;11.9545276
4666;11.9457631
4667;11.9315551
4668;11.925627
4669;11.9196015
4670;11.8889307
4671;11.8602584
4672;11.8497897
4673;11.8386965
4674;11.8306949
4675;11.802532
4676;11.8014459
4677;11.79778
4678;11.7903517
4679;11.7899399
4680;11.7889718
4681;11.7785492
4682;11.7719757
4683;11.7692327
4684;11.7689468
4685;11.7676734
4686;11.7645213
4687;11.7212923
4688;11.7151561
4689;11.7104866
4690;11.6891711
4691;11.6778478
4692;11.6692976
4693;11.6593529
4694;11.6497018
4695;11.6344905
4696;11.6341356
4697;11.6277696
4698;11.6118941
4699;11.591578
4700;11.5534705
4701;11.5461179
4702;11.5371416
4703;11.5356884
4704;11.5321993
4705;11.5119055
4706;11.507798
4707;11.5012729
4708;11.5000199
4709;11.4961654
4710;11.4915285
4711;11.4804955
4712;11.4768431
4713;11.4679409
4714;11.463648
4715;11.4590447
4716;11.4575274
4717;11.4494737
4718;11.4274848
4719;11.4197601
4720;11.4050907
4721;11.3985915
4722;11.3913046
4723;11.3875515
4724;11.3369374
4725;11.3328036
4726;11.3150574
4727;11.3141375
4728;11.3063363
4729;11.3051707
4730;11.2789431
4731;11.2781085
4732;11.2721159
4733;11.2334562
4734;11.2205148
4735;11.2193232
4736;11.2102999
4737;11.1947702
4738;11.1834202
4739;11.1729791
4740;11.1705921
4741;11.1574091
4742;11.1554337
4743;11.1338013
4744;11.1331865
4745;11.1134167
4746;11.1086106
4747;11.1015621
4748;11.0970801
4749;11.0959124
4750;11.0944438
4751;11.0907873
4752;11.0833111
4753;11.0806906
4754;11.0782603
4755;11.0634458
4756;11.0615497
4757;11.051854
4758;11.0378224
4759;11.0344086
4760;11.0301929
4761;11.0180284
4762;11.0173249
4763;11.0088554
4764;10.9828736
4765;10.9742324
4766;10.9596234
4767;10.9586599
4768;10.9555339
4769;10.9314498
4770;10.9247685
4771;10.9224878
4772;10.9047302
4773;10.8996137
4774;10.8844614
4775;10.8839388
4776;10.8828698
4777;10.8790617
4778;10.8742306
4779;10.8645791
4780;10.858819
4781;10.8246349
4782;10.800275
4783;10.7990601
4784;10.7968796
4785;10.7893687
4786;10.788118
4787;10.7875106
4788;10.7812839
4789;10.7594069
4790;10.723995
4791;10.690841
4792;10.6879183
4793;10.6806294
4794;10.6512198
4795;10.6477598
4796;10.6424714
4797;10.6397881
4798;10.6252887
4799;10.6047349
4800;10.5972648
4801;10.5793591
4802;10.5382289
4803;10.5298132
4804;10.5192551
4805;10.517242
4806;10.5116647
4807;10.5027068
4808;10.4855003
4809;10.4836506
4810;10.4734982
4811;10.4700014
4812;10.4342729
4813;10.4298662
4814;10.4297273
4815;10.418985
4816;10.4010233
4817;10.3989632
4818;10.3984901
4819;10.3942158
4820;10.3909913
4821;10.386104
4822;10.3857557
4823;10.3791816
4824;10.3728265
4825;10.3675306
4826;10.3407652
4827;10.3405774
4828;10.3398832
4829;10.3063071
4830;10.3030716
4831;10.2961537
4832;10.2911817
4833;10.2716144
4834;10.2518461
4835;10.232931
4836;10.1939802
4837;10.1928595
4838;10.1820118
4839;10.1657367
4840;10.1454459
4841;10.1353981
4842;10.1310595
4843;10.0992287
4844;10.0901579
4845;10.0868533
4846;10.0753226
4847;10.0656305
4848;10.0611097
4849;10.0548134
4850;10.0458504
4851;10.03984
4852;10.0310565
4853;10.0299901
4854;10.0278244
4855;10.0123873
4856;9.98960092
4857;9.97495506
4858;9.97384658
4859;9.97267421
4860;9.97259584
4861;9.97080223
4862;9.94832873
4863;9.94011474
4864;9.93738766
4865;9.93178612
4866;9.91119504
4867;9.909639
4868;9.90126112
4869;9.8960919
4870;9.87407424
4871;9.85096747
4872;9.84096234
4873;9.83858974
4874;9.83758114
4875;9.82255466
4876;9.81950644
4877;9.7969748
4878;9.79302649
4879;9.78984811
4880;9.78098377
4881;9.77808663
4882;9.77271624
4883;9.76850909
4884;9.75785163
4885;9.72225592
4886;9.71484381
4887;9.70099968
4888;9.69504529
4889;9.68012361
4890;9.67999899
4891;9.67460642
4892;9.64916232
4893;9.64653884
4894;9.63443866
4895;9.63341686
4896;9.60775486
4897;9.60514607
4898;9.60132453
4899;9.58999675
4900;9.58856851
4901;9.58694681
4902;9.57889072
4903;9.57366821
4904;9.57072048
4905;9.55490332
4906;9.55034793
4907;9.53593237
4908;9.53579585
4909;9.52371017
4910;9.51343217
4911;9.5123855
4912;9.49851306
4913;9.49822203
4914;9.48838902
4915;9.47696426
4916;9.46376287
4917;9.4593945
4918;9.4529457
4919;9.45002521
4920;9.4296913
4921;9.3900175
4922;9.37806445
4923;9.37481235
4924;9.35918291
4925;9.35747361
4926;9.33634292
4927;9.33304063
4928;9.32140095
4929;9.30027223
4930;9.26073168
4931;9.26034898
4932;9.25234731
4933;9.25163017
4934;9.25069323
4935;9.24051611
4936;9.22996918
4937;9.19995853
4938;9.19724421
4939;9.19293242
4940;9.18609456
4941;9.18229446
4942;9.1629625
4943;9.15728983
4944;9.15537923
4945;9.15239045
4946;9.12752498
4947;9.11703733
4948;9.10606438
4949;9.10284313
4950;9.10078434
4951;9.09789542
4952;9.09607835
4953;9.0880717
4954;9.08683967
4955;9.08486747
4956;9.04520835
4957;9.0182522
4958;9.01509464
4959;8.96986207
4960;8.96816813
4961;8.9671825
4962;8.9536048
4963;8.9471811
4964;8.94233254
4965;8.93456926
4966;8.89876258
4967;8.89811691
4968;8.89236799
4969;8.88904261
4970;8.88647761
4971;8.86544173
4972;8.85995743
4973;8.85825532
4974;8.82129375
4975;8.80356323
4976;8.79823568
4977;8.78556804
4978;8.77802336
4979;8.75728747
4980;8.71574815
4981;8.70360226
4982;8.69705169
4983;8.68676945
4984;8.68008149
4985;8.67052094
4986;8.66295558
4987;8.61089073
4988;8.60555185
4989;8.59782648
4990;8.59708239
4991;8.56418478
4992;8.55978559
4993;8.5550778
4994;8.54093259
4995;8.54092594
4996;8.5400198
4997;8.53495892
4998;8.52690951
4999;8.51352472
5000;8.4961411
5001;8.49496484
5002;8.49303213
5003;8.49293465
5004;8.47638958
5005;8.41517654
5006;8.40999272
5007;8.38669301
5008;8.33326375
5009;8.33166787
5010;8.29979522
5011;8.29701042
5012;8.2969188
5013;8.28927362
5014;8.28501075
5015;8.28220379
5016;8.2795599
5017;8.27771648
5018;8.26617813
5019;8.26465937
5020;8.25954712
5021;8.23907234
5022;8.2376815
5023;8.23737015
5024;8.21042976
5025;8.19399365
5026;8.18927413
5027;8.18129737
5028;8.12274653
5029;8.11515458
5030;8.11241126
5031;8.11223179
5032;8.10445018
5033;8.09945951
5034;8.09375587
5035;8.06505302
5036;8.04456959
5037;8.04393975
5038;8.01524839
5039;7.98640983
5040;7.97953032
5041;7.97716255
5042;7.96563544
5043;7.96193021
5044;7.96087292
5045;7.95228213
5046;7.92517407
5047;7.92028805
5048;7.91974258
5049;7.91792354
5050;7.91493416
5051;7.88980508
5052;7.87161952
5053;7.87147343
5054;7.86795618
5055;7.84910797
5056;7.8208572
5057;7.81896527
5058;7.7702152
5059;7.76880472
5060;7.76409085
5061;7.75897193
5062;7.75384204
5063;7.75157596
5064;7.74989398
5065;7.74749159
5066;7.73746555
5067;7.73619534
5068;7.73482724
5069;7.68073984
5070;7.67240494
5071;7.67041579
5072;7.66718445
5073;7.65955616
5074;7.65892096
5075;7.63106336
5076;7.62401343
5077;7.61239825
5078;7.60676146
5079;7.60644743
5080;7.6047121
5081;7.60267471
5082;7.56828262
5083;7.56359815
5084;7.55185561
5085;7.55182198
5086;7.54093117
5087;7.53705719
5088;7.50571824
5089;7.46197743
5090;7.45515328
5091;7.44394987
5092;7.43285241
5093;7.42369449
5094;7.40314979
5095;7.38045833
5096;7.37906047
5097;7.37876084
5098;7.36850365
5099;7.35769523
5100;7.34958083
5101;7.33524177
5102;7.33423139
5103;7.31350931
5104;7.27810964
5105;7.25169435
5106;7.23312226
5107;7.21286665
5108;7.21183703
5109;7.19585235
5110;7.19160731
5111;7.1912211
5112;7.16204881
5113;7.15573293
5114;7.15223435
5115;7.14878436
5116;7.14691127
5117;7.1229699
5118;7.1148978
5119;7.09769628
5120;7.07603076
5121;7.07405489
5122;7.07231493
5123;7.06269664
5124;7.05548744
5125;7.04725588
5126;7.04328382
5127;7.03824834
5128;7.03583261
5129;7.01465255
5130;7.01359562
5131;7.01272131
5132;6.99812095
5133;6.98375914
5134;6.97160599
5135;6.94831857
5136;6.94649832
5137;6.91383237
5138;6.9121948
5139;6.90631666
5140;6.8973658
5141;6.87136322
5142;6.86418578
5143;6.85894593
5144;6.85010507
5145;6.83563723
5146;6.80812483
5147;6.79616818
5148;6.77244477
5149;6.76610069
5150;6.75889161
5151;6.75060347
5152;6.74344226
5153;6.7356411
5154;6.72237902
5155;6.69060038
5156;6.68471078
5157;6.67651124
5158;6.65326504
5159;6.63875022
5160;6.63415986
5161;6.63301599
5162;6.62903842
5163;6.62329766
5164;6.61950873
5165;6.61233635
5166;6.6115563
5167;6.60002437
5168;6.58545353
5169;6.58452228
5170;6.54263078
5171;6.54167885
5172;6.52335134
5173;6.51507818
5174;6.51430612
5175;6.50936215
5176;6.50892936
5177;6.50550236
5178;6.49333937
5179;6.48374502
5180;6.47108974
5181;6.43751282
5182;6.43356057
5183;6.40861918
5184;6.38889157
5185;6.36607244
5186;6.35699248
5187;6.31426019
5188;6.31012304
5189;6.3063596
5190;6.28551688
5191;6.27603821
5192;6.27224333
5193;6.20993871
5194;6.19662237
5195;6.18237168
5196;6.16524984
5197;6.155816
5198;6.14772903
5199;6.12236598
5200;6.12225482
5201;6.11909028
5202;6.11784741
5203;6.10554076
5204;6.1004187
5205;6.07930381
5206;6.07466844
5207;6.07233299
5208;6.06565563
5209;6.05299124
5210;6.02865674
5211;6.02394981
5212;6.01651228
5213;6.00639227
5214;6.00170627
5215;5.97985225
5216;5.97536688
5217;5.92707761
5218;5.92336003
5219;5.91366205
5220;5.90942274
5221;5.90522286
5222;5.88691449
5223;5.87116523
5224;5.85391656
5225;5.85272732
5226;5.84745087
5227;5.83857129
5228;5.83362757
5229;5.82355083
5230;5.81584178
5231;5.80534517
5232;5.79340597
5233;5.7787043
5234;5.77528464
5235;5.76993569
5236;5.76225655
5237;5.74765533
5238;5.74279694
5239;5.73835962
5240;5.73001515
5241;5.71618031
5242;5.70035673
5243;5.67784478
5244;5.67006544
5245;5.63906628
5246;5.63200035
5247;5.62463331
5248;5.61985703
5249;5.60069244
5250;5.59449178
5251;5.58949264
5252;5.58921829
5253;5.58128725
5254;5.570678
5255;5.56928628
5256;5.56400316
5257;5.55363985
5258;5.54269975
5259;5.53084639
5260;5.5292577
5261;5.5188046
5262;5.51667283
5263;5.49983525
5264;5.44653223
5265;5.44375833
5266;5.44008101
5267;5.43480138
5268;5.43210641
5269;5.43133052
5270;5.42164364
5271;5.39748964
5272;5.38495441
5273;5.38011082
5274;5.37958073
5275;5.3245753
5276;5.3131662
5277;5.30020866
5278;5.28655725
5279;5.28190569
5280;5.26842924
5281;5.26418977
5282;5.26222648
5283;5.26192174
5284;5.23404085
5285;5.22631407
5286;5.20979107
5287;5.20496192
5288;5.20341081
5289;5.20235861
5290;5.19367223
5291;5.18407492
5292;5.14262177
5293;5.13602378
5294;5.10133872
5295;5.10124119
5296;5.09078565
5297;5.08990659
5298;5.08004331
5299;5.06838023
5300;5.00013154
5301;4.99696126
5302;4.98807981
5303;4.98609794
5304;4.97677347
5305;4.97604772
5306;4.96344041
5307;4.96309866
5308;4.95715369
5309;4.94775938
5310;4.94490859
5311;4.93634556
5312;4.93589985
5313;4.93377538
5314;4.92116027
5315;4.92095421
5316;4.91940147
5317;4.90496115
5318;4.88840107
5319;4.88719964
5320;4.88699138
5321;4.87757132
5322;4.86308599
5323;4.8542307
5324;4.85325159
5325;4.84665882
5326;4.84199987
5327;4.810446
5328;4.80919335
5329;4.80795007
5330;4.80052215
5331;4.79625018
5332;4.79282301
5333;4.78331318
5334;4.78098387
5335;4.77691296
5336;4.77210168
5337;4.76312873
5338;4.75810425
5339;4.7310225
5340;4.7287602
5341;4.72740459
5342;4.72312006
5343;4.72211613
5344;4.7012152
5345;4.69670858
5346;4.69446704
5347;4.687424
5348;4.6865324
5349;4.67420317
5350;4.6611303
5351;4.62819619
5352;4.6145745
5353;4.60224689
5354;4.59606815
5355;4.59292149
5356;4.58321616
5357;4.57880081
5358;4.57799484
5359;4.57608312
5360;4.57413014
5361;4.55833939
5362;4.53616005
5363;4.51347392
5364;4.48728083
5365;4.4814611
5366;4.47932705
5367;4.47010207
5368;4.46788255
5369;4.4660326
5370;4.44710899
5371;4.41238393
5372;4.40272044
5373;4.40258262
5374;4.39499801
5375;4.3624631
5376;4.31339698
5377;4.31180096
5378;4.30287749
5379;4.30040847
5380;4.29298661
5381;4.27825713
5382;4.27370319
5383;4.26274
5384;4.26216044
5385;4.2575769
5386;4.22892919
5387;4.22359594
5388;4.1985996
5389;4.18551952
5390;4.14798387
5391;4.14581755
5392;4.13522279
5393;4.13338373
5394;4.1212976
5395;4.10880449
5396;4.0491654
5397;4.04606977
5398;3.99931111
5399;3.98047035
5400;3.9803368
5401;3.95576117
5402;3.95324754
5403;3.9472356
5404;3.93883494
5405;3.9375903
5406;3.92332885
5407;3.90534244
5408;3.89258557
5409;3.89054882
5410;3.88990382
5411;3.87830204
5412;3.85541687
5413;3.85174643
5414;3.8072635
5415;3.79596731
5416;3.78910085
5417;3.78823837
5418;3.78265264
5419;3.7564409
5420;3.75531166
5421;3.74822579
5422;3.74577691
5423;3.7450579
5424;3.72728882
5425;3.69720305
5426;3.69195067
5427;3.68541885
5428;3.62300126
5429;3.58644141
5430;3.58414474
5431;3.58001947
5432;3.57445525
5433;3.53562491
5434;3.53185447
5435;3.52755529
5436;3.52472277
5437;3.48012646
5438;3.46301724
5439;3.45724988
5440;3.45724988
5441;3.45724988
5442;3.44256011
5443;3.44000368
5444;3.42982876
5445;3.42803423
5446;3.42486986
5447;3.41508677
5448;3.40715281
5449;3.38447077
5450;3.38445383
5451;3.38036533
5452;3.37879441
5453;3.36239806
5454;3.35818355
5455;3.35808401
5456;3.35680735
5457;3.35305421
5458;3.3402084
5459;3.3402084
5460;3.3402084
5461;3.3402084
5462;3.32979584
5463;3.31911097
5464;3.26619746
5465;3.26189606
5466;3.2581976
5467;3.2576639
5468;3.22491202
5469;3.20749802
5470;3.20514523
5471;3.18498595
5472;3.16657346
5473;3.15966919
5474;3.14052374
5475;3.12863175
5476;3.12863175
5477;3.12863175
5478;3.11010948
5479;3.10211178
5480;3.06110841
5481;3.06110841
5482;3.06110841
5483;3.06110841
5484;3.05463216
5485;3.03083738
5486;3.00914532
5487;2.98289575
5488;2.98192692
5489;2.96507507
5490;2.95306982
5491;2.95306982
5492;2.95306982
5493;2.95306982
5494;2.95306982
5495;2.94583826
5496;2.93697951
5497;2.91578147
5498;2.90958872
5499;2.90944372
5500;2.89691452
5501;2.89171474
5502;2.87702438
5503;2.87013599
5504;2.86710107
5505;2.8527699
5506;2.85084486
5507;2.84951243
5508;2.84402552
5509;2.83553538
5510;2.83003961
5511;2.82752471
5512;2.82734915
5513;2.82091457
5514;2.78256534
5515;2.76174941
5516;2.76174941
5517;2.76174941
5518;2.76174941
5519;2.74021948
5520;2.73753041
5521;2.73044071
5522;2.7271396
5523;2.72667962
5524;2.72348683
5525;2.72348683
5526;2.72348683
5527;2.71473488
5528;2.70555742
5529;2.69681713
5530;2.68273606
5531;2.65465427
5532;2.64920889
5533;2.64920889
5534;2.64920889
5535;2.64778954
5536;2.64731057
5537;2.63380507
5538;2.63380507
5539;2.63380507
5540;2.62858461
5541;2.6192391
5542;2.61405315
5543;2.6054601
5544;2.59191128
5545;2.58645689
5546;2.57718194
5547;2.57718194
5548;2.57718194
5549;2.56135066
5550;2.51540331
5551;2.51415788
5552;2.51415788
5553;2.51415788
5554;2.51415788
5555;2.5120152
5556;2.51010642
5557;2.51010642
5558;2.51010642
5559;2.50695261
5560;2.48589341
5561;2.47979825
5562;2.47709939
5563;2.47530513
5564;2.47253967
5565;2.46689295
5566;2.46689295
5567;2.4533886
5568;2.4533886
5569;2.4533886
5570;2.45113702
5571;2.45113702
5572;2.45113702
5573;2.44955911
5574;2.44767372
5575;2.44280467
5576;2.44213525
5577;2.44213525
5578;2.44213525
5579;2.44213525
5580;2.41843698
5581;2.41419929
5582;2.40701516
5583;2.40381225
5584;2.39486654
5585;2.39486654
5586;2.38601314
5587;2.38441266
5588;2.38136268
5589;2.38136268
5590;2.38136268
5591;2.38136268
5592;2.38136268
5593;2.34534953
5594;2.34534953
5595;2.34534953
5596;2.3430974
5597;2.3430974
5598;2.29833393
5599;2.29833393
5600;2.29833393
5601;2.29833393
5602;2.28871703
5603;2.27107158
5604;2.27107158
5605;2.27107158
5606;2.27107158
5607;2.2686715
5608;2.2686715
5609;2.25975643
5610;2.24540446
5611;2.24524066
5612;2.24406236
5613;2.24406236
5614;2.24406236
5615;2.24406236
5616;2.24335842
5617;2.23524526
5618;2.23359656
5619;2.22650953
5620;2.22412591
5621;2.2205263
5622;2.2205263
5623;2.2205263
5624;2.2205263
5625;2.21812538
5626;2.17763746
5627;2.17716352
5628;2.17392135
5629;2.1693887
5630;2.16623027
5631;2.14095898
5632;2.13445361
5633;2.12411737
5634;2.11761002
5635;2.11623914
5636;2.11575524
5637;2.1109929
5638;2.11071455
5639;2.10305003
5640;2.10226053
5641;2.10226053
5642;2.10023067
5643;2.09841833
5644;2.09809071
5645;2.08062798
5646;2.07987295
5647;2.07987295
5648;2.07987295
5649;2.07987295
5650;2.07295656
5651;2.07219533
5652;2.072185
5653;2.07074882
5654;2.07074882
5655;2.05744076
5656;2.0559539
5657;2.05477261
5658;2.04204525
5659;2.03923701
5660;2.03923701
5661;2.03571495
5662;2.03498432
5663;2.03498432
5664;2.03498432
5665;2.03498432
5666;2.03406877
5667;2.03396853
5668;2.03197453
5669;2.03197453
5670;2.03023466
5671;2.03023466
5672;2.01974776
5673;1.99872452
5674;1.99872452
5675;1.98600219
5676;1.9631617
5677;1.9631617
5678;1.9631617
5679;1.9631617
5680;1.94178722
5681;1.93562771
5682;1.93344731
5683;1.93344731
5684;1.93344731
5685;1.93344731
5686;1.93045431
5687;1.92840793
5688;1.91852839
5689;1.91845317
5690;1.91795108
5691;1.91795108
5692;1.91769305
5693;1.91769305
5694;1.91769305
5695;1.91622836
5696;1.90407191
5697;1.89440638
5698;1.89326074
5699;1.88390553
5700;1.87517088
5701;1.86163615
5702;1.86142468
5703;1.86142468
5704;1.86038692
5705;1.8591732
5706;1.8591732
5707;1.8591732
5708;1.84557697
5709;1.83983601
5710;1.83597443
5711;1.83597443
5712;1.82316102
5713;1.82316102
5714;1.82316102
5715;1.8231594
5716;1.8231594
5717;1.8231594
5718;1.8231594
5719;1.81303514
5720;1.81053798
5721;1.81053798
5722;1.81053798
5723;1.81053798
5724;1.7928458
5725;1.78796189
5726;1.78264524
5727;1.78264524
5728;1.77364239
5729;1.77364239
5730;1.77364239
5731;1.76463896
5732;1.76463896
5733;1.76115898
5734;1.76115898
5735;1.76115898
5736;1.76115898
5737;1.75563444
5738;1.75563444
5739;1.75563444
5740;1.75041431
5741;1.74663262
5742;1.74281043
5743;1.72209025
5744;1.71939107
5745;1.71468653
5746;1.71327642
5747;1.71327642
5748;1.71327642
5749;1.71327642
5750;1.70669362
5751;1.70566884
5752;1.69106701
5753;1.67910604
5754;1.67910604
5755;1.67910604
5756;1.67693853
5757;1.67444583
5758;1.67137886
5759;1.67137886
5760;1.6686855
5761;1.6686855
5762;1.6686855
5763;1.6686855
5764;1.66019584
5765;1.65518566
5766;1.65434889
5767;1.65434889
5768;1.65434889
5769;1.65105616
5770;1.64374046
5771;1.63995776
5772;1.63995776
5773;1.63995776
5774;1.63995776
5775;1.63634255
5776;1.63442354
5777;1.63098025
5778;1.63098025
5779;1.63098025
5780;1.63098025
5781;1.63098025
5782;1.62948342
5783;1.62948342
5784;1.62948342
5785;1.62948342
5786;1.62886782
5787;1.6266697
5788;1.62349917
5789;1.62349917
5790;1.606418
5791;1.59582682
5792;1.59582682
5793;1.59582682
5794;1.59582682
5795;1.59582628
5796;1.59582628
5797;1.59582628
5798;1.5934196
5799;1.5934196
5800;1.59207556
5801;1.59207556
5802;1.58955897
5803;1.58917046
5804;1.58309837
5805;1.58309837
5806;1.58309837
5807;1.57782103
5808;1.57782103
5809;1.57557111
5810;1.57378819
5811;1.56881813
5812;1.56881813
5813;1.56881813
5814;1.56881813
5815;1.56809816
5816;1.56326438
5817;1.56326438
5818;1.5591573
5819;1.5591573
5820;1.5591573
5821;1.5591573
5822;1.55766012
5823;1.55766012
5824;1.55766012
5825;1.55766012
5826;1.54415844
5827;1.54078875
5828;1.53967915
5829;1.53730583
5830;1.53563223
5831;1.52850792
5832;1.52839698
5833;1.52563403
5834;1.52098228
5835;1.5168708
5836;1.50977831
5837;1.50977831
5838;1.50818276
5839;1.50818276
5840;1.50808332
5841;1.50808332
5842;1.49182293
5843;1.49182293
5844;1.49182293
5845;1.49182293
5846;1.49003928
5847;1.49003928
5848;1.49003928
5849;1.48957403
5850;1.48880405
5851;1.47878485
5852;1.47878485
5853;1.47878485
5854;1.47878485
5855;1.47812316
5856;1.47287816
5857;1.47253368
5858;1.47253368
5859;1.47253368
5860;1.47253368
5861;1.47029688
5862;1.4688096
5863;1.46530052
5864;1.45807862
5865;1.45177724
5866;1.45177724
5867;1.45177724
5868;1.44952571
5869;1.44952571
5870;1.44952571
5871;1.44727207
5872;1.44727207
5873;1.44691726
5874;1.44496832
5875;1.44350797
5876;1.43827182
5877;1.4365206
5878;1.4365206
5879;1.4365206
5880;1.43151829
5881;1.43151829
5882;1.43151829
5883;1.42459244
5884;1.42268263
5885;1.42268263
5886;1.42268263
5887;1.42268263
5888;1.41831115
5889;1.41539887
5890;1.41125989
5891;1.41125989
5892;1.41125989
5893;1.41125989
5894;1.40808462
5895;1.40808462
5896;1.40808462
5897;1.40450852
5898;1.40450852
5899;1.40450852
5900;1.40450852
5901;1.39755496
5902;1.39755496
5903;1.39755496
5904;1.39755496
5905;1.38788873
5906;1.38788873
5907;1.38788873
5908;1.37749935
5909;1.37749935
5910;1.37749935
5911;1.37749935
5912;1.37660639
5913;1.37660639
5914;1.37660639
5915;1.37660639
5916;1.37074577
5917;1.37074577
5918;1.35565776
5919;1.35565776
5920;1.34967311
5921;1.34967311
5922;1.34967311
5923;1.34598754
5924;1.34598754
5925;1.3408548
5926;1.34038656
5927;1.33920611
5928;1.33473257
5929;1.33473257
5930;1.33473257
5931;1.33473257
5932;1.33256657
5933;1.33256657
5934;1.33256657
5935;1.33256657
5936;1.32872559
5937;1.32872559
5938;1.32872559
5939;1.32872559
5940;1.32325942
5941;1.31897885
5942;1.31897885
5943;1.31897723
5944;1.31897723
5945;1.31859082
5946;1.30922621
5947;1.3038066
5948;1.3038066
5949;1.3038066
5950;1.3038066
5951;1.3038066
5952;1.2999766
5953;1.2999766
5954;1.2999766
5955;1.2999766
5956;1.28533016
5957;1.28533016
5958;1.28146734
5959;1.27485694
5960;1.27485694
5961;1.27485694
5962;1.27485694
5963;1.27396059
5964;1.27396059
5965;1.27396059
5966;1.27396059
5967;1.27192
5968;1.27192
5969;1.27192
5970;1.2717117
5971;1.26650845
5972;1.26478947
5973;1.25853003
5974;1.25779012
5975;1.25779012
5976;1.25779012
5977;1.25779012
5978;1.25370488
5979;1.25370488
5980;1.25370488
5981;1.25370488
5982;1.24958735
5983;1.24920127
5984;1.24920127
5985;1.24920127
5986;1.24865359
5987;1.24792611
5988;1.23989178
5989;1.23745047
5990;1.23745047
5991;1.23745047
5992;1.23745047
5993;1.23745047
5994;1.23595372
5995;1.23595372
5996;1.23569909
5997;1.23569909
5998;1.23569909
5999;1.23569909
6000;1.22879681
6001;1.22702893
6002;1.22702893
6003;1.22702893
6004;1.22702893
6005;1.22481235
6006;1.22158187
6007;1.21827385
6008;1.2120133
6009;1.2120133
6010;1.2120133
6011;1.2120133
6012;1.21201222
6013;1.21201222
6014;1.21201222
6015;1.21201222
6016;1.20865111
6017;1.2036664
6018;1.20020966
6019;1.19743538
6020;1.19743538
6021;1.19743538
6022;1.19743538
6023;1.19522661
6024;1.19371794
6025;1.19068029
6026;1.19068029
6027;1.19068029
6028;1.19068029
6029;1.18967133
6030;1.18507894
6031;1.18507894
6032;1.18507894
6033;1.18392892
6034;1.18392892
6035;1.18392892
6036;1.18392892
6037;1.18392892
6038;1.18326077
6039;1.18158827
6040;1.17909397
6041;1.17909397
6042;1.17909397
6043;1.17909397
6044;1.17630173
6045;1.17630173
6046;1.17630173
6047;1.17630173
6048;1.17630173
6049;1.1741954
6050;1.17335777
6051;1.17310861
6052;1.17310861
6053;1.17310861
6054;1.17310861
6055;1.16712252
6056;1.16712252
6057;1.16712252
6058;1.16712252
6059;1.16113823
6060;1.16113823
6061;1.16113823
6062;1.16000469
6063;1.16000469
6064;1.16000469
6065;1.15814609
6066;1.15814609
6067;1.15310504
6068;1.14753346
6069;1.14753346
6070;1.14753346
6071;1.14753346
6072;1.14283553
6073;1.13869428
6074;1.13441246
6075;1.13440981
6076;1.13440981
6077;1.13440981
6078;1.13440981
6079;1.13163499
6080;1.13163499
6081;1.13163499
6082;1.12836776
6083;1.12836776
6084;1.12836776
6085;1.12623994
6086;1.11624746
6087;1.11624746
6088;1.11624746
6089;1.11624746
6090;1.11365407
6091;1.11037222
6092;1.1033062
6093;1.10077179
6094;1.10077179
6095;1.10077179
6096;1.10064911
6097;1.10064911
6098;1.09978923
6099;1.09978923
6100;1.09978923
6101;1.09978923
6102;1.09768959
6103;1.09768959
6104;1.09587235
6105;1.08781886
6106;1.0804075
6107;1.0804075
6108;1.0804075
6109;1.0804075
6110;1.07726709
6111;1.07588985
6112;1.07588985
6113;1.07588985
6114;1.07588985
6115;1.07446164
6116;1.07446164
6117;1.07084598
6118;1.07084598
6119;1.07084598
6120;1.07084598
6121;1.0708439
6122;1.0708439
6123;1.0708439
6124;1.06912036
6125;1.06912036
6126;1.06912036
6127;1.06762256
6128;1.06758472
6129;1.06688647
6130;1.06688647
6131;1.06688647
6132;1.06304033
6133;1.06088453
6134;1.06088453
6135;1.06088417
6136;1.06088417
6137;1.06088417
6138;1.06088417
6139;1.0599558
6140;1.05788352
6141;1.05788352
6142;1.05788352
6143;1.05788352
6144;1.05563252
6145;1.05563252
6146;1.05563252
6147;1.0507146
6148;1.0507146
6149;1.0507146
6150;1.04891452
6151;1.04891452
6152;1.04891452
6153;1.04891452
6154;1.04741881
6155;1.04741881
6156;1.04741881
6157;1.04741881
6158;1.04547071
6159;1.04496275
6160;1.04496275
6161;1.04496275
6162;1.04496275
6163;1.0446568
6164;1.0446568
6165;1.04400374
6166;1.04400374
6167;1.04400374
6168;1.04297337
6169;1.04297337
6170;1.04297337
6171;1.04292952
6172;1.04292952
6173;1.0409252
6174;1.04016965
6175;1.04016965
6176;1.04016965
6177;1.04016965
6178;1.04016965
6179;1.03923746
6180;1.03678288
6181;1.03477666
6182;1.03477666
6183;1.03245486
6184;1.03108193
6185;1.03050831
6186;1.02637176
6187;1.02637176
6188;1.02637176
6189;1.02501776
6190;1.02501776
6191;1.02501776
6192;1.02280337
6193;1.02198056
6194;1.02149107
6195;1.02003666
6196;1.02003666
6197;1.02003666
6198;1.01940658
6199;1.01940658
6200;1.01940658
6201;1.01940658
6202;1.01847102
6203;1.01847102
6204;1.01847102
6205;1.01847102
6206;1.0173694
6207;1.0173694
6208;1.01683456
6209;1.01617201
6210;1.01485835
6211;1.01485835
6212;1.0147307
6213;1.0147307
6214;1.0147307
6215;1.0147307
6216;1.01428501
6217;1.01428501
6218;1.01428501
6219;1.01269192
6220;1.0089158
6221;1.00519462
6222;1.00116192
6223;1.00116192
6224;1.00116192
6225;1.00116192
6226;0.998946064
6227;0.998946064
6228;0.998946064
6229;0.997986823
6230;0.997986823
6231;0.997986823
6232;0.995090093
6233;0.995090093
6234;0.995090093
6235;0.990558378
6236;0.990558378
6237;0.990558378
6238;0.990558378
6239;0.98947911
6240;0.98947911
6241;0.98947911
6242;0.983601625
6243;0.983076581
6244;0.983076581
6245;0.982636702
6246;0.982636702
6247;0.974515299
6248;0.974515299
6249;0.974515299
6250;0.973579518
6251;0.973579518
6252;0.973579518
6253;0.973579518
6254;0.969509945
6255;0.969311354
6256;0.969311354
6257;0.967309133
6258;0.967309133
6259;0.967309133
6260;0.967309133
6261;0.966642004
6262;0.966286872
6263;0.966286872
6264;0.965806615
6265;0.965122281
6266;0.965122281
6267;0.963625491
6268;0.963625491
6269;0.963349866
6270;0.963349866
6271;0.963349866
6272;0.963349866
6273;0.9621273
6274;0.9621273
6275;0.9621273
6276;0.9621273
6277;0.956144054
6278;0.955805192
6279;0.955805192
6280;0.955805192
6281;0.955805192
6282;0.951654401
6283;0.951654401
6284;0.951654401
6285;0.951654401
6286;0.948943935
6287;0.945340238
6288;0.945340238
6289;0.943652098
6290;0.942654839
6291;0.942592687
6292;0.942592687
6293;0.939717238
6294;0.938591145
6295;0.938186881
6296;0.938186881
6297;0.936338476
6298;0.936338476
6299;0.936338476
6300;0.936338476
6301;0.936076004
6302;0.936076004
6303;0.936076004
6304;0.936076004
6305;0.936076004
6306;0.933698665
6307;0.933698665
6308;0.932429504
6309;0.922833538
6310;0.91898787
6311;0.918333764
6312;0.918333764
6313;0.918333764
6314;0.918333764
6315;0.915743323
6316;0.915743323
6317;0.915743323
6318;0.91305262
6319;0.912196057
6320;0.911253635
6321;0.911253635
6322;0.911253635
6323;0.911253635
6324;0.911108925
6325;0.911108925
6326;0.911108925
6327;0.911108925
6328;0.911108925
6329;0.910069073
6330;0.910069073
6331;0.910069073
6332;0.910069073
6333;0.904193939
6334;0.896291443
6335;0.896291443
6336;0.895408063
6337;0.895408063
6338;0.895408063
6339;0.894794688
6340;0.894794688
6341;0.894794688
6342;0.894794688
6343;0.894044236
6344;0.894044236
6345;0.893574989
6346;0.893574989
6347;0.887312533
6348;0.887312533
6349;0.887312533
6350;0.887312533
6351;0.884468257
6352;0.882318398
6353;0.8819864
6354;0.8819864
6355;0.8819864
6356;0.88026431
6357;0.88026431
6358;0.88026431
6359;0.88026431
6360;0.879259661
6361;0.879259661
6362;0.879259661
6363;0.879259661
6364;0.879259661
6365;0.87683967
6366;0.87683967
6367;0.87683967
6368;0.87683967
6369;0.876838593
6370;0.876838593
6371;0.876838593
6372;0.876284267
6373;0.87350948
6374;0.87350948
6375;0.87350948
6376;0.871065588
6377;0.871065588
6378;0.871065588
6379;0.871065588
6380;0.868564691
6381;0.868564691
6382;0.868564691
6383;0.865785742
6384;0.86473035
6385;0.86473035
6386;0.86473035
6387;0.86473035
6388;0.863169106
6389;0.862784386
6390;0.860416064
6391;0.860416064
6392;0.860416064
6393;0.858321048
6394;0.857477911
6395;0.853058715
6396;0.851309354
6397;0.851309354
6398;0.851309354
6399;0.851002801
6400;0.849402536
6401;0.847322604
6402;0.846912125
6403;0.846912125
6404;0.846912125
6405;0.845417095
6406;0.845417095
6407;0.845417095
6408;0.843582038
6409;0.843582038
6410;0.843582038
6411;0.842256374
6412;0.842256374
6413;0.840486753
6414;0.84021611
6415;0.84021611
6416;0.83775552
6417;0.83775552
6418;0.83775552
6419;0.83775552
6420;0.836622067
6421;0.8334464
6422;0.8334464
6423;0.8334464
6424;0.832801929
6425;0.832801929
6426;0.830489273
6427;0.830489273
6428;0.830489273
6429;0.830452461
6430;0.830452461
6431;0.830452461
6432;0.830452461
6433;0.827152834
6434;0.8245063
6435;0.8245063
6436;0.8245063
6437;0.8245063
6438;0.8245063
6439;0.823565288
6440;0.823565288
6441;0.823565288
6442;0.823565288
6443;0.823506073
6444;0.823506073
6445;0.823506073
6446;0.823506073
6447;0.823506073
6448;0.821476388
6449;0.821476388
6450;0.817874085
6451;0.81679592
6452;0.81679592
6453;0.81679592
6454;0.81679592
6455;0.81391307
6456;0.813715555
6457;0.811440154
6458;0.811327561
6459;0.810294688
6460;0.810294688
6461;0.807592685
6462;0.807592685
6463;0.807592685
6464;0.807592685
6465;0.806711486
6466;0.806711486
6467;0.806711486
6468;0.806711486
6469;0.805790783
6470;0.805790783
6471;0.805790783
6472;0.805790783
6473;0.805790783
6474;0.803365964
6475;0.803365964
6476;0.803365964
6477;0.798929626
6478;0.796819918
6479;0.796819918
6480;0.796819918
6481;0.796819918
6482;0.796039178
6483;0.796039178
6484;0.792829741
6485;0.792829741
6486;0.792829741
6487;0.792829741
6488;0.791870776
6489;0.791870776
6490;0.791870776
6491;0.791548484
6492;0.791548484
6493;0.790290344
6494;0.787060268
6495;0.787060268
6496;0.787060268
6497;0.787060268
6498;0.78531038
6499;0.78531038
6500;0.782746199
6501;0.778239455
6502;0.778239455
6503;0.778239455
6504;0.778239455
6505;0.777706799
6506;0.777351248
6507;0.777351248
6508;0.777351248
6509;0.777351248
6510;0.777351248
6511;0.777120484
6512;0.776532242
6513;0.776532242
6514;0.776532242
6515;0.776532242
6516;0.776531552
6517;0.776531552
6518;0.776531552
6519;0.776531552
6520;0.773439869
6521;0.773439869
6522;0.773439869
6523;0.772504357
6524;0.772504357
6525;0.769507046
6526;0.768934669
6527;0.763928724
6528;0.762020708
6529;0.759275502
6530;0.759275502
6531;0.759275502
6532;0.758322702
6533;0.75754095
6534;0.75754095
6535;0.75754095
6536;0.75754095
6537;0.757540277
6538;0.757540277
6539;0.757540277
6540;0.757540277
6541;0.756842374
6542;0.756275151
6543;0.756275151
6544;0.756275151
6545;0.756275151
6546;0.755440955
6547;0.755440955
6548;0.755440955
6549;0.754142376
6550;0.754142376
6551;0.754142376
6552;0.754140616
6553;0.754140616
6554;0.754140616
6555;0.752644508
6556;0.751606154
6557;0.751606154
6558;0.751606154
6559;0.751606154
6560;0.747770894
6561;0.747770894
6562;0.747770894
6563;0.747770894
6564;0.742770266
6565;0.742770266
6566;0.74070625
6567;0.74070625
6568;0.74070625
6569;0.736965483
6570;0.736965483
6571;0.736965483
6572;0.736965483
6573;0.736965483
6574;0.736773139
6575;0.733224468
6576;0.733224468
6577;0.733224468
6578;0.733224468
6579;0.731696951
6580;0.731696951
6581;0.731696951
6582;0.731696951
6583;0.731516376
6584;0.731516376
6585;0.729483005
6586;0.729483005
6587;0.729483005
6588;0.72781969
6589;0.72781969
6590;0.72781969
6591;0.72781969
6592;0.726989027
6593;0.726989027
6594;0.726989027
6595;0.726989027
6596;0.725742664
6597;0.725742664
6598;0.725742664
6599;0.724902425
6600;0.724490595
6601;0.723872493
6602;0.723872493
6603;0.723872493
6604;0.722110556
6605;0.718240598
6606;0.718240598
6607;0.717736133
6608;0.717736133
6609;0.717736133
6610;0.717736133
6611;0.716916978
6612;0.716916978
6613;0.716916978
6614;0.716916978
6615;0.715237322
6616;0.715237322
6617;0.715237322
6618;0.715237322
6619;0.715175435
6620;0.715175435
6621;0.715175435
6622;0.711714589
6623;0.711714589
6624;0.709251992
6625;0.709251992
6626;0.709251992
6627;0.709251992
6628;0.704630712
6629;0.704630712
6630;0.704630712
6631;0.704630712
6632;0.70326695
6633;0.70326695
6634;0.701770519
6635;0.701770519
6636;0.698765768
6637;0.69816124
6638;0.69816124
6639;0.69816124
6640;0.69816124
6641;0.69816124
6642;0.697684719
6643;0.697684719
6644;0.697684719
6645;0.697364426
6646;0.697364426
6647;0.697364426
6648;0.697364426
6649;0.696961341
6650;0.696119047
6651;0.693487574
6652;0.692918278
6653;0.687905818
6654;0.687905818
6655;0.687905818
6656;0.687905818
6657;0.68760014
6658;0.687397883
6659;0.687397883
6660;0.687397883
6661;0.687397883
6662;0.682318352
6663;0.682318352
6664;0.679916078
6665;0.679916078
6666;0.679704624
6667;0.679704624
6668;0.679704624
6669;0.679704624
6670;0.679704394
6671;0.679704394
6672;0.679704394
6673;0.679704394
6674;0.679179563
6675;0.679179563
6676;0.679179563
6677;0.678404413
6678;0.678404413
6679;0.678404413
6680;0.678404413
6681;0.678404413
6682;0.676333705
6683;0.676333705
6684;0.676286607
6685;0.675246384
6686;0.672035484
6687;0.671077186
6688;0.671077186
6689;0.671077186
6690;0.668200914
6691;0.668200914
6692;0.668200914
6693;0.668200914
6694;0.665835426
6695;0.665835426
6696;0.665559185
6697;0.665559185
6698;0.665559185
6699;0.665559185
6700;0.663081401
6701;0.663081177
6702;0.663081177
6703;0.663081177
6704;0.663081177
6705;0.662570472
6706;0.662570472
6707;0.662570472
6708;0.661814278
6709;0.661814278
6710;0.661814278
6711;0.661814278
6712;0.661814278
6713;0.661502766
6714;0.661502766
6715;0.661502766
6716;0.661502766
6717;0.660747791
6718;0.660747791
6719;0.660747791
6720;0.660747791
6721;0.657241931
6722;0.655599821
6723;0.655599821
6724;0.654778997
6725;0.654778997
6726;0.65466496
6727;0.65466496
6728;0.65466496
6729;0.651859031
6730;0.650114472
6731;0.650114472
6732;0.650114472
6733;0.650114472
6734;0.649551395
6735;0.649372494
6736;0.649372494
6737;0.649372494
6738;0.649372494
6739;0.646555595
6740;0.646555595
6741;0.646555595
6742;0.646555595
6743;0.646555595
6744;0.64598346
6745;0.64598346
6746;0.64598346
6747;0.645962221
6748;0.645962221
6749;0.645962221
6750;0.645817679
6751;0.645817679
6752;0.645817679
6753;0.645817679
6754;0.645312088
6755;0.645224982
6756;0.645224982
6757;0.645224982
6758;0.645224982
6759;0.643589935
6760;0.643589935
6761;0.643589935
6762;0.643589935
6763;0.642855403
6764;0.642855403
6765;0.642855403
6766;0.642855403
6767;0.642082571
6768;0.640422231
6769;0.640422231
6770;0.638765368
6771;0.638765368
6772;0.638765368
6773;0.634646928
6774;0.634646928
6775;0.634646928
6776;0.631132938
6777;0.631132938
6778;0.631132938
6779;0.63084536
6780;0.63084536
6781;0.630412624
6782;0.630412624
6783;0.630412624
6784;0.630412624
6785;0.630412624
6786;0.62985337
6787;0.62985337
6788;0.62985337
6789;0.62985337
6790;0.62957154
6791;0.62957154
6792;0.628451501
6793;0.628449669
6794;0.628449669
6795;0.628449669
6796;0.628449669
6797;0.627574189
6798;0.627574189
6799;0.627574189
6800;0.626857936
6801;0.626857936
6802;0.626857936
6803;0.626857936
6804;0.626857936
6805;0.623962962
6806;0.623962962
6807;0.623962208
6808;0.623962208
6809;0.622465417
6810;0.622465417
6811;0.622465417
6812;0.622465417
6813;0.621034042
6814;0.621034042
6815;0.621034042
6816;0.61912566
6817;0.61912566
6818;0.61912566
6819;0.61912566
6820;0.618350119
6821;0.618350119
6822;0.618350119
6823;0.618350119
6824;0.618083436
6825;0.618083436
6826;0.618083436
6827;0.618083436
6828;0.61748992
6829;0.61748992
6830;0.61748992
6831;0.61748992
6832;0.61748992
6833;0.617391131
6834;0.617391131
6835;0.617391131
6836;0.617378016
6837;0.617378016
6838;0.617378016
6839;0.617378016
6840;0.616785177
6841;0.616785177
6842;0.616785177
6843;0.616785177
6844;0.616431246
6845;0.616431246
6846;0.615386354
6847;0.614449336
6848;0.614449336
6849;0.614449336
6850;0.614449336
6851;0.614174399
6852;0.613487513
6853;0.613487513
6854;0.613487513
6855;0.612597803
6856;0.612597803
6857;0.612220655
6858;0.610496123
6859;0.610496123
6860;0.610496123
6861;0.6097213
6862;0.6097213
6863;0.6097213
6864;0.6097213
6865;0.608914348
6866;0.605845698
6867;0.605845698
6868;0.605845698
6869;0.605467726
6870;0.605467726
6871;0.605467726
6872;0.603227414
6873;0.603227414
6874;0.603227414
6875;0.60229188
6876;0.60229188
6877;0.60229188
6878;0.60229188
6879;0.601355471
6880;0.601355471
6881;0.601355471
6882;0.601092712
6883;0.601092712
6884;0.601092712
6885;0.601092712
6886;0.599740281
6887;0.599740281
6888;0.599740281
6889;0.599740281
6890;0.598508543
6891;0.598508543
6892;0.598508543
6893;0.598217129
6894;0.598217129
6895;0.598217129
6896;0.597876034
6897;0.597876034
6898;0.597836614
6899;0.597836614
6900;0.597825463
6901;0.597825463
6902;0.597825463
6903;0.597825463
6904;0.597825463
6905;0.597615781
6906;0.597193676
6907;0.597193676
6908;0.597193676
6909;0.597193676
6910;0.597193676
6911;0.597154301
6912;0.597154301
6913;0.597154301
6914;0.597154301
6915;0.594809627
6916;0.594809627
6917;0.594809627
6918;0.594215457
6919;0.594215457
6920;0.594215457
6921;0.594215457
6922;0.594215457
6923;0.594036818
6924;0.594036818
6925;0.591390646
6926;0.591390646
6927;0.591390646
6928;0.590715689
6929;0.590715689
6930;0.590715689
6931;0.590715689
6932;0.590715689
6933;0.586713211
6934;0.586713211
6935;0.586713211
6936;0.586392064
6937;0.586392064
6938;0.586392064
6939;0.586392064
6940;0.58521148
6941;0.58521148
6942;0.585072709
6943;0.585072709
6944;0.585072709
6945;0.585072709
6946;0.583836685
6947;0.583836685
6948;0.583836685
6949;0.583836685
6950;0.583586808
6951;0.583586808
6952;0.579072866
6953;0.579072866
6954;0.577150278
6955;0.576209664
6956;0.573291502
6957;0.573291502
6958;0.573291502
6959;0.573291502
6960;0.572364236
6961;0.572364236
6962;0.572364236
6963;0.571707136
6964;0.571707136
6965;0.571707136
6966;0.571707136
6967;0.570255658
6968;0.56955806
6969;0.56955806
6970;0.56955806
6971;0.568497714
6972;0.568497714
6973;0.568497714
6974;0.568497714
6975;0.568497714
6976;0.567203527
6977;0.567203527
6978;0.567203527
6979;0.567102135
6980;0.567102135
6981;0.561787791
6982;0.561787791
6983;0.5617871
6984;0.5617871
6985;0.5617871
6986;0.560206287
6987;0.559920882
6988;0.559920882
6989;0.559920882
6990;0.559920882
6991;0.559270775
6992;0.559270775
6993;0.559270775
6994;0.559270775
6995;0.558564542
6996;0.558564542
6997;0.556928774
6998;0.556928774
6999;0.556928774
7000;0.556928774
7001;0.554594226
7002;0.554594226
7003;0.554594226
7004;0.554594226
7005;0.554594226
7006;0.554020795
7007;0.554020795
7008;0.554020795
7009;0.553635692
7010;0.553635692
7011;0.553635692
7012;0.553635692
7013;0.55338849
7014;0.55338849
7015;0.55338849
7016;0.55338849
7017;0.549843232
7018;0.548048405
7019;0.548048405
7020;0.548048405
7021;0.548047732
7022;0.548047732
7023;0.548047732
7024;0.54694674
7025;0.546030911
7026;0.545716335
7027;0.545716335
7028;0.545716335
7029;0.545333597
7030;0.545234209
7031;0.545093507
7032;0.545093507
7033;0.545093507
7034;0.545093507
7035;0.542613328
7036;0.542613328
7037;0.542613328
7038;0.542613328
7039;0.538673177
7040;0.538673177
7041;0.538673177
7042;0.538673177
7043;0.537411847
7044;0.537411847
7045;0.537411847
7046;0.536876921
7047;0.536876921
7048;0.536798497
7049;0.536798497
7050;0.536798497
7051;0.536798497
7052;0.536798497
7053;0.535039404
7054;0.535039404
7055;0.535039404
7056;0.535039404
7057;0.534428762
7058;0.534428762
7059;0.534428762
7060;0.534428762
7061;0.534428762
7062;0.53398589
7063;0.53398589
7064;0.53398589
7065;0.53398589
7066;0.53398589
7067;0.532067685
7068;0.532067685
7069;0.532067685
7070;0.532067685
7071;0.531899667
7072;0.531899667
7073;0.531192969
7074;0.530278643
7075;0.529342884
7076;0.529342884
7077;0.52840845
7078;0.52840845
7079;0.52840845
7080;0.526735357
7081;0.526735357
7082;0.526735357
7083;0.526735357
7084;0.52631675
7085;0.52631675
7086;0.52631675
7087;0.526134192
7088;0.526134192
7089;0.526134192
7090;0.526134192
7091;0.524512917
7092;0.520926443
7093;0.520926443
7094;0.51905515
7095;0.51905515
7096;0.51905515
7097;0.51905515
7098;0.515608771
7099;0.513444863
7100;0.510019228
7101;0.510019228
7102;0.510019228
7103;0.509532479
7104;0.509532479
7105;0.509532479
7106;0.509532479
7107;0.508950947
7108;0.508950947
7109;0.508950947
7110;0.508950947
7111;0.508950947
7112;0.507142057
7113;0.507142057
7114;0.507142057
7115;0.507142057
7116;0.505380668
7117;0.505380668
7118;0.505380668
7119;0.505380668
7120;0.505380668
7121;0.504803876
7122;0.504803876
7123;0.504803876
7124;0.504803876
7125;0.504266475
7126;0.504266475
7127;0.504266475
7128;0.502761703
7129;0.502761703
7130;0.502761703
7131;0.502761703
7132;0.500882939
7133;0.499415891
7134;0.497545922
7135;0.497545922
7136;0.494739117
7137;0.494739117
7138;0.494739117
7139;0.494739117
7140;0.493783835
7141;0.493783835
7142;0.493783835
7143;0.493783835
7144;0.491933862
7145;0.491933862
7146;0.491933862
7147;0.491803523
7148;0.490551941
7149;0.490551941
7150;0.490551941
7151;0.489992073
7152;0.489992073
7153;0.489992073
7154;0.489992073
7155;0.489958596
7156;0.489958596
7157;0.489958596
7158;0.489885801
7159;0.489399404
7160;0.489399404
7161;0.489399404
7162;0.489399404
7163;0.489399404
7164;0.486302398
7165;0.486302398
7166;0.486302398
7167;0.486302398
7168;0.484805967
7169;0.483176108
7170;0.483176108
7171;0.483176108
7172;0.483174981
7173;0.483174981
7174;0.483174981
7175;0.48221643
7176;0.481631752
7177;0.481631752
7178;0.481631752
7179;0.481631752
7180;0.480468099
7181;0.480468099
7182;0.480468099
7183;0.480468099
7184;0.480467672
7185;0.480467672
7186;0.480467672
7187;0.480467672
7188;0.479919739
7189;0.479919739
7190;0.479919739
7191;0.479919739
7192;0.479919739
7193;0.479919313
7194;0.479919313
7195;0.479919313
7196;0.479919313
7197;0.479919313
7198;0.479775711
7199;0.477904889
7200;0.472002777
7201;0.471359292
7202;0.471359292
7203;0.471359292
7204;0.471358192
7205;0.471358192
7206;0.470423085
7207;0.469790741
7208;0.469790741
7209;0.469790741
7210;0.469254567
7211;0.469254567
7212;0.469254567
7213;0.469254567
7214;0.468795411
7215;0.468795411
7216;0.468795411
7217;0.46741817
7218;0.46741817
7219;0.46741817
7220;0.46741817
7221;0.46741817
7222;0.467093007
7223;0.466884704
7224;0.466884704
7225;0.466884704
7226;0.466884704
7227;0.465045443
7228;0.465045443
7229;0.465045443
7230;0.465045443
7231;0.464514685
7232;0.464514685
7233;0.464514685
7234;0.464514685
7235;0.462672431
7236;0.462672431
7237;0.462672431
7238;0.462672431
7239;0.462144381
7240;0.462144381
7241;0.462144381
7242;0.462144381
7243;0.460300131
7244;0.460300131
7245;0.460300131
7246;0.460173978
7247;0.460173978
7248;0.460173978
7249;0.460173978
7250;0.460173978
7251;0.459774788
7252;0.459774788
7253;0.459774788
7254;0.459774788
7255;0.459113981
7256;0.459113981
7257;0.459113981
7258;0.458589992
7259;0.458589992
7260;0.458589992
7261;0.458589992
7262;0.45824979
7263;0.45824979
7264;0.45824979
7265;0.45824979
7266;0.457330297
7267;0.457330297
7268;0.457330297
7269;0.454415013
7270;0.454415013
7271;0.454415013
7272;0.451402866
7273;0.451402866
7274;0.450887678
7275;0.450887678
7276;0.450887678
7277;0.45058042
7278;0.45058042
7279;0.45058042
7280;0.45058042
7281;0.450169109
7282;0.449621662
7283;0.449621662
7284;0.449621662
7285;0.448919715
7286;0.448919715
7287;0.448919715
7288;0.448919715
7289;0.448894853
7290;0.448894853
7291;0.448452173
7292;0.447042586
7293;0.447042586
7294;0.447042586
7295;0.447042586
7296;0.443301594
7297;0.443301594
7298;0.443301594
7299;0.442504462
7300;0.442504462
7301;0.442504462
7302;0.442504462
7303;0.44199943
7304;0.44199943
7305;0.44199943
7306;0.44199943
7307;0.441470381
7308;0.440738601
7309;0.440738601
7310;0.440738601
7311;0.440738601
7312;0.439560782
7313;0.439560782
7314;0.439560782
7315;0.439560782
7316;0.438625472
7317;0.438625472
7318;0.438625472
7319;0.437158733
7320;0.437158733
7321;0.437158733
7322;0.437158733
7323;0.435980067
7324;0.435980067
7325;0.435980067
7326;0.435980067
7327;0.435570376
7328;0.435482482
7329;0.435482482
7330;0.435482482
7331;0.435482482
7332;0.435482482
7333;0.431234755
7334;0.431177131
7335;0.430742585
7336;0.430742585
7337;0.430742585
7338;0.430742585
7339;0.42995966
7340;0.42995966
7341;0.42995966
7342;0.429441248
7343;0.429441248
7344;0.429441248
7345;0.429441248
7346;0.426766921
7347;0.426766921
7348;0.426766921
7349;0.426467343
7350;0.4264212
7351;0.4264212
7352;0.4264212
7353;0.4264212
7354;0.424596275
7355;0.422726778
7356;0.422726778
7357;0.422726778
7358;0.420557411
7359;0.420557411
7360;0.420557411
7361;0.420557268
7362;0.420557268
7363;0.420557268
7364;0.420557268
7365;0.420077427
7366;0.420077427
7367;0.420077427
7368;0.420077427
7369;0.420077427
7370;0.420077285
7371;0.420077285
7372;0.420077285
7373;0.420077285
7374;0.420077285
7375;0.418992653
7376;0.415992413
7377;0.415992413
7378;0.415992413
7379;0.415812241
7380;0.415812241
7381;0.415812241
7382;0.415337673
7383;0.415337673
7384;0.415337673
7385;0.415337673
7386;0.415337673
7387;0.415219308
7388;0.415219308
7389;0.415219308
7390;0.414745417
7391;0.414745417
7392;0.414745417
7393;0.414745417
7394;0.41433805
7395;0.413439656
7396;0.413439656
7397;0.413439656
7398;0.412967796
7399;0.412967796
7400;0.412967796
7401;0.412967796
7402;0.412967796
7403;0.411976045
7404;0.411976045
7405;0.411976045
7406;0.411505855
7407;0.411505855
7408;0.411505855
7409;0.411505855
7410;0.411505855
7411;0.410316051
7412;0.410316051
7413;0.410316051
7414;0.410316051
7415;0.409293414
7416;0.409287276
7417;0.408820155
7418;0.408820155
7419;0.408820155
7420;0.408820155
7421;0.408360006
7422;0.407398608
7423;0.407370585
7424;0.406996183
7425;0.406996183
7426;0.406996183
7427;0.405135039
7428;0.405135039
7429;0.405135039
7430;0.404672657
7431;0.404672657
7432;0.404672657
7433;0.404672657
7434;0.404180186
7435;0.404180186
7436;0.402645276
7437;0.402645276
7438;0.402645276
7439;0.402506925
7440;0.402506925
7441;0.402506925
7442;0.402506925
7443;0.402506925
7444;0.401112165
7445;0.40028114
7446;0.40028114
7447;0.40028114
7448;0.40028114
7449;0.39977066
7450;0.39977066
7451;0.399455589
7452;0.398811189
7453;0.398811189
7454;0.398811189
7455;0.398394092
7456;0.39628027
7457;0.3962074
7458;0.395026565
7459;0.395026565
7460;0.395026565
7461;0.394295337
7462;0.394295337
7463;0.394295337
7464;0.394295337
7465;0.393895345
7466;0.393059081
7467;0.393059081
7468;0.392799111
7469;0.392799111
7470;0.392797966
7471;0.392797966
7472;0.392797966
7473;0.392678612
7474;0.392678612
7475;0.392678612
7476;0.392230447
7477;0.392230447
7478;0.392230447
7479;0.392230447
7480;0.392230447
7481;0.391473176
7482;0.391142509
7483;0.391142509
7484;0.391142509
7485;0.391142509
7486;0.39090963
7487;0.389993653
7488;0.389993653
7489;0.389993653
7490;0.389993182
7491;0.389712667
7492;0.389712667
7493;0.389712667
7494;0.389712667
7495;0.38953829
7496;0.38953829
7497;0.389267887
7498;0.389267887
7499;0.389267887
7500;0.389267887
7501;0.389093708
7502;0.389093708
7503;0.389093708
7504;0.389093708
7505;0.389093708
7506;0.389057648
7507;0.389057648
7508;0.389057648
7509;0.389040841
7510;0.389040841
7511;0.389040841
7512;0.387544733
7513;0.387544733
7514;0.387139661
7515;0.385929303
7516;0.384334562
7517;0.384255836
7518;0.384255836
7519;0.384255836
7520;0.383895919
7521;0.383895919
7522;0.383895919
7523;0.383895919
7524;0.383817283
7525;0.383817283
7526;0.383817283
7527;0.383817283
7528;0.383817283
7529;0.383446216
7530;0.383446216
7531;0.383446216
7532;0.383056553
7533;0.383056553
7534;0.382595197
7535;0.382595197
7536;0.382595197
7537;0.382595197
7538;0.38215854
7539;0.38215854
7540;0.38215854
7541;0.38215854
7542;0.38215854
7543;0.382001838
7544;0.382001838
7545;0.382001838
7546;0.381576516
7547;0.381576516
7548;0.381565857
7549;0.381565857
7550;0.381565857
7551;0.381565857
7552;0.381407923
7553;0.381407923
7554;0.381407923
7555;0.38097262
7556;0.38097262
7557;0.38097262
7558;0.38097262
7559;0.380597095
7560;0.380597095
7561;0.380597095
7562;0.380388839
7563;0.380388839
7564;0.380388839
7565;0.380388839
7566;0.380387219
7567;0.380387219
7568;0.380063332
7569;0.380063332
7570;0.380063332
7571;0.380063332
7572;0.379036035
7573;0.379036035
7574;0.37860344
7575;0.37860344
7576;0.37860344
7577;0.37860344
7578;0.377256241
7579;0.377256241
7580;0.377256241
7581;0.377256241
7582;0.377069392
7583;0.377069392
7584;0.377069392
7585;0.377069392
7586;0.377069392
7587;0.376825677
7588;0.376825677
7589;0.376825677
7590;0.376825677
7591;0.375802617
7592;0.374844757
7593;0.373635857
7594;0.373635857
7595;0.373079699
7596;0.371917426
7597;0.371917426
7598;0.371917426
7599;0.371492955
7600;0.371492955
7601;0.371492955
7602;0.371492955
7603;0.371289007
7604;0.371080629
7605;0.371080629
7606;0.371080629
7607;0.371009749
7608;0.371009749
7609;0.371009749
7610;0.371009749
7611;0.370657114
7612;0.370657114
7613;0.370657114
7614;0.370657114
7615;0.370138201
7616;0.370138201
7617;0.370138201
7618;0.370138201
7619;0.369715761
7620;0.369715761
7621;0.369715761
7622;0.369715761
7623;0.369715761
7624;0.369589751
7625;0.369589751
7626;0.369134949
7627;0.369134949
7628;0.369133329
7629;0.369133329
7630;0.368092601
7631;0.368092601
7632;0.366611785
7633;0.366597247
7634;0.366597247
7635;0.366595811
7636;0.366595811
7637;0.365677351
7638;0.363604744
7639;0.363604744
7640;0.363602949
7641;0.363602949
7642;0.363340148
7643;0.363340148
7644;0.363020318
7645;0.363020318
7646;0.363020318
7647;0.362606002
7648;0.362606002
7649;0.362606002
7650;0.362606002
7651;0.362606002
7652;0.362381373
7653;0.362381373
7654;0.362380886
7655;0.361936134
7656;0.361936134
7657;0.361936134
7658;0.361936134
7659;0.361936134
7660;0.361240509
7661;0.361240509
7662;0.361240509
7663;0.360828224
7664;0.360828224
7665;0.360828224
7666;0.360828224
7667;0.358739147
7668;0.358739147
7669;0.358739147
7670;0.357881059
7671;0.357877071
7672;0.357870145
7673;0.357870145
7674;0.357870145
7675;0.356822115
7676;0.356822115
7677;0.356822115
7678;0.356396474
7679;0.356159456
7680;0.355630011
7681;0.355630011
7682;0.355309175
7683;0.355309175
7684;0.354903659
7685;0.354903659
7686;0.354903659
7687;0.354903659
7688;0.354715829
7689;0.354715829
7690;0.354715829
7691;0.354715829
7692;0.35471225
7693;0.35471225
7694;0.35471225
7695;0.35471225
7696;0.354454106
7697;0.354454106
7698;0.354454106
7699;0.354310991
7700;0.354310991
7701;0.354310991
7702;0.354310991
7703;0.35313005
7704;0.35313005
7705;0.35313005
7706;0.353082719
7707;0.351749742
7708;0.351749742
7709;0.351749742
7710;0.351749742
7711;0.351348289
7712;0.351348289
7713;0.351348289
7714;0.351348289
7715;0.351128671
7716;0.351128671
7717;0.350231009
7718;0.349965629
7719;0.349965629
7720;0.349965629
7721;0.34911788
7722;0.34911788
7723;0.34911788
7724;0.348095481
7725;0.348095481
7726;0.348095481
7727;0.347598074
7728;0.347598074
7729;0.347598074
7730;0.347597647
7731;0.347597647
7732;0.347597647
7733;0.347597647
7734;0.34720136
7735;0.34720136
7736;0.34720136
7737;0.34720136
7738;0.34720136
7739;0.347200933
7740;0.347200933
7741;0.347200933
7742;0.347200933
7743;0.346037216
7744;0.346037216
7745;0.346037216
7746;0.346037216
7747;0.345125824
7748;0.345125824
7749;0.345125824
7750;0.345125364
7751;0.344375634
7752;0.34397497
7753;0.34397497
7754;0.34397497
7755;0.34397497
7756;0.337623192
7757;0.337623192
7758;0.337355785
7759;0.337355785
7760;0.337355785
7761;0.33697076
7762;0.33697076
7763;0.33697076
7764;0.33697076
7765;0.33697076
7766;0.336685241
7767;0.336685241
7768;0.336685241
7769;0.336684792
7770;0.336327655
7771;0.335943803
7772;0.335943803
7773;0.335943803
7774;0.335943803
7775;0.335943803
7776;0.335734153
7777;0.335734153
7778;0.335734153
7779;0.335562532
7780;0.335562532
7781;0.335562532
7782;0.335373818
7783;0.335350979
7784;0.335350979
7785;0.335350979
7786;0.335350979
7787;0.335350979
7788;0.335141491
7789;0.335141491
7790;0.335141491
7791;0.334758993
7792;0.334758993
7793;0.334758993
7794;0.334758993
7795;0.334344075
7796;0.330396051
7797;0.330396051
7798;0.330396051
7799;0.330018968
7800;0.330018968
7801;0.330018968
7802;0.330018968
7803;0.330018968
7804;0.329209189
7805;0.329209189
7806;0.329209189
7807;0.329209189
7808;0.328833461
7809;0.328833461
7810;0.328833461
7811;0.328833461
7812;0.328833461
7813;0.325650881
7814;0.325650881
7815;0.325650881
7816;0.325279214
7817;0.325279214
7818;0.325279214
7819;0.325279214
7820;0.325279214
7821;0.322117482
7822;0.322117482
7823;0.322117482
7824;0.322117482
7825;0.316753046
7826;0.316391535
7827;0.316391535
7828;0.316391535
7829;0.316391535
7830;0.316391535
7831;0.316365396
7832;0.316365396
7833;0.316365396
7834;0.315567024
7835;0.315567024
7836;0.315567024
7837;0.315206867
7838;0.315206867
7839;0.315206867
7840;0.315206867
7841;0.315206867
7842;0.314239603
7843;0.314239603
7844;0.314239603
7845;0.314239603
7846;0.313786817
7847;0.313786817
7848;0.313786817
7849;0.313428691
7850;0.313428691
7851;0.313428691
7852;0.313428691
7853;0.312007592
7854;0.312007592
7855;0.312007592
7856;0.312007592
7857;0.311651496
7858;0.311651496
7859;0.311651496
7860;0.311651496
7861;0.311651496
7862;0.311572069
7863;0.311572069
7864;0.311572069
7865;0.311572069
7866;0.308628193
7867;0.308628193
7868;0.308628193
7869;0.308579604
7870;0.308579604
7871;0.305995773
7872;0.304296321
7873;0.303952094
7874;0.303952094
7875;0.303952094
7876;0.303952094
7877;0.303949026
7878;0.303949026
7879;0.303949026
7880;0.303109758
7881;0.303016784
7882;0.302763817
7883;0.302763817
7884;0.302763817
7885;0.302763817
7886;0.302763817
7887;0.301032814
7888;0.301032814
7889;0.301032814
7890;0.298958232
7891;0.298958232
7892;0.298958232
7893;0.298957535
7894;0.298957535
7895;0.298957535
7896;0.298957535
7897;0.29861703
7898;0.29861703
7899;0.29861703
7900;0.29861703
7901;0.298616333
7902;0.298616333
7903;0.298616333
7904;0.298616333
7905;0.298616333
7906;0.298364445
7907;0.298023921
7908;0.298023921
7909;0.298023921
7910;0.298023921
7911;0.298023921
7912;0.294007516
7913;0.290060384
7914;0.290060384
7915;0.290060384
7916;0.290060384
7917;0.289923121
7918;0.289729337
7919;0.289729337
7920;0.289729337
7921;0.289729337
7922;0.287605199
7923;0.287605199
7924;0.284725997
7925;0.284725997
7926;0.284725997
7927;0.284725997
7928;0.284401038
7929;0.284401038
7930;0.284401038
7931;0.284401038
7932;0.283535433
7933;0.283535433
7934;0.283535433
7935;0.283535433
7936;0.283211833
7937;0.283211833
7938;0.283211833
7939;0.283211833
7940;0.283211833
7941;0.28116272
7942;0.28116272
7943;0.28116272
7944;0.28116272
7945;0.28116272
7946;0.280841828
7947;0.280841828
7948;0.280841828
7949;0.280841828
7950;0.280571371
7951;0.280571371
7952;0.280571371
7953;0.280571371
7954;0.278790121
7955;0.278790121
7956;0.278790121
7957;0.278790121
7958;0.278471937
7959;0.278471937
7960;0.278471937
7961;0.278471937
7962;0.278196904
7963;0.278196904
7964;0.278196904
7965;0.277879397
7966;0.277879397
7967;0.277879397
7968;0.277879397
7969;0.27514135
7970;0.27514135
7971;0.27514135
7972;0.273427918
7973;0.273427918
7974;0.272700638
7975;0.272700638
7976;0.272700638
7977;0.272389404
7978;0.272389404
7979;0.272389404
7980;0.272389404
7981;0.270833199
7982;0.270833199
7983;0.270485647
7984;0.270485647
7985;0.270485647
7986;0.27017694
7987;0.27017694
7988;0.27017694
7989;0.27017694
7990;0.27017694
7991;0.269298927
7992;0.268991575
7993;0.268991575
7994;0.268991575
7995;0.268991575
7996;0.268991575
7997;0.268412344
7998;0.268412344
7999;0.268412344
8000;0.268113204
8001;0.268113204
8002;0.268113204
8003;0.268113204
8004;0.267807206
8005;0.267807206
8006;0.267807206
8007;0.266740818
8008;0.266740818
8009;0.266740818
8010;0.264847116
8011;0.264847116
8012;0.26484708
8013;0.26484708
8014;0.263932485
8015;0.263841953
8016;0.263841953
8017;0.263841953
8018;0.263841953
8019;0.26354083
8020;0.26354083
8021;0.26354083
8022;0.26354083
8023;0.26354083
8024;0.261856408
8025;0.261856408
8026;0.260760883
8027;0.260760883
8028;0.260760883
8029;0.257884633
8030;0.257884633
8031;0.257884633
8032;0.257884633
8033;0.257365319
8034;0.257365319
8035;0.254383574
8036;0.254383574
8037;0.254383574
8038;0.254383574
8039;0.254383574
8040;0.253877125
8041;0.253877125
8042;0.253877125
8043;0.253587374
8044;0.253587374
8045;0.253587374
8046;0.253587374
8047;0.253353522
8048;0.253353522
8049;0.253091995
8050;0.253091995
8051;0.253091995
8052;0.253064369
8053;0.253064369
8054;0.253064369
8055;0.252877462
8056;0.252877462
8057;0.252876385
8058;0.252876385
8059;0.252876385
8060;0.252513874
8061;0.251577667
8062;0.251577667
8063;0.251577667
8064;0.251577667
8065;0.250080647
8066;0.250080647
8067;0.250080647
8068;0.249795229
8069;0.249795229
8070;0.249795229
8071;0.249795229
8072;0.249256965
8073;0.249256965
8074;0.249256965
8075;0.249256965
8076;0.24913167
8077;0.24913167
8078;0.24913167
8079;0.249130944
8080;0.249130944
8081;0.249130944
8082;0.249130944
8083;0.249130944
8084;0.248847335
8085;0.248847335
8086;0.248847335
8087;0.24884661
8088;0.24884661
8089;0.24884661
8090;0.24884661
8091;0.248388169
8092;0.248388169
8093;0.248388169
8094;0.247352317
8095;0.247352317
8096;0.247352317
8097;0.247352018
8098;0.247352018
8099;0.247070013
8100;0.247070013
8101;0.247070013
8102;0.247070013
8103;0.247069714
8104;0.247069714
8105;0.247069714
8106;0.247069714
8107;0.247053822
8108;0.246902241
8109;0.246902241
8110;0.246902241
8111;0.246758658
8112;0.246758658
8113;0.246758658
8114;0.246758658
8115;0.246477032
8116;0.246477032
8117;0.246477032
8118;0.246477032
8119;0.245422854
8120;0.245422854
8121;0.245422854
8122;0.245396025
8123;0.245396025
8124;0.245396025
8125;0.245394948
8126;0.245394948
8127;0.245394948
8128;0.245394948
8129;0.24409676
8130;0.243505109
8131;0.243505109
8132;0.243505109
8133;0.243505109
8134;0.243199624
8135;0.243199624
8136;0.243199624
8137;0.243161002
8138;0.243161002
8139;0.243161002
8140;0.24292206
8141;0.24292206
8142;0.24292206
8143;0.24292206
8144;0.242225894
8145;0.242013773
8146;0.242013773
8147;0.242013773
8148;0.241737562
8149;0.241737562
8150;0.241737562
8151;0.241737562
8152;0.241737562
8153;0.241586904
8154;0.241586904
8155;0.241586904
8156;0.241586904
8157;0.240906337
8158;0.240906337
8159;0.240906014
8160;0.240906014
8161;0.240906014
8162;0.239420661
8163;0.239420661
8164;0.239420661
8165;0.237914588
8166;0.237914588
8167;0.237914588
8168;0.237549817
8169;0.237549817
8170;0.237549817
8171;0.236794726
8172;0.236794726
8173;0.236794726
8174;0.236770089
8175;0.236770089
8176;0.236418121
8177;0.236418121
8178;0.235835508
8179;0.235835508
8180;0.235678524
8181;0.235678524
8182;0.235678524
8183;0.235678524
8184;0.235488951
8185;0.235488951
8186;0.235488951
8187;0.235220187
8188;0.235220187
8189;0.235220187
8190;0.235220187
8191;0.235220187
8192;0.234877441
8193;0.234877441
8194;0.234876521
8195;0.234876521
8196;0.234876521
8197;0.234876521
8198;0.23342569
8199;0.23342569
8200;0.232960156
8201;0.232960156
8202;0.232960156
8203;0.232959005
8204;0.232959005
8205;0.232959005
8206;0.232959005
8207;0.232522437
8208;0.232522437
8209;0.232257058
8210;0.232257058
8211;0.232257058
8212;0.232257058
8213;0.232199728
8214;0.231929775
8215;0.231732893
8216;0.231665072
8217;0.231665072
8218;0.231665072
8219;0.231003546
8220;0.230067788
8221;0.230067788
8222;0.229556919
8223;0.229556919
8224;0.229556919
8225;0.229294925
8226;0.229294925
8227;0.229294925
8228;0.229294925
8229;0.229133151
8230;0.229133151
8231;0.229132254
8232;0.22893636
8233;0.22893636
8234;0.227262756
8235;0.227261634
8236;0.226249059
8237;0.226249059
8238;0.226249059
8239;0.224811464
8240;0.224811464
8241;0.224811464
8242;0.224554886
8243;0.224554886
8244;0.224554886
8245;0.224554886
8246;0.224447426
8247;0.224447426
8248;0.222952073
8249;0.222952073
8250;0.221964661
8251;0.221964661
8252;0.221964661
8253;0.221964661
8254;0.221711332
8255;0.221711332
8256;0.221711332
8257;0.221711332
8258;0.221426979
8259;0.221426979
8260;0.221426979
8261;0.221426979
8262;0.221174264
8263;0.221174264
8264;0.221174264
8265;0.221174264
8266;0.221174264
8267;0.220778526
8268;0.220778526
8269;0.220778526
8270;0.220778526
8271;0.22071579
8272;0.22071579
8273;0.22071579
8274;0.22071579
8275;0.22052655
8276;0.22052655
8277;0.22052655
8278;0.22052655
8279;0.22052655
8280;0.219473077
8281;0.219473077
8282;0.219473077
8283;0.219222592
8284;0.219222592
8285;0.219222592
8286;0.219222592
8287;0.213541615
8288;0.213541615
8289;0.213541615
8290;0.213541615
8291;0.21354133
8292;0.213297899
8293;0.213297899
8294;0.213297899
8295;0.213297899
8296;0.213297615
8297;0.213297615
8298;0.213297615
8299;0.213297615
8300;0.21282954
8301;0.21282954
8302;0.21282954
8303;0.21282954
8304;0.212586637
8305;0.212586637
8306;0.212586637
8307;0.212586637
8308;0.212586637
8309;0.212060298
8310;0.211117525
8311;0.206874037
8312;0.199305536
8313;0.199305536
8314;0.199305536
8315;0.199305536
8316;0.199078067
8317;0.199078067
8318;0.199078067
8319;0.199078067
8320;0.199078067
8321;0.195746516
8322;0.195746516
8323;0.195746516
8324;0.195746516
8325;0.19552311
8326;0.19552311
8327;0.19552311
8328;0.19552311
8329;0.192780713
8330;0.192780713
8331;0.192780713
8332;0.192560692
8333;0.192560692
8334;0.192560692
8335;0.192560692
8336;0.192187496
8337;0.191968152
8338;0.191968152
8339;0.191968152
8340;0.191968152
8341;0.190929169
8342;0.190929169
8343;0.190929169
8344;0.190929169
8345;0.190711261
8346;0.190711261
8347;0.190711261
8348;0.190711261
8349;0.183882879
8350;0.183882879
8351;0.183673013
8352;0.183673013
8353;0.177951559
8354;0.177951559
8355;0.177951559
8356;0.177748462
8357;0.177748462
8358;0.177748462
8359;0.177748462
8360;0.173521785
8361;0.173521785
8362;0.173521785
8363;0.170239733
8364;0.170239733
8365;0.170239733
8366;0.170239733
8367;0.170239733
8368;0.170045437
8369;0.170045437
8370;0.170045437
8371;0.170045437
8372;0.169686524
8373;0.169686524
8374;0.169686524
8375;0.169686501
8376;0.169278042
8377;0.169278042
8378;0.169179572
8379;0.169179572
8380;0.169179572
8381;0.169179572
8382;0.168986487
8383;0.168986487
8384;0.168986487
8385;0.168986487
8386;0.167770389
8387;0.167770389
8388;0.167770389
8389;0.165536579
8390;0.165536579
8391;0.165536557
8392;0.165536557
8393;0.165536557
8394;0.164892966
8395;0.164892966
8396;0.163667306
8397;0.163667306
8398;0.163667306
8399;0.162017614
8400;0.162017614
8401;0.162017614
8402;0.162017614
8403;0.162016923
8404;0.162016923
8405;0.162016923
8406;0.162016923
8407;0.161342027
8408;0.161342027
8409;0.161342027
8410;0.161342027
8411;0.161157886
8412;0.161157886
8413;0.161157886
8414;0.161157886
8415;0.160860255
8416;0.160860255
8417;0.160860255
8418;0.160156175
8419;0.160156175
8420;0.159973389
8421;0.159973389
8422;0.159973389
8423;0.159562389
8424;0.159562389
8425;0.159562389
8426;0.159380279
8427;0.159380279
8428;0.159380279
8429;0.159380279
8430;0.159141341
8431;0.159141341
8432;0.159141341
8433;0.159141341
8434;0.158055223
8435;0.15805455
8436;0.15805455
8437;0.15805455
8438;0.157224286
8439;0.157224286
8440;0.157224286
8441;0.157223595
8442;0.157223595
8443;0.157223595
8444;0.156597013
8445;0.156597013
8446;0.156597013
8447;0.156597013
8448;0.156418289
8449;0.156418289
8450;0.156418289
8451;0.156418289
8452;0.156418289
8453;0.155249294
8454;0.155249294
8455;0.155249294
8456;0.154817646
8457;0.154817646
8458;0.154640952
8459;0.154640952
8460;0.154640952
8461;0.15434776
8462;0.15434776
8463;0.15434776
8464;0.15434776
8465;0.154347553
8466;0.154347553
8467;0.154347553
8468;0.154224144
8469;0.154224144
8470;0.154224144
8471;0.154224144
8472;0.154048127
8473;0.154048127
8474;0.154048127
8475;0.154048127
8476;0.154048127
8477;0.153631054
8478;0.153455715
8479;0.153455715
8480;0.153455715
8481;0.153379124
8482;0.153379124
8483;0.153379124
8484;0.15337845
8485;0.15337845
8486;0.15337845
8487;0.152430958
8488;0.152430958
8489;0.152430958
8490;0.151851843
8491;0.151851843
8492;0.151851843
8493;0.151851843
8494;0.151697682
8495;0.151678534
8496;0.151678534
8497;0.151678534
8498;0.151678534
8499;0.151678534
8500;0.151508729
8501;0.151472177
8502;0.151472177
8503;0.151472177
8504;0.151472177
8505;0.150665266
8506;0.150665266
8507;0.150665266
8508;0.150665266
8509;0.150665266
8510;0.150572948
8511;0.150572746
8512;0.150572746
8513;0.150572746
8514;0.150493311
8515;0.150493311
8516;0.150493311
8517;0.150493311
8518;0.149554938
8519;0.149554938
8520;0.149554938
8521;0.149554938
8522;0.149478404
8523;0.149478404
8524;0.149478404
8525;0.149307804
8526;0.149307804
8527;0.149307804
8528;0.149307804
8529;0.148703024
8530;0.148703024
8531;0.148703024
8532;0.147987681
8533;0.147987681
8534;0.147987681
8535;0.147767692
8536;0.146678642
8537;0.146513314
8538;0.146513314
8539;0.146513314
8540;0.146346098
8541;0.146346098
8542;0.146346098
8543;0.146346098
8544;0.146346098
8545;0.145919812
8546;0.145919812
8547;0.145919812
8548;0.145919812
8549;0.145897342
8550;0.145753273
8551;0.145753273
8552;0.145753273
8553;0.145753273
8554;0.145327021
8555;0.145327021
8556;0.145327021
8557;0.145327021
8558;0.145326452
8559;0.145326452
8560;0.145326452
8561;0.145161159
8562;0.145161159
8563;0.145161159
8564;0.145161159
8565;0.14516059
8566;0.14516059
8567;0.14516059
8568;0.14516059
8569;0.14516059
8570;0.144140729
8571;0.144140729
8572;0.144140729
8573;0.144140017
8574;0.144140017
8575;0.144140017
8576;0.14397622
8577;0.14397622
8578;0.14397622
8579;0.14397622
8580;0.14397622
8581;0.143975509
8582;0.143975509
8583;0.143975509
8584;0.143975509
8585;0.143975509
8586;0.143802599
8587;0.143802599
8588;0.143802599
8589;0.143802599
8590;0.14309139
8591;0.14309139
8592;0.14309139
8593;0.142844532
8594;0.140285685
8595;0.139988335
8596;0.139988335
8597;0.139988335
8598;0.139828566
8599;0.139828566
8600;0.139828566
8601;0.139828566
8602;0.139351049
8603;0.139351049
8604;0.139351049
8605;0.131209244
8606;0.131059494
8607;0.131059494
8608;0.131059494
8609;0.131059494
8610;0.107364096
8611;0.107364096
8612;0.107364096
8613;0.107364096
8614;0.107241561
8615;0.107241561
8616;0.107241561
8617;0.107241561
8618;0.104991084
8619;0.104991084
8620;0.104991084
8621;0.104991084
8622;0.10499107
8623;0.10499107
8624;0.10499107
8625;0.104871257
8626;0.104871257
8627;0.104871257
8628;0.104871257
8629;0.104871243
8630;0.104871243
8631;0.104871243
8632;0.104871243
8633;0.103805503
8634;0.103805503
8635;0.103805503
8636;0.103805503
8637;0.10368703
8638;0.10368703
8639;0.10368703
8640;0.10368703
8641;0.102025139
8642;0.102025139
8643;0.102025139
8644;0.101908698
8645;0.101908698
8646;0.101908698
8647;0.101908698
8648;0.100246056
8649;0.100246056
8650;0.100246056
8651;0.100246056
8652;0.100245629
8653;0.100245629
8654;0.100245629
8655;0.100245629
8656;0.100131645
8657;0.100131645
8658;0.100131645
8659;0.100131645
8660;0.100131645
8661;0.100131219
8662;0.100131219
8663;0.100131219
8664;0.100131219
8665;0.0984664041
8666;0.0984664041
8667;0.0984664041
8668;0.0984664041
8669;0.0983540241
8670;0.0983540241
8671;0.0983540241
8672;0.0983540241
8673;0.097280254
8674;0.097280254
8675;0.097280254
8676;0.0972798269
8677;0.0972798269
8678;0.0972798269
8679;0.0972798269
8680;0.0971692277
8681;0.0971692277
8682;0.0971692277
8683;0.0971692277
8684;0.0971688011
8685;0.0971688011
8686;0.0971688011
8687;0.0971688011
8688;0.0960939615
8689;0.0960939615
8690;0.0959842891
8691;0.0959842891
8692;0.0955004452
8693;0.0955004452
8694;0.0955004452
8695;0.095500317
8696;0.095500317
8697;0.095500317
8698;0.095500317
8699;0.0953914501
8700;0.0953914501
8701;0.0953914501
8702;0.0953914501
8703;0.0953914501
8704;0.0953913222
8705;0.0953913222
8706;0.0953913222
8707;0.0953913222
8708;0.0943144516
8709;0.0943144516
8710;0.0943144516
8711;0.0943144516
8712;0.0942068102
8713;0.0942068102
8714;0.0942068102
8715;0.0942068102
8716;0.0938607478
8717;0.0937536242
8718;0.0937536242
8719;0.0937536242
8720;0.0937536242
8721;0.09372122
8722;0.09372122
8723;0.09372122
8724;0.0936142556
8725;0.0936142556
8726;0.0936142556
8727;0.0936142556
8728;0.0936142556
8729;0.092534956
8730;0.092534956
8731;0.092534956
8732;0.0924293455
8733;0.0924293455
8734;0.0924293455
8735;0.0924293455
8736;0.0924293455
8737;0.0907552895
8738;0.0907552895
8739;0.0907552895
8740;0.0906517101
8741;0.0906517101
8742;0.0906517101
8743;0.0906517101
8744;0.0889757796
8745;0.0889757796
8746;0.0889757796
8747;0.0888742312
8748;0.0888742312
8749;0.0888742312
8750;0.0888742312
8751;0.0888742312
8752;0.0883829892
8753;0.0883829892
8754;0.0883829892
8755;0.0883829892
8756;0.0882821174
8757;0.0882821174
8758;0.0882821174
8759;0.0882821174
