Index;Wert
0;5.95185404
1;5.70451385
2;5.67975363
3;5.68757296
4;5.69408799
5;6.65799295
6;15.34935
7;20.0248001
8;21.3126117
9;21.5024908
10;19.701966
11;17.310897
12;15.2710169
13;13.9200737
14;12.7495454
15;11.9479558
16;11.9578016
17;14.2348584
18;21.0576298
19;22.7346506
20;22.3558666
21;21.4908855
22;15.5817507
23;7.74077889
24;6.56091542
25;5.72428366
26;5.70212934
27;5.70473588
28;5.70734336
29;6.65250639
30;15.1640601
31;19.7033999
32;21.0135717
33;20.9301684
34;18.7982876
35;16.7531097
36;15.4309633
37;13.4735041
38;12.3009449
39;12.143277
40;11.8423699
41;13.9281697
42;20.0475573
43;22.4657872
44;21.4541637
45;21.0383322
46;14.5798746
47;6.75781686
48;5.62385598
49;4.98270042
50;4.93302203
51;4.88523927
52;4.83413876
53;5.62934708
54;12.5532898
55;16.282068
56;17.548832
57;17.5395568
58;15.7227334
59;14.0388319
60;13.0400541
61;12.4624753
62;11.3574561
63;9.83474048
64;9.88913173
65;11.9799619
66;17.2121844
67;19.0264012
68;18.4149416
69;18.4204956
70;13.2280511
71;6.78072387
72;5.38578831
73;5.169462
74;5.16555251
75;5.16294723
76;5.1499161
77;6.02967084
78;13.6207715
79;17.8948396
80;19.6486246
81;19.6655655
82;17.6275713
83;15.2325112
84;13.6202564
85;12.5511959
86;11.2682004
87;10.6265301
88;10.8229114
89;12.5941512
90;18.5976178
91;20.9006904
92;20.1655853
93;19.5691312
94;13.9555648
95;6.26893866
96;5.71466503
97;5.66775205
98;5.75115532
99;5.90362526
100;5.85410415
101;6.53678333
102;14.8416032
103;19.4617897
104;20.9601907
105;21.4930112
106;18.7087402
107;16.2996054
108;14.7114051
109;13.4151978
110;12.303576
111;11.5830438
112;11.72503
113;13.8605591
114;20.686964
115;22.8599653
116;21.6938117
117;21.2117009
118;14.585059
119;7.03210491
120;6.24363077
121;5.68457268
122;5.68066381
123;5.6780579
124;5.68848217
125;6.63484039
126;15.2080823
127;20.1302628
128;21.4708092
129;21.5190267
130;19.2116654
131;16.6209972
132;14.9822314
133;13.9957815
134;12.5823449
135;11.807863
136;12.0758644
137;14.125658
138;21.0212653
139;22.7135314
140;21.5055453
141;21.1828104
142;14.5943375
143;7.38475263
144;5.99191679
145;5.63783841
146;5.48498538
147;5.37943001
148;5.38724806
149;6.29110078
150;14.2272737
151;18.6504616
152;19.9042502
153;20.2261331
154;18.1773464
155;15.668459
156;14.048408
157;13.3322093
158;12.6674489
159;11.5297145
160;12.2080484
161;13.4527888
162;19.0160361
163;21.3430893
164;21.0113251
165;19.9876535
166;14.8022516
167;6.57381358
168;4.49527843
169;4.05615447
170;4.03139425
171;4.03921358
172;4.23751237
173;4.80895481
174;11.2496726
175;16.2032524
176;16.2006456
177;16.5823085
178;14.7386107
179;13.0715038
180;11.8165488
181;11.6252031
182;11.5533095
183;11.2051454
184;10.8923866
185;11.809167
186;15.1874235
187;14.6062121
188;14.2363231
189;13.3103791
190;10.7238332
191;6.15338244
192;6.37902231
193;5.54239055
194;5.52023624
195;5.52284277
196;5.52545025
197;6.4385145
198;14.6718787
199;19.0614243
200;20.3287976
201;20.2453944
202;18.1884107
203;16.21813
204;14.9601812
205;13.0348207
206;11.9050599
207;11.7687912
208;11.4571845
209;13.4787867
210;19.394882
211;21.7382147
212;20.75869
213;20.3535582
214;14.119792
215;6.56522416
216;5.91182646
217;5.2706709
218;5.22099251
219;5.17320975
220;5.12210924
221;5.96813588
222;13.3325041
223;17.2984344
224;18.6329562
225;18.623681
226;16.6882815
227;14.8858039
228;13.7853895
229;13.1569924
230;11.9842154
231;10.4276209
232;10.4989516
233;12.6914184
234;18.2454902
235;20.1782831
236;19.5160052
237;19.5046198
238;13.956447
239;7.0856338
240;5.42810775
241;5.21178145
242;5.20787195
243;5.20526667
244;5.19223555
245;6.07945842
246;13.735283
247;18.0442023
248;19.8079449
249;19.8248858
250;17.7694659
251;15.3569802
252;13.7297891
253;12.6532604
254;11.3603075
255;10.7136583
256;10.912529
257;12.6987051
258;18.7494699
259;21.0699681
260;20.3273949
261;19.7284514
262;14.0626081
263;6.31374748
264;5.49782875
265;5.45091578
266;5.53431905
267;5.68678898
268;5.63726788
269;6.28168183
270;14.2548697
271;18.6964852
272;20.1438659
273;20.6766864
274;17.9817009
275;15.6618517
276;14.1501817
277;12.8922397
278;11.8316382
279;11.1366161
280;11.2658473
281;13.324846
282;19.9089044
283;21.9926202
284;20.8647319
285;20.3953761
286;14.0365908
287;6.80251356
288;6.3838611
289;5.82480302
290;5.82089415
291;5.81828824
292;5.82871251
293;6.79981725
294;15.5875291
295;20.6251934
296;21.9987352
297;22.0469527
298;19.6818495
299;17.0334394
300;15.3451805
301;14.3339841
302;12.8875521
303;12.0965726
304;12.3728228
305;14.4721095
306;21.5244447
307;23.2744528
308;22.0417201
309;21.7107363
310;14.9490377
311;7.53323181
312;6.07580935
313;5.47244761
314;5.31959458
315;5.21403921
316;5.47114062
317;6.2137773
318;14.2484447
319;20.6614081
320;20.7031086
321;21.2742749
322;18.3552421
323;15.9732421
324;14.6756231
325;15.1177739
326;15.4158183
327;14.6348446
328;15.0101565
329;15.1846147
330;18.4804104
331;18.6863093
332;18.0171944
333;16.7979781
334;13.4889386
335;6.60396746
336;7.17216273
337;6.92482255
338;6.90006232
339;6.90788165
340;6.91439668
341;8.09365024
342;18.6513617
343;24.331772
344;25.9067151
345;26.0965942
346;23.7935893
347;20.9000402
348;18.429463
349;16.8631711
350;15.4055113
351;14.4603561
352;14.5419847
353;17.2497387
354;25.4363845
355;27.6158854
356;27.0217528
357;26.0849889
358;18.6684139
359;9.03287045
360;8.18635994
361;7.34972818
362;7.32757386
363;7.3301804
364;7.33278788
365;8.56479406
366;19.5623217
367;25.440263
368;27.1328922
369;27.049489
370;24.2483075
371;21.5338289
372;19.6379962
373;17.3936938
374;15.8386771
375;15.4897804
376;15.2844877
377;17.9439738
378;25.8800347
379;28.9675652
380;27.6690986
381;27.1576528
382;18.6912931
383;8.47887577
384;8.78891206
385;8.1477565
386;8.0980781
387;8.05029535
388;7.99919483
389;9.35294246
390;21.1175592
391;27.4528541
392;29.4643372
393;29.4550621
394;26.3349803
395;23.3478203
396;21.2319639
397;20.0958459
398;18.2461076
399;16.3510324
400;16.5916034
401;19.7995122
402;28.5691503
403;31.6866255
404;30.5166266
405;30.3360009
406;21.2337811
407;10.1319597
408;9.03691038
409;8.82058407
410;8.81667458
411;8.81406929
412;8.80103817
413;10.3251086
414;23.5002783
415;30.7811528
416;33.3940253
417;33.4109663
418;29.8695688
419;25.9711056
420;23.0702194
421;21.3568432
422;19.2147602
423;18.1435461
424;18.5546993
425;21.6145705
426;31.6987029
427;35.5051786
428;34.1257579
429;33.3145319
430;23.1907559
431;10.1348326
432;9.10227101
433;9.05535804
434;9.13876131
435;9.29123124
436;9.24171014
437;10.5222021
438;24.0080664
439;31.4180461
440;33.7135309
441;34.2463514
442;30.0671838
443;26.2631525
444;23.4793264
445;21.5853064
446;19.6766008
447;18.5575267
448;18.8987838
449;22.2299386
450;32.8424913
451;36.4103893
452;34.6464229
453;33.9650411
454;23.1537095
455;10.6189818
456;9.1671634
457;8.60810531
458;8.60419644
459;8.60159053
460;8.6120148
461;10.0742905
462;23.1188176
463;30.4486132
464;32.4770497
465;32.5252672
466;29.0140983
467;25.2196226
468;22.5490218
469;21.0466543
470;18.9453277
471;17.8269008
472;18.2668747
473;21.3485034
474;31.5115883
475;34.407662
476;32.6837583
477;32.1890508
478;21.9891553
479;10.4802578
480;8.3965628
481;8.04248442
482;7.88963139
483;7.78407602
484;7.79189407
485;9.12009608
486;20.7339629
487;27.1374475
488;28.9570352
489;29.2789181
490;26.239983
491;22.7409473
492;20.2721976
493;19.1316497
494;17.9010902
495;16.4804563
496;17.30024
497;19.3936789
498;27.6444718
499;30.9616733
500;30.2055599
501;29.0404384
502;20.8845915
503;9.11990935
504;8.06857676
505;7.82123657
506;7.79647635
507;7.80429568
508;7.8108107
509;9.14825497
510;21.0769526
511;27.4955862
512;29.2814502
513;29.4713293
514;26.7992128
515;23.536552
516;20.7495934
517;19.0251108
518;17.3565301
519;16.3059144
520;16.4402733
521;19.4644087
522;28.6529289
523;31.2015415
524;30.4492182
525;29.459724
526;20.9358141
527;9.98201471
528;7.08253613
529;6.24590437
530;6.22375005
531;6.22635659
532;6.22896407
533;7.26617781
534;16.5755044
535;21.5444142
536;22.9773202
537;22.893917
538;20.5472512
539;18.2872882
540;16.7810405
541;14.7315305
542;13.4362371
543;13.217202
544;12.9469785
545;15.2168796
546;21.9192551
547;24.55227
548;23.4485958
549;23.0020808
550;15.8992681
551;7.31012114
552;6.78296054
553;6.14180498
554;6.09212658
555;6.04434382
556;5.99324331
557;6.9929995
558;15.6896904
559;20.3730252
560;21.9125198
561;21.9032446
562;19.6091428
563;17.4479629
564;16.0400894
565;15.2579628
566;13.8802131
567;12.2211322
568;12.3437061
569;14.843632
570;21.3713242
571;23.6628194
572;22.8468119
573;22.7841834
574;16.1599038
575;8.00801105
576;4.05105329
577;3.66230845
578;3.65839896
579;3.65579368
580;3.81518109
581;4.3376485
582;9.86677027
583;14.3701013
584;14.9578291
585;15.1471886
586;13.0807721
587;11.3469639
588;10.4492837
589;10.4271847
590;10.1378279
591;9.90676762
592;9.81163464
593;10.3510442
594;13.2295985
595;13.4920709
596;12.7694161
597;12.1196392
598;9.52433971
599;4.81510787
600;2.98194009
601;2.80991659
602;2.89331987
603;3.0457898
604;3.12137922
605;3.23347146
606;7.34386771
607;10.6775309
608;10.9147073
609;11.5726383
610;9.4941842
611;8.29130843
612;7.84428191
613;7.61910369
614;7.64359601
615;7.42856559
616;7.25524561
617;7.87426934
618;10.4614044
619;10.4272626
620;9.58147486
621;9.16444915
622;6.90724736
623;4.10918433
624;3.55734485
625;2.99828676
626;2.99437789
627;2.99177198
628;3.00219625
629;3.47450401
630;7.93930861
631;10.6492536
632;11.3577328
633;11.4059503
634;10.2047067
635;8.72015626
636;8.02949139
637;7.51709194
638;6.73572261
639;6.27727439
640;6.38725897
641;7.48895164
642;11.3822393
643;11.9683878
644;11.2344521
645;11.0697339
646;7.79961424
647;4.54044989
648;4.26682342
649;3.91274504
650;3.759892
651;3.65433664
652;3.66215469
653;4.26157916
654;9.55937395
655;12.5618967
656;13.4097811
657;13.731664
658;12.3932098
659;10.594655
660;9.58346042
661;9.17169003
662;8.91283395
663;7.97805165
664;8.55490954
665;9.19079341
666;12.8259952
667;14.4427158
668;14.4153799
669;13.4931843
670;10.4387802
671;4.74724412
672;3.57300223
673;3.17779353
674;3.1530333
675;3.16085263
676;3.31523617
677;3.75493284
678;8.79036235
679;12.6460607
680;12.6434539
681;12.9812015
682;11.6644868
683;10.348702
684;9.35723854
685;9.12197764
686;9.09399923
687;8.78975041
688;8.47699159
689;9.26202626
690;12.0254692
691;11.4442578
692;11.293945
693;10.4558316
694;8.65976033
695;5.18719098
696;5.64478896
697;4.8081572
698;4.78600289
699;4.78860943
700;4.7912169
701;5.57471056
702;12.6851297
703;16.4700125
704;17.564625
705;17.4812218
706;15.7265695
707;14.0586201
708;13.0598125
709;11.2640226
710;10.3070227
711;10.2571343
712;9.9023374
713;11.6647984
714;16.76028
715;18.8012813
716;17.9513272
717;17.5893856
718;12.2626136
719;5.78780062
720;5.96932306
721;5.3281675
722;5.27848911
723;5.23070635
724;5.17960584
725;6.03577894
726;13.4880831
727;17.5013636
728;18.849414
729;18.8401388
730;16.8810642
731;15.0549115
732;13.9342042
733;13.2956607
734;12.109355
735;10.5459962
736;10.6207091
737;12.8334688
738;18.4518015
739;20.4082695
740;19.7358451
741;19.7210776
742;14.1018796
743;7.14651255
744;5.82185871
745;5.58050718
746;5.57614542
747;5.57323875
748;5.55870015
749;6.5072322
750;14.6905345
751;19.3050612
752;21.2177354
753;21.2366361
754;19.0398698
755;16.4447312
756;14.7119565
757;13.5522193
758;12.1647969
759;11.4708931
760;11.678994
761;13.5891454
762;20.0781404
763;22.5706501
764;21.7835011
765;21.129046
766;15.0970527
767;6.79617594
768;6.12594315
769;6.07360316
770;6.16665475
771;6.33676283
772;6.28151298
773;6.99908224
774;15.8825641
775;20.8315005
776;22.4444619
777;23.0389205
778;20.0354203
779;17.4504532
780;15.7666937
781;14.3646218
782;13.1831833
783;12.4086874
784;12.5524042
785;14.846809
786;22.1837117
787;24.5052288
788;23.2482555
789;22.7250675
790;15.6404263
791;7.58109341
792;7.26162921
793;6.63789774
794;6.63353669
795;6.63062932
796;6.6422595
797;7.75028057
798;17.7675733
799;23.5026977
800;25.067903
801;25.1216984
802;22.425649
803;19.4135189
804;17.4808051
805;16.3280544
806;14.6815268
807;13.7826604
808;14.0990601
809;16.4903506
810;24.5141691
811;26.5239675
812;25.1240526
813;24.7465876
814;17.0306433
815;8.55215437
816;7.56912843
817;7.17408929
818;7.0035538
819;6.8857875
820;6.89450996
821;8.05893171
822;18.2652597
823;23.9281755
824;25.5350177
825;25.8941369
826;23.2443203
827;20.0811772
828;17.9616964
829;17.0066371
830;16.0569636
831;14.683607
832;15.4924154
833;17.1931685
834;24.3880437
835;27.3483174
836;26.822165
837;25.6280693
838;18.7507438
839;8.27034359
840;6.43372902
841;6.15777584
842;6.13015129
843;6.13887518
844;6.14614388
845;7.18508805
846;16.5658294
847;21.6119646
848;23.0001298
849;23.2119746
850;21.2882521
851;18.7056696
852;16.5027465
853;15.0319904
854;13.7746761
855;12.9046685
856;12.9034973
857;15.3710343
858;22.7521188
859;24.5380501
860;24.1519153
861;23.1990268
862;16.8615828
863;8.41744564
864;6.75374001
865;5.56118264
866;5.53646545
867;5.53937352
868;5.80142438
869;6.57303418
870;15.1723451
871;21.7672035
872;21.8151828
873;21.981273
874;18.9671436
875;17.0863141
876;16.1770028
877;15.3125586
878;15.1589695
879;15.4307987
880;14.7416427
881;15.7255237
882;19.465459
883;19.6893621
884;18.3253201
885;17.6965398
886;13.2486213
887;6.87912213
888;7.86594823
889;7.15062203
890;7.09519671
891;7.04188631
892;6.98487435
893;8.15292911
894;18.3119253
895;23.7827134
896;25.5704929
897;25.5601448
898;22.877819
899;20.3437917
900;18.6677635
901;17.7425143
902;16.1351907
903;14.2490867
904;14.4033883
905;17.2978005
906;24.9140464
907;27.5934641
908;26.6304146
909;26.542993
910;18.7838903
911;9.25026397
912;6.77378321
913;6.53243168
914;6.52806993
915;6.52516325
916;6.51062466
917;7.62714339
918;17.2663302
919;22.6647948
920;24.8014512
921;24.8203519
922;22.2316166
923;19.2445091
924;17.1757611
925;15.8480372
926;14.2366326
927;13.4307377
928;13.6948341
929;15.9409589
930;23.4938695
931;26.3783481
932;25.4232125
933;24.7127617
934;17.5048618
935;7.80409601
936;6.90865631
937;6.85631632
938;6.94936791
939;7.11947599
940;7.06422614
941;7.91992125
942;18.0004938
943;23.5940176
944;25.3911467
945;25.9856053
946;22.6598115
947;19.7525507
948;17.7925395
949;16.2523417
950;14.8867355
951;14.0201556
952;14.2099144
953;16.7805709
954;24.9922706
955;27.6360815
956;26.2409823
957;25.6717523
958;17.6202302
959;8.40984851
960;7.53591577
961;6.9121843
962;6.90782324
963;6.90491587
964;6.91654605
965;8.07297064
966;18.5097605
967;24.4707679
968;26.1005112
969;26.1543067
970;23.3453156
971;20.220244
972;18.1907232
973;16.989569
974;15.2785035
975;14.347368
976;14.6799023
977;17.1679997
978;25.4983738
979;27.6211137
980;26.1727953
981;25.7791959
982;17.7244269
983;8.84257543
984;7.02725195
985;6.63221281
986;6.46167732
987;6.34391102
988;6.35263348
989;7.42142997
990;16.7990057
991;22.0156703
992;23.4950122
993;23.8541314
994;21.4274403
995;18.4874228
996;16.5591926
997;15.6997586
998;14.8775854
999;13.5679789
1000;14.3449123
1001;15.8544148
1002;22.4436634
1003;25.1808115
1004;24.7502844
1005;23.5880637
1006;17.3801151
1007;7.69659203
1008;6.56071404
1009;6.28476086
1010;6.2571363
1011;6.26586019
1012;6.2731289
1013;7.33448218
1014;16.9094359
1015;22.060147
1016;23.478191
1017;23.6900359
1018;21.7140254
1019;19.0791549
1020;16.8314136
1021;15.3382484
1022;14.0510553
1023;13.1661083
1024;13.1724067
1025;15.684762
1026;23.2077709
1027;25.0459902
1028;24.6374462
1029;23.6770881
1030;17.1827802
1031;8.55190036
1032;6.66982308
1033;5.48126151
1034;5.45654433
1035;5.4594524
1036;5.71750746
1037;6.47712985
1038;14.9485751
1039;21.4435384
1040;21.4915177
1041;21.6536121
1042;18.6874324
1043;16.8385693
1044;15.9532328
1045;15.0847928
1046;14.9351995
1047;15.2110245
1048;14.5218685
1049;15.4937621
1050;19.1777562
1051;19.4016593
1052;18.0575962
1053;17.4368075
1054;13.0608135
1055;6.7912094
1056;6.6632668
1057;5.68964531
1058;5.63421999
1059;5.58090959
1060;5.78219292
1061;6.55562579
1062;14.8443374
1063;21.3148049
1064;21.5432407
1065;21.7911878
1066;18.73817
1067;16.8666319
1068;15.9798474
1069;16.4824012
1070;16.176126
1071;14.8113986
1072;14.5758642
1073;15.9061469
1074;19.7316443
1075;19.6822107
1076;18.5971924
1077;18.3830162
1078;14.1611525
1079;7.91604191
1080;6.44598829
1081;6.20463675
1082;6.200275
1083;6.19736833
1084;6.18282973
1085;7.2415023
1086;16.3793557
1087;21.5078715
1088;23.5673997
1089;23.5863004
1090;21.1325395
1091;18.2804064
1092;16.3273507
1093;15.057473
1094;13.5231966
1095;12.7558658
1096;13.0006802
1097;15.1311126
1098;22.3176642
1099;25.0671684
1100;24.1698789
1101;23.4787103
1102;16.6757335
1103;7.45701903
1104;5.29211969
1105;5.2397797
1106;5.33283129
1107;5.50293937
1108;5.44768952
1109;6.01811346
1110;13.6263359
1111;17.8885942
1112;19.3053618
1113;19.8998204
1114;17.2396593
1115;14.9980313
1116;13.6085624
1117;12.3536358
1118;11.3683911
1119;10.691992
1120;10.7866604
1121;12.7867745
1122;19.1917569
1123;21.169935
1124;20.060107
1125;19.5859674
1126;13.5313434
1127;6.6982215
1128;7.41683104
1129;6.79309958
1130;6.78873852
1131;6.78583115
1132;6.79746133
1133;7.93287096
1134;18.1875312
1135;24.0504689
1136;25.6521923
1137;25.7059877
1138;22.9460316
1139;19.8699949
1140;17.8825039
1141;16.7023647
1142;15.0193191
1143;14.1021936
1144;14.4277229
1145;16.8737904
1146;25.0710698
1147;27.1447748
1148;25.7174714
1149;25.3308769
1150;17.4232126
1151;8.71648572
1152;7.82510296
1153;7.43006382
1154;7.25952833
1155;7.14176203
1156;7.15048449
1157;8.36007821
1158;18.9578967
1159;24.831615
1160;26.4986865
1161;26.8578058
1162;24.1025878
1163;20.8340434
1164;18.6242188
1165;17.6239875
1166;16.6140846
1167;15.2106134
1168;16.0344791
1169;17.8255762
1170;25.3065405
1171;28.3722155
1172;27.8008912
1173;26.5917381
1174;19.3982088
1175;8.54137545
1176;7.9966089
1177;7.72065572
1178;7.69303116
1179;7.70175505
1180;7.70902376
1181;9.02377025
1182;20.7947984
1183;27.1280112
1184;28.8839129
1185;29.0957577
1186;26.5284964
1187;23.3023751
1188;20.5478474
1189;18.801289
1190;17.1762382
1191;16.1223624
1192;16.2131253
1193;19.232267
1194;28.3600995
1195;30.7895696
1196;30.1276324
1197;29.0828099
1198;20.8147496
1199;10.0722596
1200;8.58910682
1201;7.65569119
1202;7.63097401
1203;7.63388207
1204;7.63679119
1205;8.91527093
1206;20.3526042
1207;26.4622963
1208;28.2226692
1209;28.1296176
1210;25.2285005
1211;22.4241163
1212;20.5010651
1213;18.0931839
1214;16.486343
1215;16.1611172
1216;15.9000596
1217;18.6751057
1218;26.920926
1219;30.1415178
1220;28.7888893
1221;28.2502941
1222;19.4768608
1223;8.88344558
1224;7.39398602
1225;6.67865982
1226;6.62323449
1227;6.56992409
1228;6.51291213
1229;7.59767944
1230;17.0348511
1231;22.1169644
1232;23.793694
1233;23.7833458
1234;21.2953574
1235;18.9556676
1236;17.4462142
1237;16.6042525
1238;15.1079788
1239;13.2773998
1240;13.4039389
1241;16.1317762
1242;23.2205349
1243;25.7056153
1244;24.8258532
1245;24.7661941
1246;17.5901035
1247;8.75053927
1248;6.7056251
1249;6.46427357
1250;6.45991181
1251;6.45700514
1252;6.44246654
1253;7.54695737
1254;17.0819024
1255;22.4242367
1256;24.5448559
1257;24.5637566
1258;22.0030865
1259;19.0440441
1260;16.9993519
1261;15.6836559
1262;14.0882885
1263;13.2904121
1264;13.5504993
1265;15.7725683
1266;23.2493022
1267;26.1057156
1268;25.1626079
1269;24.4561665
1270;17.3324619
1271;7.73192859
1272;7.42457902
1273;7.37223902
1274;7.46529061
1275;7.63539869
1276;7.58014885
1277;8.52688914
1278;19.3965199
1279;25.4149212
1280;27.333444
1281;27.9279026
1282;24.38967
1283;21.2699705
1284;19.1278689
1285;17.4966259
1286;16.0096261
1287;15.0823494
1288;15.3024566
1289;18.0552035
1290;26.8435227
1291;29.6997723
1292;28.2136279
1293;27.6140496
1294;18.9252111
1295;8.95611961
1296;6.16274251
1297;5.28696442
1298;5.28260337
1299;5.279696
1300;5.5433728
1301;6.27950093
1302;14.5860013
1303;21.3581381
1304;21.4192996
1305;21.7251417
1306;18.6366093
1307;16.2401828
1308;15.0512549
1309;15.2785836
1310;14.8840531
1311;14.485162
1312;14.4255508
1313;15.3169155
1314;19.7251789
1315;19.1029008
1316;17.5707856
1317;17.0652383
1318;12.7086844
1319;7.32930336
1320;7.26768583
1321;6.57124076
1322;6.40070526
1323;6.28293896
1324;6.59306735
1325;7.49146866
1326;17.2007217
1327;24.937674
1328;24.9841986
1329;25.6447238
1330;22.1085918
1331;19.2647571
1332;17.6773173
1333;18.1939021
1334;18.5031403
1335;17.6085366
1336;18.0272656
1337;18.29176
1338;22.2948094
1339;22.5245273
1340;21.6615835
1341;20.2547553
1342;16.1437907
1343;7.88022751
1344;8.55391692
1345;8.27796374
1346;8.25033918
1347;8.25906307
1348;8.26633178
1349;9.67942675
1350;22.3028084
1351;29.0949807
1352;30.9820137
1353;31.1938585
1354;28.3971174
1355;24.9415163
1356;21.9902917
1357;20.1453848
1358;18.3892027
1359;17.2697612
1360;17.393307
1361;20.6091456
1362;30.3598518
1363;33.0188017
1364;32.258516
1365;31.1809107
1366;22.2244111
1367;10.6623505
1368;9.98372321
1369;9.05030758
1370;9.0255904
1371;9.02849847
1372;9.03140758
1373;10.5559961
1374;24.126272
1375;31.3844719
1376;33.4729897
1377;33.3799382
1378;29.9045672
1379;26.5259292
1380;24.1106605
1381;21.4566705
1382;19.5216846
1383;19.0323862
1384;18.8533649
1385;22.1206285
1386;31.9251377
1387;35.7199834
1388;34.1212461
1389;33.5006146
1390;23.0044199
1391;10.3600982
1392;8.92152052
1393;7.84036965
1394;7.78494432
1395;7.73163392
1396;8.04044664
1397;9.13646768
1398;20.8661197
1399;30.0248218
1400;30.2532577
1401;30.6087342
1402;26.2653637
1403;23.5335905
1404;22.0016297
1405;22.6117129
1406;22.1979082
1407;20.7256515
1408;20.4901171
1409;22.1429879
1410;27.4738968
1411;27.4244632
1412;25.801798
1413;25.372563
1414;19.2151703
1415;10.281825
1416;8.13416318
1417;7.93759361
1418;7.93404116
1419;7.93167381
1420;7.9198328
1421;9.29104982
1422;21.1445444
1423;27.69671
1424;30.0527365
1425;30.0681303
1426;26.8820421
1427;23.3714983
1428;20.7628704
1429;19.2196366
1430;17.2914032
1431;16.3271296
1432;16.6961787
1433;19.4492718
1434;28.5259076
1435;31.9528649
1436;30.713087
1437;29.9805031
1438;20.8769527
1439;9.12725979
1440;7.52129634
1441;7.47866785
1442;7.55445403
1443;7.69299914
1444;7.64800071
1445;8.67925116
1446;19.7869054
1447;25.9027609
1448;27.8122078
1449;28.2963666
1450;24.807567
1451;21.659643
1452;19.3946519
1453;17.8059059
1454;16.2479144
1455;15.3192411
1456;15.585233
1457;18.3475662
1458;27.1530151
1459;30.0863714
1460;28.6158014
1461;28.0407479
1462;19.1428718
1463;8.85538965
1464;5.86236516
1465;5.1089396
1466;5.10538772
1467;5.1030198
1468;5.35791739
1469;6.07789482
1470;14.1277962
1471;20.6470141
1472;20.6968273
1473;20.9860666
1474;17.9888594
1475;15.7159207
1476;14.5067236
1477;14.7320173
1478;14.3705456
1479;14.0055222
1480;13.9569716
1481;14.803382
1482;18.9557388
1483;18.4489223
1484;17.0003603
1485;16.5083254
1486;12.237503
1487;6.85261973
1488;4.06373623
1489;3.58486384
1490;3.44597063
1491;3.35005546
1492;3.51429092
1493;3.98094792
1494;9.0614928
1495;13.1541383
1496;13.1920304
1497;13.6416477
1498;11.8218289
1499;10.2124555
1500;9.44965768
1501;9.7820423
1502;10.1222521
1503;9.48198867
1504;9.82302397
1505;9.77339333
1506;11.7967952
1507;11.9838897
1508;11.7228105
1509;10.7537138
1510;8.99581875
1511;4.47427322
1512;3.68573559
1513;3.30571479
1514;3.28321587
1515;3.29032108
1516;3.45151089
1517;3.91376839
1518;9.15830817
1519;13.1845187
1520;13.1821499
1521;13.5099575
1522;12.0626257
1523;10.6997624
1524;9.67341248
1525;9.48054345
1526;9.43421439
1527;9.13684626
1528;8.85265119
1529;9.62870753
1530;12.4324519
1531;11.9043216
1532;11.6632073
1533;10.8598256
1534;8.85148098
1535;5.17340896
1536;5.58235534
1537;4.82213181
1538;4.80200081
1539;4.8043693
1540;4.80673864
1541;5.59863517
1542;12.7526413
1543;16.5649946
1544;17.6662487
1545;17.5904626
1546;15.809491
1547;14.1073039
1548;13.0397996
1549;11.3280582
1550;10.3518487
1551;10.2532111
1552;9.95746999
1553;11.7188845
1554;16.8554052
1555;18.896574
1556;18.0442868
1557;17.6887479
1558;12.2887548
1559;5.73895866
1560;4.93994573
1561;4.35734587
1562;4.31220452
1563;4.26878569
1564;4.2223521
1565;4.9148837
1566;10.9460265
1567;14.1940204
1568;15.3050241
1569;15.296596
1570;13.7158206
1571;12.2558275
1572;11.4083698
1573;10.913592
1574;9.9495612
1575;8.58594717
1576;8.62535375
1577;10.4651285
1578;15.0291736
1579;16.6075804
1580;16.082016
1581;16.0970801
1582;11.5892145
1583;5.98114153
1584;3.36174801
1585;3.02371184
1586;3.0201594
1587;3.01779205
1588;3.14741763
1589;3.57655326
1590;8.11414193
1591;11.8260603
1592;12.3601119
1593;12.5169722
1594;10.821741
1595;9.36792053
1596;8.6434554
1597;8.60816938
1598;8.36044432
1599;8.16569161
1600;8.07924698
1601;8.52377748
1602;10.9265648
1603;11.165066
1604;10.5844363
1605;10.0244129
1606;7.93983206
1607;4.04081749
1608;4.17674514
1609;4.13411665
1610;4.20990284
1611;4.34844794
1612;4.30344952
1613;4.74448505
1614;10.7369434
1615;14.0984626
1616;15.2209562
1617;15.705115
1618;13.5934836
1619;11.8227277
1620;10.7381665
1621;9.73963541
1622;8.96859709
1623;8.43340036
1624;8.50265395
1625;10.0845573
1626;15.1519785
1627;16.7081666
1628;15.8278116
1629;15.4494964
1630;10.6831246
1631;5.31410015
1632;4.41020909
1633;3.90220888
1634;3.898657
1635;3.89628908
1636;3.90576132
1637;4.54277235
1638;10.4010795
1639;13.833442
1640;14.7543348
1641;14.7981487
1642;13.2216565
1643;11.3877314
1644;10.3444671
1645;9.6710259
1646;8.68389992
1647;8.12876212
1648;8.29798145
1649;9.71473506
1650;14.5687648
1651;15.5863374
1652;14.7115925
1653;14.4926384
1654;10.0663048
1655;5.37280819
1656;3.53231629
1657;3.21057532
1658;3.0716821
1659;2.97576694
1660;2.98287098
1661;3.46669951
1662;7.75327578
1663;10.1976094
1664;10.8869226
1665;11.1794084
1666;10.1051799
1667;8.61287096
1668;7.81573013
1669;7.50241754
1670;7.34833767
1671;6.53949518
1672;7.04338574
1673;7.49949241
1674;10.4173044
1675;11.7443857
1676;11.7803978
1677;10.9627087
1678;8.61321871
1679;3.94857712
1680;2.99943052
1681;2.77467951
1682;2.7521806
1683;2.7592858
1684;2.76520583
1685;3.21598767
1686;7.4294531
1687;9.69414288
1688;10.2975524
1689;10.4700902
1690;9.8258839
1691;8.64506689
1692;7.64166826
1693;6.83919571
1694;6.34235814
1695;5.89737065
1696;5.76462016
1697;6.98353458
1698;10.4909488
1699;11.0229305
1700;11.1038314
1701;10.4595448
1702;8.0657203
1703;4.48327868
1704;4.35573689
1705;3.59551336
1706;3.57538237
1707;3.57775085
1708;3.58012019
1709;4.15555465
1710;9.4335561
1711;12.235753
1712;13.0483911
1713;12.9726049
1714;11.6967115
1715;10.4996026
1716;9.86502242
1717;8.36974313
1718;7.68214973
1719;7.72782023
1720;7.35992505
1721;8.68841536
1722;12.4540096
1723;13.9901003
1724;13.3542751
1725;13.0708903
1726;9.18613168
1727;4.44018619
1728;3.80278427
1729;3.08715008
1730;3.04200873
1731;2.9985899
1732;3.08519065
1733;3.48311029
1734;7.7591554
1735;11.0956713
1736;11.2817216
1737;11.4063279
1738;9.84780871
1739;8.94220919
1740;8.68397537
1741;9.01594691
1742;8.84383511
1743;7.80966339
1744;7.61783164
1745;8.46927944
1746;10.502277
1747;10.4620156
1748;9.96499446
1749;9.94522817
1750;7.89874935
1751;4.74577609
1752;3.83883586
1753;3.64226629
1754;3.63871384
1755;3.63634649
1756;3.62450548
1757;4.23772356
1758;9.52189396
1759;12.5367313
1760;13.8820925
1761;13.8974862
1762;12.4800622
1763;10.7381826
1764;9.6455526
1765;8.86031774
1766;7.94274962
1767;7.48380868
1768;7.60019146
1769;8.83728666
1770;13.1132625
1771;14.7715557
1772;14.2897766
1773;13.8098591
1774;10.0123012
1775;4.57926616
1776;3.34635528
1777;3.30372679
1778;3.37951298
1779;3.51805808
1780;3.47305966
1781;3.7675558
1782;8.4900061
1783;11.1676749
1784;12.0947826
1785;12.5789414
1786;10.8092352
1787;9.38040463
1788;8.58892212
1789;7.73693046
1790;7.16127799
1791;6.72377418
1792;6.74418131
1793;8.03300593
1794;12.1723443
1795;13.3866072
1796;12.6527915
1797;12.3233228
1798;8.58272676
1799;4.43486383
1800;6.21651465
1801;5.70851444
1802;5.70496256
1803;5.70259465
1804;5.71206688
1805;6.66783772
1806;15.2887298
1807;20.2086382
1808;21.554544
1809;21.5983579
1810;19.2780928
1811;16.7003948
1812;15.0196109
1813;14.0274099
1814;12.6152709
1815;11.8476265
1816;12.1230991
1817;14.1773723
1818;21.0502142
1819;22.8115597
1820;21.618055
1821;21.2928476
1822;14.6351953
1823;7.28536703
1824;7.66647473
1825;7.34473375
1826;7.20584054
1827;7.10992538
1828;7.11702941
1829;8.33041532
1830;18.9398221
1831;24.7887569
1832;26.4508132
1833;26.743299
1834;23.96677
1835;20.7721605
1836;18.5159049
1837;17.4730349
1838;16.3462119
1839;15.0509978
1840;15.7980742
1841;17.7132956
1842;25.2516376
1843;28.2810195
1844;27.5874742
1845;26.5265993
1846;19.0702077
1847;8.32592135
1848;6.96101115
1849;6.73626014
1850;6.71376123
1851;6.72086643
1852;6.72678645
1853;7.87667076
1854;18.1490242
1855;23.6761921
1856;25.2117383
1857;25.3842761
1858;23.1088307
1859;20.2967746
1860;17.8951711
1861;16.393596
1862;14.9646219
1863;14.0535661
1864;14.1538497
1865;16.7709691
1866;24.7060322
1867;26.869253
1868;26.2510515
1869;25.3737307
1870;18.0861889
1871;8.67789346
1872;6.57734572
1873;5.55479312
1874;5.53466213
1875;5.53703061
1876;5.80172902
1877;6.58397983
1878;15.2283641
1879;21.8813238
1880;21.9204007
1881;22.1069436
1882;19.0368334
1883;17.0948238
1884;16.046611
1885;15.3938316
1886;15.2174703
1887;15.3875923
1888;14.8263068
1889;15.7814426
1890;19.5452284
1891;19.7275871
1892;18.3602874
1893;17.7456347
1894;13.2001489
1895;6.73073381
1896;5.32511115
1897;4.53698958
1898;4.49184824
1899;4.4484294
1900;4.60751753
1901;5.22289928
1902;11.8185403
1903;16.9672404
1904;17.1532908
1905;17.3503844
1906;14.9220168
1907;13.4365183
1908;12.7433602
1909;13.1478192
1910;12.90322
1911;11.7965609
1912;11.6047291
1913;12.6736391
1914;15.7214598
1915;15.6811984
1916;14.8217404
1917;14.6569994
1918;11.3057479
1919;6.34059034
1920;5.91877305
1921;5.72220348
1922;5.71865104
1923;5.71628369
1924;5.70444268
1925;6.6847085
1926;15.1499593
1927;19.8776861
1928;21.7124443
1929;21.727838
1930;19.4539693
1931;16.855645
1932;15.0289195
1933;13.8766369
1934;12.4696717
1935;11.7660323
1936;12.0047643
1937;13.975955
1938;20.5765666
1939;23.0913044
1940;22.2424777
1941;21.6402108
1942;15.2733188
1943;6.7815526
1944;5.32798395
1945;5.28535546
1946;5.36114165
1947;5.49968675
1948;5.45468832
1949;6.09888364
1950;13.8520601
1951;18.1616584
1952;19.5550317
1953;20.0391905
1954;17.4535196
1955;15.2087242
1956;13.7178434
1957;12.5161525
1958;11.4742345
1959;10.8035979
1960;10.9405714
1961;12.9287944
1962;19.2828942
1963;21.3131218
1964;20.229607
1965;19.7835719
1966;13.5950816
1967;6.53305888
1968;3.78197557
1969;3.12761019
1970;3.12405831
1971;3.1216904
1972;3.2775278
1973;3.7003247
1974;8.58030033
1975;12.6230138
1976;12.672827
1977;12.8630061
1978;11.054521
1979;9.57406375
1980;8.95922771
1981;9.08546131
1982;8.8230497
1983;8.55708649
1984;8.50853594
1985;9.05776577
1986;11.8232801
1987;11.3164636
1988;10.3632025
1989;10.0692879
1990;7.58154876
1991;4.67316997
1992;3.68354927
1993;3.22277992
1994;3.08388671
1995;2.98797155
1996;3.13410396
1997;3.54645182
1998;8.04769922
1999;11.6877685
2000;11.7256606
2001;12.1571749
2002;10.5545927
2003;9.0900436
2004;8.4358641
2005;8.75014567
2006;9.10845847
2007;8.48629813
2008;8.82733343
2009;8.72339365
2010;10.4933529
2011;10.6804474
2012;10.5098834
2013;9.57699281
2014;8.14495258
2015;4.07598321
2016;4.31098039
2017;4.08622938
2018;4.06373047
2019;4.07083567
2020;4.07675569
2021;4.75898752
2022;10.9783527
2023;14.3231424
2024;15.2351519
2025;15.4076897
2026;14.2234335
2027;12.5025665
2028;11.0362679
2029;10.0023454
2030;9.19690786
2031;8.59762038
2032;8.54201988
2033;10.2238342
2034;15.1970983
2035;16.26913
2036;16.1185809
2037;15.3971443
2038;11.38317
2039;5.87197854
2040;4.352695
2041;3.59247147
2042;3.57234047
2043;3.57470896
2044;3.5770783
2045;4.15197595
2046;9.42532508
2047;12.2250169
2048;13.0369392
2049;12.9611531
2050;11.6865122
2051;10.4906558
2052;9.85714927
2053;8.36240679
2054;7.67552913
2055;7.7215575
2056;7.35348338
2057;8.68090009
2058;12.4430945
2059;13.9779327
2060;13.3426443
2061;13.0594384
2062;9.17843747
2063;4.43696536
2064;3.8104714
2065;3.22787155
2066;3.1827302
2067;3.13931136
2068;3.09287778
2069;3.58609038
2070;7.88980182
2071;10.2076405
2072;11.0528855
2073;11.0444574
2074;9.92875965
2075;8.93384422
2076;8.48502446
2077;8.18956568
2078;7.49129356
2079;6.26055885
2080;6.23352577
2081;7.67466252
2082;10.9763539
2083;12.0896831
2084;11.7634377
2085;11.8449415
2086;8.73230886
2087;4.78522754
2088;3.23281992
2089;3.03625035
2090;3.0326979
2091;3.03033055
2092;3.01848954
2093;3.52476364
2094;7.88208613
2095;10.3978515
2096;11.6006207
2097;11.6160145
2098;10.4481264
2099;8.95578283
2100;8.07704076
2101;7.39874989
2102;6.62377375
2103;6.23612881
2104;6.3168636
2105;7.34007082
2106;10.9387348
2107;12.3474919
2108;11.9726569
2109;11.5283873
2110;8.47943736
2111;3.93760222
2112;2.80322583
2113;2.64245507
2114;2.71824126
2115;2.85678636
2116;2.92993021
2117;3.04515895
2118;6.92281208
2119;10.0634647
2120;10.2789801
2121;10.8812812
2122;8.93915421
2123;7.81047196
2124;7.37752425
2125;7.1773691
2126;7.19516668
2127;6.99531674
2128;6.8378258
2129;7.41368878
2130;9.82695552
2131;9.79593184
2132;9.00509906
2133;8.61724384
2134;6.48594647
2135;3.83197858
2136;3.11563172
2137;2.49299508
2138;2.4894432
2139;2.48707528
2140;2.61118395
2141;2.93879462
2142;6.80345055
2143;10.0529455
2144;10.1027587
2145;10.261209
2146;8.83346887
2147;7.60684153
2148;7.18237793
2149;7.2768828
2150;7.04619992
2151;6.81196546
2152;6.7634149
2153;7.21745851
2154;9.53877051
2155;9.03195397
2156;8.23733655
2157;8.00687945
2158;6.09025765
2159;3.97509737
2160;4.29861107
2161;4.02586343
2162;3.90812029
2163;3.82681067
2164;3.83283294
2165;4.47313568
2166;10.1015999
2167;13.2477521
2168;14.1389657
2169;14.386913
2170;12.9392478
2171;11.1371657
2172;10.0011109
2173;9.5053587
2174;9.06787538
2175;8.22876693
2176;8.73264371
2177;9.57959551
2178;13.5107094
2179;15.1727241
2180;14.9731029
2181;14.2032114
2182;10.6004449
2183;4.728202
2184;2.29762594
2185;2.01484506
2186;1.99577219
2187;2.00179544
2188;2.09906798
2189;2.37281894
2190;5.55883927
2191;7.98765615
2192;7.98564811
2193;8.22416653
2194;7.46969204
2195;6.62933557
2196;5.9955057
2197;5.79263396
2198;5.79273167
2199;5.58001747
2200;5.33909841
2201;5.87886427
2202;7.7044587
2203;7.25674982
2204;7.24921128
2205;6.6469091
2206;5.65308224
2207;3.51939081
2208;1.75662718
2209;1.07163772
2210;1.05457219
2211;1.05658001
2212;1.09911807
2213;1.21669143
2214;2.72544299
2215;3.8189881
2216;3.85211454
2217;3.82839828
2218;3.40802986
2219;3.21656694
2220;3.41909076
2221;2.68386063
2222;2.71620807
2223;3.04227784
2224;2.56646251
2225;2.83059469
2226;3.47530226
2227;3.62989212
2228;3.38006507
2229;3.22271551
2230;2.64275466
2231;1.70480477
2232;1.68912539
2233;1.15553606
2234;1.11726864
2235;1.08046144
2236;1.08080385
2237;1.1989165
2238;2.48554664
2239;3.48721316
2240;3.64493256
2241;3.67749314
2242;3.23315252
2243;3.05002311
2244;3.26953898
2245;3.47788817
2246;3.40505597
2247;2.60143465
2248;2.43881422
2249;2.94139371
2250;3.64181888
2251;3.60768829
2252;3.55170722
2253;3.68109317
2254;3.26152427
2255;2.41545129
2256;2.20216339
2257;2.03552659
2258;2.03251509
2259;2.03050824
2260;2.02047032
2261;2.35464354
2262;5.22505218
2263;6.91435862
2264;7.80729848
2265;7.82034812
2266;7.05198556
2267;6.0085741
2268;5.45365837
2269;4.97366236
2270;4.4433731
2271;4.17809549
2272;4.21486712
2273;4.89224947
2274;7.3412093
2275;8.31376247
2276;8.09101333
2277;7.74606444
2278;5.82644895
2279;2.76795525
2280;2.25335177
2281;2.12291979
2282;2.18716559
2283;2.30461363
2284;2.36076215
2285;2.44087244
2286;5.5406194
2287;8.05659425
2288;8.23929193
2289;8.74401989
2290;7.16791932
2291;6.25796641
2292;5.92608996
2293;5.75055627
2294;5.77150101
2295;5.60794067
2296;5.47443177
2297;5.94503289
2298;7.90881544
2299;7.88251592
2300;7.24139429
2301;6.92431461
2302;5.22299356
2303;3.11959315
2304;1.66558766
2305;1.18421822
2306;1.1812072
2307;1.17919986
2308;1.23795503
2309;1.37631427
2310;3.16592457
2311;4.75923128
2312;4.80145917
2313;4.88932657
2314;4.23645372
2315;3.56825004
2316;3.48715051
2317;3.52080981
2318;3.3717091
2319;3.21959762
2320;3.17844013
2321;3.42397964
2322;4.74144552
2323;4.31180483
2324;3.87046216
2325;3.76800761
2326;2.97942648
2327;2.3477228
2328;1.48909377
2329;1.17627134
2330;1.05852819
2331;0.977218577
2332;1.02331564
2333;1.13952414
2334;2.46628701
2335;3.60748884
2336;3.63961088
2337;3.92763306
2338;3.50248044
2339;2.88321005
2340;2.7953438
2341;2.98398499
2342;3.36551839
2343;2.91588089
2344;3.2049848
2345;2.88352372
2346;3.29500007
2347;3.45360462
2348;3.69792807
2349;3.06265992
2350;3.24877744
2351;1.74398662
2352;0.998089604
2353;0.807562716
2354;0.788489841
2355;0.794513094
2356;0.79953164
2357;0.909093803
2358;2.11862061
2359;2.76642919
2360;2.91451872
2361;3.06078315
2362;3.15068581
2363;2.78569053
2364;2.48023826
2365;2.07253935
2366;2.01479348
2367;1.81928448
2368;1.61588982
2369;2.10404005
2370;3.35104206
2371;3.16600392
2372;3.50716215
2373;3.05184357
2374;2.93057632
2375;2.16512487
2376;1.67288429
2377;0.991882348
2378;0.974816814
2379;0.976824638
2380;1.01537518
2381;1.12098599
2382;2.50213707
2383;3.49599429
2384;3.52912072
2385;3.50141695
2386;3.12889872
2387;2.96933593
2388;3.19578483
2389;2.45656718
2390;2.49290214
2391;2.82295942
2392;2.3471441
2393;2.59931373
2394;3.18819609
2395;3.34278595
2396;3.11289647
2397;2.96352195
2398;2.45533637
2399;1.61707436
2400;1.93969808
2401;1.39417744
2402;1.35591003
2403;1.31910282
2404;1.33137654
2405;1.48528313
2406;3.15371523
2407;4.45366453
2408;4.61138394
2409;4.65587582
2410;4.06835947
2411;3.78977957
2412;3.93770757
2413;4.15798807
2414;4.07322456
2415;3.25767193
2416;3.0950515
2417;3.63342492
2418;4.50088845
2419;4.46675786
2420;4.35112023
2421;4.45664356
2422;3.82231106
2423;2.67795529
2424;1.2719582
2425;1.1053214
2426;1.1023099
2427;1.10030304
2428;1.09026513
2429;1.26028449
2430;2.70802636
2431;3.63128146
2432;4.30534951
2433;4.31839916
2434;3.93306227
2435;3.27267648
2436;3.04606846
2437;2.7302263
2438;2.41880886
2439;2.26296715
2440;2.24502083
2441;2.59409547
2442;4.0034142
2443;4.5929417
2444;4.53434642
2445;4.24411548
2446;3.473577
2447;1.78303211
2448;2.56236914
2449;2.52623194
2450;2.59047773
2451;2.70792578
2452;2.66977952
2453;2.87100444
2454;6.4546429
2455;8.49857685
2456;9.21993979
2457;9.63037298
2458;8.24314548
2459;7.14488653
2460;6.57078082
2461;5.89695341
2462;5.47352766
2463;5.13492946
2464;5.13608688
2465;6.13180158
2466;9.33411731
2467;10.250482
2468;9.67683529
2469;9.41367883
2470;6.58167106
2471;3.46898206
2472;1.61889594
2473;1.13974978
2474;1.13673877
2475;1.13473143
2476;1.19126332
2477;1.32295271
2478;3.04141804
2479;4.57914274
2480;4.62137063
2481;4.70701476
2482;4.08082127
2483;3.43040383
2484;3.36264398
2485;3.39408001
2486;3.24720258
2487;3.09731438
2488;3.05615689
2489;3.29502656
2490;4.58136651
2491;4.15172582
2492;3.72149956
2493;3.62349156
2494;2.87492948
2495;2.29880781
2496;1.46758372
2497;1.15578552
2498;1.03804237
2499;0.956732753
2500;1.00180559
2501;1.11494141
2502;2.40892905
2503;3.52452522
2504;3.55664726
2505;3.84364521
2506;3.4307833
2507;2.81970673
2508;2.73798584
2509;2.9256028
2510;3.30816042
2511;2.85954715
2512;3.14865106
2513;2.8241173
2514;3.22125448
2515;3.37985903
2516;3.62930362
2517;2.99608392
2518;3.20063751
2519;1.72145235
2520;1.03383467
2521;0.843307787
2522;0.824234911
2523;0.830258164
2524;0.83527671
2525;0.951146827
2526;2.21534256
2527;2.89258827
2528;3.0490884
2529;3.19535283
2530;3.27053693
2531;2.89082309
2532;2.57275491
2533;2.15874805
2534;2.09259158
2535;1.89287727
2536;1.69158526
2537;2.1923514
2538;3.47930378
2539;3.3089842
2540;3.64383448
2541;3.18641324
2542;3.02099032
2543;2.20297259
2544;1.49271764
2545;0.820294547
2546;0.803229013
2547;0.805236836
2548;0.83520853
2549;0.91508281
2550;2.02171084
2551;2.80109693
2552;2.83422337
2553;2.79794075
2554;2.52836866
2555;2.43743662
2556;2.7153586
2557;1.96756211
2558;2.01247591
2559;2.35111204
2560;1.87529672
2561;2.10172981
2562;2.57050833
2563;2.7250982
2564;2.53810294
2565;2.40588611
2566;2.05211975
2567;1.42832887
2568;1.26508894
2569;0.751690602
2570;0.713423187
2571;0.676615985
2572;0.6567674
2573;0.714307083
2574;1.35482553
2575;1.85171728
2576;2.00943669
2577;2.02180627
2578;1.81975754
2579;1.79815605
2580;2.13881787
2581;2.32697607
2582;2.27433486
2583;1.49090453
2584;1.3282841
2585;1.77029062
2586;2.18804192
2587;2.15391133
2588;2.19888521
2589;2.36865314
2590;2.31252207
2591;1.97122385
2592;0.433768726
2593;0.262251092
2594;0.259239598
2595;0.257232738
2596;0.252075658
2597;0.270732837
2598;0.435954177
2599;0.706541605
2600;1.15927009
2601;1.17720057
2602;1.12063793
2603;0.80854972
2604;0.884666054
2605;0.739709401
2606;0.64475069
2607;0.59469793
2608;0.521416718
2609;0.553124507
2610;0.979411961
2611;1.18159523
2612;1.26460046
2613;1.01994275
2614;1.323582
2615;0.894388575
2616;0.273041774
2617;0.236904569
2618;0.30115036
2619;0.418598407
2620;0.380452151
2621;0.17767812
2622;0.259992368
2623;0.418597901
2624;0.601295579
2625;1.01172877
2626;0.567165475
2627;0.411570737
2628;0.645462921
2629;0.375634459
2630;0.490873973
2631;0.421608408
2632;0.288099509
2633;0.475816311
2634;1.11947205
2635;1.09317252
2636;0.923524758
2637;0.795034622
2638;0.791019482
2639;1.04498838
2640;0.600291451
2641;0.169647333
2642;0.16663632
2643;0.164628979
2644;0.172658826
2645;0.158842092
2646;0.325242071
2647;0.65041572
2648;0.692643611
2649;0.729785691
2650;0.685616711
2651;0.423215606
2652;0.646468013
2653;0.629401997
2654;0.531026608
2655;0.429640448
2656;0.388482962
2657;0.481846502
2658;1.08915787
2659;0.659517177
2660;0.471801122
2661;0.47079721
2662;0.595271893
2663;1.23170127
2664;0.647472165
2665;0.37472453
2666;0.25698138
2667;0.175671766
2668;0.181694031
2669;0.177678144
2670;0.222047568
2671;0.361379516
2672;0.393501556
2673;0.641448936
2674;0.697193858
2675;0.398521837
2676;0.551104358
2677;0.699670751
2678;1.12127894
2679;0.711716245
2680;1.00082015
2681;0.559134688
2682;0.409563901
2683;0.568168447
2684;1.01286588
2685;0.457747323
2686;1.36521116
2687;0.862290221
2688;0.360174943
2689;0.169648055
2690;0.15057518
2691;0.156598433
2692;0.161616979
2693;0.158605967
2694;0.392498584
2695;0.514965684
2696;0.512957644
2697;0.659222075
2698;1.01179548
2699;0.909470935
2700;0.829165016
2701;0.534039282
2702;0.626390985
2703;0.505930769
2704;0.265011709
2705;0.528015596
2706;1.06205416
2707;0.614345274
2708;1.06807669
2709;0.650282491
2710;1.31702747
2711;1.48968582
2712;1.24109733
2713;0.596637386
2714;0.579571852
2715;0.581579675
2716;0.583588221
2717;0.638803878
2718;1.36394495
2719;1.72066284
2720;1.8327637
2721;1.76851794
2722;1.69629837
2723;1.69086628
2724;2.0181055
2725;1.18311504
2726;1.17701756
2727;1.50412962
2728;1.04805791
2729;1.3090632
2730;1.76148618
2731;2.0542813
2732;1.94787096
2733;1.85183682
2734;1.58679137
2735;1.16848902
2736;1.25244723
2737;0.758563188
2738;0.720295773
2739;0.683488571
2740;0.644125695
2741;0.713213657
2742;1.33673144
2743;1.67285796
2744;1.92403224
2745;1.91688753
2746;1.78546427
2747;1.75643109
2748;2.07399635
2749;2.1725491
2750;2.04596732
2751;1.23532385
2752;1.09606713
2753;1.61971308
2754;2.20817493
2755;2.33759036
2756;2.41004454
2757;2.59547734
2758;2.39996545
2759;1.96243157
2760;1.1213326
2761;0.954695798
2762;0.951684305
2763;0.949677445
2764;0.939639533
2765;1.0830779
2766;2.30045122
2767;3.09966171
2768;3.73828844
2769;3.75133809
2770;3.4280235
2771;2.82966001
2772;2.65621397
2773;2.3669528
2774;2.09097668
2775;1.95285563
2776;1.92604898
2777;2.22196164
2778;3.46293411
2779;3.99043931
2780;3.95842502
2781;3.67705441
2782;3.09258284
2783;1.62354618
2784;1.15001609
2785;1.07212073
2786;1.13636652
2787;1.25381457
2788;1.25742647
2789;1.1799269
2790;2.59850214
2791;3.80106156
2792;3.98375924
2793;4.43595058
2794;3.49028942
2795;3.00062944
2796;2.98397269
2797;2.75590238
2798;2.82938374
2799;2.71836002
2800;2.58485112
2801;2.89784239
2802;4.12611231
2803;4.09981278
2804;3.72137424
2805;3.50936779
2806;2.75370585
2807;1.96372085
2808;1.21838606
2809;0.787741939
2810;0.784730927
2811;0.782723586
2812;0.790753433
2813;0.886012218
2814;1.99773336
2815;2.8319261
2816;3.01958801
2817;3.05673009
2818;2.75805157
2819;2.24114092
2820;2.24624229
2821;2.12010075
2822;1.87629134
2823;1.70218817
2824;1.69738919
2825;2.00890377
2826;3.30702675
2827;3.1318956
2828;2.83510403
2829;2.79774161
2830;2.15868766
2831;1.88615438
2832;0.821476115
2833;0.540443079
2834;0.422699929
2835;0.341390315
2836;0.355697981
2837;0.376538297
2838;0.686040561
2839;1.03250754
2840;1.06462958
2841;1.32086236
2842;1.27718247
2843;0.912227237
2844;1.01509735
2845;1.17194914
2846;1.58527193
2847;1.16742384
2848;1.45652774
2849;1.03969848
2850;1.00612331
2851;1.16472786
2852;1.56799829
2853;0.996308926
2854;1.75463554
2855;1.04457957
2856;0.612128443
2857;0.409604495
2858;0.39053162
2859;0.396554873
2860;0.413570479
2861;0.446550647
2862;1.06434919
2863;1.48674279
2864;1.48473475
2865;1.64299624
2866;1.85160492
2867;1.6533039
2868;1.50101562
2869;1.21788694
2870;1.29824159
2871;1.16578431
2872;0.924865251
2873;1.22386032
2874;1.92585772
2875;1.47814884
2876;1.87189495
2877;1.43010663
2878;1.88090453
2879;1.75363638
2880;1.07188354
2881;0.621077966
2882;0.609733025
2883;0.611067799
2884;0.634780195
2885;0.699242389
2886;1.55611757
2887;2.16893338
2888;2.19095539
2889;2.1706228
2890;1.94596352
2891;1.85521223
2892;2.01724542
2893;1.52390782
2894;1.54997831
2895;1.77131152
2896;1.45499579
2897;1.61688834
2898;1.98155264
2899;2.08432193
2900;1.94107192
2901;1.8456007
2902;1.54224452
2903;1.03286635
2904;0.940069645
2905;0.611742073
2906;0.586302402
2907;0.561833462
2908;0.535665543
2909;0.600557714
2910;1.17941362
2911;1.49136198
2912;1.68362385
2913;1.67887415
2914;1.54725775
2915;1.48370892
2916;1.65689529
2917;1.70344844
2918;1.59401401
2919;1.04246669
2920;0.956211808
2921;1.34225151
2922;1.85355474
2923;1.98383636
2924;2.01303953
2925;2.12999167
2926;1.86727409
2927;1.41837897
2928;0.745958841
2929;0.610147263
2930;0.608145262
2931;0.606811128
2932;0.625171696
2933;0.702941521
2934;1.51002413
2935;2.23463024
2936;2.53559814
2937;2.56930701
2938;2.2702378
2939;1.88845428
2940;1.80832185
2941;1.73374551
2942;1.64882929
2943;1.59376595
2944;1.54504957
2945;1.63149527
2946;2.2199305
2947;2.35433926
2948;2.3005754
2949;2.09435234
2950;1.90400701
2951;1.07396174
2952;0.697758308
2953;0.649153223
2954;0.691862974
2955;0.769940881
2956;0.769163303
2957;0.70810646
2958;1.54943745
2959;2.26941503
2960;2.39087003
2961;2.68830212
2962;2.09778375
2963;1.79769404
2964;1.80569317
2965;1.65089633
2966;1.70292448
2967;1.6322961
2968;1.54354116
2969;1.74207745
2970;2.51411294
2971;2.49662937
2972;2.26094203
2973;2.12636039
2974;1.6812233
2975;1.23551974
2976;1.30952469
2977;1.02323818
2978;1.0212365
2979;1.01990204
2980;1.02524018
2981;1.17672421
2982;2.67981124
2983;3.64577204
2984;3.8880702
2985;3.91276176
2986;3.50850398
2987;2.95916837
2988;2.78624518
2989;2.6142307
2990;2.33460643
2991;2.16009344
2992;2.1862889
2993;2.56969417
2994;3.99099841
2995;4.0802738
2996;3.79481344
2997;3.74058965
2998;2.69865427
2999;1.78283398
3000;1.69799198
3001;1.51667296
3002;1.43839888
3003;1.38434532
3004;1.38834884
3005;1.60936638
3006;3.57748538
3007;4.71398523
3008;5.0335892
3009;5.19842133
3010;4.71354291
3011;3.9930528
3012;3.64711315
3013;3.52219087
3014;3.50422075
3015;3.08282407
3016;3.34957893
3017;3.50332678
3018;4.82057999
3019;5.4479551
3020;5.51989682
3021;5.07629893
3022;4.11375815
3023;1.91536259
3024;1.48023221
3025;1.35357246
3026;1.34089306
3027;1.34489724
3028;1.3482335
3029;1.56519523
3030;3.61836686
3031;4.72161063
3032;5.01222693
3033;5.10946159
3034;4.83293308
3035;4.25399445
3036;3.76268131
3037;3.34752222
3038;3.11696519
3039;2.89090923
3040;2.80373723
3041;3.41650556
3042;5.1582956
3043;5.3715793
3044;5.45425052
3045;5.10351867
3046;4.01401801
3047;2.30410388
3048;1.36363389
3049;0.898936275
3050;0.887591334
3051;0.888926109
3052;0.926530537
3053;1.03266883
3054;2.33408907
3055;3.29420571
3056;3.31622773
3057;3.30978717
3058;2.91842349
3059;2.71653593
3060;2.79521692
3061;2.31577136
3062;2.32794982
3063;2.53539099
3064;2.21907526
3065;2.42264391
3066;2.98179668
3067;3.08456597
3068;2.87185579
3069;2.7486005
3070;2.19518772
3071;1.33850873
3072;0.964515281
3073;0.636187709
3074;0.610748038
3075;0.586279098
3076;0.560111179
3077;0.629317285
3078;1.24556063
3079;1.57764069
3080;1.77565448
3081;1.77090478
3082;1.62922253
3083;1.55560785
3084;1.72016635
3085;1.76240557
3086;1.64721921
3087;1.09279594
3088;1.00797904
3089;1.40264661
3090;1.94127144
3091;2.08161891
3092;2.10650814
3093;2.22202229
3094;1.92910717
3095;1.44426258
3096;0.220220623
3097;0.109442684
3098;0.107440683
3099;0.106106549
3100;0.0994334786
3101;0.102102387
3102;0.108108551
3103;0.206873681
3104;0.507841583
3105;0.516516816
3106;0.51785127
3107;0.336336859
3108;0.406406264
3109;0.306796289
3110;0.246913707
3111;0.216884008
3112;0.168167629
3113;0.179512409
3114;0.41747669
3115;0.551885452
3116;0.623289791
3117;0.46713401
3118;0.727394179
3119;0.523189886
3120;0.181514555
3121;0.15749102
3122;0.20020077
3123;0.278278677
3124;0.252919551
3125;0.118118061
3126;0.172839483
3127;0.278278341
3128;0.399733337
3129;0.672583884
3130;0.377044096
3131;0.273606775
3132;0.429095201
3133;0.249716813
3134;0.326326516
3135;0.280279685
3136;0.191524738
3137;0.316316381
3138;0.744210189
3139;0.726726616
3140;0.613947028
3141;0.528528487
3142;0.525859275
3143;0.694694435
3144;0.788556036
3145;0.50226953
3146;0.500267849
3147;0.498933395
3148;0.504271531
3149;0.56381992
3150;1.27013136
3151;1.80705916
3152;1.92677646
3153;1.95146802
3154;1.76172674
3155;1.42690763
3156;1.43785573
3157;1.3577769
3158;1.20073349
3159;1.08751093
3160;1.08306117
3161;1.28259515
3162;2.12164032
3163;1.99639921
3164;1.80287449
3165;1.77929591
3166;1.38091004
3167;1.23122011
3168;1.91912548
3169;1.73780646
3170;1.65953238
3171;1.60547882
3172;1.60948235
3173;1.86952344
3174;4.17584662
3175;5.49445641
3176;5.86609179
3177;6.03092393
3178;5.45499053
3179;4.64344545
3180;4.21945868
3181;4.05551285
3182;3.98551132
3183;3.53809892
3184;3.81786164
3185;4.0496566
3186;5.61405902
3187;6.3324891
3188;6.36540726
3189;5.90880153
3190;4.67309583
3191;2.14950395
3192;1.72572271
3193;1.52829185
3194;1.51561245
3195;1.51961663
3196;1.59372401
3197;1.80403565
3198;4.22419984
3199;6.07489207
3200;6.07355715
3201;6.24156291
3202;5.62669574
3203;4.99250287
3204;4.5144899
3205;4.38906533
3206;4.37968841
3207;4.22883695
3208;4.06867715
3209;4.45583197
3210;5.80164926
3211;5.50401832
3212;5.45179741
3213;5.03251115
3214;4.20187442
3215;2.54737769
3216;2.62563504
3217;2.1972066
3218;2.18586166
3219;2.18719643
3220;2.18853169
3221;2.54298596
3222;5.77886303
3223;7.49882669
3224;7.99701338
3225;7.95430364
3226;7.16488187
3227;6.41985952
3228;6.00190854
3229;5.1290703
3230;4.70135326
3231;4.70698126
3232;4.50970671
3233;5.31871485
3234;7.63188139
3235;8.56793886
3236;8.17945104
3237;8.00969293
3238;5.60926074
3239;2.68328187
3240;3.5953437
3241;3.26701613
3242;3.24157646
3243;3.21710752
3244;3.1909396
3245;3.72440954
3246;8.36427282
3247;10.8629175
3248;11.6799497
3249;11.6752
3250;10.4502355
3251;9.2933385
3252;8.52936931
3253;8.10734469
3254;7.37313989
3255;6.50920739
3256;6.5791451
3257;7.90234035
3258;11.3813028
3259;12.6049326
3260;12.165558
3261;12.1263175
3262;8.58355552
3263;4.22984561
3264;2.10846368
3265;1.90777484
3266;1.90577284
3267;1.90443871
3268;1.98767654
3269;2.26007814
3270;5.14323302
3271;7.4897706
3272;7.7907385
3273;7.88932463
3274;6.81172831
3275;5.91092672
3276;5.44153074
3277;5.43183166
3278;5.28203818
3279;5.16209758
3280;5.11338121
3281;5.39445868
3282;6.89117553
3283;7.02558429
3284;6.64743414
3285;6.31145656
3286;4.95332057
3287;2.50134384
3288;1.09021316
3289;1.06618962
3290;1.10889937
3291;1.18697728
3292;1.16161815
3293;1.18717524
3294;2.63167099
3295;3.48544988
3296;3.82071631
3297;4.09356686
3298;3.42385706
3299;2.94624972
3300;2.78102099
3301;2.44128403
3302;2.3040823
3303;2.15112975
3304;2.11582766
3305;2.56133646
3306;4.00483458
3307;4.36152102
3308;4.08838286
3309;3.94951146
3310;2.82433221
3311;1.6568459
3312;0.771402577
3313;0.467386821
3314;0.46538514
3315;0.464050686
3316;0.487118072
3317;0.531120641
3318;1.20907714
3319;1.86847953
3320;1.89655207
3321;1.93897289
3322;1.69685893
3323;1.38058415
3324;1.4226239
3325;1.42900788
3326;1.34587998
3327;1.26075055
3328;1.2333896
3329;1.3486442
3330;2.00058625
3331;1.71496681
3332;1.50152941
3333;1.46540352
3334;1.22902614
3335;1.20888471
3336;0.43043092
3337;0.249111904
3338;0.170837818
3339;0.116784263
3340;0.120787785
3341;0.118118077
3342;0.147614282
3343;0.240240316
3344;0.261594623
3345;0.426426757
3346;0.463485243
3347;0.264932039
3348;0.366366878
3349;0.465131849
3350;0.74541139
3351;0.473139533
3352;0.665331978
3353;0.371705335
3354;0.272272657
3355;0.377710858
3356;0.673339823
3357;0.304304358
3358;0.907574296
3359;0.573239118
3360;0.239439531
3361;0.11277978
3362;0.100100385
3363;0.104104564
3364;0.107440827
3365;0.105439146
3366;0.26092786
3367;0.342342366
3368;0.341007448
3369;0.438242104
3370;0.672628232
3371;0.604604232
3372;0.55121792
3373;0.355022242
3374;0.41641643
3375;0.336336074
3376;0.176176274
3377;0.351017775
3378;0.706039536
3379;0.408408601
3380;0.710043234
3381;0.432299187
3382;0.875542419
3383;0.9903234
3384;0.601935164
3385;0.173506726
3386;0.162161785
3387;0.163496559
3388;0.164831814
3389;0.162162586
3390;0.302969263
3391;0.356356551
3392;0.378378566
3393;0.335668831
3394;0.379535242
3395;0.467801077
3396;0.764097109
3397;0.248382375
3398;0.296830006
3399;0.540540351
3400;0.224224626
3401;0.318985754
3402;0.37037008
3403;0.473139373
3404;0.44177506
3405;0.391058121
3406;0.490490478
3407;0.540540831
3408;0.568568209
3409;0.240240636
3410;0.214800966
3411;0.190332025
3412;0.164164106
3413;0.1634972
3414;0.174174433
3415;0.180180437
3416;0.28503021
3417;0.280280502
3418;0.301635289
3419;0.39105764
3420;0.695362158
3421;0.807474391
3422;0.785452056
3423;0.277610793
3424;0.169502883
3425;0.424424435
3426;0.520520177
3427;0.497830616
3428;0.592592865
3429;0.731398021
3430;0.927593988
3431;1.0250245
3432;0.220220623
3433;0.109442684
3434;0.107440683
3435;0.106106549
3436;0.0994334786
3437;0.102102387
3438;0.108108551
3439;0.206873681
3440;0.507841583
3441;0.516516816
3442;0.51785127
3443;0.336336859
3444;0.406406264
3445;0.306796289
3446;0.246913707
3447;0.216884008
3448;0.168167629
3449;0.179512409
3450;0.41747669
3451;0.551885452
3452;0.623289791
3453;0.46713401
3454;0.727394179
3455;0.523189886
3456;0.181514555
3457;0.15749102
3458;0.20020077
3459;0.278278677
3460;0.252919551
3461;0.118118061
3462;0.172839483
3463;0.278278341
3464;0.399733337
3465;0.672583884
3466;0.377044096
3467;0.273606775
3468;0.429095201
3469;0.249716813
3470;0.326326516
3471;0.280279685
3472;0.191524738
3473;0.316316381
3474;0.744210189
3475;0.726726616
3476;0.613947028
3477;0.528528487
3478;0.525859275
3479;0.694694435
3480;0.399065806
3481;0.1127793
3482;0.110777619
3483;0.109443165
3484;0.114781301
3485;0.105596119
3486;0.216216621
3487;0.432387756
3488;0.460460299
3489;0.485151862
3490;0.455788909
3491;0.281348129
3492;0.429763373
3493;0.418418111
3494;0.353019456
3495;0.285619279
3496;0.258258328
3497;0.320325173
3498;0.724057724
3499;0.438438284
3500;0.313647137
3501;0.31297975
3502;0.39572887
3503;0.818818691
3504;0.490237921
3505;0.308918905
3506;0.230644819
3507;0.176591264
3508;0.180594786
3509;0.188479254
3510;0.30944499
3511;0.451323848
3512;0.48675039
3513;0.651582525
3514;0.664014598
3515;0.440834983
3516;0.521161469
3517;0.609372262
3518;0.875579568
3519;0.596271594
3520;0.791982098
3521;0.519463807
3522;0.486874248
3523;0.616938861
3524;0.90201365
3525;0.529460125
3526;1.05885083
3527;0.636564178
3528;0.239439531
3529;0.11277978
3530;0.100100385
3531;0.104104564
3532;0.107440827
3533;0.105439146
3534;0.26092786
3535;0.342342366
3536;0.341007448
3537;0.438242104
3538;0.672628232
3539;0.604604232
3540;0.55121792
3541;0.355022242
3542;0.41641643
3543;0.336336074
3544;0.176176274
3545;0.351017775
3546;0.706039536
3547;0.408408601
3548;0.710043234
3549;0.432299187
3550;0.875542419
3551;0.9903234
3552;0.601935164
3553;0.173506726
3554;0.162161785
3555;0.163496559
3556;0.164831814
3557;0.162162586
3558;0.302969263
3559;0.356356551
3560;0.378378566
3561;0.335668831
3562;0.379535242
3563;0.467801077
3564;0.764097109
3565;0.248382375
3566;0.296830006
3567;0.540540351
3568;0.224224626
3569;0.318985754
3570;0.37037008
3571;0.473139373
3572;0.44177506
3573;0.391058121
3574;0.490490478
3575;0.540540831
3576;0.568568209
3577;0.240240636
3578;0.214800966
3579;0.190332025
3580;0.164164106
3581;0.1634972
3582;0.174174433
3583;0.180180437
3584;0.28503021
3585;0.280280502
3586;0.301635289
3587;0.39105764
3588;0.695362158
3589;0.807474391
3590;0.785452056
3591;0.277610793
3592;0.169502883
3593;0.424424435
3594;0.520520177
3595;0.497830616
3596;0.592592865
3597;0.731398021
3598;0.927593988
3599;1.0250245
3600;0.220220623
3601;0.109442684
3602;0.107440683
3603;0.106106549
3604;0.0994334786
3605;0.102102387
3606;0.108108551
3607;0.206873681
3608;0.507841583
3609;0.516516816
3610;0.51785127
3611;0.336336859
3612;0.406406264
3613;0.306796289
3614;0.246913707
3615;0.216884008
3616;0.168167629
3617;0.179512409
3618;0.41747669
3619;0.551885452
3620;0.623289791
3621;0.46713401
3622;0.727394179
3623;0.523189886
3624;1.78747831
3625;1.77246295
3626;1.7991577
3627;1.84795849
3628;1.83210835
3629;2.04327029
3630;4.63774897
3631;6.08226142
3632;6.55206273
3633;6.72260166
3634;5.84857618
3635;5.0946199
3636;4.60097136
3637;4.19343854
3638;3.847433
3639;3.62170816
3640;3.6647061
3641;4.33353723
3642;6.47195354
3643;7.15033099
3644;6.78442422
3645;6.63256316
3646;4.56297935
3647;2.20670172
3648;1.36567912
3649;1.18674234
3650;1.18549124
3651;1.18465717
3652;1.18799365
3653;1.37923835
3654;3.15558846
3655;4.20996779
3656;4.49016147
3657;4.50559437
3658;4.02760845
3659;3.45894499
3660;3.15773714
3661;2.95366035
3662;2.65013684
3663;2.47668612
3664;2.52524669
3665;2.95801152
3666;4.45793127
3667;4.73904471
3668;4.46406119
3669;4.39798216
3670;3.07080276
3671;1.69369787
3672;2.77214277
3673;2.65881351
3674;2.6098901
3675;2.57610517
3676;2.57860748
3677;3.01866446
3678;6.86538911
3679;8.98466911
3680;9.58698362
3681;9.69000814
3682;8.68247758
3683;7.52768336
3684;6.70763162
3685;6.32763677
3686;5.91385153
3687;5.44919054
3688;5.71655787
3689;6.41648455
3690;9.15193206
3691;10.2485269
3692;9.99157733
3693;9.61367836
3694;6.89865896
3695;3.00864362
3696;1.05656222
3697;0.934213075
3698;0.926288111
3699;0.928790831
3700;0.974059476
3701;1.10235855
3702;2.58141169
3703;3.71188273
3704;3.71104837
3705;3.81500604
3706;3.44330299
3707;3.05531903
3708;2.7628508
3709;2.68340661
3710;2.67859624
3711;2.58536047
3712;2.48525628
3713;2.7240871
3714;3.55055273
3715;3.36452539
3716;3.3371382
3717;3.07717391
3718;2.57691182
3719;1.56906825
3720;0.91018913
3721;0.616984527
3722;0.609893634
3723;0.610727903
3724;0.636987766
3725;0.711595305
3726;1.61321264
3727;2.28221345
3728;2.2959778
3729;2.29470836
3730;2.01702254
3731;1.86878872
3732;1.90142996
3733;1.60451966
3734;1.60937544
3735;1.73627567
3736;1.53856983
3737;1.67407396
3738;2.06214465
3739;2.12637822
3740;1.97964822
3741;1.89709818
3742;1.50159081
3743;0.897241312
3744;0.59237035
3745;0.375871749
3746;0.35997127
3747;0.344677523
3748;0.339606897
3749;0.373045144
3750;0.740839579
3751;1.02671918
3752;1.09225311
3753;1.10056944
3754;0.97849643
3755;0.944107588
3756;1.06659594
3757;1.14795413
3758;1.12290455
3759;0.794205062
3760;0.726634707
3761;0.919822624
3762;1.13787543
3763;1.12369385
3764;1.12649767
3765;1.19068457
3766;1.11018184
3767;0.888952854
3768;0.204990369
3769;0.13254439
3770;0.131293085
3771;0.130459215
3772;0.129495151
3773;0.140783644
3774;0.247154765
3775;0.389055246
3776;0.577168289
3777;0.585797327
3778;0.548149982
3779;0.409044311
3780;0.433598868
3781;0.374546736
3782;0.333911726
3783;0.31193557
3784;0.281486522
3785;0.298197669
3786;0.491826736
3787;0.575835832
3788;0.604431543
3789;0.500416406
3790;0.605363898
3791;0.397561101
3792;0.113451485
3793;0.0984361282
3794;0.125130873
3795;0.173931667
3796;0.15808153
3797;0.0738269685
3798;0.108029331
3799;0.173931456
3800;0.2498441
3801;0.420383039
3802;0.235662713
3803;0.171011602
3804;0.268196055
3805;0.156079733
3806;0.20396286
3807;0.175182351
3808;0.119708118
3809;0.197706256
3810;0.465151408
3811;0.454223704
3812;0.383733425
3813;0.330344537
3814;0.328676207
3815;0.434202728
3816;0.249426875
3817;0.0704900992
3818;0.0692389947
3819;0.068404925
3820;0.071741404
3821;0.0660004179
3822;0.13514121
3823;0.270253991
3824;0.287800086
3825;0.303232978
3826;0.284880342
3827;0.175850157
3828;0.26861368
3829;0.261522587
3830;0.220646666
3831;0.178519741
3832;0.161418409
3833;0.200211859
3834;0.452555575
3835;0.274035734
3836;0.196037907
3837;0.195620772
3838;0.2473412
3839;0.511783731
3840;0.820337149
3841;0.707007882
3842;0.65808447
3843;0.624299543
3844;0.626801852
3845;0.722422548
3846;1.58403271
3847;2.09594337
3848;2.2390095
3849;2.34203403
3850;2.13818813
3851;1.78707858
3852;1.65589942
3853;1.62034085
3854;1.66580399
3855;1.43076719
3856;1.58332243
3857;1.59437654
3858;2.14839423
3859;2.44130439
3860;2.52879112
3861;2.26570424
3862;1.96173885
3863;0.942025897
3864;0.799637758
3865;0.720472003
3866;0.71254704
3867;0.715049759
3868;0.717135014
3869;0.830586545
3870;1.92186069
3871;2.50802592
3872;2.6601284
3873;2.72090268
3874;2.59976084
3875;2.28960452
3876;2.02683137
3877;1.78950115
3878;1.67493733
3879;1.54841652
3880;1.48654655
3881;1.82523246
3882;2.77358065
3883;2.85519279
3884;2.92901992
3885;2.7171882
3886;2.1913087
3887;1.30719461
3888;0.602536098
3889;0.334756787
3890;0.327665894
3891;0.328500164
3892;0.329334734
3893;0.367603526
3894;0.801733296
3895;1.02147507
3896;1.08848893
3897;1.0617942
3898;0.996025244
3899;0.958007127
3900;1.06332586
3901;0.701053136
3902;0.678084701
3903;0.803785475
3904;0.619392006
3905;0.758494526
3906;1.04354628
3907;1.20096649
3908;1.14142582
3909;1.09641399
3910;0.879001974
3911;0.577475364
3912;0.355370441
3913;0.150156867
3914;0.134256388
3915;0.118962641
3916;0.102606987
3917;0.102190153
3918;0.108863711
3919;0.112617625
3920;0.178151557
3921;0.175182861
3922;0.188530178
3923;0.244421556
3924;0.434620073
3925;0.504693238
3926;0.490928686
3927;0.173514221
3928;0.105943866
3929;0.265276701
3930;0.325339127
3931;0.31115754
3932;0.370386498
3933;0.457143458
3934;0.579771221
3935;0.640667917
3936;0.229060177
3937;0.159820982
3938;0.158569677
3939;0.157735808
3940;0.153564959
3941;0.171365397
3942;0.314932663
3943;0.451947588
3944;0.661570362
3945;0.666992616
3946;0.630184656
3947;0.479091232
3948;0.490621901
3949;0.412230686
3950;0.353292728
3951;0.323768492
3952;0.298696876
3953;0.338052266
3954;0.588957572
3955;0.710608697
3956;0.739106034
3957;0.636127033
3958;0.685870558
3959;0.423801557
3960;0.31840363
3961;0.293629238
3962;0.320323982
3963;0.369124776
3964;0.363033675
3965;0.308056221
3966;0.654547725
3967;0.964425742
3968;1.04033839
3969;1.22063636
3970;0.918807606
3971;0.77608421
3972;0.814714449
3973;0.712357162
3974;0.750481254
3975;0.711941709
3976;0.656467477
3977;0.763742721
3978;1.16781437
3979;1.15688667
3980;1.03760121
3981;0.964694252
3982;0.78736328
3983;0.648913909
3984;0.249426875
3985;0.0704900992
3986;0.0692389947
3987;0.068404925
3988;0.071741404
3989;0.0660004179
3990;0.13514121
3991;0.270253991
3992;0.287800086
3993;0.303232978
3994;0.284880342
3995;0.175850157
3996;0.26861368
3997;0.261522587
3998;0.220646666
3999;0.178519741
4000;0.161418409
4001;0.200211859
4002;0.452555575
4003;0.274035734
4004;0.196037907
4005;0.195620772
4006;0.2473412
4007;0.511783731
4008;0.269030916
4009;0.155701648
4010;0.106778236
4011;0.0729933093
4012;0.0754956184
4013;0.0738269786
4014;0.0922629015
4015;0.150156667
4016;0.163503683
4017;0.266528206
4018;0.289690757
4019;0.165589658
4020;0.228989164
4021;0.29071993
4022;0.465902191
4023;0.295724949
4024;0.415850403
4025;0.232325844
4026;0.170177742
4027;0.236079457
4028;0.420855521
4029;0.190198418
4030;0.567258374
4031;0.358289885
4032;0.149656155
4033;0.0704903995
4034;0.0625654363
4035;0.0650681558
4036;0.0671534101
4037;0.0659023056
4038;0.163086939
4039;0.213973197
4040;0.213138837
4041;0.273913116
4042;0.420410758
4043;0.377893926
4044;0.344526043
4045;0.221898461
4046;0.260271482
4047;0.210219103
4048;0.110114916
4049;0.219395561
4050;0.441293722
4051;0.255266373
4052;0.443796141
4053;0.270198633
4054;0.547237588
4055;0.618978792
4056;0.376225686
4057;0.108446376
4058;0.101355482
4059;0.102189752
4060;0.103024322
4061;0.101355983
4062;0.189363948
4063;0.222732441
4064;0.236496793
4065;0.209802058
4066;0.237219746
4067;0.29238827
4068;0.477581269
4069;0.155245673
4070;0.185526747
4071;0.337852275
4072;0.140146429
4073;0.199374686
4074;0.231491273
4075;0.295724849
4076;0.276121309
4077;0.244421856
4078;0.306569757
4079;0.337852575
4080;0.355370441
4081;0.150156867
4082;0.134256388
4083;0.118962641
4084;0.102606987
4085;0.102190153
4086;0.108863711
4087;0.112617625
4088;0.178151557
4089;0.175182861
4090;0.188530178
4091;0.244421556
4092;0.434620073
4093;0.504693238
4094;0.490928686
4095;0.173514221
4096;0.105943866
4097;0.265276701
4098;0.325339127
4099;0.31115754
4100;0.370386498
4101;0.457143458
4102;0.579771221
4103;0.640667917
4104;0.13764382
4105;0.0684046247
4106;0.06715332
4107;0.0663194505
4108;0.0621486016
4109;0.063816741
4110;0.0675707553
4111;0.129301621
4112;0.317414665
4113;0.322836918
4114;0.323670988
4115;0.210219594
4116;0.254014858
4117;0.191755942
4118;0.154327716
4119;0.135558345
4120;0.105109296
4121;0.11220009
4122;0.260934173
4123;0.344943268
4124;0.389572903
4125;0.291971335
4126;0.454640949
4127;0.327007767
4128;0.113451485
4129;0.0984361282
4130;0.125130873
4131;0.173931667
4132;0.15808153
4133;0.0738269685
4134;0.108029331
4135;0.173931456
4136;0.2498441
4137;0.420383039
4138;0.235662713
4139;0.171011602
4140;0.268196055
4141;0.156079733
4142;0.20396286
4143;0.175182351
4144;0.119708118
4145;0.197706256
4146;0.465151408
4147;0.454223704
4148;0.383733425
4149;0.330344537
4150;0.328676207
4151;0.434202728
4152;0.249426875
4153;0.0704900992
4154;0.0692389947
4155;0.068404925
4156;0.071741404
4157;0.0660004179
4158;0.13514121
4159;0.270253991
4160;0.287800086
4161;0.303232978
4162;0.284880342
4163;0.175850157
4164;0.26861368
4165;0.261522587
4166;0.220646666
4167;0.178519741
4168;0.161418409
4169;0.200211859
4170;0.452555575
4171;0.274035734
4172;0.196037907
4173;0.195620772
4174;0.2473412
4175;0.511783731
4176;0.713331339
4177;0.600002072
4178;0.55107866
4179;0.517293733
4180;0.519796042
4181;0.596533359
4182;1.29448758
4183;1.71827581
4184;1.8361641
4185;1.93918862
4186;1.77940394
4187;1.47235561
4188;1.3789432
4189;1.36226801
4190;1.43290899
4191;1.21046111
4192;1.35672189
4193;1.33000924
4194;1.7644322
4195;2.01328115
4196;2.11965126
4197;1.86285884
4198;1.69107709
4199;0.828725627
4200;0.978105445
4201;0.89893969
4202;0.891014727
4203;0.893517446
4204;0.895602701
4205;1.04054853
4206;2.40477325
4207;3.13791187
4208;3.33200675
4209;3.39278103
4210;3.1981525
4211;2.81450949
4212;2.48874774
4213;2.21992322
4214;2.063367
4215;1.91585
4216;1.86447812
4217;2.26615263
4218;3.41396471
4219;3.56906354
4220;3.61139637
4221;3.38906655
4222;2.64272697
4223;1.49616039
4224;1.36413629
4225;1.09635698
4226;1.08926609
4227;1.09010036
4228;1.09093493
4229;1.26360376
4230;2.86253383
4231;3.70947576
4232;3.95568967
4233;3.92899493
4234;3.5496259
4235;3.1980077
4236;3.03452637
4237;2.53785361
4238;2.33568513
4239;2.37178588
4240;2.23219242
4241;2.64009501
4242;3.77634698
4243;4.24736728
4244;4.05342657
4245;3.96361473
4246;2.80540247
4247;1.38387557
4248;1.72270874
4249;1.51749516
4250;1.50159468
4251;1.48630094
4252;1.46994528
4253;1.71082344
4254;3.80872028
4255;4.93851749
4256;5.32577808
4257;5.32280939
4258;4.77313505
4259;4.26600478
4260;3.97361331
4261;3.80239148
4262;3.46690027
4263;2.98862248
4264;3.00148379
4265;3.64340661
4266;5.23167066
4267;5.78051072
4268;5.59844469
4269;5.60476998
4270;4.03833279
4271;2.08843788
4272;1.03347814
4273;0.964238947
4274;0.962987642
4275;0.962153773
4276;0.957982924
4277;1.11773947
4278;2.49159304
4279;3.29106982
4280;3.68996741
4281;3.69538966
4282;3.32735077
4283;2.84502642
4284;2.57264487
4285;2.35229754
4286;2.10408477
4287;1.97992313
4288;2.00217021
4289;2.32543783
4290;3.47539851
4291;3.92828056
4292;3.81482178
4293;3.66452408
4294;2.72057482
4295;1.27553823
4296;1.29251793
4297;1.27750258
4298;1.30419732
4299;1.35299812
4300;1.33714798
4301;1.46096397
4302;3.29844443
4303;4.33534245
4304;4.6886825
4305;4.85922144
4306;4.18900316
4307;3.6388541
4308;3.31989745
4309;2.99971058
4310;2.77016631
4311;2.6026721
4312;2.61655472
4313;3.11069395
4314;4.69591926
4315;5.1704895
4316;4.89192867
4317;4.76918293
4318;3.31102076
4319;1.68262603
4320;1.00639293
4321;0.827456156
4322;0.826205051
4323;0.825370982
4324;0.828707461
4325;0.95654872
4326;2.1834023
4327;2.9418989
4328;3.13755465
4329;3.15298754
4330;2.822943
4331;2.40222091
4332;2.22781994
4333;2.08714661
4334;1.86816102
4335;1.73697927
4336;1.76440535
4337;2.07036329
4338;3.1687279
4339;3.30189996
4340;3.09031989
4341;3.04537534
4342;2.16202005
4343;1.3132772
4344;0.432050135
4345;0.347796419
4346;0.316802304
4347;0.29539877
4348;0.309441041
4349;0.345754918
4350;0.756058494
4351;1.10416053
4352;1.11261617
4353;1.19034159
4354;1.05553161
4355;0.877254692
4356;0.842677749
4357;0.894242619
4358;0.992767639
4359;0.872499414
4360;0.948601672
4361;0.869705612
4362;1.00473135
4363;1.04648161
4364;1.10125653
4365;0.93021591
4366;0.944866131
4367;0.501054759
4368;0.0948106407
4369;0.0446573009
4370;0.0396366531
4371;0.0412221839
4372;0.0425432408
4373;0.0417506371
4374;0.103319354
4375;0.135556977
4376;0.135028391
4377;0.173530304
4378;0.266339953
4379;0.239404555
4380;0.218265229
4381;0.140577815
4382;0.164888013
4383;0.133178671
4384;0.0697603497
4385;0.13899217
4386;0.279569795
4387;0.16171716
4388;0.281155135
4389;0.171177093
4390;0.346687688
4391;0.392137403
4392;0.238347687
4393;0.0687032911
4394;0.0642110458
4395;0.0647395751
4396;0.0652682946
4397;0.0642113629
4398;0.119966447
4399;0.14110616
4400;0.149826196
4401;0.132914464
4402;0.150284204
4403;0.185234742
4404;0.302558796
4405;0.0983517299
4406;0.117535492
4407;0.214037242
4408;0.0887860092
4409;0.126308482
4410;0.146655084
4411;0.187348542
4412;0.174929245
4413;0.154846907
4414;0.194219042
4415;0.214037432
4416;0.225135406
4417;0.0951278534
4418;0.0850545314
4419;0.0753655887
4420;0.0650039031
4421;0.0647398287
4422;0.0689676826
4423;0.0713458742
4424;0.112863138
4425;0.1109824
4426;0.119438235
4427;0.154846717
4428;0.275341884
4429;0.319734857
4430;0.311014694
4431;0.109925278
4432;0.0671178935
4433;0.168058935
4434;0.206109873
4435;0.197125509
4436;0.234648426
4437;0.28961097
4438;0.367298498
4439;0.405877966
4440;0.0872005481
4441;0.0433359143
4442;0.0425431838
4443;0.0420149081
4444;0.0393725787
4445;0.0404293837
4446;0.0428076387
4447;0.0819155722
4448;0.201089543
4449;0.204524666
4450;0.205053068
4451;0.133178982
4452;0.160924297
4453;0.121481831
4454;0.0977701828
4455;0.0858793517
4456;0.0665891739
4457;0.0710813558
4458;0.165307843
4459;0.218529551
4460;0.246803458
4461;0.184970604
4462;0.288025572
4463;0.207166995
4464;0.0718741434
4465;0.0623615674
4466;0.0792733063
4467;0.11018974
4468;0.100148311
4469;0.0467710947
4470;0.0684390835
4471;0.110189607
4472;0.158282024
4473;0.266322393
4474;0.149297787
4475;0.108339811
4476;0.169908413
4477;0.098880126
4478;0.129215196
4479;0.110982077
4480;0.0758378658
4481;0.125251493
4482;0.294684192
4483;0.287761238
4484;0.243104013
4485;0.209280916
4486;0.208223991
4487;0.275077486
4488;0.158017703
4489;0.0446571107
4490;0.043864507
4491;0.0433361045
4492;0.0454498412
4493;0.0418127936
4494;0.0856150871
4495;0.171212163
4496;0.182328021
4497;0.192105115
4498;0.180478295
4499;0.111405148
4500;0.170172989
4501;0.165680616
4502;0.139784774
4503;0.113096391
4504;0.102262301
4505;0.12683885
4506;0.286704439
4507;0.173607985
4508;0.124194555
4509;0.12393029
4510;0.156696379
4511;0.324226849
4512;0.170437317
4513;0.0986406009
4514;0.0676464862
4515;0.0462429522
4516;0.047828223
4517;0.046771101
4518;0.0584506852
4519;0.0951277265
4520;0.103583371
4521;0.168851792
4522;0.183525805
4523;0.104904884
4524;0.14506994
4525;0.18417781
4526;0.29515983
4527;0.187348605
4528;0.263450863
4529;0.147183803
4530;0.107811542
4531;0.149561805
4532;0.266621721
4533;0.120495103
4534;0.35937132
4535;0.226984941
4536;0.0948106407
4537;0.0446573009
4538;0.0396366531
4539;0.0412221839
4540;0.0425432408
4541;0.0417506371
4542;0.103319354
4543;0.135556977
4544;0.135028391
4545;0.173530304
4546;0.266339953
4547;0.239404555
4548;0.218265229
4549;0.140577815
4550;0.164888013
4551;0.133178671
4552;0.0697603497
4553;0.13899217
4554;0.279569795
4555;0.16171716
4556;0.281155135
4557;0.171177093
4558;0.346687688
4559;0.392137403
4560;0.238347687
4561;0.0687032911
4562;0.0642110458
4563;0.0647395751
4564;0.0652682946
4565;0.0642113629
4566;0.119966447
4567;0.14110616
4568;0.149826196
4569;0.132914464
4570;0.150284204
4571;0.185234742
4572;0.302558796
4573;0.0983517299
4574;0.117535492
4575;0.214037242
4576;0.0887860092
4577;0.126308482
4578;0.146655084
4579;0.187348542
4580;0.174929245
4581;0.154846907
4582;0.194219042
4583;0.214037432
4584;0.225135406
4585;0.0951278534
4586;0.0850545314
4587;0.0753655887
4588;0.0650039031
4589;0.0647398287
4590;0.0689676826
4591;0.0713458742
4592;0.112863138
4593;0.1109824
4594;0.119438235
4595;0.154846717
4596;0.275341884
4597;0.319734857
4598;0.311014694
4599;0.109925278
4600;0.0671178935
4601;0.168058935
4602;0.206109873
4603;0.197125509
4604;0.234648426
4605;0.28961097
4606;0.367298498
4607;0.405877966
4608;0.0872005481
4609;0.0433359143
4610;0.0425431838
4611;0.0420149081
4612;0.0393725787
4613;0.0404293837
4614;0.0428076387
4615;0.0819155722
4616;0.201089543
4617;0.204524666
4618;0.205053068
4619;0.133178982
4620;0.160924297
4621;0.121481831
4622;0.0977701828
4623;0.0858793517
4624;0.0665891739
4625;0.0710813558
4626;0.165307843
4627;0.218529551
4628;0.246803458
4629;0.184970604
4630;0.288025572
4631;0.207166995
4632;0.0718741434
4633;0.0623615674
4634;0.0792733063
4635;0.11018974
4636;0.100148311
4637;0.0467710947
4638;0.0684390835
4639;0.110189607
4640;0.158282024
4641;0.266322393
4642;0.149297787
4643;0.108339811
4644;0.169908413
4645;0.098880126
4646;0.129215196
4647;0.110982077
4648;0.0758378658
4649;0.125251493
4650;0.294684192
4651;0.287761238
4652;0.243104013
4653;0.209280916
4654;0.208223991
4655;0.275077486
4656;0.158017703
4657;0.0446571107
4658;0.043864507
4659;0.0433361045
4660;0.0454498412
4661;0.0418127936
4662;0.0856150871
4663;0.171212163
4664;0.182328021
4665;0.192105115
4666;0.180478295
4667;0.111405148
4668;0.170172989
4669;0.165680616
4670;0.139784774
4671;0.113096391
4672;0.102262301
4673;0.12683885
4674;0.286704439
4675;0.173607985
4676;0.124194555
4677;0.12393029
4678;0.156696379
4679;0.324226849
4680;0.170437317
4681;0.0986406009
4682;0.0676464862
4683;0.0462429522
4684;0.047828223
4685;0.046771101
4686;0.0584506852
4687;0.0951277265
4688;0.103583371
4689;0.168851792
4690;0.183525805
4691;0.104904884
4692;0.14506994
4693;0.18417781
4694;0.29515983
4695;0.187348605
4696;0.263450863
4697;0.147183803
4698;0.107811542
4699;0.149561805
4700;0.266621721
4701;0.120495103
4702;0.35937132
4703;0.226984941
4704;0.0948106407
4705;0.0446573009
4706;0.0396366531
4707;0.0412221839
4708;0.0425432408
4709;0.0417506371
4710;0.103319354
4711;0.135556977
4712;0.135028391
4713;0.173530304
4714;0.266339953
4715;0.239404555
4716;0.218265229
4717;0.140577815
4718;0.164888013
4719;0.133178671
4720;0.0697603497
4721;0.13899217
4722;0.279569795
4723;0.16171716
4724;0.281155135
4725;0.171177093
4726;0.346687688
4727;0.392137403
4728;0.238347687
4729;0.0687032911
4730;0.0642110458
4731;0.0647395751
4732;0.0652682946
4733;0.0642113629
4734;0.119966447
4735;0.14110616
4736;0.149826196
4737;0.132914464
4738;0.150284204
4739;0.185234742
4740;0.302558796
4741;0.0983517299
4742;0.117535492
4743;0.214037242
4744;0.0887860092
4745;0.126308482
4746;0.146655084
4747;0.187348542
4748;0.174929245
4749;0.154846907
4750;0.194219042
4751;0.214037432
4752;0.225135406
4753;0.0951278534
4754;0.0850545314
4755;0.0753655887
4756;0.0650039031
4757;0.0647398287
4758;0.0689676826
4759;0.0713458742
4760;0.112863138
4761;0.1109824
4762;0.119438235
4763;0.154846717
4764;0.275341884
4765;0.319734857
4766;0.311014694
4767;0.109925278
4768;0.0671178935
4769;0.168058935
4770;0.206109873
4771;0.197125509
4772;0.234648426
4773;0.28961097
4774;0.367298498
4775;0.405877966
4776;0.0872005481
4777;0.0433359143
4778;0.0425431838
4779;0.0420149081
4780;0.0393725787
4781;0.0404293837
4782;0.0428076387
4783;0.0819155722
4784;0.201089543
4785;0.204524666
4786;0.205053068
4787;0.133178982
4788;0.160924297
4789;0.121481831
4790;0.0977701828
4791;0.0858793517
4792;0.0665891739
4793;0.0710813558
4794;0.165307843
4795;0.218529551
4796;0.246803458
4797;0.184970604
4798;0.288025572
4799;0.207166995
4800;0.0718741434
4801;0.0623615674
4802;0.0792733063
4803;0.11018974
4804;0.100148311
4805;0.0467710947
4806;0.0684390835
4807;0.110189607
4808;0.158282024
4809;0.266322393
4810;0.149297787
4811;0.108339811
4812;0.169908413
4813;0.098880126
4814;0.129215196
4815;0.110982077
4816;0.0758378658
4817;0.125251493
4818;0.294684192
4819;0.287761238
4820;0.243104013
4821;0.209280916
4822;0.208223991
4823;0.275077486
4824;0.158017703
4825;0.0446571107
4826;0.043864507
4827;0.0433361045
4828;0.0454498412
4829;0.0418127936
4830;0.0856150871
4831;0.171212163
4832;0.182328021
4833;0.192105115
4834;0.180478295
4835;0.111405148
4836;0.170172989
4837;0.165680616
4838;0.139784774
4839;0.113096391
4840;0.102262301
4841;0.12683885
4842;0.286704439
4843;0.173607985
4844;0.124194555
4845;0.12393029
4846;0.156696379
4847;0.324226849
4848;0.170437317
4849;0.0986406009
4850;0.0676464862
4851;0.0462429522
4852;0.047828223
4853;0.046771101
4854;0.0584506852
4855;0.0951277265
4856;0.103583371
4857;0.168851792
4858;0.183525805
4859;0.104904884
4860;0.14506994
4861;0.18417781
4862;0.29515983
4863;0.187348605
4864;0.263450863
4865;0.147183803
4866;0.107811542
4867;0.149561805
4868;0.266621721
4869;0.120495103
4870;0.35937132
4871;0.226984941
4872;0.0948106407
4873;0.0446573009
4874;0.0396366531
4875;0.0412221839
4876;0.0425432408
4877;0.0417506371
4878;0.103319354
4879;0.135556977
4880;0.135028391
4881;0.173530304
4882;0.266339953
4883;0.239404555
4884;0.218265229
4885;0.140577815
4886;0.164888013
4887;0.133178671
4888;0.0697603497
4889;0.13899217
4890;0.279569795
4891;0.16171716
4892;0.281155135
4893;0.171177093
4894;0.346687688
4895;0.392137403
4896;0.238347687
4897;0.0687032911
4898;0.0642110458
4899;0.0647395751
4900;0.0652682946
4901;0.0642113629
4902;0.119966447
4903;0.14110616
4904;0.149826196
4905;0.132914464
4906;0.150284204
4907;0.185234742
4908;0.302558796
4909;0.0983517299
4910;0.117535492
4911;0.214037242
4912;0.0887860092
4913;0.126308482
4914;0.146655084
4915;0.187348542
4916;0.174929245
4917;0.154846907
4918;0.194219042
4919;0.214037432
4920;0.225135406
4921;0.0951278534
4922;0.0850545314
4923;0.0753655887
4924;0.0650039031
4925;0.0647398287
4926;0.0689676826
4927;0.0713458742
4928;0.112863138
4929;0.1109824
4930;0.119438235
4931;0.154846717
4932;0.275341884
4933;0.319734857
4934;0.311014694
4935;0.109925278
4936;0.0671178935
4937;0.168058935
4938;0.206109873
4939;0.197125509
4940;0.234648426
4941;0.28961097
4942;0.367298498
4943;0.405877966
4944;0.0872005481
4945;0.0433359143
4946;0.0425431838
4947;0.0420149081
4948;0.0393725787
4949;0.0404293837
4950;0.0428076387
4951;0.0819155722
4952;0.201089543
4953;0.204524666
4954;0.205053068
4955;0.133178982
4956;0.160924297
4957;0.121481831
4958;0.0977701828
4959;0.0858793517
4960;0.0665891739
4961;0.0710813558
4962;0.165307843
4963;0.218529551
4964;0.246803458
4965;0.184970604
4966;0.288025572
4967;0.207166995
4968;0.0718741434
4969;0.0623615674
4970;0.0792733063
4971;0.11018974
4972;0.100148311
4973;0.0467710947
4974;0.0684390835
4975;0.110189607
4976;0.158282024
4977;0.266322393
4978;0.149297787
4979;0.108339811
4980;0.169908413
4981;0.098880126
4982;0.129215196
4983;0.110982077
4984;0.0758378658
4985;0.125251493
4986;0.294684192
4987;0.287761238
4988;0.243104013
4989;0.209280916
4990;0.208223991
4991;0.275077486
4992;0.158017703
4993;0.0446571107
4994;0.043864507
4995;0.0433361045
4996;0.0454498412
4997;0.0418127936
4998;0.0856150871
4999;0.171212163
5000;0.182328021
5001;0.192105115
5002;0.180478295
5003;0.111405148
5004;0.170172989
5005;0.165680616
5006;0.139784774
5007;0.113096391
5008;0.102262301
5009;0.12683885
5010;0.286704439
5011;0.173607985
5012;0.124194555
5013;0.12393029
5014;0.156696379
5015;0.324226849
5016;0.170437317
5017;0.0986406009
5018;0.0676464862
5019;0.0462429522
5020;0.047828223
5021;0.046771101
5022;0.0584506852
5023;0.0951277265
5024;0.103583371
5025;0.168851792
5026;0.183525805
5027;0.104904884
5028;0.14506994
5029;0.18417781
5030;0.29515983
5031;0.187348605
5032;0.263450863
5033;0.147183803
5034;0.107811542
5035;0.149561805
5036;0.266621721
5037;0.120495103
5038;0.35937132
5039;0.226984941
5040;0.0948106407
5041;0.0446573009
5042;0.0396366531
5043;0.0412221839
5044;0.0425432408
5045;0.0417506371
5046;0.103319354
5047;0.135556977
5048;0.135028391
5049;0.173530304
5050;0.266339953
5051;0.239404555
5052;0.218265229
5053;0.140577815
5054;0.164888013
5055;0.133178671
5056;0.0697603497
5057;0.13899217
5058;0.279569795
5059;0.16171716
5060;0.281155135
5061;0.171177093
5062;0.346687688
5063;0.392137403
5064;0.238347687
5065;0.0687032911
5066;0.0642110458
5067;0.0647395751
5068;0.0652682946
5069;0.0642113629
5070;0.119966447
5071;0.14110616
5072;0.149826196
5073;0.132914464
5074;0.150284204
5075;0.185234742
5076;0.302558796
5077;0.0983517299
5078;0.117535492
5079;0.214037242
5080;0.0887860092
5081;0.126308482
5082;0.146655084
5083;0.187348542
5084;0.174929245
5085;0.154846907
5086;0.194219042
5087;0.214037432
5088;0.225392647
5089;0.0952365472
5090;0.0851517154
5091;0.075451702
5092;0.0650781771
5093;0.064813801
5094;0.0690464856
5095;0.0714273945
5096;0.112992096
5097;0.11110921
5098;0.119574706
5099;0.155023646
5100;0.275656492
5101;0.320100188
5102;0.311370062
5103;0.11005088
5104;0.0671945829
5105;0.16825096
5106;0.206345376
5107;0.197350747
5108;0.234916537
5109;0.289941882
5110;0.367718176
5111;0.406341725
5112;0.0873001841
5113;0.0433854302
5114;0.0425917939
5115;0.0420629147
5116;0.0394175662
5117;0.0404755786
5118;0.042856551
5119;0.0820091696
5120;0.201319309
5121;0.204758357
5122;0.205287364
5123;0.133331153
5124;0.16110817
5125;0.121620637
5126;0.0978818957
5127;0.0859774781
5128;0.0666652592
5129;0.071162574
5130;0.165496725
5131;0.218779244
5132;0.247085458
5133;0.185181953
5134;0.288354673
5135;0.207403706
5136;0.0719562674
5137;0.0624328222
5138;0.0793638846
5139;0.110315643
5140;0.100262741
5141;0.0468245357
5142;0.0685172826
5143;0.11031551
5144;0.158462879
5145;0.266626695
5146;0.149468376
5147;0.108463601
5148;0.170102552
5149;0.0989931072
5150;0.129362838
5151;0.111108886
5152;0.0759245188
5153;0.125394606
5154;0.2950209
5155;0.288090036
5156;0.243381786
5157;0.209520042
5158;0.208461909
5159;0.275391792
5160;0.245371586
5161;0.131881467
5162;0.131087958
5163;0.130558952
5164;0.132675104
5165;0.144417429
5166;0.32159369
5167;0.479078372
5168;0.510718303
5169;0.520506569
5170;0.472971563
5171;0.367924591
5172;0.395992522
5173;0.376111488
5174;0.329674684
5175;0.292700121
5176;0.286981495
5177;0.342353183
5178;0.599830454
5179;0.522499675
5180;0.457646256
5181;0.452253846
5182;0.377372671
5183;0.416898487
5184;0.602749871
5185;0.53087112
5186;0.499841591
5187;0.478413601
5188;0.480000683
5189;0.555198438
5190;1.22777743
5191;1.62035811
5192;1.73049819
5193;1.79584119
5194;1.63260111
5195;1.37595949
5196;1.26365827
5197;1.22655474
5198;1.23598879
5199;1.07721699
5200;1.1788249
5201;1.21493716
5202;1.65847511
5203;1.87820394
5204;1.91914153
5205;1.74742925
5206;1.45278582
5207;0.684780802
5208;0.658682352
5209;0.608471707
5210;0.603445322
5211;0.605032665
5212;0.606355231
5213;0.705049377
5214;1.62891479
5215;2.12546497
5216;2.25758599
5217;2.29613189
5218;2.15690973
5219;1.89780569
5220;1.6776669
5221;1.50040306
5222;1.39209083
5223;1.29402015
5224;1.26369192
5225;1.53197816
5226;2.30280489
5227;2.41695546
5228;2.43704225
5229;2.29377599
5230;1.77307354
5231;0.989511394
5232;0.55943045
5233;0.374316454
5234;0.369819076
5235;0.370348209
5236;0.386153296
5237;0.430922445
5238;0.975565649
5239;1.37862359
5240;1.38735359
5241;1.3856983
5242;1.21977873
5243;1.1325631
5244;1.15836663
5245;0.969201997
5246;0.973131915
5247;1.05446817
5248;0.929073821
5249;1.01246646
5250;1.24669699
5251;1.28743694
5252;1.19862464
5253;1.14796783
5254;0.912421219
5255;0.550368181
5256;0.225392647
5257;0.0952365472
5258;0.0851517154
5259;0.075451702
5260;0.0650781771
5261;0.064813801
5262;0.0690464856
5263;0.0714273945
5264;0.112992096
5265;0.11110921
5266;0.119574706
5267;0.155023646
5268;0.275656492
5269;0.320100188
5270;0.311370062
5271;0.11005088
5272;0.0671945829
5273;0.16825096
5274;0.206345376
5275;0.197350747
5276;0.234916537
5277;0.289941882
5278;0.367718176
5279;0.406341725
5280;0.0873001841
5281;0.0433854302
5282;0.0425917939
5283;0.0420629147
5284;0.0394175662
5285;0.0404755786
5286;0.042856551
5287;0.0820091696
5288;0.201319309
5289;0.204758357
5290;0.205287364
5291;0.133331153
5292;0.16110817
5293;0.121620637
5294;0.0978818957
5295;0.0859774781
5296;0.0666652592
5297;0.071162574
5298;0.165496725
5299;0.218779244
5300;0.247085458
5301;0.185181953
5302;0.288354673
5303;0.207403706
5304;0.0719562674
5305;0.0624328222
5306;0.0793638846
5307;0.110315643
5308;0.100262741
5309;0.0468245357
5310;0.0685172826
5311;0.11031551
5312;0.158462879
5313;0.266626695
5314;0.149468376
5315;0.108463601
5316;0.170102552
5317;0.0989931072
5318;0.129362838
5319;0.111108886
5320;0.0759245188
5321;0.125394606
5322;0.2950209
5323;0.288090036
5324;0.243381786
5325;0.209520042
5326;0.208461909
5327;0.275391792
5328;0.158198255
5329;0.0447081362
5330;0.0439146269
5331;0.0433856207
5332;0.0455017725
5333;0.0418605692
5334;0.0857129115
5335;0.171407792
5336;0.18253635
5337;0.192324616
5338;0.180684511
5339;0.11153244
5340;0.17036743
5341;0.165869924
5342;0.139944493
5343;0.113225616
5344;0.102379147
5345;0.126983777
5346;0.28703203
5347;0.173806351
5348;0.12433646
5349;0.124071894
5350;0.156875422
5351;0.324597313
5352;0.17063206
5353;0.0987533084
5354;0.0677237796
5355;0.0462957898
5356;0.0478828719
5357;0.046824542
5358;0.0585174715
5359;0.0952364202
5360;0.103701726
5361;0.169044724
5362;0.183735503
5363;0.105024749
5364;0.145235698
5365;0.184388253
5366;0.295497082
5367;0.187562671
5368;0.263751884
5369;0.147351977
5370;0.107934728
5371;0.149732695
5372;0.266926365
5373;0.120632782
5374;0.35978194
5375;0.227244296
5376;0.094918972
5377;0.0447083267
5378;0.0396819423
5379;0.0412692847
5380;0.0425918511
5381;0.0417983417
5382;0.103437407
5383;0.135711865
5384;0.135182675
5385;0.173728581
5386;0.266644275
5387;0.239678101
5388;0.218514621
5389;0.14073844
5390;0.165076415
5391;0.133330842
5392;0.0698400584
5393;0.139150984
5394;0.279889234
5395;0.16190194
5396;0.281476385
5397;0.171372681
5398;0.347083816
5399;0.392585462
5400;0.238620025
5401;0.068781792
5402;0.0642844138
5403;0.064813547
5404;0.0653428707
5405;0.0642847313
5406;0.120103522
5407;0.141267389
5408;0.149997389
5409;0.133066333
5410;0.15045592
5411;0.185446392
5412;0.302904502
5413;0.0984641073
5414;0.117669788
5415;0.214281803
5416;0.0888874567
5417;0.126452803
5418;0.146822653
5419;0.187562608
5420;0.175129121
5421;0.155023837
5422;0.194440958
5423;0.214281993
5424;0.225392647
5425;0.0952365472
5426;0.0851517154
5427;0.075451702
5428;0.0650781771
5429;0.064813801
5430;0.0690464856
5431;0.0714273945
5432;0.112992096
5433;0.11110921
5434;0.119574706
5435;0.155023646
5436;0.275656492
5437;0.320100188
5438;0.311370062
5439;0.11005088
5440;0.0671945829
5441;0.16825096
5442;0.206345376
5443;0.197350747
5444;0.234916537
5445;0.289941882
5446;0.367718176
5447;0.406341725
5448;0.402718425
5449;0.358803671
5450;0.358010035
5451;0.357481155
5452;0.354835807
5453;0.411555862
5454;0.896341202
5455;1.19525002
5456;1.38877622
5457;1.39221526
5458;1.26286617
5459;1.06103186
5460;0.977484793
5461;0.882335217
5462;0.78438042
5463;0.735367974
5464;0.734609769
5465;0.850431169
5466;1.29729159
5467;1.48045221
5468;1.45309638
5469;1.37263886
5470;1.08617728
5471;0.541375961
5472;0.662150808
5473;0.652627363
5474;0.669558425
5475;0.700510184
5476;0.690457282
5477;0.741171054
5478;1.66551428
5479;2.19335507
5480;2.38037174
5481;2.48853555
5482;2.12835595
5483;1.8443299
5484;1.69766489
5485;1.52240347
5486;1.4139039
5487;1.32621529
5488;1.32574825
5489;1.58352229
5490;2.41277778
5491;2.6488682
5492;2.50000797
5493;2.4314289
5494;1.70130692
5495;0.900303658
5496;0.553893043
5497;0.440402924
5498;0.439609415
5499;0.439080408
5500;0.44119656
5501;0.507383849
5502;1.15641645
5503;1.56797763
5504;1.67221085
5505;1.68199911
5506;1.50742586
5507;1.27534064
5508;1.19451864
5509;1.12019265
5510;1.00116256
5511;0.927891355
5512;0.94032105
5513;1.10458266
5514;1.70687803
5515;1.7565855
5516;1.63728712
5517;1.61374639
5518;1.15775047
5519;0.743568264
5520;0.457744309
5521;0.372194373
5522;0.341164844
5523;0.319736854
5524;0.334995121
5525;0.374950346
5526;0.824121194
5527;1.20261977
5528;1.21108507
5529;1.29009925
5530;1.14073581
5531;0.952655581
5532;0.91083942
5533;0.96366316
5534;1.0611008
5535;0.939495209
5536;1.01568442
5537;0.940298069
5538;1.09227741
5539;1.13407538
5540;1.18291312
5541;1.00927717
5542;1.002345
5543;0.52802773
5544;0.094918972
5545;0.0447083267
5546;0.0396819423
5547;0.0412692847
5548;0.0425918511
5549;0.0417983417
5550;0.103437407
5551;0.135711865
5552;0.135182675
5553;0.173728581
5554;0.266644275
5555;0.239678101
5556;0.218514621
5557;0.14073844
5558;0.165076415
5559;0.133330842
5560;0.0698400584
5561;0.139150984
5562;0.279889234
5563;0.16190194
5564;0.281476385
5565;0.171372681
5566;0.347083816
5567;0.392585462
5568;0.238620025
5569;0.068781792
5570;0.0642844138
5571;0.064813547
5572;0.0653428707
5573;0.0642847313
5574;0.120103522
5575;0.141267389
5576;0.149997389
5577;0.133066333
5578;0.15045592
5579;0.185446392
5580;0.302904502
5581;0.0984641073
5582;0.117669788
5583;0.214281803
5584;0.0888874567
5585;0.126452803
5586;0.146822653
5587;0.187562608
5588;0.175129121
5589;0.155023837
5590;0.194440958
5591;0.214281993
5592;0.225392647
5593;0.0952365472
5594;0.0851517154
5595;0.075451702
5596;0.0650781771
5597;0.064813801
5598;0.0690464856
5599;0.0714273945
5600;0.112992096
5601;0.11110921
5602;0.119574706
5603;0.155023646
5604;0.275656492
5605;0.320100188
5606;0.311370062
5607;0.11005088
5608;0.0671945829
5609;0.16825096
5610;0.206345376
5611;0.197350747
5612;0.234916537
5613;0.289941882
5614;0.367718176
5615;0.406341725
5616;0.0873001841
5617;0.0433854302
5618;0.0425917939
5619;0.0420629147
5620;0.0394175662
5621;0.0404755786
5622;0.042856551
5623;0.0820091696
5624;0.201319309
5625;0.204758357
5626;0.205287364
5627;0.133331153
5628;0.16110817
5629;0.121620637
5630;0.0978818957
5631;0.0859774781
5632;0.0666652592
5633;0.071162574
5634;0.165496725
5635;0.218779244
5636;0.247085458
5637;0.185181953
5638;0.288354673
5639;0.207403706
5640;0.0719562674
5641;0.0624328222
5642;0.0793638846
5643;0.110315643
5644;0.100262741
5645;0.0468245357
5646;0.0685172826
5647;0.11031551
5648;0.158462879
5649;0.266626695
5650;0.149468376
5651;0.108463601
5652;0.170102552
5653;0.0989931072
5654;0.129362838
5655;0.111108886
5656;0.0759245188
5657;0.125394606
5658;0.2950209
5659;0.288090036
5660;0.243381786
5661;0.209520042
5662;0.208461909
5663;0.275391792
5664;0.158198255
5665;0.0447081362
5666;0.0439146269
5667;0.0433856207
5668;0.0455017725
5669;0.0418605692
5670;0.0857129115
5671;0.171407792
5672;0.18253635
5673;0.192324616
5674;0.180684511
5675;0.11153244
5676;0.17036743
5677;0.165869924
5678;0.139944493
5679;0.113225616
5680;0.102379147
5681;0.126983777
5682;0.28703203
5683;0.173806351
5684;0.12433646
5685;0.124071894
5686;0.156875422
5687;0.324597313
5688;0.17063206
5689;0.0987533084
5690;0.0677237796
5691;0.0462957898
5692;0.0478828719
5693;0.046824542
5694;0.0585174715
5695;0.0952364202
5696;0.103701726
5697;0.169044724
5698;0.183735503
5699;0.105024749
5700;0.145235698
5701;0.184388253
5702;0.295497082
5703;0.187562671
5704;0.263751884
5705;0.147351977
5706;0.107934728
5707;0.149732695
5708;0.266926365
5709;0.120632782
5710;0.35978194
5711;0.227244296
5712;0.094918972
5713;0.0447083267
5714;0.0396819423
5715;0.0412692847
5716;0.0425918511
5717;0.0417983417
5718;0.103437407
5719;0.135711865
5720;0.135182675
5721;0.173728581
5722;0.266644275
5723;0.239678101
5724;0.218514621
5725;0.14073844
5726;0.165076415
5727;0.133330842
5728;0.0698400584
5729;0.139150984
5730;0.279889234
5731;0.16190194
5732;0.281476385
5733;0.171372681
5734;0.347083816
5735;0.392585462
5736;0.238620025
5737;0.068781792
5738;0.0642844138
5739;0.064813547
5740;0.0653428707
5741;0.0642847313
5742;0.120103522
5743;0.141267389
5744;0.149997389
5745;0.133066333
5746;0.15045592
5747;0.185446392
5748;0.302904502
5749;0.0984641073
5750;0.117669788
5751;0.214281803
5752;0.0888874567
5753;0.126452803
5754;0.146822653
5755;0.187562608
5756;0.175129121
5757;0.155023837
5758;0.194440958
5759;0.214281993
5760;0.930851263
5761;0.800695163
5762;0.790610331
5763;0.780910318
5764;0.770536793
5765;0.894765114
5766;1.9779345
5767;2.56128133
5768;2.7688363
5769;2.76695341
5770;2.48493595
5771;2.22990193
5772;2.10154938
5773;2.02150038
5774;1.84677999
5775;1.56246568
5776;1.56110695
5777;1.91114872
5778;2.73769688
5779;3.01918521
5780;2.9322583
5781;2.94578608
5782;2.1521135
5783;1.15329791
5784;2.43034556
5785;2.38643081
5786;2.38563717
5787;2.38510829
5788;2.38246294
5789;2.79699955
5790;6.38286168
5791;8.35158108
5792;9.02219601
5793;9.02563506
5794;8.06138068
5795;7.02464108
5796;6.22546091
5797;5.77249478
5798;5.19745124
5799;4.90989443
5800;5.02840841
5801;5.85986291
5802;8.57289483
5803;9.59096074
5804;9.20578836
5805;9.00605866
5806;6.21488121
5807;2.68827528
5808;1.05548314
5809;1.04595969
5810;1.06289075
5811;1.09384251
5812;1.08378961
5813;1.20391497
5814;2.72982528
5815;3.58158682
5816;3.86115227
5817;3.96931609
5818;3.44717612
5819;3.00118969
5820;2.71570151
5821;2.4710285
5822;2.26998014
5823;2.13601715
5824;2.1586873
5825;2.55528452
5826;3.82414673
5827;4.22219752
5828;4.0039257
5829;3.91220944
5830;2.69620634
5831;1.31677318
5832;0.255679921
5833;0.0722572618
5834;0.0709747926
5835;0.0701198131
5836;0.0735399363
5837;0.0676550257
5838;0.138529154
5839;0.277029166
5840;0.295015135
5841;0.310834924
5842;0.292022194
5843;0.18025866
5844;0.275347733
5845;0.268078868
5846;0.226178202
5847;0.182995169
5848;0.165465113
5849;0.205231101
5850;0.463900988
5851;0.280905716
5852;0.20095251
5853;0.200524917
5854;0.253541959
5855;0.524613974
5856;0.275775428
5857;0.159605035
5858;0.10945513
5859;0.0748232265
5860;0.0773882677
5861;0.0756777956
5862;0.0945759008
5863;0.153921043
5864;0.167602665
5865;0.273209977
5866;0.296953205
5867;0.169740934
5868;0.234729844
5869;0.298008179
5870;0.477582199
5871;0.303138672
5872;0.42627563
5873;0.238150173
5874;0.17444404
5875;0.241997888
5876;0.431406225
5877;0.194966627
5878;0.581479347
5879;0.367272089
5880;0.153407983
5881;0.0722575697
5882;0.0641339303
5883;0.0666993922
5884;0.0688369231
5885;0.0675544538
5886;0.167175473
5887;0.219337432
5888;0.218482155
5889;0.280780024
5890;0.430950311
5891;0.387367597
5892;0.353163193
5893;0.227461379
5894;0.266796399
5895;0.215489224
5896;0.112875459
5897;0.224895733
5898;0.452356804
5899;0.261665814
5900;0.454921958
5901;0.27697242
5902;0.560956647
5903;0.634496378
5904;0.508236889
5905;0.233744443
5906;0.226475783
5907;0.227330968
5908;0.228186461
5909;0.248107947
5910;0.525796547
5911;0.66094928
5912;0.7039009
5913;0.676536938
5914;0.654168127
5915;0.660245855
5916;0.806818277
5917;0.454770188
5918;0.456968197
5919;0.598691373
5920;0.40323966
5921;0.50721605
5922;0.677138244
5923;0.793455985
5924;0.75172934
5925;0.712024642
5926;0.624309015
5927;0.476112327
5928;1.01242949
5929;0.80207128
5930;0.785772181
5931;0.770095026
5932;0.753329341
5933;0.867281474
5934;1.86541062
5935;2.40302926
5936;2.62271199
5937;2.61966887
5938;2.3664655
5939;2.15687274
5940;2.12308064
5941;2.0805311
5942;1.91391558
5943;1.5122907
5944;1.48115285
5945;1.87323894
5946;2.65921009
5947;2.91155828
5948;2.85789267
5949;2.90869813
5950;2.2337442
5951;1.34300575
5952;0.940693624
5953;0.83164478
5954;0.830362106
5955;0.829507332
5956;0.863305767
5957;0.979237263
5958;2.20144845
5959;3.21657303
5960;3.409402
5961;3.45303403
5962;2.99700287
5963;2.57611652
5964;2.39256664
5965;2.36682076
5966;2.29038038
5967;2.23306662
5968;2.20185422
5969;2.32334432
5970;3.00884095
5971;3.09495613
5972;2.95033538
5973;2.77413929
5974;2.25555775
5975;1.17287871
5976;0.629627683
5977;0.589792994
5978;0.617156967
5979;0.66718118
5980;0.675376589
5981;0.662338503
5982;1.4795712
5983;2.15819804
5984;2.23601379
5985;2.43527098
5986;1.95260495
5987;1.69078983
5988;1.64375325
5989;1.55326911
5990;1.57790975
5991;1.52396482
5992;1.46709987
5993;1.6203821
5994;2.23673265
5995;2.22553099
5996;2.03105903
5997;1.9274459
5998;1.48576349
5999;0.982862954
6000;0.400347373
6001;0.210036205
6002;0.208753736
6003;0.207898756
6004;0.218207389
6005;0.232988007
6006;0.524294444
6007;0.835007197
6008;0.852993167
6009;0.875701466
6010;0.77422662
6011;0.607355008
6012;0.661113024
6013;0.660732668
6014;0.611943493
6015;0.56187195
6016;0.544341894
6017;0.604773411
6018;0.959882433
6019;0.776887161
6020;0.662491406
6021;0.648286795
6022;0.577310663
6023;0.676169936
6024;0.275775428
6025;0.159605035
6026;0.10945513
6027;0.0748232265
6028;0.0773882677
6029;0.0756777956
6030;0.0945759008
6031;0.153921043
6032;0.167602665
6033;0.273209977
6034;0.296953205
6035;0.169740934
6036;0.234729844
6037;0.298008179
6038;0.477582199
6039;0.303138672
6040;0.42627563
6041;0.238150173
6042;0.17444404
6043;0.241997888
6044;0.431406225
6045;0.194966627
6046;0.581479347
6047;0.367272089
6048;0.153407983
6049;0.0722575697
6050;0.0641339303
6051;0.0666993922
6052;0.0688369231
6053;0.0675544538
6054;0.167175473
6055;0.219337432
6056;0.218482155
6057;0.280780024
6058;0.430950311
6059;0.387367597
6060;0.353163193
6061;0.227461379
6062;0.266796399
6063;0.215489224
6064;0.112875459
6065;0.224895733
6066;0.452356804
6067;0.261665814
6068;0.454921958
6069;0.27697242
6070;0.560956647
6071;0.634496378
6072;0.385657535
6073;0.111165089
6074;0.103896429
6075;0.104751614
6076;0.105607107
6077;0.103896942
6078;0.194111237
6079;0.228316267
6080;0.242425686
6081;0.215061724
6082;0.243166764
6083;0.299718344
6084;0.489554067
6085;0.159137629
6086;0.190177839
6087;0.346322115
6088;0.143659852
6089;0.204372941
6090;0.23729468
6091;0.30313857
6092;0.283043575
6093;0.250549428
6094;0.314255356
6095;0.346322423
6096;0.771705407
6097;0.541947137
6098;0.525648038
6099;0.509970883
6100;0.51260526
6101;0.570378163
6102;1.19802102
6103;1.6868706
6104;1.75404745
6105;1.77040439
6106;1.55128557
6107;1.45337763
6108;1.53194398
6109;1.62317392
6110;1.58966423
6111;1.24489223
6112;1.17562791
6113;1.39715535
6114;1.7303244
6115;1.71578728
6116;1.67950078
6117;1.72963258
6118;1.50613346
6119;1.08355526
6120;0.684703158
6121;0.587843599
6122;0.586560925
6123;0.585706151
6124;0.607315301
6125;0.686678942
6126;1.51883301
6127;2.22922547
6128;2.42205444
6129;2.45349719
6130;2.14373744
6131;1.82036537
6132;1.7099512
6133;1.67201604
6134;1.60776494
6135;1.56264047
6136;1.53142807
6137;1.61635031
6138;2.13119696
6139;2.21731213
6140;2.13363781
6141;1.98182028
6142;1.68264588
6143;0.904698955
6144;2.32644286
6145;2.31105108
6146;2.33841505
6147;2.38843926
6148;2.37219177
6149;2.67585095
6150;6.09113587
6151;7.97881135
6152;8.57666173
6153;8.75147602
6154;7.65206421
6155;6.67573171
6156;5.9953006
6157;5.49034758
6158;5.01939649
6159;4.72987715
6160;4.80302085
6161;5.66302633
6162;8.40734074
6163;9.30619969
6164;8.84391627
6165;8.65918028
6166;5.92728831
6167;2.78524389
6168;1.72976635
6169;1.54634369
6170;1.54506122
6171;1.54420624
6172;1.54762637
6173;1.80187436
6174;4.12723361
6175;5.47968716
6176;5.84451699
6177;5.86033678
6178;5.23454729
6179;4.51580699
6180;4.09063026
6181;3.8232285
6182;3.43448396
6183;3.217879
6184;3.28705991
6185;3.8470917
6186;5.75326995
6187;6.17725144
6188;5.83716533
6189;5.75002677
6190;3.98211352
6191;2.08541137
6192;0.820652534
6193;0.704482141
6194;0.654332236
6195;0.619700332
6196;0.622265373
6197;0.716709684
6198;1.56894924
6199;2.07701671
6200;2.21890471
6201;2.32451202
6202;2.12389409
6203;1.77232066
6204;1.645
6205;1.61212355
6206;1.66349119
6207;1.42494448
6208;1.58013303
6209;1.58431714
6210;2.1295913
6211;2.42150631
6212;2.51475986
6213;2.24626867
6214;1.95969791
6215;0.944200789
6216;0.729265189
6217;0.648114775
6218;0.639991136
6219;0.642556598
6220;0.644694129
6221;0.745033519
6222;1.72537732
6223;2.25177463
6224;2.38641517
6225;2.44871303
6226;2.36176565
6227;2.08106526
6228;1.84361714
6229;1.61629346
6230;1.52013267
6231;1.40107759
6232;1.33233778
6233;1.64760177
6234;2.51866795
6235;2.56509464
6236;2.65672892
6237;2.44490543
6238;2.01753664
6239;1.24422754
6240;0.672247325
6241;0.397754879
6242;0.390486219
6243;0.391341403
6244;0.392196896
6245;0.4410614
6246;0.96958949
6247;1.23980964
6248;1.32135195
6249;1.29398799
6250;1.20408547
6251;1.14262949
6252;1.23131587
6253;0.850324768
6254;0.813932086
6255;0.936359917
6256;0.750555876
6257;0.912418302
6258;1.26564628
6259;1.44949773
6260;1.37882806
6261;1.32947569
6262;1.03915894
6263;0.649770435
6264;0.57693427
6265;0.366576062
6266;0.350276963
6267;0.334599808
6268;0.317834123
6269;0.354934159
6270;0.687011796
6271;0.865987314
6272;0.983200585
6273;0.980157466
6274;0.906275648
6275;0.876004456
6276;0.995916545
6277;1.0302191
6278;0.966073048
6279;0.615682899
6280;0.558927685
6281;0.797309579
6282;1.09655078
6283;1.16957741
6284;1.1927639
6285;1.26918672
6286;1.13219748
6287;0.881893163
6288;0.141094503
6289;0.0701195052
6290;0.0688368307
6291;0.0679820564
6292;0.0637066458
6293;0.0654166048
6294;0.0692647309
6295;0.132543169
6296;0.325372141
6297;0.330930329
6298;0.331785309
6299;0.215489727
6300;0.260382924
6301;0.196563197
6302;0.158196659
6303;0.138956746
6304;0.10774435
6305;0.115012908
6306;0.267475703
6307;0.353590878
6308;0.399339362
6309;0.299290956
6310;0.466038642
6311;0.33520574
6312;0.225819912
6313;0.210428125
6314;0.237792098
6315;0.287816311
6316;0.271568817
6317;0.204529829
6318;0.40709729
6319;0.56484799
6320;0.668434146
6321;0.843248437
6322;0.608799021
6323;0.497428914
6324;0.558394134
6325;0.424139288
6326;0.44745242
6327;0.405065189
6328;0.354642839
6329;0.473251976
6330;0.869811328
6331;0.903707885
6332;0.812122632
6333;0.750952701
6334;0.613947901
6335;0.561054881
6336;0.343807246
6337;0.156188302
6338;0.154905833
6339;0.154050853
6340;0.161667262
6341;0.168371208
6342;0.373526472
6343;0.616933621
6344;0.63491959
6345;0.654935665
6346;0.585767509
6347;0.440433691
6348;0.510345051
6349;0.507272471
6350;0.46117552
6351;0.413796201
6352;0.396266146
6353;0.44862099
6354;0.766038873
6355;0.583043601
6356;0.482108968
6357;0.473288804
6358;0.450772707
6359;0.616937585
6360;0.275775428
6361;0.159605035
6362;0.10945513
6363;0.0748232265
6364;0.0773882677
6365;0.0756777956
6366;0.0945759008
6367;0.153921043
6368;0.167602665
6369;0.273209977
6370;0.296953205
6371;0.169740934
6372;0.234729844
6373;0.298008179
6374;0.477582199
6375;0.303138672
6376;0.42627563
6377;0.238150173
6378;0.17444404
6379;0.241997888
6380;0.431406225
6381;0.194966627
6382;0.581479347
6383;0.367272089
6384;0.22517853
6385;0.144028116
6386;0.135904477
6387;0.138469938
6388;0.140607469
6389;0.151990391
6390;0.361378127
6391;0.472645242
6392;0.488677153
6393;0.550975022
6394;0.671592731
6395;0.598457439
6396;0.538922254
6397;0.40055505
6398;0.423002882
6399;0.363252113
6400;0.264860145
6401;0.4022112
6402;0.709886411
6403;0.548747999
6404;0.729338753
6405;0.547167418
6406;0.742493911
6407;0.710488721
6408;0.687379454
6409;0.412887008
6410;0.405618348
6411;0.406473533
6412;0.407329025
6413;0.458863905
6414;1.01053525
6415;1.29321716
6416;1.37831997
6417;1.35095601
6418;1.25482261
6419;1.18713575
6420;1.27048139
6421;0.886819903
6422;0.84686672
6423;0.967514301
6424;0.782600385
6425;0.949803563
6426;1.31994392
6427;1.51002624
6428;1.4366862
6429;1.38644371
6430;1.07743433
6431;0.66579269
6432;0.794098578
6433;0.563274031
6434;0.546974932
6435;0.531297776
6436;0.534998431
6437;0.595970164
6438;1.25773388
6439;1.77324039
6440;1.84041723
6441;1.85784045
6442;1.62592631
6443;1.51948815
6444;1.59165685
6445;1.68395306
6446;1.6493771
6447;1.30353882
6448;1.2342745
6449;1.45900077
6450;1.80709769
6451;1.79256058
6452;1.75094269
6453;1.79894194
6454;1.55624983
6455;1.1070147
6456;0.563923829
6457;0.472815319
6458;0.471532644
6459;0.47067787
6460;0.486535971
6461;0.548646466
6462;1.19676698
6463;1.76338321
6464;1.95621219
6465;1.98190389
6466;1.74115672
6467;1.46379304
6468;1.38788517
6469;1.34419895
6470;1.2856989
6471;1.24632548
6472;1.21511308
6473;1.28278218
6474;1.71711414
6475;1.80322931
6476;1.74831024
6477;1.60799481
6478;1.41233928
6479;0.778168578
6480;0.521851707
6481;0.487148897
6482;0.514512869
6483;0.564537082
6484;0.567600612
6485;0.539166889
6486;1.19217946
6487;1.74250933
6488;1.82032507
6489;2.01445039
6490;1.5933669
6491;1.37260682
6492;1.35636151
6493;1.26074549
6494;1.29051801
6495;1.24170496
6496;1.18484001
6497;1.3227266
6498;1.86723085
6499;1.85602919
6500;1.68721662
6501;1.59386725
6502;1.24455866
6503;0.869955098
6504;0.823037225
6505;0.612599185
6506;0.611316716
6507;0.610461737
6508;0.64089724
6509;0.716058471
6510;1.65142477
6511;2.46530929
6512;2.48329526
6513;2.52613043
6514;2.18313314
6515;1.85524656
6516;1.78824335
6517;1.80798987
6518;1.73907382
6519;1.66887541
6520;1.65134535
6521;1.77215748
6522;2.40904269
6523;2.22604742
6524;2.01101731
6525;1.95655896
6526;1.52329915
6527;1.11898666
6528;1.25089774
6529;1.13472735
6530;1.08457744
6531;1.04994554
6532;1.05251058
6533;1.22288052
6534;2.73314216
6535;3.59552921
6536;3.83865137
6537;3.94425868
6538;3.56648096
6539;3.03774774
6540;2.75857583
6541;2.64977376
6542;2.59990723
6543;2.31074343
6544;2.49124053
6545;2.64727589
6546;3.67341234
6547;4.14248714
6548;4.15981507
6549;3.86601533
6550;3.0479652
6551;1.39975454
6552;0.921259762
6553;0.797516921
6554;0.785129526
6555;0.789041491
6556;0.792300921
6557;0.911639644
6558;2.11476485
6559;2.76034452
6560;2.92076609
6561;3.01576148
6562;2.96172976
6563;2.61225227
6564;2.31750681
6565;2.00453511
6566;1.90278968
6567;1.74369066
6568;1.6276507
6569;2.0410543
6570;3.15609736
6571;3.14834077
6572;3.3217346
6573;3.00995542
6574;2.59393084
6575;1.69528259
6576;1.64333866
6577;1.22477671
6578;1.21369304
6579;1.21499708
6580;1.21630158
6581;1.39991719
6582;3.15141703
6583;4.07261723
6584;4.34242992
6585;4.30070377
6586;3.90903876
6587;3.56075068
6588;3.47777643
6589;2.78771497
6590;2.58674905
6591;2.70069796
6592;2.45374128
6593;2.91876685
6594;4.14838249
6595;4.68330626
6596;4.46644088
6597;4.35481747
6598;3.14839636
6599;1.64543267
6600;2.04931634
6601;1.72854998
6602;1.70369618
6603;1.67979074
6604;1.65422546
6605;1.91719308
6606;4.2123239
6607;5.44841439
6608;5.90234175
6609;5.89770143
6610;5.30345303
6611;4.77570463
6612;4.54576282
6613;4.391674
6614;4.0186666
6615;3.34677455
6616;3.32902937
6617;4.10531855
6618;5.86878933
6619;6.4617337
6620;6.29069445
6621;6.33842994
6622;4.68477342
6623;2.58313373
6624;2.47276215
6625;2.36453537
6626;2.36257948
6627;2.36127607
6628;2.35475667
6629;2.75576643
6630;6.21445431
6631;8.17015572
6632;8.99539556
6633;9.00387101
6634;8.07556934
6635;6.96862972
6636;6.24028084
6637;5.74456252
6638;5.15485592
6639;4.85991625
6640;4.94512255
6641;5.75301069
6642;8.50870941
6643;9.5696282
6644;9.24098583
6645;8.95562546
6646;6.42107579
6647;2.90155496
6648;2.06520812
6649;1.95184452
6650;1.99357069
6651;2.0698505
6652;2.1349687
6653;2.27295156
6654;5.20299878
6655;7.55334226
6656;7.67200021
6657;8.02846046
6658;6.66100705
6659;5.84080533
6660;5.45335306
6661;5.36799898
6662;5.35295109
6663;5.21807138
6664;5.13136041
6665;5.52295811
6666;7.19950412
6667;7.18242318
6668;6.62277429
6669;6.35953626
6670;4.73884889
6671;2.65646304
6672;4.00821316
6673;3.72851969
6674;3.7265641
6675;3.72526038
6676;3.73047558
6677;4.3600321
6678;10.0020332
6679;13.1930335
6680;14.0718331
6681;14.095956
6682;12.5773656
6683;10.9170383
6684;9.78497532
6685;9.13536116
6686;8.22009504
6687;7.72856028
6688;7.91467282
6689;9.25237064
6690;13.6908299
6691;14.9016918
6692;14.1412444
6693;13.927749
6694;9.53888122
6695;4.63114274
6696;3.23188648
6697;3.05474315
6698;2.97827168
6699;2.92546295
6700;2.92937427
6701;3.42288984
6702;7.75144631
6703;10.1571836
6704;10.8395445
6705;11.0005806
6706;9.87916351
6707;8.52756069
6708;7.63441195
6709;7.23477862
6710;6.84710507
6711;6.2503543
6712;6.60349525
6713;7.30887827
6714;10.3538528
6715;11.614485
6716;11.407182
6717;10.8812707
6718;7.99778104
6719;3.53678048
6720;3.39181039
6721;3.26806755
6722;3.25568016
6723;3.25959212
6724;3.26285155
6725;3.8181698
6726;8.7997842
6727;11.479935
6728;12.2216626
6729;12.316658
6730;11.2453407
6731;9.87857765
6732;8.71187314
6733;7.96292192
6734;7.27987046
6735;6.83011843
6736;6.85940497
6737;8.14476762
6738;12.0210143
6739;13.0305433
6740;12.7679576
6741;12.3108519
6742;8.84297067
6743;4.31115973
6744;3.86306815
6745;3.4445062
6746;3.43342253
6747;3.43472656
6748;3.43603107
6749;4.01136365
6750;9.15774388
6751;11.9069566
6752;12.6990586
6753;12.6573324
6754;11.3516611
6755;10.0893668
6756;9.22295862
6757;8.1411802
6758;7.41792499
6759;7.27072925
6760;7.1543449
6761;8.4028044
6762;12.1132942
6763;13.5622242
6764;12.9536418
6765;12.7114461
6766;8.76300623
6767;3.99573447
6768;3.99497396
6769;3.6742076
6770;3.6493538
6771;3.62544836
6772;3.59988308
6773;4.20620205
6774;9.47704452
6775;12.3154413
6776;13.2271704
6777;13.2225301
6778;11.8271286
6779;10.498227
6780;9.58158255
6781;9.08414238
6782;8.25333319
6783;7.35254024
6784;7.44924551
6785;8.91223737
6786;12.8502667
6787;14.2443642
6788;13.7299736
6789;13.6632586
6790;9.60614269
6791;4.6432418
6792;3.69193466
6793;3.41815668
6794;3.41620078
6795;3.41489737
6796;3.57392919
6797;4.07319025
6798;9.37669668
6799;13.6119674
6800;13.9060042
6801;14.0800309
6802;12.0947201
6803;10.5929762
6804;9.66812475
6805;9.73635995
6806;9.51230522
6807;9.31741589
6808;9.26982142
6809;9.77755856
6810;12.3277595
6811;12.4590729
6812;11.7010768
6813;11.2174148
6814;8.49175962
6815;4.1534779
6816;3.00234541
6817;2.84435892
6818;2.88608509
6819;2.9623649
6820;3.07210598
6821;3.3439575
6822;7.70193708
6823;11.1678527
6824;11.2865107
6825;11.6875938
6826;9.78466575
6827;8.60748094
6828;7.95229136
6829;7.91156016
6830;7.85188938
6831;7.67238679
6832;7.58567582
6833;8.11114217
6834;10.4124086
6835;10.3953277
6836;9.61256433
6837;9.26008054
6838;6.83618121
6839;3.63822321
6840;3.10596024
6841;2.69693722
6842;2.69498163
6843;2.69367791
6844;2.82822266
6845;3.20723764
6846;7.45385603
6847;10.8982875
6848;10.9257135
6849;11.079166
6850;9.49852472
6851;8.29346486
6852;7.66248491
6853;7.78073047
6854;7.58750837
6855;7.39233084
6856;7.3656
6857;7.81422611
6858;10.0192745
6859;9.74023276
6860;8.97166776
6861;8.71235666
6862;6.4652683
6863;3.64537597
6864;3.28421222
6865;3.10706889
6866;3.03059741
6867;2.97778869
6868;2.98170001
6869;3.48444953
6870;7.8930336
6871;10.3418627
6872;11.0365355
6873;11.1975717
6874;10.0546086
6875;8.68145992
6876;7.76984327
6877;7.36097598
6878;6.9609905
6879;6.35808376
6880;6.71430269
6881;7.43815362
6882;10.5416099
6883;11.823788
6884;11.607251
6885;11.0782617
6886;8.13013437
6887;3.5921842
6888;2.24468681
6889;2.02519922
6890;2.01281182
6891;2.01672379
6892;2.11572797
6893;2.40100665
6894;5.61674667
6895;8.0899051
6896;8.08860092
6897;8.27934107
6898;7.35939235
6899;6.52697688
6900;5.9003515
6901;5.80441886
6902;5.76865442
6903;5.59467352
6904;5.43820212
6905;5.89625137
6906;7.58352372
6907;7.29274707
6908;7.10871144
6909;6.64587419
6910;5.35550418
6911;3.07402296
6912;3.61212846
6913;3.04957258
6914;3.03848891
6915;3.03979294
6916;3.18509138
6917;3.61446543
6918;8.35983535
6919;12.0118416
6920;12.0333564
6921;12.1356242
6922;10.4505532
6923;9.38483479
6924;8.81034366
6925;8.45049951
6926;8.35383748
6927;8.44794136
6928;8.13891023
6929;8.66347086
6930;10.7295869
6931;10.8299895
6932;10.0793778
6933;9.74184099
6934;7.24709262
6935;3.69614195
6936;3.07172824
6937;2.75096188
6938;2.72610807
6939;2.70220264
6940;2.67663736
6941;3.12003061
6942;6.97885021
6943;9.05692697
6944;9.75142184
6945;9.74678151
6946;8.73153998
6947;7.78279844
6948;7.19200538
6949;6.85749093
6950;6.24391602
6951;5.45174022
6952;5.49413691
6953;6.63127735
6954;9.53744379
6955;10.5513813
6956;10.1999164
6957;10.18751
6958;7.2708741
6959;3.66568751
6960;2.46745606
6961;2.35922928
6962;2.35727338
6963;2.35596997
6964;2.34945058
6965;2.74952397
6966;6.20009664
6967;8.15142832
6968;8.97541967
6969;8.98389512
6970;8.05777831
6971;6.95302355
6972;6.22654741
6973;5.73176546
6974;5.14330736
6975;4.84899193
6976;4.93388611
6977;5.73990151
6978;8.4896699
6979;9.54840382
6980;9.22069781
6981;8.93564957
6982;6.40765449
6983;2.89593674
6984;2.42175963
6985;2.39828934
6986;2.44001551
6987;2.51629532
6988;2.4915202
6989;2.75589817
6990;6.24200978
6991;8.19337065
6992;8.84012866
6993;9.1066956
6994;7.89378683
6995;6.86855651
6996;6.22831403
6997;5.65699159
6998;5.20373695
6999;4.89470052
7000;4.94001457
7001;5.85408242
7002;8.78059734
7003;9.68769151
7004;9.18143413
7005;8.96595772
7006;6.19082466
7007;3.05514625
7008;3.57727771
7009;3.29758423
7010;3.29562865
7011;3.29432493
7012;3.29954013
7013;3.85304922
7014;8.83597258
7015;11.6720849
7016;12.4494879
7017;12.4736108
7018;11.1324644
7019;9.64958113
7020;8.66961297
7021;8.09604625
7022;7.2821767
7023;6.84134023
7024;7.00210363
7025;8.18770658
7026;12.1445321
7027;13.17795
7028;12.49355
7029;12.3054037
7030;8.44886802
7031;4.17485814
7032;4.35707393
7033;4.1799306
7034;4.10345913
7035;4.0506504
7036;4.05456172
7037;4.74663978
7038;10.7960712
7039;14.1284334
7040;15.0755443
7041;15.2365805
7042;13.6518508
7043;11.8369355
7044;10.5466618
7045;9.948466
7046;9.29604247
7047;8.5669167
7048;8.98624515
7049;10.0887531
7050;14.3912902
7051;16.1152348
7052;15.7093693
7053;15.1172705
7054;10.8438434
7055;4.72815542
7056;4.18740397
7057;4.06366113
7058;4.05127373
7059;4.05518569
7060;4.05844513
7061;4.75416224
7062;10.9525668
7063;14.2879123
7064;15.2168384
7065;15.3118338
7066;13.9129192
7067;12.2185588
7068;10.7710565
7069;9.88170643
7070;9.01145648
7071;8.4681052
7072;8.54419137
7073;10.1103517
7074;14.8757913
7075;16.2129176
7076;15.809933
7077;15.3060277
7078;10.8553544
7079;5.15355292
7080;4.2547984
7081;3.83623645
7082;3.82515278
7083;3.82645681
7084;3.82776132
7085;4.47222277
7086;10.2177198
7087;13.2895339
7088;14.1738077
7089;14.1320816
7090;12.6651096
7091;11.2415146
7092;10.2368487
7093;9.08594139
7094;8.27051436
7095;8.07723271
7096;7.98389131
7097;9.37060855
7098;13.5189145
7099;15.1291452
7100;14.451434
7101;14.1861953
7102;9.75385334
7103;4.41050768
7104;2.38695367
7105;2.06618731
7106;2.04133351
7107;2.01742807
7108;1.99186279
7109;2.31441347
7110;5.1259308
7111;6.64007556
7112;7.173447
7113;7.16880667
7114;6.43553114
7115;5.7687556
7116;5.41964768
7117;5.2059758
7118;4.75352432
7119;4.04191023
7120;4.04402607
7121;4.93948136
7122;7.08031152
7123;7.81228302
7124;7.58166072
7125;7.60953519
7126;5.53879725
7127;2.94063208
7128;1.9435072
7129;1.83528042
7130;1.83332452
7131;1.83202112
7132;1.82550172
7133;2.13311355
7134;4.78235267
7135;6.30219706
7136;7.00290633
7137;7.01138177
7138;6.30100861
7139;5.4119975
7140;4.87044449
7141;4.4681241
7142;4.00294808
7143;3.7702737
7144;3.82434736
7145;4.44543963
7146;6.60961811
7147;7.45260839
7148;7.21736395
7149;6.96313623
7150;5.08237209
7151;2.34116736
7152;2.625717
7153;2.60224671
7154;2.64397288
7155;2.72025269
7156;2.69547757
7157;2.99584801
7158;6.79389443
7159;8.91322019
7160;9.60796817
7161;9.8745351
7162;8.5776439
7163;7.46843113
7164;6.75620369
7165;6.14888877
7166;5.64764416
7167;5.31461275
7168;5.37192429
7169;6.3579771
7170;9.51244437
7171;10.503521
7172;9.96127113
7173;9.73379723
7174;6.70671683
7175;3.27110111
7176;2.56084009
7177;2.1777736
7178;2.17581802
7179;2.1745143
7180;2.28310251
7181;2.5842479
7182;6.00025726
7183;8.7957754
7184;8.82320144
7185;8.95069738
7186;7.6815345
7187;6.6841269
7188;6.20888614
7189;6.30117517
7190;6.1339096
7191;5.9646886
7192;5.93795776
7193;6.30871427
7194;8.15037124
7195;7.87132947
7196;7.23254714
7197;7.0251491
7198;5.24527832
7199;3.07429929
7200;2.80467563
7201;2.51400787
7202;2.43753639
7203;2.38472766
7204;2.50216342
7205;2.8401285
7206;6.50172731
7207;9.43033106
7208;9.45119359
7209;9.72575415
7210;8.39966599
7211;7.2974899
7212;6.71544214
7213;6.92545704
7214;7.08575745
7215;6.70623144
7216;6.89399779
7217;6.94770652
7218;8.43990581
7219;8.54291582
7220;8.26411443
7221;7.67652879
7222;6.22246592
7223;3.05771946
7224;3.18301822
7225;3.05927538
7226;3.04688798
7227;3.05079995
7228;3.05405938
7229;3.57253195
7230;8.23481715
7231;10.7430214
7232;11.4356215
7233;11.5306168
7234;10.5452728
7235;9.26448303
7236;8.17146988
7237;7.45936433
7238;6.82544044
7239;6.4002522
7240;6.41725685
7241;7.62892814
7242;11.2718189
7243;12.1953746
7244;11.9696346
7245;11.5248108
7246;8.3148493
7247;4.09008566
7248;3.46321005
7249;2.90774509
7250;2.89666142
7251;2.89796546
7252;3.03617297
7253;3.44427425
7254;7.96273461
7255;11.4374677
7256;11.4589826
7257;11.5541594
7258;9.95417948
7259;8.9451885
7260;8.41324291
7261;8.04630784
7262;7.95673673
7263;8.05793154
7264;7.74890041
7265;8.25218827
7266;10.2190314
7267;10.319434
7268;9.60427691
7269;9.28092193
7270;6.91381019
7271;3.54013261
7272;3.25628044
7273;2.80691206
7274;2.78205825
7275;2.75815281
7276;2.86118956
7277;3.24634412
7278;7.37204056
7279;10.5929591
7280;10.6953942
7281;10.8193559
7282;9.29699453
7283;8.35554126
7284;7.88122559
7285;8.11935797
7286;7.96924077
7287;7.3444928
7288;7.23887456
7289;7.8737315
7290;9.76804268
7291;9.74587565
7292;9.1954454
7293;9.07384988
7294;6.95069093
7295;3.83082682
7296;2.22580329
7297;2.04691241
7298;2.04367946
7299;2.04152502
7300;2.03074894
7301;2.36509023
7302;5.23506124
7303;6.93469952
7304;7.86076243
7305;7.87477172
7306;7.10685347
7307;6.04365988
7308;5.49674942
7309;5.00586187
7310;4.46911804
7311;4.20060336
7312;4.23194368
7313;4.91032666
7314;7.38480439
7315;8.37192895
7316;8.1572056
7317;7.79502539
7318;5.90508957
7319;2.82506675
7320;0.711780814
7321;0.672986164
7322;0.74195644
7323;0.868041342
7324;0.827089899
7325;0.683285549
7326;1.41195681
7327;1.9270048
7328;2.22164592
7329;2.6622614
7330;2.01261648
7331;1.67319018
7332;1.77651983
7333;1.4129676
7334;1.43817328
7335;1.31455995
7336;1.19586019
7337;1.54514366
7338;2.70404666
7339;2.84820262
7340;2.59219815
7341;2.42963208
7342;1.90815321
7343;1.56512164
7344;2.8712793
7345;2.40896662
7346;2.40573419
7347;2.40357923
7348;2.41219958
7349;2.79033923
7350;6.37473701
7351;8.55769456
7352;9.12699104
7353;9.16686446
7354;8.20251171
7355;7.00387855
7356;6.45760354
7357;6.04631009
7358;5.41673715
7359;5.04591366
7360;5.13272036
7361;6.01889452
7362;9.15969159
7363;9.61539182
7364;9.02089912
7365;8.88883057
7366;6.27165176
7367;3.68011234
7368;4.48858874
7369;4.19578388
7370;4.06938217
7371;3.98209324
7372;3.98855837
7373;4.65368886
7374;10.5031492
7375;13.7767886
7376;14.7038617
7377;14.9700426
7378;13.4678562
7379;11.5851899
7380;10.4101096
7381;9.90015951
7382;9.46018284
7383;8.57420739
7384;9.10771856
7385;9.97243598
7386;14.0516636
7387;15.7839622
7388;15.5919199
7389;14.772832
7390;11.0609367
7391;4.94235124
7392;3.10300927
7393;2.7691294
7394;2.74865395
7395;2.75512014
7396;2.88984982
7397;3.27464361
7398;7.6646826
7399;11.0297076
7400;11.0275519
7401;11.3139143
7402;10.1403102
7403;8.99572435
7404;8.13346046
7405;7.94597395
7406;7.9157749
7407;7.65711425
7408;7.39847856
7409;8.06884937
7410;10.4529489
7411;9.9723166
7412;9.81270398
7413;9.10550202
7414;7.49312049
7415;4.44492381
7416;4.17273528
7417;3.32847847
7418;3.31015798
7419;3.31231345
7420;3.46687449
7421;3.91977842
7422;9.02411476
7423;12.9204475
7424;12.95601
7425;13.0394445
7426;11.2814252
7427;10.2047238
7428;9.76877176
7429;9.08836936
7430;9.01420072
7431;9.25535406
7432;8.7445484
7433;9.35478873
7434;11.5714343
7435;11.7373923
7436;10.9247194
7437;10.5380091
7438;7.95529221
7439;4.22599681
7440;3.54487845
7441;2.88960097
7442;2.84851946
7443;2.80900554
7444;2.89182236
7445;3.26596846
7446;7.28559
7447;10.4221477
7448;10.5914654
7449;10.7088696
7450;9.2424624
7451;8.38627217
7452;8.1272353
7453;8.43335524
7454;8.27271789
7455;7.3275509
7456;7.15297174
7457;7.93985747
7458;9.8460796
7459;9.80943913
7460;9.33709515
7461;9.31109736
7462;7.37658806
7463;4.4070659
7464;2.44973077
7465;2.17112662
7466;2.16789366
7467;2.16573922
7468;2.25467641
7469;2.55812613
7470;5.75864976
7471;8.41097329
7472;8.89699437
7473;9.01071693
7474;7.81631269
7475;6.72548616
7476;6.24035886
7477;6.17921594
7478;5.98280068
7479;5.83459365
7480;5.75592351
7481;6.07338354
7482;7.85364831
7483;8.07069967
7484;7.68744136
7485;7.23584507
7486;5.86129007
7487;3.03869703
7488;2.60708851
7489;2.45811158
7490;2.52708185
7491;2.65316676
7492;2.72239759
7493;2.83525888
7494;6.44945936
7495;9.37428542
7496;9.57041826
7497;10.121216
7498;8.32177321
7499;7.27327814
7500;6.86327651
7501;6.68378778
7502;6.69731946
7503;6.51277798
7504;6.36945115
7505;6.90151905
7506;9.13505968
7507;9.10682615
7508;8.37379147
7509;8.01548791
7510;6.02789642
7511;3.54598455
7512;3.49214883
7513;2.89423896
7514;2.89100652
7515;2.88885157
7516;3.03306911
7517;3.42502791
7518;7.94277482
7519;11.6817909
7520;11.7271241
7521;11.9025947
7522;10.2280113
7523;8.86153627
7524;8.28762297
7525;8.40489915
7526;8.16369227
7527;7.91925321
7528;7.8750691
7529;8.38208997
7530;10.9324223
7531;10.4711869
7532;9.59168064
7533;9.31940851
7534;7.01228724
7535;4.30558825
7536;3.76022818
7537;3.46742332
7538;3.34102161
7539;3.25373268
7540;3.26019781
7541;3.79679409
7542;8.53229121
7543;11.2061042
7544;11.9617984
7545;12.2279793
7546;11.0257061
7547;9.44295297
7548;8.52494108
7549;8.14352521
7550;7.8749275
7551;7.07464153
7552;7.56530795
7553;8.17295695
7554;11.4381345
7555;12.8705199
7556;12.8070119
7557;12.0307687
7558;9.21861289
7559;4.17114594
7560;3.1455129
7561;2.94097512
7562;2.92049967
7563;2.92696585
7564;2.93235345
7565;3.41597717
7566;7.88648971
7567;10.2899581
7568;10.936944
7569;11.0939643
7570;10.3364675
7571;9.09062053
7572;8.0306968
7573;7.22701205
7574;6.67701355
7575;6.2231242
7576;6.1267739
7577;7.38283078
7578;11.0395636
7579;11.6949289
7580;11.6951705
7581;11.0843674
7582;8.39215013
7583;4.52037075
7584;3.42606774
7585;2.73421572
7586;2.71589522
7587;2.7180507
7588;2.72020695
7589;3.14896004
7590;7.12956031
7591;9.23673641
7592;9.84971691
7593;9.78074666
7594;8.84110323
7595;7.97315867
7596;7.58550829
7597;6.31963758
7598;5.82045571
7599;5.92530483
7600;5.55885366
7601;6.57800668
7602;9.40372081
7603;10.5801604
7604;10.0964479
7605;9.87019262
7606;6.99931733
7607;3.47127899
7608;2.66363294
7609;2.050317
7610;2.00923549
7611;1.96972157
7612;2.01057686
7613;2.25883835
7614;4.93569081
7615;7.02321015
7616;7.19252787
7617;7.26797058
7618;6.30510174
7619;5.78460378
7620;5.77733612
7621;6.04149452
7622;5.92281871
7623;5.01961325
7624;4.84503409
7625;5.50603521
7626;6.82479587
7627;6.7881554
7628;6.52561909
7629;6.58354437
7630;5.40434268
7631;3.48385886
7632;1.99438826
7633;1.73746577
7634;1.73423282
7635;1.73207838
7636;1.79933391
7637;2.03773862
7638;4.54444897
7639;6.65473087
7640;7.14075196
7641;7.23279284
7642;6.29856859
7643;5.38119539
7644;5.02615807
7645;4.94333349
7646;4.76859989
7647;4.64207452
7648;4.56340438
7649;4.81581942
7650;6.29254088
7651;6.50959224
7652;6.23474226
7653;5.8265093
7654;4.84222427
7655;2.56167286
7656;2.86178736
7657;2.82299271
7658;2.89196299
7659;3.01804789
7660;2.97709645
7661;3.21270502
7662;7.22962158
7663;9.5152632
7664;10.3157882
7665;10.7564037
7666;9.22146196
7667;7.99673884
7668;7.34124265
7669;6.59827751
7670;6.11759929
7671;5.74104401
7672;5.74881523
7673;6.85692454
7674;10.418776
7675;11.4482288
7676;10.8128114
7677;10.5237744
7678;7.34640506
7679;3.84159916
7680;3.70416428
7681;3.09615904
7682;3.0929266
7683;3.09077165
7684;3.24508455
7685;3.66732944
7686;8.50812797
7687;12.4995281
7688;12.5448613
7689;12.7304273
7690;10.9346995
7691;9.4874616
7692;8.85297611
7693;8.98034766
7694;8.72904542
7695;8.474511
7696;8.43032689
7697;8.96763384
7698;11.6593013
7699;11.1980658
7700;10.2680828
7701;9.97561992
7702;7.48678212
7703;4.52769906
7704;3.67164892
7705;3.23711153
7706;3.11070982
7707;3.02342089
7708;3.17161855
7709;3.59250493
7710;8.17557814
7711;11.8684695
7712;11.9029537
7713;12.3108671
7714;10.669921
7715;9.2154251
7716;8.528833
7717;8.83005715
7718;9.14093689
7719;8.55952338
7720;8.86988731
7721;8.82091892
7722;10.6446045
7723;10.8148724
7724;10.5836092
7725;9.70420348
7726;8.12721454
7727;4.04399672
7728;3.98099544
7729;3.77645765
7730;3.7559822
7731;3.76244839
7732;3.76783599
7733;4.39889781
7734;10.1472072
7735;13.23872
7736;14.08229
7737;14.2393104
7738;13.1377913
7739;11.5479221
7740;10.1931222
7741;9.24199935
7742;8.49541672
7743;7.94323531
7744;7.89603104
7745;9.44696411
7746;14.0374715
7747;15.0368591
7748;14.8896626
7749;14.2297134
7750;10.5054295
7751;5.40499932
7752;5.72116788
7753;5.02931586
7754;5.01099536
7755;5.01315084
7756;5.01530709
7757;5.84907785
7758;13.3398313
7759;17.3370898
7760;18.4900939
7761;18.4211237
7762;16.536439
7763;14.7234532
7764;13.5257675
7765;11.8548791
7766;10.8156737
7767;10.650511
7768;10.4190657
7769;12.2482541
7770;17.6390801
7771;19.760561
7772;18.8718308
7773;18.5105696
7774;12.8045706
7775;5.90138502
7776;6.63557782
7777;5.83313308
7778;5.79205157
7779;5.75253765
7780;5.98252173
7781;6.79816961
7782;15.5271434
7783;22.3428826
7784;22.5122003
7785;22.7767718
7786;19.5443574
7787;17.5108291
7788;16.3687887
7789;16.8220759
7790;16.5142713
7791;15.4219371
7792;15.2473579
7793;16.4757454
7794;20.4423092
7795;20.4056687
7796;19.1974884
7797;18.8771561
7798;14.2936362
7799;7.64493253
7800;5.80084066
7801;5.3626695
7802;5.35943655
7803;5.35728211
7804;5.60578631
7805;6.38793705
7806;14.694605
7807;21.3361038
7808;21.8221249
7809;22.0954144
7810;18.9862061
7811;16.6188435
7812;15.1763141
7813;15.2747382
7814;14.9187559
7815;14.6109819
7816;14.5323117
7817;15.3284728
7818;19.3426757
7819;19.5597271
7820;18.3786337
7821;17.6079034
7822;13.3611422
7823;6.54937393
7824;5.71706101
7825;5.67826636
7826;5.74723663
7827;5.87332154
7828;5.83237009
7829;6.57185048
7830;14.9556562
7831;19.5926996
7832;21.0650537
7833;21.5056692
7834;18.7950265
7835;16.3946025
7836;14.7313627
7837;13.4845257
7838;12.3320184
7839;11.6195486
7840;11.7952771
7841;13.91113
7842;20.6641697
7843;22.8693234
7844;21.7300342
7845;21.2730399
7846;14.5685678
7847;6.86483008
7848;6.17945924
7849;5.71714656
7850;5.71391412
7851;5.71175916
7852;5.72037951
7853;6.68231562
7854;15.3262827
7855;20.2336237
7856;21.5813155
7857;21.6211889
7858;19.2946444
7859;16.7338195
7860;15.0199516
7861;14.0248617
7862;12.6168935
7863;11.8568723
7864;12.1382779
7865;14.1920449
7866;21.0302196
7867;22.8481115
7868;21.6698224
7869;21.343155
7870;14.639401
7871;7.18289109
7872;5.27528888
7873;4.7643923
7874;4.6379906
7875;4.55070166
7876;4.77525851
7877;5.42522246
7878;12.4517897
7879;18.0536608
7880;18.088145
7881;18.5724176
7882;16.0151612
7883;13.9497918
7884;12.8050446
7885;13.1826279
7886;13.4171485
7887;12.7593758
7888;13.0697397
7889;13.2498489
7890;16.1425631
7891;16.312831
7892;15.6997719
7893;14.6676478
7894;11.7161934
7895;5.72399587
7896;5.15233022
7897;4.72086954
7898;4.70039409
7899;4.70686028
7900;4.93917077
7901;5.61670699
7902;13.1293319
7903;18.9338771
7904;18.9317214
7905;19.3156646
7906;16.9710908
7907;15.0458585
7908;13.5981097
7909;13.508204
7910;13.3804242
7911;13.0241827
7912;12.765547
7913;13.7286603
7914;17.4788912
7915;16.9982588
7916;16.3507422
7917;15.4483786
7918;12.0795425
7919;6.59182557
7920;5.894033
7921;4.96781458
7922;4.94949409
7923;4.95164956
7924;5.1881722
7925;5.88696094
7926;13.6140685
7927;19.5594412
7928;19.5950037
7929;19.7603998
7930;17.0188413
7931;15.2864471
7932;14.3587255
7933;13.7602847
7934;13.6041544
7935;13.7633462
7936;13.2525405
7937;14.1086656
7938;17.4727736
7939;17.6387316
7940;16.4162507
7941;15.8656172
7942;11.8075915
7943;6.02925612
7944;6.26653874
7945;5.48166623
7946;5.44058472
7947;5.4010708
7948;5.61348266
7949;6.37641385
7950;14.5430764
7951;20.9195099
7952;21.0888276
7953;21.3358269
7954;18.3142793
7955;16.4213288
7956;15.3847217
7957;15.8204367
7958;15.5302043
7959;14.4554423
7960;14.2808631
7961;15.456534
7962;19.1770865
7963;19.1404461
7964;18.0201269
7965;17.7349391
7966;13.4677192
7967;7.25832122
7968;6.71336151
7969;6.53447063
7970;6.53123768
7971;6.52908324
7972;6.51830716
7973;7.64457049
7974;17.3778658
7975;22.7731403
7976;24.7550993
7977;24.7691085
7978;22.1533722
7979;19.2423605
7980;17.111606
7981;15.8287964
7982;14.2361565
7983;13.4396938
7984;13.7350081
7985;15.9972352
7986;23.4872192
7987;26.3221618
7988;25.3155164
7989;24.6893622
7990;17.2559721
7991;7.57659898
7992;5.9819751
7993;5.672299
7994;5.74126928
7995;5.86735418
7996;6.09728418
7997;6.69224296
7998;15.4488167
7999;22.3911219
8000;22.5872547
8001;23.2987517
8002;19.5709189
8003;17.2368305
8004;15.8626339
8005;15.8438443
8006;15.6966768
8007;15.3514362
8008;15.2081093
8009;16.2222747
8010;20.7056037
8011;20.6773701
8012;19.1408396
8013;18.4611378
8014;13.5809613
8015;7.0815703
8016;4.67743484
8017;3.98828354
8018;3.98479047
8019;3.98246175
8020;4.18133892
8021;4.73399543
8022;10.993012
8023;16.1092894
8024;16.1582779
8025;16.3909281
8026;14.0649467
8027;12.2440415
8028;11.3656657
8029;11.5354292
8030;11.2317423
8031;10.9245627
8032;10.8768159
8033;11.5538121
8034;14.9122176
8035;14.4137922
8036;13.2482143
8037;12.8679261
8038;9.60021736
8039;5.5994941
8040;3.99437566
8041;3.67796157
8042;3.54136794
8043;3.44704079
8044;3.45402721
8045;4.0217056
8046;9.03343442
8047;11.8659802
8048;12.6663612
8049;12.9540046
8050;11.6832207
8051;10.0012782
8052;9.03361452
8053;8.63362893
8054;8.35961961
8055;7.50292845
8056;8.02909649
8057;8.66137234
8058;12.1126579
8059;13.6321083
8060;13.5756639
8061;12.7408927
8062;9.78727942
8063;4.43436481
8064;2.93744467
8065;2.71641474
8066;2.69428833
8067;2.70127589
8068;2.7070979
8069;3.14824124
8070;7.27309521
8071;9.49013899
8072;10.080658
8073;10.2503391
8074;9.62187402
8075;8.46568254
8076;7.48324696
8077;6.69623567
8078;6.21052418
8079;5.77435421
8080;5.64307654
8081;6.83745973
8082;10.2730276
8083;10.7911262
8084;10.8728628
8085;10.2399683
8086;7.90100326
8087;4.39600054
8088;4.94542357
8089;4.19778663
8090;4.17798893
8091;4.1803182
8092;4.18264831
8093;4.86534424
8094;11.0681288
8095;14.3689449
8096;15.3238467
8097;15.2493153
8098;13.7220393
8099;12.2722435
8100;11.4145925
8101;9.82728107
8102;8.99535362
8103;8.9624089
8104;8.63953429
8105;10.1796068
8106;14.6225174
8107;16.4056826
8108;15.6635959
8109;15.3459734
8110;10.7080122
8111;5.06740423
8112;4.93975193
8113;4.1788301
8114;4.13443613
8115;4.09173615
8116;4.23403909
8117;4.79677854
8118;10.830379
8119;15.5400536
8120;15.7230237
8121;15.9027029
8122;13.6843554
8123;12.3366616
8124;11.7398873
8125;12.1234985
8126;11.8971003
8127;10.8229148
8128;10.6342591
8129;11.6430179
8130;14.44226
8131;14.4026652
8132;13.6281931
8133;13.4944821
8134;10.453438
8135;5.92426715
8136;3.81408772
8137;3.62077263
8138;3.617279
8139;3.61495085
8140;3.60330588
8141;4.21321996
8142;9.46925872
8143;12.4661416
8144;13.7983601
8145;13.813499
8146;12.4035622
8147;10.6745416
8148;9.58630421
8149;8.80722134
8150;7.89571328
8151;7.43980497
8152;7.55654377
8153;8.78685448
8154;13.0354105
8155;14.6822285
8156;14.2015773
8157;13.7273226
8158;9.94469787
8159;4.54454203
8160;3.36317375
8161;3.32125104
8162;3.39578248
8163;3.53203377
8164;3.48778036
8165;3.79014579
8166;8.54486661
8167;11.2376798
8168;12.1664314
8169;12.6425743
8170;10.8724296
8171;9.43751677
8172;8.6336482
8173;7.78301739
8174;7.19990222
8175;6.76114519
8176;6.78546281
8177;8.07843928
8178;12.2299639
8179;13.4538614
8180;12.7194501
8181;12.3911878
8182;8.62330705
8183;4.43790884
8184;4.79858079
8185;4.29899125
8186;4.29549818
8187;4.29316946
8188;4.30248488
8189;5.01037087
8190;11.4773392
8191;15.2328415
8192;16.2470497
8193;16.2901381
8194;14.5497633
8195;12.5562178
8196;11.367383
8197;10.62367
8198;9.54432517
8199;8.94409741
8200;9.1376556
8201;10.693796
8202;15.9831304
8203;17.1738394
8204;16.2321556
8205;15.989686
8206;11.0666855
8207;5.77238322
8208;5.33390207
8209;5.01748798
8210;4.88089434
8211;4.78656719
8212;4.79355361
8213;5.59761902
8214;12.6580353
8215;16.5937205
8216;17.7092842
8217;17.9969275
8218;16.1745739
8219;13.9410618
8220;12.500624
8221;11.8642514
8222;11.2750594
8223;10.2607769
8224;10.8657406
8225;11.9707905
8226;16.9191938
8227;18.9902139
8228;18.6973825
8229;17.7838156
8230;13.1754933
8231;5.85268689
8232;5.61994565
8233;5.39891572
8234;5.37678931
8235;5.38377687
8236;5.38959888
8237;6.30412474
8238;14.5316273
8239;18.9577895
8240;20.1794852
8241;20.3491664
8242;18.616142
8243;16.3553913
8244;14.4261907
8245;13.1657969
8246;12.0489087
8247;11.2971503
8248;11.3236668
8249;13.4648151
8250;19.8984723
8251;21.5211301
8252;21.1294842
8253;20.3387956
8254;14.6861528
8255;7.23629569
8256;7.39150633
8257;6.64386939
8258;6.62407169
8259;6.62640096
8260;6.62873107
8261;7.74308867
8262;17.686941
8263;23.0021781
8264;24.5326288
8265;24.4580974
8266;21.923611
8267;19.4666045
8268;17.7456302
8269;15.7266572
8270;14.3191808
8271;13.9984617
8272;13.8194743
8273;16.2228701
8274;23.3996379
8275;26.1900137
8276;25.0162653
8277;24.5547555
8278;16.8951627
8279;7.65737421
8280;7.61859917
8281;7.04564509
8282;7.00125113
8283;6.95855115
8284;6.91288634
8285;8.0810888
8286;18.2342288
8287;23.7017522
8288;25.4438772
8289;25.4355886
8290;22.744333
8291;20.1718598
8292;18.3641595
8293;17.3904368
8294;15.7928513
8295;14.1270561
8296;14.3281891
8297;17.1117772
8298;24.6854571
8299;27.3743835
8300;26.3703838
8301;26.2228196
8302;18.3796312
8303;8.8049354
8304;7.30915864
8305;7.11584356
8306;7.11234993
8307;7.11002177
8308;7.09837681
8309;8.3250681
8310;18.9265095
8311;24.8016861
8312;26.9562742
8313;26.971413
8314;24.1223294
8315;20.954162
8316;18.6323701
8317;17.23651
8318;15.5026324
8319;14.6355392
8320;14.9578704
8321;17.4217356
8322;25.5765474
8323;28.6625122
8324;27.5650838
8325;26.8852367
8326;18.7851714
8327;8.24520536
8328;7.63028303
8329;7.58836032
8330;7.66289175
8331;7.79914304
8332;7.75488963
8333;8.81027435
8334;20.0911623
8335;26.2980655
8336;28.2308428
8337;28.7069857
8338;25.179796
8339;21.9878382
8340;19.677931
8341;18.0742809
8342;16.4871401
8343;15.5463702
8344;15.8216942
8345;18.6207092
8346;27.541356
8347;30.5222985
8348;29.0348679
8349;28.4555992
8350;19.4165834
8351;8.95602455
8352;8.17646717
8353;7.67687763
8354;7.67338456
8355;7.67105584
8356;7.68037125
8357;8.98435484
8358;20.6175023
8359;27.1547934
8360;28.9637984
8361;29.0068868
8362;25.8756176
8363;22.4911777
8364;20.1101477
8365;18.7703371
8366;16.8961955
8367;15.8985694
8368;16.2908268
8369;19.0391624
8370;28.1037816
8371;30.6853849
8372;29.1476035
8373;28.7064347
8374;19.6107511
8375;9.3489688
8376;7.27285701
8377;6.95644292
8378;6.81984928
8379;6.72552213
8380;6.73250855
8381;7.87874248
8382;17.9046192
8383;23.4370909
8384;25.0088793
8385;25.2965226
8386;22.6757758
8387;19.6438704
8388;17.5190957
8389;16.5405545
8390;15.4951378
8391;14.252743
8392;14.9717629
8393;16.7611498
8394;23.8766204
8395;26.7460337
8396;26.1110337
8397;25.0834107
8398;18.0799087
8399;7.90569801
8400;6.35001894
8401;6.128989
8402;6.10686259
8403;6.11385016
8404;6.11967217
8405;7.16303449
8406;16.5071197
8407;21.5345188
8408;22.9279964
8409;23.0976776
8410;21.0640348
8411;18.5026657
8412;16.3157921
8413;14.9265618
8414;13.6378917
8415;12.8002424
8416;12.8697044
8417;15.2685256
8418;22.518147
8419;24.4414232
8420;23.9209409
8421;23.0873068
8422;16.5328088
8423;8.00931447
8424;6.48790782
8425;5.48135845
8426;5.46156075
8427;5.46389003
8428;5.72513256
8429;6.49721184
8430;15.0281267
8431;21.5941017
8432;21.6325316
8433;21.8169127
8434;18.7865135
8435;16.869244
8436;15.8328263
8437;15.1917812
8438;15.0174132
8439;15.1837921
8440;14.6317995
8441;15.5739014
8442;19.2883445
8443;19.4676839
8444;18.1183889
8445;17.5120596
8446;13.0251522
8447;6.63968293
8448;6.76238263
8449;6.18942855
8450;6.14503458
8451;6.10233461
8452;6.0566698
8453;7.07377521
8454;15.9174076
8455;20.6798114
8456;22.2204737
8457;22.2121852
8458;19.8734892
8459;17.6535759
8460;16.1480697
8461;15.325444
8462;13.9293212
8463;12.3642573
8464;12.5150247
8465;14.9964187
8466;21.6131506
8467;23.9495173
8468;23.0966147
8469;22.9994161
8470;16.213907
8471;7.89835317
8472;5.38183419
8473;5.18851911
8474;5.18502548
8475;5.18269733
8476;5.17105236
8477;6.05762758
8478;13.7113962
8479;17.9993645
8480;19.7004645
8481;19.7156034
8482;17.6601239
8483;15.2855606
8484;13.644001
8485;12.588257
8486;11.3078674
8487;10.6675183
8488;10.8764775
8489;12.6601105
8490;18.6608538
8491;20.9532144
8492;20.1959021
8493;19.629427
8494;13.9101743
8495;6.20450889
8496;4.36479301
8497;4.3228703
8498;4.39740174
8499;4.53365303
8500;4.48939962
8501;4.96852139
8502;11.2551305
8503;14.7728066
8504;15.9372333
8505;16.4133762
8506;14.2308
8507;12.3834558
8508;11.2260745
8509;10.1986874
8510;9.37989708
8511;8.82330248
8512;8.90653889
8513;10.553028
8514;15.8240094
8515;17.4603384
8516;16.5491708
8517;16.1619897
8518;11.1568146
8519;5.49844688
8520;4.13590671
8521;3.63631717
8522;3.6328241
8523;3.63049539
8524;3.6398108
8525;4.23075431
8526;9.68422106
8527;12.8939918
8528;13.7522767
8529;13.7953651
8530;12.3278561
8531;10.6071764
8532;9.65222657
8533;9.02545604
8534;8.10203454
8535;7.57976843
8536;7.73434579
8537;9.05660124
8538;13.6052999
8539;14.5231431
8540;13.6984017
8541;13.494913
8542;9.39050994
8543;5.07072831
8544;4.44735643
8545;4.13094234
8546;3.9943487
8547;3.90002155
8548;3.90700797
8549;4.55462415
8550;10.2591471
8551;13.4647359
8552;14.3717006
8553;14.6593439
8554;13.2020385
8555;11.3335746
8556;10.2060353
8557;9.72611195
8558;9.34551892
8559;8.4355359
8560;8.98834987
8561;9.78050129
8562;13.7380595
8563;15.4440314
8564;15.3076491
8565;14.446232
8566;10.9330543
8567;4.91399151
8568;4.98915123
8569;4.7681213
8570;4.74599489
8571;4.75298245
8572;4.75880446
8573;5.56201366
8574;12.8247718
8575;16.7314563
8576;17.8047298
8577;17.9744109
8578;16.5011254
8579;14.5001136
8580;12.7935463
8581;11.6444691
8582;10.6760032
8583;9.99845595
8584;9.9878669
8585;11.9063818
8586;17.6350335
8587;18.9979524
8588;18.7176232
8589;17.9640401
8590;13.090614
8591;6.56839572
8592;7.35768596
8593;6.61004902
8594;6.59025132
8595;6.5925806
8596;6.59491071
8597;7.7033
8598;17.595427
8599;22.8828121
8600;24.4053051
8601;24.3307737
8602;21.8102133
8603;19.3671329
8604;17.6580952
8605;15.6450904
8606;14.2455718
8607;13.9288315
8608;13.7478547
8609;16.1393139
8610;23.2782825
8611;26.0547322
8612;24.8869521
8613;24.4274318
8614;16.8096171
8615;7.62156441
8616;7.66022356
8617;7.08726948
8618;7.04287552
8619;7.00017554
8620;6.95451073
8621;8.13005867
8622;18.3468595
8623;23.8486618
8624;25.6005808
8625;25.5922922
8626;22.8838971
8627;20.2942845
8628;18.4718932
8629;17.490825
8630;15.8834456
8631;14.2127533
8632;14.4163349
8633;17.2146139
8634;24.8348152
8635;27.540881
8636;26.5295359
8637;26.3795232
8638;18.4849164
8639;8.84900828
8640;6.63370588
8641;6.4403908
8642;6.43689717
8643;6.43456901
8644;6.42292405
8645;7.5304178
8646;17.0988138
8647;22.4177352
8648;24.4133932
8649;24.4285321
8650;21.857576
8651;18.9675362
8652;16.8841395
8653;15.6074769
8654;14.0325293
8655;13.2449012
8656;13.5274999
8657;15.7529699
8658;23.1528639
8659;25.9607012
8660;24.9824703
8661;24.3423557
8662;17.0766732
8663;7.53002008
8664;5.95388824
8665;5.64354687
8666;5.7180783
8667;5.85432959
8668;6.07849485
8669;6.64851302
8670;15.3334029
8671;22.2278676
8672;22.4398149
8673;23.1843764
8674;19.4476153
8675;17.1197607
8676;15.7805867
8677;15.7359778
8678;15.6012483
8679;15.2524748
8680;15.0975913
8681;16.1206173
8682;20.6251826
8683;20.5946725
8684;19.0557711
8685;18.3698726
8686;13.5336786
8687;7.11784092
8688;7.38443238
8689;6.88484284
8690;6.88134977
8691;6.87902106
8692;6.88833647
8693;8.05254921
8694;18.4743493
8695;24.3593765
8696;25.9820204
8697;26.0251088
8698;23.2199716
8699;20.1616636
8700;18.0601754
8701;16.8601356
8702;15.1723551
8703;14.2679095
8704;14.6135766
8705;17.0823705
8706;25.2617744
8707;27.5172458
8708;26.1192352
8709;25.7246567
8710;17.607369
8711;8.51034373
8712;6.40802271
8713;6.09160862
8714;5.95501498
8715;5.86068783
8716;5.86767425
8717;6.86129036
8718;15.5644794
8719;20.3847345
8720;21.7530325
8721;22.0406758
8722;19.7760372
8723;17.1002401
8724;15.280701
8725;14.4547777
8726;13.6128514
8727;12.4722018
8728;13.1403491
8729;14.6245003
8730;20.7733914
8731;23.2866965
8732;22.8043143
8733;21.8275639
8734;15.8923867
8735;6.9899911
8736;5.75003966
8737;5.52900973
8738;5.50688332
8739;5.51387088
8740;5.51969289
8741;6.45717652
8742;14.8836464
8743;19.4169448
8744;20.6692509
8745;20.838932
8746;19.0523396
8747;16.7380207
8748;14.7629046
8749;13.479553
8750;12.3320545
8751;11.564991
8752;11.59916
8753;13.7862238
8754;20.3652802
8755;22.0415061
8756;21.6269025
8757;20.8285612
8758;15.0152141
8759;7.37404229
