Index;Wert
0;5.34057619E-07
1;3.52859502E-07
2;6.00814815E-07
3;1.05619426E-06
4;1.56641011E-06
5;1.41859061E-07
6;0
7;0
8;0
9;0
10;1.12533564E-06
11;0
12;6.00814758E-08
13;3.63349898E-07
14;1.39904023E-06
15;4.33921798E-07
16;0
17;0
18;0
19;3.81469718E-08
20;0
21;1.61647802E-06
22;1.28746024E-07
23;8.67843653E-07
24;0
25;5.38825986E-07
26;6.48498542E-07
27;5.72204613E-08
28;7.05719003E-07
29;0
30;1.0299683E-06
31;0
32;2.09808348E-07
33;6.38961808E-07
34;0
35;0
36;3.05175774E-07
37;0
38;0
39;5.53131088E-07
40;0
41;0
42;0
43;1.20162963E-06
44;0
45;5.62667822E-07
46;0
47;0
48;7.62939464E-07
49;0
50;0
51;0
52;0
53;0
54;8.58306919E-08
55;0
56;8.15391559E-07
57;0
58;0
59;2.97546393E-07
60;2.62260443E-07
61;1.25885009E-07
62;0
63;8.15391559E-07
64;0
65;1.04904174E-07
66;0
67;3.57627869E-07
68;3.29017638E-07
69;0
70;0
71;3.81469732E-07
72;1.18255616E-06
73;5.55515271E-07
74;0
75;0
76;0
77;1.2207031E-06
78;7.34329205E-07
79;4.48226928E-07
80;0
81;0
82;0
83;0
84;5.81741304E-08
85;4.24385064E-07
86;1.18350988E-06
87;0
88;9.25064114E-07
89;1.32560729E-06
90;1.50680546E-06
91;3.38554372E-07
92;4.86373892E-07
93;0
94;2.09808348E-07
95;3.45706951E-07
96;5.24520871E-08
97;1.15513797E-06
98;8.34465027E-07
99;4.09483903E-07
100;0
101;8.53538495E-07
102;0
103;1.14440915E-07
104;0
105;1.90734859E-08
106;5.24520885E-07
107;9.99450663E-07
108;0
109;0
110;5.62667822E-07
111;0
112;0
113;6.48498542E-07
114;3.81469732E-07
115;0
116;0
117;1.71661372E-06
118;1.45912168E-06
119;1.28746035E-06
120;0
121;0
122;0
123;6.2704089E-07
124;1.88350668E-07
125;1.73091894E-06
126;1.05619426E-06
127;0
128;3.52859502E-07
129;0
130;0
131;0
132;0
133;0
134;0
135;0
136;0
137;0
138;0
139;2.5272368E-07
140;2.13384624E-07
141;0
142;6.50882725E-07
143;0
144;6.2465665E-07
145;0
146;3.05175774E-07
147;2.13384624E-07
148;7.16447857E-07
149;0
150;0
151;3.50475318E-07
152;3.09944141E-08
153;5.10215784E-07
154;7.15255737E-07
155;6.17980959E-07
156;0
157;0
158;0
159;0
160;4.76837165E-08
161;0
162;0
163;8.51631171E-07
164;1.03378295E-06
165;2.49862666E-07
166;9.82284519E-07
167;0
168;9.25064114E-07
169;0
170;0
171;0
172;0
173;0
174;0
175;1.39713291E-06
176;0
177;1.50680546E-06
178;3.43322768E-07
179;0
180;0
181;0
182;0
183;1.05094909E-06
184;0
185;5.24520885E-07
186;0
187;0
188;7.24792471E-07
189;0
190;4.76837165E-08
191;8.10623192E-07
192;1.06811524E-06
193;4.38690194E-07
194;0
195;0
196;7.24792471E-07
197;0
198;1.90734866E-07
199;7.91549667E-07
200;4.48226928E-07
201;3.48091135E-07
202;0
203;0
204;0
205;1.00231171E-06
206;6.73294039E-07
207;1.65271763E-06
208;0
209;0
210;0
211;1.43527984E-06
212;6.48498542E-07
213;4.76837165E-08
214;0
215;3.45706951E-07
216;0
217;0
218;1.45912168E-06
219;0
220;0
221;0
222;0
223;0
224;8.17298883E-07
225;0
226;0
227;0
228;0
229;5.53131088E-07
230;3.78608718E-07
231;9.53674117E-09
232;0
233;5.43594354E-07
234;6.05583182E-07
235;7.24792471E-07
236;5.0544736E-07
237;9.44137582E-07
238;1.3828278E-06
239;0
240;1.04904174E-07
241;0
242;0
243;2.9563904E-07
244;1.32560729E-06
245;0
246;1.61647802E-06
247;0
248;1.04904174E-07
249;4.38690194E-07
250;1.0299683E-06
251;9.82284519E-07
252;8.58306919E-08
253;1.03378295E-06
254;9.46998625E-07
255;0
256;1.41716009E-06
257;1.76620483E-06
258;0
259;0
260;3.24249271E-07
261;3.14712508E-07
262;7.24792471E-07
263;7.62939436E-08
264;0
265;0
266;8.67843653E-07
267;1.50680546E-06
268;0
269;0
270;0
271;4.38690194E-07
272;0
273;4.48226928E-07
274;0
275;0
276;0
277;0
278;1.6021728E-06
279;5.0544736E-07
280;0
281;0
282;1.90734859E-08
283;1.28746024E-07
284;0
285;1.2207031E-06
286;0
287;0
288;0
289;2.86102306E-08
290;0
291;1.26838688E-06
292;1.18255616E-06
293;5.10215784E-07
294;0
295;9.65595291E-07
296;0
297;1.23977657E-06
298;0
299;3.81469718E-08
300;2.86102306E-08
301;6.48498542E-07
302;5.38825986E-07
303;1.45912168E-06
304;0
305;0
306;0
307;0
308;0
309;0
310;0
311;0
312;1.18446349E-06
313;0
314;1.03092191E-06
315;1.00851059E-06
316;0
317;8.58306919E-08
318;0
319;1.00851059E-06
320;6.86645535E-07
321;0
322;0
323;0
324;1.76429751E-07
325;1.16348269E-06
326;3.05175774E-07
327;9.9658962E-07
328;0
329;0
330;1.05619426E-06
331;1.56641011E-06
332;9.65595248E-08
333;1.10864642E-06
334;0
335;0
336;0
337;2.78949727E-07
338;0
339;0
340;0
341;0
342;0
343;2.89440152E-07
344;1.60455704E-06
345;0
346;1.2485981E-06
347;4.73678114E-07
348;0
349;1.3375282E-07
350;0
351;0
352;8.58306848E-09
353;1.15394596E-06
354;0
355;0
356;4.92095978E-07
357;1.6293526E-06
358;1.94549557E-07
359;2.35080719E-07
360;0
361;6.39438611E-07
362;5.98907491E-07
363;0
364;4.95433824E-07
365;0
366;0
367;4.32491305E-07
368;0
369;0
370;0
371;0
372;0
373;0
374;0
375;0
376;0
377;0
378;0
379;1.05333334E-06
380;9.49859611E-07
381;0
382;0
383;1.50680535E-07
384;0
385;0
386;0
387;0
388;0
389;0
390;1.64031988E-07
391;0
392;0
393;0
394;1.02615354E-06
395;0
396;0
397;0
398;4.10079934E-08
399;3.64303588E-07
400;0
401;5.91278081E-07
402;0
403;0
404;0
405;0
406;2.82287601E-07
407;8.08715811E-07
408;0
409;1.90734866E-07
410;0
411;3.20434566E-07
412;0
413;0
414;0
415;0
416;0
417;1.56402592E-07
418;0
419;0
420;0
421;0
422;0
423;0
424;4.73022453E-07
425;9.0026856E-07
426;0
427;0
428;0
429;0
430;9.23156733E-07
431;0
432;0
433;0
434;1.05285642E-06
435;0
436;0
437;1.29699714E-07
438;7.62939436E-08
439;0
440;0
441;1.37329096E-07
442;0
443;1.64031988E-07
444;0
445;1.29652028E-06
446;5.98907491E-07
447;1.6293526E-06
448;5.58376314E-07
449;0
450;1.53541566E-06
451;0
452;0
453;0
454;3.73840322E-07
455;0
456;1.94549557E-07
457;7.47680645E-07
458;0
459;6.25610369E-07
460;6.10351549E-07
461;4.04357905E-07
462;8.01086415E-08
463;4.04357905E-07
464;0
465;0
466;6.10351549E-07
467;1.27410885E-06
468;5.51223764E-07
469;0
470;0
471;8.58306919E-08
472;7.78198228E-07
473;4.34875489E-07
474;0
475;0
476;0
477;1.60217283E-07
478;4.73022453E-07
479;9.15527323E-07
480;4.04357905E-07
481;2.55584723E-07
482;6.21795664E-07
483;9.57488965E-07
484;1.94549557E-07
485;2.89916983E-07
486;1.90734866E-07
487;0
488;0
489;0
490;0
491;0
492;1.18446349E-06
493;0
494;0
495;1.6293526E-06
496;0
497;0
498;1.08718871E-06
499;0
500;1.03950504E-06
501;1.08337406E-06
502;0
503;7.62939464E-07
504;9.46044906E-07
505;1.08337406E-06
506;0
507;0
508;0
509;0
510;0
511;0
512;6.1035152E-08
513;0
514;0
515;1.16539002E-06
516;0
517;6.2465665E-07
518;2.78949727E-07
519;0
520;5.58376314E-07
521;0
522;6.38961808E-07
523;2.82287601E-07
524;8.04901106E-07
525;1.33514405E-07
526;0
527;1.80721287E-07
528;0
529;0
530;6.96182269E-07
531;1.90734859E-08
532;0
533;0
534;0
535;3.91006466E-07
536;3.91006466E-07
537;0
538;0
539;0
540;4.67300424E-07
541;0
542;0
543;9.05990589E-07
544;1.50680546E-06
545;1.71661372E-06
546;0
547;0
548;3.26633455E-07
549;1.01804733E-06
550;5.01275053E-07
551;0
552;2.98023224E-07
553;0
554;3.64303588E-07
555;6.69479391E-07
556;0
557;9.30786143E-07
558;0
559;4.90188597E-07
560;0
561;1.04284288E-06
562;0
563;8.15391559E-07
564;0
565;7.72476199E-08
566;0
567;0
568;3.33786005E-07
569;1.3828278E-06
570;0
571;0
572;0
573;0
574;3.43322768E-07
575;3.33786005E-07
576;0
577;1.65462495E-06
578;1.28746024E-07
579;0
580;7.15255766E-08
581;0
582;0
583;6.2704089E-07
584;1.49488449E-06
585;1.14440923E-06
586;0
587;0
588;0
589;0
590;0
591;0
592;8.10623192E-07
593;0
594;1.04904174E-07
595;0
596;3.57627869E-07
597;1.50680546E-06
598;5.72204613E-08
599;3.81469732E-07
600;0
601;0
602;1.0299683E-06
603;9.82284519E-07
604;1.28746024E-07
605;0
606;0
607;5.43594354E-07
608;1.20162963E-06
609;3.78608718E-07
610;3.01361069E-07
611;0
612;0
613;0
614;1.55639646E-06
615;1.11007694E-06
616;1.70898443E-06
617;0
618;0
619;0
620;1.81007385E-06
621;2.3174286E-07
622;0
623;0
624;1.68991085E-06
625;0
626;1.91688542E-07
627;1.64031974E-07
628;0
629;1.01280216E-06
630;0
631;9.65118375E-07
632;0
633;8.62121567E-07
634;0
635;1.98364262E-07
636;0
637;3.96728524E-07
638;0
639;0
640;1.49536129E-06
641;3.35693358E-07
642;0
643;0
644;6.1035152E-08
645;0
646;5.49316383E-07
647;3.35693358E-07
648;4.4250487E-07
649;1.52587887E-07
650;2.74658191E-07
651;0
652;0
653;0
654;0
655;3.66210941E-07
656;0
657;1.17683408E-06
658;0
659;1.22261042E-06
660;5.34057634E-08
661;0
662;9.65118375E-07
663;1.6155243E-06
664;0
665;6.87599197E-07
666;8.81195092E-07
667;9.25064043E-08
668;2.84194954E-07
669;9.25064043E-08
670;8.51631171E-07
671;0
672;0
673;0
674;2.32696536E-07
675;0
676;1.66893003E-07
677;0
678;0
679;0
680;6.86645535E-07
681;0
682;1.2350082E-06
683;0
684;0
685;0
686;4.73022453E-07
687;1.21879577E-06
688;5.76019261E-07
689;7.53402674E-08
690;7.53402674E-08
691;0
692;1.04904174E-07
693;9.25064114E-07
694;0
695;8.86917121E-07
696;0
697;0
698;3.81469718E-08
699;0
700;1.10626218E-06
701;4.76837165E-08
702;5.7697298E-07
703;0
704;0
705;0
706;8.82148754E-07
707;4.29153431E-07
708;0
709;0
710;7.05719003E-08
711;0
712;6.43730175E-07
713;1.63173672E-06
714;3.12805184E-07
715;1.76429751E-07
716;2.76565544E-07
717;0
718;7.4386594E-07
719;0
720;1.32560729E-06
721;0
722;1.50680546E-06
723;7.24792471E-07
724;4.48226928E-07
725;6.65187827E-07
726;0
727;6.38961808E-07
728;6.6757201E-07
729;5.0544736E-07
730;7.4386594E-07
731;4.24385064E-07
732;1.82151791E-06
733;0
734;1.14440915E-07
735;9.82284519E-07
736;0
737;0
738;0
739;9.65118375E-07
740;1.65271763E-06
741;2.42233284E-07
742;2.62260443E-07
743;0
744;0
745;4.24385064E-07
746;1.6021728E-06
747;0
748;1.43527984E-06
749;1.61647802E-06
750;0
751;7.05719003E-07
752;0
753;8.58306862E-07
754;1.71661372E-06
755;1.1920929E-07
756;7.96318034E-07
757;0
758;0
759;9.44137582E-07
760;1.43527984E-06
761;2.28881831E-07
762;0
763;9.27448298E-07
764;2.14576716E-07
765;6.83665291E-07
766;0
767;7.81536073E-07
768;9.67741016E-07
769;0
770;0
771;8.46385944E-07
772;1.21545793E-06
773;0
774;0
775;0
776;0
777;1.41859061E-07
778;2.00271614E-07
779;6.77108744E-07
780;0
781;0
782;0
783;0
784;0
785;9.46521766E-07
786;0
787;3.09944141E-08
788;1.37904283E-06
789;0
790;5.6171416E-07
791;0
792;1.12342832E-06
793;0
794;0
795;0
796;0
797;1.55997282E-06
798;8.58306848E-09
799;1.60545113E-07
800;0
801;0
802;6.2704089E-07
803;4.38690194E-07
804;0
805;0
806;0
807;0
808;1.4042854E-06
809;7.16447857E-07
810;0
811;0
812;4.82559187E-07
813;0
814;0
815;1.60694117E-06
816;1.11198426E-06
817;0
818;0
819;5.98907491E-07
820;7.42912277E-07
821;9.1075897E-08
822;1.29652028E-06
823;1.14440937E-08
824;3.38554372E-07
825;3.5166741E-07
826;2.81333939E-07
827;6.96182269E-07
828;3.81469732E-07
829;0
830;2.9563904E-07
831;2.81333939E-07
832;0
833;0
834;5.70297232E-07
835;0
836;8.05854825E-07
837;7.20500964E-07
838;6.86645535E-07
839;2.47955327E-08
840;0
841;5.47409059E-07
842;0
843;1.79672236E-06
844;1.79672236E-06
845;1.79672236E-06
846;0
847;1.94549557E-07
848;0
849;9.62018945E-08
850;3.98159017E-07
851;9.44137582E-07
852;1.28746024E-07
853;3.76701365E-07
854;3.76701365E-07
855;2.47955313E-07
856;3.81469718E-08
857;0
858;0
859;5.45501734E-07
860;0
861;0
862;0
863;0
864;0
865;0
866;1.42669683E-06
867;0
868;0
869;5.51223764E-07
870;8.58306919E-08
871;5.53131088E-08
872;4.42028039E-07
873;2.13384624E-07
874;0
875;1.43051153E-07
876;0
877;0
878;4.33921798E-07
879;0
880;3.57627869E-07
881;0
882;2.65538688E-07
883;2.98023224E-07
884;0
885;5.77926642E-07
886;0
887;2.42233284E-07
888;6.08444225E-07
889;2.89916983E-07
890;0
891;6.86645535E-07
892;5.47409059E-07
893;0
894;1.42669683E-06
895;0
896;0
897;0
898;0
899;1.24573705E-06
900;0
901;3.91006466E-07
902;1.49488449E-06
903;3.52859502E-07
904;8.34465027E-07
905;0
906;0
907;0
908;0
909;0
910;0
911;5.47409059E-07
912;0
913;6.86645535E-07
914;1.00851059E-06
915;5.16891475E-07
916;5.2070618E-07
917;7.24792457E-08
918;0
919;1.50489802E-06
920;0
921;0
922;1.22335553E-06
923;0
924;0
925;0
926;7.15255766E-08
927;9.65595291E-07
928;1.40190127E-06
929;0
930;0
931;4.20093528E-07
932;0
933;3.33786005E-07
934;5.47409059E-07
935;1.08718871E-06
936;7.34329205E-07
937;0
938;5.77926642E-07
939;1.02996829E-07
940;2.72750867E-07
941;0
942;0
943;0
944;2.35080719E-07
945;3.5166741E-07
946;0
947;0
948;1.14440923E-06
949;1.82151791E-06
950;7.62939464E-07
951;0
952;0
953;0
954;0
955;0
956;0
957;0
958;0
959;0
960;0
961;0
962;1.0089874E-06
963;1.33514405E-07
964;9.65118375E-07
965;0
966;0
967;0
968;5.00678993E-07
969;1.29222872E-06
970;0
971;0
972;4.38690194E-07
973;0
974;1.06811524E-06
975;0
976;1.23977657E-06
977;0
978;0
979;0
980;0
981;0
982;0
983;0
984;2.57492076E-07
985;1.05333334E-06
986;9.1075897E-08
987;5.58376314E-07
988;1.05333334E-06
989;7.00950636E-07
990;0
991;0
992;6.2584877E-07
993;0
994;1.14440915E-07
995;1.71661372E-06
996;0
997;1.65462495E-06
998;1.12533564E-06
999;1.43527984E-06
1000;2.86102306E-08
1001;1.71661372E-06
1002;0
1003;1.2207031E-06
1004;0
1005;0
1006;0
1007;0
1008;0
1009;1.45435331E-06
1010;0
1011;1.28448008E-07
1012;5.12078429E-07
1013;0
1014;0
1015;5.45501734E-07
1016;1.01232524E-06
1017;1.28448008E-07
1018;1.01804733E-06
1019;5.24520871E-08
1020;6.00814815E-07
1021;1.23977657E-06
1022;0
1023;1.73091894E-06
1024;6.2465665E-07
1025;0
1026;0
1027;0
1028;0
1029;4.19616697E-08
1030;2.86102306E-07
1031;2.72750867E-07
1032;7.62939578E-09
1033;2.07900996E-07
1034;0
1035;0
1036;0
1037;0
1038;0
1039;4.73022453E-07
1040;6.25610369E-07
1041;1.54018409E-07
1042;0
1043;6.00814815E-07
1044;0
1045;1.63078312E-06
1046;5.53131088E-07
1047;0
1048;0
1049;0
1050;7.20500964E-07
1051;8.86917121E-07
1052;3.81469732E-07
1053;0
1054;1.46865844E-07
1055;2.47955327E-08
1056;0
1057;3.47137444E-07
1058;6.86645535E-07
1059;0
1060;0
1061;0
1062;0
1063;0
1064;3.77655027E-07
1065;0
1066;3.97861299E-09
1067;0
1068;0
1069;1.06811524E-06
1070;0
1071;0
1072;1.81198118E-07
1073;1.55997282E-06
1074;8.23974631E-07
1075;1.02615354E-06
1076;6.08444225E-07
1077;0
1078;1.11770635E-06
1079;0
1080;0
1081;0
1082;0
1083;4.10079934E-08
1084;1.60694117E-06
1085;0
1086;6.89506521E-07
1087;0
1088;0
1089;0
1090;2.78949727E-07
1091;0
1092;2.9563904E-07
1093;8.67843653E-07
1094;0
1095;0
1096;0
1097;1.82151791E-06
1098;0
1099;0
1100;3.24249271E-07
1101;0
1102;1.04904174E-07
1103;0
1104;7.24792471E-07
1105;0
1106;9.25064114E-07
1107;1.76429751E-07
1108;0
1109;6.77108744E-07
1110;0
1111;0
1112;7.24792471E-07
1113;0
1114;1.76620483E-06
1115;0
1116;0
1117;0
1118;0
1119;0
1120;9.99450663E-07
1121;0
1122;0
1123;0
1124;7.16447857E-07
1125;5.31196577E-07
1126;3.5142898E-07
1127;1.13439557E-06
1128;8.73088823E-07
1129;0
1130;6.50882725E-07
1131;1.21295454E-06
1132;0
1133;0
1134;2.65538688E-07
1135;7.62939436E-08
1136;1.07586379E-06
1137;0
1138;0
1139;0
1140;0
1141;2.78949727E-07
1142;0
1143;0
1144;0
1145;1.60545113E-07
1146;9.44256783E-07
1147;7.82012961E-08
1148;0
1149;0
1150;1.46532057E-06
1151;0
1152;9.27448298E-07
1153;0
1154;0
1155;0
1156;1.14440937E-08
1157;0
1158;1.20162966E-07
1159;1.42288206E-06
1160;1.67846679E-07
1161;5.51223764E-07
1162;1.6293526E-06
1163;1.03794036E-06
1164;9.65595248E-08
1165;0
1166;0
1167;0
1168;0
1169;0
1170;1.22335553E-06
1171;1.01232524E-06
1172;0
1173;4.59671014E-07
1174;0
1175;1.79672236E-06
1176;6.56127952E-07
1177;0
1178;0
1179;6.8283083E-07
1180;0
1181;0
1182;1.3198852E-06
1183;1.11007694E-06
1184;8.62121567E-07
1185;2.47955327E-08
1186;1.08718871E-06
1187;2.47955313E-07
1188;0
1189;3.14474107E-07
1190;4.09483903E-07
1191;1.45435331E-06
1192;0
1193;0
1194;2.50339497E-07
1195;0
1196;0
1197;0
1198;0
1199;1.76239018E-06
1200;0
1201;0
1202;1.79672236E-06
1203;8.08715811E-07
1204;0
1205;6.25610369E-07
1206;9.7846987E-07
1207;1.79672236E-06
1208;0
1209;5.53131088E-08
1210;0
1211;9.38773155E-07
1212;7.16447857E-07
1213;2.38418565E-08
1214;0
1215;0
1216;1.31726267E-06
1217;1.01232524E-06
1218;1.03092191E-06
1219;1.14440937E-08
1220;1.46865844E-07
1221;3.33786005E-07
1222;0
1223;2.89916983E-07
1224;0
1225;2.89916983E-07
1226;0
1227;0
1228;8.04901106E-07
1229;1.33514405E-07
1230;0
1231;6.8283083E-07
1232;5.16891475E-07
1233;0
1234;0
1235;0
1236;0
1237;0
1238;8.55922679E-07
1239;5.81741347E-07
1240;1.10864642E-06
1241;0
1242;1.03950498E-07
1243;0
1244;2.55584723E-07
1245;0
1246;0
1247;0
1248;1.67846679E-07
1249;0
1250;0
1251;0
1252;9.04083265E-07
1253;0
1254;2.47955327E-08
1255;0
1256;6.25610369E-07
1257;1.14440937E-08
1258;0
1259;8.05854825E-07
1260;0
1261;0
1262;0
1263;1.45435331E-06
1264;0
1265;2.98023224E-07
1266;0
1267;0
1268;0
1269;0
1270;0
1271;0
1272;9.65118375E-07
1273;0
1274;1.33514405E-07
1275;1.03950504E-06
1276;1.94549557E-07
1277;8.73565682E-07
1278;0
1279;9.30786143E-07
1280;0
1281;0
1282;4.59671014E-07
1283;9.49859611E-07
1284;0
1285;0
1286;0
1287;8.53538495E-07
1288;0
1289;6.56366353E-07
1290;6.89506521E-07
1291;5.98907491E-07
1292;4.59671014E-07
1293;1.05667118E-06
1294;0
1295;0
1296;0
1297;0
1298;1.37901304E-06
1299;0
1300;6.73294039E-07
1301;0
1302;1.67846679E-07
1303;7.78198228E-07
1304;0
1305;0
1306;0
1307;0
1308;1.45435331E-06
1309;0
1310;0
1311;9.27448298E-07
1312;0
1313;0
1314;1.76239018E-06
1315;0
1316;0
1317;0
1318;0
1319;3.77655027E-07
1320;0
1321;0
1322;7.62939578E-09
1323;6.79016125E-07
1324;5.34057598E-08
1325;1.90734866E-07
1326;4.65393072E-07
1327;0
1328;0
1329;5.26428209E-07
1330;8.65936272E-07
1331;6.86645535E-07
1332;0
1333;2.47955327E-08
1334;1.64031988E-07
1335;9.0026856E-07
1336;2.55584723E-07
1337;0
1338;7.4386594E-07
1339;8.46862804E-07
1340;5.11169446E-07
1341;0
1342;0
1343;0
1344;0
1345;0
1346;9.9182131E-08
1347;0
1348;0
1349;0
1350;1.60217283E-07
1351;1.98364262E-07
1352;5.95092786E-07
1353;0
1354;0
1355;0
1356;0
1357;0
1358;3.12805184E-07
1359;8.04901106E-07
1360;0
1361;0
1362;1.3198852E-06
1363;0
1364;7.32421881E-07
1365;0
1366;0
1367;0
1368;9.9182131E-08
1369;1.5258788E-08
1370;2.97546393E-07
1371;4.04357905E-07
1372;0
1373;0
1374;2.2506714E-07
1375;0
1376;5.34057619E-07
1377;0
1378;0
1379;0
1380;0
1381;1.09863277E-06
1382;1.33514405E-07
1383;1.02996829E-07
1384;0
1385;0
1386;0
1387;8.01086415E-08
1388;0
1389;0
1390;2.28881831E-07
1391;2.89916983E-07
1392;0
1393;0
1394;1.14440915E-07
1395;3.35693358E-07
1396;5.41687029E-07
1397;0
1398;0
1399;5.72204613E-07
1400;0
1401;0
1402;8.54492214E-07
1403;0
1404;7.17163061E-07
1405;7.82012933E-07
1406;9.34600848E-07
1407;0
1408;6.10351549E-07
1409;0
1410;3.43322768E-07
1411;1.13677982E-06
1412;4.38690194E-07
1413;0
1414;0
1415;0
1416;0
1417;0
1418;0
1419;0
1420;0
1421;0
1422;0
1423;0
1424;9.38415496E-07
1425;0
1426;3.16619861E-07
1427;6.86645535E-07
1428;0
1429;0
1430;0
1431;0
1432;8.23974631E-07
1433;4.19616697E-08
1434;0
1435;0
1436;0
1437;7.78198228E-07
1438;1.02996829E-07
1439;5.87463376E-07
1440;0
1441;7.78198228E-07
1442;8.35418689E-07
1443;8.77380387E-07
1444;0
1445;0
1446;0
1447;0
1448;4.4250487E-07
1449;0
1450;1.64031988E-07
1451;1.03950498E-07
1452;1.37904283E-06
1453;0
1454;0
1455;0
1456;0
1457;0
1458;1.6051531E-06
1459;0
1460;0
1461;0
1462;0
1463;0
1464;0
1465;1.33514405E-07
1466;0
1467;0
1468;9.53674331E-08
1469;0
1470;7.32421881E-07
1471;0
1472;5.95092786E-07
1473;0
1474;1.13487249E-06
1475;7.62939436E-08
1476;1.41716009E-06
1477;5.53131088E-08
1478;7.70568818E-07
1479;7.43865982E-08
1480;1.39904023E-06
1481;0
1482;0
1483;0
1484;0
1485;0
1486;1.88350668E-07
1487;1.88350668E-07
1488;0
1489;7.62939464E-07
1490;0
1491;0
1492;0
1493;1.3375282E-07
1494;0
1495;3.36170203E-08
1496;7.91549667E-07
1497;0
1498;1.54876705E-06
1499;4.21524049E-07
1500;0
1501;8.39233394E-07
1502;5.79833966E-07
1503;1.10244753E-06
1504;0
1505;1.43432612E-06
1506;1.82151791E-06
1507;0
1508;1.1920929E-07
1509;1.71661372E-06
1510;0
1511;3.81469718E-08
1512;5.7697298E-07
1513;0
1514;0
1515;0
1516;0
1517;1.22335553E-06
1518;0
1519;8.58306848E-09
1520;2.86102306E-08
1521;8.17298883E-07
1522;0
1523;0
1524;0
1525;0
1526;0
1527;1.52587916E-08
1528;8.62121567E-07
1529;1.71661384E-07
1530;6.17980959E-07
1531;0
1532;3.29017638E-07
1533;1.26838688E-06
1534;3.5166741E-07
1535;0
1536;9.1075897E-08
1537;0
1538;2.47955327E-08
1539;0
1540;3.16619889E-07
1541;3.33786005E-07
1542;0
1543;0
1544;0
1545;1.1920929E-07
1546;6.33239722E-07
1547;1.63173672E-06
1548;0
1549;4.7683713E-08
1550;1.21879577E-06
1551;0
1552;6.43730175E-07
1553;7.44819658E-07
1554;0
1555;1.26838688E-06
1556;6.2704089E-07
1557;0
1558;5.81741347E-07
1559;8.58306862E-07
1560;9.6321105E-07
1561;3.81469732E-07
1562;6.10351549E-07
1563;2.5272368E-07
1564;1.22785565E-07
1565;1.31726267E-06
1566;0
1567;4.3630601E-07
1568;0
1569;7.29560838E-07
1570;7.75337242E-07
1571;3.71932991E-08
1572;0
1573;0
1574;9.279251E-07
1575;6.00814829E-08
1576;5.90324419E-07
1577;0
1578;6.6757201E-07
1579;0
1580;5.10215784E-07
1581;0
1582;7.1048737E-07
1583;0
1584;0
1585;6.00814815E-07
1586;0
1587;0
1588;0
1589;0
1590;8.55922679E-07
1591;0
1592;3.81469718E-08
1593;2.51770018E-07
1594;1.26361851E-06
1595;4.57763676E-08
1596;0
1597;7.87734962E-07
1598;0
1599;9.0026856E-07
1600;8.54492214E-07
1601;8.82148754E-07
1602;0
1603;0
1604;1.18350988E-06
1605;0
1606;2.7927568
1607;4.76837165E-08
1608;0
1609;0
1610;7.16447857E-07
1611;0
1612;0
1613;0
1614;0
1615;1.66893003E-07
1616;4.33921798E-07
1617;1.32846833E-06
1618;8.01086401E-07
1619;0
1620;5.49316383E-07
1621;0
1622;0
1623;1.2207031E-06
1624;9.76562546E-07
1625;0
1626;1.26361851E-06
1627;7.47680645E-07
1628;0
1629;8.48770156E-08
1630;2.68936162E-07
1631;2.84194954E-07
1632;0
1633;1.96456909E-07
1634;6.6757201E-07
1635;0
1636;4.43458561E-07
1637;0
1638;1.00135799E-06
1639;6.87599197E-07
1640;1.12247471E-06
1641;8.18252545E-07
1642;1.60598756E-06
1643;8.44955423E-07
1644;0
1645;1.17683408E-06
1646;0
1647;0
1648;0
1649;0
1650;0
1651;1.12247471E-06
1652;6.50405866E-07
1653;4.00543207E-08
1654;0
1655;3.43322768E-07
1656;5.0544736E-07
1657;0
1658;6.48498542E-07
1659;0
1660;6.00814815E-07
1661;0
1662;0
1663;1.6021728E-06
1664;0
1665;0
1666;3.05175774E-07
1667;0
1668;1.09863277E-06
1669;2.89916983E-07
1670;0
1671;0
1672;0
1673;1.25122074E-06
1674;0
1675;7.82012961E-08
1676;4.31060784E-07
1677;4.21524049E-07
1678;3.0517576E-08
1679;1.12247471E-06
1680;1.57356254E-07
1681;0
1682;6.58988938E-07
1683;1.39904023E-06
1684;0
1685;3.12805184E-07
1686;9.05990589E-08
1687;0
1688;6.4849857E-08
1689;0
1690;0
1691;0
1692;6.40869132E-07
1693;1.29318232E-06
1694;0
1695;3.35693358E-07
1696;8.54492214E-07
1697;5.53131088E-08
1698;4.63485719E-07
1699;0
1700;2.17437744E-07
1701;1.34468081E-07
1702;0
1703;0
1704;3.28063948E-07
1705;9.11712618E-07
1706;0
1707;0
1708;1.41716009E-06
1709;0
1710;1.18350988E-06
1711;1.03378295E-06
1712;3.28063948E-07
1713;0
1714;0
1715;0
1716;0
1717;1.15966793E-06
1718;7.1048737E-07
1719;1.01280216E-06
1720;3.12805184E-07
1721;0
1722;4.24385064E-07
1723;5.62667822E-07
1724;7.62939464E-07
1725;0
1726;1.3828278E-06
1727;0
1728;1.89505339
1729;2.38755941
1730;1.81652272
1731;0
1732;2.6702881E-07
1733;3.38554372E-07
1734;1.43051153E-07
1735;0
1736;2.34603874E-07
1737;0
1738;2.92778026E-07
1739;2.54631033E-07
1740;0
1741;6.4849857E-08
1742;8.44955423E-07
1743;1.23596192E-06
1744;0
1745;0
1746;0
1747;9.82284519E-07
1748;0
1749;6.77108744E-07
1750;5.34457254
1751;2.53709364
1752;0
1753;1.13010401E-06
1754;6.2704089E-07
1755;0
1756;0
1757;1.35004518E-06
1758;3.05175774E-07
1759;2.62260436E-08
1760;1.65462495E-06
1761;0
1762;0
1763;9.74655109E-07
1764;0
1765;0
1766;1.44958491E-07
1767;2.74658191E-07
1768;8.23974631E-07
1769;0
1770;1.20544428E-06
1771;4.55856309E-07
1772;0
1773;9.16481042E-07
1774;0
1775;6.77108716E-08
1776;0
1777;3.24249271E-07
1778;4.95910626E-07
1779;0
1780;8.67843653E-07
1781;5.72204613E-08
1782;3.81469732E-07
1783;9.53674331E-08
1784;1.32846833E-06
1785;5.76019261E-07
1786;7.05719003E-08
1787;0
1788;0
1789;5.18798856E-07
1790;2.74658191E-07
1791;2.74658191E-07
1792;5.79833966E-07
1793;0
1794;0
1795;1.29795069E-06
1796;1.64031974E-07
1797;0
1798;8.58306919E-08
1799;3.14712508E-07
1800;3.43322768E-07
1801;1.3828278E-06
1802;7.82012933E-07
1803;1.29222872E-06
1804;0
1805;8.77380387E-07
1806;1.45912168E-06
1807;0
1808;1.13487249E-06
1809;3.81469718E-08
1810;0
1811;1.76429751E-07
1812;0
1813;7.4386594E-07
1814;0
1815;6.05583182E-07
1816;2.86102306E-08
1817;0
1818;0
1819;0
1820;1.80721287E-07
1821;0
1822;2.07424165E-07
1823;0
1824;1.16539002E-06
1825;5.03540036E-07
1826;0
1827;0
1828;0
1829;6.38961808E-07
1830;0
1831;8.58306919E-08
1832;1.94549557E-07
1833;0
1834;0
1835;0
1836;3.50475318E-07
1837;0
1838;7.62939436E-08
1839;0
1840;0
1841;1.15394596E-06
1842;1.42240526E-06
1843;0
1844;1.42669683E-06
1845;0
1846;0
1847;8.08715811E-07
1848;1.79672236E-06
1849;0
1850;1.79672236E-06
1851;0
1852;0
1853;9.65118375E-07
1854;1.34849552E-06
1855;0
1856;0
1857;4.82559187E-07
1858;0
1859;6.83665291E-07
1860;0
1861;9.27448298E-07
1862;7.62939464E-07
1863;0
1864;6.2465665E-07
1865;0
1866;0
1867;0
1868;0
1869;0
1870;0
1871;1.22642518E-06
1872;0
1873;1.79672236E-06
1874;3.16619889E-07
1875;0
1876;1.94549557E-07
1877;9.9182131E-08
1878;0
1879;6.56127952E-07
1880;1.22642518E-06
1881;1.6293526E-06
1882;0
1883;0
1884;2.62260436E-08
1885;0
1886;3.91006466E-07
1887;0
1888;0
1889;1.07586379E-06
1890;0
1891;0
1892;0
1893;0
1894;4.90188597E-07
1895;4.90188597E-07
1896;0
1897;0
1898;1.19590754E-06
1899;0
1900;7.17163061E-07
1901;0
1902;2.11715701E-07
1903;9.47952287E-07
1904;6.86645535E-07
1905;0
1906;6.2465665E-07
1907;0
1908;0
1909;1.17778779E-06
1910;1.28746024E-07
1911;0
1912;0
1913;0
1914;1.22335553E-06
1915;0
1916;0
1917;1.60694117E-06
1918;0
1919;0
1920;0
1921;9.0026856E-07
1922;0
1923;6.73294039E-07
1924;4.19616697E-08
1925;0
1926;0
1927;0
1928;1.88350668E-07
1929;1.13487249E-06
1930;0
1931;0
1932;0
1933;9.05990589E-07
1934;7.34329205E-07
1935;1.33514405E-07
1936;8.58306862E-07
1937;7.82012933E-07
1938;0
1939;1.31726267E-06
1940;0
1941;0
1942;1.37904283E-06
1943;0
1944;3.97861299E-09
1945;0
1946;7.81536073E-07
1947;0
1948;1.6051531E-06
1949;1.07586379E-06
1950;9.71555664E-07
1951;0
1952;0
1953;0
1954;0
1955;0
1956;4.41551208E-07
1957;4.60624705E-07
1958;1.36375422E-06
1959;0
1960;0
1961;5.05447346E-08
1962;7.05719003E-07
1963;8.67843653E-07
1964;0
1965;0
1966;0
1967;0
1968;0
1969;0
1970;0
1971;1.45435331E-06
1972;1.60545113E-07
1973;0
1974;0
1975;3.98159017E-07
1976;6.6757201E-07
1977;0
1978;2.26974493E-07
1979;2.54631033E-07
1980;8.44955423E-07
1981;0
1982;0
1983;0
1984;3.24249271E-07
1985;1.5869141E-06
1986;0
1987;0
1988;0
1989;7.62939464E-07
1990;9.62018945E-08
1991;0
1992;0
1993;3.64303588E-07
1994;1.42669683E-06
1995;9.47952287E-07
1996;2.42233284E-07
1997;0
1998;0
1999;0
2000;0
2001;1.00231171E-06
2002;0
2003;0
2004;0
2005;8.39233394E-07
2006;0
2007;0
2008;5.03540036E-07
2009;0
2010;0
2011;3.48091135E-07
2012;0
2013;0
2014;4.76837158E-07
2015;1.45912168E-06
2016;1.0299683E-06
2017;1.13010401E-06
2018;0
2019;3.5166741E-07
2020;1.24573705E-06
2021;0
2022;0
2023;0
2024;4.75883496E-07
2025;0
2026;3.5190584E-07
2027;4.29153431E-07
2028;1.60598756E-06
2029;0
2030;8.54492214E-07
2031;8.44955423E-07
2032;0
2033;0
2034;0
2035;0
2036;1.12533564E-06
2037;0
2038;0
2039;5.07831601E-07
2040;8.53538495E-07
2041;0
2042;1.3375282E-07
2043;0
2044;1.60694117E-06
2045;0
2046;0
2047;7.05719003E-07
2048;2.68936162E-07
2049;3.71932991E-08
2050;8.18252545E-07
2051;0
2052;7.13348413E-07
2053;1.4038086E-06
2054;3.66210941E-07
2055;0
2056;2.04086305E-07
2057;4.57763676E-08
2058;7.43865982E-08
2059;3.78608718E-07
2060;8.51631171E-07
2061;0
2062;0
2063;1.18350988E-06
2064;1.6012192E-06
2065;2.97546393E-07
2066;7.29560838E-07
2067;0
2068;0
2069;0
2070;0
2071;2.61306752E-07
2072;5.76019261E-07
2073;0
2074;5.85556052E-07
2075;0
2076;0
2077;2.28881845E-07
2078;4.57763676E-08
2079;1.28936767E-06
2080;1.29699714E-07
2081;1.35612493E-06
2082;8.20159869E-08
2083;0
2084;3.91006466E-07
2085;7.24792457E-08
2086;4.47943068
2087;0.852872372
2088;0.608516395
2089;0.791426003
2090;1.5449524E-06
2091;0
2092;0
2093;8.77380387E-07
2094;0
2095;4.86373892E-07
2096;0
2097;0
2098;7.70568818E-07
2099;8.31603984E-07
2100;1.04904177E-06
2101;0
2102;6.6757201E-07
2103;0
2104;0
2105;0
2106;1.18446349E-06
2107;0
2108;4.76837158E-07
2109;0
2110;3.17539215
2111;0.240278527
2112;0
2113;0
2114;0
2115;4.82559187E-07
2116;0
2117;0
2118;0
2119;0
2120;3.48091135E-07
2121;0
2122;0
2123;0
2124;0
2125;6.10351549E-07
2126;0
2127;0
2128;2.13623053E-07
2129;1.00708007E-06
2130;1.06811527E-07
2131;5.76019261E-07
2132;3.28063948E-07
2133;6.79016125E-07
2134;7.72476199E-08
2135;4.24385064E-07
2136;1.3828278E-06
2137;7.05719003E-07
2138;0
2139;8.86917121E-07
2140;1.39713291E-06
2141;0
2142;9.82284519E-07
2143;9.82284519E-07
2144;0
2145;0
2146;7.41004953E-07
2147;0
2148;9.53674117E-09
2149;5.53131088E-08
2150;1.28173826E-06
2151;0
2152;0
2153;4.18663035E-07
2154;1.63173672E-06
2155;0
2156;1.61170959E-07
2157;1.2350082E-06
2158;0
2159;5.05447346E-08
2160;0
2161;0
2162;2.9563904E-07
2163;1.0156632E-06
2164;3.57627869E-07
2165;0
2166;1.2207031E-06
2167;7.05719003E-07
2168;6.599426E-07
2169;7.53402674E-08
2170;6.74247758E-07
2171;6.599426E-07
2172;1.07669825E-06
2173;1.6155243E-06
2174;1.94549557E-07
2175;6.73294039E-07
2176;1.45816807E-06
2177;1.2350082E-06
2178;6.17980959E-07
2179;0
2180;4.95910626E-07
2181;0
2182;3.48091135E-07
2183;5.38825986E-07
2184;2.12301183
2185;1.31503487
2186;0.455486804
2187;0
2188;0
2189;1.2485981E-06
2190;3.36170203E-08
2191;0
2192;1.76429751E-07
2193;0
2194;9.46044906E-07
2195;3.96728524E-07
2196;0
2197;0
2198;7.24792457E-08
2199;8.2969666E-07
2200;4.52041633E-07
2201;9.15527323E-07
2202;0
2203;8.39233394E-07
2204;9.46044906E-07
2205;1.28936767E-06
2206;3.56542182
2207;6.70474768
2208;2.69327354
2209;1.12432528
2210;0
2211;2.20585155
2212;2.47557545
2213;1.54659617
2214;2.62060237
2215;3.05598736
2216;2.22654486
2217;8.80771637
2218;5.16764879
2219;9.24469566
2220;4.73341608
2221;9.19372749
2222;4.78406382
2223;6.35332441
2224;0.874944687
2225;3.43322739E-08
2226;0
2227;0
2228;0
2229;0.384197682
2230;12.1718893
2231;1.44523907
2232;0
2233;0
2234;7.55413342
2235;4.09713602
2236;2.38915586
2237;11.8207407
2238;2.17356396
2239;9.5195961
2240;4.4602437
2241;2.46589494
2242;0
2243;6.52313247E-07
2244;3.12009621
2245;4.40430832
2246;3.2482357
2247;0
2248;0
2249;0
2250;0
2251;2.49862666E-07
2252;7.10564566
2253;3.16531086
2254;3.75799036
2255;0
2256;8.4791584
2257;5.49414158
2258;0
2259;6.61710787
2260;1.18637081E-06
2261;3.0517576E-08
2262;4.21524049E-07
2263;0
2264;5.03540036E-07
2265;0
2266;1.2207031E-06
2267;1.28173826E-06
2268;1.03759771E-06
2269;5.18798856E-07
2270;1.29699714E-07
2271;0
2272;2.93731688E-07
2273;8.2206725E-07
2274;3.89099114E-07
2275;0
2276;9.16481042E-07
2277;4.44716787
2278;1.83938742
2279;0.724022746
2280;4.10026789
2281;2.98923802
2282;6.75973701
2283;8.55922679E-07
2284;9.65595248E-08
2285;0
2286;0
2287;5.24520885E-07
2288;0
2289;0
2290;0
2291;9.76562546E-07
2292;9.34600848E-07
2293;0
2294;0
2295;0
2296;0
2297;8.01086401E-07
2298;9.15527352E-08
2299;0
2300;7.24792457E-08
2301;4.11987315E-07
2302;4.25428915
2303;7.12452316
2304;2.63928771
2305;0
2306;8.18605137
2307;3.85500407
2308;0
2309;0
2310;0
2311;0
2312;0.740381241
2313;3.82864475
2314;4.97429991
2315;4.46979856
2316;4.46643448
2317;4.86698389
2318;3.93125558
2319;0.824730873
2320;9.7174921
2321;7.66754169E-07
2322;1.8310547E-07
2323;0
2324;4.84466568E-07
2325;2.59399428E-07
2326;8.79111385
2327;0.699283004
2328;4.54417133
2329;0
2330;0
2331;3.15326309
2332;8.10578346
2333;2.34504056
2334;0
2335;8.78912258
2336;5.04784298
2337;0
2338;12.2198572
2339;1.3080126
2340;11.9900723
2341;2.00529599
2342;0
2343;10.1795244
2344;3.60122609
2345;0.922036946
2346;1.19018557E-06
2347;0
2348;0
2349;4.8025794
2350;2.68874645
2351;6.50576258
2352;0
2353;0
2354;0
2355;9.71503735
2356;4.26603079
2357;0
2358;9.69006824
2359;1.96894801
2360;2.39479947
2361;0
2362;6.21426296
2363;2.26127481
2364;1.34486938
2365;2.23681617
2366;1.96272922
2367;0
2368;12.7538872
2369;1.24628305
2370;1.14786565
2371;0
2372;0
2373;9.19826126
2374;4.77955818
2375;0
2376;0
2377;0
2378;7.21822548
2379;5.60027742
2380;1.12950659
2381;0
2382;3.88197064
2383;10.0624313
2384;0
2385;2.81096578
2386;0.918935597
2387;0.974241555
2388;9.28617382
2389;0
2390;2.58455229
2391;11.3516941
2392;9.48362541
2393;1.95671749
2394;1.04904177E-06
2395;1.12247471E-06
2396;9.72747785E-08
2397;5.05420017
2398;3.62150788
2399;5.33039761
2400;0
2401;7.27276993
2402;2.21039081
2403;4.5418787
2404;5.89284706
2405;0
2406;0.935728371
2407;1.28177452
2408;0
2409;1.46865841E-06
2410;1.8310547E-07
2411;0
2412;1.90734866E-07
2413;1.18345201
2414;8.01086401E-07
2415;2.97546393E-07
2416;0
2417;5.74111937E-07
2418;0
2419;5.76019261E-07
2420;1.97397172
2421;11.1365023
2422;0.904266894
2423;0
2424;10.3607893
2425;3.62433791
2426;0
2427;7.54702902
2428;6.42041111
2429;9.36778831
2430;4.61109734
2431;8.85905361
2432;5.05503225
2433;1.94183695
2434;0
2435;0
2436;0.883983731
2437;4.00157022
2438;2.47121882
2439;0
2440;0
2441;0
2442;0
2443;2.76149821
2444;7.42926025
2445;1.17601848
2446;2.70547032
2447;0
2448;1.66846406
2449;4.6200242
2450;3.84604025
2451;2.84194954E-07
2452;0
2453;0
2454;4.86373892E-07
2455;0
2456;0
2457;6.21795664E-07
2458;0
2459;2.36511227E-07
2460;1.70898443E-06
2461;8.54492214E-07
2462;1.52587916E-08
2463;0
2464;1.67846679E-07
2465;0
2466;4.00543207E-08
2467;8.39233394E-07
2468;8.30650322E-07
2469;0
2470;3.90446448
2471;6.91883183
2472;3.18912721
2473;0
2474;8.86123371
2475;4.49670696
2476;8.49735165
2477;0
2478;4.43458561E-07
2479;7.93457048E-07
2480;2.08679891
2481;4.42450762
2482;5.10713387
2483;2.4282167
2484;4.79714155
2485;5.21615076
2486;3.99961543
2487;2.56929541
2488;0
2489;0
2490;6.37054427E-07
2491;1.52587916E-08
2492;0
2493;1.52587916E-08
2494;8.77634144
2495;0.832787037
2496;4.42609406
2497;0
2498;0
2499;3.87617826
2500;9.0962534
2501;0
2502;10.1692429
2503;3.3184576
2504;0
2505;12.8350401
2506;0.841084659
2507;0
2508;11.7486019
2509;1.28020763
2510;0
2511;10.6810904
2512;2.78141832
2513;1.62413025
2514;6.96182269E-07
2515;0
2516;0
2517;5.71189737
2518;3.11537099
2519;5.18389797
2520;0
2521;0
2522;0
2523;6.9804287
2524;3.93838048
2525;1.90903723
2526;0
2527;5.90015936
2528;2.32448459
2529;2.37374973
2530;2.03982162
2531;1.51487362
2532;0
2533;4.37562943
2534;1.71433139
2535;0.462462038
2536;7.47396564
2537;5.50917482
2538;0
2539;0
2540;0
2541;7.73589325
2542;4.63374996
2543;1.67643297
2544;0
2545;0
2546;0
2547;0
2548;6.19009876
2549;5.99345016
2550;1.11981595
2551;0
2552;8.40844154
2553;3.72477651
2554;1.91557264
2555;0
2556;6.7923646
2557;3.07761931
2558;2.83423996
2559;1.39944685
2560;0
2561;6.57781458
2562;1.88338363
2563;0
2564;0.439803153
2565;5.85469627
2566;0
2567;0
2568;0
2569;0
2570;0
2571;0
2572;0
2573;0
2574;12.1633558
2575;1.83310199
2576;0
2577;11.8413677
2578;2.15306592
2579;6.34893656
2580;7.6109724
2581;11.8443708
2582;2.15008163
2583;8.5471096
2584;5.42661667
2585;5.2498517
2586;6.86910295
2587;1.91001689
2588;0
2589;0
2590;0
2591;0
2592;0
2593;0
2594;0
2595;0
2596;0
2597;0
2598;0
2599;0
2600;3.36053157
2601;10.3048258
2602;7.62156343
2603;6.02823687
2604;10.0820951
2605;3.90127993
2606;12.2492971
2607;1.74770069
2608;8.5471096
2609;5.42661667
2610;0
2611;5.1386261
2612;7.94979477
2613;0
2614;0
2615;0
2616;0
2617;0
2618;0
2619;0
2620;0
2621;0
2622;0
2623;0
2624;0
2625;8.69028282
2626;5.28434324
2627;0
2628;0
2629;6.28394604
2630;6.28394604
2631;0
2632;9.89614582
2633;4.08606052
2634;8.08433723
2635;4.32626963
2636;1.63790309
2637;0
2638;10.6863136
2639;0
2640;0
2641;0
2642;0
2643;0
2644;0
2645;0
2646;3.75939751
2647;0
2648;0
2649;11.7559261
2650;2.23797035
2651;0
2652;0
2653;6.28394604
2654;6.28394604
2655;0
2656;9.89614582
2657;4.08606052
2658;8.08433723
2659;4.34834957
2660;1.61596191
2661;0
2662;10.8243132
2663;0
2664;0
2665;0
2666;0
2667;0
2668;0
2669;0
2670;3.62818646
2671;0
2672;0
2673;11.7559261
2674;2.23797035
2675;0
2676;0
2677;6.28394604
2678;6.28394604
2679;0
2680;9.89614582
2681;4.08606052
2682;8.08433723
2683;4.28210974
2684;1.68178546
2685;0
2686;10.8043137
2687;0
2688;0
2689;0
2690;0
2691;0
2692;0
2693;0
2694;3.64720249
2695;0
2696;0
2697;11.7649269
2698;2.22902703
2699;0
2700;0
2701;6.50094604
2702;6.47318983
2703;0
2704;10.583952
2705;3.40257835
2706;8.55233765
2707;4.67388964
2708;0.830333352
2709;0
2710;10.7243137
2711;0
2712;0
2713;0
2714;0
2715;0
2716;0
2717;0
2718;3.72326708
2719;0
2720;0
2721;12.1549263
2722;1.84147847
2723;0
2724;0
2725;6.41394567
2726;6.41394567
2727;0
2728;10.2790804
2729;3.70553327
2730;8.41433716
2731;4.89540958
2732;6.33034611
2733;1.41989827
2734;6.25801516
2735;0
2736;0
2737;0
2738;0
2739;0
2740;0
2741;0
2742;0
2743;0
2744;3.72097516
2745;9.01897812
2746;1.28337145
2747;6.42593622
2748;7.53445673
2749;12.0203714
2750;1.9751879
2751;8.79310989
2752;5.18216276
2753;5.71485138
2754;7.15352297
2755;1.16821218
2756;0
2757;0
2758;0
2759;0
2760;0
2761;9.01446152
2762;4.96220207
2763;0
2764;7.99773073
2765;1.09205437
2766;0.663984299
2767;4.33396339
2768;9.382761
2769;3.15499306
2770;0.51150322
2771;0.0685692281
2772;1.10183966
2773;7.83558321
2774;5.52432013
2775;3.33690858
2776;2.44140608E-07
2777;2.17437744E-07
2778;1.60787702
2779;6.93781805
2780;3.63358068
2781;0
2782;0
2783;9.06752396
2784;4.90947342
2785;0
2786;11.5188951
2787;2.47351146
2788;11.2607746
2789;2.73000956
2790;11.5798321
2791;2.41295791
2792;11.8489351
2793;2.14554644
2794;12.6992455
2795;1.30058134
2796;11.6041212
2797;2.3888216
2798;11.9352522
2799;2.05977178
2800;6.25083971
2801;0
2802;1.66702273E-06
2803;5.34057634E-08
2804;0
2805;5.05501032
2806;2.47127461
2807;6.44705343
2808;0
2809;0
2810;0
2811;11.3057203
2812;2.68534684
2813;0
2814;11.2919807
2815;2.60556555
2816;0
2817;7.62673426
2818;2.90790462
2819;2.94508386
2820;0
2821;13.9200001
2822;0
2823;5.19216776
2824;8.76046944
2825;6.81334734
2826;1.23957419
2827;5.66482527E-07
2828;0
2829;7.78141785
2830;0
2831;0
2832;0
2833;0
2834;0
2835;0
2836;0
2837;0
2838;0
2839;10.1349468
2840;3.84876084
2841;0
2842;0
2843;8.76677799
2844;5.20832968
2845;0
2846;0
2847;7.27218962
2848;3.27591872
2849;3.48362136
2850;8.08433723
2851;4.24898958
2852;1.71469724
2853;0
2854;10.5973129
2855;0
2856;0
2857;0
2858;0
2859;0
2860;0
2861;0
2862;3.84401941
2863;0
2864;0
2865;12.2559261
2866;1.74111331
2867;0
2868;0
2869;6.58294582
2870;6.39170551
2871;0
2872;10.7959518
2873;3.19191074
2874;8.56333733
2875;4.46316957
2876;1.02886665
2877;0
2878;10.7243137
2879;0
2880;3.33008718
2881;0
2882;0
2883;0
2884;0
2885;0
2886;12.1742105
2887;1.82231557
2888;0
2889;0
2890;5.2566452
2891;5.19546413
2892;2.94084072
2893;0
2894;11.4680157
2895;2.52407122
2896;0
2897;12.9263983
2898;1.07485616
2899;3.33942533
2900;4.11665106
2901;6.5316515
2902;0
2903;0
2904;0
2905;0
2906;0
2907;0
2908;0
2909;0
2910;0
2911;8.77927876
2912;1.84016514
2913;3.42214823
2914;6.8519969
2915;6.00989676
2916;1.18175554
2917;12.1554146
2918;1.84099364
2919;8.96816349
2920;5.00820971
2921;5.86091375
2922;7.42080021
2923;0
2924;7.32358265
2925;6.45620298
2926;0
2927;0
2928;0
2929;0
2930;0
2931;0
2932;0
2933;10.0184622
2934;3.96451306
2935;0
2936;7.19531202
2937;6.76991701
2938;6.28369856
2939;4.60587597
2940;3.13812709
2941;11.5878229
2942;2.4050169
2943;8.51169872
2944;5.46180487
2945;6.71610498
2946;7.24611187
2947;0
2948;9.61066818
2949;4.36974382
2950;0
2951;0
2952;0
2953;0
2954;0
2955;0
2956;7.9978385
2957;4.60383749
2958;0
2959;0
2960;5.32384443
2961;4.84821558
2962;3.31244087
2963;0
2964;8.94872379
2965;4.13610888
2966;0.973314881
2967;0
2968;4.72506142
2969;8.37151337
2970;0.935263991
2971;1.61424255
2972;2.60778689
2973;9.73459339
2974;0
2975;0
2976;0
2977;10.7423592
2978;3.24516654
2979;0
2980;0
2981;4.49461985
2982;4.1070509
2983;1.93609524
2984;2.78491139
2985;0
2986;6.49204206
2987;2.71671367
2988;1.84111941
2989;2.72651172
2990;0
2991;4.35608244
2992;9.59130001
2993;6.44540071
2994;0.368015081
2995;0
2996;0
2997;8.01606083
2998;3.93836808
2999;0
3000;0
3001;2.04164052
3002;1.70733964
3003;9.49432659
3004;4.60123491
3005;1.92344594
3006;3.43874097
3007;2.95451522
3008;1.21438026
3009;8.61524487
3010;5.35891008
3011;9.46907234
3012;4.51044941
3013;9.49552155
3014;4.48416615
3015;6.66245699
3016;0.789547861
3017;2.59399428E-07
3018;0
3019;0
3020;0
3021;8.44955423E-07
3022;10.8935537
3023;3.09492135
3024;0
3025;6.13881493
3026;1.83966196
3027;6.03002071
3028;5.14389753
3029;1.86535382
3030;3.56625438
3031;3.18387461
3032;7.13585663
3033;6.82899857
3034;9.25294113
3035;4.72522259
3036;8.51153183
3037;5.46197081
3038;8.88394165
3039;5.09190178
3040;2.1102531
3041;1.06811527E-07
3042;0
3043;1.15585328E-06
3044;0
3045;0.22664085
3046;11.4458551
3047;2.32229233
3048;0
3049;0
3050;7.36336327
3051;3.87907076
3052;2.79422927
3053;0
3054;11.2187462
3055;2.10003948
3056;0
3057;12.9303493
3058;0
3059;12.7790842
3060;11.9332743
3061;2.06173754
3062;0
3063;10.7867441
3064;2.48319745
3065;1.96830153
3066;0
3067;7.01904298E-07
3068;1.60217283E-07
3069;6.08829451
3070;3.25691533
3071;4.67156315
3072;0
3073;0
3074;0
3075;0
3076;0
3077;0
3078;0
3079;0
3080;4.27302074
3081;9.39942837
3082;6.62631178
3083;6.32591677
3084;1.09057868
3085;12.2404146
3086;1.7565279
3087;8.98816299
3088;4.98833561
3089;5.77191353
3090;7.27314043
3091;0.993000209
3092;0
3093;0
3094;0
3095;0
3096;0
3097;0
3098;0
3099;0
3100;0
3101;0
3102;0
3103;0
3104;3.19613814
3105;10.2639561
3106;7.92477655
3107;6.04503822
3108;10.6559353
3109;3.33104682
3110;0
3111;10.3167953
3112;3.49356174
3113;9.74554825
3114;4.2357111
3115;0
3116;0
3117;0
3118;0
3119;0
3120;0
3121;0
3122;0
3123;0
3124;0
3125;0
3126;0
3127;7.8618679
3128;4.91594648
3129;0
3130;0
3131;9.04839325
3132;4.92848396
3133;0
3134;0
3135;7.57828617
3136;3.42373538
3137;3.03447342
3138;8.37997055
3139;4.83039522
3140;0.845017791
3141;0
3142;10.7688313
3143;0
3144;0
3145;0
3146;0
3147;0
3148;0
3149;0
3150;3.68093944
3151;0
3152;0
3153;12.3255787
3154;1.67189884
3155;0
3156;0
3157;6.78249025
3158;5.98724413
3159;0
3160;10.9639339
3161;3.0249846
3162;8.77997112
3163;4.0555954
3164;1.21996057
3165;0
3166;10.7778311
3167;0
3168;1.47477818
3169;1.03590429
3170;0.666879058
3171;10.8083076
3172;0
3173;0
3174;0.762294948
3175;0.537467241
3176;3.36206245
3177;7.14043093
3178;6.08938742
3179;0.817945063
3180;7.13841867
3181;6.82645273
3182;7.47603989
3183;4.04085493
3184;4.4250487E-07
3185;0
3186;1.28173826E-06
3187;1.28936767E-06
3188;0
3189;0
3190;9.2416563
3191;2.13273048
3192;2.6748395
3193;11.6256571
3194;2.36742115
3195;6.82350159
3196;0
3197;0
3198;1.91688542E-07
3199;0
3200;0
3201;2.32547784
3202;3.59506321
3203;4.23410368
3204;3.30823278
3205;4.95253086
3206;3.83845091
3207;1.27489281
3208;0
3209;0
3210;1.12915041E-06
3211;0
3212;3.66210941E-07
3213;0
3214;8.04657459
3215;0.0940946564
3216;5.88076448
3217;11.171916
3218;2.81830955
3219;6.12029457
3220;5.62667822E-07
3221;7.29560838E-07
3222;5.11169446E-07
3223;6.10351549E-07
3224;0
3225;2.06754375
3226;2.97991991
3227;3.37398028
3228;1.60048056
3229;2.98206615
3230;1.15643179
3231;0.736676574
3232;6.56127952E-07
3233;1.18827825E-06
3234;7.84873976E-07
3235;3.93867481E-07
3236;0
3237;0
3238;5.87109566
3239;8.08580971
3240;8.43174458
3241;0
3242;8.15391559E-07
3243;5.72204613E-08
3244;1.10626218E-06
3245;4.86373892E-07
3246;0
3247;2.9563904E-07
3248;0
3249;0
3250;7.29560838E-07
3251;6.00814829E-08
3252;5.11169446E-07
3253;9.15527352E-08
3254;0
3255;0
3256;8.52584833E-07
3257;4.71115101E-07
3258;0
3259;1.0585785E-07
3260;7.29560838E-07
3261;8.17298883E-07
3262;0
3263;0
3264;2.6453712
3265;1.73268616
3266;0.869777977
3267;9.27448298E-07
3268;0
3269;0
3270;6.35147103E-07
3271;0
3272;0
3273;0
3274;1.52587916E-08
3275;0
3276;0
3277;0
3278;0
3279;4.27246107E-07
3280;0
3281;1.60980221E-06
3282;5.03540036E-07
3283;1.06811524E-06
3284;0
3285;9.74655109E-07
3286;8.3885231
3287;5.58420563
3288;0
3289;5.0845437
3290;1.27948225
3291;7.627738
3292;3.96345377
3293;0.06207278
3294;1.7295332
3295;1.81679273
3296;5.01297808
3297;1.54641962
3298;8.63696861
3299;5.33732271
3300;7.46543121
3301;6.50149584
3302;7.8113575
3303;4.96113348
3304;0.260724276
3305;2.97546393E-07
3306;5.60760498E-07
3307;0
3308;0
3309;0
3310;11.6039915
3311;2.38895035
3312;0
3313;0
3314;0
3315;0
3316;0
3317;0
3318;0
3319;0
3320;0
3321;10.1711178
3322;3.8128171
3323;0
3324;0
3325;6.38249063
3326;6.38249063
3327;0
3328;10.5517225
3329;3.43460512
3330;8.40697098
3331;4.72223568
3332;0.925836146
3333;0
3334;11.081831
3335;0
3336;0
3337;0
3338;0
3339;0
3340;0
3341;0
3342;3.3833375
3343;0
3344;0
3345;12.0325785
3346;1.96305704
3347;0
3348;0
3349;6.38249063
3350;6.38249063
3351;0
3352;10.5517225
3353;3.43460512
3354;8.75897121
3355;4.68359518
3356;6.61144829
3357;1.53066885
3358;5.87036133
3359;0
3360;0
3361;0
3362;0
3363;0
3364;0
3365;0
3366;0
3367;0
3368;0
3369;9.90296459
3370;4.07928419
3371;0
3372;0
3373;6.38249063
3374;6.38249063
3375;0
3376;10.6217222
3377;3.36504507
3378;8.60497093
3379;4.91681528
3380;6.83913231
3381;1.70466876
3382;5.4726243
3383;0
3384;0
3385;0
3386;0
3387;0
3388;0
3389;0
3390;0
3391;0
3392;0
3393;10.1499653
3394;3.83383679
3395;0
3396;0
3397;6.38249063
3398;6.38249063
3399;0
3400;10.5517225
3401;3.43460512
3402;8.53197098
3403;4.81883526
3404;6.51568317
3405;1.51566887
3406;5.9798317
3407;0
3408;0
3409;0
3410;0
3411;0
3412;0
3413;0
3414;0
3415;0
3416;4.01834774
3417;9.11238861
3418;0.896902323
3419;6.672997
3420;7.28894901
3421;12.078414
3422;1.91750968
3423;8.83516312
3424;5.14037371
3425;5.5919137
3426;6.91710043
3427;1.52454627
3428;0
3429;0
3430;0
3431;0
3432;0
3433;0
3434;0
3435;0
3436;0
3437;0
3438;0
3439;0
3440;3.27613807
3441;10.1844597
3442;7.92477655
3443;6.04503822
3444;10.6559353
3445;3.33104682
3446;0
3447;10.0703154
3448;3.73849249
3449;9.74554825
3450;4.2357111
3451;0
3452;0
3453;0
3454;0
3455;0
3456;0
3457;0
3458;0
3459;0
3460;0
3461;0
3462;0
3463;8.17986774
3464;4.59994555
3465;0
3466;0
3467;9.04839325
3468;4.92848396
3469;0
3470;0
3471;7.57828617
3472;3.42373538
3473;3.03447342
3474;8.42597103
3475;4.88369513
3476;6.60946369
3477;1.68066883
3478;5.72326422
3479;0
3480;0
3481;0
3482;0
3483;0
3484;0
3485;0
3486;0
3487;0
3488;0
3489;10.0169649
3490;3.9660008
3491;0
3492;0
3493;6.38249063
3494;6.38249063
3495;0
3496;10.5517225
3497;3.43460512
3498;8.43397141
3499;4.92233515
3500;6.7237606
3501;1.68466878
3502;5.60642481
3503;0
3504;0
3505;0
3506;0
3507;0
3508;0
3509;0
3510;0
3511;0
3512;0
3513;10.0199652
3514;3.96301985
3515;0
3516;0
3517;6.38449049
3518;6.38249063
3519;0
3520;10.5966845
3521;3.389925
3522;8.54697037
3523;5.00927544
3524;6.77573824
3525;1.51466882
3526;5.72403002
3527;0
3528;0
3529;0
3530;0
3531;0
3532;0
3533;0
3534;0
3535;0
3536;0
3537;9.94796467
3538;4.03456688
3539;0
3540;0
3541;6.38249063
3542;6.38249063
3543;0
3544;10.5517225
3545;3.43460512
3546;8.47597122
3547;4.81607533
3548;6.54164219
3549;1.62466884
3550;5.84588337
3551;0
3552;0
3553;0
3554;0
3555;0
3556;0
3557;0
3558;0
3559;0
3560;0
3561;9.88496494
3562;4.09717083
3563;0
3564;0
3565;6.38249063
3566;6.38249063
3567;0
3568;10.5517225
3569;3.43460512
3570;8.37997055
3571;4.72913551
3572;0.945641279
3573;0
3574;11.081831
3575;0
3576;0
3577;0
3578;0
3579;0
3580;0
3581;3.31668591
3582;0
3583;0
3584;5.51297855
3585;8.44167519
3586;6.672997
3587;5.99481678
3588;1.37349749
3589;12.078414
3590;1.91750968
3591;8.83516312
3592;5.14037371
3593;5.5919137
3594;7.01094007
3595;1.43129635
3596;0
3597;0
3598;0
3599;0
3600;0
3601;0
3602;0
3603;0
3604;0
3605;0
3606;0
3607;0
3608;3.28313828
3609;10.1775036
3610;7.92477655
3611;6.04503822
3612;10.6559353
3613;3.33104682
3614;0
3615;9.90183544
3616;3.90591335
3617;9.87454891
3618;4.10752201
3619;0
3620;0
3621;0
3622;0
3623;0
3624;4.12849903
3625;0.829137206
3626;0.400292575
3627;8.6523447
3628;1.91910446
3629;0
3630;0.733804822
3631;0.0434658304
3632;3.08195424
3633;4.63369417
3634;4.29962397
3635;7.46532869
3636;4.50096083
3637;2.07556105
3638;6.70673323
3639;2.95760918
3640;0
3641;0
3642;6.10351549E-07
3643;2.28881845E-07
3644;0
3645;1.70898443E-06
3646;10.1250086
3647;2.04722309
3648;1.88752532
3649;12.0170603
3650;1.97847843
3651;7.19130421
3652;0
3653;0
3654;1.39141082E-06
3655;0
3656;8.20159926E-07
3657;1.08184469
3658;2.27490592
3659;3.05984068
3660;2.36571097
3661;4.09848499
3662;1.24220181
3663;1.46229243
3664;0
3665;3.96728524E-07
3666;2.40325932E-07
3667;9.30786143E-07
3668;0
3669;8.54492214E-07
3670;8.2873373
3671;5.68475485
3672;7.46987104
3673;4.16612101
3674;2.40381074
3675;0.109053038
3676;2.3174286E-07
3677;5.76019261E-07
3678;0
3679;0
3680;4.49180618E-07
3681;3.81469718E-08
3682;0
3683;0
3684;1.28936767E-06
3685;1.29699714E-07
3686;4.21524049E-07
3687;0
3688;2.74658191E-07
3689;3.81469732E-07
3690;5.49316383E-07
3691;5.34057634E-08
3692;0
3693;5.46455396E-07
3694;3.15067029
3695;6.26932573
3696;1.00012529
3697;0.550859809
3698;0.166083723
3699;3.06356502
3700;1.80646169
3701;0
3702;0.620508671
3703;0.678477824
3704;3.74684715
3705;5.89883804
3706;2.64205742
3707;7.63952541
3708;5.67749977
3709;6.88588333
3710;5.892241
3711;1.26521003
3712;12.2861605
3713;0
3714;4.31060784E-07
3715;0
3716;0
3717;6.17980959E-07
3718;10.4810696
3719;2.10313511
3720;1.48036695
3721;0
3722;0
3723;0
3724;0
3725;7.4327054
3726;5.85497761
3727;0
3728;10.1320639
3729;3.85162544
3730;0
3731;8.88848114
3732;2.88663149
3733;2.27442527
3734;0
3735;7.47417212
3736;6.49281025
3737;8.37552071
3738;2.85640454
3739;0.0820385292
3740;1.97485137
3741;0.90676856
3742;0
3743;0
3744;0
3745;0
3746;0
3747;0
3748;0
3749;0
3750;0
3751;6.12847948
3752;1.52513242
3753;5.73258209
3754;6.34893847
3755;5.58339834
3756;2.10232711
3757;11.8443718
3758;2.15008068
3759;8.54711151
3760;5.42661476
3761;5.2498517
3762;6.67314482
3763;2.10474324
3764;0
3765;0
3766;0
3767;0
3768;0
3769;0
3770;0
3771;0
3772;0
3773;0
3774;0
3775;0
3776;3.16753244
3777;10.4867725
3778;7.61178923
3779;5.9013586
3780;9.94636345
3781;4.03615808
3782;12.2492981
3783;1.74769974
3784;8.54711151
3785;5.42661476
3786;0
3787;5.02462626
3788;8.06307697
3789;0
3790;0
3791;0
3792;0
3793;0
3794;0
3795;0
3796;0
3797;0
3798;0
3799;0
3800;0
3801;8.58728504
3802;5.38669443
3803;0
3804;0
3805;6.28394651
3806;6.28394651
3807;0
3808;9.89614868
3809;4.08605766
3810;8.08433914
3811;4.32903147
3812;1.63515663
3813;0
3814;10.7483149
3815;0
3816;0
3817;0
3818;0
3819;0
3820;0
3821;0
3822;3.70044637
3823;0
3824;0
3825;12.0989275
3826;1.89712501
3827;0
3828;0
3829;6.32994604
3830;6.28394651
3831;0
3832;9.9802866
3833;4.00244856
3834;8.2463398
3835;4.69059134
3836;1.11589968
3837;0
3838;10.8093147
3839;0
3840;0
3841;0
3842;0
3843;0
3844;0
3845;0
3846;3.64244723
3847;0
3848;0
3849;12.255928
3850;1.74111187
3851;0
3852;0
3853;6.67594624
3854;6.29928875
3855;0
3856;10.7959528
3857;3.19190931
3858;8.58133984
3859;4.4132514
3860;1.06069469
3861;0
3862;10.7243147
3863;0
3864;3.33008575
3865;0
3866;0
3867;7.36668205
3868;0.987214744
3869;0.694879711
3870;0.68838042
3871;4.39786482
3872;0
3873;0.495533466
3874;0.480175793
3875;0.62452966
3876;11.1470737
3877;0
3878;13.9200001
3879;12.2969618
3880;1.70033562
3881;2.68356729
3882;0
3883;6.7520142E-07
3884;0
3885;6.43312025
3886;3.55953264
3887;4.03034401
3888;0
3889;0
3890;0
3891;0
3892;0
3893;0
3894;0
3895;0
3896;0
3897;9.82729244
3898;4.15448093
3899;0
3900;0
3901;6.28394651
3902;6.28394651
3903;0
3904;9.89614868
3905;4.08605766
3906;8.08433914
3907;4.26555157
3908;1.69823766
3909;0
3910;10.8243151
3911;0
3912;0
3913;0
3914;0
3915;0
3916;0
3917;3.56308246
3918;0
3919;0
3920;5.15927315
3921;8.79315758
3922;6.34893847
3923;5.92243814
3924;1.76541841
3925;11.8443718
3926;2.15008068
3927;8.54711151
3928;5.42661476
3929;5.2498517
3930;7.00176477
3931;1.77818882
3932;0
3933;0
3934;0
3935;0
3936;0
3937;0
3938;0
3939;0
3940;0
3941;0
3942;0
3943;0
3944;3.44453263
3945;10.2213516
3946;8.12156487
3947;5.84948635
3948;10.7462053
3949;3.24134469
3950;12.5012989
3951;1.4972837
3952;8.76611137
3953;5.20899105
3954;0
3955;5.3186264
3956;7.77092505
3957;0
3958;0
3959;0
3960;0
3961;0
3962;0
3963;0
3964;0
3965;0
3966;0
3967;0
3968;0
3969;8.63128471
3970;5.34297085
3971;0
3972;0
3973;6.28394651
3974;6.28394651
3975;0
3976;9.89614868
3977;4.08605766
3978;8.13834
3979;4.46703148
3980;1.44470072
3981;0
3982;10.8243151
3983;0
3984;0
3985;0
3986;0
3987;0
3988;0
3989;0
3990;3.62818503
3991;0
3992;0
3993;11.7749281
3994;2.21908832
3995;0
3996;0
3997;6.28394651
3998;6.28394651
3999;0
4000;9.89614868
4001;4.08605766
4002;8.08433914
4003;4.30453157
4004;1.65950263
4005;0
4006;10.739315
4007;0
4008;0
4009;0
4010;0
4011;0
4012;0
4013;0
4014;3.70900369
4015;0
4016;0
4017;11.755928
4018;2.23796892
4019;0
4020;0
4021;6.28394651
4022;6.28394651
4023;0
4024;9.89614868
4025;4.08605766
4026;8.08433914
4027;4.75381136
4028;1.21304679
4029;0
4030;10.3243151
4031;0
4032;0
4033;0
4034;0
4035;0
4036;0
4037;0
4038;4.10358763
4039;0
4040;0
4041;11.755928
4042;2.23796892
4043;0
4044;0
4045;6.28394651
4046;6.28394651
4047;0
4048;9.89614868
4049;4.08605766
4050;8.08433914
4051;4.75381136
4052;1.21304679
4053;0
4054;10.3243151
4055;0
4056;0
4057;0
4058;0
4059;0
4060;0
4061;0
4062;4.10358763
4063;0
4064;0
4065;11.755928
4066;2.23796892
4067;0
4068;0
4069;6.28394651
4070;6.28394651
4071;0
4072;9.89614868
4073;4.08605766
4074;8.08433914
4075;4.75381136
4076;1.21304679
4077;0
4078;10.3243151
4079;0
4080;0
4081;0
4082;0
4083;0
4084;0
4085;4.04149199
4086;0
4087;0
4088;5.15927315
4089;8.79315758
4090;6.34893847
4091;6.02643824
4092;1.66207206
4093;11.8443718
4094;2.15008068
4095;8.54711151
4096;5.42661476
4097;5.2498517
4098;6.61656523
4099;2.16096759
4100;0
4101;0
4102;0
4103;0
4104;0
4105;0
4106;0
4107;0
4108;0
4109;0
4110;0
4111;0
4112;3.2575326
4113;10.407177
4114;7.66256523
4115;5.90551853
4116;10.0006371
4117;3.98222589
4118;12.2492981
4119;1.74769974
4120;8.54711151
4121;5.42661476
4122;0
4123;5.07962656
4124;8.00842285
4125;0
4126;0
4127;0
4128;0
4129;0
4130;0
4131;0
4132;0
4133;0
4134;0
4135;0
4136;0
4137;8.81728458
4138;5.15814018
4139;0
4140;0
4141;6.28394651
4142;6.28394651
4143;0
4144;9.89614868
4145;4.08605766
4146;8.08433914
4147;4.35801125
4148;1.60635889
4149;0
4150;10.6823149
4151;0
4152;0
4153;0
4154;0
4155;0
4156;0
4157;0
4158;3.76319957
4159;0
4160;0
4161;12.1079283
4162;1.88818157
4163;0
4164;0
4165;6.50794649
4166;6.4662323
4167;0
4168;10.5349531
4169;3.45126891
4170;8.40433979
4171;4.85481119
4172;0.796691954
4173;0
4174;10.7243147
4175;0
4176;0
4177;0
4178;0
4179;0
4180;0
4181;0
4182;3.72326565
4183;0
4184;0
4185;12.1559277
4186;1.84048331
4187;0
4188;0
4189;6.65494633
4190;6.32015657
4191;0
4192;10.6769533
4193;3.31016135
4194;8.58433914
4195;4.29805136
4196;1.17220819
4197;0
4198;10.7003145
4199;0
4200;3.35378504
4201;0
4202;0
4203;8.1838007
4204;1.41198337
4205;1.13848329
4206;1.10506666
4207;2.33217907
4208;0
4209;2.44689083
4210;0.780748248
4211;0.936782658
4212;9.81710434
4213;0
4214;2.51704454
4215;11.4187775
4216;9.34457111
4217;2.4517827
4218;4.57763662E-07
4219;3.66210941E-07
4220;7.17163061E-07
4221;6.26275921
4222;3.72813082
4223;4.03103113
4224;0
4225;11.91541
4226;2.07948947
4227;0
4228;1.39826977
4229;8.51263809
4230;4.08012581
4231;9.88996792
4232;4.09219933
4233;12.2565546
4234;1.74048936
4235;12.6290617
4236;1.37032366
4237;12.6587734
4238;1.34079838
4239;10.446907
4240;3.53876114
4241;12.958456
4242;0
4243;0
4244;1.28936767E-06
4245;4.07687378
4246;2.11546707
4247;6.07180643
4248;1.79692852
4249;0
4250;8.57283211
4251;0.8304739
4252;4.62935162
4253;6.84310675
4254;5.13523197
4255;2.05970097
4256;3.13638616
4257;0
4258;0
4259;8.54492214E-07
4260;0.638210058
4261;1.75270593
4262;4.19616697E-07
4263;1.60980221E-06
4264;1.06811524E-06
4265;0
4266;0
4267;2.74658191E-07
4268;2.937006
4269;11.0014553
4270;0
4271;11.6211739
4272;2.37187624
4273;0
4274;7.98276091
4275;0.414144695
4276;4.61603498
4277;1.09085858
4278;7.89678907
4279;5.68937159
4280;4.11319923
4281;9.0026856E-07
4282;0
4283;0
4284;0.135344386
4285;3.17601132
4286;1.54863167
4287;1.19018557E-06
4288;0
4289;0
4290;0
4291;1.43378305
4292;6.37721682
4293;6.16705561
4294;0
4295;11.2808933
4296;2.7100172
4297;0
4298;0
4299;6.22559643
4300;0.265105903
4301;7.50898552
4302;0
4303;10.7134466
4304;2.04119205
4305;0
4306;0.0367004387
4307;0.203918263
4308;11.9399757
4309;0
4310;12.5655231
4311;11.6040277
4312;2.38891435
4313;2.32587528
4314;6.67572024E-08
4315;7.20977766E-07
4316;2.44140608E-07
4317;6.00477362
4318;3.34861231
4319;4.66291666
4320;0
4321;8.86905289
4322;3.32219887
4323;0.65591526
4324;1.28479195
4325;7.51877928
4326;6.44848299
4327;7.44387293
4328;6.5229187
4329;10.4338512
4330;3.55173492
4331;10.8327684
4332;3.15532565
4333;10.8174715
4334;3.17052627
4335;8.27666473
4336;3.3403368
4337;0
4338;0
4339;7.47680645E-07
4340;0
4341;2.35672355
4342;1.02858853
4343;4.90034199
4344;0
4345;0
4346;0
4347;0
4348;0
4349;0
4350;6.02656937
4351;0
4352;0
4353;11.8231678
4354;2.17115188
4355;0
4356;0
4357;6.26117563
4358;6.26117563
4359;0
4360;9.74466324
4361;4.23659086
4362;8.01602554
4363;4.23001289
4364;1.80101037
4365;0
4366;10.5688095
4367;0
4368;0
4369;0
4370;0
4371;0
4372;0
4373;0
4374;3.87112141
4375;0
4376;0
4377;11.7021675
4378;2.29139113
4379;0
4380;0
4381;6.26117563
4382;6.26117563
4383;0
4384;9.74466324
4385;4.23659086
4386;8.01602554
4387;4.25811291
4388;1.77308691
4389;0
4390;10.4038086
4391;0
4392;0
4393;0
4394;0
4395;0
4396;0
4397;0
4398;4.02800417
4399;0
4400;0
4401;11.9691677
4402;2.0260694
4403;0
4404;0
4405;6.50817537
4406;6.51364517
4407;0
4408;10.4643402
4409;3.52143788
4410;8.29802608
4411;4.60675287
4412;1.1481725
4413;0
4414;10.7648087
4415;0
4416;0
4417;0
4418;0
4419;0
4420;0
4421;3.62001872
4422;0
4423;0
4424;5.36154604
4425;8.59215641
4426;6.34805775
4427;5.58335781
4428;2.10323715
4429;11.9742908
4430;2.02097821
4431;8.6525507
4432;5.32183838
4433;5.27281094
4434;6.72524405
4435;2.03029966
4436;0
4437;0
4438;0
4439;0
4440;0
4441;0
4442;0
4443;0
4444;0
4445;0
4446;0
4447;0
4448;3.18450022
4449;10.5121412
4450;7.53679371
4451;5.85587215
4452;9.76755333
4453;4.21384478
4454;12.1967497
4455;1.79991782
4456;8.48055077
4457;5.49275684
4458;0
4459;4.9416008
4460;8.19401073
4461;0
4462;0
4463;0
4464;0
4465;0
4466;0
4467;0
4468;0
4469;0
4470;0
4471;0
4472;0
4473;8.52469063
4474;5.44889498
4475;0
4476;0
4477;6.26117563
4478;6.26117563
4479;0
4480;9.74466324
4481;4.23659086
4482;8.01602554
4483;4.25811291
4484;1.77308691
4485;0
4486;10.4828091
4487;0
4488;0
4489;0
4490;0
4491;0
4492;0
4493;0
4494;3.95289063
4495;0
4496;0
4497;11.7021675
4498;2.29139113
4499;0
4500;0
4501;6.26117563
4502;6.26117563
4503;0
4504;9.74466324
4505;4.23659086
4506;8.01602554
4507;4.33403301
4508;1.69764423
4509;0
4510;10.4228086
4511;0
4512;0
4513;0
4514;0
4515;0
4516;0
4517;0
4518;4.00993919
4519;0
4520;0
4521;11.7021675
4522;2.29139113
4523;0
4524;0
4525;6.26117563
4526;6.26117563
4527;0
4528;9.74466324
4529;4.23659086
4530;8.01602554
4531;4.30803299
4532;1.72348082
4533;0
4534;10.4058094
4535;0
4536;0
4537;0
4538;0
4539;0
4540;0
4541;0
4542;4.02610254
4543;0
4544;0
4545;11.7021675
4546;2.29139113
4547;0
4548;0
4549;6.26117563
4550;6.26117563
4551;0
4552;9.74466324
4553;4.23659086
4554;8.01602554
4555;4.32779264
4556;1.7038449
4557;0
4558;10.4828091
4559;0
4560;0
4561;0
4562;0
4563;0
4564;0
4565;0
4566;3.95289063
4567;0
4568;0
4569;11.7021675
4570;2.29139113
4571;0
4572;0
4573;6.26117563
4574;6.26117563
4575;0
4576;9.74466324
4577;4.23659086
4578;8.01602554
4579;4.31531286
4580;1.7162466
4581;0
4582;10.3998089
4583;0
4584;0
4585;0
4586;0
4587;0
4588;0
4589;3.96925807
4590;0
4591;0
4592;5.49654627
4593;8.45800495
4594;6.50305796
4595;5.62889767
4596;1.9049257
4597;11.7902908
4598;2.20382166
4599;8.48055077
4600;5.45859766
4601;5.16186619
4602;6.65900421
4603;2.20567751
4604;0
4605;0
4606;0
4607;0
4608;0
4609;0
4610;0
4611;0
4612;0
4613;0
4614;0
4615;0
4616;3.24850035
4617;10.4633436
4618;7.62750053
4619;5.80907202
4620;9.8106184
4621;4.17105055
4622;12.1967497
4623;1.79991782
4624;8.48055077
4625;5.49275684
4626;0
4627;4.96760082
4628;8.16817379
4629;0
4630;0
4631;0
4632;0
4633;0
4634;0
4635;0
4636;0
4637;0
4638;0
4639;0
4640;0
4641;8.52469063
4642;5.44889498
4643;0
4644;0
4645;6.26117563
4646;6.26117563
4647;0
4648;9.74466324
4649;4.23659086
4650;8.01602554
4651;4.16239262
4652;1.86820531
4653;0
4654;10.661809
4655;0
4656;0
4657;0
4658;0
4659;0
4660;0
4661;0
4662;3.78269672
4663;0
4664;0
4665;11.7021675
4666;2.29139113
4667;0
4668;0
4669;6.26117563
4670;6.26117563
4671;0
4672;9.74466324
4673;4.23659086
4674;8.01602554
4675;4.24771261
4676;1.78342164
4677;0
4678;10.5078087
4679;0
4680;0
4681;0
4682;0
4683;0
4684;0
4685;0
4686;3.92912054
4687;0
4688;0
4689;11.7101679
4690;2.28344131
4691;0
4692;0
4693;6.26117563
4694;6.26117563
4695;0
4696;9.74466324
4697;4.23659086
4698;8.01602554
4699;4.16555309
4700;1.86506498
4701;0
4702;10.3618088
4703;0
4704;0
4705;0
4706;0
4707;0
4708;0
4709;0
4710;4.06793833
4711;0
4712;0
4713;11.7021675
4714;2.29139113
4715;0
4716;0
4717;6.26117563
4718;6.26117563
4719;0
4720;9.74466324
4721;4.23659086
4722;8.01602554
4723;4.4068327
4724;1.62530172
4725;0
4726;10.5418091
4727;0
4728;0
4729;0
4730;0
4731;0
4732;0
4733;0
4734;3.89679313
4735;0
4736;0
4737;11.7021675
4738;2.29139113
4739;0
4740;0
4741;6.26117563
4742;6.26117563
4743;0
4744;9.74466324
4745;4.23659086
4746;8.01602554
4747;4.51187277
4748;1.52092195
4749;0
4750;10.2648087
4751;0
4752;0
4753;0
4754;0
4755;0
4756;0
4757;4.09842873
4758;0
4759;0
4760;5.08054638
4761;8.87138939
4762;6.27405787
4763;5.95155764
4764;1.81042421
4765;11.7902908
4766;2.20382166
4767;8.48055077
4768;5.49275684
4769;5.17081118
4770;7.05480433
4771;1.80353284
4772;0
4773;0
4774;0
4775;0
4776;0
4777;0
4778;0
4779;0
4780;0
4781;0
4782;0
4783;0
4784;3.00950027
4785;10.700841
4786;7.5515008
4787;6.29995203
4788;10.2233648
4789;3.76089835
4790;12.1967497
4791;1.79991782
4792;8.48055077
4793;5.49275684
4794;0
4795;4.86760092
4796;8.2675457
4797;0
4798;0
4799;0
4800;0
4801;0
4802;0
4803;0
4804;0
4805;0
4806;0
4807;0
4808;0
4809;8.52469063
4810;5.44889498
4811;0
4812;0
4813;6.26117563
4814;6.26117563
4815;0
4816;9.74466324
4817;4.23659086
4818;8.01602554
4819;4.63667297
4820;1.39690661
4821;0
4822;10.2648087
4823;0
4824;0
4825;0
4826;0
4827;0
4828;0
4829;0
4830;4.16016626
4831;0
4832;0
4833;11.7021675
4834;2.29139113
4835;0
4836;0
4837;6.26117563
4838;6.26117563
4839;0
4840;9.74466324
4841;4.23659086
4842;8.01602554
4843;4.6741128
4844;1.35970187
4845;0
4846;10.2648087
4847;0
4848;0
4849;0
4850;0
4851;0
4852;0
4853;0
4854;4.16016626
4855;0
4856;0
4857;11.7021675
4858;2.29139113
4859;0
4860;0
4861;6.26117563
4862;6.26117563
4863;0
4864;9.74466324
4865;4.23659086
4866;8.01602554
4867;4.6741128
4868;1.35970187
4869;0
4870;10.2648087
4871;0
4872;0
4873;0
4874;0
4875;0
4876;0
4877;0
4878;4.16016626
4879;0
4880;0
4881;11.7021675
4882;2.29139113
4883;0
4884;0
4885;6.26117563
4886;6.26117563
4887;0
4888;9.74466324
4889;4.23659086
4890;8.01602554
4891;4.5763526
4892;1.45684743
4893;0
4894;10.2648087
4895;0
4896;0
4897;0
4898;0
4899;0
4900;0
4901;0
4902;4.16016626
4903;0
4904;0
4905;11.7021675
4906;2.29139113
4907;0
4908;0
4909;6.26117563
4910;6.26117563
4911;0
4912;9.74466324
4913;4.23659086
4914;8.01602554
4915;4.30075264
4916;1.73071492
4917;0
4918;10.4738092
4919;0
4920;0
4921;0
4922;0
4923;0
4924;0
4925;3.89845324
4926;0
4927;0
4928;5.08054638
4929;8.87138939
4930;6.27405787
4931;5.95155764
4932;1.81042421
4933;11.7902908
4934;2.20382166
4935;8.48055077
4936;5.49275684
4937;5.17081118
4938;7.0392046
4939;1.81903481
4940;0
4941;0
4942;0
4943;0
4944;0
4945;0
4946;0
4947;0
4948;0
4949;0
4950;0
4951;0
4952;3.00950027
4953;10.700841
4954;7.5515008
4955;6.29995203
4956;10.2233648
4957;3.76089835
4958;12.1967497
4959;1.79991782
4960;8.48055077
4961;5.49275684
4962;0
4963;4.86760092
4964;8.2675457
4965;0
4966;0
4967;0
4968;0
4969;0
4970;0
4971;0
4972;0
4973;0
4974;0
4975;0
4976;0
4977;8.52469063
4978;5.44889498
4979;0
4980;0
4981;6.26117563
4982;6.26117563
4983;0
4984;9.74466324
4985;4.23659086
4986;8.01602554
4987;4.6741128
4988;1.35970187
4989;0
4990;10.2648087
4991;0
4992;0
4993;0
4994;0
4995;0
4996;0
4997;0
4998;4.16016626
4999;0
5000;0
5001;11.7021675
5002;2.29139113
5003;0
5004;0
5005;6.26117563
5006;6.26117563
5007;0
5008;9.74466324
5009;4.23659086
5010;8.01602554
5011;4.28107309
5012;1.7502712
5013;0
5014;10.4538088
5015;0
5016;0
5017;0
5018;0
5019;0
5020;0
5021;0
5022;3.98046422
5023;0
5024;0
5025;11.7751675
5026;2.2188499
5027;0
5028;0
5029;6.46517563
5030;6.48317528
5031;0
5032;10.4440584
5033;3.54159236
5034;8.28202629
5035;4.62469292
5036;1.14614487
5037;0
5038;10.6838093
5039;0
5040;0
5041;0
5042;0
5043;0
5044;0
5045;0
5046;3.76177883
5047;0
5048;0
5049;11.774168
5050;2.21984363
5051;0
5052;0
5053;6.26117563
5054;6.26117563
5055;0
5056;9.74466324
5057;4.23659086
5058;8.01602554
5059;4.17205286
5060;1.8586061
5061;0
5062;10.4428091
5063;0
5064;0
5065;0
5066;0
5067;0
5068;0
5069;0
5070;3.99092293
5071;0
5072;0
5073;11.7021675
5074;2.29139113
5075;0
5076;0
5077;6.26117563
5078;6.26117563
5079;0
5080;9.74466324
5081;4.23659086
5082;8.01602554
5083;4.15619278
5084;1.87436616
5085;0
5086;10.4548092
5087;0
5088;0
5089;0
5090;0
5091;0
5092;0
5093;3.91663289
5094;0
5095;0
5096;5.4999814
5097;8.4545908
5098;6.67299891
5099;6.35049868
5100;1.02004945
5101;12.0784159
5102;1.91750777
5103;8.83516502
5104;5.1403718
5105;5.59191751
5106;7.14974213
5107;1.29336298
5108;0
5109;0
5110;0
5111;0
5112;0
5113;0
5114;0
5115;0
5116;0
5117;0
5118;0
5119;0
5120;3.19614005
5121;10.2639523
5122;7.92478037
5123;6.04503441
5124;10.6559372
5125;3.33104491
5126;0
5127;9.83111763
5128;3.97618508
5129;9.83355045
5130;4.1482625
5131;0
5132;0
5133;0
5134;0
5135;0
5136;0
5137;0
5138;0
5139;0
5140;0
5141;0
5142;0
5143;8.27386856
5144;4.50653458
5145;0
5146;0
5147;9.24239635
5148;4.73570108
5149;0
5150;0
5151;7.74528885
5152;3.59773636
5153;2.69665647
5154;8.63897324
5155;5.02997732
5156;7.0831604
5157;1.67267072
5158;5.26345158
5159;0
5160;0
5161;0
5162;0
5163;0
5164;0
5165;0
5166;0
5167;0
5168;0
5169;10.0259666
5170;3.95705557
5171;0
5172;0
5173;6.38249159
5174;6.38249159
5175;0
5176;10.5517282
5177;3.4345994
5178;8.44597244
5179;4.85471725
5180;6.57942057
5181;1.66667068
5182;5.76684046
5183;0
5184;0
5185;0
5186;0
5187;0
5188;0
5189;0
5190;0
5191;0
5192;0
5193;10.2519665
5194;3.73247623
5195;0
5196;0
5197;6.74349165
5198;6.02599621
5199;0
5200;11.0489359
5201;2.94051719
5202;8.87997246
5203;4.9808774
5204;7.2433486
5205;1.62667072
5206;5.1509819
5207;0
5208;0
5209;0
5210;11.3229284
5211;2.66824627
5212;0
5213;5.99605465
5214;2.45052171
5215;0.238528445
5216;0.944129944
5217;0.609395802
5218;0.0988957435
5219;0.0351409912
5220;3.94102573
5221;0
5222;1.57762659
5223;12.3194551
5224;10.4039402
5225;3.58145785
5226;0.803048134
5227;0
5228;1.08528138E-06
5229;9.5116663
5230;2.90820408
5231;1.63761282
5232;0
5233;0
5234;0
5235;0
5236;0
5237;0
5238;0
5239;0
5240;0
5241;10.10812
5242;3.87541914
5243;0
5244;0
5245;6.38249159
5246;6.38249159
5247;0
5248;10.5517282
5249;3.4345994
5250;8.41897297
5251;4.89059734
5252;6.34141397
5253;1.44967079
5254;6.21750069
5255;0
5256;0
5257;0
5258;0
5259;0
5260;0
5261;0
5262;0
5263;0
5264;4.01235056
5265;9.17311001
5266;0.842484415
5267;6.67299891
5268;7.28894711
5269;12.2304163
5270;1.76646316
5271;8.91216564
5272;5.06385565
5273;5.80091715
5274;7.25382185
5275;0.983556628
5276;0
5277;0
5278;0
5279;0
5280;0
5281;0
5282;0
5283;0
5284;0
5285;0
5286;0
5287;0
5288;3.42914009
5289;10.0324173
5290;7.93578005
5291;6.03410339
5292;10.6559372
5293;3.33104491
5294;0
5295;9.98087788
5296;3.82736635
5297;9.74555016
5298;4.23570919
5299;0
5300;0
5301;0
5302;0
5303;0
5304;0
5305;0
5306;0
5307;0
5308;0
5309;0
5310;0
5311;8.04886818
5312;4.73011971
5313;0
5314;0
5315;9.04839611
5316;4.92848158
5317;0
5318;0
5319;7.57828903
5320;3.42373633
5321;3.0344696
5322;8.37997246
5323;4.62239742
5324;1.05170655
5325;0
5326;10.9468336
5327;0
5328;0
5329;0
5330;0
5331;0
5332;0
5333;0
5334;3.51169395
5335;0
5336;0
5337;11.9885798
5338;2.00677919
5339;0
5340;0
5341;6.38249159
5342;6.38249159
5343;0
5344;10.5517282
5345;3.4345994
5346;8.37997246
5347;4.59113741
5348;1.08276999
5349;0
5350;10.770833
5351;0
5352;0
5353;0
5354;0
5355;0
5356;0
5357;0
5358;3.67903566
5359;0
5360;0
5361;12.1285801
5362;1.86765921
5363;0
5364;0
5365;6.46849155
5366;6.29926777
5367;0
5368;10.6379356
5369;3.3489337
5370;8.58397293
5371;4.95959711
5372;6.81991243
5373;1.68367076
5374;5.51246977
5375;0
5376;0
5377;0
5378;0
5379;0
5380;0
5381;0
5382;0
5383;0
5384;0
5385;10.1369667
5386;3.8467536
5387;0
5388;0
5389;6.42649126
5390;6.34100342
5391;0
5392;10.619936
5393;3.36682057
5394;8.54697227
5395;4.98857737
5396;6.7971735
5397;1.53767073
5398;5.68000603
5399;0
5400;0
5401;0
5402;0
5403;0
5404;0
5405;0
5406;0
5407;0
5408;0
5409;10.0889664
5410;3.89445186
5411;0
5412;0
5413;6.38249159
5414;6.38249159
5415;0
5416;10.5517282
5417;3.4345994
5418;8.37997246
5419;4.76087713
5420;0.914097071
5421;0
5422;10.9928331
5423;0
5424;0
5425;0
5426;0
5427;0
5428;0
5429;3.40184069
5430;0
5431;0
5432;5.77998114
5433;8.17635155
5434;6.7349987
5435;5.89535856
5436;1.41110551
5437;12.1974163
5438;1.79925573
5439;8.97616577
5440;5.00025797
5441;5.82191706
5442;7.33248186
5443;0.884654403
5444;0
5445;0
5446;0
5447;0
5448;0
5449;0
5450;0
5451;0
5452;0
5453;0
5454;0
5455;0
5456;3.69614005
5457;9.76709557
5458;8.42477989
5459;5.54817724
5460;11.1559372
5461;0.0545957573
5462;2.84961987
5463;11.1559372
5464;2.83418775
5465;10.2455502
5466;0.0405957215
5467;3.76250958
5468;0
5469;0
5470;0
5471;0
5472;0
5473;0
5474;0
5475;0
5476;8.92077637
5477;3.84944558
5478;0
5479;0
5480;7.14076471
5481;4.99563885
5482;1.9044894
5483;0
5484;8.89487457
5485;4.27978373
5486;0.883717239
5487;0
5488;5.78927565
5489;8.16711521
5490;5.88215494
5491;2.49979377
5492;3.88099051
5493;1.82301271
5494;0
5495;0
5496;0
5497;0
5498;0
5499;0
5500;0
5501;0
5502;0
5503;11.8321962
5504;2.16217947
5505;0
5506;0
5507;9.44739628
5508;4.53198957
5509;0
5510;0
5511;7.74928856
5512;3.56673646
5513;2.7235117
5514;8.64697266
5515;5.15693712
5516;7.2042222
5517;1.68267071
5518;5.13396978
5519;0
5520;0
5521;0
5522;0
5523;0
5524;0
5525;0
5526;0
5527;0
5528;0
5529;10.1189671
5530;3.86464024
5531;0
5532;0
5533;6.40649128
5534;6.36087799
5535;0
5536;10.5699358
5537;3.41650629
5538;8.56897259
5539;5.06309748
5540;7.05894947
5541;1.6976707
5542;5.26251602
5543;0
5544;0
5545;0
5546;0
5547;0
5548;0
5549;0
5550;0
5551;0
5552;0
5553;9.86496639
5554;4.1170435
5555;0
5556;0
5557;6.38249159
5558;6.38249159
5559;0
5560;10.5517282
5561;3.4345994
5562;8.37997246
5563;4.65255737
5564;1.02173626
5565;0
5566;10.5818329
5567;0
5568;0
5569;0
5570;0
5571;0
5572;0
5573;0
5574;3.85873795
5575;0
5576;0
5577;11.9885798
5578;2.00677919
5579;0
5580;0
5581;6.38249159
5582;6.38249159
5583;0
5584;10.5517282
5585;3.4345994
5586;8.37997246
5587;5.01239729
5588;6.32393694
5589;1.20467067
5590;6.47821856
5591;0
5592;0
5593;0
5594;0
5595;0
5596;0
5597;0
5598;0
5599;0
5600;3.84935069
5601;9.59375095
5602;6.17505312
5603;6.35049868
5604;1.51175487
5605;12.0784159
5606;1.91750777
5607;8.83516502
5608;5.1403718
5609;5.59191751
5610;7.36190224
5611;1.0825367
5612;0
5613;0
5614;0
5615;0
5616;0
5617;0
5618;0
5619;0
5620;0
5621;0
5622;0
5623;0
5624;3.19614005
5625;10.2639523
5626;7.92478037
5627;6.04503441
5628;10.6559372
5629;3.33104491
5630;0
5631;10.2575178
5632;3.5524652
5633;9.74555016
5634;4.23570919
5635;0
5636;0
5637;0
5638;0
5639;0
5640;0
5641;0
5642;0
5643;0
5644;0
5645;0
5646;0
5647;8.0738678
5648;4.70527697
5649;0
5650;0
5651;9.34639549
5652;4.63235474
5653;0
5654;0
5655;7.85828876
5656;3.68373632
5657;2.49961305
5658;8.72197247
5659;5.21489716
5660;7.36287832
5661;1.70467067
5662;4.95544052
5663;0
5664;0
5665;0
5666;0
5667;0
5668;0
5669;0
5670;0
5671;0
5672;0
5673;10.1439667
5674;3.8397975
5675;0
5676;0
5677;6.43549156
5678;6.33206034
5679;0
5680;10.553936
5681;3.43240571
5682;8.54197311
5683;5.01617718
5684;6.86466312
5685;1.61767077
5686;5.53386497
5687;0
5688;0
5689;0
5690;0
5691;0
5692;0
5693;0
5694;0
5695;0
5696;0
5697;9.86496639
5698;4.1170435
5699;0
5700;0
5701;6.38249159
5702;6.38249159
5703;0
5704;10.5517282
5705;3.4345994
5706;8.37997246
5707;4.81895733
5708;0.856382191
5709;0
5710;10.5818329
5711;0
5712;0
5713;0
5714;0
5715;0
5716;0
5717;0
5718;3.85873795
5719;0
5720;0
5721;12.06458
5722;1.93125677
5723;0
5724;0
5725;6.38249159
5726;6.38249159
5727;0
5728;10.5517282
5729;3.4345994
5730;8.50697327
5731;4.98995733
5732;6.79604673
5733;1.60667074
5734;5.61255217
5735;0
5736;0
5737;0
5738;0
5739;0
5740;0
5741;0
5742;0
5743;0
5744;0
5745;10.264967
5746;3.719558
5747;0
5748;0
5749;6.80549145
5750;5.96438599
5751;0
5752;10.9869356
5753;3.00212741
5754;8.87997246
5755;4.50699711
5756;6.6894474
5757;1.55067074
5758;5.77346325
5759;0
5760;0
5761;0
5762;0
5763;5.40034437
5764;3.3290422
5765;2.1251421
5766;1.41225231
5767;1.7967664
5768;9.07775784
5769;3.18148661
5770;0.423640072
5771;0.417324126
5772;1.1134485
5773;6.70217466
5774;4.76341057
5775;2.56835127
5776;0.816817105
5777;0
5778;4.27246107E-07
5779;5.54569864
5780;0.543342769
5781;6.96906853
5782;1.01642919
5783;0
5784;1.0117805
5785;7.50309801
5786;1.64513552
5787;0
5788;1.61933895E-06
5789;8.01086415E-08
5790;0
5791;4.00543207E-08
5792;0
5793;0
5794;0
5795;1.98364262E-07
5796;0
5797;0
5798;0
5799;4.11987287E-07
5800;1.03759771E-06
5801;3.66210941E-07
5802;0
5803;7.32421881E-07
5804;6.10351549E-07
5805;3.07264876
5806;2.87317395
5807;1.70055628
5808;6.37789726
5809;0
5810;1.00665855
5811;4.0468092
5812;0
5813;0
5814;0.362311214
5815;5.53131088E-08
5816;1.3635906
5817;1.92986906
5818;2.23062181
5819;2.66312456
5820;2.60471535
5821;2.48263669
5822;4.04625225
5823;2.48693466
5824;2.59399428E-07
5825;9.46044906E-07
5826;9.15527352E-08
5827;1.33514402E-06
5828;1.33895878E-06
5829;1.27977312
5830;7.41556931
5831;5.28730869
5832;0
5833;0
5834;0
5835;0
5836;0
5837;0
5838;0
5839;0
5840;0
5841;9.6902895
5842;4.29062319
5843;0
5844;0
5845;6.28394508
5846;6.28394508
5847;0
5848;9.8961401
5849;4.08606625
5850;8.08433533
5851;4.41788578
5852;1.54686463
5853;0
5854;10.4843111
5855;0
5856;0
5857;0
5858;0
5859;0
5860;0
5861;0
5862;3.95146251
5863;0
5864;0
5865;11.8259249
5866;2.16841221
5867;0
5868;0
5869;6.28394508
5870;6.28394508
5871;0
5872;9.8961401
5873;4.08606625
5874;8.18633556
5875;4.41320562
5876;1.45079362
5877;0
5878;10.6033115
5879;0
5880;0
5881;0
5882;0
5883;0
5884;0
5885;0
5886;3.83831668
5887;0
5888;0
5889;11.8459244
5890;2.14853811
5891;0
5892;0
5893;6.34094477
5894;6.31094503
5895;0
5896;10.0457335
5897;3.93741298
5898;8.29733562
5899;4.69748592
5900;1.05869162
5901;0
5902;10.729311
5903;0
5904;0
5905;0
5906;0
5907;0
5908;0
5909;0
5910;3.71851516
5911;0
5912;0
5913;12.0629244
5914;1.9329021
5915;0
5916;0
5917;6.4509449
5918;6.52287865
5919;0
5920;10.78195
5921;3.20582485
5922;8.4843359
5923;4.07972574
5924;1.48791194
5925;0
5926;10.6223106
5927;0
5928;3.43081117
5929;0
5930;0
5931;0
5932;5.3182354
5933;4.13089848
5934;3.04335165
5935;0
5936;8.79772186
5937;3.73975182
5938;1.7592299
5939;1.13259304
5940;5.85624933
5941;5.25590086
5942;6.5681324
5943;3.68069291
5944;1.15049887
5945;0
5946;1.32916009
5947;1.99900401
5948;0
5949;11.0350761
5950;2.95428896
5951;0
5952;0
5953;11.0723152
5954;2.91728401
5955;0
5956;4.64285564
5957;0.0833406448
5958;0.155333519
5959;9.12749577
5960;8.46140957
5961;2.49633694
5962;0
5963;1.59072874E-06
5964;2.31298995
5965;3.14970875
5966;4.76973629
5967;2.10125709
5968;0
5969;0.103591599
5970;3.40838766
5971;3.99904251
5972;0
5973;7.71130037
5974;6.15253592
5975;0
5976;0
5977;0
5978;0
5979;9.00400543
5980;4.58597326
5981;0
5982;0
5983;8.78683853
5984;5.09100389
5985;0
5986;8.84413719
5987;3.40262103
5988;1.8054682
5989;0
5990;8.50715637
5991;2.68978858
5992;0.247069165
5993;2.67066813
5994;4.75801039
5995;1.55098701
5996;3.01010871
5997;4.72841501
5998;0
5999;0
6000;0
6001;0
6002;0
6003;0
6004;0
6005;0
6006;0
6007;11.0653143
6008;2.9242413
6009;0
6010;0
6011;8.76677513
6012;5.20833254
6013;0
6014;0
6015;7.27218676
6016;3.27591777
6017;3.48362517
6018;8.12333584
6019;4.49186563
6020;1.43483841
6021;0
6022;10.8243113
6023;0
6024;0
6025;0
6026;0
6027;0
6028;0
6029;0
6030;3.62818885
6031;0
6032;0
6033;11.9259243
6034;2.06904078
6035;0
6036;0
6037;6.28394508
6038;6.28394508
6039;0
6040;9.8961401
6041;4.08606625
6042;8.16933537
6043;4.62296581
6044;1.25913906
6045;0
6046;10.8193111
6047;0
6048;0
6049;0
6050;0
6051;0
6052;0
6053;0
6054;3.63294268
6055;0
6056;0
6057;11.9169245
6058;2.07798433
6059;0
6060;0
6061;6.28394508
6062;6.28394508
6063;0
6064;9.8961401
6065;4.08606625
6066;8.16133595
6067;4.48772573
6068;1.40142858
6069;0
6070;10.7203112
6071;0
6072;0
6073;0
6074;0
6075;0
6076;0
6077;0
6078;3.72707248
6079;0
6080;0
6081;12.2009249
6082;1.79576957
6083;0
6084;0
6085;6.47294474
6086;6.44394493
6087;0
6088;10.4065933
6089;3.5788219
6090;8.38233566
6091;4.73612547
6092;0.936359882
6093;0
6094;10.7713108
6095;0
6096;0
6097;0
6098;0
6099;0
6100;0
6101;3.61379743
6102;0
6103;0
6104;5.65926933
6105;8.2963047
6106;6.65693426
6107;5.83763456
6108;1.54555285
6109;12.0153694
6110;1.98015845
6111;8.6931076
6112;5.2815361
6113;5.49984789
6114;7.10922098
6115;1.42454505
6116;0
6117;0
6118;0
6119;0
6120;0
6121;0
6122;0
6123;9.38576317
6124;3.53534746
6125;0
6126;0
6127;9.2378273
6128;0.541247547
6129;4.26009941
6130;5.41474009
6131;3.79912758
6132;4.79787254
6133;11.0653973
6134;2.92415905
6135;8.21985722
6136;5.59911633
6137;6.82285833
6138;7.14002991
6139;0
6140;10.4392071
6141;3.54641342
6142;0
6143;0
6144;2.72439384
6145;8.09279251
6146;2.62531114
6147;7.59800148
6148;3.91006466E-07
6149;0
6150;9.9182131E-08
6151;9.82284519E-07
6152;0
6153;0
6154;0
6155;0
6156;6.40869132E-07
6157;0
6158;0
6159;0
6160;0
6161;0
6162;1.8310547E-07
6163;0
6164;0
6165;0
6166;5.34057634E-08
6167;2.1125977
6168;9.58287048
6169;0.877036691
6170;1.51269269
6171;5.02574539
6172;0
6173;0
6174;1.39141082E-06
6175;9.82284519E-07
6176;0.34662351
6177;0.806992173
6178;1.23626542
6179;1.80519855
6180;1.77347887
6181;2.84883523
6182;2.36963081
6183;1.39622831
6184;0
6185;0
6186;1.03759771E-06
6187;0
6188;0
6189;0.170532838
6190;5.85956049
6191;7.92887688
6192;0
6193;0
6194;7.86294699
6195;2.82823467
6196;0.100288011
6197;0.00918226223
6198;0.438163579
6199;3.00041962
6200;0
6201;12.0329885
6202;1.66261375
6203;11.9914589
6204;2.00391841
6205;12.295002
6206;1.70228314
6207;11.2700176
6208;2.72082448
6209;3.38742018
6210;0
6211;0
6212;0
6213;8.29591179
6214;1.62579072
6215;4.11248446
6216;0
6217;0
6218;0
6219;0
6220;0
6221;0
6222;0
6223;0
6224;0
6225;10.1902895
6226;3.79376626
6227;0
6228;0
6229;6.64294481
6230;6.33208513
6231;0
6232;10.6779499
6233;3.30917096
6234;8.51033592
6235;4.83548546
6236;6.41259241
6237;1.49789631
6238;6.0992918
6239;0
6240;0
6241;0
6242;0
6243;11.4579344
6244;2.53408909
6245;0
6246;12.653594
6247;1.34594524
6248;0
6249;7.35267258
6250;2.13795042
6251;2.02174807
6252;1.31406689
6253;1.35036111
6254;0
6255;4.74756956
6256;9.20227337
6257;7.66384935
6258;2.30309463
6259;0
6260;1.30742359
6261;3.02685881
6262;0
6263;0
6264;0
6265;0
6266;0
6267;0
6268;0
6269;0
6270;9.40273857
6271;3.67814565
6272;0
6273;11.8882828
6274;2.1064465
6275;6.35693455
6276;7.60302496
6277;11.8443689
6278;2.15008354
6279;8.5471077
6280;5.42661858
6281;5.35584784
6282;6.93120146
6283;1.74364126
6284;0
6285;0
6286;0
6287;0
6288;0
6289;0
6290;0
6291;0
6292;0
6293;0
6294;0
6295;0
6296;3.38653064
6297;10.2789917
6298;7.71356153
6299;5.85489464
6300;10.0006847
6301;3.98217845
6302;12.2492952
6303;1.7477026
6304;8.5471077
6305;5.42661858
6306;0
6307;5.2316246
6308;7.85738182
6309;0
6310;0
6311;0
6312;0
6313;0
6314;0
6315;0
6316;0
6317;0
6318;0
6319;0
6320;0
6321;8.9352808
6322;5.04088593
6323;0
6324;0
6325;6.35794497
6326;6.34694481
6327;0
6328;10.1889639
6329;3.79508328
6330;8.39333534
6331;4.66574574
6332;0.995435297
6333;0
6334;10.8243113
6335;0
6336;0
6337;0
6338;0
6339;0
6340;0
6341;0
6342;3.62818885
6343;0
6344;0
6345;12.127924
6346;1.86831069
6347;0
6348;0
6349;6.28394508
6350;6.28394508
6351;0
6352;9.9131403
6353;4.06917334
6354;8.31033516
6355;4.58984566
6356;1.15281796
6357;0
6358;10.7573109
6359;0
6360;0
6361;0
6362;0
6363;0
6364;0
6365;0
6366;3.69189262
6367;0
6368;0
6369;11.9179249
6370;2.0769906
6371;0
6372;0
6373;6.28394508
6374;6.28394508
6375;0
6376;9.8961401
6377;4.08606625
6378;8.3083353
6379;4.74026585
6380;1.0053184
6381;0
6382;10.6823111
6383;0
6384;0
6385;0
6386;0
6387;0
6388;0
6389;0
6390;3.76320314
6391;0
6392;0
6393;11.9749241
6394;2.02034879
6395;0
6396;0
6397;6.28394508
6398;6.28394508
6399;0
6400;9.93614006
6401;4.04631805
6402;8.34433556
6403;4.7223258
6404;0.987596631
6405;0
6406;10.8243113
6407;0
6408;0
6409;0
6410;0
6411;0
6412;0
6413;0
6414;3.62818885
6415;0
6416;0
6417;12.245924
6418;1.75105238
6419;0
6420;0
6421;6.51394463
6422;6.4602747
6423;0
6424;10.5659494
6425;3.4204669
6426;8.54033566
6427;4.71932554
6428;0.797034323
6429;0
6430;10.7173109
6431;0
6432;0
6433;0
6434;0
6435;0
6436;0
6437;3.66546559
6438;0
6439;0
6440;5.62726927
6441;8.32810307
6442;6.66993427
6443;5.76725435
6444;1.6026535
6445;11.8793697
6446;2.11530352
6447;8.58010769
6448;5.39382601
6449;5.47584772
6450;7.17408133
6451;1.3837918
6452;0
6453;0
6454;0
6455;0
6456;0
6457;0
6458;0
6459;0
6460;0
6461;0
6462;0
6463;0
6464;3.53453064
6465;10.1319218
6466;7.87556124
6467;6.05913448
6468;10.4306107
6469;3.55495501
6470;12.2562952
6471;1.74074662
6472;8.63710785
6473;5.33718443
6474;0
6475;5.39562464
6476;7.69441271
6477;0
6478;0
6479;0
6480;0
6481;0
6482;0
6483;0
6484;0
6485;0
6486;0
6487;0
6488;0
6489;8.91328049
6490;5.06274748
6491;0
6492;0
6493;6.30994511
6494;6.32494497
6495;0
6496;10.1181393
6497;3.86546302
6498;8.48133564
6499;4.86446571
6500;6.38075352
6501;1.3828963
6502;6.24500847
6503;0
6504;0
6505;0
6506;0
6507;0
6508;9.48497105
6509;4.49465084
6510;0
6511;11.9134979
6512;2.08138967
6513;0
6514;8.44587231
6515;3.33854914
6516;2.26241112
6517;0
6518;7.84289503
6519;2.49214816
6520;0.0717756301
6521;3.6918366
6522;4.64435291
6523;1.01522291
6524;2.29006195
6525;6.08451319
6526;0
6527;0
6528;0
6529;10.1286173
6530;3.11751795
6531;0
6532;0
6533;9.77303791
6534;4.20839453
6535;0
6536;8.55850983
6537;3.39151001
6538;2.09855723
6539;0
6540;5.81357241
6541;2.74770021
6542;2.64795232
6543;1.85701466
6544;1.09491086
6545;8.63907814
6546;3.11608267
6547;0.397262722
6548;1.78026867
6549;12.1621332
6550;1.83431661
6551;0
6552;0
6553;8.57558155
6554;5.0471549
6555;0
6556;0.93634814
6557;9.52446175
6558;3.5307951
6559;9.87650967
6560;4.10557365
6561;11.9310102
6562;2.06398702
6563;12.1701918
6564;1.82630873
6565;12.296175
6566;1.70111787
6567;10.0761375
6568;3.90720081
6569;12.8376551
6570;5.66482527E-07
6571;1.03759771E-06
6572;0
6573;4.20528555
6574;2.24577451
6575;6.12646294
6576;1.48793685
6577;0
6578;9.55449295
6579;1.59605443
6580;2.89922476
6581;8.88057613
6582;5.09524679
6583;8.42829227
6584;5.54468775
6585;11.1906338
6586;2.79970932
6587;11.6381769
6588;2.35497952
6589;11.5934153
6590;2.39945984
6591;9.17886066
6592;4.28376484
6593;10.6227741
6594;0
6595;0
6596;1.43432612E-06
6597;2.39151978
6598;1.36047459
6599;5.22454929
6600;1.20267379
6601;0.756702304
6602;0.369746298
6603;2.90982509
6604;2.08547974
6605;0
6606;0
6607;0
6608;9.15527352E-08
6609;0
6610;0
6611;0
6612;1.06811527E-07
6613;0
6614;0
6615;1.33514402E-06
6616;3.96728524E-07
6617;0
6618;1.8310547E-07
6619;1.00708007E-06
6620;1.52587887E-07
6621;7.54461288
6622;3.02657413
6623;2.17933273
6624;1.36249137
6625;4.23142815
6626;1.03707433
6627;4.53948985E-07
6628;4.38690186E-08
6629;4.38690186E-08
6630;8.02993782E-07
6631;7.24792457E-08
6632;1.22261042E-06
6633;9.0789797E-07
6634;4.4250487E-07
6635;0
6636;9.15527352E-08
6637;1.22070304E-07
6638;0
6639;3.96728524E-07
6640;9.15527352E-08
6641;0
6642;1.00708007E-06
6643;0
6644;4.57763676E-08
6645;1.2207031E-06
6646;6.47714615
6647;4.72859287
6648;2.82515669
6649;7.48266888
6650;4.12539005
6651;6.50405866E-07
6652;0
6653;8.81195092E-07
6654;6.00814758E-08
6655;7.53402674E-08
6656;6.00814829E-08
6657;0
6658;8.31603984E-07
6659;1.16920467E-06
6660;0
6661;7.32421881E-07
6662;1.67846679E-07
6663;3.66210941E-07
6664;0
6665;1.60598756E-06
6666;1.7433166E-06
6667;0
6668;0
6669;0
6670;2.63423538
6671;5.42398167
6672;0
6673;1.43527984E-06
6674;5.0544736E-07
6675;0
6676;1.01852413E-06
6677;8.48770156E-08
6678;1.05094909E-06
6679;7.80105609E-07
6680;0
6681;7.84873976E-07
6682;8.30650322E-07
6683;4.57763676E-08
6684;4.31060784E-07
6685;7.24792457E-08
6686;4.69207748E-07
6687;8.52584833E-07
6688;4.63485719E-07
6689;0
6690;0
6691;4.29153431E-07
6692;0
6693;8.12530516E-07
6694;0
6695;0
6696;0
6697;8.2206725E-07
6698;0
6699;8.35418689E-07
6700;0
6701;0
6702;4.38690194E-07
6703;0
6704;8.58306919E-08
6705;0
6706;5.79833966E-07
6707;6.10351549E-07
6708;0
6709;0
6710;1.2207031E-06
6711;0
6712;9.15527352E-08
6713;6.10351549E-07
6714;2.49862666E-07
6715;0
6716;4.53948985E-07
6717;0
6718;6.43730175E-07
6719;2.54631033E-07
6720;1.15966793E-06
6721;9.279251E-07
6722;0
6723;0
6724;1.68991085E-06
6725;1.01280216E-06
6726;0
6727;3.29017638E-07
6728;0
6729;1.7166137E-08
6730;5.79833966E-07
6731;1.22070304E-07
6732;0
6733;0
6734;1.7166137E-08
6735;2.93731688E-07
6736;8.01086415E-08
6737;0
6738;2.54631033E-07
6739;1.68991085E-06
6740;1.25885009E-07
6741;4.60624705E-07
6742;6.79016125E-07
6743;1.76429751E-07
6744;1.10626218E-07
6745;2.84194954E-07
6746;1.21784205E-06
6747;0
6748;0
6749;0
6750;0
6751;5.53131088E-07
6752;4.43458561E-07
6753;0
6754;5.34057634E-08
6755;0
6756;9.15527352E-08
6757;2.28881845E-07
6758;7.32421881E-07
6759;0
6760;8.54492214E-07
6761;1.56784063E-06
6762;0
6763;3.48091135E-07
6764;2.68936162E-07
6765;6.00814829E-08
6766;0
6767;4.41551208E-07
6768;0
6769;0
6770;0
6771;0
6772;2.47955313E-07
6773;1.1920929E-07
6774;5.10215784E-07
6775;1.0299683E-06
6776;0
6777;0
6778;6.43730175E-07
6779;0
6780;0
6781;0
6782;1.4038086E-06
6783;0
6784;6.6757201E-07
6785;4.29153431E-07
6786;0
6787;0
6788;9.82284519E-07
6789;5.43594354E-07
6790;0
6791;0
6792;1.06811524E-06
6793;1.0299683E-06
6794;5.10215784E-07
6795;0
6796;6.91413902E-07
6797;0
6798;0
6799;5.57899455E-07
6800;2.49862666E-07
6801;1.68991085E-06
6802;0
6803;0
6804;0
6805;0
6806;5.11169446E-07
6807;0
6808;0
6809;1.23405459E-06
6810;8.10623192E-07
6811;0
6812;0
6813;0
6814;4.67300424E-07
6815;7.05719003E-07
6816;5.0544736E-07
6817;7.05719003E-07
6818;0
6819;0
6820;1.39713291E-06
6821;0
6822;0
6823;0
6824;0
6825;0
6826;2.3174286E-07
6827;0
6828;4.69207748E-07
6829;2.93731688E-07
6830;5.93185405E-07
6831;0
6832;0
6833;0
6834;0
6835;0
6836;2.68936162E-07
6837;0
6838;5.24520885E-07
6839;1.02277684
6840;0
6841;5.7697298E-07
6842;0
6843;0
6844;0
6845;1.39713291E-06
6846;4.48226928E-07
6847;3.24249271E-07
6848;4.43458561E-07
6849;0
6850;9.279251E-07
6851;1.24359133E-06
6852;0
6853;0
6854;1.06811524E-06
6855;0
6856;1.4038086E-06
6857;0
6858;4.7683713E-08
6859;2.61306752E-07
6860;0
6861;1.2626648E-06
6862;0
6863;0
6864;5.05447346E-08
6865;0
6866;0
6867;5.24520885E-07
6868;0
6869;8.58306919E-08
6870;8.58306919E-08
6871;1.43051153E-07
6872;0
6873;0
6874;9.15527352E-08
6875;0
6876;0
6877;9.0026856E-07
6878;9.91821253E-07
6879;0
6880;9.0026856E-07
6881;0
6882;2.17437744E-07
6883;1.17683408E-06
6884;8.01086401E-07
6885;1.12247471E-06
6886;7.41004953E-07
6887;0
6888;4.47070694
6889;3.59853125
6890;2.78715563
6891;9.82284519E-07
6892;7.80105609E-07
6893;7.44819658E-07
6894;3.93867481E-07
6895;7.05719003E-07
6896;9.46044906E-07
6897;0
6898;0
6899;0
6900;8.35418689E-07
6901;4.46319575E-07
6902;1.90734866E-07
6903;0
6904;0
6905;0
6906;1.03759771E-06
6907;4.57763676E-08
6908;0
6909;3.14712508E-07
6910;2.79355001
6911;5.33346558
6912;0
6913;1.23977657E-07
6914;1.14440915E-07
6915;0
6916;4.29153459E-08
6917;0
6918;0
6919;1.61170959E-07
6920;7.82012961E-08
6921;4.57763676E-08
6922;0
6923;0
6924;1.55639646E-06
6925;1.41143801E-07
6926;5.18798856E-07
6927;2.28881838E-08
6928;8.08715811E-07
6929;0
6930;0
6931;0
6932;0
6933;1.04904177E-06
6934;4.52041633E-07
6935;2.54631033E-07
6936;6.50405866E-07
6937;3.43322768E-07
6938;2.92778026E-07
6939;0
6940;1.26361851E-06
6941;6.13212592E-07
6942;9.72747785E-08
6943;4.34875489E-07
6944;0
6945;1.33514402E-06
6946;7.20977766E-07
6947;0
6948;1.19018557E-06
6949;0
6950;0
6951;4.5013428E-07
6952;0
6953;0
6954;6.40869132E-07
6955;6.25610369E-07
6956;0
6957;7.17163061E-07
6958;0.404053539
6959;3.66210941E-07
6960;0.767012537
6961;0
6962;0
6963;9.82284519E-07
6964;1.35612493E-06
6965;0
6966;9.53674117E-09
6967;1.09481812E-06
6968;0
6969;1.28936767E-06
6970;1.60980221E-06
6971;0
6972;4.95910626E-07
6973;0
6974;3.66210941E-07
6975;3.05175774E-07
6976;0
6977;0
6978;1.06811524E-06
6979;6.1035152E-08
6980;4.29153431E-07
6981;0
6982;4.11041498
6983;2.2968564
6984;2.97624111
6985;2.18123078
6986;1.48286605
6987;0
6988;0
6989;4.53948985E-07
6990;4.21524049E-07
6991;0
6992;8.52584833E-07
6993;1.35612493E-06
6994;0
6995;1.61743162E-06
6996;0
6997;7.17163061E-07
6998;1.22070304E-07
6999;0
7000;1.28173826E-06
7001;0
7002;8.01086415E-08
7003;7.24792457E-08
7004;0
7005;1.39141082E-06
7006;1.27682054
7007;4.13092995
7008;0
7009;0
7010;0
7011;2.92778026E-07
7012;1.91688542E-07
7013;1.66702273E-06
7014;6.58988938E-07
7015;1.91688542E-07
7016;0
7017;1.19686126E-06
7018;6.10351591E-08
7019;4.73022453E-07
7020;1.14440915E-07
7021;0
7022;5.11169446E-07
7023;0
7024;7.24792457E-08
7025;3.0517576E-08
7026;6.43730175E-07
7027;4.86373892E-07
7028;0
7029;5.76019261E-07
7030;1.42097474E-06
7031;7.43865982E-08
7032;0
7033;1.63173672E-06
7034;0
7035;4.00543207E-08
7036;0
7037;2.68936162E-07
7038;0
7039;0
7040;0
7041;3.12805184E-07
7042;1.81007385E-06
7043;0
7044;8.35418689E-07
7045;8.01086415E-08
7046;8.44955423E-07
7047;0
7048;2.28881838E-08
7049;0
7050;2.84194954E-07
7051;5.53131088E-07
7052;5.43594354E-07
7053;0
7054;1.43527984E-06
7055;4.86373892E-07
7056;0
7057;0
7058;5.24520885E-07
7059;3.14712508E-07
7060;0
7061;6.05583182E-07
7062;0
7063;0
7064;7.44819658E-07
7065;7.41004953E-07
7066;3.75747675E-07
7067;0
7068;0
7069;0
7070;7.93457048E-07
7071;3.24249271E-07
7072;0
7073;3.5190584E-07
7074;0
7075;2.34603874E-07
7076;0
7077;0
7078;0
7079;1.13010401E-06
7080;1.56641011E-06
7081;5.00679036E-08
7082;0
7083;0
7084;4.09483903E-07
7085;0
7086;1.22785565E-07
7087;4.48226928E-07
7088;0
7089;5.81741304E-08
7090;0
7091;4.34875489E-07
7092;0
7093;1.25122074E-06
7094;0
7095;7.93457048E-07
7096;0
7097;1.29699714E-07
7098;0
7099;0
7100;0
7101;0
7102;1.09481812E-06
7103;4.21524049E-07
7104;5.19830322
7105;4.47179031
7106;3.78678179
7107;11.1607847
7108;0
7109;0
7110;8.58306919E-08
7111;0
7112;1.03759771E-06
7113;2.17437744E-07
7114;0
7115;0
7116;6.29425045E-08
7117;9.30786143E-07
7118;0
7119;0
7120;4.46319575E-07
7121;0
7122;1.8310547E-07
7123;6.40869132E-07
7124;2.82287601E-07
7125;0
7126;9.03623104
7127;4.9405694
7128;9.1689415
7129;4.80869389
7130;7.90748596
7131;1.04222846
7132;8.43048099E-07
7133;0
7134;6.10351549E-07
7135;5.72204577E-08
7136;1.33895878E-06
7137;0
7138;0
7139;4.57763676E-08
7140;4.27246107E-07
7141;0
7142;7.47680645E-07
7143;0
7144;3.81469718E-08
7145;1.28936767E-06
7146;0
7147;7.93457048E-07
7148;0
7149;1.2207031E-06
7150;9.79199696
7151;4.18955326
7152;0.919216156
7153;3.91006466E-07
7154;0
7155;4.63485719E-07
7156;4.7683713E-08
7157;4.55856309E-07
7158;3.91006466E-07
7159;0
7160;0
7161;2.59399428E-07
7162;3.35693358E-07
7163;7.62939436E-08
7164;6.63757305E-07
7165;6.63757305E-07
7166;1.46865841E-06
7167;3.66210941E-07
7168;0
7169;8.23974631E-07
7170;0
7171;8.52584833E-07
7172;1.20544428E-06
7173;7.82012961E-08
7174;8.44955423E-07
7175;0.59894532
7176;5.58166981
7177;4.63723898
7178;3.21246982
7179;1.17158687
7180;9.53674117E-09
7181;8.48770156E-08
7182;6.00814758E-08
7183;1.00135799E-06
7184;1.23405459E-06
7185;1.22261042E-06
7186;1.10244753E-06
7187;0
7188;1.46484376E-06
7189;6.25610369E-07
7190;0
7191;1.98364262E-07
7192;0
7193;1.04904177E-06
7194;0
7195;1.5306473E-06
7196;0
7197;0
7198;2.90936208
7199;5.78891277
7200;2.64938927
7201;1.73631799
7202;0.900982738
7203;8.35918808
7204;4.00543229E-07
7205;0
7206;1.45912168E-06
7207;7.91549667E-07
7208;7.80105609E-07
7209;0
7210;5.79833966E-07
7211;1.5258788E-08
7212;0
7213;3.81469718E-08
7214;2.63214105E-07
7215;3.05175774E-07
7216;0
7217;0
7218;7.87734962E-07
7219;3.5190584E-07
7220;7.84873976E-07
7221;8.45909142E-07
7222;1.92990255
7223;4.74426126
7224;6.33239722E-07
7225;0
7226;0
7227;1.2350082E-06
7228;3.63349898E-07
7229;0
7230;5.53131088E-08
7231;1.39141082E-06
7232;4.31060784E-07
7233;1.35612493E-06
7234;1.98364262E-07
7235;2.59399428E-07
7236;0
7237;0
7238;1.8310547E-07
7239;1.67846679E-07
7240;0
7241;3.66210941E-07
7242;0
7243;0
7244;0
7245;0
7246;1.22261042E-06
7247;1.20353695E-06
7248;0
7249;6.00814829E-08
7250;7.53402674E-08
7251;0
7252;0
7253;9.25064114E-07
7254;5.72204613E-08
7255;0
7256;6.77108716E-08
7257;2.47955327E-08
7258;6.00814829E-08
7259;4.73022453E-07
7260;0
7261;2.28881845E-07
7262;6.1035152E-08
7263;1.49536129E-06
7264;1.37329096E-07
7265;8.20159926E-07
7266;1.68991085E-06
7267;3.48091135E-07
7268;0
7269;0
7270;0
7271;0
7272;0.144394621
7273;1.10626218E-06
7274;8.86917121E-07
7275;1.28746024E-07
7276;3.91006466E-07
7277;7.91549667E-07
7278;5.55515271E-07
7279;0
7280;0
7281;4.18663035E-07
7282;0
7283;0
7284;0
7285;1.22070304E-07
7286;5.49316383E-07
7287;0
7288;7.62939464E-07
7289;5.05447346E-08
7290;6.50405866E-07
7291;0
7292;8.45909142E-07
7293;0
7294;5.27813578
7295;3.80064011
7296;2.16793942
7297;1.50358021
7298;0.947875917
7299;7.76350117
7300;0
7301;0
7302;0
7303;5.49316383E-07
7304;9.30786143E-07
7305;3.81469718E-08
7306;0
7307;1.52587887E-07
7308;3.62396236E-07
7309;7.20977766E-07
7310;0
7311;1.34277343E-06
7312;1.37329096E-07
7313;0
7314;0
7315;0
7316;9.49859611E-07
7317;1.18255613E-07
7318;7.86178064
7319;6.10763741
7320;0
7321;0
7322;10.1618719
7323;3.82200503
7324;0
7325;3.74318194
7326;1.16452193
7327;9.06652737
7328;0
7329;13.9200001
7330;0
7331;2.33486342
7332;11.5998135
7333;0
7334;1.95651853
7335;11.6722651
7336;8.72611523
7337;2.50675273
7338;1.8310547E-07
7339;1.79290765E-07
7340;0
7341;7.45062923
7342;3.83304834
7343;2.75379038
7344;5.15285683
7345;3.66147828
7346;3.00234318
7347;0
7348;0
7349;1.00708007E-06
7350;0
7351;0
7352;6.1035152E-08
7353;0
7354;1.61743162E-06
7355;6.10351549E-07
7356;8.39233394E-07
7357;1.43432612E-06
7358;1.2207031E-06
7359;1.19018557E-06
7360;1.52587916E-08
7361;4.00543207E-08
7362;0
7363;0
7364;0
7365;4.69207748E-07
7366;1.42424929
7367;4.16647482
7368;0
7369;1.77288052E-06
7370;0
7371;0
7372;2.76565544E-07
7373;0
7374;0
7375;0
7376;3.63349898E-07
7377;0
7378;0
7379;6.00814829E-08
7380;3.0517576E-08
7381;4.38690186E-08
7382;0
7383;0
7384;2.54631033E-07
7385;0
7386;0
7387;0
7388;1.63173672E-06
7389;0
7390;0
7391;0
7392;0.854472041
7393;0
7394;9.82284519E-07
7395;2.32696536E-07
7396;5.05447346E-08
7397;0
7398;6.00814829E-08
7399;3.76701365E-07
7400;0
7401;0
7402;1.34468081E-07
7403;0
7404;8.62121567E-07
7405;0
7406;0
7407;0
7408;6.10351591E-08
7409;0
7410;0
7411;2.6702881E-07
7412;5.43594354E-07
7413;9.05990589E-07
7414;0
7415;1.13032424
7416;0
7417;0
7418;1.88350668E-07
7419;0
7420;4.42266469E-07
7421;0
7422;3.09944141E-08
7423;9.71555664E-07
7424;1.39713291E-06
7425;1.43432612E-06
7426;1.19686126E-06
7427;8.01086415E-08
7428;5.53131088E-08
7429;8.23974631E-07
7430;0
7431;3.31878653E-07
7432;0
7433;4.55856309E-07
7434;1.39904023E-06
7435;0
7436;0
7437;4.86373892E-07
7438;6.6757201E-07
7439;0
7440;0
7441;1.37329107E-06
7442;0
7443;0
7444;0
7445;2.86102306E-08
7446;0
7447;5.72204613E-08
7448;0
7449;0
7450;8.35418689E-07
7451;0
7452;1.15585328E-06
7453;3.66210941E-07
7454;0
7455;0
7456;4.57763676E-08
7457;1.60598756E-06
7458;1.6155243E-06
7459;6.6757201E-07
7460;0
7461;5.05447346E-08
7462;3.92337894
7463;2.05539131
7464;3.31790709
7465;2.36737061
7466;1.60438395
7467;5.38825986E-07
7468;0
7469;9.77516152E-07
7470;6.48498542E-07
7471;6.05583182E-07
7472;2.42233284E-07
7473;0
7474;0
7475;8.12530516E-07
7476;1.21307369E-06
7477;1.0795593E-06
7478;0
7479;0
7480;2.86102306E-07
7481;9.46044906E-07
7482;0
7483;0
7484;0
7485;0
7486;8.29162979
7487;5.68049049
7488;4.80326605
7489;7.15255737E-07
7490;2.76565544E-07
7491;0
7492;8.15391559E-07
7493;5.24520885E-07
7494;0
7495;0
7496;0
7497;0
7498;8.23974631E-07
7499;3.05175774E-07
7500;7.93457048E-07
7501;0
7502;6.7520142E-07
7503;8.8500974E-07
7504;0
7505;0
7506;2.26974493E-07
7507;0
7508;1.34468081E-07
7509;3.63349898E-07
7510;0.529883683
7511;3.24988437
7512;0
7513;0
7514;1.43527984E-06
7515;5.7697298E-07
7516;0
7517;0
7518;0
7519;0
7520;6.94274888E-07
7521;5.76019261E-07
7522;6.86645478E-08
7523;0
7524;1.49536129E-06
7525;7.62939436E-08
7526;6.25610369E-07
7527;2.59399428E-07
7528;0
7529;1.35612493E-06
7530;0
7531;0
7532;1.34468081E-07
7533;0
7534;1.01280216E-06
7535;0
7536;2.62260443E-07
7537;1.10626218E-07
7538;0
7539;8.45909142E-07
7540;0
7541;0
7542;5.53131088E-08
7543;4.55856309E-07
7544;9.65118375E-07
7545;0
7546;9.82284519E-07
7547;0
7548;0
7549;0
7550;0
7551;3.66210941E-07
7552;0
7553;5.18798856E-07
7554;0
7555;8.02993782E-07
7556;1.45816807E-06
7557;2.62260443E-07
7558;0
7559;9.16481042E-07
7560;0
7561;0
7562;4.75883496E-07
7563;2.86102306E-07
7564;0
7565;1.10626218E-07
7566;2.77519234E-07
7567;5.53131088E-07
7568;0
7569;1.28173826E-06
7570;0
7571;0
7572;0
7573;0
7574;0
7575;0
7576;1.43432612E-06
7577;0
7578;2.49862666E-07
7579;8.54492214E-07
7580;0
7581;4.21524049E-07
7582;0
7583;5.15937813E-07
7584;5.53131088E-08
7585;0
7586;0
7587;6.599426E-07
7588;0
7589;4.24385064E-07
7590;0
7591;0
7592;0
7593;1.37329096E-07
7594;0
7595;1.00708007E-06
7596;1.1711121E-06
7597;0
7598;0
7599;1.22070304E-07
7600;0
7601;0
7602;0
7603;3.96728524E-07
7604;9.46044906E-07
7605;3.05175774E-07
7606;0
7607;1.26134491
7608;8.81014156
7609;3.91970062
7610;9.99857235
7611;2.72510839
7612;0
7613;7.47680645E-07
7614;2.92778026E-07
7615;0
7616;2.28881838E-08
7617;4.4250487E-07
7618;2.17437744E-07
7619;1.21688845E-06
7620;4.5013428E-07
7621;3.18527213E-07
7622;0
7623;0
7624;1.11007694E-06
7625;0
7626;0
7627;6.86645478E-08
7628;9.279251E-07
7629;1.39477253
7630;10.5301981
7631;2.07870007
7632;0
7633;9.01626587
7634;4.68587208
7635;7.39847755
7636;2.77519234E-07
7637;0
7638;0
7639;0
7640;4.7683713E-08
7641;1.06811524E-06
7642;1.67846679E-06
7643;0
7644;0
7645;0
7646;1.96456909E-07
7647;9.0026856E-07
7648;1.02996822E-07
7649;5.79833966E-07
7650;8.23974631E-07
7651;0
7652;0
7653;5.32385349
7654;1.25891221
7655;0.24610348
7656;0
7657;1.2207031E-06
7658;2.28881845E-07
7659;9.0026856E-07
7660;0
7661;4.52041633E-07
7662;4.36782841E-07
7663;1.18637081E-06
7664;0
7665;0
7666;1.96456909E-07
7667;0
7668;1.36375422E-06
7669;9.0789797E-07
7670;0
7671;0
7672;0
7673;3.75747675E-07
7674;4.63485719E-07
7675;4.29153431E-07
7676;3.81469718E-08
7677;1.12247471E-06
7678;0
7679;1.01280216E-06
7680;9.46998625E-07
7681;0
7682;0
7683;0
7684;1.2350082E-06
7685;0
7686;0
7687;9.25064043E-08
7688;0
7689;0
7690;0
7691;0
7692;0
7693;4.11987287E-07
7694;1.61743162E-06
7695;0
7696;9.74655109E-07
7697;4.29153431E-07
7698;8.44955423E-07
7699;0
7700;0
7701;9.25064114E-07
7702;0
7703;4.00543229E-07
7704;0
7705;6.00814815E-07
7706;2.62260436E-08
7707;0
7708;3.98159017E-07
7709;0
7710;8.34465027E-07
7711;0
7712;7.05719003E-07
7713;7.44819658E-07
7714;1.24359133E-06
7715;0
7716;0
7717;1.00708007E-06
7718;9.0026856E-07
7719;0
7720;3.66210941E-07
7721;5.53131088E-08
7722;1.73568731E-06
7723;1.01280216E-06
7724;1.01280216E-06
7725;7.84873976E-07
7726;1.03950504E-06
7727;6.00814829E-08
7728;0
7729;5.53131088E-08
7730;0
7731;8.01086415E-08
7732;1.23596192E-06
7733;5.85556052E-07
7734;0
7735;0
7736;0
7737;6.10351549E-07
7738;3.35693358E-07
7739;0
7740;7.41004953E-07
7741;1.18446349E-06
7742;0
7743;1.57356254E-07
7744;0
7745;1.91688542E-07
7746;0
7747;0
7748;0
7749;0
7750;0
7751;0
7752;8.17298883E-07
7753;0
7754;1.23977657E-07
7755;5.0544736E-07
7756;8.86917121E-07
7757;0
7758;1.03950504E-06
7759;3.45706951E-07
7760;0
7761;4.86373892E-07
7762;3.81469718E-08
7763;0
7764;0
7765;0
7766;1.6021728E-06
7767;0
7768;1.43527984E-06
7769;0
7770;0
7771;4.38690194E-07
7772;1.16825106E-07
7773;6.83665291E-07
7774;0
7775;0
7776;0
7777;0
7778;1.21545793E-06
7779;7.42912277E-07
7780;3.38554372E-07
7781;0
7782;0
7783;0
7784;0
7785;0
7786;0
7787;0
7788;0
7789;0
7790;0
7791;0
7792;1.37329107E-06
7793;7.16447857E-07
7794;0
7795;0
7796;5.16891475E-07
7797;0
7798;0
7799;0
7800;0
7801;5.51223764E-07
7802;4.25338754E-07
7803;0
7804;9.17434704E-07
7805;0
7806;1.02615354E-06
7807;0
7808;6.56366353E-07
7809;6.65187827E-07
7810;9.53674331E-08
7811;0
7812;0
7813;0
7814;0
7815;6.16073635E-07
7816;7.05719003E-07
7817;0
7818;2.62260436E-08
7819;5.24520871E-08
7820;0
7821;9.27448298E-07
7822;0
7823;4.17232513E-07
7824;7.82012933E-07
7825;3.52859502E-07
7826;0
7827;2.5272368E-07
7828;9.27448298E-07
7829;0
7830;4.17232513E-07
7831;1.37329107E-06
7832;1.28746024E-07
7833;0
7834;5.53131088E-07
7835;4.41551208E-07
7836;4.43458561E-07
7837;1.01852413E-06
7838;8.34465027E-07
7839;0
7840;0
7841;1.6021728E-06
7842;0
7843;0
7844;2.9563904E-07
7845;2.47955313E-07
7846;9.82284519E-07
7847;1.0299683E-06
7848;0
7849;1.41859061E-07
7850;0
7851;6.2465665E-07
7852;0
7853;9.62018945E-08
7854;5.00678993E-07
7855;0
7856;1.49488449E-06
7857;0
7858;0
7859;9.44137582E-07
7860;0
7861;0
7862;0
7863;8.17298883E-07
7864;0
7865;0
7866;1.28746035E-06
7867;0
7868;0
7869;7.9482794E-07
7870;0
7871;0
7872;0
7873;1.31607052E-07
7874;0
7875;4.76838125E-10
7876;2.47955313E-07
7877;0
7878;0
7879;7.42912277E-07
7880;5.70297232E-07
7881;0
7882;2.59399428E-07
7883;1.77288052E-06
7884;1.06811527E-07
7885;0
7886;5.26428209E-07
7887;8.01086415E-08
7888;7.44819658E-07
7889;7.05719003E-07
7890;8.58306862E-07
7891;4.76837414E-09
7892;0
7893;6.56366353E-07
7894;3.91006481E-08
7895;0
7896;0
7897;9.27448298E-07
7898;9.27448298E-07
7899;1.03950498E-07
7900;0
7901;1.11198426E-06
7902;2.8848649E-07
7903;0
7904;0
7905;7.91549667E-07
7906;9.82284519E-07
7907;0
7908;0
7909;4.63485719E-07
7910;8.3732607E-07
7911;4.86373892E-07
7912;6.50405866E-07
7913;0
7914;0
7915;0
7916;9.62018945E-08
7917;0
7918;1.46532057E-06
7919;1.54018409E-07
7920;1.03092191E-06
7921;0
7922;0
7923;5.98907491E-07
7924;0
7925;0
7926;2.8848649E-07
7927;4.42028039E-07
7928;0
7929;5.34057619E-07
7930;5.43594354E-07
7931;0
7932;6.73294039E-07
7933;0
7934;0
7935;0
7936;0
7937;0
7938;1.13010401E-06
7939;0
7940;9.62018945E-08
7941;1.50203704E-07
7942;8.33511365E-07
7943;1.42240526E-06
7944;9.27448298E-07
7945;4.76838125E-10
7946;0
7947;7.17163061E-07
7948;5.77926642E-07
7949;4.19616697E-08
7950;0
7951;0
7952;0
7953;5.12078429E-07
7954;0
7955;5.67436246E-07
7956;1.6021728E-06
7957;0
7958;0
7959;0
7960;0
7961;6.2704089E-07
7962;0
7963;0
7964;8.42571239E-07
7965;1.80721287E-07
7966;0
7967;5.6171416E-07
7968;0
7969;3.97861299E-09
7970;0
7971;0
7972;7.82012961E-08
7973;0
7974;1.18446349E-06
7975;2.50339497E-07
7976;1.50203704E-07
7977;0
7978;6.50882725E-07
7979;0
7980;5.07831601E-07
7981;3.91006466E-07
7982;6.00814815E-07
7983;0
7984;0
7985;1.23786924E-06
7986;0
7987;0
7988;2.8848649E-07
7989;4.76838125E-10
7990;2.47955327E-08
7991;0
7992;0
7993;2.89916983E-07
7994;0
7995;1.13439557E-06
7996;0
7997;0
7998;4.95433824E-07
7999;2.72750867E-07
8000;5.77926642E-07
8001;4.61578367E-07
8002;0
8003;1.49488449E-06
8004;1.11579891E-06
8005;6.48498542E-07
8006;6.38961808E-07
8007;6.00814815E-07
8008;4.4250487E-07
8009;0
8010;0
8011;0
8012;0
8013;4.73678114E-07
8014;0
8015;0
8016;7.1048737E-07
8017;2.09808348E-07
8018;6.48498542E-07
8019;1.43527984E-06
8020;3.14712508E-07
8021;0
8022;1.6012192E-06
8023;6.43730175E-07
8024;0
8025;4.60624705E-07
8026;0
8027;3.5190584E-07
8028;0
8029;1.20544428E-06
8030;1.5869141E-06
8031;2.28881838E-08
8032;1.66702273E-06
8033;0
8034;8.48770156E-08
8035;2.76565544E-07
8036;2.84194954E-07
8037;9.25064043E-08
8038;9.44137568E-08
8039;0
8040;9.44137568E-08
8041;2.97546393E-07
8042;0
8043;0
8044;0
8045;1.20162966E-07
8046;0
8047;0
8048;1.56974795E-06
8049;0
8050;0
8051;1.04904177E-06
8052;0
8053;0
8054;0
8055;1.10244753E-06
8056;0
8057;0
8058;0
8059;0
8060;1.00708007E-06
8061;0
8062;0
8063;0
8064;0
8065;0
8066;3.05175774E-07
8067;0
8068;0
8069;0
8070;0
8071;0
8072;0
8073;1.52587916E-08
8074;8.54492214E-07
8075;0
8076;0
8077;8.54492214E-07
8078;6.56127952E-07
8079;0
8080;1.22070304E-07
8081;0
8082;1.03759771E-06
8083;2.28881845E-07
8084;0
8085;0
8086;7.05719003E-07
8087;1.7166137E-08
8088;3.01361069E-07
8089;8.52584833E-07
8090;8.3732607E-07
8091;0
8092;8.12530516E-07
8093;8.18252545E-07
8094;0
8095;7.41004953E-07
8096;5.83648671E-07
8097;6.73294039E-07
8098;7.70568818E-07
8099;4.11987315E-07
8100;8.01086401E-07
8101;1.20162966E-07
8102;0
8103;0
8104;6.43730175E-07
8105;6.77108716E-08
8106;0
8107;1.76620483E-06
8108;5.62667822E-07
8109;1.14440915E-07
8110;0
8111;1.62124635E-07
8112;0
8113;5.72204613E-08
8114;0
8115;1.2207031E-06
8116;1.17778779E-06
8117;1.1920929E-07
8118;3.48091135E-07
8119;1.17778779E-06
8120;0
8121;0
8122;0
8123;0
8124;8.07762149E-07
8125;6.43730175E-07
8126;3.14712508E-07
8127;6.13212592E-07
8128;0
8129;6.00814758E-08
8130;6.52313247E-07
8131;8.17298883E-07
8132;0
8133;2.34603874E-07
8134;0
8135;0
8136;0
8137;7.80105609E-07
8138;0
8139;0
8140;8.45909142E-07
8141;1.26361851E-06
8142;9.72747785E-08
8143;0
8144;5.76019261E-07
8145;0
8146;4.61578367E-07
8147;0
8148;0
8149;0
8150;0
8151;7.05719003E-07
8152;0
8153;0
8154;3.01361069E-07
8155;0
8156;0
8157;4.29153431E-07
8158;0
8159;3.05175774E-07
8160;1.98364262E-07
8161;1.98364262E-07
8162;0
8163;1.4038086E-06
8164;1.28173826E-06
8165;0
8166;1.4038086E-06
8167;0
8168;5.79833966E-07
8169;0
8170;9.46044906E-07
8171;5.49316383E-07
8172;7.93457048E-07
8173;2.89916983E-07
8174;0
8175;1.00708007E-06
8176;4.21524049E-07
8177;0
8178;0
8179;1.04904177E-06
8180;4.48226928E-07
8181;1.18827825E-06
8182;7.75337242E-07
8183;0
8184;1.01852413E-06
8185;2.49862666E-07
8186;2.34603874E-07
8187;0
8188;0
8189;7.62939464E-07
8190;7.62939464E-07
8191;0
8192;5.43594354E-07
8193;0
8194;0
8195;0
8196;0
8197;6.77108716E-08
8198;8.34465027E-07
8199;0
8200;1.41716009E-06
8201;0
8202;6.6757201E-07
8203;0
8204;7.29560838E-07
8205;8.81195092E-07
8206;0
8207;0
8208;0
8209;1.34468081E-07
8210;1.94549557E-07
8211;0
8212;2.92778026E-07
8213;0
8214;9.44137568E-08
8215;6.6757201E-07
8216;6.599426E-07
8217;9.53674117E-09
8218;0
8219;8.81195092E-07
8220;0
8221;0
8222;0
8223;6.50405866E-07
8224;4.41551208E-07
8225;2.51770018E-07
8226;6.77108716E-08
8227;4.29153459E-08
8228;0
8229;3.33786005E-07
8230;0
8231;0
8232;8.58306919E-08
8233;0
8234;0
8235;5.57899455E-07
8236;3.29017638E-07
8237;6.48498542E-07
8238;0
8239;0
8240;1.37329107E-06
8241;0
8242;6.6757201E-07
8243;1.76429751E-07
8244;1.16348269E-06
8245;0
8246;0
8247;0
8248;6.48498542E-07
8249;0
8250;3.81469718E-08
8251;6.65187827E-07
8252;0
8253;0
8254;0
8255;0
8256;9.65595248E-08
8257;4.76837414E-09
8258;0
8259;1.24573705E-06
8260;0
8261;4.09483903E-07
8262;1.07586379E-06
8263;1.45435331E-06
8264;4.09483903E-07
8265;3.98159017E-07
8266;2.62260436E-08
8267;0
8268;0
8269;4.00543229E-07
8270;0
8271;0
8272;1.40190127E-06
8273;9.71555664E-07
8274;0
8275;0
8276;0
8277;0
8278;1.21545793E-06
8279;0
8280;2.98023224E-07
8281;0
8282;1.60545113E-07
8283;0
8284;1.28448008E-07
8285;0
8286;1.60545113E-07
8287;0
8288;0
8289;0
8290;0
8291;0
8292;0
8293;0
8294;3.00407407E-07
8295;0
8296;0
8297;0
8298;0
8299;9.44256783E-07
8300;0
8301;2.19821928E-07
8302;0
8303;1.60545113E-07
8304;2.51889219E-07
8305;0
8306;1.2485981E-06
8307;7.82012961E-08
8308;8.42571239E-07
8309;0
8310;1.05333334E-06
8311;4.42028039E-07
8312;0
8313;1.13487246E-07
8314;2.89440152E-07
8315;0
8316;1.21295454E-06
8317;0
8318;0
8319;1.07586379E-06
8320;0
8321;4.73678114E-07
8322;1.2485981E-06
8323;2.57492076E-07
8324;0
8325;7.42912277E-07
8326;0
8327;0
8328;4.95433824E-07
8329;0
8330;0
8331;9.27448298E-07
8332;1.03950498E-07
8333;0
8334;0
8335;1.21545793E-06
8336;0
8337;3.38554372E-07
8338;0
8339;0
8340;7.00950636E-07
8341;0
8342;1.08718872E-07
8343;5.6171416E-07
8344;1.13487246E-07
8345;0
8346;0
8347;8.46385944E-07
8348;0
8349;0
8350;0
8351;1.50680535E-07
8352;2.11715701E-07
8353;0
8354;3.29017638E-07
8355;3.33786005E-07
8356;0
8357;3.81469732E-07
8358;2.55584723E-07
8359;1.42669683E-06
8360;1.76239018E-06
8361;0
8362;0
8363;0
8364;1.07586379E-06
8365;8.34465027E-07
8366;1.68085094E-07
8367;1.89304359E-07
8368;1.94549557E-07
8369;0
8370;1.76239018E-06
8371;1.02996829E-07
8372;1.0089874E-06
8373;0
8374;6.42776513E-07
8375;0
8376;0
8377;0
8378;3.20434566E-07
8379;0
8380;4.32491305E-07
8381;1.29652028E-06
8382;1.4448166E-07
8383;0
8384;4.42028039E-07
8385;1.60545113E-07
8386;0
8387;0
8388;9.77516152E-07
8389;0
8390;0
8391;0
8392;0
8393;0
8394;1.23977657E-06
8395;5.24520871E-08
8396;6.72340377E-07
8397;0
8398;5.70297232E-07
8399;8.73088823E-07
8400;0
8401;0
8402;0
8403;4.10079934E-08
8404;1.02615354E-06
8405;0
8406;0
8407;0
8408;0
8409;9.44256783E-07
8410;1.23977657E-06
8411;0
8412;1.16348269E-06
8413;0
8414;0
8415;8.15391559E-07
8416;0
8417;0
8418;0
8419;5.72204613E-08
8420;0
8421;0
8422;0
8423;0
8424;0
8425;0
8426;0
8427;0
8428;1.04284288E-06
8429;4.95433824E-07
8430;0
8431;0
8432;0
8433;0
8434;4.76837414E-09
8435;6.10351549E-07
8436;0
8437;5.24520885E-07
8438;0
8439;0
8440;7.1048737E-07
8441;5.79357163E-07
8442;1.22335553E-06
8443;0
8444;0
8445;0
8446;9.49859611E-07
8447;1.03950498E-07
8448;4.73022453E-07
8449;2.8848649E-07
8450;5.58376314E-07
8451;0
8452;0
8453;1.01804733E-06
8454;6.00814815E-07
8455;0
8456;0
8457;0
8458;5.53131088E-07
8459;5.81741304E-08
8460;0
8461;0
8462;6.35147103E-07
8463;0
8464;0
8465;0
8466;5.0544736E-07
8467;1.5449524E-06
8468;5.72204613E-08
8469;4.76837165E-08
8470;3.48091135E-07
8471;4.48226928E-07
8472;0
8473;0
8474;7.34329205E-07
8475;0
8476;4.38690194E-07
8477;5.57899455E-07
8478;7.96318034E-07
8479;2.9563904E-07
8480;7.62939436E-08
8481;0
8482;6.35147103E-07
8483;2.97546393E-07
8484;7.44819658E-07
8485;6.599426E-07
8486;0
8487;0
8488;1.04904174E-07
8489;9.25064114E-07
8490;1.5449524E-06
8491;7.24792471E-07
8492;0
8493;2.86102306E-07
8494;0
8495;5.0544736E-07
8496;6.05583182E-07
8497;0
8498;0
8499;0
8500;0
8501;2.6702881E-07
8502;2.62260443E-07
8503;0
8504;1.41143801E-07
8505;7.75337242E-07
8506;2.61306752E-07
8507;1.42097474E-06
8508;9.65118375E-07
8509;1.20353695E-06
8510;8.77380373E-08
8511;0
8512;2.04086305E-07
8513;1.36375422E-06
8514;1.17683408E-06
8515;0
8516;0
8517;0
8518;0
8519;4.21524049E-07
8520;0
8521;5.18798856E-07
8522;3.01361069E-07
8523;1.7166137E-08
8524;0
8525;0
8526;0
8527;0
8528;3.75747675E-07
8529;4.71115101E-07
8530;0
8531;9.53674117E-09
8532;1.24359133E-06
8533;4.73022453E-07
8534;0
8535;1.5869141E-06
8536;1.54876705E-06
8537;0
8538;0
8539;0
8540;0
8541;5.46455396E-07
8542;0
8543;0
8544;4.18663035E-07
8545;6.87599197E-07
8546;1.01280216E-06
8547;2.42233284E-07
8548;9.05990589E-08
8549;0
8550;0
8551;0
8552;0
8553;1.65271763E-06
8554;8.30650322E-07
8555;3.81469718E-08
8556;5.34057634E-08
8557;1.18637081E-06
8558;1.81007385E-06
8559;3.71932991E-08
8560;0
8561;6.10351591E-08
8562;8.20159869E-08
8563;0
8564;4.21524049E-07
8565;9.0026856E-07
8566;9.82284519E-07
8567;1.29699714E-07
8568;0
8569;2.34603874E-07
8570;3.31878653E-07
8571;0
8572;1.18827825E-06
8573;6.33239722E-07
8574;0
8575;0
8576;4.95910626E-07
8577;7.62939436E-08
8578;0
8579;0
8580;0
8581;1.18350988E-06
8582;0
8583;0
8584;0
8585;1.39713291E-06
8586;0
8587;1.13487249E-06
8588;1.37329107E-06
8589;5.34057619E-07
8590;0
8591;0
8592;0
8593;5.12078429E-07
8594;0
8595;9.44256783E-07
8596;1.05333334E-06
8597;0
8598;5.35964944E-07
8599;0
8600;4.42028039E-07
8601;0
8602;2.14576716E-07
8603;5.07831601E-07
8604;1.35898588E-07
8605;0
8606;4.48226928E-07
8607;0
8608;0
8609;3.97861299E-09
8610;0
8611;0
8612;0
8613;0
8614;0
8615;7.17163061E-07
8616;8.56399538E-07
8617;4.90188597E-07
8618;0
8619;1.45721435E-06
8620;0
8621;3.29017638E-07
8622;7.78198228E-07
8623;1.37901304E-06
8624;0
8625;9.1075897E-08
8626;0
8627;8.77380387E-07
8628;0
8629;3.57627869E-07
8630;0
8631;4.86373892E-07
8632;7.82012933E-07
8633;1.24573705E-06
8634;2.19821928E-07
8635;0
8636;0
8637;0
8638;0
8639;1.03950498E-07
8640;0
8641;0
8642;4.73022453E-07
8643;0
8644;1.81198118E-07
8645;1.08718871E-06
8646;0
8647;0
8648;8.08715811E-07
8649;4.82559187E-07
8650;0
8651;0
8652;3.05175774E-07
8653;1.23977657E-07
8654;0
8655;5.67436246E-07
8656;0
8657;0
8658;0
8659;1.13487246E-07
8660;0
8661;1.13439557E-06
8662;3.38554372E-07
8663;9.1075897E-08
8664;4.54902647E-07
8665;0
8666;5.98907491E-07
8667;4.54902647E-07
8668;8.46385944E-07
8669;1.54018409E-07
8670;0
8671;1.4448166E-07
8672;0
8673;8.58306848E-09
8674;0
8675;9.77516152E-07
8676;1.32560729E-06
8677;0
8678;0
8679;0
8680;0
8681;6.83665291E-07
8682;6.50882725E-07
8683;3.5142898E-07
8684;1.60694117E-06
8685;0
8686;4.90188597E-07
8687;0
8688;1.79672236E-06
8689;0
8690;8.58306919E-08
8691;6.25610369E-07
8692;0
8693;0
8694;3.16619889E-07
8695;0
8696;0
8697;0
8698;0
8699;0
8700;0
8701;3.52859502E-07
8702;7.82012933E-07
8703;0
8704;4.76837414E-09
8705;0
8706;0
8707;0
8708;0
8709;0
8710;6.91413902E-07
8711;0
8712;1.0299683E-06
8713;7.05719003E-07
8714;0
8715;0
8716;0
8717;0
8718;4.86373892E-07
8719;0
8720;8.10623192E-07
8721;0
8722;0
8723;1.10626218E-06
8724;5.7697298E-07
8725;5.7697298E-07
8726;3.81469718E-08
8727;0
8728;9.82284519E-07
8729;1.2207031E-06
8730;1.33514405E-07
8731;0
8732;0
8733;4.86373892E-07
8734;0
8735;1.43051153E-07
8736;6.48498542E-07
8737;0
8738;6.48498542E-07
8739;4.48226928E-07
8740;6.6757201E-07
8741;0
8742;0
8743;0
8744;0
8745;2.76565544E-07
8746;0
8747;3.24249271E-07
8748;3.33786005E-07
8749;0
8750;0
8751;3.33786005E-07
8752;7.62939464E-07
8753;0
8754;2.9563904E-07
8755;0
8756;0
8757;0
8758;0
8759;1.63078312E-06
