Index;Wert
0;5.57877389
1;5.10743225
2;5.10347902
3;5.10147357
4;5.09338018
5;5.0582366
6;5.46313941
7;5.55795295
8;5.38154221
9;5.81314939
10;6.6749991
11;6.25351587
12;5.66066754
13;4.85902764
14;5.18650409
15;5.13551811
16;5.16728185
17;5.89008492
18;7.29364053
19;6.04069054
20;7.26792872
21;6.13279456
22;7.82097492
23;8.39030131
24;6.79388202
25;5.0392523
26;4.98354537
27;5.00154898
28;5.03724359
29;5.07473076
30;5.56223163
31;5.58824993
32;5.63160511
33;5.37225527
34;5.26608979
35;5.45614104
36;6.82134061
37;4.78793183
38;5.30940439
39;6.65827823
40;5.38415226
41;5.64064584
42;5.63908113
43;5.96000859
44;5.82929003
45;5.71751604
46;5.68262825
47;6.20824673
48;6.56497227
49;5.37102876
50;5.32091539
51;5.21713892
52;5.09558335
53;5.06914896
54;5.12245538
55;5.13114494
56;5.54856838
57;5.41282914
58;5.03131935
59;4.91623303
60;5.82028078
61;6.49268562
62;6.27627625
63;4.67694521
64;5.2379526
65;6.23367268
66;6.49477648
67;6.39136136
68;6.69527228
69;7.24556562
70;7.91965194
71;8.43022309
72;5.29728757
73;5.13744655
74;5.12361914
75;5.1144761
76;5.09202717
77;5.08725557
78;5.02221114
79;5.32337623
80;5.8712091
81;5.58435168
82;5.29415341
83;4.40918442
84;5.27774629
85;5.05571955
86;4.95706516
87;5.06542408
88;5.32439466
89;5.3617102
90;6.13047318
91;6.47764689
92;6.50953424
93;5.85253889
94;7.32556791
95;6.47240727
96;5.17440368
97;5.14249937
98;5.1013886
99;5.05082817
100;5.04685293
101;5.04290422
102;5.31170702
103;5.70893673
104;5.98532672
105;6.75179921
106;5.24709061
107;5.06439812
108;5.37462036
109;5.10540705
110;5.26831049
111;5.29487991
112;5.2326153
113;5.45919693
114;6.82930009
115;6.71789705
116;6.15617201
117;5.76490243
118;6.22750536
119;6.85032146
120;5.75726127
121;5.11583403
122;5.14142249
123;5.10983893
124;5.11308075
125;5.05804469
126;5.27656726
127;6.12481234
128;6.18240158
129;5.59140223
130;5.16903861
131;4.83256078
132;5.08385017
133;5.36595863
134;5.26383264
135;5.37213165
136;5.36340226
137;5.72282446
138;7.41755906
139;6.24153234
140;5.68567516
141;5.60193632
142;5.93021535
143;7.64867736
144;6.1075684
145;5.34272712
146;5.10990851
147;5.05995085
148;5.06785669
149;5.08028488
150;5.21885602
151;5.58440068
152;5.46519413
153;5.64539321
154;5.41551797
155;4.73234777
156;5.38862379
157;6.00132984
158;7.58312825
159;6.32595411
160;7.28071458
161;6.13799683
162;5.72471027
163;6.17329594
164;7.33322205
165;5.85051219
166;7.40935262
167;6.53181172
168;5.49772282
169;5.08769234
170;5.04693137
171;5.07704023
172;5.08354684
173;5.04460327
174;5.46890608
175;5.55995295
176;5.38774221
177;5.83893261
178;6.39016078
179;5.78655947
180;5.1414377
181;4.34998124
182;4.64922972
183;4.94348558
184;4.94654394
185;5.91888492
186;7.32964053
187;6.09829054
188;7.35432872
189;6.19439456
190;7.43915689
191;8.3659231
192;6.80260607
193;5.0312523
194;4.99234537
195;5.00299978
196;4.99983865
197;5.01541282
198;5.55757098
199;5.61494506
200;5.63467552
201;5.35078392
202;5.10930332
203;5.61869214
204;7.02995429
205;4.93568409
206;5.04927597
207;6.36707219
208;5.27367022
209;5.5181843
210;5.59865349
211;5.93680859
212;5.73009003
213;5.57111604
214;6.39499943
215;6.66411007
216;6.78100421
217;5.43643233
218;5.32788929
219;5.15114267
220;5.00518335
221;5.07474896
222;5.17285538
223;5.1362725
224;5.59816838
225;5.55630939
226;5.20434708
227;4.96625074
228;6.31873763
229;6.41337848
230;6.53200041
231;5.15618041
232;5.22140196
233;6.21393418
234;6.50597648
235;6.38656136
236;6.75847228
237;7.32956562
238;7.53054365
239;8.2485407
240;5.30501478
241;5.10249148
242;5.10361914
243;5.0922761
244;5.03846051
245;5.01445822
246;5.01943942
247;5.33840148
248;5.89750546
249;5.75087922
250;5.79677823
251;5.12293911
252;5.15167882
253;5.0647407
254;4.88496512
255;4.7710426
256;5.25526071
257;5.33406586
258;6.21253754
259;6.61044689
260;6.65113424
261;5.97131759
262;6.77997175
263;6.26225628
264;5.11107035
265;5.11339937
266;5.05725527
267;5.03532817
268;5.05365293
269;5.04187089
270;5.28971777
271;5.61389926
272;5.87484411
273;6.77900202
274;5.27558805
275;5.07542649
276;5.91062209
277;4.7527684
278;4.77731741
279;5.00756888
280;5.11341096
281;5.44239693
282;6.85155089
283;6.66541666
284;6.15777201
285;5.76934504
286;6.22148809
287;6.85795687
288;5.81358492
289;5.12371799
290;5.12835773
291;5.11778595
292;5.1514248
293;5.12499976
294;5.33906726
295;6.128979
296;6.22906824
297;5.79075913
298;5.55398725
299;4.34721012
300;4.93816032
301;5.10438108
302;5.50502762
303;5.20471827
304;5.41171746
305;5.73061782
306;7.41005906
307;6.225699
308;5.69900849
309;5.65443632
310;5.95938202
311;7.63951069
312;5.99923506
313;5.21606045
314;4.97872334
315;4.967951
316;5.019545
317;4.96314719
318;5.05523284
319;5.39639344
320;5.41104911
321;5.53261203
322;5.12480745
323;4.41551445
324;4.63807338
325;5.10617684
326;6.8026639
327;6.12312489
328;7.26160276
329;6.13494143
330;5.78894361
331;6.19589917
332;7.38032231
333;5.85573813
334;8.29718472
335;6.91625185
336;5.54917433
337;5.03609234
338;5.01659804
339;5.03064023
340;5.03088018
341;4.96990327
342;5.36897275
343;5.47295295
344;5.32570888
345;5.74877519
346;6.50660351
347;6.28642824
348;5.83129019
349;5.02232636
350;4.98690334
351;5.26040562
352;4.87010291
353;5.70421826
354;7.14344053
355;5.91899054
356;7.15266206
357;6.00019456
358;7.82176445
359;8.29700059
360;6.71410094
361;4.96827358
362;4.92667699
363;4.91807336
364;4.92874831
365;4.92747689
366;5.40674589
367;5.44784385
368;5.5171478
369;5.08312877
370;4.88596473
371;4.88262413
372;6.88165955
373;4.90387408
374;5.00089596
375;6.38685814
376;5.17303713
377;5.39997918
378;5.4039792
379;5.72813385
380;5.5811188
381;5.48202583
382;6.26219951
383;6.49553281
384;6.58375784
385;5.22135409
386;5.06672409
387;4.93543457
388;4.81631379
389;4.79662722
390;4.82676842
391;4.85500581
392;5.31500316
393;5.26101069
394;4.85224792
395;4.59211695
396;6.28562308
397;6.40348349
398;6.59259324
399;5.01843747
400;5.16020122
401;5.93374757
402;6.16587213
403;6.05240545
404;6.45786624
405;7.04330475
406;7.81413746
407;8.17570885
408;4.96745065
409;4.7344668
410;4.73907368
411;4.67811246
412;4.63649687
413;4.65109458
414;4.66867578
415;4.99963785
416;5.53644547
417;5.16746577
418;4.89706922
419;4.23853521
420;4.76318634
421;4.29124836
422;4.37444088
423;4.48728894
424;4.69274366
425;5.03283747
426;5.80756409
427;6.17266507
428;6.14037061
429;5.47811759
430;6.86270867
431;5.85535921
432;4.54630622
433;4.57617139
434;4.57712987
435;4.57398788
436;4.58434109
437;4.59410087
438;4.75495937
439;5.06085841
440;5.47069866
441;6.45292687
442;4.91163792
443;4.94093282
444;5.42557884
445;4.73450544
446;4.66016329
447;4.79135914
448;4.88020634
449;5.31752666
450;6.7638533
451;6.59936449
452;5.93655462
453;5.51344048
454;5.91214246
455;6.50243188
456;5.41537494
457;4.76639382
458;4.79808577
459;4.80347529
460;4.79830802
461;4.7071356
462;4.92990059
463;5.74534264
464;5.78490158
465;5.17799328
466;4.82708857
467;4.39641613
468;4.72012346
469;4.8310297
470;5.02250598
471;5.03040628
472;5.22574132
473;5.37471233
474;7.03578104
475;5.86751719
476;5.34158425
477;5.36860298
478;5.70756384
479;7.40390463
480;5.78915931
481;5.05189379
482;4.87165093
483;4.84481788
484;4.82223141
485;4.80980869
486;4.89870957
487;5.2734646
488;5.17197672
489;5.41250327
490;5.35177622
491;4.49609155
492;4.8206858
493;5.22340223
494;6.97976448
495;6.02125053
496;6.97354682
497;6.03179707
498;5.59180593
499;5.99876148
500;7.20731506
501;5.61508596
502;8.01380193
503;6.63405488
504;5.25409857
505;4.73518325
506;4.68402228
507;4.68382205
508;4.67118321
509;4.63922145
510;4.94821517
511;5.03909514
512;5.06017858
513;5.4725172
514;6.11676259
515;5.46344846
516;5.08899201
517;4.19599361
518;4.69330768
519;4.88194594
520;4.81720005
521;5.69561465
522;7.14104922
523;5.87453401
524;7.00650264
525;5.8691076
526;7.75047467
527;8.31691001
528;6.69188202
529;5.0512523
530;5.09274537
531;5.09917932
532;5.00143865
533;5.03463896
534;5.50333689
535;5.50708303
536;5.59364396
537;5.20794609
538;4.85297518
539;5.45605611
540;7.0281974
541;4.70423261
542;5.02600879
543;6.42446545
544;5.22458701
545;5.51344584
546;5.53187012
547;5.89979495
548;5.76143719
549;5.68388271
550;6.38198985
551;6.55009803
552;6.60350421
553;5.20661817
554;5.14984948
555;5.01804327
556;4.8284877
557;4.76793157
558;4.79633364
559;4.81326668
560;5.40543794
561;5.24673454
562;5.01733091
563;4.75180261
564;5.94229846
565;6.33120225
566;6.39125039
567;4.97018116
568;5.18972596
569;6.21792148
570;6.49877648
571;6.43776136
572;6.79607228
573;7.38876562
574;7.37880587
575;8.1509078
576;5.24129543
577;5.09129148
578;5.05241914
579;4.9954761
580;5.04644541
581;5.09412489
582;5.02920609
583;5.32100148
584;5.9503091
585;5.55573429
586;5.12960788
587;4.19201149
588;3.98402318
589;2.58853141
590;2.01610548
591;1.93243611
592;3.27576005
593;5.09335045
594;6.18396214
595;6.57844689
596;6.56313424
597;5.88411759
598;6.98684871
599;6.43429142
600;5.09395074
601;5.12703709
602;5.15970816
603;5.13089507
604;5.04718587
605;5.05307089
606;5.30884035
607;5.6782034
608;5.99404411
609;6.65785233
610;4.95672334
611;3.30373558
612;2.74530081
613;1.33414024
614;1.06752285
615;1.32394802
616;1.93170094
617;3.59875182
618;5.90139948
619;6.43215601
620;6.10422802
621;5.76236815
622;4.17709942
623;5.15923287
624;4.31211696
625;3.87055263
626;4.10358935
627;4.24159597
628;4.34114328
629;4.38517045
630;5.27528521
631;6.07541904
632;6.0743204
633;5.53278566
634;4.70915462
635;2.64223249
636;2.962527
637;3.3379175
638;2.78103135
639;3.00459272
640;3.08207449
641;3.88468902
642;5.88159316
643;5.20238311
644;4.6238876
645;4.41004729
646;2.75720216
647;4.76489355
648;3.39378698
649;2.74067001
650;2.51470094
651;2.56261991
652;2.85098289
653;3.11123675
654;4.82096062
655;5.21337097
656;4.81340291
657;4.8250635
658;4.76080519
659;3.93738703
660;4.83405428
661;5.50907828
662;7.13551453
663;6.07021798
664;7.2080723
665;6.1512214
666;5.74136046
667;6.12775814
668;7.33178596
669;5.82016626
670;7.03682023
671;6.01822267
672;4.8432753
673;4.51583476
674;4.71863748
675;5.01492723
676;5.12674684
677;5.03980327
678;5.41320352
679;5.64489888
680;5.51872751
681;5.79639064
682;6.26723113
683;5.49605363
684;4.35578743
685;2.85895129
686;2.82875213
687;2.93445969
688;3.18601125
689;5.39161793
690;7.25844053
691;6.07589022
692;7.38952872
693;6.21279456
694;7.23514194
695;8.2341853
696;6.81708202
697;5.0512523
698;4.99634537
699;5.01739978
700;5.04223865
701;5.03063896
702;5.50733689
703;5.52788303
704;5.59976975
705;5.21989422
706;5.02905567
707;5.24137421
708;6.80368347
709;4.61695774
710;4.34598446
711;5.92651056
712;4.79630434
713;5.42117611
714;5.57252728
715;5.84385474
716;5.7217208
717;5.60708905
718;5.35659432
719;6.12776465
720;6.64095879
721;5.34465844
722;5.21211539
723;5.10353892
724;5.00835721
725;5.08539958
726;5.15868871
727;5.16154229
728;5.50625123
729;5.2926583
730;5.12543264
731;5.18749826
732;6.48043043
733;6.87264758
734;6.78558815
735;5.39678412
736;5.27212666
737;5.87144489
738;6.21804762
739;6.20537685
740;6.6286911
741;7.28897698
742;6.43341599
743;7.30694212
744;4.50467812
745;4.5970797
746;4.91087876
747;5.0984626
748;5.03738189
749;5.0123146
750;4.99907232
751;5.32220003
752;5.91097416
753;5.65918847
754;5.5237359
755;4.54923964
756;5.01775402
757;4.75492086
758;5.04023633
759;4.8228728
760;5.26025767
761;5.32119602
762;6.06511104
763;6.53967887
764;6.52246167
765;5.86258704
766;7.24538607
767;6.33514707
768;4.99309898
769;4.97358617
770;4.9565577
771;4.91921887
772;4.95314145
773;4.97397949
774;5.20201134
775;5.53387755
776;5.78068028
777;6.29024002
778;4.93274747
779;4.99473838
780;5.14971668
781;4.76434067
782;4.48227263
783;4.93260484
784;5.00326541
785;5.47606614
786;6.85275271
787;6.65470715
788;6.11813349
789;5.70889403
790;6.08783651
791;6.64199395
792;5.56741504
793;4.92833733
794;4.95688475
795;4.94967265
796;4.98387039
797;4.94737072
798;5.13504382
799;5.91539754
800;6.04728108
801;5.49538013
802;5.11479072
803;4.75304613
804;5.31993264
805;5.18262814
806;5.40566224
807;5.33181381
808;5.37591713
809;5.73569959
810;7.24038291
811;6.02611371
812;5.47355099
813;5.48762347
814;5.81628956
815;7.49732185
816;5.9611073
817;5.2503178
818;5.00680479
819;4.96659028
820;4.97851134
821;4.95967977
822;5.08046624
823;5.49108805
824;5.35188872
825;5.56182895
826;5.26399276
827;4.56418215
828;5.56660856
829;5.82062343
830;7.47506942
831;6.46075739
832;7.19959987
833;6.07839978
834;5.6251879
835;6.01618829
836;7.1425166
837;5.67676386
838;8.12288066
839;6.78683406
840;5.43825345
841;4.93192657
842;4.88565644
843;4.85919244
844;4.85563225
845;4.84576875
846;5.26380168
847;5.37850872
848;5.28006477
849;5.64342581
850;6.19842112
851;5.60619825
852;4.94419432
853;4.05754155
854;4.35700714
855;4.63136299
856;4.80423516
857;5.83595352
858;7.22590788
859;5.96089194
860;7.06983402
861;5.99319669
862;7.77644642
863;8.24022976
864;6.68825084
865;4.96334837
866;4.89270248
867;4.87894517
868;4.87815808
869;4.87763309
870;5.33526546
871;5.35167439
872;5.44564914
873;4.79727755
874;4.49000329
875;4.99386589
876;5.89944536
877;3.80718564
878;4.36622761
879;5.72195311
880;4.92537208
881;5.51015298
882;5.58724151
883;5.77330637
884;5.55910174
885;5.50465354
886;6.19566146
887;6.37333942
888;6.4645432
889;5.1705804
890;5.13546908
891;5.04512905
892;4.92642447
893;4.90337103
894;4.93241591
895;4.93042848
896;5.31137318
897;5.18097704
898;4.6539792
899;4.42795908
900;5.70588636
901;6.11811452
902;6.33739549
903;5.25701792
904;5.02563365
905;6.07465837
906;6.30120497
907;6.18915082
908;6.53008629
909;7.11969859
910;7.8879565
911;8.25991155
912;5.15741575
913;4.92197384
914;4.93268256
915;4.93628425
916;4.90538189
917;4.87384504
918;4.86015058
919;5.18458328
920;5.778694
921;5.23316492
922;5.09758619
923;4.45488282
924;4.81123381
925;4.26707078
926;4.68535934
927;4.64825741
928;4.87785077
929;5.33859602
930;6.05991571
931;6.40589852
932;6.36329501
933;5.76612201
934;7.17676288
935;6.27924128
936;4.93012796
937;4.92960067
938;4.92213741
939;4.93042563
940;4.88879436
941;4.8863976
942;5.13016726
943;5.42741412
944;5.79738486
945;6.48089468
946;5.32943165
947;5.11908877
948;5.67251839
949;4.99285447
950;4.89179913
951;4.94684993
952;4.95183447
953;5.4051714
954;6.8509868
955;6.67387382
956;6.10063349
957;5.6630607
958;6.04616985
959;6.68717155
960;5.5666904
961;4.85380834
962;4.84072533
963;4.82742627
964;4.84637039
965;4.82813158
966;5.07674672
967;5.93597725
968;6.00714466
969;5.38396758
970;5.14559749
971;4.7806147
972;5.35835455
973;5.39255161
974;5.41049734
975;5.336535
976;5.31685114
977;5.72986626
978;7.23704957
979;6.02361371
980;5.48308609
981;5.48440446
982;5.83160772
983;7.50502992
984;5.93785243
985;5.19915592
986;4.95891331
987;4.95349957
988;4.96896749
989;4.93334891
990;5.08143104
991;5.4746409
992;5.42273669
993;5.77378136
994;5.51525779
995;4.83840405
996;5.2386451
997;5.59432567
998;7.33411009
999;6.24089558
1000;7.12112869
1001;6.05403311
1002;5.67921022
1003;6.16500272
1004;7.3388852
1005;5.85595854
1006;8.25761537
1007;6.91694275
1008;5.56756505
1009;5.04797729
1010;4.95572891
1011;4.95850403
1012;4.97744384
1013;4.96091367
1014;5.36561328
1015;5.43376235
1016;5.25437836
1017;5.34794318
1018;6.10453538
1019;5.5321374
1020;5.55597826
1021;4.18441181
1022;5.24551251
1023;5.20996962
1024;5.08050409
1025;5.76395319
1026;7.11424121
1027;5.88304011
1028;7.13429217
1029;6.00747976
1030;7.72655193
1031;8.1410503
1032;6.58303345
1033;4.85204402
1034;4.78052856
1035;4.76329299
1036;4.74076677
1037;4.71763309
1038;5.16483067
1039;5.16993526
1040;5.24154918
1041;4.57971869
1042;4.10366925
1043;4.25509813
1044;5.68685408
1045;3.53916941
1046;3.85352713
1047;5.44534844
1048;4.70310649
1049;5.54369171
1050;5.40057484
1051;5.73273832
1052;5.57818549
1053;5.44034372
1054;6.15653102
1055;6.3237742
1056;6.38280406
1057;5.00536301
1058;4.90996132
1059;4.82167764
1060;4.70661558
1061;4.70269258
1062;4.74130268
1063;4.78597461
1064;5.19744309
1065;4.64502955
1066;4.09747834
1067;3.82253901
1068;4.94608627
1069;5.31716508
1070;5.28278681
1071;4.19426631
1072;4.5642785
1073;6.17467362
1074;6.2895383
1075;6.21689276
1076;6.55685252
1077;7.06567709
1078;7.8105667
1079;8.18773764
1080;5.11306792
1081;4.87327819
1082;4.87703038
1083;4.91300173
1084;4.9154036
1085;4.8938028
1086;4.89802082
1087;5.20513515
1088;5.71704896
1089;5.48799651
1090;5.34097476
1091;4.5189642
1092;5.27542864
1093;4.96263111
1094;4.57760677
1095;4.87666479
1096;5.08322512
1097;5.38227973
1098;6.17831571
1099;6.55973185
1100;6.56902834
1101;5.93912038
1102;6.76796905
1103;6.23214826
1104;5.12303231
1105;5.12445284
1106;5.11862437
1107;5.09550389
1108;5.09825523
1109;5.07846717
1110;5.28248031
1111;5.59044021
1112;5.87397472
1113;6.46010435
1114;5.19923268
1115;4.6113591
1116;5.80307748
1117;4.16238406
1118;5.09846526
1119;4.79313667
1120;4.6551274
1121;5.50970625
1122;6.79035271
1123;6.71748642
1124;6.22730016
1125;5.77222737
1126;6.07783651
1127;6.67037212
1128;5.57152671
1129;4.89167066
1130;4.95021809
1131;4.97883931
1132;5.02720372
1133;4.97570405
1134;5.18087715
1135;5.98623088
1136;6.07311441
1137;5.55504852
1138;5.20349105
1139;4.94540575
1140;5.65817778
1141;5.46723312
1142;5.44066719
1143;5.31259523
1144;5.29646184
1145;5.60069959
1146;7.17621624
1147;6.04528038
1148;5.50808609
1149;5.49940446
1150;5.82160772
1151;7.48919659
1152;5.93397553
1153;5.23982283
1154;4.99028455
1155;4.91066002
1156;4.97380298
1157;4.95167667
1158;5.06980061
1159;5.49246699
1160;5.13869796
1161;5.26134228
1162;5.4120591
1163;4.45613934
1164;5.25201636
1165;5.87189133
1166;7.23420682
1167;6.27083501
1168;7.07055891
1169;6.10226017
1170;5.69102123
1171;6.03618829
1172;7.15471853
1173;5.7075342
1174;8.12189074
1175;6.74248623
1176;5.37825345
1177;4.83888309
1178;4.80043905
1179;4.7252794
1180;4.70258877
1181;4.70470594
1182;5.12637085
1183;5.23368659
1184;5.09073899
1185;5.50649457
1186;6.08893098
1187;6.15083483
1188;5.47952053
1189;4.77420075
1190;5.06586116
1191;4.97197197
1192;4.77899146
1193;5.70850904
1194;7.11507455
1195;5.88422528
1196;7.10646609
1197;6.01269715
1198;7.77855987
1199;8.23409378
1200;6.66303345
1201;4.92856576
1202;4.86574595
1203;4.85198865
1204;4.85294069
1205;4.85850265
1206;5.30135241
1207;5.326457
1208;5.35969463
1209;4.98189417
1210;4.83533269
1211;5.22591747
1212;6.71224774
1213;4.81176061
1214;5.10712658
1215;6.40757533
1216;5.1880103
1217;5.40147421
1218;5.39390818
1219;5.70547318
1220;5.57209853
1221;5.38990894
1222;6.09479189
1223;6.23073072
1224;6.32019384
1225;5.02084188
1226;4.9067719
1227;4.88087789
1228;4.7353968
1229;4.76930167
1230;4.72546699
1231;4.75289948
1232;5.0969477
1233;4.89147182
1234;4.47349714
1235;4.10038198
1236;5.76938921
1237;5.42612773
1238;5.39118093
1239;4.24255514
1240;4.60468278
1241;5.87102063
1242;6.2570383
1243;6.21338544
1244;6.5472873
1245;7.06132926
1246;7.78708843
1247;8.12947677
1248;5.02089401
1249;4.75936515
1250;4.73789995
1251;4.73474086
1252;4.70625145
1253;4.71906243
1254;4.75319406
1255;5.09762676
1256;5.38837487
1257;4.8992737
1258;4.91234502
1259;4.39813675
1260;4.70599215
1261;3.76725784
1262;3.71958266
1263;3.87171092
1264;4.76581216
1265;5.20424265
1266;5.95387544
1267;6.3682521
1268;6.41236243
1269;5.76461603
1270;7.1437194
1271;6.22706736
1272;4.89360622
1273;4.88351371
1274;4.87605045
1275;4.85390389
1276;4.85140306
1277;4.8237889
1278;5.03016726
1279;5.34567499
1280;5.46983948
1281;6.1761961
1282;4.85906533
1283;4.82275149
1284;5.39597801
1285;4.77351519
1286;4.51964293
1287;4.94961061
1288;4.77895575
1289;5.39650474
1290;6.70608604
1291;6.50717932
1292;6.0357404
1293;5.68900273
1294;6.0732713
1295;6.62608816
1296;5.53016866
1297;4.84772138
1298;4.83376881
1299;4.80046975
1300;4.8185443
1301;4.7803055
1302;4.97065976
1303;5.75945551
1304;5.52624449
1305;4.71248072
1306;4.08503695
1307;3.45272788
1308;3.91240585
1309;3.91499077
1310;4.13808592
1311;4.28060268
1312;4.60947612
1313;5.31005095
1314;7.11253107
1315;6.01524415
1316;5.42645566
1317;5.36531026
1318;5.6462454
1319;7.2836241
1320;5.78863832
1321;5.11109759
1322;4.83392092
1323;4.77014619
1324;4.77332867
1325;4.75381105
1326;4.87802195
1327;5.24600454
1328;4.77525223
1329;4.68881128
1330;4.17822738
1331;3.33476018
1332;3.54417705
1333;3.94036856
1334;5.59485241
1335;4.87306546
1336;6.11977576
1337;5.45405673
1338;5.43461519
1339;5.78573374
1340;6.95630944
1341;5.46603429
1342;7.8429184
1343;6.51307912
1344;5.18536808
1345;4.68078032
1346;4.60103194
1347;4.5826707
1348;4.56092869
1349;4.50606519
1350;4.88455267
1351;4.96232295
1352;4.47111227
1353;4.71161788
1354;5.54423268
1355;4.98055864
1356;4.3848776
1357;3.32166926
1358;3.87017592
1359;4.23775876
1360;4.39009551
1361;5.2258921
1362;6.90295333
1363;5.69414952
1364;6.84749376
1365;5.71526632
1366;7.41133454
1367;7.73826374
1368;6.26612524
1369;4.51113305
1370;4.44587018
1371;4.44403834
1372;4.45964876
1373;4.45779872
1374;4.91787415
1375;4.90577377
1376;4.79464267
1377;4.04482983
1378;3.88496257
1379;4.20887711
1380;5.52958674
1381;3.28603486
1382;3.58508812
1383;5.1162644
1384;4.30363514
1385;5.02229998
1386;5.19549909
1387;5.45277606
1388;5.37150565
1389;5.25670736
1390;5.96777608
1391;5.98025549
1392;6.00167363
1393;4.58979779
1394;4.45425169
1395;4.31256384
1396;4.20339085
1397;4.20139862
1398;4.22872026
1399;4.29195022
1400;4.38516919
1401;4.01637361
1402;3.46887448
1403;3.1961502
1404;4.23060094
1405;4.67356662
1406;4.69231222
1407;3.62498088
1408;4.16369057
1409;5.41518683
1410;6.05946255
1411;5.99157506
1412;6.33376951
1413;6.89862175
1414;7.6477999
1415;8.00578112
1416;4.88694187
1417;4.65117464
1418;4.64481363
1419;4.64097885
1420;4.61634359
1421;4.62249991
1422;4.62067369
1423;4.90428337
1424;5.18340019
1425;4.66334949
1426;4.64129984
1427;3.37603238
1428;3.58551037
1429;3.51564422
1430;3.56601708
1431;4.1810022
1432;4.67426039
1433;5.12251364
1434;5.87978646
1435;6.15197065
1436;6.0971685
1437;5.55104317
1438;6.91413213
1439;6.04205479
1440;4.75237062
1441;4.73782548
1442;4.74065401
1443;4.72474995
1444;4.72045022
1445;4.70428832
1446;4.90066782
1447;5.21589139
1448;5.28071406
1449;5.86995875
1450;4.5824131
1451;3.82409352
1452;4.30618496
1453;4.41757285
1454;4.60066442
1455;4.85599721
1456;4.8295687
1457;5.38224648
1458;6.73726905
1459;6.5223817
1460;6.00011469
1461;5.62483057
1462;6.03949356
1463;6.59111557
1464;5.52039238
1465;4.84717335
1466;4.81379932
1467;4.69078043
1468;4.73439715
1469;4.67192667
1470;4.83574679
1471;5.57859245
1472;5.36015064
1473;4.7685814
1474;4.02305185
1475;3.44606464
1476;3.96914622
1477;3.88385815
1478;3.72324487
1479;3.43670508
1480;4.72787379
1481;5.41991355
1482;7.17763877
1483;6.06582447
1484;5.64389883
1485;5.6086475
1486;5.91407099
1487;7.51025674
1488;6.03753369
1489;5.34336009
1490;5.10256168
1491;5.03477102
1492;5.06347255
1493;4.99406084
1494;5.0781277
1495;5.42075737
1496;4.99008329
1497;4.96933016
1498;4.46701934
1499;3.11720307
1500;2.46603778
1501;2.15446698
1502;3.31264681
1503;2.39702215
1504;4.75733233
1505;4.68037434
1506;5.60241879
1507;6.12369918
1508;7.1471356
1509;5.71544285
1510;7.80389134
1511;6.73939776
1512;5.49588396
1513;5.02917836
1514;4.96879437
1515;5.09134935
1516;5.0664794
1517;5.01542389
1518;5.33833993
1519;5.38251011
1520;4.9658679
1521;5.20807864
1522;5.56079782
1523;4.55217108
1524;2.9958303
1525;1.67372149
1526;1.46338525
1527;1.75785317
1528;2.22469096
1529;4.01197275
1530;6.75355686
1531;6.03889458
1532;7.12522358
1533;5.9940463
1534;7.65275498
1535;8.1520769
1536;6.56647435
1537;4.93680151
1538;4.92384677
1539;4.89786621
1540;4.84717517
1541;4.80870749
1542;5.21715158
1543;5.22821382
1544;5.40740804
1545;4.58825116
1546;4.2072408
1547;4.27827271
1548;5.70269931
1549;3.41380309
1550;3.44437241
1551;4.56430534
1552;3.48468846
1553;4.67014766
1554;5.47173722
1555;5.82962354
1556;5.73463701
1557;5.59653786
1558;6.28394762
1559;6.49462962
1560;6.62168367
1561;5.30554036
1562;5.20963606
1563;5.182996
1564;5.05022034
1565;4.98315279
1566;4.9907382
1567;5.01201693
1568;5.53134165
1569;4.56920378
1570;3.869243
1571;4.25664325
1572;5.49003769
1573;5.77799771
1574;5.65593104
1575;3.51522288
1576;3.70975006
1577;5.5555025
1578;6.34463236
1579;6.2160269
1580;6.60419173
1581;7.20028869
1582;7.92006444
1583;8.26330207
1584;5.34080551
1585;5.11503827
1586;5.0920106
1587;5.10234249
1588;5.08604056
1589;5.08060286
1590;5.09165854
1591;5.38716215
1592;5.46342469
1593;4.72179723
1594;4.24981685
1595;3.85150765
1596;3.80787653
1597;2.38265619
1598;1.89305
1599;2.19899393
1600;2.43605738
1601;3.68106761
1602;5.865823
1603;6.4117225
1604;6.50032532
1605;5.91828346
1606;6.26985789
1607;5.93731669
1608;5.05309789
1609;5.04891249
1610;5.1465631
1611;5.0437651
1612;5.05461689
1613;5.07148529
1614;5.31286479
1615;5.65390792
1616;5.70714107
1617;6.31220665
1618;4.9437451
1619;4.94555991
1620;4.16442019
1621;3.91579165
1622;2.61594675
1623;2.74830138
1624;2.69161827
1625;3.521889
1626;5.78355204
1627;6.58464004
1628;6.07696769
1629;5.72228876
1630;4.65845314
1631;5.67618132
1632;4.85508536
1633;4.30561372
1634;4.41915675
1635;4.5553318
1636;4.69594274
1637;5.01601304
1638;5.29072618
1639;6.04902535
1640;5.94704106
1641;5.32151219
1642;5.15228676
1643;4.33335112
1644;4.49451863
1645;4.18857589
1646;3.96667309
1647;4.20751173
1648;4.54902428
1649;5.02094819
1650;7.02223153
1651;6.0224392
1652;5.45273092
1653;5.57216619
1654;4.20250595
1655;6.31902096
1656;5.55676522
1657;5.27821293
1658;5.07656168
1659;5.02335354
1660;5.13281411
1661;5.15996428
1662;5.27396103
1663;5.61170157
1664;5.24533391
1665;4.71303975
1666;4.02752661
1667;2.13586978
1668;2.57474031
1669;1.5593755
1670;3.76543741
1671;3.39195285
1672;4.39223529
1673;3.75366143
1674;4.00057243
1675;5.04120741
1676;6.62815857
1677;5.41072752
1678;5.64170474
1679;4.78242087
1680;3.81449818
1681;3.54507873
1682;3.80457705
1683;4.1365602
1684;4.41122108
1685;4.61356305
1686;5.39718608
1687;5.52424088
1688;5.09758947
1689;5.33196598
1690;6.07736438
1691;4.25010848
1692;3.70629622
1693;2.56770631
1694;0.987130861
1695;2.64555542
1696;1.37958144
1697;3.6351416
1698;5.75976
1699;5.18484017
1700;6.62830058
1701;5.85838571
1702;5.57945006
1703;6.56806681
1704;5.45833151
1705;4.0315025
1706;4.09014882
1707;4.28489925
1708;4.50433208
1709;4.83251805
1710;5.4980533
1711;5.56969441
1712;5.14431931
1713;4.55928543
1714;4.39243219
1715;3.57737306
1716;5.1766356
1717;3.26396749
1718;4.13248655
1719;5.33607754
1720;4.55565347
1721;5.43997717
1722;5.48989178
1723;5.87222107
1724;5.75639296
1725;5.63903786
1726;5.4824145
1727;6.06980413
1728;6.46811337
1729;5.3544226
1730;5.24515567
1731;5.14542446
1732;5.03042034
1733;5.00508612
1734;5.0010382
1735;5.03166595
1736;5.12559923
1737;4.84029958
1738;3.92442462
1739;3.54242022
1740;4.05713697
1741;3.84550081
1742;3.46744871
1743;2.38102013
1744;2.44260206
1745;4.10681695
1746;5.89693893
1747;6.23458224
1748;6.66335401
1749;7.14072202
1750;7.15211853
1751;8.13105671
1752;5.26840755
1753;5.10655031
1754;5.09117727
1755;5.05484249
1756;4.99520722
1757;4.97659082
1758;4.98915854
1759;5.28070612
1760;5.65021201
1761;5.15545415
1762;4.5137093
1763;3.72199692
1764;3.43883899
1765;1.56012081
1766;1.80659048
1767;2.81064299
1768;3.11938832
1769;3.7595744
1770;5.09205689
1771;5.91306876
1772;6.42721282
1773;5.80212224
1774;5.58567252
1775;5.17942804
1776;4.35495974
1777;4.68275289
1778;5.00247975
1779;5.07153176
1780;5.04965022
1781;5.02265196
1782;5.2632364
1783;5.59513542
1784;5.41578985
1785;5.9781694
1786;4.74975362
1787;4.11590683
1788;4.58685474
1789;3.5410901
1790;1.58662387
1791;2.21564236
1792;2.20270637
1793;3.18089143
1794;5.68590357
1795;6.36765717
1796;6.05085048
1797;5.76353207
1798;4.41681816
1799;5.99245498
1800;5.36346929
1801;4.87893141
1802;5.0577919
1803;5.06110095
1804;5.05992746
1805;5.10018425
1806;5.22109168
1807;5.98108277
1808;6.05108193
1809;5.54454672
1810;5.19257858
1811;4.80726013
1812;5.22528768
1813;5.38839999
1814;5.17244978
1815;5.35090506
1816;4.94850486
1817;5.45157164
1818;7.17653351
1819;6.11819179
1820;5.48556549
1821;5.4311475
1822;5.76333632
1823;7.37210906
1824;5.91475902
1825;5.2363311
1826;4.98299647
1827;4.92908261
1828;4.92593632
1829;4.89431446
1830;4.99950451
1831;5.35353686
1832;5.14188568
1833;5.57430356
1834;5.31984524
1835;4.73954873
1836;5.17850206
1837;5.28394545
1838;7.10853223
1839;6.05002177
1840;6.7997302
1841;5.72102383
1842;5.5151111
1843;5.91410527
1844;7.03951821
1845;5.61172111
1846;7.88846739
1847;6.61131928
1848;5.33271875
1849;4.8585001
1850;4.80679792
1851;4.82568579
1852;4.84220404
1853;4.82151085
1854;5.2116008
1855;5.24311126
1856;4.82821119
1857;5.24644379
1858;5.85640725
1859;5.63091934
1860;5.20275421
1861;4.51184921
1862;4.5818713
1863;5.01007122
1864;4.86675475
1865;5.53568867
1866;7.02603276
1867;5.84498096
1868;6.97391108
1869;5.94868365
1870;7.63813622
1871;8.06305516
1872;6.5534671
1873;4.90700544
1874;4.83689025
1875;4.80830099
1876;4.80195777
1877;4.75827271
1878;5.1667168
1879;4.99141658
1880;4.67189839
1881;3.97758234
1882;3.42540002
1883;3.52085903
1884;4.91369797
1885;4.61935151
1886;4.39835541
1887;6.22502761
1888;5.06977203
1889;5.26268159
1890;5.43935111
1891;5.62765688
1892;5.56748862
1893;5.41469003
1894;6.13706356
1895;6.32883251
1896;6.43302942
1897;5.19244
1898;5.1084948
1899;5.00618968
1900;4.89782903
1901;4.8871383
1902;4.91084689
1903;4.68735643
1904;4.57600652
1905;4.06615365
1906;3.56297849
1907;3.2572581
1908;4.27339815
1909;4.73586233
1910;4.61229123
1911;3.623104
1912;3.96550824
1913;5.3600457
1914;6.34477551
1915;6.1714269
1916;6.51882068
1917;7.01695535
1918;7.71415263
1919;8.0466354
1920;5.05069681
1921;4.79362523
1922;4.76639466
1923;4.7695164
1924;4.74314201
1925;4.70941691
1926;4.72857883
1927;4.86782873
1928;5.27999416
1929;4.71778345
1930;4.38706574
1931;3.81396924
1932;4.30468266
1933;4.53506416
1934;4.59482094
1935;4.56888634
1936;5.01168475
1937;5.12898067
1938;6.06550945
1939;6.38265906
1940;6.36420956
1941;5.75718634
1942;7.10057153
1943;6.2436457
1944;4.98009789
1945;4.99290124
1946;5.00572976
1947;4.96959843
1948;5.00378356
1949;5.02481862
1950;5.23203145
1951;5.48022398
1952;5.51996716
1953;6.14245564
1954;4.91090957
1955;4.76876595
1956;5.38821281
1957;4.03442366
1958;4.42081764
1959;4.94332816
1960;4.6747919
1961;5.11134565
1962;6.78051805
1963;6.57861503
1964;6.04515817
1965;5.76508207
1966;6.20503704
1967;6.72520977
1968;5.65695035
1969;5.02470958
1970;5.04213265
1971;5.00860095
1972;4.99909412
1973;4.93768425
1974;5.08377709
1975;5.56210231
1976;5.2980779
1977;4.32938611
1978;3.77222965
1979;2.71064841
1980;2.6197412
1981;1.93950329
1982;1.55842037
1983;1.39045281
1984;1.7589947
1985;2.88327169
1986;5.92708541
1987;6.04517897
1988;5.57746549
1989;5.63183559
1990;5.90657099
1991;7.40275674
1992;5.88294138
1993;5.23576524
1994;4.96386603
1995;4.90908261
1996;4.9163711
1997;4.88909707
1998;5.00385234
1999;5.19290827
2000;4.66612761
2001;4.5979289
2002;3.946944
2003;1.9670314
2004;1.62220704
2005;1.3863402
2006;2.68430977
2007;1.97694396
2008;3.25598702
2009;2.86613264
2010;3.90693015
2011;5.65943969
2012;7.13396637
2013;5.86104285
2014;7.12693922
2015;6.62873489
2016;5.52668771
2017;5.08954526
2018;5.06462401
2019;5.02249739
2020;5.01731273
2021;5.00042389
2022;5.3475066
2023;5.40103612
2024;5.13394057
2025;5.46500483
2026;5.71291028
2027;5.06511266
2028;4.43345963
2029;2.92143918
2030;2.70251064
2031;3.40836853
2032;3.70121417
2033;4.74886615
2034;6.81191869
2035;5.93485276
2036;7.20042358
2037;6.0596463
2038;7.3199237
2039;8.2470769
2040;6.70814102
2041;5.05693297
2042;4.95620184
2043;4.91301114
2044;4.88304473
2045;4.90083917
2046;5.37019506
2047;5.14751846
2048;4.97092022
2049;4.0374344
2050;3.79033211
2051;3.04681502
2052;6.05066209
2053;2.18245637
2054;1.89771481
2055;4.36629056
2056;2.80554314
2057;3.7484281
2058;4.86003088
2059;5.76964797
2060;5.66648527
2061;5.53277093
2062;4.99461638
2063;5.74416406
2064;6.15272974
2065;4.84978148
2066;4.65357211
2067;4.60486521
2068;4.61310187
2069;4.65539374
2070;5.02516127
2071;4.90310419
2072;5.00251538
2073;4.99296483
2074;4.36561195
2075;3.0147271
2076;3.82384867
2077;3.8211487
2078;3.99319291
2079;3.27627833
2080;3.47611565
2081;4.8600703
2082;5.40196861
2083;5.57445683
2084;5.83546877
2085;6.38345061
2086;5.23032464
2087;6.17042151
2088;3.92887424
2089;4.32680369
2090;4.84111602
2091;5.02054249
2092;4.95350722
2093;4.95785438
2094;5.03147313
2095;4.97469271
2096;4.95303806
2097;4.35529939
2098;4.18164703
2099;2.69718849
2100;4.30287893
2101;3.26446225
2102;3.26212115
2103;3.15337692
2104;3.52982644
2105;3.80850614
2106;5.50207484
2107;6.19590366
2108;6.51610956
2109;5.78953519
2110;7.21723819
2111;6.33531237
2112;5.06676456
2113;5.0195679
2114;5.02239643
2115;4.95459843
2116;4.91795022
2117;4.9347043
2118;5.16304771
2119;5.49514305
2120;5.44168094
2121;5.84968311
2122;4.16175238
2123;3.59214909
2124;2.65359817
2125;0.899519803
2126;0.928692187
2127;0.633898846
2128;0
2129;0.574515653
2130;3.38141874
2131;4.22163386
2132;4.8502777
2133;5.32631375
2134;3.96262634
2135;5.1696834
2136;4.63540446
2137;4.49014617
2138;4.83815362
2139;5.03733428
2140;5.04676079
2141;4.99121758
2142;5.16331042
2143;5.95967946
2144;5.95374139
2145;5.30865853
2146;4.27438466
2147;3.5019579
2148;3.38952857
2149;2.27439152
2150;1.79144521
2151;1.41656282
2152;1.68831943
2153;1.92593126
2154;4.86471539
2155;5.15665346
2156;5.60691165
2157;5.57807058
2158;4.08328891
2159;6.20642578
2160;5.01399794
2161;4.75226557
2162;4.84099843
2163;5.06792203
2164;5.07699777
2165;5.03342894
2166;5.10960083
2167;5.39669724
2168;5.21895527
2169;5.09467254
2170;4.98348142
2171;4.31398134
2172;4.67139028
2173;5.61689643
2174;5.26393377
2175;5.60523506
2176;4.69965338
2177;4.57132821
2178;4.66718604
2179;5.83888942
2180;6.95217747
2181;5.69899074
2182;6.88581166
2183;6.27735068
2184;5.39668399
2185;4.94710163
2186;4.95229392
2187;4.98789954
2188;5.08034419
2189;5.01540531
2190;5.29683012
2191;5.33605258
2192;4.82491041
2193;4.87487537
2194;5.11042633
2195;3.53229399
2196;1.78409388
2197;0.693675678
2198;0.115324822
2199;0.00190034667
2200;0
2201;0.408846451
2202;2.64136895
2203;2.68575991
2204;4.35834484
2205;3.81190582
2206;3.73412288
2207;4.71927043
2208;3.84534912
2209;2.58109856
2210;2.59820609
2211;2.73773772
2212;2.93444372
2213;3.2311812
2214;5.25245876
2215;5.40795205
2216;5.22557837
2217;3.57415196
2218;1.26602729
2219;0.23101924
2220;0.631018348
2221;0
2222;0
2223;0.588959819
2224;0
2225;0.352985122
2226;0.553462321
2227;1.1750399
2228;1.8903532
2229;2.31190285
2230;1.64860296
2231;2.1583615
2232;2.71905422
2233;1.98285384
2234;2.34651426
2235;2.68184052
2236;3.09564821
2237;3.59619379
2238;5.04027851
2239;5.01283769
2240;5.17783775
2241;4.36135388
2242;1.83849797
2243;0.210114467
2244;0.239061278
2245;0.0270368922
2246;1.41526144
2247;0.839955523
2248;0
2249;2.24657678
2250;3.2843525
2251;3.72176124
2252;4.34568805
2253;5.28383207
2254;4.22787409
2255;5.01924607
2256;2.64214061
2257;2.58203128
2258;2.79241725
2259;2.98272081
2260;3.16756334
2261;3.40068559
2262;4.81924679
2263;5.10233922
2264;5.00955115
2265;3.67119018
2266;3.34431922
2267;1.30328573
2268;2.13551273
2269;2.2169643
2270;2.61377034
2271;3.12656789
2272;3.0518813
2273;2.43826836
2274;3.36657606
2275;4.78113866
2276;5.84767239
2277;5.71375368
2278;5.02926498
2279;5.12495255
2280;4.20361565
2281;4.74387023
2282;4.99076782
2283;5.08358215
2284;5.1138873
2285;5.08989838
2286;5.21839962
2287;5.46946666
2288;5.33696439
2289;5.53634589
2290;3.91414442
2291;2.37106001
2292;1.73937897
2293;0.345599117
2294;0
2295;0
2296;0
2297;0.0878760954
2298;1.9308485
2299;2.97061362
2300;3.76263328
2301;4.13071544
2302;2.86127281
2303;4.0699739
2304;3.74917317
2305;3.66807161
2306;4.12979167
2307;4.64071959
2308;5.05563955
2309;4.96742839
2310;5.12887122
2311;5.90850807
2312;5.38581362
2313;4.54109016
2314;2.56181533
2315;0.299587007
2316;0
2317;0
2318;0
2319;0
2320;0
2321;0
2322;1.59916751
2323;1.2545635
2324;1.14742363
2325;1.48708353
2326;1.30678808
2327;2.94496877
2328;2.56264735
2329;2.78137829
2330;3.33704971
2331;3.97234237
2332;4.61440957
2333;5.05742894
2334;5.12560083
2335;5.40927349
2336;4.98090316
2337;4.03669253
2338;1.74113377
2339;0
2340;0
2341;0
2342;0.410251502
2343;0
2344;0.605594914
2345;0.112643402
2346;0.306684917
2347;1.34613763
2348;2.56446619
2349;1.41320235
2350;3.21426634
2351;2.09827182
2352;1.75714846
2353;2.12237808
2354;2.76889831
2355;3.38410774
2356;3.86183896
2357;4.34330296
2358;5.39999956
2359;5.51988592
2360;5.11832217
2361;4.36342032
2362;3.0876463
2363;0.903185975
2364;0.226333672
2365;0
2366;0
2367;0
2368;0
2369;0.28778071
2370;1.68039603
2371;1.2502518
2372;2.48385153
2373;1.63531533
2374;2.90600275
2375;3.2218127
2376;2.1836005
2377;1.3370048
2378;1.74382092
2379;1.72553064
2380;1.87522045
2381;2.11296175
2382;4.7517663
2383;5.26986683
2384;4.23832561
2385;3.91763181
2386;1.37889107
2387;0.519154264
2388;0.991612234
2389;0
2390;0
2391;0.000502987222
2392;0
2393;1.14039821
2394;1.72661352
2395;2.96004962
2396;4.08597966
2397;4.71831328
2398;3.51911705
2399;4.27163806
2400;4.82605372
2401;4.02490618
2402;4.21046898
2403;4.55651382
2404;4.90622468
2405;4.98023586
2406;4.98448848
2407;5.09749031
2408;4.87835108
2409;4.15458416
2410;2.2396966
2411;0.819226556
2412;3.95825326
2413;0.886367195
2414;0.338158736
2415;0
2416;0
2417;1.00380386
2418;0.988030274
2419;2.34212349
2420;3.20341875
2421;4.03867149
2422;3.24139341
2423;4.11077186
2424;2.03549678
2425;2.26676107
2426;2.594871
2427;2.91425873
2428;3.28831443
2429;3.70465795
2430;5.00220961
2431;5.21581463
2432;5.10336086
2433;3.25191968
2434;2.29383073
2435;0.847290204
2436;0
2437;0
2438;0
2439;0
2440;0
2441;0
2442;0.667275528
2443;1.71152893
2444;2.493762
2445;2.60304302
2446;2.6187275
2447;2.60455042
2448;2.05314314
2449;2.55219643
2450;3.30416741
2451;3.81130621
2452;4.18466262
2453;4.5150447
2454;5.18416885
2455;5.49315775
2456;5.2553579
2457;4.96508374
2458;3.25672082
2459;2.8046087
2460;2.90759269
2461;2.44381063
2462;2.62409034
2463;2.61960572
2464;2.84283672
2465;2.94267761
2466;3.95455143
2467;4.07330172
2468;4.72916017
2469;4.81627537
2470;3.45430362
2471;4.563749
2472;4.11695658
2473;3.86097225
2474;4.11415264
2475;4.35802698
2476;4.68625892
2477;5.06022839
2478;5.18659971
2479;5.80569237
2480;5.35188703
2481;3.4873724
2482;1.25971109
2483;0
2484;0
2485;0
2486;0
2487;0
2488;0
2489;0
2490;1.84910659
2491;1.5864677
2492;1.80561604
2493;2.27928685
2494;1.38904949
2495;3.52486572
2496;3.04793419
2497;3.00955048
2498;3.11465639
2499;3.04959004
2500;3.51579249
2501;4.16134182
2502;5.18806723
2503;5.4022626
2504;4.77307604
2505;3.05482053
2506;1.48255342
2507;0.019260022
2508;0.196012184
2509;0
2510;1.09826754
2511;0
2512;0.742575799
2513;0.169041778
2514;0.698514546
2515;1.58771008
2516;3.10149107
2517;2.19774292
2518;3.20605934
2519;2.18301989
2520;1.50988555
2521;1.44604091
2522;1.70782984
2523;2.07331269
2524;2.30386916
2525;2.51980854
2526;4.77928731
2527;4.44551839
2528;4.03187967
2529;2.83522925
2530;2.02713614
2531;0.901858724
2532;0.731996791
2533;0
2534;0
2535;0
2536;0
2537;0.225978648
2538;2.18160104
2539;1.78154492
2540;3.48258952
2541;3.0299156
2542;3.22945581
2543;4.23517973
2544;3.46329056
2545;2.35484334
2546;2.68653315
2547;3.0942765
2548;3.47173749
2549;3.90674079
2550;5.38746707
2551;5.24740348
2552;4.3843845
2553;1.88650466
2554;0.325532146
2555;0
2556;0.109659721
2557;0
2558;0
2559;0
2560;0
2561;0
2562;0.0929882945
2563;0.884206946
2564;1.23100819
2565;1.1865639
2566;1.62864852
2567;1.7344209
2568;2.45038229
2569;2.10318553
2570;2.65524421
2571;3.13511528
2572;3.52898412
2573;3.83756704
2574;4.99335544
2575;4.85025838
2576;4.25195036
2577;1.87809057
2578;0.111643786
2579;0
2580;0
2581;0
2582;0
2583;0
2584;0
2585;0.063131736
2586;0.803476795
2587;1.31426539
2588;2.00678008
2589;2.4344567
2590;3.01906267
2591;3.25747633
2592;0.664262571
2593;0.429742019
2594;0.523834563
2595;0.919364092
2596;1.24073271
2597;1.55137789
2598;3.63250012
2599;3.26660161
2600;2.86145666
2601;1.24484232
2602;0.0556538619
2603;0
2604;0
2605;0
2606;0
2607;0
2608;0
2609;0
2610;0.5597814
2611;1.46714018
2612;1.86483387
2613;1.29270237
2614;2.42503201
2615;1.61931049
2616;0.481407265
2617;0.457435359
2618;1.01153338
2619;1.70206802
2620;2.29245951
2621;2.88278104
2622;5.12805427
2623;5.23423123
2624;3.93248095
2625;2.41137132
2626;0.0161452181
2627;0
2628;0
2629;0
2630;0
2631;0
2632;0
2633;0
2634;1.10354245
2635;1.62398651
2636;1.59572303
2637;1.24057167
2638;1.48789882
2639;1.91171176
2640;1.00922385
2641;0.423018973
2642;0.410962824
2643;0.393003743
2644;0.486268271
2645;0.997530271
2646;3.50171315
2647;3.6649652
2648;2.49469239
2649;0.621374218
2650;0
2651;0
2652;0
2653;0
2654;0
2655;0
2656;0
2657;0
2658;1.52829484
2659;1.1510384
2660;1.1259306
2661;1.06828063
2662;1.30455759
2663;2.63638443
2664;1.30715891
2665;0.663948753
2666;0.441643801
2667;0.420280382
2668;0.611426188
2669;1.19157769
2670;3.68773082
2671;3.39921405
2672;1.90662815
2673;0.614572873
2674;0
2675;0
2676;0
2677;0
2678;0.387210511
2679;0
2680;1.52240377
2681;0.073169287
2682;0.206163462
2683;1.10100109
2684;2.54194677
2685;1.27066723
2686;3.18259187
2687;2.00337818
2688;0.863200248
2689;0.411623337
2690;0.353870455
2691;0.369193274
2692;0.4173745
2693;0.82762552
2694;3.52791458
2695;2.96833197
2696;2.44323404
2697;1.21192627
2698;0.943754304
2699;1.25849839
2700;0.86943743
2701;0.0908855194
2702;0.457115096
2703;0.362725443
2704;0
2705;0
2706;2.38410054
2707;1.668985
2708;3.27157506
2709;2.69678408
2710;2.9107624
2711;3.49091242
2712;2.60183251
2713;1.43472854
2714;1.61646504
2715;1.80843301
2716;2.05902418
2717;2.35023232
2718;4.83405444
2719;4.18885126
2720;3.00187176
2721;1.22477261
2722;0.445688383
2723;0
2724;0.830664946
2725;0
2726;0
2727;0.187984619
2728;0
2729;0
2730;0.0571511881
2731;0.969232931
2732;1.23676911
2733;1.58686034
2734;1.60977535
2735;1.73425031
2736;2.50109702
2737;2.09170399
2738;2.42344967
2739;2.60376829
2740;2.65674471
2741;2.66002876
2742;4.21460992
2743;3.44418893
2744;2.13358011
2745;0.812838046
2746;0
2747;0
2748;0
2749;1.268912
2750;1.06444847
2751;0
2752;0
2753;0.516448591
2754;0.735645645
2755;1.56778652
2756;2.64437744
2757;3.42138185
2758;3.00029606
2759;3.51905125
2760;1.38535801
2761;1.53486396
2762;1.89560727
2763;2.17009367
2764;2.39318056
2765;2.66749051
2766;4.6629745
2767;4.85733735
2768;4.05470001
2769;4.50549651
2770;4.05528603
2771;1.87312735
2772;1.10121639
2773;0.480447693
2774;0.0699207592
2775;0
2776;0
2777;0.444834263
2778;1.69353336
2779;2.5671749
2780;3.76815456
2781;3.59991955
2782;3.53918544
2783;3.23990031
2784;2.32638033
2785;3.06754434
2786;3.7300074
2787;4.15459929
2788;4.52629481
2789;4.79246716
2790;5.29739962
2791;5.42397274
2792;4.85625566
2793;4.10923342
2794;1.42057264
2795;0.0356284588
2796;0
2797;0
2798;0
2799;0
2800;0
2801;0
2802;0.96391765
2803;1.45291726
2804;1.60572839
2805;1.26108271
2806;1.50418111
2807;1.92884577
2808;1.00531923
2809;0.921905704
2810;1.60153548
2811;2.20204632
2812;2.63212402
2813;3.05964136
2814;4.88296168
2815;5.1837845
2816;4.32887353
2817;3.27658725
2818;1.60842059
2819;1.53521803
2820;0.497299155
2821;0
2822;0
2823;0
2824;0
2825;0
2826;1.55527128
2827;1.15076952
2828;1.68470796
2829;1.81767545
2830;1.28795668
2831;2.64894134
2832;1.79052321
2833;1.65716972
2834;1.8517783
2835;2.21638678
2836;2.65161558
2837;2.9676547
2838;4.93633275
2839;4.9483717
2840;2.90781905
2841;1.43376006
2842;0.132367829
2843;0
2844;0
2845;0
2846;0.218478158
2847;0
2848;0.426351209
2849;0.192060893
2850;0.0984179598
2851;1.22211402
2852;2.54194677
2853;1.27066723
2854;3.17698484
2855;1.99864985
2856;0.858075451
2857;0.403793071
2858;0.344612384
2859;0.36010339
2860;0.405634912
2861;0.657379842
2862;3.70896447
2863;3.19582613
2864;3.22952213
2865;1.7210352
2866;1.40542188
2867;0.240877737
2868;0
2869;0
2870;0
2871;0
2872;0
2873;0.340925486
2874;3.00284674
2875;1.92443157
2876;3.77851517
2877;3.00792491
2878;2.95183337
2879;3.62625882
2880;2.60139081
2881;1.42863507
2882;1.5708663
2883;1.73323917
2884;1.89883904
2885;2.03796036
2886;4.32259876
2887;3.44652458
2888;2.75897011
2889;1.93296375
2890;0.409636411
2891;0.0380138703
2892;0.36765969
2893;0
2894;0
2895;0.16400295
2896;0
2897;0
2898;0.265405176
2899;1.11278478
2900;1.61224423
2901;1.78469067
2902;1.60851711
2903;1.69390896
2904;2.06111559
2905;1.29011758
2906;1.41681353
2907;1.53218251
2908;1.72595267
2909;1.98862105
2910;4.01096928
2911;3.41166876
2912;2.18676143
2913;0.955293135
2914;0
2915;0
2916;0.111485327
2917;0
2918;0.215151348
2919;0
2920;0
2921;0.0775182181
2922;0.822851872
2923;1.32875722
2924;1.92173016
2925;2.83523502
2926;2.91368614
2927;3.28688644
2928;1.48363513
2929;1.9541679
2930;2.37510328
2931;2.93549861
2932;3.42859795
2933;3.87023951
2934;4.9353944
2935;4.87562614
2936;3.92913645
2937;2.18250276
2938;1.58330271
2939;0
2940;0
2941;0
2942;0
2943;0
2944;0
2945;0
2946;1.22724724
2947;1.51772091
2948;2.37969246
2949;2.08783078
2950;2.36417623
2951;1.57255779
2952;0.862734194
2953;1.76915361
2954;2.41402044
2955;2.81311895
2956;3.18676303
2957;3.7044461
2958;5.19413751
2959;5.14007184
2960;3.63823898
2961;2.3499423
2962;0.0881220892
2963;0
2964;0
2965;0
2966;0
2967;0
2968;0
2969;0
2970;1.19491218
2971;1.40847335
2972;1.57093203
2973;1.23656295
2974;1.46361089
2975;1.86213831
2976;0.973237555
2977;0.934180474
2978;1.56204499
2979;1.99787649
2980;2.11442239
2981;2.36768883
2982;4.56024295
2983;4.7590643
2984;4.27975605
2985;3.60874972
2986;3.12857025
2987;1.8335767
2988;1.92846337
2989;0.357940619
2990;1.32549942
2991;0.750903768
2992;1.55533034
2993;0.780802103
2994;2.53843414
2995;1.8971613
2996;2.43445234
2997;2.94460559
2998;1.79473261
2999;3.9182013
3000;3.27247662
3001;3.25758893
3002;3.48837764
3003;3.8035655
3004;4.02626981
3005;4.13458602
3006;5.02023503
3007;5.17407897
3008;4.94011264
3009;4.66301011
3010;3.17609392
3011;0.58035527
3012;0.41745614
3013;0.962524017
3014;1.41885313
3015;1.53737923
3016;1.66373826
3017;2.33438135
3018;1.58667501
3019;2.35603067
3020;4.42364675
3021;4.00663633
3022;4.25647756
3023;3.80409252
3024;3.19347356
3025;3.16131535
3026;3.44751635
3027;3.6628955
3028;3.86276379
3029;4.18203673
3030;5.33991525
3031;5.15558429
3032;4.61346228
3033;3.39129924
3034;2.98836322
3035;3.18912954
3036;2.4774217
3037;2.05043779
3038;0
3039;1.03618845
3040;0.0502244555
3041;0.221831177
3042;3.16049576
3043;2.52379275
3044;3.93171728
3045;3.44653135
3046;3.11027493
3047;3.98649325
3048;3.51475871
3049;2.74077679
3050;3.31817995
3051;3.8030824
3052;4.18152713
3053;4.5972766
3054;5.40759506
3055;5.15421535
3056;3.94693528
3057;1.63389001
3058;0.0505971403
3059;0
3060;0
3061;0
3062;0
3063;0.696786042
3064;0.251268321
3065;0.127336719
3066;0.70176163
3067;1.28129926
3068;1.65410905
3069;1.80869898
3070;1.58632607
3071;1.73106055
3072;2.26089975
3073;1.50957741
3074;1.55766066
3075;1.58974599
3076;1.65049472
3077;1.83096034
3078;3.7413084
3079;3.06823466
3080;2.9408463
3081;1.39590582
3082;0.437046655
3083;0.316834215
3084;1.53296931
3085;1.44810352
3086;0.598396098
3087;0
3088;0
3089;0.91078376
3090;0.651632221
3091;1.01226471
3092;1.87233828
3093;2.66190791
3094;2.89786724
3095;3.15681495
3096;0.766672388
3097;0.916235663
3098;1.16279779
3099;1.37451774
3100;1.6073857
3101;1.86085852
3102;3.78692661
3103;3.0529083
3104;2.69604115
3105;0.442019562
3106;0
3107;0
3108;0
3109;0
3110;0
3111;0
3112;0
3113;0
3114;0.322701101
3115;1.21510245
3116;1.77224189
3117;1.26055823
3118;2.34423467
3119;1.55917477
3120;0.455574529
3121;0.422102144
3122;0.404146639
3123;0.392943055
3124;0.426067614
3125;0.493574061
3126;1.69675068
3127;1.74774199
3128;0.49389324
3129;0.801588102
3130;0
3131;0
3132;0
3133;0
3134;0
3135;0
3136;0
3137;0
3138;0.971491638
3139;1.31231685
3140;1.43602957
3141;1.22629547
3142;1.44884689
3143;1.85096687
3144;0.948862117
3145;0.385156424
3146;0.371634222
3147;0.370345067
3148;0.417571132
3149;0.461816356
3150;2.23789742
3151;3.32013861
3152;3.42606536
3153;2.36726659
3154;2.47524313
3155;2.00038025
3156;1.34190977
3157;2.45043402
3158;2.14132197
3159;0.782311381
3160;1.09534975
3161;1.39889356
3162;3.21430423
3163;2.89263733
3164;3.04580666
3165;3.39675479
3166;2.00730675
3167;4.01592539
3168;3.32270458
3169;3.12805635
3170;3.24069598
3171;3.50014575
3172;3.90443657
3173;4.19684623
3174;5.12131243
3175;5.24073671
3176;4.60457479
3177;3.70567313
3178;2.35995186
3179;1.4416505
3180;1.28987315
3181;0.977017616
3182;1.69737502
3183;0.624358734
3184;1.16669113
3185;0.502661149
3186;1.13318427
3187;2.17255463
3188;4.1110132
3189;3.94491547
3190;4.33913608
3191;4.09168916
3192;3.79846803
3193;4.13555394
3194;4.6119069
3195;4.9561239
3196;4.92861558
3197;4.94691239
3198;5.30601657
3199;4.91862069
3200;4.2560934
3201;3.63486466
3202;2.82426744
3203;1.31287938
3204;0.324007381
3205;0
3206;0
3207;0
3208;0
3209;0.00355007834
3210;1.78807432
3211;2.02406104
3212;3.56363104
3213;3.25441823
3214;3.30911197
3215;4.46118848
3216;3.88365646
3217;3.07557553
3218;3.56530682
3219;3.967429
3220;4.43358307
3221;4.83508147
3222;5.45072866
3223;5.02309654
3224;4.38462311
3225;1.84057733
3226;0.88884599
3227;2.05919137
3228;3.6709512
3229;1.00145876
3230;2.24293827
3231;1.40485063
3232;2.29009717
3233;2.77762431
3234;2.45646121
3235;4.09186225
3236;5.21066748
3237;5.46289897
3238;4.0300754
3239;4.77592939
3240;5.54493529
3241;4.90871361
3242;5.12775307
3243;5.07539865
3244;4.99006799
3245;4.96769622
3246;4.97868771
3247;4.77134027
3248;5.04769349
3249;5.17253436
3250;4.65612492
3251;4.23748133
3252;5.43830539
3253;4.99570899
3254;3.61983911
3255;1.36320434
3256;2.59457319
3257;4.06833383
3258;3.75294122
3259;4.75947538
3260;5.61764145
3261;6.69166241
3262;5.47659765
3263;6.57666993
3264;4.73399692
3265;4.9589306
3266;4.97440986
3267;5.04855181
3268;5.01411246
3269;4.97832468
3270;4.94307417
3271;4.85587592
3272;4.65683698
3273;3.92229399
3274;3.04994805
3275;1.51306077
3276;1.16105424
3277;0.223657226
3278;0
3279;0
3280;0
3281;0
3282;1.00459231
3283;2.08400145
3284;3.14362006
3285;3.49362062
3286;3.20606255
3287;3.11441605
3288;2.47529612
3289;2.82207519
3290;3.09120215
3291;3.33467533
3292;3.54449827
3293;3.90159991
3294;5.20029136
3295;5.24238849
3296;5.15525708
3297;4.19939807
3298;1.43806821
3299;0.00276022712
3300;0
3301;0
3302;0
3303;0.0199562657
3304;0
3305;0.643558669
3306;1.5604421
3307;1.68524873
3308;2.09816458
3309;2.16555064
3310;1.4859916
3311;2.24428588
3312;1.92393768
3313;1.76131057
3314;2.24564827
3315;2.64103577
3316;3.090793
3317;3.39815472
3318;4.96294839
3319;5.42963268
3320;3.5511805
3321;1.21954155
3322;0
3323;0
3324;0
3325;0
3326;0
3327;0
3328;0
3329;0.0606290626
3330;1.66924648
3331;1.19652822
3332;1.00414427
3333;1.07576496
3334;1.2419819
3335;2.53536446
3336;1.27043349
3337;0.645625046
3338;0.428767917
3339;0.475885657
3340;1.4198064
3341;2.20215492
3342;4.8326693
3343;3.9828807
3344;1.96804674
3345;0.599210692
3346;0
3347;0
3348;0
3349;0
3350;0.0268897232
3351;0
3352;0.867501447
3353;0.186152342
3354;0.83274321
3355;1.34266748
3356;2.47993648
3357;1.25549405
3358;3.0904919
3359;1.94461978
3360;0.834033141
3361;0.397234228
3362;0.346186054
3363;0.367107892
3364;0.677258321
3365;0.941425239
3366;3.30124776
3367;2.68635844
3368;2.31458956
3369;0.555403459
3370;0.613974962
3371;0
3372;0
3373;0
3374;0
3375;0
3376;0
3377;0
3378;1.12557812
3379;1.20705279
3380;2.30123516
3381;1.48596199
3382;2.80758306
3383;3.1091051
3384;1.8395718
3385;0.426842462
3386;0.368747195
3387;0.550825071
3388;0.907236347
3389;1.20303925
3390;3.64729139
3391;3.35033017
3392;2.92444832
3393;1.2219059
3394;0.154033828
3395;0
3396;0.597699979
3397;0
3398;0
3399;0
3400;0
3401;0
3402;0.459733695
3403;1.0366296
3404;1.08754213
3405;1.07948764
3406;1.5664231
3407;1.6554065
3408;1.7240755
3409;0.638480257
3410;0.531093358
3411;0.44948765
3412;0.660486484
3413;1.03652421
3414;3.00667187
3415;2.53380182
3416;2.29883668
3417;1.29633773
3418;1.07687762
3419;0
3420;0.26190869
3421;0.181524615
3422;0
3423;0
3424;0
3425;1.22581471
3426;1.55617833
3427;0.974393154
3428;1.83245909
3429;2.29092689
3430;2.88296463
3431;3.14238817
3432;0.642662621
3433;0.412360498
3434;0.386546877
3435;0.370764677
3436;0.349483739
3437;0.405362583
3438;2.34374428
3439;1.74419512
3440;1.16267638
3441;0.514391054
3442;0
3443;0
3444;0
3445;0
3446;0
3447;0
3448;0
3449;0
3450;0.269016222
3451;1.08452588
3452;1.65063011
3453;1.26055823
3454;2.34226935
3455;1.55530015
3456;0.452109792
3457;0.422102144
3458;0.404146639
3459;0.394815821
3460;0.431711113
3461;0.50529485
3462;2.09993083
3463;1.55912532
3464;0.739521504
3465;0.567451131
3466;0
3467;0
3468;0
3469;0
3470;0
3471;0
3472;0
3473;0
3474;0.697495857
3475;1.16713871
3476;1.36229017
3477;1.23879004
3478;1.46361089
3479;1.86623174
3480;0.96179907
3481;0.393702013
3482;0.380598692
3483;0.417959553
3484;0.911112069
3485;1.39934602
3486;3.5911851
3487;3.05768918
3488;1.76020174
3489;0.281963886
3490;0
3491;0
3492;0
3493;0
3494;1.03580835
3495;0
3496;0
3497;0
3498;1.02319189
3499;0.942959807
3500;0.900900053
3501;1.0901025
3502;1.25398708
3503;2.54832032
3504;1.28383171
3505;0.666207237
3506;0.795221782
3507;1.17225958
3508;1.68091533
3509;2.21692279
3510;4.79806575
3511;4.23920679
3512;2.79248034
3513;1.79828447
3514;0.769151393
3515;0.47991944
3516;0.00820763067
3517;0.251476637
3518;1.58886575
3519;1.05871042
3520;1.55107109
3521;0.584211027
3522;0.197616172
3523;0.878571111
3524;2.42512219
3525;1.27912779
3526;3.0943297
3527;1.94461978
3528;0.83859417
3529;0.39941865
3530;0.342486052
3531;0.558889136
3532;1.10207836
3533;1.654775
3534;4.35864545
3535;3.02174548
3536;1.14444426
3537;0.361106498
3538;0.142755996
3539;0
3540;0
3541;0
3542;0
3543;0
3544;0
3545;0
3546;1.12021593
3547;1.11089934
3548;2.27762649
3549;1.47865939
3550;2.80758306
3551;3.10431188
3552;1.8654602
3553;0.450961803
3554;0.392111698
3555;0.521291242
3556;0.900132253
3557;1.24439564
3558;3.18221195
3559;2.26287171
3560;1.15727765
3561;0
3562;0
3563;0
3564;0
3565;0
3566;0
3567;0
3568;0
3569;0
3570;0.0203397083
3571;0.562840756
3572;1.0015514
3573;1.03856429
3574;1.59358562
3575;1.67306921
3576;1.73159881
3577;0.647215124
3578;0.539841206
3579;0.519938379
3580;0.958472149
3581;1.41554187
3582;3.46703997
3583;2.88780315
3584;1.72285315
3585;0.00641909168
3586;0
3587;0
3588;0
3589;0
3590;0
3591;0.386280058
3592;0
3593;0.868124266
3594;1.32344611
3595;1.28073623
3596;1.8767783
3597;2.29431674
3598;2.89002368
3599;3.14542809
3600;0.64422209
3601;0.419829367
3602;0.395819085
3603;0.629064867
3604;1.04024288
3605;1.37928961
3606;3.30878591
3607;2.36664709
3608;1.35388633
3609;0.141618178
3610;0
3611;0
3612;0
3613;0
3614;0
3615;0
3616;0
3617;0.404813558
3618;1.17886766
3619;1.67025167
3620;1.81945758
3621;1.27567944
3622;2.35811793
3623;1.56313256
3624;0.42871893
3625;0.403935097
3626;0.391430086
3627;0.563941899
3628;1.00672303
3629;1.43155007
3630;3.84757605
3631;3.94452465
3632;3.57597611
3633;4.95885901
3634;3.63619879
3635;3.31602074
3636;3.59038488
3637;3.09440894
3638;2.97820028
3639;2.9513771
3640;2.68525258
3641;2.96496187
3642;4.07762928
3643;4.05752169
3644;3.79468443
3645;3.68007229
3646;2.27413714
3647;3.20625237
3648;2.75281241
3649;2.50299591
3650;2.71529257
3651;2.92754431
3652;3.17938148
3653;3.43608698
3654;4.96419077
3655;5.58485682
3656;5.27260215
3657;4.47424416
3658;3.73706489
3659;1.988191
3660;1.30709967
3661;0.556549776
3662;0.00528626809
3663;0
3664;0.0128165269
3665;1.08545537
3666;2.68540306
3667;2.18573256
3668;2.48254582
3669;2.92479432
3670;1.62710176
3671;3.45771337
3672;2.761457
3673;2.61455601
3674;2.75837632
3675;3.04394292
3676;3.40064956
3677;3.71987484
3678;5.04475431
3679;5.18572576
3680;4.95776894
3681;4.67400473
3682;3.68809736
3683;3.2068088
3684;3.77329397
3685;4.00226022
3686;4.3522533
3687;3.84550654
3688;4.47038726
3689;3.81669675
3690;3.51072399
3691;3.86005731
3692;5.1207132
3693;4.81781632
3694;4.77011491
3695;4.25540527
3696;3.57115084
3697;3.35098861
3698;3.47680188
3699;3.60818014
3700;3.66362066
3701;3.82599581
3702;5.23469085
3703;4.61456888
3704;3.17371361
3705;2.19080087
3706;1.74069019
3707;0.50767606
3708;0
3709;0
3710;0
3711;0
3712;0
3713;0
3714;1.31171722
3715;0.718605293
3716;2.09870405
3717;2.00846041
3718;2.63832951
3719;3.07503934
3720;2.62898702
3721;2.02421162
3722;2.55641061
3723;3.01861837
3724;3.32295239
3725;3.61877589
3726;5.11335331
3727;4.18687355
3728;2.33310305
3729;0.595700122
3730;0
3731;0
3732;0
3733;0
3734;0
3735;0
3736;0
3737;0
3738;0
3739;0.422506755
3740;0.830948106
3741;0.997279672
3742;1.46648829
3743;1.5613598
3744;1.63568525
3745;1.09515217
3746;1.70040429
3747;2.13822033
3748;2.56416098
3749;3.0241404
3750;4.79517885
3751;3.42768996
3752;1.85504328
3753;0.42105616
3754;0
3755;0
3756;0
3757;0
3758;0
3759;0
3760;0
3761;0
3762;0.269859342
3763;0.687354242
3764;1.52908411
3765;2.13985581
3766;2.70212928
3767;2.95090845
3768;0.611155197
3769;0.403977725
3770;0.516063915
3771;1.16250662
3772;1.63519039
3773;2.06910194
3774;4.0975474
3775;2.61015705
3776;1.51272386
3777;0.192314152
3778;0
3779;0
3780;0
3781;0
3782;0.181391206
3783;0
3784;0
3785;0
3786;0.189380037
3787;1.03211378
3788;1.68452382
3789;1.16258046
3790;2.19624099
3791;1.46517799
3792;0.43646454
3793;0.40921576
3794;0.430544163
3795;0.909907292
3796;1.44778734
3797;1.95494729
3798;4.20213101
3799;2.80961729
3800;1.7222806
3801;0.870192759
3802;0
3803;0
3804;0
3805;0
3806;0
3807;0
3808;0
3809;0
3810;0.669413707
3811;1.06033628
3812;1.12604538
3813;1.12346271
3814;1.35326368
3815;1.74221467
3816;0.921803332
3817;0.393996049
3818;0.382606531
3819;0.365705013
3820;0.381312724
3821;0.378482955
3822;2.39940294
3823;2.75372029
3824;2.38307019
3825;2.07945481
3826;0.779793701
3827;0
3828;0
3829;0
3830;0
3831;0
3832;0
3833;0
3834;1.69429556
3835;1.28861413
3836;0.860698043
3837;0.985397393
3838;1.18978079
3839;2.40035449
3840;1.19604366
3841;0.721753317
3842;0.932901815
3843;1.24577967
3844;1.56671451
3845;1.83708515
3846;3.97445955
3847;3.72633302
3848;2.5823581
3849;1.90673653
3850;1.83734051
3851;0.755896214
3852;1.13437431
3853;1.69035247
3854;2.6121095
3855;1.73677399
3856;2.59460827
3857;1.97730626
3858;1.9271306
3859;2.65907111
3860;3.78397524
3861;2.81680141
3862;3.00711085
3863;2.34181943
3864;1.60583436
3865;1.43409899
3866;1.53108193
3867;1.656747
3868;1.80295628
3869;1.96102935
3870;4.26178856
3871;3.46066284
3872;3.09900026
3873;2.70788246
3874;2.0129261
3875;3.49111697
3876;2.90887109
3877;1.15451481
3878;1.52201005
3879;0
3880;0.0718216511
3881;0.539667979
3882;0.887943753
3883;0.48830367
3884;1.93819498
3885;1.78861013
3886;2.62985883
3887;2.98136737
3888;2.41182606
3889;1.65500731
3890;2.02180979
3891;2.32899544
3892;2.63329195
3893;2.90596137
3894;5.00343016
3895;4.38557694
3896;2.95347993
3897;1.82013003
3898;0.854162405
3899;0.488936092
3900;0.231553213
3901;0
3902;0
3903;0.956958895
3904;0.255972702
3905;0
3906;0.492008693
3907;0.845092199
3908;0.818121683
3909;0.979169893
3910;1.44786114
3911;1.54229197
3912;1.62132111
3913;0.612079316
3914;0.541723158
3915;0.954174365
3916;1.2841129
3917;1.56627195
3918;3.466139
3919;2.30881526
3920;0.729326507
3921;0
3922;0
3923;0.780139283
3924;0
3925;0
3926;0
3927;0
3928;0
3929;0
3930;0.197182758
3931;0.748313212
3932;1.3933873
3933;2.13512611
3934;2.68976605
3935;2.94525644
3936;0.607973339
3937;0.401639657
3938;0.380022687
3939;0.366636424
3940;0.529774454
3941;1.18789443
3942;3.61176044
3943;2.34686042
3944;1.79021192
3945;1.61449069
3946;0.727552005
3947;0.013693753
3948;0
3949;0
3950;0
3951;0
3952;0
3953;0
3954;0.677768509
3955;1.45965069
3956;1.7767764
3957;1.76520789
3958;2.20628339
3959;1.47222591
3960;0.681257918
3961;1.08796019
3962;1.46104497
3963;1.79515245
3964;2.19405341
3965;2.59665544
3966;4.65783146
3967;3.65401447
3968;2.11815144
3969;1.23141575
3970;0
3971;0
3972;0
3973;0
3974;0
3975;0
3976;0
3977;0
3978;1.32781315
3979;1.35121312
3980;1.35065834
3981;1.12954934
3982;1.35940569
3983;1.74331848
3984;0.901163713
3985;0.372332691
3986;0.362634885
3987;0.429434775
3988;0.81630512
3989;0.950744284
3990;2.68345195
3991;2.46472548
3992;1.25111322
3993;0
3994;0
3995;0
3996;0
3997;0
3998;0
3999;0
4000;0
4001;0
4002;0.821737329
4003;0.485161223
4004;0.645550119
4005;0.984218568
4006;1.14985816
4007;2.37457381
4008;1.18614573
4009;0.606943025
4010;0.405972722
4011;0.382543615
4012;0.421358168
4013;0.467991417
4014;2.06518842
4015;1.20647674
4016;0.0092015682
4017;0
4018;0
4019;0
4020;0
4021;0
4022;0
4023;0
4024;0.0897809384
4025;0
4026;0
4027;0.551753243
4028;1.97750676
4029;1.15062495
4030;2.87701767
4031;1.80992191
4032;0.777472121
4033;0.368579703
4034;0.316315491
4035;0.32790417
4036;0.358851101
4037;0.397105185
4038;0.722674708
4039;0.438804929
4040;0
4041;0
4042;0.0480430454
4043;0
4044;0
4045;0
4046;0
4047;0
4048;0
4049;0
4050;0.860380248
4051;0.47584102
4052;1.90810843
4053;1.35636771
4054;2.60958293
4055;2.89840942
4056;1.70804293
4057;0.388716742
4058;0.33742032
4059;0.338198178
4060;0.360316769
4061;0.405319048
4062;0.787227406
4063;0.404711819
4064;0.0187281852
4065;0
4066;0
4067;0
4068;0
4069;0
4070;0
4071;0
4072;0
4073;0
4074;0.0635847999
4075;0.359196259
4076;0.816051066
4077;0.979169893
4078;1.44786114
4079;1.5388699
4080;1.60658969
4081;0.591039064
4082;0.492122888
4083;0.414218859
4084;0.343936821
4085;0.342955818
4086;0.321385857
4087;0.191467312
4088;0.0353652993
4089;0
4090;0
4091;0
4092;0.879138343
4093;0
4094;0
4095;0
4096;0
4097;1.20784212
4098;1.45403775
4099;1.32799743
4100;1.66107971
4101;2.13512611
4102;2.68976605
4103;2.93593617
4104;0.598160908
4105;0.389234955
4106;0.365354947
4107;0.350477372
4108;0.331717146
4109;0.339471945
4110;0.190243684
4111;0.0629731411
4112;0.273733515
4113;0
4114;0
4115;0
4116;0
4117;0
4118;0
4119;0
4120;0
4121;0
4122;0.0727069465
4123;0.743312553
4124;1.330017
4125;1.1670254
4126;2.19433415
4127;1.4602342
4128;0.426828909
4129;0.40256384
4130;0.386737836
4131;0.377622776
4132;0.409388565
4133;0.476643974
4134;2.56143316
4135;2.50178055
4136;2.02869199
4137;2.53293523
4138;0.420758272
4139;0
4140;0
4141;0
4142;0
4143;0
4144;0
4145;0
4146;0.51882733
4147;1.44243683
4148;1.06706528
4149;1.12346271
4150;1.3576876
4151;1.74221467
4152;0.894393006
4153;0.364740619
4154;0.35502134
4155;0.351089212
4156;0.388314785
4157;0.411527946
4158;2.25145772
4159;2.57464785
4160;2.1466721
4161;0.61749609
4162;0.525606154
4163;0
4164;0
4165;0
4166;0
4167;0
4168;0
4169;0
4170;1.54716117
4171;1.1286471
4172;0.781085183
4173;1.45075629
4174;1.17137875
4175;2.39000957
4176;1.54675575
4177;1.45866373
4178;1.63273793
4179;1.92492612
4180;2.05539088
4181;2.18096137
4182;3.79395649
4183;4.00433094
4184;3.65131221
4185;2.92206285
4186;1.79168289
4187;2.76019549
4188;1.85443455
4189;0.702717961
4190;0.979563485
4191;1.83465735
4192;2.31475817
4193;0.0670647793
4194;0.300925587
4195;1.58594026
4196;3.14223691
4197;2.65393663
4198;3.01251448
4199;2.42809777
4200;1.76109253
4201;1.65363539
4202;1.88977301
4203;2.11428612
4204;2.26237188
4205;2.47941758
4206;4.81077881
4207;4.02451996
4208;2.93855696
4209;2.74396664
4210;2.43773657
4211;1.09787885
4212;0.774091309
4213;0.504628192
4214;1.28110028
4215;1.3654913
4216;1.03744617
4217;1.33855396
4218;2.57990011
4219;2.64781261
4220;3.83654552
4221;3.452363
4222;3.17738929
4223;3.96066676
4224;3.12001916
4225;2.08683968
4226;2.33777125
4227;2.50701364
4228;2.78211784
4229;3.13511314
4230;4.96829236
4231;4.73033091
4232;3.57439529
4233;2.04876193
4234;1.67485276
4235;1.73634989
4236;1.44018488
4237;0
4238;0
4239;0.184432239
4240;0
4241;0
4242;0.162561176
4243;0.949506931
4244;1.68059455
4245;2.53760462
4246;1.6191046
4247;2.16521434
4248;2.92133318
4249;2.55986579
4250;2.86569745
4251;3.17966826
4252;3.22880741
4253;3.40470982
4254;4.86743631
4255;4.50518596
4256;3.44881044
4257;3.06567895
4258;2.52136429
4259;1.07348962
4260;1.37118941
4261;2.20014443
4262;2.00298862
4263;1.0714564
4264;1.56414015
4265;2.59087054
4266;3.05623488
4267;2.22107385
4268;3.07872036
4269;4.23132558
4270;3.38652172
4271;4.32880795
4272;2.5411397
4273;2.77360609
4274;3.16171574
4275;3.48442958
4276;3.72393823
4277;3.96816703
4278;4.94174009
4279;4.87923625
4280;3.37227995
4281;2.12095016
4282;1.15672593
4283;0
4284;2.34260987
4285;0
4286;0.0624206872
4287;0
4288;0
4289;0.892569862
4290;1.73235615
4291;2.1054325
4292;2.10138804
4293;2.16959222
4294;2.21072937
4295;1.90063974
4296;1.45977999
4297;1.8036082
4298;2.09647947
4299;2.2896455
4300;2.41721256
4301;2.4362585
4302;4.50448147
4303;4.34075156
4304;3.91819421
4305;4.44059814
4306;2.99107804
4307;2.34205334
4308;2.79652793
4309;2.2526487
4310;1.57201168
4311;1.94972849
4312;1.99580896
4313;1.15957879
4314;1.82901603
4315;1.57666025
4316;1.99032805
4317;2.39434634
4318;1.39458904
4319;2.18572861
4320;1.80423844
4321;1.59434289
4322;1.95165143
4323;2.29909007
4324;2.58142144
4325;2.85174731
4326;4.82875772
4327;5.20477143
4328;3.615976
4329;1.64987438
4330;0.391997304
4331;0
4332;0.835940848
4333;0
4334;0
4335;0
4336;0
4337;0
4338;1.40173738
4339;1.67830414
4340;1.27805716
4341;2.14109423
4342;1.17887299
4343;2.5587299
4344;1.68730673
4345;1.44206674
4346;1.50959319
4347;1.72162521
4348;1.96946964
4349;2.21620816
4350;4.10225004
4351;3.28646164
4352;2.42539868
4353;2.11809439
4354;0
4355;0
4356;0
4357;0
4358;0
4359;0
4360;0
4361;0
4362;0
4363;0.412201393
4364;1.82503386
4365;1.07028158
4366;2.72374469
4367;1.71557666
4368;0.744175154
4369;0.364196707
4370;0.318741202
4371;0.331535704
4372;0.422561064
4373;0.892927665
4374;3.37600331
4375;2.13443023
4376;0.676592706
4377;0
4378;0.000581789439
4379;0
4380;0
4381;0
4382;0
4383;0
4384;0
4385;0
4386;0.60834624
4387;0.776115935
4388;2.0652253
4389;1.26694713
4390;2.46179258
4391;2.74082096
4392;1.61770122
4393;0.373499743
4394;0.327556493
4395;0.329114637
4396;0.349166427
4397;0.389832186
4398;0.901410337
4399;1.00792353
4400;0.909593811
4401;0.526399351
4402;0.205803155
4403;0.545564039
4404;1.66323794
4405;0.180869664
4406;0
4407;0.144670519
4408;0.463674688
4409;0.510041009
4410;0
4411;0.337979525
4412;0.806753076
4413;1.32075815
4414;1.37381767
4415;1.46701075
4416;1.53378096
4417;0.631247242
4418;0.743439954
4419;0.833240977
4420;0.899028737
4421;1.03100446
4422;2.76629199
4423;2.37451146
4424;1.76997458
4425;1.76223481
4426;0.0865773929
4427;0
4428;1.34417253
4429;0.943033202
4430;0
4431;0
4432;0
4433;0.517241124
4434;0.285556483
4435;0.909551346
4436;1.4286272
4437;2.01825
4438;2.54932301
4439;2.78432472
4440;0.570013643
4441;0.386453616
4442;0.657574517
4443;0.923016226
4444;1.1909206
4445;1.4289641
4446;2.89049447
4447;1.94507322
4448;1.01439826
4449;0.0520952045
4450;0
4451;0
4452;0.00119539219
4453;0
4454;0
4455;0
4456;0
4457;0
4458;0.17032963
4459;0.657734749
4460;1.31186051
4461;1.08290096
4462;2.05886402
4463;1.37505088
4464;0.402618483
4465;0.380754208
4466;0.371703293
4467;0.364424735
4468;0.39310678
4469;0.532018058
4470;2.60613569
4471;1.80291087
4472;0.644896014
4473;0.292271464
4474;0
4475;0
4476;0
4477;0
4478;0
4479;0
4480;0
4481;0
4482;0.471978795
4483;0.807821945
4484;1.12240298
4485;1.04474995
4486;1.26548504
4487;1.63836044
4488;0.843250897
4489;0.348517252
4490;0.339888946
4491;0.335735791
4492;0.370165604
4493;0.389826074
4494;1.47066444
4495;1.22075821
4496;0.316333589
4497;0
4498;0
4499;0
4500;0
4501;0
4502;0
4503;0
4504;0
4505;0.315123594
4506;0.743602662
4507;0.469059014
4508;0.688926292
4509;0.914680082
4510;1.07981826
4511;2.23644917
4512;1.11561076
4513;0.571930253
4514;0.384835236
4515;0.364507274
4516;0.396092588
4517;0.430602751
4518;1.03098345
4519;0.549643602
4520;0
4521;0
4522;0
4523;0
4524;0
4525;0
4526;0
4527;0
4528;0.0184730626
4529;0
4530;0
4531;0.41163002
4532;1.91363685
4533;1.07028158
4534;2.71364383
4535;1.71023057
4536;0.737670519
4537;0.355511056
4538;0.308835736
4539;0.321254297
4540;0.346976959
4541;0.383150984
4542;0.849645893
4543;0.554984636
4544;0.00927916142
4545;0
4546;0.172769157
4547;1.47530715
4548;0
4549;0
4550;0
4551;0
4552;0
4553;0
4554;0.703019467
4555;0.353072783
4556;1.84681627
4557;1.26694713
4558;2.46179258
4559;2.74133347
4560;1.62092049
4561;0.377828418
4562;0.330222744
4563;0.332896027
4564;0.352152617
4565;0.390470911
4566;0.823087919
4567;0.455133045
4568;0.0237711717
4569;0
4570;0
4571;0
4572;0
4573;0
4574;0
4575;0
4576;0
4577;0
4578;0
4579;0.355526111
4580;0.760722978
4581;0.908565349
4582;1.36177627
4583;1.45394622
4584;1.52106778
4585;0.566155396
4586;0.476223276
4587;0.403208727
4588;0.338991072
4589;0.34075333
4590;1.02313457
4591;1.22146072
4592;1.03337216
4593;0.291617269
4594;0
4595;0
4596;0
4597;0
4598;0
4599;0
4600;0
4601;0
4602;0.243863073
4603;0.529798245
4604;1.37268814
4605;2.01950613
4606;2.54932301
4607;2.78609661
4608;0.571924102
4609;0.379734743
4610;0.416173764
4611;0.86769126
4612;1.2899203
4613;1.65516506
4614;3.66033889
4615;2.43544471
4616;1.41421501
4617;0.233154112
4618;0
4619;0
4620;0
4621;0
4622;0
4623;0
4624;0
4625;0
4626;0.0157942012
4627;0.660387865
4628;1.29770197
4629;1.08290096
4630;2.06539543
4631;1.37912351
4632;0.410423976
4633;0.391572952
4634;0.38021991
4635;0.381291683
4636;0.603120311
4637;0.889699589
4638;3.05008244
4639;2.2892584
4640;1.19558117
4641;0.601361533
4642;0
4643;0
4644;0
4645;0
4646;0
4647;0
4648;0
4649;0
4650;0.413539022
4651;0.839475479
4652;1.11125247
4653;1.04474995
4654;1.2684086
4655;1.64474635
4656;0.846682998
4657;0.35237035
4658;0.339888946
4659;0.334712164
4660;0.371097881
4661;0.393086518
4662;2.09757392
4663;1.8106218
4664;0.834657037
4665;0
4666;0
4667;0
4668;0
4669;0
4670;0
4671;0
4672;0
4673;0
4674;0.756090383
4675;0.476467376
4676;0.681463717
4677;0.914680082
4678;1.07981826
4679;2.23830384
4680;1.11913807
4681;0.574173998
4682;0.384835236
4683;0.367200093
4684;0.402063047
4685;0.439561786
4686;1.79392828
4687;1.46132617
4688;0.266920475
4689;0
4690;0
4691;0
4692;0
4693;0
4694;0
4695;0
4696;0
4697;0
4698;0
4699;0.425471074
4700;1.89715788
4701;1.07028158
4702;2.71887603
4703;1.71478543
4704;0.736081503
4705;0.354928039
4706;0.310948005
4707;0.327526401
4708;0.357784855
4709;0.398242686
4710;2.56421579
4711;1.55976282
4712;0.119772049
4713;0
4714;0.00566542064
4715;0
4716;0
4717;0
4718;0
4719;0
4720;0
4721;0
4722;0.696929622
4723;0.357361545
4724;1.83157054
4725;1.26694713
4726;2.46179258
4727;2.74228157
4728;1.62341633
4729;0.377828418
4730;0.330222744
4731;0.330958695
4732;0.35088279
4733;0.390470911
4734;0.875094309
4735;0.479262615
4736;0.0401467274
4737;0
4738;0
4739;0
4740;0
4741;0
4742;0
4743;0
4744;0
4745;0
4746;0.024458288
4747;0.525541089
4748;0.823282804
4749;0.908565349
4750;1.36177627
4751;1.45394622
4752;1.51964877
4753;0.561291448
4754;0.471526849
4755;0.401321306
4756;0.335753417
4757;0.336024321
4758;0.375794439
4759;0.259094201
4760;0.0403383352
4761;0
4762;0
4763;0
4764;0
4765;0
4766;0
4767;0
4768;0
4769;0
4770;0.424032361
4771;0.743718715
4772;1.50082034
4773;2.01087399
4774;2.53801206
4775;2.77362593
4776;0.55436145
4777;0.358834328
4778;0.338806736
4779;0.327388239
4780;0.312152864
4781;0.321004685
4782;0.335488985
4783;0.201045609
4784;0.169800942
4785;0
4786;0
4787;0
4788;0
4789;0
4790;0
4791;0
4792;0
4793;0
4794;0.0448192633
4795;0.754648965
4796;1.34838566
4797;1.08290096
4798;2.05470454
4799;1.36833639
4800;0.394769626
4801;0.373787339
4802;0.362709966
4803;0.353534015
4804;0.380319385
4805;0.428301341
4806;0.730226066
4807;0.550881961
4808;0.202971153
4809;0.33569298
4810;0
4811;0
4812;0
4813;0
4814;0
4815;0
4816;0
4817;0
4818;0.511985552
4819;0.930101129
4820;1.16029625
4821;1.04474995
4822;1.26548504
4823;1.63685832
4824;0.838571961
4825;0.341632079
4826;0.333686357
4827;0.32886326
4828;0.362487248
4829;0.37952583
4830;0.661818346
4831;0.839164334
4832;0.37256423
4833;0
4834;0
4835;0
4836;0
4837;0
4838;0
4839;0
4840;0
4841;0
4842;0.767873158
4843;0.482194768
4844;0.710976226
4845;0.914680082
4846;1.07981826
4847;2.23644917
4848;1.11329446
4849;0.567198959
4850;0.381446325
4851;0.364048288
4852;0.395682894
4853;0.428403966
4854;0.668372067
4855;0.516103803
4856;0.0111421921
4857;0
4858;0
4859;0
4860;0
4861;0
4862;0
4863;0
4864;0.0494864771
4865;0
4866;0
4867;0.547848537
4868;1.92778874
4869;1.07028158
4870;2.71364383
4871;1.71023057
4872;0.736081503
4873;0.351993455
4874;0.3040904
4875;0.316754115
4876;0.345065973
4877;0.381401306
4878;0.815065259
4879;0.552749468
4880;0.0172999653
4881;0.0488978641
4882;0.0988325049
4883;0
4884;0
4885;0
4886;0
4887;0.186347111
4888;0.317598848
4889;0.817097998
4890;1.77447179
4891;0.671935427
4892;1.9489543
4893;1.26694713
4894;2.46179258
4895;2.74073585
4896;1.61616131
4897;0.370877888
4898;0.323995855
4899;0.325027542
4900;0.345555492
4901;0.38483698
4902;0.854592692
4903;0.862107051
4904;0.643407381
4905;0
4906;0
4907;0
4908;0.194757432
4909;0.262595331
4910;0.381992055
4911;1.29921892
4912;0.442165305
4913;0.505242659
4914;0.0295174432
4915;0.399965133
4916;0.752409397
4917;0.908565349
4918;1.36177627
4919;1.45539618
4920;1.52415658
4921;0.567985352
4922;0.476223276
4923;0.402878971
4924;0.336826725
4925;0.337175364
4926;0.956024777
4927;0.570136599
4928;0.0223492837
4929;0
4930;0
4931;0
4932;0
4933;1.4829816
4934;0.116404698
4935;0
4936;0.483250937
4937;0.0437104693
4938;0.231343728
4939;0.622078566
4940;1.58485365
4941;2.01087399
4942;2.53801206
4943;2.77362593
4944;0.55436145
4945;0.360912665
4946;0.343387021
4947;0.332809168
4948;0.314305749
4949;0.321004685
4950;0.341543419
4951;0.387488332
4952;0.285882863
4953;0
4954;0.0950385294
4955;0
4956;0
4957;0
4958;0
4959;0.293205776
4960;0.472552744
4961;0
4962;0.467385335
4963;0.876204217
4964;1.44927406
4965;1.08290096
4966;2.05470454
4967;1.36833639
4968;0.394769626
4969;0.373787339
4970;0.362709966
4971;0.352430864
4972;0.376895998
4973;0.421942716
4974;0.723772426
4975;0.624615919
4976;0.297994013
4977;0.447698818
4978;0
4979;0
4980;0
4981;0
4982;0
4983;0
4984;0
4985;0
4986;0.565733928
4987;0.965369926
4988;1.17031459
4989;1.04474995
4990;1.26548504
4991;1.63685832
4992;0.838571961
4993;0.341632079
4994;0.333686357
4995;0.328509575
4996;0.359766134
4997;0.373184729
4998;0.651441662
4999;1.22466731
5000;1.25346378
5001;0.198894714
5002;0.200212564
5003;0.146793971
5004;0
5005;0
5006;0
5007;0
5008;0
5009;0.787958653
5010;1.85476046
5011;1.17696166
5012;0.921602128
5013;0.914680082
5014;1.08124557
5015;2.23882902
5016;1.11687847
5017;0.571540081
5018;0.382417195
5019;0.361900046
5020;0.392954894
5021;0.423108101
5022;0.658254472
5023;0.92003648
5024;0.703204267
5025;1.00169222
5026;0.747968226
5027;0.337006385
5028;0.591902194
5029;0.884125455
5030;1.94768565
5031;1.20679007
5032;1.86181295
5033;1.04032322
5034;0.931615498
5035;1.08506214
5036;2.28680843
5037;1.58410075
5038;2.72562623
5039;1.71993945
5040;0.744991073
5041;0.35993157
5042;0.329188115
5043;0.516432173
5044;0.687731397
5045;0.848832907
5046;3.00116593
5047;1.88942973
5048;0.851449815
5049;0.143220347
5050;0.237089746
5051;0
5052;0
5053;0
5054;0.298613883
5055;0
5056;0
5057;0
5058;0.790324578
5059;0.785646087
5060;2.01694462
5061;1.26694713
5062;2.46261057
5063;2.74310934
5064;1.6192734
5065;0.373123358
5066;0.325369287
5067;0.325683687
5068;0.345317274
5069;0.384146319
5070;0.871880987
5071;0.692582994
5072;0.0834008648
5073;0.0160922156
5074;0
5075;0
5076;0.423483757
5077;0
5078;0
5079;0
5080;0
5081;0
5082;0
5083;0.325885701
5084;0.823786907
5085;0.908565349
5086;1.36177627
5087;1.4550865
5088;1.54877989
5089;0.576209149
5090;0.482835701
5091;0.407951696
5092;0.342212207
5093;0.343353424
5094;1.27302421
5095;1.1706437
5096;0.857200217
5097;0.525031207
5098;0
5099;0
5100;0
5101;0
5102;0
5103;0
5104;0
5105;0
5106;0.270095416
5107;0.798484056
5108;1.66114642
5109;2.04915268
5110;2.58284453
5111;2.81972914
5112;0.566089523
5113;0.367140441
5114;0.347608421
5115;0.335239291
5116;0.316976588
5117;0.324456981
5118;0.344926224
5119;0.283642784
5120;0.673186534
5121;0
5122;0.0471301603
5123;0.162194743
5124;0.756559715
5125;0.345529444
5126;0
5127;0
5128;0.489283844
5129;0.393552167
5130;1.21689158
5131;1.55228747
5132;1.62197769
5133;1.12385057
5134;2.10744352
5135;1.40327155
5136;0.411196799
5137;0.387605088
5138;0.375488333
5139;0.36612298
5140;0.403941712
5141;0.685919314
5142;2.9011016
5143;2.16241162
5144;2.08648479
5145;2.73692942
5146;0.834607266
5147;0
5148;0
5149;0
5150;0
5151;0
5152;0
5153;0
5154;0.706455441
5155;1.38124804
5156;1.17010676
5157;1.10448335
5158;1.31015991
5159;1.68712856
5160;0.923755525
5161;0.875468911
5162;1.28256966
5163;1.60969128
5164;1.95706871
5165;2.25818406
5166;4.66176223
5167;4.11174507
5168;2.40577551
5169;0.712919476
5170;0
5171;0
5172;0
5173;0
5174;0
5175;0.0474012419
5176;0.185938391
5177;0.0287500099
5178;1.52826635
5179;0.588224107
5180;0.795443087
5181;0.948792826
5182;1.1147685
5183;2.28582435
5184;1.14505795
5185;0.589024053
5186;0.395115736
5187;0.373991535
5188;0.64125588
5189;0.970115
5190;3.10113178
5191;2.70342504
5192;2.31841475
5193;2.30589564
5194;1.94594795
5195;1.14975993
5196;1.34354276
5197;1.45521045
5198;2.53479287
5199;1.27787695
5200;2.28955759
5201;1.44862162
5202;1.75013065
5203;2.29108119
5204;3.28885503
5205;2.49433258
5206;2.80223214
5207;2.08448851
5208;1.35297299
5209;1.11056142
5210;1.22771638
5211;1.40246054
5212;1.61737184
5213;1.79957286
5214;4.1102116
5215;3.58167063
5216;3.30156933
5217;3.38553048
5218;2.45137773
5219;1.44865047
5220;0.778197012
5221;0
5222;0.161882432
5223;0.643066903
5224;0.560910306
5225;1.03763911
5226;2.27394592
5227;1.4165323
5228;2.63038643
5229;1.99521165
5230;2.5216789
5231;2.80479229
5232;1.96174827
5233;1.1248889
5234;1.42746081
5235;1.68439786
5236;1.88394707
5237;2.06229162
5238;4.55773867
5239;3.47845216
5240;1.96153704
5241;0.409614816
5242;0
5243;0
5244;0.0607931156
5245;0
5246;0
5247;0
5248;0
5249;0
5250;0
5251;0.455081244
5252;0.865921993
5253;0.945964544
5254;1.38946108
5255;1.4860689
5256;1.56151643
5257;0.591044673
5258;0.497591424
5259;0.616162216
5260;0.977288793
5261;1.26616827
5262;3.10986042
5263;2.65808539
5264;2.38151176
5265;1.42327217
5266;0
5267;0
5268;0
5269;1.52477794
5270;1.57726927
5271;0.448160398
5272;0
5273;0.549758598
5274;1.03343045
5275;1.13340067
5276;1.62679588
5277;2.25891813
5278;2.59517309
5279;2.83554928
5280;0.585217032
5281;0.54679253
5282;0.902382379
5283;1.21074839
5284;1.48321179
5285;1.79132309
5286;3.8620514
5287;3.08497924
5288;2.03585475
5289;0.615595384
5290;0
5291;0
5292;0
5293;0
5294;0
5295;0
5296;0
5297;0
5298;0.15522798
5299;0.972602397
5300;1.46109679
5301;1.11530951
5302;2.10479842
5303;1.40327155
5304;0.41012498
5305;0.386589073
5306;0.376942987
5307;0.370562778
5308;0.400591994
5309;0.67660112
5310;3.08367818
5311;2.4602215
5312;1.382526
5313;0.691226874
5314;0
5315;0
5316;0
5317;0
5318;0
5319;0
5320;0
5321;0
5322;1.01452123
5323;1.41753154
5324;1.27242255
5325;1.07387098
5326;1.2940398
5327;1.67345396
5328;0.861322552
5329;0.354892247
5330;0.34603818
5331;0.342863868
5332;0.377026375
5333;0.396512788
5334;1.72572347
5335;1.89953293
5336;1.28816416
5337;0.116234627
5338;0
5339;0
5340;0
5341;0
5342;0
5343;0
5344;0
5345;0.0453505919
5346;1.29375621
5347;0.771207602
5348;0.904392002
5349;0.940783052
5350;1.1027227
5351;2.27342368
5352;1.13585727
5353;0.582371341
5354;0.389641115
5355;0.369003539
5356;0.401960726
5357;0.439021915
5358;1.48111668
5359;1.81640478
5360;1.51479179
5361;0.910287751
5362;1.18378939
5363;0.505571322
5364;0.107358873
5365;0.111010629
5366;2.08611183
5367;0.65217349
5368;1.87523764
5369;0.576722801
5370;0.365373646
5371;0.844474826
5372;2.19452238
5373;1.16386234
5374;2.77466348
5375;1.75324755
5376;0.766170489
5377;0.508346452
5378;0.867517483
5379;1.14982219
5380;1.42548159
5381;1.68252552
5382;4.09230068
5383;3.35075168
5384;2.82527565
5385;2.13551581
5386;1.23999579
5387;0.322692088
5388;0.88952758
5389;0
5390;0.00341805752
5391;0.20580377
5392;0
5393;0.593052806
5394;1.63404753
5395;0.732473081
5396;2.12411641
5397;1.39065579
5398;2.51768381
5399;2.79463381
5400;1.65250365
5401;0.390077374
5402;0.537996224
5403;0.9411121
5404;1.31737974
5405;1.65512391
5406;4.16536663
5407;3.54425991
5408;2.63233014
5409;1.24140898
5410;0
5411;0
5412;0
5413;0
5414;0
5415;0
5416;0
5417;0
5418;0.440331648
5419;0.969549198
5420;1.03530419
5421;0.938019711
5422;1.39457682
5423;1.48783999
5424;1.5542074
5425;0.579953665
5426;0.485351289
5427;0.41111143
5428;0.344615315
5429;0.343353424
5430;2.04493587
5431;1.84248572
5432;1.77843234
5433;0.862695691
5434;0.218934905
5435;0
5436;0.827479543
5437;0.775832016
5438;1.44641452
5439;0
5440;0.233980026
5441;0.154447089
5442;0.586338754
5443;1.00260749
5444;1.67567011
5445;2.3973892
5446;2.59899925
5447;2.83736519
5448;0.585666559
5449;0.566272303
5450;0.831538341
5451;1.0299454
5452;1.19834546
5453;1.34200857
5454;3.11151989
5455;2.9973736
5456;2.1432293
5457;1.56438779
5458;1.81999711
5459;0.98923463
5460;2.10561302
5461;1.77959741
5462;0.30380846
5463;0
5464;0.894031308
5465;0.993091489
5466;2.39908738
5467;2.80289844
5468;3.07182242
5469;2.78285078
5470;2.24683673
5471;1.91089853
5472;1.13569381
5473;1.24342012
5474;1.30985393
5475;1.34766851
5476;1.41972882
5477;1.54035109
5478;3.55951769
5479;3.33675289
5480;3.22239301
5481;3.33044538
5482;1.32795982
5483;0.684075976
5484;0.688588625
5485;0
5486;0
5487;0.0141686415
5488;0.30077478
5489;0.973764751
5490;2.11152632
5491;2.40102498
5492;2.27816583
5493;2.12699085
5494;1.31296491
5495;1.70198965
5496;1.14858069
5497;0.906138206
5498;1.10711496
5499;1.25896311
5500;1.38387029
5501;1.45476367
5502;3.39420761
5503;3.53979737
5504;3.32360404
5505;2.58237308
5506;1.71940174
5507;1.39598417
5508;1.44862218
5509;0.862840164
5510;1.31108453
5511;0.823878639
5512;0.352289702
5513;0
5514;1.5179724
5515;0.929062827
5516;1.21331693
5517;1.57228672
5518;1.11950553
5519;2.28664142
5520;1.1447734
5521;0.665302099
5522;0.703680897
5523;0.865877692
5524;1.05041335
5525;1.19658262
5526;3.15112395
5527;3.13667373
5528;1.71789346
5529;1.31765487
5530;0.031305279
5531;0
5532;0
5533;0
5534;0.0731891532
5535;0
5536;0.0829977618
5537;0
5538;0.0335222702
5539;0.82717938
5540;2.20657356
5541;1.11724186
5542;2.78134291
5543;1.76027778
5544;0.770438731
5545;0.429579209
5546;0.723762306
5547;1.08107597
5548;1.34238957
5549;1.61600288
5550;4.00807803
5551;3.22198696
5552;1.85868599
5553;0.90460567
5554;0.351157934
5555;0
5556;0
5557;0
5558;0
5559;0
5560;0
5561;0
5562;1.0679682
5563;0.786555048
5564;2.13253488
5565;1.29831175
5566;2.50568499
5567;2.78535703
5568;1.64262406
5569;0.378781481
5570;0.335419748
5571;0.340323987
5572;0.365349207
5573;0.414252269
5574;2.17578317
5575;1.85495359
5576;0.870121462
5577;0
5578;0
5579;0
5580;0.0607786647
5581;0
5582;0
5583;0
5584;0
5585;0
5586;0.0170034381
5587;0.673119995
5588;1.04375775
5589;0.935404766
5590;1.38946108
5591;1.47927509
5592;1.54676596
5593;0.576989595
5594;0.482835701
5595;0.409459956
5596;0.344044213
5597;0.343780412
5598;0.561368937
5599;0.485201335
5600;0.228234019
5601;0
5602;0
5603;0
5604;0
5605;0
5606;0
5607;0
5608;0
5609;0.419899062
5610;1.36706598
5611;1.25951964
5612;1.67173681
5613;2.04915268
5614;2.58284453
5615;2.81972914
5616;0.566089523
5617;0.367609627
5618;0.349306141
5619;0.337416125
5620;0.318412103
5621;0.325213069
5622;0.342413347
5623;0.590342509
5624;1.01222085
5625;1.00935185
5626;0.853176494
5627;0.269428646
5628;0.733445763
5629;0.285356968
5630;0.432057103
5631;0.313748466
5632;0
5633;0.405877671
5634;1.20247114
5635;1.57835659
5636;1.61488461
5637;1.11055143
5638;2.09411545
5639;1.39314871
5640;0.402678663
5641;0.379512613
5642;0.367886104
5643;0.358298539
5644;0.385053269
5645;0.434512898
5646;0.751912373
5647;0.953203283
5648;0.834957073
5649;1.33022863
5650;0.234284854
5651;0.578773084
5652;0
5653;0
5654;0.149552338
5655;0
5656;0
5657;0.018693655
5658;0.927555462
5659;1.52009973
5660;1.7419903
5661;1.77389603
5662;1.3118352
5663;1.68395098
5664;1.04677932
5665;0.946974955
5666;1.26975237
5667;1.51464086
5668;1.75541995
5669;1.92028376
5670;4.21145197
5671;4.28930621
5672;3.1172588
5673;1.35335303
5674;0.0993756355
5675;0
5676;0
5677;0
5678;0
5679;0
5680;0
5681;0
5682;1.63605227
5683;1.19138688
5684;0.977836708
5685;0.957247588
5686;1.1147685
5687;2.28336742
5688;1.14156965
5689;0.58360575
5690;0.389641115
5691;0.369003539
5692;0.401847401
5693;0.437149178
5694;2.02281873
5695;1.98490118
5696;0.682115055
5697;0.0622044803
5698;0
5699;0
5700;0
5701;0
5702;0.629059865
5703;0.383998258
5704;1.36875074
5705;0.539077444
5706;0.916673067
5707;1.11621802
5708;2.20166477
5709;1.09989518
5710;2.762101
5711;1.7395651
5712;0.748918523
5713;0.357259686
5714;0.30766886
5715;0.318800202
5716;0.345207111
5717;0.381027656
5718;0.827204321
5719;0.837003188
5720;0.777092184
5721;1.04314212
5722;1.54346399
5723;1.22606035
5724;0.165885668
5725;0.153253418
5726;0
5727;0
5728;0
5729;0.586252812
5730;1.96047811
5731;1.1875533
5732;2.13777262
5733;1.31452324
5734;2.51768381
5735;2.79473179
5736;1.65314368
5737;0.38809942
5738;0.341261794
5739;0.344192387
5740;0.636547137
5741;1.04446234
5742;3.55634431
5743;3.4203618
5744;3.02990773
5745;2.64205101
5746;2.31004765
5747;1.32708199
5748;1.05484969
5749;0
5750;0
5751;0.982418123
5752;0
5753;0
5754;0.186860108
5755;1.56061821
5756;2.10808317
5757;2.50266268
5758;1.62885385
5759;2.25676427
5760;2.69605075
5761;1.92034928
5762;2.08135381
5763;2.24122275
5764;2.32344493
5765;2.46252511
5766;4.52069162
5767;4.29320683
5768;3.19793784
5769;1.97564799
5770;1.061746
5771;0.015831193
5772;2.35651647
5773;2.36048337
5774;0.967854114
5775;1.12041232
5776;0.191597613
5777;1.72839386
5778;2.27649876
5779;2.66319767
5780;3.29873793
5781;3.95372456
5782;2.9858946
5783;3.71330097
5784;1.7686195
5785;1.79508586
5786;1.98823306
5787;2.19886842
5788;2.47610941
5789;2.79508524
5790;4.68473601
5791;4.92467201
5792;4.90846867
5793;4.18283733
5794;4.40509737
5795;3.67060406
5796;4.11588384
5797;3.67763605
5798;3.2600871
5799;2.99563289
5800;1.3426522
5801;2.15612639
5802;3.92994108
5803;4.2869902
5804;4.3697761
5805;4.05089914
5806;3.20237338
5807;2.98901398
5808;2.2723459
5809;2.43118776
5810;2.58438745
5811;2.74138027
5812;2.81780722
5813;2.95464981
5814;4.77917612
5815;5.02693525
5816;4.97277618
5817;4.37313479
5818;2.43822927
5819;1.42526846
5820;0.404293221
5821;0
5822;0.715744604
5823;0
5824;0
5825;0.196669306
5826;2.18943242
5827;3.14314508
5828;3.43095776
5829;3.12757856
5830;1.57210126
5831;2.2073627
5832;1.56523491
5833;1.03746246
5834;1.00623138
5835;0.952350066
5836;0.921714338
5837;0.86264702
5838;2.64829689
5839;2.824847
5840;1.64727061
5841;0.281229615
5842;0
5843;0
5844;0
5845;0
5846;0
5847;0
5848;0
5849;0
5850;1.46285419
5851;1.30937613
5852;1.05741148
5853;1.02154435
5854;1.19320179
5855;2.46278503
5856;1.22450798
5857;0.620383994
5858;0.411599943
5859;0.389693723
5860;0.427796421
5861;0.468626339
5862;0.752008568
5863;1.04485131
5864;0.469344545
5865;0.288251138
5866;0.0843586561
5867;0
5868;0
5869;0
5870;1.15216037
5871;0.201335728
5872;1.6696861
5873;0.649782754
5874;0.786142626
5875;1.33835232
5876;2.39234511
5877;1.19770926
5878;2.99894682
5879;1.88809766
5880;0.813571824
5881;0.386669603
5882;0.331224081
5883;0.343567479
5884;0.373866675
5885;0.4176416
5886;1.72203681
5887;1.74665738
5888;0.858796668
5889;1.09638339
5890;1.00046446
5891;1.23140511
5892;0.822001845
5893;0
5894;0
5895;0
5896;0
5897;0.0242000468
5898;2.05648479
5899;1.18101187
5900;2.33015088
5901;1.44220402
5902;2.72829274
5903;3.02616139
5904;1.78483026
5905;0.409796475
5906;0.356253965
5907;0.390773832
5908;0.624140919
5909;0.889373366
5910;3.23585749
5911;3.08624307
5912;2.17619519
5913;0.752054299
5914;0.00752550052
5915;0.126423569
5916;0.75755054
5917;0.264770249
5918;0.644459467
5919;1.19457345
5920;0
5921;1.30945029
5922;0.379419053
5923;1.58062009
5924;2.54794883
5925;2.76534993
5926;1.81933774
5927;2.50290786
5928;2.9182958
5929;2.10673071
5930;2.26171285
5931;2.36605981
5932;2.46108684
5933;2.62026746
5934;4.59365163
5935;4.45161442
5936;3.58656118
5937;2.5107682
5938;1.9260299
5939;1.75499736
5940;2.16972187
5941;2.86351571
5942;2.19917758
5943;0.573218927
5944;0
5945;0.594898546
5946;1.56785599
5947;2.47971854
5948;3.19363364
5949;3.94565823
5950;3.07064985
5951;3.82395161
5952;1.7663628
5953;1.86071348
5954;2.0962873
5955;2.34044373
5956;2.59099666
5957;2.86027252
5958;4.72923521
5959;5.05593714
5960;4.31722188
5961;2.47697319
5962;1.25931101
5963;0.260154192
5964;0.186300615
5965;0
5966;0
5967;0
5968;0
5969;0
5970;0.663410533
5971;1.79875739
5972;2.63788884
5973;2.50315583
5974;2.41254864
5975;2.22509017
5976;1.59634007
5977;1.96405509
5978;2.30656244
5979;2.6937891
5980;3.11906029
5981;3.51861167
5982;5.17926418
5983;5.44970786
5984;5.05699024
5985;3.28606102
5986;0.621299182
5987;0
5988;0
5989;0
5990;0
5991;0
5992;0
5993;0
5994;1.20742802
5995;1.6712403
5996;1.50011107
5997;1.18551494
5998;1.42528571
5999;1.83009228
6000;0.950792063
6001;0.728303905
6002;1.39016785
6003;1.91482688
6004;2.39207452
6005;2.78148671
6006;4.92878532
6007;5.59127629
6008;4.45312646
6009;1.8630785
6010;0.0359980491
6011;0
6012;0
6013;0
6014;0
6015;0
6016;0
6017;0
6018;1.54609983
6019;1.24470277
6020;1.05741148
6021;1.02910048
6022;1.20609752
6023;2.47335666
6024;1.23918328
6025;0.636661404
6026;0.427633047
6027;0.48627844
6028;1.09008104
6029;1.71680457
6030;4.38379764
6031;4.60596735
6032;3.18942663
6033;1.62158618
6034;0.177591881
6035;0
6036;0
6037;0
6038;0.357640447
6039;0
6040;2.22242749
6041;0.112725005
6042;0.338768127
6043;1.23194355
6044;2.39214626
6045;1.2121291
6046;3.00860445
6047;1.89716225
6048;0.818979833
6049;0.386820141
6050;0.331489358
6051;0.343567479
6052;0.375678151
6053;0.430434534
6054;3.25956478
6055;3.60624142
6056;2.44077098
6057;1.37117389
6058;0.823565503
6059;0
6060;0
6061;0
6062;0
6063;0
6064;0
6065;0.044314236
6066;1.63102007
6067;1.2228077
6068;2.31927511
6069;1.41666177
6070;2.72528034
6071;3.02616139
6072;1.78459653
6073;0.409757267
6074;0.356219026
6075;0.359053433
6076;0.385424005
6077;0.467787471
6078;2.85523293
6079;2.72500208
6080;2.5272431
6081;1.88132519
6082;1.39219783
6083;1.52987912
6084;2.57777254
6085;0.333876426
6086;0.65302616
6087;0.409723137
6088;0.346471754
6089;0.747365071
6090;0.560726659
6091;1.43517682
6092;1.63512789
6093;1.69811681
6094;1.51799634
6095;1.61000759
6096;1.68144531
6097;0.63734686
6098;0.728040924
6099;0.86232851
6100;0.964069453
6101;1.11340575
6102;2.89334389
6103;2.71889047
6104;2.75406947
6105;1.55625723
6106;0.381251642
6107;0
6108;0.0102530097
6109;0.664362131
6110;0.102164884
6111;0
6112;0
6113;0.188446718
6114;1.08389321
6115;1.53318738
6116;1.89757479
6117;2.667674
6118;2.82131595
6119;3.07737934
6120;0.741800674
6121;0.941423661
6122;1.31470901
6123;1.64982512
6124;2.10070187
6125;2.45151008
6126;4.68973874
6127;5.02445219
6128;4.30339296
6129;2.57127509
6130;1.27458756
6131;0.000549759063
6132;0.215280027
6133;0.907236255
6134;0
6135;0
6136;0
6137;0.4126545
6138;1.09707131
6139;2.49711746
6140;3.07665522
6141;2.96560783
6142;2.64974847
6143;2.55282623
6144;1.99563798
6145;2.26113097
6146;2.471281
6147;2.66022428
6148;2.93684445
6149;3.09783249
6150;4.88851509
6151;5.21262482
6152;5.34756746
6153;5.58264385
6154;3.92003752
6155;3.18672893
6156;3.28197755
6157;2.51082625
6158;2.03383519
6159;2.33969778
6160;1.59160757
6161;1.95847232
6162;3.79313936
6163;3.92947687
6164;3.97718981
6165;4.0651931
6166;2.70353502
6167;3.6812628
6168;3.30218273
6169;3.22399598
6170;3.67199301
6171;4.02332062
6172;4.36234161
6173;4.46254693
6174;5.15712656
6175;5.71097907
6176;5.73646647
6177;4.66061212
6178;3.49527219
6179;2.41241344
6180;2.53745339
6181;1.53879272
6182;1.48638577
6183;0.718621278
6184;0.51046875
6185;0.752712196
6186;1.9532281
6187;2.11933601
6188;2.18727123
6189;2.48542149
6190;1.3134071
6191;3.10265996
6192;2.36640508
6193;2.19247072
6194;2.3602328
6195;2.68021541
6196;2.89241573
6197;2.93671885
6198;4.53014514
6199;4.50516505
6200;3.76621477
6201;3.32761983
6202;2.24936143
6203;0.630505378
6204;0.643475748
6205;0.049890139
6206;0.749088911
6207;0.392949444
6208;1.23170032
6209;0.796412725
6210;0.699453362
6211;1.42295469
6212;2.40435431
6213;1.25153724
6214;3.00767604
6215;1.89206874
6216;0.815397077
6217;0.389236017
6218;0.334907636
6219;0.457382184
6220;0.678513371
6221;0.859035341
6222;3.06859199
6223;2.91038613
6224;2.49262435
6225;2.82818282
6226;2.72176884
6227;2.60563248
6228;1.99917685
6229;1.21511554
6230;1.20006414
6231;0.958037346
6232;1.06679521
6233;1.76234789
6234;3.06798758
6235;2.2803022
6236;3.33077746
6237;2.46502477
6238;2.73214835
6239;3.03026403
6240;1.87252611
6241;0.71219425
6242;0.806868202
6243;0.910586851
6244;1.00311223
6245;1.09866425
6246;3.27652079
6247;2.97055517
6248;2.57477596
6249;1.95415797
6250;1.15914967
6251;1.07760227
6252;2.43392036
6253;0.448059797
6254;0.347231559
6255;1.19393807
6256;0.510897607
6257;0.659163341
6258;0.659715189
6259;1.20051088
6260;1.1394543
6261;1.24192293
6262;1.51799634
6263;1.60947732
6264;1.67915037
6265;0.619864749
6266;0.518044959
6267;0.545657038
6268;0.774546089
6269;0.975793411
6270;2.91821748
6271;3.02684669
6272;3.02529352
6273;1.60767582
6274;0.78135675
6275;0.111668689
6276;1.18411148
6277;0.247392379
6278;0.592025749
6279;0
6280;0.00883012003
6281;0.848328303
6282;1.15161439
6283;1.54647861
6284;1.82405646
6285;2.23560141
6286;2.81422808
6287;3.07178842
6288;0.629898133
6289;0.417275629
6290;0.552980418
6291;0.930677268
6292;1.24834516
6293;1.54065836
6294;3.50558533
6295;3.47254028
6296;3.72580235
6297;1.95022164
6298;0.917763906
6299;0
6300;0
6301;0
6302;0
6303;0
6304;0
6305;0.351791451
6306;1.22891449
6307;1.72564101
6308;1.7697335
6309;1.23066997
6310;2.28444726
6311;1.52267292
6312;0.447222734
6313;0.420909015
6314;0.653339601
6315;0.943386206
6316;1.23156266
6317;1.45922183
6318;3.62603573
6319;3.70889539
6320;3.38981353
6321;3.19642387
6322;1.19964437
6323;0.751694859
6324;1.12700201
6325;0.228511023
6326;0
6327;0
6328;0
6329;0.0219194851
6330;1.58613671
6331;1.87191055
6332;1.56998634
6333;1.44999078
6334;1.41224846
6335;1.81395885
6336;0.933223082
6337;0.468794786
6338;0.848383266
6339;1.05733728
6340;1.16999551
6341;1.39309273
6342;3.64322975
6343;4.08147628
6344;3.69809206
6345;2.35891177
6346;1.40655919
6347;0.248982712
6348;0
6349;0
6350;0
6351;0
6352;0
6353;0.0788072086
6354;1.8597119
6355;1.43027328
6356;1.06964643
6357;1.03553449
6358;1.19698876
6359;2.46537598
6360;1.23241098
6361;0.632286054
6362;0.427794978
6363;0.735471784
6364;1.13943852
6365;1.43284576
6366;3.72722434
6367;3.84745464
6368;3.38292942
6369;2.54892165
6370;0.833966115
6371;0
6372;0
6373;0
6374;0.632899328
6375;4.99928875E-05
6376;0.880760673
6377;0.430476692
6378;0.657313251
6379;1.42851811
6380;2.40488456
6381;1.21391735
6382;3.01342371
6383;1.89206874
6384;0.814525024
6385;0.394798624
6386;0.341832937
6387;0.732344044
6388;1.14014964
6389;1.23504872
6390;3.79652131
6391;4.34045022
6392;3.54296778
6393;2.73812982
6394;1.95740547
6395;0.235487574
6396;0.026213815
6397;0
6398;0
6399;0
6400;0
6401;0.242625243
6402;1.89325727
6403;1.34538803
6404;2.33487326
6405;1.42761247
6406;2.73124248
6407;3.03299087
6408;1.79282292
6409;0.436816847
6410;0.680744504
6411;0.990271242
6412;1.22428029
6413;1.44249994
6414;3.80299444
6415;3.51870907
6416;2.93549894
6417;2.02288697
6418;1.14963836
6419;0.689196044
6420;1.24223399
6421;0
6422;0
6423;0.333936361
6424;0
6425;0.064482485
6426;0.558642852
6427;1.41121475
6428;1.74791118
6429;2.02783815
6430;1.53770106
6431;1.83361596
6432;2.41122924
6433;1.7956879
6434;2.06351999
6435;2.21012255
6436;2.14063874
6437;2.16220067
6438;4.19340988
6439;3.92564979
6440;3.50503877
6441;2.594064
6442;0.96622041
6443;0
6444;0.120269221
6445;0.149891618
6446;0.273003745
6447;0
6448;0
6449;0.494795445
6450;1.28353086
6451;1.55610675
6452;1.85762461
6453;2.8199641
6454;2.83615961
6455;3.23493205
6456;1.21966451
6457;1.19935776
6458;1.39086825
6459;1.63947941
6460;2.05961007
6461;2.53491512
6462;4.72044626
6463;5.05040656
6464;4.86319977
6465;3.13028345
6466;1.44384926
6467;0
6468;0
6469;0
6470;0
6471;0
6472;0
6473;0.0207165347
6474;1.06230614
6475;1.73338711
6476;1.77442789
6477;1.63523944
6478;2.30744579
6479;1.53519312
6480;0.45027165
6481;0.595962159
6482;0.984459318
6483;1.5537658
6484;1.93508084
6485;2.16039906
6486;4.5580696
6487;4.832007
6488;4.12870783
6489;3.46440795
6490;0.889694647
6491;0
6492;0
6493;0
6494;0
6495;0
6496;0
6497;0.0661252443
6498;1.69651569
6499;1.87834662
6500;1.56561111
6501;1.59159453
6502;1.43343483
6503;1.97181337
6504;1.69326237
6505;1.56833035
6506;1.87752848
6507;2.21494676
6508;2.61041723
6509;2.94371985
6510;4.87046026
6511;5.48629535
6512;5.05450054
6513;3.49849617
6514;1.93669391
6515;0.822039595
6516;0.398442188
6517;0.0897328692
6518;0
6519;0
6520;0
6521;0.175544124
6522;1.99943379
6523;1.87336638
6524;1.9384081
6525;2.19176252
6526;1.2229753
6527;2.96246759
6528;2.22188854
6529;1.8849106
6530;1.81188081
6531;1.94562163
6532;2.14667921
6533;2.27278287
6534;4.37584461
6535;4.27610186
6536;3.77093232
6537;3.37744523
6538;2.76399695
6539;1.81261725
6540;1.7933006
6541;1.58516004
6542;2.66039032
6543;1.52783234
6544;2.21335819
6545;1.1377451
6546;1.6071032
6547;2.61009884
6548;3.73666341
6549;2.63468901
6550;3.02407811
6551;2.11582035
6552;1.36566308
6553;1.08234712
6554;1.17310541
6555;1.31085605
6556;1.44607315
6557;1.57868633
6558;3.87183195
6559;3.7116825
6560;3.27794649
6561;3.22727612
6562;3.05360194
6563;2.00635853
6564;0.653006211
6565;0.179842074
6566;0.148233556
6567;0.54979468
6568;0.63705987
6569;0.956626636
6570;2.80805782
6571;2.02213887
6572;3.33967174
6573;2.8114703
6574;3.04919068
6575;3.80512092
6576;2.82682139
6577;1.64614615
6578;1.77759633
6579;1.88655179
6580;1.99513903
6581;2.06951283
6582;4.42686255
6583;4.20522032
6584;3.94560604
6585;3.17545562
6586;2.27700026
6587;2.78358449
6588;3.10471495
6589;0.270261111
6590;1.09323724
6591;2.31531402
6592;0.212325881
6593;0.625461349
6594;1.43083609
6595;2.5656578
6596;2.87286355
6597;3.12615197
6598;2.18560952
6599;2.87173427
6600;3.42283527
6601;2.49270053
6602;2.5495563
6603;2.5719439
6604;2.58260626
6605;2.70273183
6606;4.6425091
6607;4.64097575
6608;4.253095
6609;3.29290867
6610;1.85127746
6611;1.11082776
6612;2.70907169
6613;3.51911095
6614;3.73063277
6615;2.27302153
6616;2.3807061
6617;3.45767442
6618;3.67940387
6619;4.05755111
6620;4.57916528
6621;5.38474524
6622;4.30548941
6623;5.06418487
6624;2.70490845
6625;2.69288012
6626;2.96945489
6627;3.17709429
6628;3.23009671
6629;3.30298823
6630;4.83580849
6631;5.11949024
6632;5.57266634
6633;5.16461878
6634;4.6295528
6635;3.66657061
6636;3.19483202
6637;1.94767029
6638;2.17644673
6639;2.17363493
6640;2.17665219
6641;2.64935585
6642;3.69046759
6643;4.31488711
6644;4.49451756
6645;3.95955597
6646;3.46327201
6647;3.12151068
6648;2.30922996
6649;2.61678227
6650;2.95652656
6651;3.29205081
6652;3.56266248
6653;3.97066391
6654;5.24361698
6655;5.50706661
6656;5.67032765
6657;5.91107214
6658;3.5789443
6659;2.72741794
6660;3.16848281
6661;1.34762176
6662;1.04008761
6663;0.729575135
6664;0.900207502
6665;1.59204225
6666;3.92406988
6667;5.0802268
6668;5.2557063
6669;5.46675253
6670;3.93046357
6671;5.18360267
6672;4.82921598
6673;4.68209738
6674;4.98341926
6675;5.00346193
6676;5.05592634
6677;5.0850306
6678;5.20352616
6679;5.87324388
6680;5.87630153
6681;5.32703961
6682;5.256291
6683;4.64698426
6684;5.06871825
6685;4.45249235
6686;4.63456262
6687;4.47929968
6688;4.27978382
6689;4.36413634
6690;5.89657439
6691;5.3621068
6692;5.04300857
6693;5.1193293
6694;3.3064211
6695;5.13524945
6696;3.99554023
6697;3.46651633
6698;3.33818009
6699;3.37273467
6700;3.47087348
6701;3.54802216
6702;4.93063219
6703;5.26053856
6704;5.146357
6705;5.05976075
6706;4.58172475
6707;3.72733419
6708;3.67628275
6709;3.77398133
6710;4.52998412
6711;3.95803614
6712;4.391711
6713;3.42535207
6714;3.63652995
6715;4.42679897
6716;5.75129791
6717;4.74414275
6718;4.98972768
6719;4.39737204
6720;3.57211726
6721;3.36409946
6722;3.4727964
6723;3.58237918
6724;3.77862941
6725;4.01862941
6726;5.37829212
6727;5.49248711
6728;5.36193725
6729;5.70434027
6730;5.78505057
6731;5.24752557
6732;4.12398799
6733;2.52888332
6734;3.02976507
6735;2.60463347
6736;3.48621167
6737;4.34396552
6738;5.92410994
6739;5.2929786
6740;6.68345144
6741;5.96791079
6742;5.57827668
6743;6.62042792
6744;5.49117416
6745;4.07357853
6746;4.18480437
6747;4.38363438
6748;4.6269662
6749;4.90725908
6750;5.49548873
6751;5.48498542
6752;5.49812379
6753;4.96599861
6754;4.60652074
6755;4.94692543
6756;5.33213731
6757;2.8016247
6758;2.65892553
6759;3.79630601
6760;2.92819242
6761;3.68219267
6762;4.35639758
6763;5.17132242
6764;5.45657804
6765;5.46784448
6766;4.47948072
6767;5.24286266
6768;5.5500098
6769;4.70784798
6770;4.93967231
6771;5.12091906
6772;5.00061429
6773;4.98115624
6774;4.99599031
6775;4.99326708
6776;5.49622562
6777;5.07821043
6778;4.73163023
6779;4.73446357
6780;4.88963343
6781;3.852656
6782;3.5700059
6783;2.0681335
6784;2.58989039
6785;4.33619102
6786;5.07782787
6787;5.4567176
6788;6.35021877
6789;6.94298588
6790;6.225619
6791;7.15847423
6792;4.94652474
6793;4.97762125
6794;4.94053068
6795;5.0445464
6796;5.0633328
6797;5.05739275
6798;5.05424806
6799;5.33376315
6800;5.77445874
6801;5.16187072
6802;4.57607012
6803;3.50131633
6804;2.86018236
6805;2.84901647
6806;4.0054528
6807;2.94457206
6808;3.80224832
6809;4.02324635
6810;5.24786467
6811;6.10657029
6812;6.3044095
6813;5.73258255
6814;5.66231501
6815;5.60885318
6816;4.91806769
6817;5.05497087
6818;5.07519021
6819;5.04496699
6820;5.02055964
6821;5.00554646
6822;5.18866313
6823;5.54754424
6824;5.78406317
6825;6.10432809
6826;4.63873022
6827;4.00768462
6828;3.80043987
6829;2.29611737
6830;2.31887076
6831;2.01559487
6832;1.79856536
6833;2.83132688
6834;5.31168169
6835;5.67597708
6836;5.68087805
6837;5.674152
6838;4.24113687
6839;5.54116797
6840;5.08420987
6841;4.85521674
6842;5.01381926
6843;4.99306193
6844;5.00472634
6845;4.96135258
6846;5.13654335
6847;5.83918195
6848;5.9040005
6849;5.18390861
6850;4.47729408
6851;3.2085217
6852;3.04790796
6853;2.2437104
6854;4.27325786
6855;2.8528967
6856;2.1208402
6857;2.49428885
6858;5.27703614
6859;4.86662644
6860;4.84662494
6861;5.40803856
6862;3.74053458
6863;5.77091429
6864;4.79517769
6865;4.49040478
6866;4.61354925
6867;4.86485269
6868;5.10321192
6869;5.09530131
6870;5.19439086
6871;5.51357198
6872;5.41310161
6873;5.62248557
6874;4.98713551
6875;3.71063433
6876;3.71434659
6877;3.68321211
6878;3.83586108
6879;2.47828524
6880;3.59846335
6881;2.87433572
6882;2.8411535
6883;3.5483602
6884;4.62236374
6885;4.20737434
6886;4.92965897
6887;4.37608681
6888;3.51864787
6889;3.2462902
6890;3.38265909
6891;3.64714331
6892;3.97718342
6893;4.2618134
6894;5.33215243
6895;5.45017942
6896;5.35791015
6897;5.15973692
6898;4.48115494
6899;3.07057509
6900;1.43475033
6901;0.172182007
6902;0.150731966
6903;1.82815347
6904;1.62311882
6905;2.33330406
6906;3.82162681
6907;3.18073601
6908;4.77020129
6909;3.8947257
6910;4.07291944
6911;5.41147514
6912;4.79410399
6913;3.821532
6914;4.30940359
6915;4.71789991
6916;4.98997908
6917;5.08506195
6918;5.49298993
6919;5.46611298
6920;5.52088033
6921;5.23700914
6922;4.96619871
6923;4.39303646
6924;4.84144638
6925;2.26912026
6926;1.97603628
6927;2.75073485
6928;1.48191992
6929;1.69297839
6930;1.9022362
6931;2.62664112
6932;2.9987066
6933;3.34958472
6934;2.63370047
6935;3.50260628
6936;4.10203654
6937;3.4254773
6938;3.73061026
6939;3.93179936
6940;4.02074737
6941;4.12386848
6942;5.04201532
6943;5.01016419
6944;5.34496578
6945;5.21371901
6946;4.75590585
6947;3.82773462
6948;4.14006852
6949;3.91480389
6950;3.45118828
6951;0.768843334
6952;1.05660202
6953;2.51165703
6954;3.17663236
6955;3.41679728
6956;3.9911141
6957;4.6487443
6958;3.71017123
6959;4.47483336
6960;2.0702456
6961;2.06227935
6962;2.20720769
6963;2.3815603
6964;2.59828377
6965;2.81036197
6966;4.67714898
6967;4.99066452
6968;5.38197144
6969;4.98041391
6970;3.68799247
6971;2.8351488
6972;2.2765289
6973;2.55689385
6974;2.40515135
6975;2.01514348
6976;1.99877909
6977;2.31454158
6978;3.65139706
6979;4.2992466
6980;4.550562
6981;4.10338587
6982;3.68957096
6983;3.4387984
6984;2.60901927
6985;2.82313106
6986;2.98076507
6987;3.05586359
6988;3.15634485
6989;3.32006515
6990;4.97291996
6991;5.29497604
6992;5.57927017
6993;5.40568315
6994;3.23805546
6995;4.01480153
6996;3.66788789
6997;3.09061604
6998;2.24610294
6999;1.80221026
7000;1.92776549
7001;2.98851973
7002;4.98683445
7003;5.32438831
7004;5.1990408
7005;4.95781249
7006;3.38942104
7007;4.49421502
7008;3.9752343
7009;3.65360594
7010;3.88315586
7011;4.02852663
7012;4.1790328
7013;4.28085982
7014;5.18580488
7015;5.89721272
7016;5.95470679
7017;5.30335266
7018;4.85198528
7019;4.00358298
7020;4.59878775
7021;3.76653912
7022;4.43920276
7023;3.2619529
7024;3.96250323
7025;4.29915722
7026;6.2100548
7027;5.57788933
7028;5.30713239
7029;5.40127444
7030;3.57527559
7031;5.47196146
7032;4.43185973
7033;3.98772554
7034;3.92690168
7035;4.07001904
7036;4.24665536
7037;4.42078072
7038;5.12436009
7039;5.48018054
7040;5.48463184
7041;5.55608754
7042;5.34153273
7043;4.76441401
7044;4.55443479
7045;5.02667555
7046;6.26432325
7047;5.31936919
7048;6.24119748
7049;5.09484174
7050;5.33503174
7051;5.96045197
7052;6.95499
7053;5.77554692
7054;6.746907
7055;6.11209861
7056;5.36156905
7057;5.02459342
7058;5.01674116
7059;5.0390059
7060;5.05509728
7061;5.04400279
7062;5.4164909
7063;5.48630249
7064;5.34372187
7065;5.64935044
7066;6.13407616
7067;5.57406738
7068;3.99797938
7069;3.95043913
7070;4.01820893
7071;3.83177728
7072;3.56265729
7073;4.08749577
7074;5.98728094
7075;5.52835907
7076;6.90432561
7077;6.03496562
7078;6.47342812
7079;7.70666864
7080;6.58013287
7081;5.1113591
7082;5.02061506
7083;4.98151885
7084;4.95939025
7085;4.94272862
7086;5.35828873
7087;5.37741876
7088;5.46192642
7089;5.2158571
7090;4.67013522
7091;4.69997787
7092;5.12075096
7093;3.06460164
7094;3.61745412
7095;4.5120741
7096;3.24873983
7097;3.4964966
7098;4.0753573
7099;4.65907702
7100;4.8320895
7101;4.65585243
7102;3.24890548
7103;3.68975612
7104;3.95258105
7105;2.92517931
7106;2.90133318
7107;2.86971305
7108;2.88166938
7109;2.92248531
7110;4.69943212
7111;4.76875897
7112;5.16072684
7113;4.78064362
7114;3.47851942
7115;1.89378275
7116;3.25465397
7117;2.44980929
7118;2.97137741
7119;1.65208213
7120;1.44157432
7121;2.2700919
7122;2.76874253
7123;3.05300661
7124;3.6080144
7125;4.23046838
7126;3.39171957
7127;4.17791195
7128;1.77716171
7129;1.71240448
7130;1.82990348
7131;1.90584627
7132;1.94430542
7133;1.94351548
7134;3.65569142
7135;3.67800718
7136;4.09258634
7137;3.39699405
7138;3.10491565
7139;2.31524688
7140;2.28954909
7141;1.74914762
7142;1.83160458
7143;1.76782129
7144;2.02419263
7145;2.25555846
7146;3.37487963
7147;3.97775038
7148;4.21603672
7149;3.86585687
7150;3.45975231
7151;3.11301425
7152;2.25231605
7153;2.56688052
7154;2.85371527
7155;2.98058566
7156;3.19458202
7157;3.50359115
7158;4.98918379
7159;5.23144964
7160;4.99047142
7161;4.99799235
7162;3.49956339
7163;2.2759682
7164;2.87826752
7165;2.59689113
7166;2.48115553
7167;2.69184326
7168;2.76671321
7169;3.42226691
7170;4.97553522
7171;5.20392761
7172;5.18909332
7173;5.03750073
7174;3.32114962
7175;4.17923977
7176;3.50372558
7177;3.23759749
7178;3.63497328
7179;3.99476542
7180;4.30211474
7181;4.48640068
7182;5.16260528
7183;5.84875118
7184;5.79420712
7185;4.70691796
7186;3.60723003
7187;2.00740104
7188;1.93494214
7189;1.46792103
7190;1.46583885
7191;1.43781769
7192;2.04513268
7193;3.33912208
7194;5.59238259
7195;5.48349359
7196;5.51075966
7197;5.50678054
7198;4.08051322
7199;6.19381712
7200;5.3460128
7201;4.99720866
7202;5.03441938
7203;5.04887215
7204;5.04130572
7205;4.99888042
7206;5.15039021
7207;5.48917572
7208;5.12511122
7209;5.1549276
7210;4.00306185
7211;1.91361322
7212;1.61606263
7213;1.75311005
7214;2.73528638
7215;2.14888779
7216;3.44071637
7217;3.54357327
7218;3.92031161
7219;4.66975482
7220;6.44580953
7221;5.58566608
7222;5.7500374
7223;5.20468073
7224;4.54915302
7225;4.38896163
7226;4.58324391
7227;4.53552176
7228;4.58311387
7229;4.55424815
7230;5.36446013
7231;5.48094865
7232;5.14297348
7233;5.38249581
7234;6.04412957
7235;4.73036605
7236;2.73849461
7237;1.67479866
7238;2.4446747
7239;2.59361063
7240;2.73404152
7241;3.8069477
7242;5.51233901
7243;4.92902669
7244;6.0042836
7245;5.02855761
7246;4.62754312
7247;5.46721573
7248;4.47229041
7249;3.27745247
7250;3.50067141
7251;4.00017213
7252;4.68776123
7253;5.03946195
7254;5.42988873
7255;5.42338542
7256;5.40273138
7257;4.88254255
7258;4.75287985
7259;4.77161103
7260;4.663742
7261;1.66624053
7262;1.471729
7263;2.77293158
7264;2.4039828
7265;3.82756664
7266;4.50827291
7267;5.5146062
7268;5.56022219
7269;5.51889573
7270;4.83818267
7271;5.59274127
7272;6.12234594
7273;5.26702149
7274;5.1587846
7275;5.06411906
7276;4.95101429
7277;4.97023045
7278;5.04529607
7279;5.12606708
7280;5.1266676
7281;4.69146983
7282;3.99054074
7283;2.91968182
7284;3.26132558
7285;3.05942077
7286;2.76209449
7287;1.72643679
7288;2.43222811
7289;5.81618739
7290;6.26604446
7291;6.14077742
7292;6.39526627
7293;6.92822098
7294;5.74702059
7295;6.30932095
7296;3.75781592
7297;3.45863185
7298;3.36126825
7299;3.24337507
7300;3.10184155
7301;2.97739053
7302;4.4849599
7303;4.43484394
7304;4.68079859
7305;4.01918648
7306;3.77315542
7307;2.67894651
7308;3.15857866
7309;2.31865169
7310;1.91259219
7311;2.19184601
7312;1.77074438
7313;2.44126485
7314;3.31386717
7315;3.69228346
7316;3.65582255
7317;2.91361783
7318;2.86868885
7319;2.05488369
7320;0.888749086
7321;0.95605817
7322;0.990320161
7323;1.01827633
7324;1.12358276
7325;1.25330136
7326;3.35003599
7327;3.40670275
7328;3.17780085
7329;3.56881759
7330;1.21751106
7331;0.35509297
7332;1.13823756
7333;0.441102874
7334;0.518663482
7335;0.534946548
7336;0.580099256
7337;1.32917605
7338;3.03525113
7339;3.1431758
7340;2.7248524
7341;2.38857215
7342;1.74993254
7343;2.26752219
7344;1.14447352
7345;0.471666495
7346;0.613684011
7347;0.818843464
7348;1.16788536
7349;1.54029109
7350;4.0466429
7351;4.79101305
7352;4.93289322
7353;3.91477477
7354;3.30137588
7355;3.17277987
7356;3.61079416
7357;3.70338798
7358;3.34607012
7359;3.34524236
7360;3.65542067
7361;4.17539566
7362;6.11701137
7363;5.30990718
7364;4.92370214
7365;4.95188829
7366;3.25883502
7367;5.34643516
7368;4.12595314
7369;3.67059026
7370;3.67722552
7371;3.88093114
7372;4.23848022
7373;4.64370692
7374;5.31288782
7375;5.64458145
7376;5.47041398
7377;5.48001758
7378;5.72288208
7379;4.91027465
7380;5.18722078
7381;5.72056161
7382;7.03764196
7383;6.09214523
7384;6.84147043
7385;5.99270037
7386;5.61701367
7387;6.0638025
7388;7.33069148
7389;5.85310739
7390;6.48148273
7391;5.52984013
7392;4.49170875
7393;4.27323388
7394;4.60306411
7395;4.91247473
7396;5.07259464
7397;5.10271726
7398;5.52580613
7399;5.61258251
7400;5.16650147
7401;5.45650329
7402;5.77245157
7403;4.47938252
7404;3.37130078
7405;2.06237774
7406;2.26445629
7407;2.88612486
7408;2.91112861
7409;4.82944002
7410;6.85378696
7411;6.02131587
7412;7.25635407
7413;6.20222018
7414;7.01623643
7415;8.23964328
7416;6.89287277
7417;5.13448709
7418;5.06775309
7419;5.05795375
7420;5.04421906
7421;5.01255108
7422;5.46261277
7423;5.48187875
7424;5.32659596
7425;4.66017357
7426;4.22696482
7427;3.80093315
7428;4.6370988
7429;1.98263924
7430;1.86309778
7431;3.63385379
7432;3.09951413
7433;4.56443036
7434;5.3110801
7435;5.8052752
7436;5.80370368
7437;5.65161733
7438;5.53136084
7439;6.29921525
7440;6.60273477
7441;5.32100756
7442;5.24949117
7443;5.17868526
7444;5.06041264
7445;5.06574333
7446;5.13754843
7447;5.12810741
7448;5.26883128
7449;4.96810086
7450;4.27749024
7451;3.18669816
7452;3.43511169
7453;3.0077204
7454;2.6002787
7455;1.28143889
7456;1.97343007
7457;4.00755388
7458;5.17582347
7459;5.8812754
7460;6.64467509
7461;7.28557028
7462;6.62050511
7463;7.56793278
7464;4.89951599
7465;4.98624929
7466;5.0201766
7467;4.99211382
7468;4.94841378
7469;4.96292302
7470;4.99676937
7471;5.31012051
7472;5.79295664
7473;5.31227027
7474;3.87662803
7475;1.85877812
7476;1.60759857
7477;0.583662513
7478;0.350649714
7479;0.449782273
7480;1.39718566
7481;2.42307724
7482;3.87928072
7483;4.84673129
7484;4.55987577
7485;3.92845239
7486;3.68873438
7487;3.73607529
7488;3.50278158
7489;4.33497093
7490;4.83909391
7491;5.08471645
7492;5.10517923
7493;5.10619296
7494;5.35444338
7495;5.69080953
7496;5.8787042
7497;6.42907362
7498;3.82597325
7499;2.15715523
7500;2.14394695
7501;0.91272724
7502;0.774127442
7503;1.02356469
7504;1.62346293
7505;2.86155993
7506;4.84797017
7507;5.34674289
7508;5.4011356
7509;5.57379557
7510;4.15513342
7511;5.38731071
7512;4.80255493
7513;4.55675827
7514;4.91752661
7515;5.04147592
7516;5.0563191
7517;5.01711013
7518;5.22566227
7519;6.02988096
7520;6.18534073
7521;5.26710362
7522;4.75885003
7523;3.10663473
7524;3.11668955
7525;2.2713155
7526;2.13528897
7527;2.20424569
7528;3.18202733
7529;3.92128777
7530;6.12106202
7531;5.52613984
7532;5.55108363
7533;5.58979109
7534;3.89992841
7535;6.05642768
7536;4.88282217
7537;4.36615436
7538;4.30038042
7539;4.36546198
7540;4.47000296
7541;4.61614599
7542;5.20288782
7543;5.6056276
7544;5.47329517
7545;5.55205068
7546;5.31537442
7547;4.2043462
7548;4.01577407
7549;3.75504328
7550;4.98613603
7551;3.57708995
7552;5.00010715
7553;4.55778999
7554;4.51734393
7555;5.21800963
7556;6.94406032
7557;5.83113504
7558;6.37204799
7559;5.51263349
7560;4.49118666
7561;4.20019625
7562;4.32189913
7563;4.46940256
7564;4.5748859
7565;4.72625915
7566;5.4186411
7567;5.5700279
7568;5.41775986
7569;5.67798722
7570;4.65245195
7571;2.96232228
7572;2.65007743
7573;2.15306405
7574;2.56523903
7575;2.62682858
7576;2.76035087
7577;3.84766142
7578;5.64293905
7579;4.8154001
7580;6.45874979
7581;5.50775519
7582;5.36367235
7583;6.39013657
7584;5.23842365
7585;3.85870041
7586;4.04935704
7587;4.27329512
7588;4.53893015
7589;4.97056318
7590;5.59967695
7591;5.61241209
7592;5.64517824
7593;5.02681283
7594;4.45928508
7595;3.09359594
7596;3.8635089
7597;0.693387151
7598;1.38696516
7599;3.07670063
7600;2.19434402
7601;3.1151099
7602;3.46628522
7603;4.03717259
7604;4.32428858
7605;4.21640962
7606;3.07790758
7607;3.67612837
7608;4.17321677
7609;3.13106939
7610;3.28661235
7611;3.40562711
7612;3.4199277
7613;3.63232573
7614;5.05025604
7615;5.10756564
7616;5.4711536
7617;4.80745535
7618;2.96509515
7619;1.68501942
7620;2.14877737
7621;2.11824501
7622;1.93988592
7623;0.776295161
7624;1.92911109
7625;3.44444546
7626;4.42096744
7627;4.95052548
7628;5.80375992
7629;6.73751219
7630;5.69886355
7631;6.66122222
7632;3.92439612
7633;3.88574736
7634;4.0307718
7635;4.13200102
7636;4.22323142
7637;4.33235293
7638;5.02916937
7639;5.33679744
7640;5.86416109
7641;5.08548439
7642;3.43947079
7643;1.49126463
7644;1.46786776
7645;0.578439898
7646;0.556346237
7647;0.663090764
7648;1.99704025
7649;2.6455946
7650;3.87308272
7651;4.53160724
7652;4.66001764
7653;3.95502503
7654;3.57831073
7655;3.0820396
7656;1.96647787
7657;2.06372312
7658;2.17929704
7659;2.44702082
7660;2.84035564
7661;3.23225923
7662;5.08843699
7663;5.44554145
7664;5.72033223
7665;6.3932504
7666;4.28732603
7667;3.13613316
7668;4.2263185
7669;3.85254859
7670;2.64524284
7671;2.88844582
7672;3.88193081
7673;4.47593902
7674;6.05121509
7675;6.07622569
7676;5.8712156
7677;5.55792605
7678;3.90948544
7679;5.04948509
7680;4.35169235
7681;3.93858848
7682;4.16830714
7683;4.35404296
7684;4.53917776
7685;4.71552539
7686;5.25299425
7687;6.0970778
7688;6.10963614
7689;5.37621891
7690;4.16392434
7691;2.71777195
7692;2.91034993
7693;2.77753238
7694;3.0497094
7695;3.15505215
7696;3.74531793
7697;4.51318481
7698;6.66405705
7699;6.10922984
7700;5.60999668
7701;5.71879276
7702;4.98263714
7703;7.33708577
7704;6.04815354
7705;5.39327729
7706;5.20514217
7707;5.16567856
7708;5.16230737
7709;5.10429102
7710;5.20122115
7711;5.55928145
7712;5.4356974
7713;5.46761044
7714;5.03158911
7715;3.34457868
7716;2.62135474
7717;2.32852434
7718;3.54174698
7719;2.66433865
7720;4.68275065
7721;4.415411
7722;4.80906359
7723;5.77711929
7724;7.33417133
7725;5.85464585
7726;6.28368075
7727;5.2324831
7728;4.01073642
7729;3.49320452
7730;3.39788184
7731;3.39674442
7732;3.42992978
7733;3.4914348
7734;5.14273912
7735;5.12620921
7736;4.95713829
7737;4.52207545
7738;5.33710188
7739;5.02190545
7740;5.09392848
7741;4.24505353
7742;3.90875268
7743;4.67907557
7744;4.82916524
7745;5.80442414
7746;7.23776976
7747;6.0220851
7748;7.24757872
7749;6.18829523
7750;6.73488247
7751;7.57832326
7752;6.25516175
7753;4.71767481
7754;4.8932157
7755;5.08921968
7756;5.07305239
7757;5.01358441
7758;5.47096759
7759;5.61354542
7760;5.67141478
7761;4.96267565
7762;4.44009464
7763;4.6056991
7764;6.60607484
7765;4.95500484
7766;5.2123097
7767;6.46554795
7768;5.32612504
7769;5.53846569
7770;5.49526853
7771;5.79164799
7772;5.79073106
7773;5.67011733
7774;6.31434055
7775;6.50106283
7776;6.61062175
7777;5.24832963
7778;5.12319325
7779;5.02561123
7780;4.90642511
7781;4.89088477
7782;4.92577312
7783;4.93983149
7784;5.35431998
7785;5.08121782
7786;4.76052586
7787;4.37184039
7788;5.40290013
7789;6.09357664
7790;6.12129699
7791;4.96753901
7792;5.30948978
7793;6.13382876
7794;6.39017327
7795;6.20504385
7796;6.57890242
7797;7.15198538
7798;7.90071112
7799;8.26014233
7800;5.13588065
7801;4.90277669
7802;4.87516791
7803;4.8615399
7804;4.84587465
7805;4.86832993
7806;4.89916937
7807;5.25589443
7808;5.77386481
7809;5.29245665
7810;5.11651092
7811;4.24339337
7812;4.62818683
7813;4.55893402
7814;4.51755165
7815;5.01791174
7816;5.34972317
7817;5.33892446
7818;6.10216073
7819;6.56722294
7820;6.56908181
7821;5.91552922
7822;7.32109127
7823;6.42087194
7824;5.12514199
7825;5.12232823
7826;5.11699161
7827;5.10004978
7828;5.12497923
7829;5.10602629
7830;5.33967671
7831;5.68364286
7832;5.9146027
7833;6.58644222
7834;5.49702128
7835;5.06858602
7836;5.90275021
7837;5.02527784
7838;4.96280439
7839;5.27400388
7840;5.18657578
7841;5.53902839
7842;6.89750027
7843;6.7247982
7844;6.23269539
7845;5.82644423
7846;5.81637605
7847;6.75549656
7848;5.75980129
7849;5.09505046
7850;5.04698247
7851;5.01887592
7852;5.03995244
7853;4.98481013
7854;5.15256227
7855;5.94891429
7856;6.11317249
7857;5.65173017
7858;5.32750742
7859;4.81433171
7860;5.52364418
7861;5.51037813
7862;5.07052579
7863;5.05156654
7864;5.469669
7865;5.70576149
7866;7.24704093
7867;6.17378908
7868;5.67724027
7869;5.6243749
7870;5.90855285
7871;7.5511627
7872;5.94837442
7873;5.22104089
7874;4.99456581
7875;4.98277626
7876;5.00735916
7877;4.9792259
7878;5.10940806
7879;5.48971248
7880;5.36331616
7881;5.42513976
7882;5.06254806
7883;4.33409511
7884;4.39297782
7885;3.87124869
7886;4.92864652
7887;4.0775488
7888;6.2445255
7889;6.08372649
7890;5.71450561
7891;6.1923146
7892;7.29878672
7893;5.76509457
7894;8.14208187
7895;6.76014019
7896;5.43002662
7897;4.93959283
7898;4.89496532
7899;4.91036989
7900;4.93252951
7901;4.92538707
7902;5.34907224
7903;5.47303504
7904;5.33004506
7905;5.53576896
7906;6.2398409
7907;5.66418299
7908;4.96650804
7909;3.35217633
7910;3.29984213
7911;3.50224933
7912;4.61983542
7913;5.81540321
7914;7.19730823
7915;6.09593125
7916;7.19072199
7917;6.04032018
7918;7.79460393
7919;8.22277932
7920;6.65449751
7921;4.96082056
7922;4.92712139
7923;4.93517908
7924;4.91932597
7925;4.91816276
7926;5.37376694
7927;5.42668077
7928;5.45268845
7929;4.92282558
7930;4.62018996
7931;4.79021119
7932;6.4278274
7933;3.64861507
7934;3.50924707
7935;5.10479272
7936;5.28704811
7937;5.59926569
7938;5.49675896
7939;5.90835212
7940;5.67163701
7941;5.52011733
7942;6.22350722
7943;6.39669775
7944;6.52859451
7945;5.22615042
7946;5.13444092
7947;5.04063803
7948;4.90711766
7949;4.88403098
7950;4.91166391
7951;4.93682985
7952;5.36158349
7953;5.04053682
7954;4.50252444
7955;4.41807324
7956;5.41523832
7957;6.00101065
7958;6.11739349
7959;5.03988256
7960;5.26870316
7961;6.18037962
7962;6.44183994
7963;6.33004385
7964;6.57347139
7965;7.12198538
7966;7.86897199
7967;8.23941157
7968;5.1378734
7969;4.91618249
7970;4.96194327
7971;4.96288048
7972;4.91511378
7973;4.89952558
7974;4.90000271
7975;5.20788718
7976;5.74929653
7977;5.48348224
7978;5.46334235
7979;4.69978863
7980;4.77804868
7981;4.31830481
7982;4.62379333
7983;4.86958526
7984;5.2690545
7985;5.2468578
7986;5.97007646
7987;6.36378091
7988;6.42589163
7989;5.7869979
7990;7.20530973
7991;6.29156035
7992;4.96952605
7993;4.95424852
7994;4.99637566
7995;4.94620395
7996;4.95742424
7997;4.97760195
7998;5.18448964
7999;5.52604746
8000;5.70145443
8001;6.37414072
8002;4.81937079
8003;4.4550719
8004;5.0253771
8005;4.30780742
8006;4.45809399
8007;4.85426341
8008;5.21788155
8009;5.23555013
8010;6.68334375
8011;6.58549386
8012;6.04366488
8013;5.65857756
8014;6.13188231
8015;6.77516363
8016;5.72418563
8017;5.11816196
8018;5.07184321
8019;4.98673453
8020;5.06288158
8021;5.07770442
8022;5.33421936
8023;6.04185007
8024;6.09481621
8025;5.52012719
8026;5.07382629
8027;4.07893156
8028;4.24537912
8029;3.77683161
8030;4.54459034
8031;4.65912091
8032;5.08103919
8033;5.66020229
8034;7.19919266
8035;6.11669605
8036;5.60499318
8037;5.5900401
8038;4.57908166
8039;6.57310803
8040;5.21397827
8041;4.64798243
8042;4.47604594
8043;4.41545467
8044;4.37221471
8045;4.35592457
8046;5.08045894
8047;5.42909053
8048;5.35896857
8049;5.17771622
8050;5.58639119
8051;4.74676572
8052;4.48635326
8053;4.52025666
8054;6.34204787
8055;5.38529136
8056;6.17421198
8057;5.01933702
8058;4.6603171
8059;5.09895296
8060;6.12500569
8061;4.70608209
8062;5.13088359
8063;4.08750984
8064;2.94084062
8065;2.53593042
8066;2.58539275
8067;2.68006961
8068;2.83984284
8069;2.94234766
8070;5.00477499
8071;5.12431212
8072;4.82010513
8073;4.23831704
8074;4.95565025
8075;4.0770487
8076;3.44315376
8077;2.83572844
8078;3.45630801
8079;3.37045721
8080;3.23375698
8081;4.03027333
8082;5.60260803
8083;4.62982219
8084;5.66475354
8085;4.5688262
8086;4.62645964
8087;5.59386085
8088;4.36827236
8089;2.85721994
8090;3.05156809
8091;3.24149595
8092;3.40660245
8093;3.6459521
8094;5.30714944
8095;5.36330212
8096;5.44571831
8097;4.91973009
8098;4.88730266
8099;5.35267381
8100;6.95305154
8101;4.75974768
8102;5.12008103
8103;6.04799282
8104;5.30061791
8105;5.50534013
8106;5.55143608
8107;5.88789052
8108;5.77597341
8109;5.68946253
8110;5.52314045
8111;6.48742913
8112;6.69062365
8113;5.41281664
8114;5.21481772
8115;5.11442069
8116;5.0052414
8117;4.96975985
8118;5.00984035
8119;5.05299233
8120;5.44600689
8121;5.19269599
8122;4.92716629
8123;4.80697111
8124;5.77793128
8125;5.56237635
8126;5.14024286
8127;3.96917437
8128;5.11851248
8129;6.10334519
8130;6.3456078
8131;6.3067827
8132;6.71719589
8133;7.31334611
8134;6.93532495
8135;7.68760136
8136;4.81748844
8137;4.55602909
8138;4.49393126
8139;4.5375069
8140;4.53929893
8141;4.53894081
8142;5.05210821
8143;5.28861985
8144;5.8958916
8145;5.57296228
8146;5.19372233
8147;4.5205711
8148;4.9250799
8149;4.18488632
8150;3.87890814
8151;3.53004902
8152;4.26223654
8153;4.48169428
8154;5.40845282
8155;5.81013401
8156;5.73485141
8157;4.98332244
8158;4.34585118
8159;3.70361275
8160;2.5104528
8161;2.61843311
8162;2.70138798
8163;2.78539823
8164;2.88442933
8165;2.99634068
8166;4.82325553
8167;5.17389828
8168;5.33290693
8169;5.85688521
8170;4.20996949
8171;3.90258793
8172;3.86013221
8173;3.49786561
8174;3.41329783
8175;3.67118323
8176;3.79688844
8177;4.36464524
8178;5.92628924
8179;5.79676721
8180;5.5603681
8181;5.31599822
8182;3.7489785
8183;5.11218257
8184;4.54848086
8185;4.34149478
8186;4.63178875
8187;4.86193232
8188;5.07564384
8189;5.11610442
8190;5.31421936
8191;6.11770031
8192;6.19137005
8193;5.56676349
8194;5.143366
8195;4.92727993
8196;4.95284323
8197;5.3298295
8198;5.32789071
8199;5.49299297
8200;5.4032921
8201;5.64492718
8202;7.22128602
8203;6.09513782
8204;5.57723556
8205;5.58445813
8206;4.51375828
8207;6.44917379
8208;4.93824271
8209;4.19740568
8210;4.03202422
8211;4.01607519
8212;4.16615176
8213;4.45554581
8214;5.19351755
8215;5.53838539
8216;5.44614212
8217;5.78425724
8218;5.77079527
8219;5.13894837
8220;5.56701152
8221;5.96888027
8222;7.46038608
8223;6.32681603
8224;7.25320554
8225;6.13618007
8226;5.73085902
8227;6.13425327
8228;7.36337623
8229;5.90370628
8230;7.43745625
8231;6.52481199
8232;5.51292539
8233;5.09048612
8234;5.00730472
8235;4.99932858
8236;5.0021132
8237;4.97228281
8238;5.39131254
8239;5.52553819
8240;5.39979485
8241;5.74741296
8242;6.54804813
8243;6.28568834
8244;5.5466243
8245;4.83052431
8246;5.30141988
8247;5.19333897
8248;5.06107191
8249;5.75501523
8250;7.19086697
8251;6.05588515
8252;7.30135992
8253;6.1657294
8254;7.88913012
8255;8.35030297
8256;6.80038232
8257;5.08546928
8258;5.02345997
8259;5.01698183
8260;5.0264972
8261;5.00990745
8262;5.44533692
8263;5.47102401
8264;5.53635049
8265;5.25255005
8266;5.17398976
8267;5.27487027
8268;6.78464825
8269;4.61633317
8270;5.0834166
8271;6.47145007
8272;5.3628615
8273;5.54649397
8274;5.4971085
8275;5.76632385
8276;5.60440905
8277;5.46079586
8278;6.19310522
8279;6.41490543
8280;6.51568895
8281;5.18776433
8282;5.12861278
8283;5.05590943
8284;4.96056968
8285;4.96249319
8286;4.99514035
8287;5.007459
8288;5.39060852
8289;5.27558012
8290;5.0620157
8291;5.155515
8292;5.95143614
8293;6.81199519
8294;6.66268905
8295;5.40559237
8296;5.33951164
8297;6.09757596
8298;6.32983857
8299;6.21217897
8300;6.56739145
8301;7.09837338
8302;7.86052893
8303;8.26196735
8304;5.19901849
8305;4.95096692
8306;4.94097343
8307;4.93445831
8308;4.8869978
8309;4.88379918
8310;4.88497638
8311;5.2050557
8312;5.73128945
8313;5.46645117
8314;5.31961658
8315;4.74292625
8316;5.50490153
8317;5.11758323
8318;5.14963748
8319;5.02921515
8320;5.20634168
8321;5.25081045
8322;6.01202429
8323;6.37009236
8324;6.34535892
8325;5.72741223
8326;7.15014728
8327;6.26217706
8328;4.94570063
8329;4.96733858
8330;4.98217408
8331;4.96649573
8332;4.97121778
8333;4.9770095
8334;5.19730546
8335;5.54011699
8336;5.77542424
8337;6.6502189
8338;5.41500399
8339;5.15784556
8340;5.76878611
8341;5.06436774
8342;5.06202472
8343;5.11865835
8344;4.99646315
8345;5.27484469
8346;6.65642554
8347;6.50206545
8348;6.02278834
8349;5.65237584
8350;6.08673706
8351;6.68443835
8352;5.58693926
8353;4.88410399
8354;4.93447894
8355;4.95179041
8356;4.95832506
8357;4.90629573
8358;5.07421936
8359;5.86813509
8360;5.96444831
8361;5.57028374
8362;5.25340725
8363;4.82965172
8364;5.54866058
8365;5.52983028
8366;5.56797667
8367;5.43145761
8368;5.30726284
8369;5.5136708
8370;7.15685423
8371;6.01056455
8372;5.4243593
8373;5.40669893
8374;5.72652177
8375;7.3916791
8376;5.84099934
8377;5.15853302
8378;4.95600486
8379;4.96430148
8380;5.0117175
8381;4.98574779
8382;5.11381084
8383;5.48257236
8384;5.39200363
8385;5.69662542
8386;5.45540376
8387;4.76887956
8388;4.96808675
8389;5.74432613
8390;7.15156273
8391;6.36828483
8392;7.25504911
8393;6.15739219
8394;5.78281888
8395;6.18242569
8396;7.32617504
8397;5.84483961
8398;8.1951099
8399;6.78723447
8400;5.4081468
8401;4.92625561
8402;4.90373006
8403;4.9286851
8404;4.94813492
8405;4.92045672
8406;5.3083908
8407;5.40792144
8408;5.31302953
8409;5.78906592
8410;6.24832026
8411;5.92794664
8412;5.56322412
8413;4.71396584
8414;5.42405929
8415;5.41542001
8416;5.11067191
8417;5.79806603
8418;7.18492893
8419;5.99995179
8420;7.20173152
8421;6.12973267
8422;7.81965003
8423;8.26510297
8424;6.75121936
8425;5.17061083
8426;5.05262664
8427;4.98031517
8428;4.92233053
8429;4.88157411
8430;5.37857485
8431;5.42532957
8432;5.49517797
8433;5.01751936
8434;4.56406622
8435;4.74710731
8436;6.25189322
8437;4.16650489
8438;4.76645135
8439;6.29286848
8440;5.25489483
8441;5.60816064
8442;5.50377517
8443;5.75049052
8444;5.61774238
8445;5.4841292
8446;6.19461196
8447;6.3855029
8448;6.5281916
8449;5.24597851
8450;5.13008146
8451;4.9989725
8452;4.90723635
8453;4.95832652
8454;5.06014035
8455;5.15662566
8456;5.44335325
8457;5.43140103
8458;5.16600534
8459;5.25420682
8460;6.28143705
8461;6.77926658
8462;6.64839243
8463;5.33636428
8464;5.36281771
8465;6.16257596
8466;6.42083857
8467;6.33957897
8468;6.66142478
8469;7.21934005
8470;7.63094852
8471;8.31583401
8472;5.23575182
8473;4.98336692
8474;5.00099492
8475;4.97766639
8476;4.9468978
8477;4.96339918
8478;4.9996832
8479;5.34922694
8480;5.90226083
8481;5.68580454
8482;5.46946876
8483;4.52886746
8484;5.36964011
8485;4.90210904
8486;5.17922645
8487;4.99921934
8488;5.34014168
8489;5.37364378
8490;6.11695762
8491;6.46912569
8492;6.53430504
8493;5.88411417
8494;6.85543566
8495;6.33550552
8496;5.10829294
8497;5.10330065
8498;5.1238622
8499;5.1375898
8500;5.18029699
8501;5.15412091
8502;5.313659
8503;5.61147265
8504;5.89486576
8505;6.79982806
8506;5.59333188
8507;5.28016106
8508;5.74578986
8509;5.02300018
8510;4.92724628
8511;4.77976767
8512;4.62885482
8513;4.84233251
8514;6.14689206
8515;5.96708807
8516;5.34053909
8517;4.89017278
8518;3.29955675
8519;4.1865653
8520;3.31978321
8521;2.7559298
8522;2.8542556
8523;3.04344257
8524;3.15643509
8525;3.19401426
8526;4.84962006
8527;5.70531667
8528;5.73182282
8529;5.23817568
8530;4.91133569
8531;4.43265061
8532;4.83847451
8533;4.71902572
8534;4.62051147
8535;4.50784784
8536;4.87791869
8537;5.43520861
8538;7.13298141
8539;6.02002687
8540;5.47122542
8541;5.48172515
8542;3.79547374
8543;5.97266294
8544;4.73179835
8545;4.14968467
8546;4.0880997
8547;4.20843424
8548;4.38307885
8549;4.56309467
8550;5.2073637
8551;5.58412012
8552;5.49936149
8553;5.81992832
8554;5.48603038
8555;4.7986249
8556;5.46502141
8557;5.72460617
8558;7.1782134
8559;6.38650976
8560;7.21347728
8561;5.97330364
8562;5.48909303
8563;5.82242917
8564;6.74558373
8565;5.12938973
8566;5.41508464
8567;4.3907952
8568;3.2555708
8569;2.82347932
8570;2.81198532
8571;2.88061479
8572;2.98422453
8573;3.54385263
8574;5.49338926
8575;5.59943449
8576;5.4454985
8577;5.98268258
8578;6.49934442
8579;6.30231087
8580;5.80400441
8581;5.17923886
8582;5.03404925
8583;5.21987573
8584;5.14427191
8585;5.77966603
8586;7.15132893
8587;5.96395179
8588;7.20324133
8589;6.12666478
8590;7.9121367
8591;8.399315
8592;6.83371566
8593;5.06880261
8594;4.96512664
8595;5.05198183
8596;4.95066387
8597;4.88353621
8598;5.35533692
8599;5.40902788
8600;5.44734376
8601;5.01751876
8602;4.88317224
8603;5.24795477
8604;6.76189185
8605;4.69232795
8606;4.9570482
8607;6.29683306
8608;5.3678615
8609;5.54982731
8610;5.44794183
8611;5.72483478
8612;5.59913438
8613;5.50676809
8614;6.24093944
8615;6.42906267
8616;6.51294249
8617;5.22858721
8618;5.10948234
8619;4.9759819
8620;4.84980881
8621;4.90937725
8622;4.97409624
8623;4.91796624
8624;5.25953732
8625;5.23798618
8626;4.88016887
8627;5.06806223
8628;6.1343036
8629;6.47102625
8630;6.33350891
8631;5.00087058
8632;5.21643295
8633;6.14702681
8634;6.36983857
8635;6.19717897
8636;6.53989145
8637;7.08587338
8638;7.82982211
8639;8.20863401
8640;5.16825311
8641;4.91661318
8642;4.9322378
8643;4.94246555
8644;4.87406301
8645;4.87814701
8646;4.88437885
8647;5.17120955
8648;5.67144344
8649;5.37394478
8650;5.26412202
8651;4.5806896
8652;4.85038306
8653;4.56039928
8654;4.72960539
8655;4.88556146
8656;5.22414168
8657;5.33827914
8658;6.11285762
8659;6.34675903
8660;6.34469837
8661;5.74296622
8662;7.14263266
8663;6.25878726
8664;4.95182814
8665;4.95768876
8666;4.95791426
8667;4.94706337
8668;4.9594851
8669;4.95219443
8670;5.15548499
8671;5.48286557
8672;5.78947185
8673;6.52666708
8674;4.98735466
8675;4.67322134
8676;5.01994055
8677;4.35678631
8678;4.56756128
8679;4.84704209
8680;5.14365476
8681;5.44418469
8682;6.76746852
8683;6.59160055
8684;6.03924696
8685;5.66197653
8686;6.06334064
8687;6.66182966
8688;5.51476534
8689;4.85801704
8690;4.85187025
8691;4.873378
8692;4.86875984
8693;4.8045566
8694;5.03161067
8695;5.82465683
8696;5.95749179
8697;5.59494709
8698;5.04627695
8699;4.66315505
8700;5.30800772
8701;5.35585968
8702;5.43642707
8703;5.28479545
8704;5.47392951
8705;5.64097152
8706;7.19861574
8707;6.07810078
8708;5.5634535
8709;5.55477864
8710;5.91503626
8711;7.67200518
8712;6.15653312
8713;5.40001297
8714;5.13954014
8715;5.07610539
8716;5.07569335
8717;5.0502579
8718;5.16065957
8719;5.52623373
8720;5.44614212
8721;5.77747276
8722;5.55329517
8723;4.93322192
8724;5.33536983
8725;5.85266465
8726;7.40491779
8727;6.23053505
8728;7.20759493
8729;6.03504381
8730;5.6699906
8731;6.10642975
8732;7.2319709
8733;5.76240371
8734;8.15203121
8735;6.83553033
8736;5.53465057
8737;5.01383532
8738;4.95240216
8739;4.96812858
8740;4.9965132
8741;4.99788281
8742;5.42251254
8743;5.54503449
8744;5.3950985
8745;5.93713316
8746;6.72343018
8747;6.35721649
8748;5.70708691
8749;5.05609907
8750;5.39397799
8751;5.37425463
8752;5.16667191
8753;5.87726603
8754;7.25532893
8755;6.05195179
8756;7.22272658
8757;6.09476274
8758;7.62059128
8759;8.26915621
