Index;Wert
0;4.78134012
1;2.42523479
2;2.42826653
3;2.42826653
4;2.45242739
5;2.92710686
6;4.71000004
7;4.68499994
8;4.64666653
9;4.76166677
10;4.74959993
11;4.83440018
12;4.70076942
13;4.72846174
14;4.70692301
15;4.69735003
16;4.79920006
17;4.75519991
18;4.71920013
19;4.71360016
20;4.71759987
21;4.70240021
22;4.6960001
23;2.67245507
24;2.34400654
25;2.33820772
26;2.3494854
27;2.36756563
28;2.41946959
29;2.89714479
30;4.78756714
31;4.75663519
32;4.76432085
33;4.72168303
34;4.6880002
35;4.7343998
36;4.78000021
37;4.80240011
38;4.81679964
39;4.755126
40;4.82400036
41;4.83039999
42;4.84000015
43;4.8368001
44;4.83279991
45;4.83199978
46;4.83440018
47;2.67994285
48;2.10819936
49;2.10154176
50;2.09488392
51;2.08822632
52;2.10154176
53;2.47181869
54;4.77439976
55;4.76399994
56;4.75600004
57;4.78399992
58;4.77358484
59;4.70461559
60;4.71923065
61;4.72461557
62;4.37294674
63;4.15692806
64;4.48775005
65;4.79759979
66;4.76399994
67;4.71600008
68;4.68400002
69;4.69181395
70;4.70668793
71;2.3194139
72;2.3755002
73;2.37185311
74;2.35664058
75;2.34903431
76;2.33909726
77;2.67714334
78;4.68737459
79;4.69840002
80;4.71120024
81;4.76319981
82;4.81360006
83;4.80047512
84;4.79746819
85;4.83539772
86;4.83693075
87;4.68528318
88;4.76160002
89;4.73199987
90;4.69680023
91;4.69280005
92;4.68442154
93;4.70967722
94;4.76432085
95;2.64348578
96;2.4896915
97;2.4836514
98;2.4836514
99;2.4836514
100;2.50781226
101;2.99226522
102;4.78833342
103;4.80008268
104;4.81901217
105;4.69040012
106;4.79120016
107;4.82622576
108;4.83519983
109;4.83279991
110;4.83759975
111;4.82239962
112;4.74639988
113;4.69774914
114;4.74288034
115;4.69439983
116;4.68885326
117;4.72318888
118;4.74440384
119;2.79241896
120;2.53494644
121;2.54791832
122;2.54791832
123;2.54791832
124;2.57207918
125;3.06787348
126;4.78583336
127;4.75750017
128;4.76583338
129;4.78289461
130;4.77600002
131;4.82959986
132;4.79920006
133;4.77600002
134;4.72879982
135;4.68147278
136;4.78289461
137;4.83166647
138;4.80583334
139;4.7750001
140;4.69333315
141;4.68083334
142;4.67749977
143;2.91049719
144;2.43615556
145;2.43011546
146;2.43011546
147;2.43011546
148;2.45427632
149;2.92928195
150;4.71583319
151;4.69916677
152;4.69666672
153;4.82916689
154;4.76480007
155;4.81558037
156;4.74123144
157;4.75733852
158;4.77600002
159;4.69329548
160;4.75050974
161;4.74160004
162;4.76322985
163;4.7137332
164;4.73977423
165;4.7944665
166;4.82560015
167;2.67433429
168;1.98167014
169;1.89017081
170;1.89017081
171;1.89017081
172;1.999066
173;2.33155036
174;4.71199989
175;4.69119978
176;4.74745417
177;4.69680023
178;4.8263998
179;4.70513296
180;4.74076939
181;4.76076937
182;4.75538445
183;4.69799709
184;4.82800007
185;4.79120016
186;4.77680016
187;4.80000019
188;4.77920008
189;4.75199986
190;4.4476347
191;2.28893948
192;2.28059673
193;2.27479792
194;2.27479792
195;2.27479792
196;2.31745911
197;2.81698418
198;4.81426191
199;4.75970554
200;4.79225063
201;4.70720005
202;4.84000015
203;4.6951499
204;4.74913836
205;4.6757164
206;4.58708811
207;4.40771627
208;4.621171
209;4.78997231
210;4.81680012
211;4.73759985
212;4.68639994
213;4.75050974
214;4.81901217
215;2.72166967
216;2.24476552
217;2.23784757
218;2.18462229
219;2.1403892
220;2.15370464
221;2.53318667
222;4.77952766
223;4.81360006
224;4.79897118
225;4.72670794
226;4.71461535
227;4.76076937
228;4.73463154
229;4.73824978
230;4.48211098
231;4.26019144
232;4.57415104
233;4.80880022
234;4.7592001
235;4.77920008
236;4.76800013
237;4.78480005
238;4.80159998
239;2.33567905
240;2.25026727
241;2.24296522
242;2.22836137
243;2.22105932
244;2.22836137
245;2.61035585
246;4.70240021
247;4.72469616
248;4.82536364
249;4.81742764
250;4.78756714
251;4.69033289
252;4.77439976
253;4.73977423
254;4.70367718
255;4.43774557
256;4.67551947
257;4.8140645
258;4.82959986
259;4.83440018
260;4.80319977
261;4.79440022
262;4.77920008
263;2.50173187
264;2.30439663
265;2.29859781
266;2.29859781
267;2.29859781
268;2.32179236
269;2.79409504
270;4.69329596
271;4.68959999
272;4.6880002
273;4.69840002
274;4.71920013
275;4.73999977
276;4.73519993
277;4.78639984
278;4.80719995
279;4.6735754
280;4.72959995
281;4.71999979
282;4.69040012
283;4.6960001
284;4.69329596
285;4.71717167
286;4.75203896
287;2.73992825
288;2.57474852
289;2.56767702
290;2.56555128
291;2.57087207
292;2.6024785
293;3.10874009
294;4.78999996
295;4.80416679
296;4.78833342
297;4.81583309
298;4.83014154
299;4.77513361
300;4.70480013
301;4.68639994
302;4.68079996
303;4.74440384
304;4.79068804
305;4.82416677
306;4.78999996
307;4.78833342
308;4.7458334
309;4.71000004
310;4.66833353
311;2.94727707
312;2.5729363
313;2.47609997
314;2.50453663
315;2.54898953
316;2.70371175
317;3.14093375
318;4.52782631
319;4.64502144
320;4.63739109
321;4.59333324
322;4.77333355
323;4.68885326
324;4.7512002
325;4.79040003
326;4.78000021
327;4.72079992
328;4.74745417
329;4.80583334
330;4.78583336
331;4.76083326
332;4.74499989
333;4.71916676
334;4.70583344
335;2.90387869
336;3.00775218
337;3.00171208
338;3.00171208
339;3.00171208
340;3.02587295
341;3.60174847
342;4.625
343;4.6291666
344;4.61833334
345;4.6208334
346;4.64416647
347;4.65666676
348;4.64166689
349;4.63166666
350;4.6208334
351;4.6208334
352;4.61333323
353;4.60500002
354;4.59749985
355;4.59833336
356;4.58500004
357;4.59129
358;4.60269928
359;3.4528482
360;3.18655133
361;3.19397402
362;3.17497849
363;3.18173647
364;3.21737957
365;3.8379426
366;4.64716101
367;4.64217806
368;4.62601614
369;4.59932661
370;4.59499979
371;4.63500023
372;4.67333317
373;4.66833353
374;4.65999985
375;4.61583328
376;4.58333349
377;4.59529829
378;4.60812521
379;4.58862877
380;4.59730959
381;4.61770964
382;4.65043497
383;3.66261864
384;3.56085944
385;3.55362272
386;3.54638624
387;3.53914952
388;3.55362272
389;4.18009853
390;4.49826097
391;4.53043461
392;4.57130432
393;4.60347843
394;4.63217402
395;4.64869547
396;4.63652039
397;4.62880421
398;4.65002155
399;4.61130428
400;4.52782631
401;4.46869564
402;4.42504406
403;4.47859383
404;4.48173904
405;4.47043467
406;4.45217371
407;3.82275295
408;4.3245759
409;4.43545437
410;4.37863636
411;4.36363649
412;4.36863613
413;4.36363649
414;4.36363649
415;4.36363649
416;4.36363649
417;4.36999989
418;4.46181822
419;4.43362856
420;4.42956543
421;4.47478247
422;4.48434782
423;4.41652155
424;4.43272734
425;4.409091
426;4.39181805
427;4.32363653
428;4.30999994
429;4.24681807
430;4.14727259
431;4.19523573
432;4.22117186
433;4.21907473
434;4.23065996
435;4.22748804
436;4.23703003
437;4.17491913
438;4.14025497
439;4.28545475
440;4.36363649
441;4.409091
442;4.49433088
443;4.49826097
444;4.59217405
445;4.64644718
446;4.61427355
447;4.59129
448;4.60472965
449;4.63230228
450;4.62434769
451;4.47478247
452;4.43739128
453;4.40782595
454;4.39651442
455;4.42397547
456;4.00594282
457;4.04096317
458;4.07218885
459;4.07218885
460;4.09854603
461;4.42000008
462;4.40636349
463;4.36000013
464;4.31818199
465;4.36363649
466;4.409091
467;4.4173913
468;4.57739115
469;4.64716101
470;4.64869547
471;4.57304335
472;4.43478251
473;4.44988871
474;4.43181801
475;4.43090916
476;4.46000004
477;4.45818186
478;4.43272734
479;4.409091
480;3.56218648
481;3.55559731
482;3.54592657
483;3.48122573
484;3.5179913
485;4.11752892
486;4.40489721
487;4.40594912
488;4.41652155
489;4.52347803
490;4.64956522
491;4.60812521
492;4.58416653
493;4.61166668
494;4.5958333
495;4.59129
496;4.64431
497;4.60869551
498;4.58869553
499;4.58782625
500;4.5043478
501;4.43578386
502;4.42363644
503;3.99678802
504;3.9493463
505;3.94275713
506;3.94275713
507;3.94275713
508;3.96911454
509;4.22090912
510;4.19114208
511;4.36363649
512;4.36363649
513;4.39409113
514;4.39547014
515;4.65130424
516;4.62750006
517;4.71083355
518;4.74166679
519;4.69083357
520;4.60472965
521;4.60260868
522;4.55304337
523;4.45217371
524;4.45391321
525;4.51999998
526;4.62260866
527;4.03949499
528;2.53547096
529;2.52943087
530;2.5043869
531;2.42825365
532;2.4514482
533;2.9242785
534;4.70639992
535;4.71867418
536;4.71867418
537;4.70221329
538;4.68480015
539;4.69519997
540;4.72160006
541;4.71759987
542;4.70800018
543;4.73839998
544;4.69680023
545;4.72318888
546;4.77978659
547;4.76894712
548;4.79916668
549;4.73750019
550;4.70499992
551;2.89092207
552;2.66446686
553;2.74380469
554;2.74730468
555;2.74006796
556;2.75454116
557;3.24000311
558;4.45652151
559;4.62086964
560;4.63370609
561;4.58666658
562;4.76999998
563;4.75600004
564;4.84000015
565;4.73831797
566;4.7470727
567;4.83279991
568;4.8119998
569;4.80159998
570;4.81040001
571;4.81680012
572;4.82719994
573;4.82719994
574;4.82079983
575;2.73853374
576;1.88486505
577;1.79780138
578;1.7831974
579;1.82105756
580;1.94058251
581;2.21265745
582;4.68499994
583;4.77750015
584;4.80333328
585;4.76719999
586;4.75923061
587;4.46269178
588;4.16136503
589;4.00905466
590;3.88060045
591;4.33323622
592;4.68677473
593;4.78548908
594;4.79759979
595;4.74639988
596;4.71600008
597;4.69680023
598;4.20800781
599;2.13187838
600;1.49924862
601;1.4420253
602;1.43668222
603;1.39979994
604;1.48006284
605;1.73840845
606;3.97995114
607;4.80880022
608;4.8368001
609;4.74769211
610;4.06092167
611;3.25469446
612;2.86136293
613;2.84338164
614;2.79540968
615;2.84096432
616;3.13852334
617;3.63409424
618;4.6546545
619;4.64245605
620;4.44898319
621;4.22895908
622;3.11065435
623;1.64427245
624;1.34327281
625;1.34183037
626;1.34183037
627;1.34131444
628;1.35475373
629;1.64353704
630;3.69009066
631;4.64941883
632;4.56355619
633;4.42791367
634;3.6673677
635;3.08699512
636;2.70187807
637;2.49364257
638;2.26195288
639;2.19384456
640;2.37341404
641;2.90862679
642;4.3660388
643;4.25339651
644;4.15651894
645;4.15894032
646;2.90459132
647;1.40148783
648;1.33895254
649;1.31835508
650;1.32095885
651;1.36964953
652;1.41307163
653;1.69733977
654;3.85102129
655;4.11111116
656;4.23563242
657;4.35691881
658;4.42008495
659;4.07043171
660;3.71311665
661;3.49820662
662;3.20040393
663;3.07624316
664;3.25404096
665;3.8454504
666;4.71769238
667;4.71229696
668;4.70942831
669;4.71229696
670;3.90191603
671;1.83485723
672;1.62112761
673;1.56926107
674;1.59247684
675;1.5931139
676;1.68715727
677;1.97825146
678;4.67620993
679;4.82218552
680;4.82059813
681;4.76319981
682;4.70799541
683;4.46122646
684;3.93996215
685;3.90554523
686;3.80410075
687;3.79919982
688;4.01582575
689;4.41048145
690;4.75439978
691;4.83519983
692;4.79759979
693;4.76160002
694;3.74957705
695;1.94936097
696;2.01973486
697;2.01393628
698;2.01393628
699;2.01393628
700;2.03713083
701;2.43684649
702;4.72720003
703;4.72480011
704;4.78079987
705;4.7180481
706;4.74368763
707;4.5544157
708;4.52214956
709;4.32410908
710;3.89407372
711;3.71051884
712;3.94876075
713;4.7638464
714;4.72384596
715;4.72923088
716;4.72237301
717;4.82775116
718;4.79679966
719;2.33659673
720;2.16808701
721;2.16142941
722;2.15477157
723;2.16631079
724;2.22735906
725;2.64820266
726;4.80479717
727;4.72168303
728;4.70959997
729;4.76800013
730;4.79680014
731;4.83539772
732;4.81839991
733;4.80800009
734;4.67820787
735;4.44650316
736;4.13445187
737;4.52087069
738;4.57801533
739;4.64941883
740;4.72741127
741;4.75307703
742;4.71923065
743;2.26153851
744;2.35170269
745;2.3856492
746;2.37370634
747;2.36630368
748;2.37370634
749;2.78158116
750;4.70370388
751;4.7704916
752;4.82999992
753;4.80952358
754;4.72318888
755;4.68720007
756;4.73280001
757;4.77759981
758;4.79519987
759;4.78480005
760;4.73759985
761;4.70519543
762;4.80794716
763;4.75583315
764;4.72666645
765;4.70166683
766;4.67416668
767;2.76845789
768;2.70448709
769;2.69836354
770;2.70174074
771;2.7371397
772;2.79745674
773;3.35818005
774;4.63863754
775;4.62810612
776;4.5958333
777;4.73583317
778;4.78912687
779;4.7184
780;4.76399994
781;4.77040005
782;4.73120022
783;4.68147278
784;4.78289461
785;4.78000021
786;4.73416662
787;4.69666672
788;4.6624999
789;4.625
790;4.59416676
791;3.07286191
792;2.88118792
793;2.87506437
794;2.87506437
795;2.87506437
796;2.89955854
797;3.45412421
798;4.61333323
799;4.66166687
800;4.64750004
801;4.72749996
802;4.77750015
803;4.81742764
804;4.70668793
805;4.72469616
806;4.72017813
807;4.73679924
808;4.82166672
809;4.72583342
810;4.63000011
811;4.58796501
812;4.60405254
813;4.6013484
814;4.60812521
815;3.3335731
816;3.08199787
817;3.07699561
818;3.05463195
819;3.03516746
820;3.06144094
821;3.63770056
822;4.64644718
823;4.60695648
824;4.60337543
825;4.73250008
826;4.8083334
827;4.79537964
828;4.74288034
829;4.70967722
830;4.75357008
831;4.8083334
832;4.72916651
833;4.66916656
834;4.64499998
835;4.59529829
836;4.59663868
837;4.64359856
838;4.63739109
839;3.51431131
840;2.91708112
841;2.91069126
842;2.91069126
843;2.91069126
844;2.93625069
845;3.49915552
846;4.55391312
847;4.60269928
848;4.59062386
849;4.65250015
850;4.75666666
851;4.79851341
852;4.6960001
853;4.73920012
854;4.73920012
855;4.7104001
856;4.77513361
857;4.75750017
858;4.67583323
859;4.5859766
860;4.61702108
861;4.63511181
862;4.64787531
863;3.30706072
864;2.79195166
865;2.66204762
866;2.66204762
867;2.66204762
868;2.81112123
869;3.26473022
870;4.57304335
871;4.59478283
872;4.59462881
873;4.69333315
874;4.80083323
875;4.71567059
876;4.76639986
877;4.83279991
878;4.80499411
879;4.82800007
880;4.71600008
881;4.80083323
882;4.68416643
883;4.59395981
884;4.64431
885;4.59652185
886;4.57913065
887;3.14549971
888;3.1597116
889;3.15237522
890;3.1450386
891;3.13770223
892;3.15237522
893;3.70845366
894;4.58347845
895;4.55130434
896;4.5956521
897;4.59932661
898;4.64249992
899;4.7249999
900;4.79583311
901;4.81416655
902;4.80333328
903;4.76583338
904;4.70749998
905;4.65083313
906;4.60666656
907;4.60540771
908;4.62880421
909;4.63652039
910;4.63913059
911;3.3988719
912;3.08867383
913;3.08062744
914;3.0512681
915;3.05648804
916;3.06453443
917;3.59336233
918;4.56608677
919;4.64608717
920;4.62046909
921;4.59749985
922;4.66499996
923;4.71833324
924;4.76749992
925;4.79416656
926;4.81166649
927;4.80416679
928;4.75500011
929;4.69999981
930;4.67416668
931;4.59666681
932;4.63020182
933;4.63304329
934;4.61826086
935;3.40173936
936;3.05730152
937;3.05091166
938;3.05091166
939;3.05091166
940;3.07647109
941;3.66412067
942;4.53217411
943;4.64859009
944;4.61221886
945;4.73250008
946;4.74592829
947;4.72319984
948;4.77279997
949;4.81839991
950;4.82000017
951;4.78719997
952;4.71199989
953;4.778234
954;4.75333309
955;4.67916679
956;4.61666679
957;4.58333349
958;4.63934422
959;3.45552969
960;3.11821342
961;3.11182356
962;3.11182356
963;3.11182356
964;3.13738298
965;3.73578143
966;4.63391304
967;4.62740898
968;4.63583326
969;4.74916649
970;4.78600836
971;4.70668793
972;4.68959999
973;4.69181395
974;4.67999983
975;4.76278114
976;4.81583309
977;4.72249985
978;4.62750006
979;4.59749985
980;4.60083342
981;4.61666679
982;4.61583328
983;3.37335682
984;2.7584374
985;2.75921249
986;2.7989974
987;2.78717756
988;2.78378892
989;3.30700731
990;4.63000011
991;4.68666649
992;4.74416685
993;4.81833315
994;4.80008268
995;4.72318888
996;4.71759987
997;4.7487998
998;4.74959993
999;4.73759985
1000;4.70480013
1001;4.72318888
1002;4.79381466
1003;4.79166651
1004;4.77583313
1005;4.77833319
1006;4.76749992
1007;3.12755156
1008;2.83183837
1009;2.82571483
1010;2.82571483
1011;2.82571483
1012;2.850209
1013;3.39606595
1014;4.60916662
1015;4.5859766
1016;4.60750008
1017;4.67833328
1018;4.73750019
1019;4.7874999
1020;4.81083345
1021;4.81583309
1022;4.80166674
1023;4.76666689
1024;4.71083355
1025;4.64583349
1026;4.59798145
1027;4.65043497
1028;4.63130426
1029;4.58521748
1030;4.54869556
1031;3.34716964
1032;2.85303187
1033;2.72021985
1034;2.72021985
1035;2.72021985
1036;2.87220144
1037;3.33453608
1038;4.39130449
1039;4.40805626
1040;4.54347849
1041;4.59329128
1042;4.72333336
1043;4.81083345
1044;4.76278114
1045;4.73376608
1046;4.73225164
1047;4.77978659
1048;4.75833321
1049;4.61416674
1050;4.64359856
1051;4.61304331
1052;4.57999992
1053;4.55739117
1054;4.52956533
1055;3.20948839
1056;2.90392041
1057;2.80150461
1058;2.80147624
1059;2.78420758
1060;2.92841458
1061;3.35361767
1062;4.43902445
1063;4.45636368
1064;4.48347807
1065;4.62810612
1066;4.66416645
1067;4.7791667
1068;4.77203751
1069;4.67999983
1070;4.69920015
1071;4.68294621
1072;4.81750011
1073;4.63916683
1074;4.63440847
1075;4.63217402
1076;4.57478237
1077;4.55913067
1078;4.56695652
1079;3.09791517
1080;2.86405206
1081;2.85600567
1082;2.83991265
1083;2.82817721
1084;2.78304148
1085;3.2266891
1086;4.58663893
1087;4.58333349
1088;4.61416674
1089;4.67416668
1090;4.74166679
1091;4.82749987
1092;4.75357008
1093;4.69199991
1094;4.72959995
1095;4.79279995
1096;4.81120014
1097;4.81839991
1098;4.82800007
1099;4.80240011
1100;4.80319977
1101;4.79920006
1102;4.79199982
1103;2.91079235
1104;2.24297953
1105;2.23710084
1106;2.23710084
1107;2.23710084
1108;2.26061559
1109;2.70071101
1110;4.69519997
1111;4.75663519
1112;4.71117401
1113;4.75839996
1114;4.8140645
1115;4.71153831
1116;4.76076937
1117;4.75538445
1118;4.60665274
1119;4.37352896
1120;4.71151972
1121;4.71759987
1122;4.79694605
1123;4.80583334
1124;4.72583342
1125;4.61499977
1126;4.62254477
1127;2.72402215
1128;2.92277431
1129;2.91665077
1130;2.91665077
1131;2.91665077
1132;2.94114494
1133;3.50304914
1134;4.68416643
1135;4.6875
1136;4.69500017
1137;4.72166681
1138;4.72416687
1139;4.73333311
1140;4.75333309
1141;4.74166679
1142;4.74666643
1143;4.7166667
1144;4.68666649
1145;4.66166687
1146;4.64916658
1147;4.62249994
1148;4.61583328
1149;4.60666656
1150;4.5999999
1151;3.32198334
1152;3.17899203
1153;3.22512484
1154;3.22512484
1155;3.22512484
1156;3.25068426
1157;3.86907697
1158;4.64782619
1159;4.44227362
1160;4.45739126
1161;4.57739115
1162;4.59129
1163;4.67083311
1164;4.74499989
1165;4.77250004
1166;4.78916645
1167;4.79083347
1168;4.77250004
1169;4.73500013
1170;4.66499996
1171;4.60750008
1172;4.62740898
1173;4.64260864
1174;4.59304333
1175;3.63999057
1176;3.46577477
1177;3.45938492
1178;3.45938492
1179;3.45938492
1180;3.52014565
1181;4.33307171
1182;4.409091
1183;4.42909098
1184;4.409091
1185;4.47913027
1186;4.58869553
1187;4.63160133
1188;4.59749985
1189;4.65916681
1190;4.69000006
1191;4.68833351
1192;4.67416668
1193;4.64666653
1194;4.59916687
1195;4.62260866
1196;4.63652182
1197;4.63722515
1198;4.64173937
1199;3.88803053
1200;3.3814249
1201;3.37503505
1202;3.37503505
1203;3.37503505
1204;3.40059447
1205;4.04544258
1206;4.54782629
1207;4.55652189
1208;4.60260868
1209;4.59478283
1210;4.63500023
1211;4.68916655
1212;4.72583342
1213;4.7541666
1214;4.74083328
1215;4.7166667
1216;4.68249989
1217;4.60750008
1218;4.61633348
1219;4.60695648
1220;4.52956533
1221;4.4956522
1222;4.43652153
1223;3.83877587
1224;3.18212867
1225;3.16352963
1226;3.24596453
1227;3.25747538
1228;3.25212002
1229;3.69882298
1230;4.40594912
1231;4.40347815
1232;4.50260878
1233;4.63020182
1234;4.62750006
1235;4.70416689
1236;4.77250004
1237;4.79583311
1238;4.79833317
1239;4.78666687
1240;4.71916676
1241;4.60666656
1242;4.63090134
1243;4.62260866
1244;4.57043457
1245;4.53565216
1246;4.5086956
1247;3.37573004
1248;3.16377664
1249;3.15573025
1250;3.13963723
1251;3.13159084
1252;3.13963723
1253;3.68171859
1254;4.47913027
1255;4.50086975
1256;4.54347849
1257;4.60695648
1258;4.63652039
1259;4.59663868
1260;4.63000011
1261;4.66833353
1262;4.6916666
1263;4.68833351
1264;4.65500021
1265;4.59395981
1266;4.63652039
1267;4.64573431
1268;4.62869549
1269;4.5999999
1270;4.56608677
1271;3.4812603
1272;3.31474066
1273;3.3083508
1274;3.3083508
1275;3.3083508
1276;3.33391023
1277;3.96698999
1278;4.45043468
1279;4.46347809
1280;4.49652195
1281;4.57130432
1282;4.64260864
1283;4.59730959
1284;4.64166689
1285;4.67999983
1286;4.72749996
1287;4.73166656
1288;4.70333338
1289;4.63333321
1290;4.58663893
1291;4.61427355
1292;4.64260864
1293;4.61043501
1294;4.5782609
1295;3.72811222
1296;2.89372277
1297;2.75897312
1298;2.75897312
1299;2.75897312
1300;2.91289234
1301;3.38103938
1302;4.45739126
1303;4.43478251
1304;4.45565224
1305;4.53043461
1306;4.64347839
1307;4.5958333
1308;4.68833351
1309;4.75166655
1310;4.77833319
1311;4.75583315
1312;4.68666649
1313;4.59798145
1314;4.61913061
1315;4.54086971
1316;4.48173904
1317;4.43130445
1318;4.3944273
1319;3.3273437
1320;3.73701811
1321;3.56710553
1322;3.56710553
1323;3.56710553
1324;3.76215529
1325;4.3539834
1326;4.40136385
1327;4.36727285
1328;4.38909101
1329;4.409091
1330;4.46727276
1331;4.42611361
1332;4.43391323
1333;4.47913027
1334;4.49826097
1335;4.48521757
1336;4.43304348
1337;4.47859383
1338;4.41454554
1339;4.409091
1340;4.38590908
1341;4.36363649
1342;4.36363649
1343;4.15093327
1344;4.2352252
1345;4.22854471
1346;4.22854471
1347;4.22854471
1348;4.21681833
1349;4.1772728
1350;4.13772726
1351;4.16091967
1352;4.28181839
1353;4.36363649
1354;4.375
1355;4.409091
1356;4.409091
1357;4.46636343
1358;4.48818159
1359;4.48419142
1360;4.49909067
1361;4.43454552
1362;4.409091
1363;4.36363649
1364;4.33909082
1365;4.26999998
1366;4.14590883
1367;4.22222233
1368;4.16952372
1369;4.1514287
1370;4.14857149
1371;4.15714264
1372;4.16190481
1373;4.15999985
1374;4.12714291
1375;4.16476202
1376;4.16772699
1377;4.35727262
1378;4.36681795
1379;4.39545441
1380;4.409091
1381;4.409091
1382;4.43818188
1383;4.46090889
1384;4.44636345
1385;4.409091
1386;4.36363649
1387;4.40636349
1388;4.39636374
1389;4.36863613
1390;4.1860466
1391;4.09800005
1392;3.99399996
1393;3.96399999
1394;3.91700006
1395;3.91435766
1396;3.91628838
1397;3.90499997
1398;3.94500017
1399;4.01599979
1400;4.18380976
1401;4.34818172
1402;4.39772749
1403;4.43181801
1404;4.45316696
1405;4.39391327
1406;4.42260885
1407;4.41913033
1408;4.409091
1409;4.409091
1410;4.409091
1411;4.409091
1412;4.40772724
1413;4.39636374
1414;4.38500023
1415;4.37363625
1416;3.91651177
1417;3.90819526
1418;3.89156199
1419;3.88324547
1420;3.89156199
1421;4.33818197
1422;4.31545448
1423;4.29272747
1424;4.36409092
1425;4.409091
1426;4.4454546
1427;4.42611361
1428;4.50086975
1429;4.62260866
1430;4.61564636
1431;4.59932661
1432;4.63440847
1433;4.58521748
1434;4.50347805
1435;4.41545916
1436;4.46969032
1437;4.49272728
1438;4.46090889
1439;4.28256226
1440;3.44483829
1441;3.43823409
1442;3.43823409
1443;3.43823409
1444;3.46465111
1445;4.12194252
1446;4.36363649
1447;4.36363649
1448;4.409091
1449;4.490942
1450;4.49826097
1451;4.63090134
1452;4.6624999
1453;4.76166677
1454;4.8126812
1455;4.77978659
1456;4.82218552
1457;4.76416683
1458;4.69416666
1459;4.64695644
1460;4.62869549
1461;4.64695644
1462;4.64173937
1463;3.70467687
1464;2.72845984
1465;2.60163808
1466;2.61528301
1467;2.71989441
1468;2.87229347
1469;3.33609509
1470;4.33909082
1471;4.36363649
1472;4.48545456
1473;4.58333349
1474;4.72771454
1475;4.76000023
1476;4.73395586
1477;4.75384617
1478;4.66340733
1479;4.73282433
1480;4.70692301
1481;4.78399992
1482;4.73679924
1483;4.80083323
1484;4.76749992
1485;4.75750017
1486;4.76000023
1487;2.94819927
1488;1.85577583
1489;1.77037907
1490;1.77037907
1491;1.77037907
1492;1.87393761
1493;2.19066715
1494;4.61666679
1495;4.64333344
1496;4.75970554
1497;4.74853563
1498;4.60795259
1499;4.35388374
1500;3.74888873
1501;3.7469852
1502;3.7138412
1503;3.87490702
1504;4.18486547
1505;4.69230795
1506;4.81839991
1507;4.72240019
1508;4.68720007
1509;4.72318888
1510;4.01467752
1511;2.06693792
1512;1.75908756
1513;1.69375861
1514;1.74301624
1515;1.74810004
1516;1.85054457
1517;2.16393256
1518;4.59749985
1519;4.61333323
1520;4.81110191
1521;4.79897118
1522;4.65640259
1523;4.4563098
1524;3.96367955
1525;3.86802936
1526;3.71590829
1527;3.72524142
1528;3.97860885
1529;4.6057353
1530;4.81558037
1531;4.76079988
1532;4.68400002
1533;4.81584406
1534;4.11454678
1535;2.12855363
1536;2.33829737
1537;2.39094615
1538;2.39094615
1539;2.39094615
1540;2.4162147
1541;2.88649297
1542;4.4869566
1543;4.59739113
1544;4.68499994
1545;4.68720007
1546;4.78847647
1547;4.76384592
1548;4.64245605
1549;4.54532146
1550;4.25851822
1551;4.06229448
1552;4.31424093
1553;4.72307682
1554;4.79279995
1555;4.81584406
1556;4.77750015
1557;4.76166677
1558;4.78666687
1559;2.62291956
1560;2.05455208
1561;2.05027294
1562;2.07815003
1563;2.08591938
1564;2.09982109
1565;2.46983504
1566;4.68166685
1567;4.80499983
1568;4.77519989
1569;4.70384598
1570;4.76153851
1571;4.70588255
1572;4.62859297
1573;4.51532459
1574;4.06569338
1575;3.88451624
1576;4.15172958
1577;4.77358484
1578;4.70959997
1579;4.77203751
1580;4.82916689
1581;4.82499981
1582;4.8166666
1583;2.28108239
1584;1.76197541
1585;1.68086362
1586;1.66561663
1587;1.6579932
1588;1.73260772
1589;1.98244083
1590;4.39505863
1591;4.79083347
1592;4.71360016
1593;4.77803993
1594;4.7564249
1595;4.55963278
1596;4.02713156
1597;3.95142078
1598;3.82269907
1599;3.74396658
1600;3.90023541
1601;4.48516512
1602;4.76322985
1603;4.81861591
1604;4.83693027
1605;4.80240011
1606;3.72336888
1607;1.89377904
1608;1.86458039
1609;1.91524076
1610;1.91524076
1611;1.91524076
1612;1.93945646
1613;2.32377243
1614;4.80165291
1615;4.74240017
1616;4.80499411
1617;4.73615408
1618;4.5899334
1619;4.35236788
1620;3.86697721
1621;3.49651527
1622;3.13192773
1623;2.99392056
1624;3.18466806
1625;4.05389309
1626;4.7564249
1627;4.72380972
1628;4.72615385
1629;4.72526217
1630;4.49945784
1631;2.07830715
1632;1.68087888
1633;1.67529058
1634;1.68046129
1635;1.67916548
1636;1.73569536
1637;2.10570168
1638;4.76535034
1639;4.75825024
1640;4.60966539
1641;4.55181265
1642;4.47670269
1643;4.44201756
1644;3.92585349
1645;3.58169222
1646;3.27289271
1647;3.1845746
1648;3.37872577
1649;4.05727386
1650;4.69341421
1651;4.60966539
1652;4.73101854
1653;4.73461533
1654;4.21650076
1655;2.04946828
1656;1.47096646
1657;1.46515465
1658;1.47222126
1659;1.5073607
1660;1.54977274
1661;1.86608088
1662;4.22244167
1663;4.81279993
1664;4.57274389
1665;4.05564499
1666;3.58863401
1667;3.06599998
1668;2.75266194
1669;2.56860828
1670;2.31918693
1671;2.23677444
1672;2.41024017
1673;3.02631927
1674;4.39058685
1675;4.49927855
1676;4.54014587
1677;4.56617641
1678;3.39930463
1679;1.63198698
1680;1.30286014
1681;1.32417536
1682;1.33385217
1683;1.33385217
1684;1.35620522
1685;1.63435924
1686;3.69483161
1687;4.60111332
1688;4.50813723
1689;4.46529245
1690;3.78255868
1691;3.12509894
1692;2.7030983
1693;2.49382424
1694;2.32367492
1695;2.23508167
1696;2.3958652
1697;3.00318336
1698;4.4576416
1699;4.51194811
1700;4.60624075
1701;4.69874954
1702;3.34961867
1703;1.60911965
1704;1.62033927
1705;1.61475098
1706;1.61475098
1707;1.61475098
1708;1.65557003
1709;2.00965929
1710;4.62940407
1711;4.73977423
1712;4.7430768
1713;4.61652994
1714;4.58197927
1715;4.34265947
1716;3.88174653
1717;3.69953489
1718;3.38611341
1719;3.26815629
1720;3.40906429
1721;4.08439541
1722;4.83539772
1723;4.83759975
1724;4.82000017
1725;4.80959988
1726;4.22253275
1727;1.98280358
1728;1.60326457
1729;1.52971101
1730;1.52303827
1731;1.51636553
1732;1.59659171
1733;1.8305974
1734;4.07664061
1735;4.74720001
1736;4.82165623
1737;4.7008481
1738;4.75769234
1739;4.42572308
1740;3.90786457
1741;3.83168268
1742;3.72086024
1743;3.643677
1744;3.75994539
1745;4.17750168
1746;4.72815514
1747;4.83120012
1748;4.76959991
1749;4.7184
1750;3.53991938
1751;1.76551056
1752;1.83310437
1753;1.83235514
1754;1.81710815
1755;1.80948472
1756;1.81710815
1757;2.12609982
1758;4.66680479
1759;4.82083321
1760;4.7487998
1761;4.69942188
1762;4.59126234
1763;4.40451002
1764;3.78942919
1765;3.35274649
1766;2.99833441
1767;2.87433052
1768;3.15973663
1769;3.90167904
1770;4.51831722
1771;4.74550343
1772;4.72076941
1773;4.70307684
1774;4.1806283
1775;1.95218968
1776;1.60933733
1777;1.61253786
1778;1.61253786
1779;1.61253786
1780;1.63578498
1781;1.98949933
1782;4.52842331
1783;4.78319979
1784;4.73615408
1785;4.67748022
1786;4.51067686
1787;4.03493595
1788;3.54284406
1789;3.21159387
1790;2.82286143
1791;2.68379426
1792;2.91634798
1793;3.5739975
1794;4.66867495
1795;4.69769239
1796;4.76739693
1797;4.7315383
1798;4.05355978
1799;1.91207075
1800;2.43469644
1801;2.42888474
1802;2.53008819
1803;2.53008819
1804;2.55430388
1805;2.98007083
1806;4.74440384
1807;4.77358484
1808;4.72771454
1809;4.71360016
1810;4.72480011
1811;4.7512002
1812;4.76079988
1813;4.79680014
1814;4.77519989
1815;4.7592001
1816;4.70480013
1817;4.78289461
1818;4.78916645
1819;4.64249992
1820;4.59000015
1821;4.60676527
1822;4.6218524
1823;2.99056196
1824;3.24167538
1825;3.23535824
1826;3.23535824
1827;3.23535824
1828;3.26062679
1829;3.87991929
1830;4.55739117
1831;4.57304335
1832;4.61391306
1833;4.63370609
1834;4.59499979
1835;4.65083313
1836;4.69916677
1837;4.71000004
1838;4.6875
1839;4.66583347
1840;4.65083313
1841;4.60500002
1842;4.60880613
1843;4.61478281
1844;4.58347845
1845;4.57652187
1846;4.56521749
1847;3.64814901
1848;3.13897324
1849;3.1326561
1850;3.1326561
1851;3.1326561
1852;3.15792465
1853;3.75909305
1854;4.52086973
1855;4.57913065
1856;4.62782621
1857;4.60405254
1858;4.63250017
1859;4.70166683
1860;4.7458334
1861;4.75583315
1862;4.75
1863;4.72916651
1864;4.71083355
1865;4.67916679
1866;4.62166643
1867;4.60948753
1868;4.63863754
1869;4.64787531
1870;4.64347839
1871;3.53940535
1872;2.90641403
1873;2.77111888
1874;2.77111888
1875;2.77111888
1876;2.92536545
1877;3.39442205
1878;4.42869568
1879;4.52173901
1880;4.60782623
1881;4.59129
1882;4.68666649
1883;4.77250004
1884;4.82083321
1885;4.80479717
1886;4.81416655
1887;4.78249979
1888;4.75833321
1889;4.69500017
1890;4.59083319
1891;4.64869547
1892;4.5956521
1893;4.61478281
1894;4.62086964
1895;3.26280928
1896;2.52980208
1897;2.41237307
1898;2.4051199
1899;2.39786696
1900;2.52254915
1901;2.88934231
1902;4.5826087
1903;4.5695653
1904;4.63739109
1905;4.5958333
1906;4.71083355
1907;4.78916645
1908;4.75817013
1909;4.6855998
1910;4.6960001
1911;4.69519997
1912;4.72017813
1913;4.78249979
1914;4.66499996
1915;4.68666649
1916;4.64583349
1917;4.61908817
1918;4.5999999
1919;2.70525551
1920;2.83394933
1921;2.82599449
1922;2.81008458
1923;2.80212975
1924;2.81008458
1925;3.29379964
1926;4.49652195
1927;4.61016941
1928;4.76000023
1929;4.72771454
1930;4.77199984
1931;4.78639984
1932;4.77680016
1933;4.73839998
1934;4.68737459
1935;4.73983765
1936;4.80952358
1937;4.77416658
1938;4.73416662
1939;4.68249989
1940;4.67583323
1941;4.67916679
1942;4.6624999
1943;2.99998689
1944;2.40534115
1945;2.39928722
1946;2.39928722
1947;2.39928722
1948;2.42350292
1949;2.89323902
1950;4.71333313
1951;4.76499987
1952;4.81833315
1953;4.68147278
1954;4.74639988
1955;4.81120014
1956;4.7914691
1957;4.73250389
1958;4.72153854
1959;4.5034008
1960;4.67960119
1961;4.81103611
1962;4.75040007
1963;4.69199991
1964;4.76894712
1965;4.8125
1966;4.77583313
1967;2.75362778
1968;1.75482976
1969;1.67423964
1970;1.67423964
1971;1.67423964
1972;1.77299154
1973;2.07530117
1974;4.60083342
1975;4.75666666
1976;4.70959997
1977;4.83386564
1978;4.73384619
1979;4.45413256
1980;3.92915106
1981;3.85908985
1982;3.72159719
1983;3.65477896
1984;3.74752474
1985;4.20778275
1986;4.71615362
1987;4.7343998
1988;4.79068804
1989;4.75
1990;3.94098115
1991;2.07585073
1992;1.76185012
1993;1.68251395
1994;1.68251395
1995;1.68251395
1996;1.78233373
1997;2.08810997
1998;4.61739159
1999;4.74749994
2000;4.84000015
2001;4.6757164
2002;4.44523478
2003;3.88864183
2004;3.37754965
2005;3.40056992
2006;3.32763696
2007;3.3022666
2008;3.48016477
2009;3.96620917
2010;4.71303701
2011;4.7092309
2012;4.83280039
2013;4.72319984
2014;3.67176294
2015;1.93337691
2016;1.97747016
2017;1.99531066
2018;1.99531066
2019;1.99531066
2020;2.01952648
2021;2.41797256
2022;4.68583345
2023;4.73679924
2024;4.70656347
2025;4.74732018
2026;4.62513971
2027;4.5544157
2028;4.35848761
2029;4.03570223
2030;3.65154028
2031;3.49378443
2032;3.69791985
2033;4.49348021
2034;4.71153831
2035;4.83599997
2036;4.74959993
2037;4.71267128
2038;4.82749987
2039;2.32588768
2040;1.8337729
2041;1.82771897
2042;1.82771897
2043;1.82771897
2044;1.89375508
2045;2.31736255
2046;4.62740898
2047;4.7704916
2048;4.73540878
2049;4.70588255
2050;4.55181265
2051;4.42207909
2052;3.85679507
2053;3.54212356
2054;3.22153473
2055;3.07745814
2056;3.27396655
2057;4.01668119
2058;4.73282433
2059;4.74769211
2060;4.7137332
2061;4.80198002
2062;4.41291952
2063;2.06085157
2064;1.45312619
2065;1.42658997
2066;1.42017376
2067;1.41375768
2068;1.42658997
2069;1.67784023
2070;3.64147186
2071;4.76007652
2072;4.67748022
2073;4.5766964
2074;4.42948246
2075;3.7519834
2076;3.12732911
2077;2.83255386
2078;2.63785648
2079;2.64515901
2080;2.79307628
2081;3.31166244
2082;4.47172499
2083;4.40761662
2084;4.44207525
2085;4.4967556
2086;3.38446712
2087;1.56380773
2088;1.62863815
2089;1.64412057
2090;1.62948346
2091;1.62216496
2092;1.63668489
2093;1.94155645
2094;4.23863077
2095;4.74480009
2096;4.83080626
2097;4.71615362
2098;4.66340733
2099;4.46035004
2100;3.82146001
2101;3.52604604
2102;3.18730259
2103;3.00739241
2104;3.16246653
2105;3.78941488
2106;4.58462667
2107;4.83440018
2108;4.70818233
2109;4.79583311
2110;4.22268438
2111;1.94580233
2112;1.52185977
2113;1.45236266
2114;1.45236266
2115;1.47136784
2116;1.58153689
2117;1.87709641
2118;4.20322132
2119;4.77833319
2120;4.70720005
2121;4.71076918
2122;4.04190159
2123;3.2727046
2124;2.87826896
2125;2.82918024
2126;2.73301744
2127;2.67796254
2128;2.74876332
2129;3.15023661
2130;4.42477894
2131;4.67748022
2132;4.52338791
2133;4.29449749
2134;3.19587779
2135;1.72903991
2136;1.44379866
2137;1.37789977
2138;1.37789977
2139;1.37789977
2140;1.46123397
2141;1.73579431
2142;3.9414537
2143;4.83120012
2144;4.70769215
2145;4.75923061
2146;4.20760441
2147;3.67748141
2148;3.30291128
2149;3.25201917
2150;3.13258839
2151;3.07079744
2152;3.44246984
2153;3.77037215
2154;4.75954485
2155;4.73692322
2156;4.47066498
2157;4.26137733
2158;3.17574525
2159;1.70018816
2160;1.84548676
2161;1.84018409
2162;1.84018409
2163;1.84018409
2164;1.86139476
2165;2.22426319
2166;4.71717167
2167;4.7704916
2168;4.71660852
2169;4.71999979
2170;4.75230789
2171;4.71660852
2172;4.43866825
2173;4.10806322
2174;3.683599
2175;3.50324535
2176;3.70119619
2177;4.40843201
2178;4.81558037
2179;4.79279995
2180;4.75360012
2181;4.7407999
2182;4.61032438
2183;2.13436055
2184;1.18815398
2185;1.14182222
2186;1.16703749
2187;1.16703749
2188;1.23838913
2189;1.45796764
2190;3.31037807
2191;4.57224226
2192;4.21793175
2193;3.86934853
2194;3.0353694
2195;2.54748964
2196;2.25329041
2197;2.19616866
2198;2.09354925
2199;2.03895688
2200;2.086344
2201;2.36098576
2202;3.11043715
2203;3.23870397
2204;3.1385088
2205;3.07777262
2206;2.30050445
2207;1.23092151
2208;0.531476796
2209;0.511993051
2210;0.516841769
2211;0.525692463
2212;0.587637901
2213;0.73318857
2214;1.62631202
2215;2.07932568
2216;1.6865803
2217;1.48925805
2218;1.22891223
2219;1.08270633
2220;1.00197709
2221;0.992062926
2222;0.955753028
2223;0.942107677
2224;0.988965273
2225;1.14336574
2226;1.48176503
2227;1.5866437
2228;1.49661863
2229;1.40905488
2230;1.08382952
2231;0.665074944
2232;0.721509635
2233;0.712200463
2234;0.733410239
2235;0.753989756
2236;0.80889684
2237;0.927744448
2238;1.94177532
2239;2.55208802
2240;2.39491701
2241;2.3353157
2242;1.97911823
2243;1.68552065
2244;1.46649802
2245;1.43327045
2246;1.46621978
2247;1.58853996
2248;1.67286575
2249;1.84121251
2250;2.29931855
2251;2.4604373
2252;2.33156586
2253;2.18826866
2254;1.58800662
2255;0.810059607
2256;1.07864237
2257;1.0830611
2258;1.08351803
2259;1.09363866
2260;1.10904062
2261;1.29786479
2262;2.77450776
2263;3.4836154
2264;3.70293856
2265;3.69608974
2266;3.30055118
2267;2.88406157
2268;2.62937522
2269;2.5382638
2270;2.31342149
2271;2.19156528
2272;2.33008814
2273;2.7961874
2274;4.05032063
2275;4.55696154
2276;4.31968689
2277;4.32194424
2278;2.89152217
2279;1.40552819
2280;1.14168155
2281;1.12709868
2282;1.13602161
2283;1.13602161
2284;1.20582247
2285;1.42074883
2286;3.22353697
2287;4.45165777
2288;4.10198498
2289;3.79596233
2290;3.02304745
2291;2.50339246
2292;2.22400784
2293;2.18138194
2294;2.09566736
2295;2.05362272
2296;2.11150765
2297;2.37076616
2298;3.1476264
2299;3.43590212
2300;3.29073787
2301;3.19791937
2302;2.42380691
2303;1.32536149
2304;0.743099213
2305;0.731076419
2306;0.731076419
2307;0.731076419
2308;0.787037134
2309;0.967744231
2310;2.09725237
2311;2.88051438
2312;2.40924358
2313;2.00036287
2314;1.57323349
2315;1.3743695
2316;1.25159943
2317;1.25246179
2318;1.21671343
2319;1.19840825
2320;1.23329425
2321;1.37060618
2322;1.79949749
2323;1.92759609
2324;1.88879037
2325;1.8720634
2326;1.50568759
2327;0.914177179
2328;0.603458405
2329;0.588037789
2330;0.60097456
2331;0.60097456
2332;0.643504739
2333;0.776397765
2334;1.72375417
2335;2.16869974
2336;1.72921419
2337;1.49199867
2338;1.21877217
2339;1.07866085
2340;1.01194799
2341;1.00853097
2342;0.977061987
2343;0.96303612
2344;0.997922063
2345;1.11358142
2346;1.47075868
2347;1.56226194
2348;1.52555752
2349;1.48532915
2350;1.20922256
2351;0.758774996
2352;0.512217164
2353;0.520711899
2354;0.520711899
2355;0.52720058
2356;0.557842076
2357;0.696447313
2358;1.46427655
2359;1.63918161
2360;1.39660609
2361;1.22780979
2362;1.02774847
2363;0.919138193
2364;0.851368487
2365;0.791319191
2366;0.717067778
2367;0.688663542
2368;0.737751544
2369;0.892736077
2370;1.31593406
2371;1.4683274
2372;1.45177722
2373;1.39644623
2374;1.0291301
2375;0.609411061
2376;0.636036932
2377;0.578451812
2378;0.581739485
2379;0.588240445
2380;0.643223166
2381;0.874500871
2382;1.79439223
2383;2.41021085
2384;2.15605521
2385;1.99215567
2386;1.63660121
2387;1.4396919
2388;1.3325485
2389;1.32923186
2390;1.29572439
2391;1.27619839
2392;1.33076596
2393;1.63664556
2394;2.32137918
2395;2.47249031
2396;2.32364774
2397;2.19141865
2398;1.6527282
2399;0.951328516
2400;0.837295473
2401;0.818773746
2402;0.82644093
2403;0.820352674
2404;0.872375965
2405;1.02910936
2406;2.08196735
2407;2.80176878
2408;2.70042539
2409;2.62768793
2410;2.18774748
2411;1.8417325
2412;1.58764362
2413;1.55270994
2414;1.50923002
2415;1.48688996
2416;1.52916932
2417;1.68108964
2418;2.17215371
2419;2.23576784
2420;2.13016796
2421;2.0406487
2422;1.55528617
2423;0.826502681
2424;0.579873264
2425;0.585317135
2426;0.589837313
2427;0.600274682
2428;0.615699351
2429;0.712161541
2430;1.40556622
2431;1.59891033
2432;1.68704712
2433;1.7169708
2434;1.5853976
2435;1.33636415
2436;1.12693286
2437;1.03871405
2438;0.940219641
2439;0.890073776
2440;0.971983492
2441;1.16736019
2442;1.64701641
2443;1.89203894
2444;1.85749042
2445;1.87020087
2446;1.33839989
2447;0.723660946
2448;1.24527502
2449;1.25023437
2450;1.25023437
2451;1.25603127
2452;1.27062917
2453;1.52792239
2454;3.34813619
2455;3.81962967
2456;3.68220067
2457;3.53288507
2458;3.09912729
2459;2.79982257
2460;2.55472279
2461;2.48249745
2462;2.30278754
2463;2.18419695
2464;2.25086474
2465;2.64869022
2466;4.01501751
2467;4.48670006
2468;4.56213093
2469;4.47483397
2470;3.11980033
2471;1.50255656
2472;0.716396093
2473;0.688598335
2474;0.698859811
2475;0.712836981
2476;0.760959923
2477;0.910631299
2478;2.00251293
2479;2.48966312
2480;2.04995155
2481;1.8427031
2482;1.5289036
2483;1.37366748
2484;1.26286697
2485;1.24479818
2486;1.20758557
2487;1.19111371
2488;1.23641288
2489;1.3966949
2490;1.80247343
2491;1.91431522
2492;1.86699343
2493;1.87007713
2494;1.48674369
2495;0.884656489
2496;0.566089034
2497;0.525491953
2498;0.548399031
2499;0.566116512
2500;0.623202264
2501;0.761741817
2502;1.60056663
2503;1.94296968
2504;1.69329333
2505;1.51710236
2506;1.22939312
2507;1.10952115
2508;1.01811862
2509;1.0014441
2510;0.96677649
2511;0.962469399
2512;1.00737309
2513;1.14683056
2514;1.4486773
2515;1.52666748
2516;1.45308423
2517;1.38057494
2518;1.0565927
2519;0.649259508
2520;0.467771769
2521;0.479135901
2522;0.481358498
2523;0.485541433
2524;0.502257049
2525;0.626672804
2526;1.33772206
2527;1.66471624
2528;1.53084362
2529;1.36759794
2530;1.16724169
2531;1.05099297
2532;0.966809273
2533;0.888937235
2534;0.808160126
2535;0.78347683
2536;0.836907864
2537;1.01019764
2538;1.46752238
2539;1.71211159
2540;1.70654202
2541;1.6485759
2542;1.22052395
2543;0.694769859
2544;0.467380136
2545;0.459965795
2546;0.468692839
2547;0.479576051
2548;0.520785749
2549;0.634572864
2550;1.28774786
2551;1.5943706
2552;1.35912955
2553;1.21365643
2554;1.00280249
2555;0.890136838
2556;0.833204746
2557;0.826595962
2558;0.798318803
2559;0.787484586
2560;0.822370529
2561;0.932250142
2562;1.22817969
2563;1.28029621
2564;1.25651181
2565;1.20090771
2566;0.963228643
2567;0.643046618
2568;0.368759662
2569;0.364719927
2570;0.367412359
2571;0.362971425
2572;0.384322017
2573;0.442519754
2574;0.754213095
2575;0.900142193
2576;0.991361439
2577;1.04095697
2578;0.906666636
2579;0.773778558
2580;0.67411238
2581;0.640655637
2582;0.614031017
2583;0.607433558
2584;0.647487819
2585;0.72736156
2586;0.901393354
2587;0.928685606
2588;0.88079989
2589;0.810382903
2590;0.618815243
2591;0.351407945
2592;0.261379421
2593;0.254441857
2594;0.247236177
2595;0.245483041
2596;0.260074884
2597;0.298565686
2598;0.49708724
2599;0.644051909
2600;0.76294893
2601;0.867181063
2602;0.828363538
2603;0.705457568
2604;0.591312885
2605;0.551763058
2606;0.525417209
2607;0.499071419
2608;0.543001831
2609;0.622039437
2610;0.749263763
2611;0.778562307
2612;0.726849973
2613;0.681797385
2614;0.540410519
2615;0.379609376
2616;0.238127142
2617;0.236257553
2618;0.240908295
2619;0.246736705
2620;0.277011544
2621;0.358121365
2622;0.689327717
2623;0.819294691
2624;0.652631938
2625;0.517147601
2626;0.42703867
2627;0.402124166
2628;0.400881261
2629;0.386552602
2630;0.365995318
2631;0.362881005
2632;0.397766948
2633;0.476881772
2634;0.60769707
2635;0.642583013
2636;0.603885353
2637;0.528930664
2638;0.430390537
2639;0.340189993
2640;0.171420783
2641;0.16884774
2642;0.172454715
2643;0.177003086
2644;0.201467186
2645;0.266353071
2646;0.503285468
2647;0.643791497
2648;0.494583666
2649;0.39151299
2650;0.320137829
2651;0.307440341
2652;0.315360188
2653;0.299504399
2654;0.280474246
2655;0.278887093
2656;0.313773036
2657;0.388306469
2658;0.497741938
2659;0.53262794
2660;0.510074794
2661;0.440018654
2662;0.366854548
2663;0.310002267
2664;0.134384826
2665;0.132804319
2666;0.135990947
2667;0.138406277
2668;0.156464711
2669;0.212852433
2670;0.394106299
2671;0.512533188
2672;0.366019636
2673;0.261361778
2674;0.209032863
2675;0.209032863
2676;0.226475835
2677;0.209032863
2678;0.191589877
2679;0.191589877
2680;0.226475835
2681;0.296247721
2682;0.383462608
2683;0.418348581
2684;0.394786775
2685;0.331117988
2686;0.282151937
2687;0.270704269
2688;0.267920077
2689;0.269101083
2690;0.272660404
2691;0.27519995
2692;0.294497073
2693;0.372948706
2694;0.745324969
2695;0.92434299
2696;0.811863899
2697;0.707206011
2698;0.60643208
2699;0.557935953
2700;0.558262408
2701;0.510365725
2702;0.467425555
2703;0.454425037
2704;0.502104104
2705;0.621545911
2706;0.869747996
2707;0.993499577
2708;0.945503712
2709;0.870658517
2710;0.655433834
2711;0.435158908
2712;0.343555927
2713;0.341759473
2714;0.347121686
2715;0.354268283
2716;0.380551428
2717;0.470495105
2718;0.976856947
2719;1.23604107
2720;1.09310508
2721;0.953179717
2722;0.819765329
2723;0.725988448
2724;0.678502321
2725;0.625024617
2726;0.567020535
2727;0.542921185
2728;0.591607749
2729;0.734138846
2730;1.0503155
2731;1.19781923
2732;1.09538507
2733;1.12080789
2734;0.872476399
2735;0.560338914
2736;0.406811357
2737;0.401890337
2738;0.393772244
2739;0.382452518
2740;0.367527515
2741;0.41742
2742;0.742543459
2743;0.936791539
2744;1.10707653
2745;1.16650188
2746;1.03658593
2747;0.883806527
2748;0.761435628
2749;0.704323173
2750;0.64341408
2751;0.632210255
2752;0.694931269
2753;0.839253664
2754;1.14336836
2755;1.23994446
2756;1.20476294
2757;1.14067495
2758;0.817210197
2759;0.423282862
2760;0.668089509
2761;0.675881565
2762;0.677396297
2763;0.688079238
2764;0.70466435
2765;0.826581001
2766;1.71056688
2767;2.22563767
2768;2.46952438
2769;2.49426365
2770;2.22776127
2771;1.85843682
2772;1.5645901
2773;1.42278671
2774;1.29922557
2775;1.22604513
2776;1.32026315
2777;1.57751048
2778;2.23960304
2779;2.50805664
2780;2.60751581
2781;2.44827676
2782;1.67409086
2783;0.911108553
2784;0.58717376
2785;0.565613985
2786;0.572255313
2787;0.573152542
2788;0.626568675
2789;0.757042408
2790;1.58597207
2791;2.10319018
2792;1.75358355
2793;1.54852962
2794;1.24232721
2795;1.10386443
2796;1.00742221
2797;0.978289187
2798;0.947350681
2799;0.933855355
2800;0.968741298
2801;1.0789994
2802;1.3887732
2803;1.46726048
2804;1.39525461
2805;1.32828283
2806;1.03168321
2807;0.647298932
2808;0.445685029
2809;0.461709589
2810;0.466797709
2811;0.476971298
2812;0.488251835
2813;0.588522077
2814;1.19215012
2815;1.48399329
2816;1.36457789
2817;1.22502685
2818;1.04619551
2819;0.936909676
2820;0.861473203
2821;0.786570013
2822;0.70941031
2823;0.690951049
2824;0.751428127
2825;0.914367616
2826;1.29771328
2827;1.4232204
2828;1.38755703
2829;1.33588135
2830;0.986701846
2831;0.588009357
2832;0.247318178
2833;0.247360125
2834;0.256182045
2835;0.258714944
2836;0.292374253
2837;0.372363597
2838;0.686255932
2839;0.892681956
2840;0.719659567
2841;0.592721581
2842;0.481915236
2843;0.450729251
2844;0.444782674
2845;0.431237996
2846;0.409896731
2847;0.405998528
2848;0.440884471
2849;0.522351086
2850;0.664141476
2851;0.699027419
2852;0.649607778
2853;0.584461808
2854;0.465790153
2855;0.346174061
2856;0.316648781
2857;0.310609609
2858;0.337614983
2859;0.350985885
2860;0.389831752
2861;0.492162168
2862;1.05146587
2863;1.43608356
2864;1.23194468
2865;1.08654547
2866;0.886422634
2867;0.795563221
2868;0.754347146
2869;0.744929612
2870;0.717523098
2871;0.708321691
2872;0.782077193
2873;0.894870162
2874;1.13708186
2875;1.18508232
2876;1.10440803
2877;1.01277363
2878;0.777941287
2879;0.508971214
2880;0.35686332
2881;0.34505412
2882;0.347878873
2883;0.350638956
2884;0.381179899
2885;0.472582936
2886;1.04929185
2887;1.52285337
2888;1.19913459
2889;1.05416119
2890;0.870877922
2891;0.787011504
2892;0.74173075
2893;0.727393925
2894;0.700642467
2895;0.697466433
2896;0.739285052
2897;0.852030873
2898;1.07508481
2899;1.1300168
2900;1.07621372
2901;0.99492085
2902;0.769811809
2903;0.503372669
2904;0.311704248
2905;0.309496462
2906;0.311493784
2907;0.312578291
2908;0.325165898
2909;0.395465434
2910;0.649406672
2911;0.831914067
2912;0.98858285
2913;1.0556798
2914;0.938318491
2915;0.786511719
2916;0.670206726
2917;0.60509491
2918;0.551825881
2919;0.539944351
2920;0.597154021
2921;0.72618854
2922;0.962346196
2923;1.06099463
2924;1.05554092
2925;0.997220278
2926;0.746032119
2927;0.415898323
2928;0.537479639
2929;0.537007868
2930;0.540377259
2931;0.540575087
2932;0.565895617
2933;0.640115917
2934;1.16100526
2935;1.49713385
2936;1.58571148
2937;1.68342376
2938;1.49099946
2939;1.28508019
2940;1.10129082
2941;1.05097139
2942;1.01557302
2943;0.987374485
2944;1.03089046
2945;1.1571033
2946;1.42572653
2947;1.43898726
2948;1.33129239
2949;1.26031804
2950;0.988197267
2951;0.645874321
2952;0.407195389
2953;0.395350546
2954;0.401143223
2955;0.413565338
2956;0.454361141
2957;0.558967829
2958;1.06193542
2959;1.34554529
2960;1.14573741
2961;1.02666831
2962;0.83699429
2963;0.750111103
2964;0.712300539
2965;0.703433931
2966;0.677238822
2967;0.668574631
2968;0.703636348
2969;0.80165112
2970;1.03039908
2971;1.07197809
2972;1.0190177
2973;0.928254366
2974;0.783870339
2975;0.546575308
2976;0.683516204
2977;0.692592204
2978;0.664192259
2979;0.676268458
2980;0.682718933
2981;0.806812406
2982;1.74841928
2983;2.34128428
2984;2.26080608
2985;2.09515285
2986;1.80133331
2987;1.56863344
2988;1.40818083
2989;1.3258481
2990;1.22772944
2991;1.16785073
2992;1.20868552
2993;1.44549799
2994;2.11396646
2995;2.44523072
2996;2.42308378
2997;2.47438478
2998;1.78151858
2999;0.966089725
3000;0.870666087
3001;0.876592457
3002;0.876592457
3003;0.868574858
3004;0.872916996
3005;1.02010596
3006;2.21578121
3007;2.82611632
3008;2.66299915
3009;2.43861675
3010;2.07382488
3011;1.80213928
3012;1.60361207
3013;1.50448275
3014;1.36637545
3015;1.30690157
3016;1.42190552
3017;1.75303435
3018;2.52944422
3019;3.09703493
3020;2.99455333
3021;2.92542171
3022;2.06903267
3023;1.07240987
3024;0.856474996
3025;0.853051662
3026;0.855968595
3027;0.866503596
3028;0.887001216
3029;1.03932214
3030;2.21811676
3031;2.785429
3032;2.61805153
3033;2.40161514
3034;2.08360744
3035;1.83455729
3036;1.63598752
3037;1.5168035
3038;1.35264742
3039;1.28831971
3040;1.36539793
3041;1.66571128
3042;2.4159441
3043;2.75100636
3044;2.58445454
3045;2.54964161
3046;1.95741808
3047;1.0381074
3048;0.535863876
3049;0.520137191
3050;0.520337343
3051;0.528470814
3052;0.573690057
3053;0.677690804
3054;1.34996319
3055;1.69688118
3056;1.45594406
3057;1.31961727
3058;1.08880222
3059;0.959627032
3060;0.901835024
3061;0.896352887
3062;0.866773307
3063;0.855399907
3064;0.895916224
3065;1.04645073
3066;1.33644795
3067;1.37811995
3068;1.32577264
3069;1.25590777
3070;0.968956947
3071;0.599843502
3072;0.304013789
3073;0.298943639
3074;0.29597348
3075;0.295446396
3076;0.306374907
3077;0.35621962
3078;0.627132595
3079;0.792901993
3080;0.952316165
3081;1.01918232
3082;0.918672621
3083;0.7953192
3084;0.674821675
3085;0.592755675
3086;0.537621856
3087;0.523771107
3088;0.577074826
3089;0.685782433
3090;0.918088555
3091;0.985031724
3092;0.959232807
3093;0.899298549
3094;0.654592752
3095;0.348740995
3096;0.196310729
3097;0.191101819
3098;0.184028625
3099;0.181741744
3100;0.190026119
3101;0.205670238
3102;0.289575636
3103;0.378976762
3104;0.503453672
3105;0.637565374
3106;0.639764845
3107;0.538210332
3108;0.439968556
3109;0.397473097
3110;0.373740852
3111;0.350008607
3112;0.39416039
3113;0.465357184
3114;0.554774046
3115;0.554774046
3116;0.505801141
3117;0.448619723
3118;0.350805968
3119;0.265152037
3120;0.12497744
3121;0.121648185
3122;0.12198808
3123;0.122742578
3124;0.138778791
3125;0.185688615
3126;0.361115605
3127;0.490053803
3128;0.367337853
3129;0.262152702
3130;0.209560126
3131;0.209560126
3132;0.227090985
3133;0.209560126
3134;0.192029268
3135;0.192029268
3136;0.227090985
3137;0.297214419
3138;0.384868681
3139;0.419930398
3140;0.384868681
3141;0.314745277
3142;0.268295228
3143;0.257996947
3144;0.474473476
3145;0.488316685
3146;0.507081151
3147;0.525050461
3148;0.556849241
3149;0.698239863
3150;1.55311477
3151;1.97322989
3152;1.92537749
3153;1.82067096
3154;1.6084547
3155;1.43455923
3156;1.30101097
3157;1.18652296
3158;1.05873871
3159;0.998301506
3160;1.06201863
3161;1.29128909
3162;1.86031771
3163;2.10910082
3164;2.04429078
3165;2.05182099
3166;1.48935926
3167;0.822059393
3168;0.86742574
3169;0.873145938
3170;0.894548237
3171;0.898332834
3172;0.918830454
3173;1.11434388
3174;2.46491098
3175;3.14998317
3176;3.02489352
3177;2.81563091
3178;2.31388855
3179;2.02020526
3180;1.78835821
3181;1.64065886
3182;1.47095609
3183;1.40678024
3184;1.48736465
3185;1.77747619
3186;2.60933518
3187;3.18724513
3188;3.13913298
3189;3.12447476
3190;2.23065782
3191;1.17425835
3192;0.936306298
3193;0.894962907
3194;0.894962907
3195;0.902908564
3196;0.968172491
3197;1.12961817
3198;2.45051312
3199;3.36709976
3200;2.98379898
3201;2.67790198
3202;2.20120454
3203;1.92242491
3204;1.73830247
3205;1.71242952
3206;1.64860857
3207;1.61688805
3208;1.66189742
3209;1.8298912
3210;2.34438682
3211;2.50725055
3212;2.44933081
3213;2.46017933
3214;1.89417899
3215;1.09087133
3216;1.1721096
3217;1.16698515
3218;1.1912688
3219;1.20642602
3220;1.23498213
3221;1.43040538
3222;2.93056607
3223;3.45013595
3224;3.35181618
3225;3.20501256
3226;2.85288548
3227;2.52884531
3228;2.38855696
3229;2.20795727
3230;1.99351561
3231;1.90521669
3232;2.02600241
3233;2.76647043
3234;4.13148642
3235;4.61000013
3236;4.38245058
3237;4.23095751
3238;3.02538776
3239;1.4719708
3240;1.61099434
3241;1.60487545
3242;1.59875643
3243;1.59263754
3244;1.60487545
3245;1.88528717
3246;4.11155891
3247;4.77120018
3248;4.80800009
3249;4.82927799
3250;4.70384598
3251;4.42113113
3252;3.61902285
3253;3.26400065
3254;2.85539937
3255;2.79346204
3256;3.07619882
3257;3.59730482
3258;4.54661798
3259;4.75846148
3260;4.70384598
3261;4.79897118
3262;3.95352554
3263;1.74933684
3264;1.13739586
3265;1.10887468
3266;1.1008997
3267;1.09390891
3268;1.14628053
3269;1.29852605
3270;2.65132689
3271;3.73928785
3272;3.78581214
3273;3.82687974
3274;3.230726
3275;2.64978671
3276;2.28198528
3277;2.21749663
3278;2.12925386
3279;2.06095362
3280;2.12371182
3281;2.34023976
3282;2.97429252
3283;3.0934577
3284;3.03334498
3285;2.92990613
3286;2.17208219
3287;1.16388369
3288;0.602209032
3289;0.603516221
3290;0.605529428
3291;0.617196202
3292;0.648850799
3293;0.796720743
3294;1.7571311
3295;2.17950034
3296;1.87506366
3297;1.64023745
3298;1.33616984
3299;1.17445004
3300;1.04246891
3301;0.969344139
3302;0.877687931
3303;0.846416593
3304;0.926903903
3305;1.13528132
3306;1.59946108
3307;1.83454812
3308;1.81155837
3309;1.77714181
3310;1.29022038
3311;0.718477726
3312;0.306703448
3313;0.301707923
3314;0.309728563
3315;0.312459469
3316;0.341775656
3317;0.409386486
3318;0.771054626
3319;1.02983046
3320;0.853382468
3321;0.732635498
3322;0.590784311
3323;0.547216654
3324;0.53207171
3325;0.519986868
3326;0.497009993
3327;0.491564065
3328;0.526625752
3329;0.613087118
3330;0.776984811
3331;0.812902212
3332;0.764030278
3333;0.705891848
3334;0.563334823
3335;0.399789751
3336;0.207394809
3337;0.207365945
3338;0.233003378
3339;0.241413265
3340;0.266408592
3341;0.316124499
3342;0.595168591
3343;0.793609262
3344;0.647527754
3345;0.527171075
3346;0.435795933
3347;0.409940898
3348;0.408080459
3349;0.393781483
3350;0.373018742
3351;0.369786859
3352;0.404848576
3353;0.505555034
3354;0.651877642
3355;0.652629972
3356;0.62441355
3357;0.553978443
3358;0.425590992
3359;0.334102988
3360;0.191076219
3361;0.192140311
3362;0.192023262
3363;0.188633263
3364;0.204335392
3365;0.264112025
3366;0.530845523
3367;0.707295656
3368;0.564854622
3369;0.454169571
3370;0.38057512
3371;0.359573305
3372;0.359102577
3373;0.33257091
3374;0.303039014
3375;0.297038496
3376;0.335100472
3377;0.428982854
3378;0.587200522
3379;0.648701429
3380;0.612101674
3381;0.550828397
3382;0.432602823
3383;0.333269
3384;0.204064593
3385;0.200887874
3386;0.203186497
3387;0.203923345
3388;0.220629126
3389;0.284989119
3390;0.587082863
3391;0.769827545
3392;0.636829972
3393;0.523619413
3394;0.432588935
3395;0.404780567
3396;0.389323622
3397;0.360731423
3398;0.32845217
3399;0.321077943
3400;0.359826773
3401;0.452072829
3402;0.618242264
3403;0.683973074
3404;0.647358418
3405;0.581315517
3406;0.444070339
3407;0.332515776
3408;0.171902627
3409;0.170248389
3410;0.169393197
3411;0.168090239
3412;0.179296911
3413;0.202140972
3414;0.278214157
3415;0.388476908
3416;0.525307477
3417;0.596281052
3418;0.544051349
3419;0.451565564
3420;0.380918324
3421;0.335530758
3422;0.30856061
3423;0.305139542
3424;0.347106099
3425;0.417753339
3426;0.510637403
3427;0.522611082
3428;0.506413579
3429;0.44045037
3430;0.336536229
3431;0.206929654
3432;0.14625001
3433;0.143933743
3434;0.134066403
3435;0.132392779
3436;0.13851127
3437;0.147002786
3438;0.180080608
3439;0.248195067
3440;0.369285703
3441;0.501741052
3442;0.523816943
3443;0.435513377
3444;0.347209811
3445;0.303058028
3446;0.280982137
3447;0.258906245
3448;0.303058028
3449;0.369285703
3450;0.435513377
3451;0.435513377
3452;0.391361594
3453;0.330969453
3454;0.263433963
3455;0.226685271
3456;0.13649869
3457;0.134680867
3458;0.138199389
3459;0.141233131
3460;0.160533428
3461;0.21304208
3462;0.4119789
3463;0.561716139
3464;0.418804139
3465;0.304770738
3466;0.245941475
3467;0.241783679
3468;0.256196201
3469;0.239185065
3470;0.221134484
3471;0.220614761
3472;0.255676478
3473;0.32735908
3474;0.422289491
3475;0.472393185
3476;0.443006992
3477;0.375824749
3478;0.315745294
3479;0.286517799
3480;0.207047418
3481;0.203509539
3482;0.20795022
3483;0.212048411
3484;0.235799879
3485;0.29671669
3486;0.585606515
3487;0.790645123
3488;0.647055686
3489;0.517935395
3490;0.42186141
3491;0.397598833
3492;0.396932781
3493;0.382434726
3494;0.361871064
3495;0.35883823
3496;0.393899947
3497;0.473121822
3498;0.603235602
3499;0.664346695
3500;0.627012253
3501;0.575489104
3502;0.4718799
3503;0.368458867
3504;0.248026565
3505;0.245391726
3506;0.254533768
3507;0.267103344
3508;0.294364035
3509;0.358846426
3510;0.675885677
3511;0.869511306
3512;0.742383778
3513;0.610081792
3514;0.511570156
3515;0.474481195
3516;0.460221499
3517;0.426795393
3518;0.388070852
3519;0.37747401
3520;0.417834133
3521;0.519748092
3522;0.720780909
3523;0.823568761
3524;0.767648458
3525;0.690168858
3526;0.517206192
3527;0.365377545
3528;0.215787098
3529;0.213322312
3530;0.222131297
3531;0.230219111
3532;0.265070617
3533;0.31969285
3534;0.606291592
3535;0.837012053
3536;0.685762703
3537;0.568797171
3538;0.471330523
3539;0.441414446
3540;0.436508238
3541;0.422716886
3542;0.401446521
3543;0.397707045
3544;0.432768762
3545;0.514110684
3546;0.654118121
3547;0.702490151
3548;0.67072165
3549;0.592097402
3550;0.476130068
3551;0.359434038
3552;0.185195461
3553;0.181634158
3554;0.183290899
3555;0.186754569
3556;0.20940733
3557;0.261946559
3558;0.503010929
3559;0.697710037
3560;0.551040649
3561;0.441517353
3562;0.36267671
3563;0.345178008
3564;0.349584818
3565;0.334241271
3566;0.314523101
3567;0.312335759
3568;0.347397476
3569;0.424082905
3570;0.542359948
3571;0.578792453
3572;0.559392929
3573;0.487181664
3574;0.400939524
3575;0.330491722
3576;0.19386512
3577;0.191589922
3578;0.191295773
3579;0.189571679
3580;0.198726878
3581;0.220838577
3582;0.304689705
3583;0.406632006
3584;0.550665855
3585;0.631177902
3586;0.575131297
3587;0.478828728
3588;0.404909909
3589;0.357886523
3590;0.328735352
3591;0.324223757
3592;0.366735578
3593;0.440654397
3594;0.543898463
3595;0.566547155
3596;0.557591736
3597;0.483525634
3598;0.364015222
3599;0.226986736
3600;0.213552997
3601;0.212528378
3602;0.204198852
3603;0.201167464
3604;0.209481537
3605;0.225786686
3606;0.324507833
3607;0.430831373
3608;0.55965203
3609;0.69210732
3610;0.693361938
3611;0.584237099
3612;0.47808665
3613;0.425011456
3614;0.391037643
3615;0.36301285
3616;0.410139084
3617;0.498014241
3618;0.632775664
3619;0.665994763
3620;0.617185831
3621;0.544139147
3622;0.410362899
3623;0.293387324
3624;0.774855793
3625;0.786484361
3626;0.802329302
3627;0.818825781
3628;0.851635516
3629;1.05513787
3630;2.46081018
3631;3.33596182
3632;3.11269879
3633;3.01852965
3634;2.64471769
3635;2.3520391
3636;2.10733604
3637;1.95379448
3638;1.72897875
3639;1.63003469
3640;1.70121968
3641;2.01952052
3642;2.89487886
3643;3.29008627
3644;3.19744515
3645;3.17456746
3646;2.24874282
3647;1.12223136
3648;0.771581888
3649;0.776005566
3650;0.785523653
3651;0.796733081
3652;0.826497018
3653;1.00859666
3654;2.23956823
3655;2.93338013
3656;2.87496662
3657;2.68099332
3658;2.29522157
3659;1.90881169
3660;1.64164317
3661;1.47030723
3662;1.32685471
3663;1.2611413
3664;1.33006275
3665;1.60424685
3666;2.3233285
3667;2.6303699
3668;2.56033611
3669;2.52095318
3670;1.82576799
3671;0.959754407
3672;1.17067504
3673;1.18489981
3674;1.20856273
3675;1.2253294
3676;1.25503778
3677;1.50014389
3678;3.31324553
3679;4.38480854
3680;4.46499157
3681;4.27841234
3682;3.73277164
3683;3.1868732
3684;2.83033609
3685;2.65865517
3686;2.39385796
3687;2.22576451
3688;2.24779773
3689;2.65094423
3690;3.82947159
3691;4.54791546
3692;4.51798296
3693;4.38986015
3694;3.03504038
3695;1.45056629
3696;0.611252189
3697;0.585498691
3698;0.580927849
3699;0.584622443
3700;0.634321511
3701;0.726009548
3702;1.55501902
3703;2.04675531
3704;1.81139469
3705;1.63361025
3706;1.34085047
3707;1.18484592
3708;1.10780144
3709;1.09217274
3710;1.05465388
3711;1.03360879
3712;1.07041299
3713;1.20137036
3714;1.51220012
3715;1.57875752
3716;1.53118622
3717;1.48566508
3718;1.18355417
3719;0.747330606
3720;0.407372981
3721;0.399766952
3722;0.401850581
3723;0.405169189
3724;0.439188659
3725;0.50689131
3726;0.957373857
3727;1.26500607
3728;1.09257829
3729;0.99042964
3730;0.808106422
3731;0.728210986
3732;0.693376184
3733;0.68571943
3734;0.661066115
3735;0.652567863
3736;0.684877932
3737;0.774993002
3738;0.994637251
3739;1.06300211
3740;1.00640941
3741;0.958605409
3742;0.765900671
3743;0.525390446
3744;0.31192261
3745;0.305712223
3746;0.308792412
3747;0.311463743
3748;0.336202413
3749;0.363644063
3750;0.554363787
3751;0.723345101
3752;0.836262941
3753;0.890213966
3754;0.789690912
3755;0.673213184
3756;0.585854888
3757;0.554043651
3758;0.53020972
3759;0.524924219
3760;0.562021017
3761;0.633522689
3762;0.763165176
3763;0.777904391
3764;0.758088589
3765;0.695773482
3766;0.544546366
3767;0.324265569
3768;0.268089533
3769;0.269550055
3770;0.26454702
3771;0.265794039
3772;0.281853557
3773;0.286165357
3774;0.448493809
3775;0.599591136
3776;0.695248842
3777;0.817330003
3778;0.786926746
3779;0.671722174
3780;0.564975262
3781;0.528517365
3782;0.503945112
3783;0.479372829
3784;0.520059586
3785;0.593776464
3786;0.714011014
3787;0.719501972
3788;0.688411951
3789;0.630295753
3790;0.495451152
3791;0.339314818
3792;0.19644165
3793;0.195037127
3794;0.199887857
3795;0.207390338
3796;0.232247353
3797;0.270372868
3798;0.506753147
3799;0.671143949
3800;0.544282556
3801;0.449791491
3802;0.372055411
3803;0.352541476
3804;0.354061067
3805;0.340345263
3806;0.321750998
3807;0.319311738
3808;0.351621836
3809;0.423559725
3810;0.538484335
3811;0.570794463
3812;0.541830122
3813;0.482166678
3814;0.387245059
3815;0.317069709
3816;0.210374534
3817;0.208639696
3818;0.203727648
3819;0.201533183
3820;0.217988193
3821;0.281075299
3822;0.546321511
3823;0.739063025
3824;0.636610746
3825;0.53429544
3826;0.453535557
3827;0.413817793
3828;0.395194173
3829;0.365564227
3830;0.333383918
3831;0.325371265
3832;0.36168766
3833;0.450345755
3834;0.617312968
3835;0.7046839
3836;0.661937356
3837;0.60984695
3838;0.473784208
3839;0.350776076
3840;0.49335295
3841;0.495511293
3842;0.501889944
3843;0.506181002
3844;0.519593418
3845;0.617625535
3846;1.32191634
3847;1.73862517
3848;1.67801559
3849;1.54420829
3850;1.33086646
3851;1.17510796
3852;1.076738
3853;0.993003607
3854;0.915571511
3855;0.89016521
3856;0.963868022
3857;1.15742505
3858;1.63655138
3859;1.8443203
3860;1.75549114
3861;1.67865181
3862;1.19400764
3863;0.656352818
3864;0.425730675
3865;0.422713786
3866;0.425087839
3867;0.427622885
3868;0.443873525
3869;0.540012956
3870;1.15528572
3871;1.54688418
3872;1.46431828
3873;1.3324374
3874;1.13175845
3875;1.0057981
3876;0.910308599
3877;0.83482337
3878;0.752041578
3879;0.71167326
3880;0.759525061
3881;0.922200441
3882;1.30892658
3883;1.44928396
3884;1.41402686
3885;1.41866136
3886;1.05057943
3887;0.619235754
3888;0.280997038
3889;0.281221449
3890;0.285271347
3891;0.287594736
3892;0.305526376
3893;0.349188328
3894;0.685959458
3895;0.888705134
3896;0.761997402
3897;0.631106973
3898;0.535460234
3899;0.494423687
3900;0.475404531
3901;0.441662371
3902;0.402057886
3903;0.390333116
3904;0.42850557
3905;0.528299928
3906;0.720460176
3907;0.793806911
3908;0.743909657
3909;0.686433196
3910;0.547527552
3911;0.390640914
3912;0.172614753
3913;0.170297861
3914;0.165909916
3915;0.162033573
3916;0.172799721
3917;0.187710434
3918;0.240687817
3919;0.325574815
3920;0.454128355
3921;0.529204965
3922;0.481511652
3923;0.400253773
3924;0.339310348
3925;0.303096652
3926;0.28366521
3927;0.282782167
3928;0.319878936
3929;0.378173232
3930;0.446180969
3931;0.446180969
3932;0.423217356
3933;0.374381393
3934;0.306174099
3935;0.207770646
3936;0.335921526
3937;0.33807075
3938;0.339249969
3939;0.345100522
3940;0.356359959
3941;0.394478351
3942;0.690395534
3943;0.901682734
3944;1.06318629
3945;1.17587304
3946;1.08361757
3947;0.894749522
3948;0.753358483
3949;0.679830432
3950;0.615978599
3951;0.575900674
3952;0.622411489
3953;0.73888725
3954;0.985542893
3955;1.06806326
3956;1.02794993
3957;0.971951127
3958;0.705246329
3959;0.424996436
3960;0.251475751
3961;0.247378707
3962;0.257644773
3963;0.266473711
3964;0.291921735
3965;0.334133625
3966;0.637814879
3967;0.863743603
3968;0.732172906
3969;0.612693667
3970;0.51111865
3971;0.475712001
3972;0.465312123
3973;0.453582883
3974;0.433002055
3975;0.428576231
3976;0.4608863
3977;0.538783967
3978;0.6815207
3979;0.727032185
3980;0.696024537
3981;0.622099757
3982;0.503356814
3983;0.369060636
3984;0.160654157
3985;0.15769352
3986;0.158700079
3987;0.154886752
3988;0.172407165
3989;0.225068629
3990;0.431533128
3991;0.583613694
3992;0.447554111
3993;0.345430374
3994;0.282966435
3995;0.273633897
3996;0.282789558
3997;0.267801076
3998;0.25047946
3999;0.249312907
4000;0.281623006
4001;0.349742889
4002;0.446850032
4003;0.47916013
4004;0.442647994
4005;0.393751442
4006;0.322868079
4007;0.280623496
4008;0.128454268
4009;0.122966945
4010;0.125968754
4011;0.129120797
4012;0.144785434
4013;0.18285355
4014;0.334952891
4015;0.459785968
4016;0.346700668
4017;0.249770403
4018;0.20130527
4019;0.20130527
4020;0.217460304
4021;0.20130527
4022;0.185150236
4023;0.185150236
4024;0.217460304
4025;0.282080501
4026;0.362855703
4027;0.395165801
4028;0.362855703
4029;0.298235536
4030;0.249770403
4031;0.233615369
4032;0.117299035
4033;0.114068031
4034;0.116521098
4035;0.115159005
4036;0.126992062
4037;0.169620097
4038;0.330545604
4039;0.459785968
4040;0.346700668
4041;0.249770403
4042;0.20130527
4043;0.20130527
4044;0.217460304
4045;0.20130527
4046;0.185150236
4047;0.185150236
4048;0.217460304
4049;0.282080501
4050;0.362855703
4051;0.395165801
4052;0.362855703
4053;0.298235536
4054;0.249770403
4055;0.233615369
4056;0.117299035
4057;0.114068031
4058;0.114068031
4059;0.114068031
4060;0.126992062
4061;0.168995172
4062;0.330545604
4063;0.459785968
4064;0.346700668
4065;0.249770403
4066;0.20130527
4067;0.20130527
4068;0.217460304
4069;0.20130527
4070;0.185150236
4071;0.185150236
4072;0.217460304
4073;0.282080501
4074;0.362855703
4075;0.395165801
4076;0.362855703
4077;0.298235536
4078;0.249770403
4079;0.233615369
4080;0.126633063
4081;0.122923389
4082;0.119213708
4083;0.115869939
4084;0.125735894
4085;0.141471773
4086;0.178568542
4087;0.252762079
4088;0.382600754
4089;0.456794292
4090;0.419697523
4091;0.345503986
4092;0.289858848
4093;0.252762079
4094;0.23421371
4095;0.23421371
4096;0.271310449
4097;0.326955616
4098;0.382600754
4099;0.382600754
4100;0.364052385
4101;0.299009293
4102;0.247225568
4103;0.17191875
4104;0.143423826
4105;0.139308527
4106;0.131554917
4107;0.127778471
4108;0.132889539
4109;0.144037604
4110;0.174594343
4111;0.238419026
4112;0.359176457
4113;0.473045737
4114;0.490899384
4115;0.409525841
4116;0.328152269
4117;0.287465513
4118;0.26712212
4119;0.246778727
4120;0.287465513
4121;0.348495662
4122;0.409525841
4123;0.418783158
4124;0.386538446
4125;0.324909389
4126;0.25755325
4127;0.223183066
4128;0.160703972
4129;0.159487963
4130;0.163135007
4131;0.163807333
4132;0.176189944
4133;0.227159828
4134;0.450108588
4135;0.605912983
4136;0.494584024
4137;0.384786785
4138;0.31354329
4139;0.29650265
4140;0.301234007
4141;0.279367089
4142;0.25559628
4143;0.251788378
4144;0.286002398
4145;0.362046301
4146;0.478996515
4147;0.524634242
4148;0.510103941
4149;0.443426371
4150;0.350064576
4151;0.282768995
4152;0.21212253
4153;0.207144856
4154;0.208865151
4155;0.208387733
4156;0.22484763
4157;0.281075597
4158;0.584728062
4159;0.829023004
4160;0.701364517
4161;0.600625992
4162;0.500155032
4163;0.461257577
4164;0.45362702
4165;0.437496245
4166;0.414180338
4167;0.413986146
4168;0.447975278
4169;0.531381071
4170;0.678899407
4171;0.72304678
4172;0.68518877
4173;0.629484177
4174;0.507864118
4175;0.383446574
4176;0.504246652
4177;0.510632515
4178;0.50175482
4179;0.500626564
4180;0.5160712
4181;0.62761873
4182;1.35481071
4183;1.72898293
4184;1.68929935
4185;1.58641124
4186;1.35878766
4187;1.16894114
4188;1.03835917
4189;0.966159999
4190;0.875578582
4191;0.838814139
4192;0.891301394
4193;1.09598684
4194;1.58908093
4195;1.81262398
4196;1.74670696
4197;1.6740129
4198;1.19480348
4199;0.663339615
4200;0.615147591
4201;0.618805408
4202;0.618397713
4203;0.629596114
4204;0.658880591
4205;0.788215995
4206;1.68297231
4207;2.1920712
4208;2.10986781
4209;1.9279443
4210;1.65826583
4211;1.44396722
4212;1.29175019
4213;1.20224762
4214;1.09614933
4215;1.0880456
4216;1.15156388
4217;1.37098932
4218;1.96709216
4219;2.30377269
4220;2.21012712
4221;2.11646891
4222;1.50674212
4223;0.807173073
4224;0.615499437
4225;0.6129601
4226;0.624606848
4227;0.63853687
4228;0.662157536
4229;0.786617637
4230;1.69258237
4231;2.11432052
4232;2.01151943
4233;1.8599304
4234;1.59307337
4235;1.39877081
4236;1.27982056
4237;1.18400764
4238;1.05156267
4239;1.00488281
4240;1.05998302
4241;1.27815557
4242;1.83119285
4243;2.11008477
4244;2.02450442
4245;1.9301821
4246;1.46913862
4247;0.822935581
4248;0.837435603
4249;0.851099014
4250;0.837844193
4251;0.840373516
4252;0.859994352
4253;0.960680902
4254;1.85814762
4255;2.30873942
4256;2.54452872
4257;2.59086275
4258;2.30008507
4259;1.97509265
4260;1.71015632
4261;1.61536241
4262;1.48881757
4263;1.41609335
4264;1.4781338
4265;1.71069777
4266;2.41006899
4267;2.79578996
4268;2.77626085
4269;2.77787614
4270;1.9673332
4271;0.926993608
4272;0.659766614
4273;0.664892673
4274;0.660194337
4275;0.65907228
4276;0.665018797
4277;0.729533672
4278;1.38225007
4279;1.67183423
4280;1.84242654
4281;1.93164992
4282;1.79163432
4283;1.52761865
4284;1.27905774
4285;1.15528321
4286;1.05012345
4287;0.987127542
4288;1.05083585
4289;1.23982322
4290;1.71538246
4291;1.89726162
4292;1.83353472
4293;1.88327563
4294;1.33509302
4295;0.69785881
4296;0.696502864
4297;0.697531581
4298;0.693315506
4299;0.675177753
4300;0.684079289
4301;0.818824053
4302;1.80919063
4303;2.3436873
4304;2.29706883
4305;2.17026234
4306;1.90015101
4307;1.67804229
4308;1.51785016
4309;1.41326773
4310;1.2702018
4311;1.19575977
4312;1.21958089
4313;1.43516624
4314;2.04354525
4315;2.35659742
4316;2.28912735
4317;2.23347092
4318;1.59697688
4319;0.831720233
4320;0.468036681
4321;0.481774658
4322;0.488461316
4323;0.495685041
4324;0.520120263
4325;0.620757222
4326;1.23293614
4327;1.59075046
4328;1.47758341
4329;1.32520998
4330;1.1315428
4331;1.00847507
4332;0.930009246
4333;0.86519748
4334;0.784466088
4335;0.752626657
4336;0.822529137
4337;1.00143003
4338;1.41916239
4339;1.58974624
4340;1.51997221
4341;1.44658005
4342;1.04070139
4343;0.592204928
4344;0.249591008
4345;0.244114429
4346;0.247160971
4347;0.251261562
4348;0.276584566
4349;0.345164746
4350;0.71373415
4351;1.01377201
4352;0.69265002
4353;0.596852064
4354;0.500408709
4355;0.463932514
4356;0.449385613
4357;0.4411349
4358;0.423765182
4359;0.419205666
4360;0.444826096
4361;0.509745479
4362;0.637629926
4363;0.663250327
4364;0.643626094
4365;0.572242022
4366;0.458079815
4367;0.337454081
4368;0.145211399
4369;0.143625453
4370;0.146818131
4371;0.148514643
4372;0.162621081
4373;0.197690129
4374;0.33814317
4375;0.446344376
4376;0.349507868
4377;0.273300588
4378;0.227021247
4379;0.221788764
4380;0.230674639
4381;0.218518466
4382;0.205054194
4383;0.204400152
4384;0.230020583
4385;0.283223629
4386;0.356431544
4387;0.382051975
4388;0.353161246
4389;0.300770551
4390;0.253005177
4391;0.225883424
4392;0.15301685
4393;0.151442528
4394;0.151857778
4395;0.15328683
4396;0.164657876
4397;0.205632016
4398;0.390691876
4399;0.527860045
4400;0.446850955
4401;0.362397611
4402;0.310514152
4403;0.295874447
4404;0.296847999
4405;0.273032278
4406;0.25382483
4407;0.246597767
4408;0.274624407
4409;0.34051013
4410;0.451839507
4411;0.495782197
4412;0.462849975
4413;0.415283054
4414;0.333088398
4415;0.265814126
4416;0.219600588
4417;0.21706073
4418;0.214629441
4419;0.212988362
4420;0.219542503
4421;0.247558057
4422;0.39878267
4423;0.524908066
4424;0.649524927
4425;0.694601357
4426;0.615891457
4427;0.526332855
4428;0.453299493
4429;0.419392109
4430;0.386419237
4431;0.374994248
4432;0.403805256
4433;0.473790169
4434;0.610934258
4435;0.658063769
4436;0.642270029
4437;0.584786117
4438;0.442554593
4439;0.260478348
4440;0.195578068
4441;0.190160543
4442;0.186143965
4443;0.184307754
4444;0.190727666
4445;0.20291853
4446;0.289269984
4447;0.394478559
4448;0.479978085
4449;0.569423437
4450;0.559991717
4451;0.478424191
4452;0.401117146
4453;0.370984614
4454;0.352722973
4455;0.334461331
4456;0.366724104
4457;0.421509027
4458;0.499726713
4459;0.499726713
4460;0.46513617
4461;0.419617593
4462;0.330729514
4463;0.244783551
4464;0.123811275
4465;0.124040864
4466;0.127076179
4467;0.129392982
4468;0.143759772
4469;0.176572204
4470;0.29948017
4471;0.391767025
4472;0.29652828
4473;0.219666958
4474;0.181236297
4475;0.181236297
4476;0.194046527
4477;0.181236297
4478;0.168426096
4479;0.168426096
4480;0.194046527
4481;0.245287389
4482;0.30933851
4483;0.334958911
4484;0.30933851
4485;0.260427773
4486;0.226706803
4487;0.218348786
4488;0.120991126
4489;0.119314179
4490;0.121388912
4491;0.123393878
4492;0.136537999
4493;0.168857887
4494;0.296107829
4495;0.386199772
4496;0.29652828
4497;0.219666958
4498;0.181236297
4499;0.181236297
4500;0.194046527
4501;0.181236297
4502;0.168426096
4503;0.168426096
4504;0.194046527
4505;0.245287389
4506;0.30933851
4507;0.334958911
4508;0.30933851
4509;0.258097619
4510;0.223071739
4511;0.214652002
4512;0.120991126
4513;0.118286744
4514;0.118649289
4515;0.120700762
4516;0.134211764
4517;0.168137699
4518;0.298402607
4519;0.386912495
4520;0.29652828
4521;0.219666958
4522;0.181236297
4523;0.181236297
4524;0.194046527
4525;0.181236297
4526;0.168426096
4527;0.168426096
4528;0.194046527
4529;0.245287389
4530;0.30933851
4531;0.334958911
4532;0.30933851
4533;0.258097619
4534;0.222062901
4535;0.212734938
4536;0.119497404
4537;0.118286744
4538;0.118286744
4539;0.119481564
4540;0.131366685
4541;0.165548801
4542;0.296026528
4543;0.386199772
4544;0.29652828
4545;0.219666958
4546;0.181236297
4547;0.181236297
4548;0.194046527
4549;0.181236297
4550;0.168426096
4551;0.168426096
4552;0.194046527
4553;0.245287389
4554;0.30933851
4555;0.334958911
4556;0.30933851
4557;0.259052008
4558;0.226706803
4559;0.218348786
4560;0.120991126
4561;0.120223679
4562;0.119414553
4563;0.118286744
4564;0.129104257
4565;0.164261192
4566;0.290992886
4567;0.386199772
4568;0.29652828
4569;0.219666958
4570;0.181236297
4571;0.181236297
4572;0.194046527
4573;0.181236297
4574;0.168426096
4575;0.168426096
4576;0.194046527
4577;0.245287389
4578;0.30933851
4579;0.334958911
4580;0.30933851
4581;0.258097619
4582;0.221709013
4583;0.214417785
4584;0.141530171
4585;0.138810724
4586;0.13875033
4587;0.138768017
4588;0.147960365
4589;0.167153984
4590;0.218998522
4591;0.289421141
4592;0.392707229
4593;0.453062385
4594;0.408711135
4595;0.334828734
4596;0.282660544
4597;0.251116842
4598;0.233571991
4599;0.232153565
4600;0.262278825
4601;0.310658187
4602;0.368257284
4603;0.387709856
4604;0.376185298
4605;0.324412376
4606;0.262868971
4607;0.185082003
4608;0.227982566
4609;0.223979935
4610;0.220004007
4611;0.220095396
4612;0.234766513
4613;0.245132804
4614;0.365389258
4615;0.48440516
4616;0.576797128
4617;0.660185874
4618;0.63361609
4619;0.543634474
4620;0.460016847
4621;0.430936098
4622;0.411622703
4623;0.392309308
4624;0.424572051
4625;0.482512236
4626;0.575454593
4627;0.575454593
4628;0.551975369
4629;0.501561284
4630;0.401797712
4631;0.291211784
4632;0.165013969
4633;0.159969121
4634;0.158241808
4635;0.158146948
4636;0.174111545
4637;0.217775971
4638;0.389207721
4639;0.513134122
4640;0.404962778
4641;0.329440176
4642;0.274945378
4643;0.264235973
4644;0.26901412
4645;0.25754258
4646;0.243393674
4647;0.242055014
4648;0.267675459
4649;0.322932363
4650;0.405724943
4651;0.431345344
4652;0.404459834
4653;0.361474752
4654;0.298285723
4655;0.256784528
4656;0.120991126
4657;0.118286744
4658;0.122225113
4659;0.125614256
4660;0.139029413
4661;0.174797624
4662;0.302760065
4663;0.400207013
4664;0.29652828
4665;0.219666958
4666;0.181236297
4667;0.181236297
4668;0.194046527
4669;0.181236297
4670;0.168426096
4671;0.168426096
4672;0.194046527
4673;0.245287389
4674;0.30933851
4675;0.334958911
4676;0.30933851
4677;0.261051595
4678;0.228256613
4679;0.218348786
4680;0.120991126
4681;0.120975077
4682;0.123932563
4683;0.126622736
4684;0.139321148
4685;0.17382136
4686;0.29948017
4687;0.40395242
4688;0.29857114
4689;0.219666958
4690;0.181236297
4691;0.181236297
4692;0.194046527
4693;0.181236297
4694;0.168426096
4695;0.168426096
4696;0.194046527
4697;0.245287389
4698;0.30933851
4699;0.334958911
4700;0.316842645
4701;0.265144885
4702;0.219666958
4703;0.21176067
4704;0.121667057
4705;0.124585226
4706;0.127992868
4707;0.129787341
4708;0.143582135
4709;0.177207172
4710;0.29948017
4711;0.386199772
4712;0.29652828
4713;0.219666958
4714;0.181236297
4715;0.181236297
4716;0.194046527
4717;0.181236297
4718;0.168426096
4719;0.168426096
4720;0.194046527
4721;0.245287389
4722;0.30933851
4723;0.334958911
4724;0.30933851
4725;0.260566145
4726;0.230398685
4727;0.218348786
4728;0.120991126
4729;0.118286744
4730;0.118286744
4731;0.118286744
4732;0.131329566
4733;0.168425053
4734;0.297250777
4735;0.386199772
4736;0.29652828
4737;0.219666958
4738;0.181236297
4739;0.181236297
4740;0.194046527
4741;0.181236297
4742;0.168426096
4743;0.168426096
4744;0.194046527
4745;0.245287389
4746;0.30933851
4747;0.334958911
4748;0.30933851
4749;0.258097619
4750;0.219666958
4751;0.206856757
4752;0.123915985
4753;0.124044821
4754;0.122593723
4755;0.121035263
4756;0.128628626
4757;0.141223893
4758;0.163207114
4759;0.222039223
4760;0.324995428
4761;0.383827507
4762;0.354411453
4763;0.295579374
4764;0.251455277
4765;0.222039223
4766;0.20733121
4767;0.20733121
4768;0.236747265
4769;0.280871332
4770;0.324995428
4771;0.324995428
4772;0.310287416
4773;0.257338494
4774;0.20733121
4775;0.148499086
4776;0.126958936
4777;0.124651149
4778;0.121633306
4779;0.120390154
4780;0.125822812
4781;0.134012222
4782;0.152769148
4783;0.201163322
4784;0.297951639
4785;0.394739926
4786;0.410871297
4787;0.346345782
4788;0.281820238
4789;0.249557465
4790;0.233426094
4791;0.217294693
4792;0.249557465
4793;0.297951639
4794;0.346345782
4795;0.346345782
4796;0.31408301
4797;0.265688866
4798;0.214068413
4799;0.185031921
4800;0.114623174
4801;0.113162979
4802;0.115746751
4803;0.118286744
4804;0.130775288
4805;0.164718747
4806;0.284993023
4807;0.386199772
4808;0.29652828
4809;0.219666958
4810;0.181236297
4811;0.181236297
4812;0.194046527
4813;0.181236297
4814;0.168426096
4815;0.168426096
4816;0.194046527
4817;0.245287389
4818;0.30933851
4819;0.334958911
4820;0.30933851
4821;0.258097619
4822;0.219666958
4823;0.206856757
4824;0.114623174
4825;0.112416133
4826;0.114501819
4827;0.11637941
4828;0.129032582
4829;0.162724361
4830;0.28371805
4831;0.386199772
4832;0.29652828
4833;0.219666958
4834;0.181236297
4835;0.181236297
4836;0.194046527
4837;0.181236297
4838;0.168426096
4839;0.168426096
4840;0.194046527
4841;0.245287389
4842;0.30933851
4843;0.334958911
4844;0.30933851
4845;0.258097619
4846;0.219666958
4847;0.206856757
4848;0.11753051
4849;0.117828526
4850;0.118286744
4851;0.119247355
4852;0.132414624
4853;0.164535433
4854;0.28371805
4855;0.386199772
4856;0.29652828
4857;0.219666958
4858;0.181236297
4859;0.181236297
4860;0.194046527
4861;0.181236297
4862;0.168426096
4863;0.168426096
4864;0.194046527
4865;0.245287389
4866;0.30933851
4867;0.334958911
4868;0.30933851
4869;0.258097619
4870;0.219666958
4871;0.206856757
4872;0.114623174
4873;0.113767639
4874;0.116570562
4875;0.118286744
4876;0.129104257
4877;0.161700934
4878;0.28371805
4879;0.386199772
4880;0.29652828
4881;0.219666958
4882;0.181236297
4883;0.181236297
4884;0.194046527
4885;0.181236297
4886;0.168426096
4887;0.168426096
4888;0.194046527
4889;0.245287389
4890;0.30933851
4891;0.334958911
4892;0.30933851
4893;0.258097619
4894;0.219666958
4895;0.206856757
4896;0.114623174
4897;0.112356812
4898;0.113555282
4899;0.11453262
4900;0.125513196
4901;0.156771034
4902;0.28371805
4903;0.386199772
4904;0.29652828
4905;0.219666958
4906;0.181236297
4907;0.181236297
4908;0.194046527
4909;0.181236297
4910;0.168426096
4911;0.168426096
4912;0.194046527
4913;0.245287389
4914;0.30933851
4915;0.334958911
4916;0.30933851
4917;0.260358632
4918;0.226154
4919;0.217262477
4920;0.128803775
4921;0.125698745
4922;0.123623922
4923;0.122100286
4924;0.129549235
4925;0.141223893
4926;0.163207114
4927;0.222039223
4928;0.324995428
4929;0.383827507
4930;0.354411453
4931;0.295579374
4932;0.251455277
4933;0.222039223
4934;0.20733121
4935;0.20733121
4936;0.236747265
4937;0.280871332
4938;0.324995428
4939;0.324995428
4940;0.310287416
4941;0.257338494
4942;0.20733121
4943;0.150679976
4944;0.131563663
4945;0.130389377
4946;0.123795673
4947;0.120390154
4948;0.125116333
4949;0.134012222
4950;0.152769148
4951;0.201163322
4952;0.297951639
4953;0.394739926
4954;0.410871297
4955;0.346345782
4956;0.281820238
4957;0.249557465
4958;0.233426094
4959;0.217294693
4960;0.249557465
4961;0.297951639
4962;0.346345782
4963;0.346345782
4964;0.31408301
4965;0.265688866
4966;0.214068413
4967;0.185031921
4968;0.114623174
4969;0.112061128
4970;0.11271368
4971;0.114072405
4972;0.125887156
4973;0.1575647
4974;0.28371805
4975;0.386199772
4976;0.29652828
4977;0.219666958
4978;0.181236297
4979;0.181236297
4980;0.194046527
4981;0.181236297
4982;0.168426096
4983;0.168426096
4984;0.194046527
4985;0.245287389
4986;0.30933851
4987;0.334958911
4988;0.30933851
4989;0.258097619
4990;0.219666958
4991;0.206856757
4992;0.114623174
4993;0.112061128
4994;0.112061128
4995;0.112061128
4996;0.122309305
4997;0.155615866
4998;0.28371805
4999;0.386199772
5000;0.29652828
5001;0.219666958
5002;0.181236297
5003;0.181236297
5004;0.194046527
5005;0.181236297
5006;0.168426096
5007;0.168426096
5008;0.194046527
5009;0.245287389
5010;0.30933851
5011;0.334958911
5012;0.311469615
5013;0.261888087
5014;0.224935174
5015;0.214009166
5016;0.127135247
5017;0.124283157
5018;0.124486066
5019;0.124350712
5020;0.135009348
5021;0.170578092
5022;0.31453529
5023;0.426716864
5024;0.332260132
5025;0.251026958
5026;0.209166303
5027;0.206660837
5028;0.217726499
5029;0.206991345
5030;0.192744181
5031;0.193573743
5032;0.222212374
5033;0.27763015
5034;0.354724348
5035;0.388738871
5036;0.360143393
5037;0.306304336
5038;0.255459487
5039;0.229507595
5040;0.160721943
5041;0.157295555
5042;0.157654986
5043;0.158515245
5044;0.172451243
5045;0.211650074
5046;0.397567809
5047;0.54259789
5048;0.438319087
5049;0.355734944
5050;0.29739219
5051;0.28411746
5052;0.286971629
5053;0.275820762
5054;0.261351198
5055;0.259691864
5056;0.285312295
5057;0.341531187
5058;0.42881304
5059;0.454433471
5060;0.422182858
5061;0.371331304
5062;0.303895891
5063;0.247732237
5064;0.116027713
5065;0.11301282
5066;0.113343701
5067;0.114072405
5068;0.124838933
5069;0.158663884
5070;0.286051631
5071;0.386199772
5072;0.29652828
5073;0.219666958
5074;0.181236297
5075;0.181236297
5076;0.194046527
5077;0.181236297
5078;0.168426096
5079;0.168426096
5080;0.194046527
5081;0.245287389
5082;0.30933851
5083;0.334958911
5084;0.30933851
5085;0.259875715
5086;0.224995822
5087;0.215593979
5088;0.132238507
5089;0.128561035
5090;0.126499936
5091;0.125026315
5092;0.135090396
5093;0.157351106
5094;0.20054695
5095;0.286389232
5096;0.365669936
5097;0.43534857
5098;0.400509238
5099;0.330830604
5100;0.278571606
5101;0.243732303
5102;0.226312637
5103;0.226312637
5104;0.26115194
5105;0.313410938
5106;0.365669936
5107;0.365669936
5108;0.34825027
5109;0.285539478
5110;0.226312637
5111;0.158300295
5112;0.134739295
5113;0.132026687
5114;0.124850497
5115;0.121531025
5116;0.126272008
5117;0.138407201
5118;0.166241065
5119;0.219007611
5120;0.333640218
5121;0.448272824
5122;0.467378259
5123;0.390956521
5124;0.314534783
5125;0.276323915
5126;0.25721848
5127;0.238113075
5128;0.276323915
5129;0.333640218
5130;0.404034466
5131;0.409378529
5132;0.372342646
5133;0.311842084
5134;0.24730818
5135;0.212602377
5136;0.1937356
5137;0.19216156
5138;0.194208771
5139;0.196643472
5140;0.212506592
5141;0.269054145
5142;0.540189564
5143;0.703344762
5144;0.60479641
5145;0.508707285
5146;0.429734051
5147;0.393428445
5148;0.380580068
5149;0.354562759
5150;0.323657334
5151;0.31763792
5152;0.353021801
5153;0.442831218
5154;0.6020298
5155;0.668740988
5156;0.640076935
5157;0.595102906
5158;0.467859477
5159;0.347920358
5160;0.252850682
5161;0.252558142
5162;0.258876264
5163;0.264981836
5164;0.286309779
5165;0.351202548
5166;0.643207192
5167;0.8148579
5168;0.712595284
5169;0.602544606
5170;0.511148453
5171;0.470367312
5172;0.452544034
5173;0.420874417
5174;0.383705616
5175;0.372707188
5176;0.408550322
5177;0.502233386
5178;0.682578325
5179;0.771725237
5180;0.743718147
5181;0.685662687
5182;0.517420769
5183;0.358199924
5184;0.412158579
5185;0.406917036
5186;0.415692508
5187;0.420286477
5188;0.436016142
5189;0.527909279
5190;1.11401033
5191;1.44454646
5192;1.40091145
5193;1.27485836
5194;1.11829758
5195;1.00524378
5196;0.923906505
5197;0.860053301
5198;0.780037284
5199;0.748361707
5200;0.817921638
5201;0.987622678
5202;1.38689482
5203;1.57046056
5204;1.5044595
5205;1.43360937
5206;1.01742756
5207;0.567064703
5208;0.402964234
5209;0.403134704
5210;0.408877701
5211;0.411554277
5212;0.427798629
5213;0.527151465
5214;1.12024689
5215;1.46695805
5216;1.37565231
5217;1.24671364
5218;1.04768562
5219;0.932609916
5220;0.86146307
5221;0.789801061
5222;0.714253366
5223;0.683130682
5224;0.730833888
5225;0.884188175
5226;1.25220692
5227;1.38627315
5228;1.33363068
5229;1.30263567
5230;0.951948583
5231;0.554623485
5232;0.248816118
5233;0.242407888
5234;0.243567735
5235;0.244347155
5236;0.268636197
5237;0.333791792
5238;0.635795474
5239;0.846983433
5240;0.721286833
5241;0.60929352
5242;0.501521111
5243;0.466537237
5244;0.455471307
5245;0.444672346
5246;0.425127387
5247;0.420754433
5248;0.451098353
5249;0.524905086
5250;0.661986709
5251;0.716074109
5252;0.640121818
5253;0.593328118
5254;0.493467689
5255;0.37074399
5256;0.247806415
5257;0.247460663
5258;0.243132308
5259;0.239035264
5260;0.242790133
5261;0.271439731
5262;0.432994574
5263;0.564528525
5264;0.696098924
5265;0.754236996
5266;0.684519291
5267;0.579962194
5268;0.497807413
5269;0.45423606
5270;0.415702194
5271;0.400704741
5272;0.440526664
5273;0.538116932
5274;0.696746945
5275;0.743627191
5276;0.711041451
5277;0.657362938
5278;0.489374489
5279;0.278826654
5280;0.239200413
5281;0.234578788
5282;0.229519725
5283;0.229867965
5284;0.243168235
5285;0.271108031
5286;0.411867946
5287;0.54330492
5288;0.652168453
5289;0.749203086
5290;0.722924173
5291;0.617297709
5292;0.518972397
5293;0.484412134
5294;0.461656123
5295;0.438900113
5296;0.477110982
5297;0.545379043
5298;0.653803587
5299;0.664825678
5300;0.623939276
5301;0.562317967
5302;0.425585628
5303;0.295787573
5304;0.136370942
5305;0.136992186
5306;0.139756784
5307;0.141418025
5308;0.15722087
5309;0.204720199
5310;0.368470132
5311;0.484173298
5312;0.36688453
5313;0.276283979
5314;0.225593358
5315;0.222143516
5316;0.234728098
5317;0.219987378
5318;0.204384178
5319;0.203952938
5320;0.234296873
5321;0.296278417
5322;0.378175437
5323;0.408519387
5324;0.379716545
5325;0.329832226
5326;0.275701582
5327;0.250463843
5328;0.125140682
5329;0.123984203
5330;0.124019861
5331;0.123169683
5332;0.134956136
5333;0.175746381
5334;0.334381521
5335;0.439198375
5336;0.331954449
5337;0.24092266
5338;0.195406795
5339;0.195406795
5340;0.21057874
5341;0.195406795
5342;0.18023482
5343;0.18023482
5344;0.21057874
5345;0.27126658
5346;0.347126424
5347;0.377470344
5348;0.347126424
5349;0.286438555
5350;0.246700644
5351;0.237238035
5352;0.146157444
5353;0.142954469
5354;0.143073693
5355;0.144398451
5356;0.159170836
5357;0.205839634
5358;0.39708209
5359;0.544283628
5360;0.421813905
5361;0.327009082
5362;0.269011796
5363;0.259972572
5364;0.267396629
5365;0.248350739
5366;0.232729346
5367;0.22849755
5368;0.257066131
5369;0.325501859
5370;0.437880814
5371;0.487876207
5372;0.455009848
5373;0.398328483
5374;0.330644906
5375;0.284479469
5376;0.244898558
5377;0.242488354
5378;0.245500654
5379;0.248042703
5380;0.264841676
5381;0.322958738
5382;0.64131546
5383;0.828559637
5384;0.726129711
5385;0.625178099
5386;0.526139081
5387;0.479173332
5388;0.455299795
5389;0.423442304
5390;0.386022985
5391;0.374899298
5392;0.410805047
5393;0.504996836
5394;0.698718309
5395;0.796993375
5396;0.748015404
5397;0.678085148
5398;0.511154771
5399;0.360594839
5400;0.224725366
5401;0.22051768
5402;0.225180373
5403;0.228520066
5404;0.25022316
5405;0.310333133
5406;0.609282494
5407;0.826745272
5408;0.679963946
5409;0.575788021
5410;0.465964645
5411;0.434392631
5412;0.426437408
5413;0.415120006
5414;0.396093488
5415;0.392238975
5416;0.422582895
5417;0.494834334
5418;0.624657631
5419;0.660564184
5420;0.61923629
5421;0.5638448
5422;0.446905553
5423;0.332238227
5424;0.211454421
5425;0.209005907
5426;0.206230596
5427;0.202437207
5428;0.209483773
5429;0.241063029
5430;0.390694648
5431;0.522139609
5432;0.664815962
5433;0.71428144
5434;0.638889194
5435;0.539935887
5436;0.462584227
5437;0.417285025
5438;0.382762909
5439;0.376751274
5440;0.420561671
5441;0.506382942
5442;0.655266047
5443;0.691933274
5444;0.667137861
5445;0.607203364
5446;0.452195764
5447;0.261270434
5448;0.4589836
5449;0.457105875
5450;0.452054918
5451;0.449157357
5452;0.452465534
5453;0.518069804
5454;1.0193193
5455;1.31179166
5456;1.50824475
5457;1.64845443
5458;1.53825939
5459;1.33094168
5460;1.14038968
5461;1.03967118
5462;0.921643496
5463;0.871906519
5464;0.940137208
5465;1.12053764
5466;1.54064941
5467;1.701262
5468;1.61436176
5469;1.53057671
5470;1.06645298
5471;0.562108815
5472;0.385812491
5473;0.38085258
5474;0.38051036
5475;0.382112533
5476;0.394915074
5477;0.483430803
5478;1.03819513
5479;1.37716103
5480;1.30803883
5481;1.19124532
5482;1.01881778
5483;0.891971052
5484;0.825700879
5485;0.766627073
5486;0.693051696
5487;0.668201923
5488;0.715987563
5489;0.864493132
5490;1.22060633
5491;1.36125445
5492;1.30345297
5493;1.23962963
5494;0.894717097
5495;0.519800782
5496;0.35089606
5497;0.349111348
5498;0.348690599
5499;0.347747654
5500;0.358056188
5501;0.435467005
5502;0.927540839
5503;1.20309079
5504;1.13363528
5505;1.03518021
5506;0.890934646
5507;0.799471021
5508;0.744300902
5509;0.692693532
5510;0.614208043
5511;0.5845474
5512;0.622250557
5513;0.757488608
5514;1.08022332
5515;1.21159875
5516;1.16112709
5517;1.08517051
5518;0.783621669
5519;0.466356277
5520;0.233805686
5521;0.226950496
5522;0.228415549
5523;0.229020357
5524;0.247478858
5525;0.307301223
5526;0.63699019
5527;0.861966848
5528;0.741003752
5529;0.641539454
5530;0.526282728
5531;0.480552524
5532;0.466416955
5533;0.455813468
5534;0.436073035
5535;0.431504607
5536;0.461848527
5537;0.536241651
5538;0.692273378
5539;0.745648146
5540;0.708802462
5541;0.653372347
5542;0.521207333
5543;0.37798658
5544;0.156131595
5545;0.153641477
5546;0.153975695
5547;0.155717716
5548;0.171979219
5549;0.220253319
5550;0.411093533
5551;0.537946165
5552;0.408409864
5553;0.310270488
5554;0.254606307
5555;0.247840792
5556;0.257938594
5557;0.243612319
5558;0.227594659
5559;0.226748973
5560;0.257092893
5561;0.320317805
5562;0.408017337
5563;0.438361287
5564;0.403788894
5565;0.341409624
5566;0.280671269
5567;0.248676136
5568;0.124262631
5569;0.125208214
5570;0.127768025
5571;0.12906827
5572;0.144255012
5573;0.190534279
5574;0.340048999
5575;0.438158184
5576;0.331954449
5577;0.24092266
5578;0.195406795
5579;0.195406795
5580;0.21057874
5581;0.195406795
5582;0.18023482
5583;0.18023482
5584;0.21057874
5585;0.27126658
5586;0.347126424
5587;0.377470344
5588;0.347126424
5589;0.286438555
5590;0.243680105
5591;0.236583754
5592;0.132238507
5593;0.130188391
5594;0.128268406
5595;0.125421613
5596;0.133840293
5597;0.153027028
5598;0.183723301
5599;0.243732303
5600;0.365669936
5601;0.43534857
5602;0.400509238
5603;0.330830604
5604;0.278571606
5605;0.243732303
5606;0.226312637
5607;0.226312637
5608;0.26115194
5609;0.313410938
5610;0.365669936
5611;0.365669936
5612;0.34825027
5613;0.285539478
5614;0.226312637
5615;0.158807129
5616;0.13647382
5617;0.134373829
5618;0.1263071
5619;0.122273721
5620;0.123796768
5621;0.131990969
5622;0.161691308
5623;0.219007611
5624;0.333640218
5625;0.448272824
5626;0.467378259
5627;0.390956521
5628;0.314534783
5629;0.276323915
5630;0.25721848
5631;0.238113075
5632;0.276323915
5633;0.333640218
5634;0.390956521
5635;0.390956521
5636;0.352745652
5637;0.295429349
5638;0.234291971
5639;0.199902177
5640;0.130222276
5641;0.128119752
5642;0.129431322
5643;0.130592301
5644;0.143558294
5645;0.187663347
5646;0.365098119
5647;0.498579472
5648;0.387978256
5649;0.293169141
5650;0.247038051
5651;0.246348068
5652;0.255121887
5653;0.239244938
5654;0.220012307
5655;0.217196763
5656;0.248476714
5657;0.318883538
5658;0.415482342
5659;0.460953712
5660;0.431896985
5661;0.372024119
5662;0.31101501
5663;0.277517736
5664;0.246386603
5665;0.245167837
5666;0.247414246
5667;0.248198435
5668;0.266620219
5669;0.341818422
5670;0.675175548
5671;0.835053444
5672;0.718343019
5673;0.618645191
5674;0.520096004
5675;0.474351674
5676;0.450228214
5677;0.41871655
5678;0.381758243
5679;0.370865107
5680;0.40665558
5681;0.500022888
5682;0.690636039
5683;0.789384246
5684;0.740107059
5685;0.672727823
5686;0.504182398
5687;0.343399018
5688;0.122985497
5689;0.119782522
5690;0.119782522
5691;0.119782522
5692;0.132594407
5693;0.174233019
5694;0.326049149
5695;0.438158184
5696;0.331954449
5697;0.24092266
5698;0.195406795
5699;0.195406795
5700;0.21057874
5701;0.195406795
5702;0.18023482
5703;0.18023482
5704;0.21057874
5705;0.27126658
5706;0.347126424
5707;0.377470344
5708;0.347126424
5709;0.286438555
5710;0.24092266
5711;0.225750715
5712;0.116512567
5713;0.113478176
5714;0.113478176
5715;0.113478176
5716;0.125615746
5717;0.16506286
5718;0.316782475
5719;0.438158184
5720;0.331954449
5721;0.24092266
5722;0.195406795
5723;0.195406795
5724;0.21057874
5725;0.195406795
5726;0.18023482
5727;0.18023482
5728;0.21057874
5729;0.27126658
5730;0.349610507
5731;0.398219645
5732;0.366411239
5733;0.302519888
5734;0.257526338
5735;0.246297091
5736;0.344597667
5737;0.346610516
5738;0.352083832
5739;0.355757028
5740;0.373461872
5741;0.46300742
5742;1.00100398
5743;1.3457582
5744;1.24894452
5745;1.11153388
5746;0.937063217
5747;0.829535782
5748;0.760605991
5749;0.698568821
5750;0.630496502
5751;0.609748006
5752;0.656646788
5753;0.805316746
5754;1.14136875
5755;1.33062983
5756;1.29280257
5757;1.21738935
5758;0.884352446
5759;0.520576119
5760;0.601216614
5761;0.609223425
5762;0.608054221
5763;0.610159397
5764;0.626331747
5765;0.73787719
5766;1.43917632
5767;1.81083894
5768;1.9903698
5769;1.99389052
5770;1.74850559
5771;1.48969388
5772;1.27831948
5773;1.17244995
5774;1.0647769
5775;1.02640676
5776;1.125175
5777;1.34808254
5778;1.90357721
5779;2.12061334
5780;2.06255698
5781;1.97585595
5782;1.37606478
5783;0.655000031
5784;1.02345836
5785;1.04176795
5786;1.07202947
5787;1.09422016
5788;1.10997415
5789;1.29924035
5790;2.76054001
5791;3.53884268
5792;3.82705855
5793;3.97803187
5794;3.67619634
5795;3.16488242
5796;2.60303044
5797;2.40807343
5798;2.0894804
5799;2.04978728
5800;2.21314502
5801;2.55379891
5802;3.59048676
5803;4.0663538
5804;3.85237503
5805;3.81660819
5806;2.61917138
5807;1.23199594
5808;0.661895394
5809;0.663188875
5810;0.659033835
5811;0.661104798
5812;0.6776824
5813;0.823669791
5814;1.80177355
5815;2.362638
5816;2.22131681
5817;2.02020454
5818;1.71951652
5819;1.49027669
5820;1.32199621
5821;1.22390962
5822;1.10273719
5823;1.05278552
5824;1.27673495
5825;1.48679948
5826;2.07121491
5827;2.26395273
5828;2.11697173
5829;1.99129295
5830;1.37443531
5831;0.706830382
5832;0.129260153
5833;0.12398909
5834;0.122345231
5835;0.120744392
5836;0.134212688
5837;0.178856671
5838;0.347475678
5839;0.477452993
5840;0.348380625
5841;0.250778377
5842;0.201977253
5843;0.201977253
5844;0.218244284
5845;0.201977253
5846;0.185710222
5847;0.185710222
5848;0.218244284
5849;0.28331247
5850;0.364647686
5851;0.397181749
5852;0.364647686
5853;0.302686006
5854;0.254801542
5855;0.24058938
5856;0.121745855
5857;0.118858278
5858;0.120476067
5859;0.120476067
5860;0.134212688
5861;0.180917129
5862;0.350564331
5863;0.484164715
5864;0.357796341
5865;0.250778377
5866;0.201977253
5867;0.201977253
5868;0.218244284
5869;0.201977253
5870;0.185710222
5871;0.185710222
5872;0.218244284
5873;0.28331247
5874;0.364839703
5875;0.400342345
5876;0.371789962
5877;0.309685022
5878;0.263175309
5879;0.247264996
5880;0.141573116
5881;0.138453573
5882;0.138453573
5883;0.138453573
5884;0.152190179
5885;0.200006679
5886;0.397552878
5887;0.541011095
5888;0.421143055
5889;0.314896286
5890;0.263238668
5891;0.252069354
5892;0.262325346
5893;0.243052781
5894;0.22277838
5895;0.22077468
5896;0.254310608
5897;0.328414708
5898;0.438808829
5899;0.491157413
5900;0.453643382
5901;0.383902818
5902;0.310614407
5903;0.270253181
5904;0.298180073
5905;0.298140526
5906;0.299518019
5907;0.302664399
5908;0.318955898
5909;0.400919169
5910;0.848498702
5911;1.12818861
5912;1.0169431
5913;0.895839453
5914;0.763839722
5915;0.702171683
5916;0.658055067
5917;0.595514178
5918;0.559345126
5919;0.546489179
5920;0.599705219
5921;0.745104313
5922;1.08137095
5923;1.2116611
5924;1.1680032
5925;1.0983789
5926;0.800872445
5927;0.498423755
5928;0.610219061
5929;0.611192048
5930;0.613433719
5931;0.617002666
5932;0.630278528
5933;0.739551127
5934;1.4659394
5935;1.84146178
5936;2.05057764
5937;2.09879494
5938;1.83407867
5939;1.56082594
5940;1.33030379
5941;1.21020091
5942;1.07682717
5943;1.03833318
5944;1.12026405
5945;1.33823693
5946;1.87147534
5947;2.10262895
5948;2.04422879
5949;1.95556164
5950;1.37680459
5951;0.663330913
5952;0.542205215
5953;0.532640696
5954;0.534598172
5955;0.538748741
5956;0.571866691
5957;0.661298633
5958;1.29386592
5959;1.64149225
5960;1.73020005
5961;1.82485056
5962;1.62042391
5963;1.37881529
5964;1.19060647
5965;1.15567482
5966;1.11912465
5967;1.08257461
5968;1.12581944
5969;1.24167836
5970;1.58274722
5971;1.6282804
5972;1.57225072
5973;1.49429858
5974;1.12289584
5975;0.661793232
5976;0.348215103
5977;0.344366878
5978;0.353303313
5979;0.359746099
5980;0.397990137
5981;0.493609965
5982;1.02346992
5983;1.21690655
5984;0.986147046
5985;0.850824654
5986;0.692806005
5987;0.636712313
5988;0.610909045
5989;0.601653695
5990;0.578374982
5991;0.57136327
5992;0.603897333
5993;0.690000653
5994;0.869499922
5995;0.952147007
5996;0.925803542
5997;0.876168728
5998;0.69920212
5999;0.48693344
6000;0.285487294
6001;0.280824751
6002;0.285531849
6003;0.28914097
6004;0.316597819
6005;0.398449242
6006;0.807249188
6007;0.963594198
6008;0.775756836
6009;0.646644056
6010;0.539912283
6011;0.501291811
6012;0.488593519
6013;0.477154016
6014;0.456059456
6015;0.451231897
6016;0.48376599
6017;0.563316822
6018;0.712237835
6019;0.762222767
6020;0.726327837
6021;0.656572223
6022;0.529053509
6023;0.391992152
6024;0.227405623
6025;0.222081244
6026;0.228313848
6027;0.240085796
6028;0.266849011
6029;0.34036088
6030;0.685596466
6031;0.846805215
6032;0.676036835
6033;0.556714773
6034;0.454388618
6035;0.425542116
6036;0.420174301
6037;0.407513082
6038;0.387640238
6039;0.384034395
6040;0.416568488
6041;0.492454112
6042;0.624270678
6043;0.689844668
6044;0.642240882
6045;0.57857281
6046;0.455627143
6047;0.331279516
6048;0.175565302
6049;0.169671535
6050;0.171915993
6051;0.180448309
6052;0.210947022
6053;0.277693331
6054;0.553844213
6055;0.713111877
6056;0.566967189
6057;0.44906342
6058;0.365091622
6059;0.346450329
6060;0.348736405
6061;0.334799528
6062;0.316202313
6063;0.313872159
6064;0.346406251
6065;0.418464899
6066;0.532422423
6067;0.577727258
6068;0.542916894
6069;0.476101041
6070;0.380315632
6071;0.30573085
6072;0.27831918
6073;0.279329926
6074;0.282428145
6075;0.283836573
6076;0.297818661
6077;0.372687936
6078;0.792580307
6079;1.05226862
6080;0.956330061
6081;0.833439589
6082;0.710444093
6083;0.645256281
6084;0.602000654
6085;0.553790987
6086;0.499380708
6087;0.48078683
6088;0.525022268
6089;0.651863217
6090;0.916536987
6091;1.01245296
6092;0.951940536
6093;0.876969993
6094;0.648289561
6095;0.414112329
6096;0.265128016
6097;0.258046091
6098;0.256007105
6099;0.253934443
6100;0.269082755
6101;0.310038537
6102;0.55321902
6103;0.796875
6104;0.925716996
6105;0.966796517
6106;0.855220318
6107;0.717557967
6108;0.62058717
6109;0.580852509
6110;0.555273414
6111;0.546847701
6112;0.589052975
6113;0.676977873
6114;0.82750231
6115;0.836565137
6116;0.809776187
6117;0.738494694
6118;0.565493822
6119;0.328537524
6120;0.506986916
6121;0.495290518
6122;0.515319943
6123;0.522631049
6124;0.559904039
6125;0.647474647
6126;1.28516221
6127;1.63495088
6128;1.70470428
6129;1.77776897
6130;1.57039487
6131;1.35638607
6132;1.17838264
6133;1.1461674
6134;1.11129045
6135;1.07902825
6136;1.14146614
6137;1.28050256
6138;1.6037302
6139;1.66789937
6140;1.58213651
6141;1.52893853
6142;1.1767931
6143;0.67461288
6144;1.04755592
6145;1.05093098
6146;1.06776083
6147;1.0635972
6148;1.08381653
6149;1.32352746
6150;2.92905188
6151;3.78031111
6152;3.67940211
6153;3.37116742
6154;2.96535492
6155;2.58923221
6156;2.31061745
6157;2.13822246
6158;1.94920468
6159;1.81792688
6160;1.91521847
6161;2.29796505
6162;3.41571999
6163;4.00819159
6164;3.95043778
6165;3.85071325
6166;2.72318363
6167;1.35669875
6168;0.916364193
6169;0.911609232
6170;0.920102477
6171;0.911609232
6172;0.930629134
6173;1.10308945
6174;2.43699074
6175;3.00284839
6176;2.87519598
6177;2.64374542
6178;2.24085927
6179;1.90818238
6180;1.67903662
6181;1.51429236
6182;1.36676908
6183;1.30348575
6184;1.36946893
6185;1.62800193
6186;2.42061329
6187;2.76026583
6188;2.68555188
6189;2.6364224
6190;1.8838017
6191;0.985104799
6192;0.380262077
6193;0.38395825
6194;0.38409403
6195;0.37833935
6196;0.375922412
6197;0.45198077
6198;0.953257203
6199;1.20598793
6200;1.09121752
6201;0.953819752
6202;0.814231932
6203;0.706714094
6204;0.662412703
6205;0.615861475
6206;0.559215486
6207;0.539026022
6208;0.581654787
6209;0.707663894
6210;1.01212204
6211;1.13939428
6212;1.07751703
6213;0.998178363
6214;0.726734996
6215;0.447165132
6216;0.415294528
6217;0.414963424
6218;0.415082902
6219;0.415681541
6220;0.430566043
6221;0.528648555
6222;1.15029812
6223;1.5269531
6224;1.46902514
6225;1.36058652
6226;1.18171251
6227;1.04440475
6228;0.954682291
6229;0.888126612
6230;0.805109203
6231;0.772185743
6232;0.822988927
6233;0.991819561
6234;1.39917266
6235;1.55418253
6236;1.47790372
6237;1.40010512
6238;1.00580978
6239;0.564875662
6240;0.252728492
6241;0.249298483
6242;0.249082327
6243;0.248722911
6244;0.26261577
6245;0.329754055
6246;0.692150295
6247;0.932780385
6248;0.822054982
6249;0.712408245
6250;0.601732969
6251;0.534316778
6252;0.509836912
6253;0.473688543
6254;0.430913091
6255;0.417658925
6256;0.456820071
6257;0.561650932
6258;0.777080894
6259;0.891459525
6260;0.839598894
6261;0.763920546
6262;0.565507472
6263;0.374808222
6264;0.225167662
6265;0.223612219
6266;0.223842964
6267;0.220978945
6268;0.233755037
6269;0.28072983
6270;0.465245962
6271;0.575410485
6272;0.730674565
6273;0.785318911
6274;0.697386742
6275;0.587557256
6276;0.50268048
6277;0.450903654
6278;0.412996203
6279;0.40338093
6280;0.445542514
6281;0.531258047
6282;0.702953458
6283;0.750973463
6284;0.723673463
6285;0.661485791
6286;0.493388057
6287;0.275105417
6288;0.240042299
6289;0.244407922
6290;0.239556313
6291;0.238506883
6292;0.244993895
6293;0.275080383
6294;0.459827751
6295;0.574554563
6296;0.702425241
6297;0.807051659
6298;0.774363995
6299;0.657943964
6300;0.546449959
6301;0.490702957
6302;0.450514346
6303;0.420177788
6304;0.466072679
6305;0.563608289
6306;0.742413163
6307;0.788091421
6308;0.729247332
6309;0.676660776
6310;0.503449559
6311;0.33090806
6312;0.247047096
6313;0.245260194
6314;0.248096421
6315;0.248474509
6316;0.26338613
6317;0.336539596
6318;0.698450446
6319;0.896858215
6320;0.782590985
6321;0.663697183
6322;0.566186607
6323;0.508247316
6324;0.478110611
6325;0.444125414
6326;0.404234171
6327;0.39242208
6328;0.437540412
6329;0.547949314
6330;0.765190125
6331;0.843170762
6332;0.790126681
6333;0.725691676
6334;0.551309824
6335;0.383284152
6336;0.248844728
6337;0.238809198
6338;0.236112386
6339;0.240690157
6340;0.264744818
6341;0.3326675
6342;0.697863221
6343;0.928639948
6344;0.791877747
6345;0.675606847
6346;0.554718971
6347;0.499327242
6348;0.484089285
6349;0.472569346
6350;0.451555192
6351;0.4468081
6352;0.479342163
6353;0.559240401
6354;0.730674267
6355;0.771039724
6356;0.693849087
6357;0.623405635
6358;0.504854858
6359;0.378608346
6360;0.221999943
6361;0.217807978
6362;0.220088691
6363;0.220973417
6364;0.2440027
6365;0.308871984
6366;0.646641135
6367;0.85023433
6368;0.683748484
6369;0.563041925
6370;0.46070224
6371;0.431134224
6372;0.425225228
6373;0.412654161
6374;0.392691135
6375;0.388995171
6376;0.421529233
6377;0.497685373
6378;0.652041852
6379;0.700148702
6380;0.660801411
6381;0.569814682
6382;0.448078334
6383;0.352984369
6384;0.242005378
6385;0.245918065
6386;0.245994657
6387;0.238562793
6388;0.262299061
6389;0.364912093
6390;0.760989606
6391;0.918247342
6392;0.739948452
6393;0.622908413
6394;0.516032279
6395;0.47746408
6396;0.460672706
6397;0.427876472
6398;0.389570475
6399;0.378551006
6400;0.416594803
6401;0.522559762
6402;0.731543422
6403;0.814724088
6404;0.772158027
6405;0.713816285
6406;0.539990902
6407;0.376710951
6408;0.332136422
6409;0.331912667
6410;0.332820654
6411;0.334140927
6412;0.349124998
6413;0.432040125
6414;0.926051497
6415;1.23020434
6416;1.1342411
6417;1.01546609
6418;0.848890662
6419;0.753448248
6420;0.703833818
6421;0.64368701
6422;0.58222717
6423;0.56080544
6424;0.614230394
6425;0.752862036
6426;1.06050777
6427;1.21188879
6428;1.17186558
6429;1.10808623
6430;0.822289944
6431;0.511181176
6432;0.393028498
6433;0.3799707
6434;0.364084542
6435;0.357302636
6436;0.386290669
6437;0.439951241
6438;0.844877064
6439;1.16191006
6440;1.24318111
6441;1.27500021
6442;1.09966993
6443;0.917733431
6444;0.787074149
6445;0.758575916
6446;0.731043279
6447;0.722187638
6448;0.759541571
6449;0.871020675
6450;1.08254457
6451;1.13705206
6452;1.11568391
6453;1.03849173
6454;0.773468852
6455;0.416000068
6456;0.371549785
6457;0.3628124
6458;0.373141497
6459;0.386406183
6460;0.412976772
6461;0.475273073
6462;0.908525407
6463;1.15550005
6464;1.1780622
6465;1.25133705
6466;1.1456095
6467;0.960418224
6468;0.814188242
6469;0.781870723
6470;0.752735019
6471;0.723599315
6472;0.76456821
6473;0.880714417
6474;1.09202194
6475;1.13620782
6476;1.08771753
6477;0.999984741
6478;0.711930037
6479;0.438825458
6480;0.338156909
6481;0.343900532
6482;0.348707974
6483;0.347128093
6484;0.379862159
6485;0.485399276
6486;1.03772521
6487;1.36176157
6488;1.11879754
6489;0.992325306
6490;0.811127245
6491;0.723172426
6492;0.689002275
6493;0.681141436
6494;0.656468213
6495;0.64806205
6496;0.69077599
6497;0.809437633
6498;1.02378857
6499;1.07515335
6500;1.06074643
6501;1.01636887
6502;0.791724563
6503;0.521919489
6504;0.498712897
6505;0.493672907
6506;0.506188571
6507;0.514154315
6508;0.551171422
6509;0.659003615
6510;1.44474268
6511;1.9432559
6512;1.63460469
6513;1.48291194
6514;1.2266103
6515;1.08029819
6516;1.01111841
6517;0.999835014
6518;0.962341666
6519;0.954614937
6520;0.997176766
6521;1.11169922
6522;1.4432441
6523;1.50103343
6524;1.40987158
6525;1.39752579
6526;1.05982304
6527;0.637910724
6528;0.568037748
6529;0.567535818
6530;0.572292686
6531;0.57082051
6532;0.583531737
6533;0.705224991
6534;1.53838849
6535;1.98452759
6536;1.87701488
6537;1.69780934
6538;1.46266997
6539;1.30922604
6540;1.17786002
6541;1.08423281
6542;0.98039937
6543;0.937213182
6544;1.06198835
6545;1.27533412
6546;1.80793679
6547;2.01271749
6548;1.91507077
6549;1.82617235
6550;1.28778064
6551;0.687565446
6552;0.418245554
6553;0.416491359
6554;0.418121696
6555;0.419891775
6556;0.435761452
6557;0.5354895
6558;1.16468239
6559;1.55584633
6560;1.35462987
6561;1.20810115
6562;1.0410502
6563;0.93736732
6564;0.876583695
6565;0.819809794
6566;0.747914314
6567;0.718702912
6568;0.774337292
6569;0.945643544
6570;1.33100593
6571;1.56227589
6572;1.51119363
6573;1.44205737
6574;1.04225731
6575;0.596542597
6576;0.6114645
6577;0.606209397
6578;0.606209397
6579;0.602773666
6580;0.616737485
6581;0.754455388
6582;1.65542853
6583;2.14881277
6584;2.05769873
6585;1.91271114
6586;1.64814353
6587;1.45667136
6588;1.31514299
6589;1.21007609
6590;1.09361005
6591;1.05047333
6592;1.1319685
6593;1.39319277
6594;2.03024817
6595;2.32389045
6596;2.24422669
6597;2.18895507
6598;1.58319592
6599;0.827557504
6600;0.862317204
6601;0.857743323
6602;0.856083274
6603;0.860308468
6604;0.878372252
6605;1.04023433
6606;2.19961667
6607;2.84326386
6608;2.96742153
6609;2.95676899
6610;2.57977557
6611;2.20749402
6612;1.94064462
6613;1.77402115
6614;1.64176047
6615;1.58544552
6616;1.67943335
6617;1.99018455
6618;2.83131099
6619;3.26420736
6620;3.17986774
6621;3.07464147
6622;2.13662624
6623;0.980008543
6624;1.12152624
6625;1.12636089
6626;1.10959578
6627;1.10386825
6628;1.13085556
6629;1.31708682
6630;2.83438826
6631;3.62765551
6632;3.991467
6633;3.99943924
6634;3.51060414
6635;2.9536984
6636;2.51474857
6637;2.30098534
6638;2.07993269
6639;1.97345066
6640;2.08027053
6641;2.46825099
6642;3.50518179
6643;3.86433697
6644;3.73769951
6645;3.69954228
6646;2.59540558
6647;1.24292302
6648;1.07995296
6649;1.05509508
6650;1.06529295
6651;1.09333766
6652;1.16697752
6653;1.36590612
6654;3.08867359
6655;4.43880606
6656;4.17057133
6657;3.95136714
6658;3.3415122
6659;2.91374373
6660;2.61886978
6661;2.46679878
6662;2.38672709
6663;2.41247845
6664;2.58593917
6665;2.90264034
6666;3.74012232
6667;3.92755008
6668;3.64852047
6669;3.53143764
6670;2.6571064
6671;1.41682482
6672;1.71854889
6673;1.71386731
6674;1.71386731
6675;1.70908189
6676;1.69928777
6677;2.0037117
6678;4.4843936
6679;4.70846176
6680;4.73076916
6681;4.75095797
6682;4.63032103
6683;4.4329896
6684;3.93378043
6685;3.61936164
6686;3.25853372
6687;3.09133387
6688;3.21686888
6689;3.81755328
6690;4.52214956
6691;4.5544157
6692;4.55311346
6693;4.54921341
6694;3.90089774
6695;1.80385256
6696;1.28455818
6697;1.27610731
6698;1.27564394
6699;1.27287078
6700;1.2907685
6701;1.54253912
6702;3.47536373
6703;4.51194811
6704;4.48795414
6705;4.34480381
6706;3.60190225
6707;3.14645481
6708;2.7737267
6709;2.56888318
6710;2.31769705
6711;2.2334888
6712;2.37882996
6713;2.90570259
6714;4.27672958
6715;4.44365454
6716;4.50560188
6717;4.58197927
6718;3.23705912
6719;1.5418117
6720;1.45189404
6721;1.44374061
6722;1.45732486
6723;1.47452879
6724;1.50265658
6725;1.79930985
6726;4.04813719
6727;4.68454838
6728;4.53112459
6729;4.3952179
6730;4.20943117
6731;3.64158678
6732;3.28955483
6733;3.14831901
6734;2.87521124
6735;2.76596117
6736;2.90756941
6737;3.48815227
6738;4.63205099
6739;4.75460148
6740;4.72461557
6741;4.73250389
6742;3.70208883
6743;1.73366773
6744;1.58025324
6745;1.58305824
6746;1.60037291
6747;1.61998987
6748;1.65750825
6749;1.97709024
6750;4.45342159
6751;4.82320023
6752;4.77506876
6753;4.75076914
6754;4.54791498
6755;4.04484081
6756;3.5200789
6757;3.2043407
6758;2.91603756
6759;2.86942911
6760;3.0599649
6761;3.72530961
6762;4.67924547
6763;4.7092309
6764;4.73540878
6765;4.78101635
6766;3.96197057
6767;1.87425125
6768;1.74939311
6769;1.74401796
6770;1.73864281
6771;1.73326755
6772;1.74401796
6773;2.0459218
6774;4.67005157
6775;4.78756714
6776;4.77680016
6777;4.72381687
6778;4.60453033
6779;4.42321301
6780;3.82471991
6781;3.5259161
6782;3.19883084
6783;3.08524942
6784;3.2867403
6785;3.96807694
6786;4.7684617
6787;4.7470727
6788;4.83120012
6789;4.8144002
6790;4.28884983
6791;1.88944578
6792;1.80976081
6793;1.77769744
6794;1.78689599
6795;1.78075492
6796;1.86674452
6797;2.12471271
6798;4.72899342
6799;4.704
6800;4.7944665
6801;4.75460148
6802;4.51194811
6803;4.42321301
6804;4.18036413
6805;4.18267775
6806;4.10871124
6807;4.06124687
6808;4.21056271
6809;4.6866107
6810;4.74692297
6811;4.73105335
6812;4.83080626
6813;4.75759983
6814;3.96195459
6815;1.99253201
6816;1.57461751
6817;1.5034045
6818;1.5034045
6819;1.5034045
6820;1.58866239
6821;1.88839567
6822;4.3877058
6823;4.76278114
6824;4.79360008
6825;4.69692326
6826;4.6882062
6827;4.03513432
6828;3.63405871
6829;3.64009356
6830;3.51627874
6831;3.46146607
6832;3.54885101
6833;3.90771174
6834;4.6546545
6835;4.75153828
6836;4.73540878
6837;4.76416302
6838;3.49637699
6839;1.80968702
6840;1.52931678
6841;1.46026099
6842;1.46026099
6843;1.46026099
6844;1.54336166
6845;1.7973454
6846;4.0914011
6847;4.80319977
6848;4.77506876
6849;4.73076916
6850;4.47928381
6851;3.80893278
6852;3.37186193
6853;3.28084564
6854;3.1602025
6855;3.11997557
6856;3.30524516
6857;3.69868588
6858;4.54532146
6859;4.76007652
6860;4.65993643
6861;4.44610882
6862;3.26692939
6863;1.71958363
6864;1.44831884
6865;1.45464456
6866;1.45464456
6867;1.45464456
6868;1.47337103
6869;1.76045823
6870;3.95516729
6871;4.83839989
6872;4.75692272
6873;4.44365454
6874;3.72923422
6875;3.13137794
6876;2.71759748
6877;2.49181318
6878;2.22741628
6879;2.12835741
6880;2.27065134
6881;2.75723934
6882;3.86488128
6883;4.35691881
6884;4.5899334
6885;4.60966539
6886;3.34807301
6887;1.57535398
6888;1.0587275
6889;1.02671254
6890;1.04606211
6891;1.04606211
6892;1.10806596
6893;1.2985791
6894;2.93158221
6895;3.82871485
6896;3.52760482
6897;3.28668475
6898;2.67669463
6899;2.30733275
6900;2.05074573
6901;2.04281831
6902;1.98974562
6903;1.97427571
6904;2.06639862
6905;2.32868385
6906;3.05343246
6907;3.07801008
6908;3.13938856
6909;3.1656599
6910;2.42306471
6911;1.30312085
6912;1.38815045
6913;1.33903682
6914;1.33903682
6915;1.33903682
6916;1.41043508
6917;1.62586415
6918;3.68419814
6919;4.71000004
6920;4.49927855
6921;4.01874781
6922;3.23855019
6923;2.72149873
6924;2.4745729
6925;2.45197368
6926;2.38568759
6927;2.37067938
6928;2.45126247
6929;2.77173853
6930;3.60987043
6931;3.81071329
6932;3.84770489
6933;3.76601839
6934;2.82123256
6935;1.52118361
6936;1.19453835
6937;1.19901812
6938;1.19384968
6939;1.18868124
6940;1.19579852
6941;1.38578308
6942;2.95621705
6943;3.77700877
6944;3.91836882
6945;3.62554407
6946;3.06409931
6947;2.55847001
6948;2.20465207
6949;2.03724432
6950;1.84514058
6951;1.79481518
6952;1.94671822
6953;2.34338093
6954;3.37858009
6955;3.76771188
6956;3.64672017
6957;3.55078268
6958;2.45119095
6959;1.11370003
6960;0.988872409
6961;1.00181961
6962;1.02136445
6963;1.03013575
6964;1.04625809
6965;1.22634208
6966;2.62306428
6967;3.36746073
6968;3.39997005
6969;3.47087359
6970;3.0920012
6971;2.63549328
6972;2.25772715
6973;2.09083223
6974;1.93779171
6975;1.87254381
6976;1.98735225
6977;2.39217591
6978;3.41872287
6979;3.81453276
6980;3.7794857
6981;3.72159243
6982;2.56827283
6983;1.21798968
6984;1.14117837
6985;1.13295209
6986;1.13174379
6987;1.13781106
6988;1.15743876
6989;1.39797091
6990;3.18459988
6991;4.16082811
6992;4.17151785
6993;3.98560309
6994;3.38579917
6995;2.85576439
6996;2.54860902
6997;2.36533642
6998;2.13987947
6999;2.06325197
7000;2.26561809
7001;2.7739048
7002;4.02704334
7003;4.49077892
7004;4.3424015
7005;4.29490376
7006;3.00224233
7007;1.4465996
7008;1.52248585
7009;1.51798439
7010;1.51798439
7011;1.51798439
7012;1.53599048
7013;1.83308661
7014;4.12582445
7015;4.74846172
7016;4.74913836
7017;4.661654
7018;4.53627396
7019;3.94942856
7020;3.4775176
7021;3.2460072
7022;2.92411232
7023;2.81264591
7024;2.97398758
7025;3.59235978
7026;4.60453033
7027;4.6441946
7028;4.65640259
7029;4.67748022
7030;3.73165202
7031;1.75060081
7032;1.75518346
7033;1.75878274
7034;1.75878274
7035;1.75878274
7036;1.77678883
7037;2.14108396
7038;4.82775116
7039;4.80240011
7040;4.78548908
7041;4.72384596
7042;4.68631887
7043;4.56880045
7044;4.17550802
7045;3.8573842
7046;3.49000168
7047;3.35457444
7048;3.56767845
7049;4.33511353
7050;4.70942831
7051;4.82320023
7052;4.8144002
7053;4.78079987
7054;4.55913925
7055;2.09979105
7056;1.86849582
7057;1.86381423
7058;1.86381423
7059;1.86381423
7060;1.8825407
7061;2.24183416
7062;4.74639988
7063;4.83080626
7064;4.72307682
7065;4.59770107
7066;4.45950794
7067;4.38750458
7068;4.08086205
7069;3.74801373
7070;3.37113237
7071;3.27642679
7072;3.46441221
7073;4.28403378
7074;4.71461535
7075;4.82165623
7076;4.75519991
7077;4.70967722
7078;4.77090311
7079;2.22553253
7080;1.85496759
7081;1.85009086
7082;1.85009086
7083;1.85009086
7084;1.86959755
7085;2.22773552
7086;4.71166658
7087;4.79225063
7088;4.71439981
7089;4.79746819
7090;4.74913836
7091;4.55702209
7092;3.89180565
7093;3.44192314
7094;3.0239532
7095;2.89197302
7096;3.16365361
7097;3.82779026
7098;4.45791721
7099;4.40295887
7100;4.40295887
7101;4.36452532
7102;3.84645557
7103;1.77954042
7104;0.902782083
7105;0.895933688
7106;0.895622015
7107;0.889392495
7108;0.912700891
7109;1.08041573
7110;2.30292559
7111;2.94813108
7112;2.99592853
7113;2.93913555
7114;2.48929071
7115;2.10195756
7116;1.83698905
7117;1.68038476
7118;1.51426327
7119;1.45378435
7120;1.54377878
7121;1.88775468
7122;2.69424796
7123;2.98469305
7124;2.91388392
7125;2.83489466
7126;1.96212828
7127;0.893468499
7128;0.798242927
7129;0.792850018
7130;0.782586575
7131;0.771165252
7132;0.770475924
7133;0.901662707
7134;1.91460848
7135;2.47133088
7136;2.73826528
7137;2.84410238
7138;2.59677005
7139;2.25961828
7140;1.91231227
7141;1.761657
7142;1.59385467
7143;1.51508141
7144;1.63124168
7145;1.96133232
7146;2.77773428
7147;3.11685729
7148;3.03962255
7149;2.9636929
7150;2.06638908
7151;1.02154386
7152;1.13448715
7153;1.12911844
7154;1.12791586
7155;1.14005721
7156;1.17841935
7157;1.38978601
7158;3.07220435
7159;3.97429347
7160;3.96273446
7161;3.68928266
7162;3.18107629
7163;2.77716279
7164;2.44591355
7165;2.27804995
7166;2.07566118
7167;2.00757694
7168;2.12672067
7169;2.61309242
7170;3.87688494
7171;4.457654
7172;4.29119921
7173;4.12527084
7174;2.83023906
7175;1.3671236
7176;1.18787026
7177;1.16671813
7178;1.18018019
7179;1.18018019
7180;1.24888957
7181;1.47254562
7182;3.30709767
7183;4.80952406
7184;4.51897144
7185;4.21155357
7186;3.44114828
7187;2.91926146
7188;2.5996232
7189;2.59000659
7190;2.51927996
7191;2.50155807
7192;2.60912752
7193;3.09350085
7194;4.10962248
7195;4.20837927
7196;3.90984774
7197;3.76328087
7198;2.81288028
7199;1.50606978
7200;1.36674392
7201;1.30542922
7202;1.30542922
7203;1.30542922
7204;1.38633418
7205;1.63642275
7206;3.72190619
7207;4.75970554
7208;4.70846176
7209;4.49046421
7210;3.46512413
7211;2.98061967
7212;2.68276501
7213;2.6802876
7214;2.62105894
7215;2.6137712
7216;2.73852777
7217;3.19928408
7218;4.04033995
7219;4.34320402
7220;4.14527798
7221;3.96228027
7222;2.92469287
7223;1.5649972
7224;1.44738019
7225;1.45192909
7226;1.41923809
7227;1.41211176
7228;1.42414355
7229;1.7015022
7230;3.82317972
7231;4.64767647
7232;4.54014587
7233;4.41540051
7234;3.94214392
7235;3.35214472
7236;2.9209404
7237;2.67455459
7238;2.42271161
7239;2.33057427
7240;2.47376084
7241;3.10339975
7242;4.46269178
7243;4.39058638
7244;4.39831114
7245;4.4452343
7246;3.25868154
7247;1.55814505
7248;1.41856647
7249;1.37175632
7250;1.40816069
7251;1.46448696
7252;1.54779899
7253;1.80241644
7254;4.10323334
7255;4.83519983
7256;4.76766109
7257;4.71538448
7258;4.51495457
7259;3.83281255
7260;3.28062701
7261;3.18444347
7262;3.09917259
7263;3.08608127
7264;3.36120009
7265;3.79483962
7266;4.75460148
7267;4.70923042
7268;4.75958633
7269;4.63768673
7270;3.40492392
7271;1.76687777
7272;1.52510595
7273;1.45620108
7274;1.45082593
7275;1.44545078
7276;1.53570223
7277;1.77482212
7278;3.98322821
7279;4.71267128
7280;4.69307709
7281;4.71841717
7282;4.53498554
7283;3.88448691
7284;3.29896903
7285;3.20004177
7286;3.11167264
7287;3.11769295
7288;3.8947494
7289;4.13454294
7290;4.74561071
7291;4.69846153
7292;4.60719728
7293;4.39199257
7294;3.15602231
7295;1.52478802
7296;0.979530692
7297;0.957846284
7298;0.930468798
7299;0.91021359
7300;0.90073216
7301;1.01824975
7302;2.10204673
7303;2.71532512
7304;2.95863152
7305;3.05348301
7306;2.75994349
7307;2.3607955
7308;2.02507329
7309;1.86815941
7310;1.6982044
7311;1.59898388
7312;1.67701864
7313;1.97278345
7314;2.73713255
7315;2.963516
7316;2.79620433
7317;2.70524931
7318;1.86255705
7319;0.898490846
7320;0.315750003
7321;0.310170203
7322;0.309550405
7323;0.311059982
7324;0.327593029
7325;0.412654907
7326;0.895607531
7327;1.17770755
7328;1.06840134
7329;0.955837429
7330;0.814666212
7331;0.72941637
7332;0.673687518
7333;0.621780634
7334;0.563932598
7335;0.544181645
7336;0.610506833
7337;0.76070255
7338;1.05749238
7339;1.16698444
7340;1.10202289
7341;1.02148294
7342;0.738474607
7343;0.453384578
7344;0.805323064
7345;0.807636559
7346;0.823127985
7347;0.849892437
7348;0.894417346
7349;1.11060584
7350;2.53567767
7351;3.45659518
7352;3.5037055
7353;3.34966016
7354;2.89937139
7355;2.55694509
7356;2.30189466
7357;2.14161181
7358;1.94107795
7359;1.87787437
7360;2.02698159
7361;2.4888587
7362;3.62863493
7363;4.03281355
7364;3.84996367
7365;3.72911382
7366;2.59077764
7367;1.28642917
7368;1.63753307
7369;1.65337992
7370;1.67032802
7371;1.69217074
7372;1.72689986
7373;2.13141537
7374;4.79279995
7375;4.78997231
7376;4.72846174
7377;4.75538445
7378;4.74913836
7379;4.64593506
7380;4.10981369
7381;3.81667781
7382;3.45207429
7383;3.28982496
7384;3.45930576
7385;4.10102987
7386;4.68101168
7387;4.76190472
7388;4.76384592
7389;4.76076937
7390;4.24125195
7391;1.97404456
7392;1.47698569
7393;1.44323158
7394;1.45766389
7395;1.45708108
7396;1.53177094
7397;1.79315019
7398;4.06515503
7399;4.73920012
7400;4.81920004
7401;4.69692326
7402;4.55698681
7403;3.90944886
7404;3.48872113
7405;3.46875834
7406;3.38452363
7407;3.36145091
7408;3.53201628
7409;3.94091916
7410;4.72538424
7411;4.75146532
7412;4.81439972
7413;4.6517663
7414;3.44799113
7415;1.86026037
7416;1.79706883
7417;1.71481216
7418;1.71481216
7419;1.71481216
7420;1.8139534
7421;2.11700559
7422;4.69666672
7423;4.71333313
7424;4.69119978
7425;4.69230747
7426;4.661654
7427;4.3853426
7428;3.86586928
7429;3.76916027
7430;3.65587139
7431;3.75415659
7432;4.01043749
7433;4.51835728
7434;4.70692301
7435;4.83039999
7436;4.78399992
7437;4.74480009
7438;3.85935926
7439;1.99485588
7440;1.52824283
7441;1.47232425
7442;1.47563088
7443;1.46504569
7444;1.54572296
7445;1.78595829
7446;3.89277744
7447;4.73680019
7448;4.82399988
7449;4.73076916
7450;4.51449299
7451;3.7105
7452;3.08729506
7453;2.99209714
7454;2.89723921
7455;2.93906641
7456;3.19828486
7457;3.73209643
7458;4.70053101
7459;4.70370388
7460;4.7081008
7461;4.51963806
7462;3.32070971
7463;1.63022602
7464;1.25783217
7465;1.2009573
7466;1.18734956
7467;1.18054569
7468;1.23940361
7469;1.40804517
7470;3.064749
7471;4.41858292
7472;4.4449029
7473;4.03715706
7474;3.28810835
7475;2.73832178
7476;2.36057138
7477;2.32613969
7478;2.27613711
7479;2.2713058
7480;2.44663572
7481;2.7786305
7482;3.62459111
7483;3.34752321
7484;3.13548136
7485;3.04273963
7486;2.48225069
7487;1.3785398
7488;1.3072238
7489;1.24815893
7490;1.24815893
7491;1.24815893
7492;1.32343292
7493;1.55465746
7494;3.5419817
7495;4.77062082
7496;4.70177794
7497;4.20352459
7498;3.26065326
7499;2.81207848
7500;2.50963664
7501;2.48421097
7502;2.42277002
7503;2.42105508
7504;2.57509613
7505;2.9248023
7506;3.88979936
7507;4.08094597
7508;3.96579194
7509;3.81817818
7510;2.8234365
7511;1.52789378
7512;1.50583649
7513;1.43731475
7514;1.43731475
7515;1.43731475
7516;1.52204573
7517;1.78164196
7518;4.07159615
7519;4.83519983
7520;4.71846151
7521;4.67748022
7522;4.30517435
7523;3.70639539
7524;3.13002968
7525;3.08356309
7526;3.00035882
7527;2.98362851
7528;3.18493152
7529;3.6354537
7530;4.54661798
7531;4.69519138
7532;4.56606054
7533;4.38229561
7534;3.2388947
7535;1.69564033
7536;1.4951576
7537;1.48996234
7538;1.48996234
7539;1.48996234
7540;1.51074338
7541;1.81154561
7542;4.09292841
7543;4.74550343
7544;4.64941883
7545;4.50686932
7546;4.30796576
7547;3.74141169
7548;3.25918627
7549;2.98049116
7550;2.66007495
7551;2.55228305
7552;2.75803137
7553;3.34968734
7554;4.40761662
7555;4.57537794
7556;4.74187374
7557;4.71923065
7558;3.72978306
7559;1.75994158
7560;1.36056376
7561;1.35902631
7562;1.35955095
7563;1.35484314
7564;1.37828374
7565;1.65196848
7566;3.7259016
7567;4.73825026
7568;4.58197927
7569;4.27390718
7570;3.4712224
7571;2.9746027
7572;2.6399467
7573;2.4700098
7574;2.27520514
7575;2.20751381
7576;2.37192488
7577;2.91774178
7578;4.31480837
7579;4.46428585
7580;4.50180483
7581;4.56617689
7582;3.30533075
7583;1.59667087
7584;1.25790298
7585;1.25270772
7586;1.25270772
7587;1.26095247
7588;1.31339586
7589;1.59180915
7590;3.5889833
7591;4.70764875
7592;4.62529421
7593;4.03210783
7594;3.20024538
7595;2.71674275
7596;2.37647295
7597;2.19163203
7598;1.99180543
7599;1.94352961
7600;2.1324594
7601;2.57671309
7602;3.72971249
7603;4.23058748
7604;4.10280418
7605;4.02147961
7606;2.80591011
7607;1.37928975
7608;0.979534566
7609;0.949868739
7610;0.952872038
7611;0.945494592
7612;1.01257241
7613;1.1953398
7614;2.59259391
7615;3.74791718
7616;3.8328588
7617;3.55894804
7618;2.81718493
7619;2.35100913
7620;2.04309845
7621;2.00973248
7622;1.96988034
7623;1.9993099
7624;2.18102455
7625;2.5088048
7626;3.26935959
7627;3.38578272
7628;3.24436903
7629;3.11688018
7630;2.30643797
7631;1.15377617
7632;1.0152818
7633;0.969840109
7634;0.956755757
7635;0.950213552
7636;0.995655298
7637;1.1319803
7638;2.42910075
7639;3.49972034
7640;3.51226711
7641;3.32931328
7642;2.73619533
7643;2.28709316
7644;1.96683979
7645;1.93602324
7646;1.90582526
7647;1.92672455
7648;2.07172322
7649;2.29977083
7650;2.86451077
7651;2.85628724
7652;2.62232208
7653;2.47743058
7654;1.84436536
7655;0.980387866
7656;1.09477592
7657;1.09465683
7658;1.13856018
7659;1.1877867
7660;1.23416638
7661;1.50951326
7662;3.42478991
7663;4.55016136
7664;4.53498554
7665;4.38728046
7666;3.8339839
7667;3.37299466
7668;2.9975338
7669;2.75455141
7670;2.49988937
7671;2.40528178
7672;2.54446697
7673;3.02382135
7674;4.35315084
7675;4.5544157
7676;4.5714283
7677;4.604496
7678;3.23655176
7679;1.56962609
7680;1.51079822
7681;1.44191778
7682;1.44191778
7683;1.44191778
7684;1.53286934
7685;1.81428552
7686;4.18404913
7687;4.71229696
7688;4.73538446
7689;4.60111332
7690;4.36057854
7691;3.74175596
7692;3.3252995
7693;3.30009866
7694;3.23226333
7695;3.30251861
7696;3.51535654
7697;3.93678236
7698;4.71662235
7699;4.71692324
7700;4.82775116
7701;4.76160002
7702;3.51480293
7703;1.83933079
7704;1.62460876
7705;1.57440603
7706;1.57506204
7707;1.57506204
7708;1.6672163
7709;1.9493072
7710;4.4592433
7711;4.69750023
7712;4.7704916
7713;4.72307682
7714;4.4389205
7715;3.57385182
7716;3.13113379
7717;3.08512998
7718;3.01864147
7719;3.07343602
7720;3.46735859
7721;3.94675684
7722;4.63378143
7723;4.7653842
7724;4.76538467
7725;4.62504244
7726;3.35996842
7727;1.72881675
7728;1.55404472
7729;1.52817678
7730;1.51547885
7731;1.50731051
7732;1.52125883
7733;1.80283427
7734;3.95262647
7735;4.28424644
7736;4.07836819
7737;4.04682493
7738;4.1833334
7739;4.23656368
7740;3.9285121
7741;3.64543104
7742;3.28644347
7743;3.16900563
7744;3.37032056
7745;4.00894976
7746;4.72615385
7747;4.74269009
7748;4.80047512
7749;4.78997231
7750;4.14892769
7751;1.93682826
7752;2.17731977
7753;2.19543171
7754;2.19543171
7755;2.19543171
7756;2.21704412
7757;2.66302919
7758;4.82833338
7759;4.82333326
7760;4.76278114
7761;4.68442154
7762;4.71360016
7763;4.76079988
7764;4.81680012
7765;4.8288002
7766;4.69144344
7767;4.45372915
7768;4.62661648
7769;4.70221329
7770;4.69329596
7771;4.81742764
7772;4.80249977
7773;4.70166683
7774;4.6916666
7775;2.61896086
7776;2.71674156
7777;2.66503263
7778;2.65497136
7779;2.62919831
7780;2.74458694
7781;3.1328547
7782;4.58995819
7783;4.58995819
7784;4.59833336
7785;4.66666651
7786;4.7791667
7787;4.72017813
7788;4.74639988
7789;4.80240011
7790;4.81120014
7791;4.77680016
7792;4.75510216
7793;4.72583342
7794;4.60916662
7795;4.63793087
7796;4.63999987
7797;4.62173891
7798;4.60869551
7799;3.02039504
7800;2.72359133
7801;2.59718466
7802;2.58239365
7803;2.5749979
7804;2.70140481
7805;3.08062339
7806;4.63217402
7807;4.62880421
7808;4.63333321
7809;4.82583332
7810;4.78319979
7811;4.72815514
7812;4.73538446
7813;4.73076916
7814;4.69999981
7815;4.83233547
7816;4.75040007
7817;4.73073816
7818;4.82083321
7819;4.7874999
7820;4.76999998
7821;4.75583315
7822;4.7458334
7823;2.85173273
7824;2.4756546
7825;2.47002649
7826;2.47002649
7827;2.47002649
7828;2.49253917
7829;2.96944928
7830;4.78083324
7831;4.75510216
7832;4.6960001
7833;4.76319981
7834;4.82320023
7835;4.7914691
7836;4.77506876
7837;4.7661829
7838;4.75586843
7839;4.73981953
7840;4.83999968
7841;4.80719995
7842;4.78800011
7843;4.79920006
7844;4.77120018
7845;4.7104001
7846;4.69033289
7847;2.77926779
7848;2.57068467
7849;2.56505656
7850;2.56505656
7851;2.56505656
7852;2.58756924
7853;3.081249
7854;4.63583326
7855;4.71583319
7856;4.80333328
7857;4.70668793
7858;4.72879982
7859;4.78480005
7860;4.83386564
7861;4.74853563
7862;4.72381687
7863;4.79897118
7864;4.78399992
7865;4.71120024
7866;4.76586151
7867;4.78416681
7868;4.73333311
7869;4.6833334
7870;4.63749981
7871;2.91347098
7872;2.34027958
7873;2.2598114
7874;2.28318882
7875;2.28614521
7876;2.40189195
7877;2.79868102
7878;4.63793087
7879;4.61495972
7880;4.64499998
7881;4.69329596
7882;4.76470566
7883;4.6599021
7884;4.42477894
7885;4.29725075
7886;4.31331968
7887;4.48544741
7888;4.72307682
7889;4.75040007
7890;4.80952358
7891;4.73000002
7892;4.67583323
7893;4.63333321
7894;4.59250021
7895;2.64759254
7896;2.43792486
7897;2.33318591
7898;2.33318591
7899;2.34119678
7900;2.47630906
7901;2.87908864
7902;4.64146852
7903;4.64695644
7904;4.59749985
7905;4.75970554
7906;4.82560015
7907;4.7569232
7908;4.56880045
7909;4.48044491
7910;4.50054121
7911;4.6441946
7912;4.74561071
7913;4.70800018
7914;4.80000019
7915;4.68583345
7916;4.65250015
7917;4.62666655
7918;4.5999999
7919;2.7071383
7920;2.49172473
7921;2.39685035
7922;2.40717721
7923;2.37343168
7924;2.51430845
7925;2.89987516
7926;4.64146852
7927;4.59462881
7928;4.64833355
7929;4.78134012
7930;4.8144002
7931;4.72076941
7932;4.67043304
7933;4.5766964
7934;4.6148119
7935;4.73692322
7936;4.79839993
7937;4.70370388
7938;4.80999994
7939;4.69833326
7940;4.65250015
7941;4.61083317
7942;4.58730173
7943;2.79500461
7944;2.69933081
7945;2.59746909
7946;2.60992503
7947;2.60318208
7948;2.73718572
7949;3.13245368
7950;4.5869565
7951;4.59217405
7952;4.61564636
7953;4.67166662
7954;4.80916691
7955;4.71280003
7956;4.80719995
7957;4.81861591
7958;4.82959986
7959;4.73040009
7960;4.80165291
7961;4.77750015
7962;4.73416662
7963;4.63250017
7964;4.61000013
7965;4.59000015
7966;4.58796501
7967;2.80325246
7968;2.9341073
7969;2.92701983
7970;2.91284513
7971;2.90575767
7972;2.91284513
7973;3.4139719
7974;4.58416653
7975;4.59916687
7976;4.61083317
7977;4.63500023
7978;4.67749977
7979;4.71500015
7980;4.76249981
7981;4.81416655
7982;4.81083345
7983;4.75166655
7984;4.6583333
7985;4.59865379
7986;4.61739111
7987;4.64431
7988;4.64146852
7989;4.64005184
7990;4.61652184
7991;3.36170554
7992;2.86178827
7993;2.72897816
7994;2.65847063
7995;2.65509701
7996;2.83624697
7997;3.26279998
7998;4.62323809
7999;4.53913021
8000;4.59652185
8001;4.60583353
8002;4.71000004
8003;4.80333328
8004;4.77668333
8005;4.69774914
8006;4.72168303
8007;4.81083345
8008;4.53652191
8009;4.59304333
8010;4.64869547
8011;4.61016941
8012;4.60333347
8013;4.65666676
8014;4.71000004
8015;3.06681108
8016;1.98019075
8017;1.85501027
8018;1.81345809
8019;1.81345809
8020;1.91788864
8021;2.23681593
8022;4.74414968
8023;4.71384621
8024;4.82159996
8025;4.73250389
8026;4.7684617
8027;4.62513971
8028;4.49583435
8029;4.51831722
8030;4.44133568
8031;4.47427368
8032;4.6730113
8033;4.69307709
8034;4.72526217
8035;4.72237301
8036;4.70942831
8037;4.71229696
8038;4.10200644
8039;2.10167313
8040;1.50894606
8041;1.50178659
8042;1.50178659
8043;1.49089158
8044;1.49924183
8045;1.76925004
8046;3.97955322
8047;4.61652994
8048;4.56486607
8049;4.52983999
8050;4.48278904
8051;3.92188931
8052;3.48899364
8053;3.2327764
8054;2.88014603
8055;2.71962881
8056;2.82976341
8057;3.34269214
8058;4.27648687
8059;4.16622448
8060;4.24576283
8061;4.28424644
8062;3.33455038
8063;1.57368052
8064;1.08917475
8065;1.08808684
8066;1.08734667
8067;1.10006857
8068;1.11562109
8069;1.34903181
8070;3.04382801
8071;3.9539957
8072;3.9505825
8073;3.66163135
8074;3.18959904
8075;2.81905437
8076;2.54045057
8077;2.36714005
8078;2.14942193
8079;2.05200338
8080;2.1563549
8081;2.59932423
8082;3.79391837
8083;4.03999996
8084;3.90569997
8085;3.95934081
8086;2.79946637
8087;1.36437559
8088;1.59062934
8089;1.61067235
8090;1.62113488
8091;1.6264174
8092;1.66429448
8093;1.99448717
8094;4.56748199
8095;4.59770107
8096;4.63724756
8097;4.67043304
8098;4.66340733
8099;4.59259272
8100;4.21189356
8101;3.9415226
8102;3.62250566
8103;3.49761724
8104;3.64350438
8105;4.38988972
8106;4.80240011
8107;4.8140645
8108;4.83199978
8109;4.80639982
8110;4.53678656
8111;2.18827009
8112;2.01036334
8113;1.87107897
8114;1.86151183
8115;1.85347211
8116;1.93071604
8117;2.21158218
8118;4.70720005
8119;4.6855998
8120;4.68885326
8121;4.78800011
8122;4.75293207
8123;4.72230768
8124;4.68986416
8125;4.60453033
8126;4.59940624
8127;4.6863904
8128;4.74076891
8129;4.70076942
8130;4.72960377
8131;4.79897118
8132;4.83080626
8133;4.82165623
8134;4.24129772
8135;2.04713893
8136;1.60767221
8137;1.58724558
8138;1.5735991
8139;1.56677592
8140;1.5735991
8141;1.83508539
8142;3.94432163
8143;4.75923061
8144;4.67748022
8145;4.5886054
8146;4.49423599
8147;4.38573217
8148;3.71382403
8149;3.3906579
8150;3.12266421
8151;2.96442127
8152;3.12392092
8153;3.68764019
8154;4.4122839
8155;4.35236788
8156;4.34027767
8157;4.3192811
8158;3.48621726
8159;1.59083986
8160;1.24049389
8161;1.23568892
8162;1.24076712
8163;1.23991799
8164;1.25662291
8165;1.50593758
8166;3.42187619
8167;4.25084877
8168;4.28684044
8169;4.25339651
8170;3.84723449
8171;3.37679529
8172;2.95311666
8173;2.73621631
8174;2.53099394
8175;2.4760778
8176;2.65852046
8177;3.17463636
8178;4.34933901
8179;4.45156717
8180;4.50306988
8181;4.55571842
8182;3.49408221
8183;1.66599929
8184;1.87632728
8185;1.88484979
8186;1.89835584
8187;1.90442097
8188;1.93000865
8189;2.30889773
8190;4.81999969
8191;4.81040001
8192;4.80880022
8193;4.82317781
8194;4.78250599
8195;4.7470727
8196;4.72877121
8197;4.41981077
8198;3.97983789
8199;3.76141667
8200;3.91234994
8201;4.59309959
8202;4.70370388
8203;4.69461536
8204;4.70384598
8205;4.71769238
8206;4.60860872
8207;2.11062741
8208;1.91656196
8209;1.91775966
8210;1.90405107
8211;1.91630733
8212;1.96819985
8213;2.35235572
8214;4.69657278
8215;4.70370388
8216;4.71660852
8217;4.69615364
8218;4.72538471
8219;4.71769238
8220;4.72769213
8221;4.60255051
8222;4.17806101
8223;4.0050211
8224;4.21707582
8225;4.77803993
8226;4.76766109
8227;4.82470131
8228;4.82719994
8229;4.8119998
8230;4.80000019
8231;2.34164405
8232;2.336519
8233;2.33088374
8234;2.33088374
8235;2.33088374
8236;2.35342455
8237;2.80703378
8238;4.70370388
8239;4.72469616
8240;4.75510216
8241;4.69329596
8242;4.70959997
8243;4.7512002
8244;4.796
8245;4.80240011
8246;4.77519989
8247;4.70639992
8248;4.69774914
8249;4.73073816
8250;4.77513361
8251;4.82583332
8252;4.79416656
8253;4.75833321
8254;4.76999998
8255;2.77726007
8256;2.84156227
8257;2.83569217
8258;2.83569217
8259;2.83569217
8260;2.85917234
8261;3.40362668
8262;4.69500017
8263;4.68833351
8264;4.69000006
8265;4.75666666
8266;4.82083321
8267;4.76894712
8268;4.71267128
8269;4.69477892
8270;4.80479717
8271;4.81916666
8272;4.75500011
8273;4.71333313
8274;4.68083334
8275;4.64249992
8276;4.60333347
8277;4.59932661
8278;4.62671232
8279;3.2799964
8280;2.98361969
8281;2.95698929
8282;2.95024967
8283;2.94351006
8284;2.95698929
8285;3.47739816
8286;4.66166687
8287;4.63020182
8288;4.59932661
8289;4.66583347
8290;4.7458334
8291;4.79500008
8292;4.83166647
8293;4.79694605
8294;4.83249998
8295;4.80749989
8296;4.73500013
8297;4.68499994
8298;4.63500023
8299;4.64916658
8300;4.61583328
8301;4.61999989
8302;4.65333319
8303;3.18662214
8304;3.09247565
8305;3.08508396
8306;3.0703001
8307;3.06290841
8308;3.0703001
8309;3.61346245
8310;4.58862877
8311;4.59462881
8312;4.60812521
8313;4.58399343
8314;4.6291666
8315;4.67583323
8316;4.70083332
8317;4.72249985
8318;4.70333338
8319;4.69500017
8320;4.66916656
8321;4.65666676
8322;4.64416647
8323;4.58465385
8324;4.59529829
8325;4.61495972
8326;4.60676527
8327;3.44200134
8328;3.28414941
8329;3.30211115
8330;3.29927182
8331;3.2823379
8332;3.31779313
8333;3.95456266
8334;4.64787531
8335;4.62671232
8336;4.61770964
8337;4.60337543
8338;4.58531475
8339;4.60666656
8340;4.61250019
8341;4.60833311
8342;4.60166645
8343;4.59416676
8344;4.58399343
8345;4.59062386
8346;4.58796501
8347;4.60608625
8348;4.60948753
8349;4.62880421
8350;4.64347839
8351;3.74824452
8352;3.4226079
8353;3.41648269
8354;3.41499805
8355;3.41648269
8356;3.44098353
8357;4.08984566
8358;4.57043457
8359;4.58347845
8360;4.61913061
8361;4.61564636
8362;4.60416651
8363;4.65749979
8364;4.69500017
8365;4.70749998
8366;4.70249987
8367;4.64083338
8368;4.60269928
8369;4.65073872
8370;4.61913061
8371;4.54173899
8372;4.52608681
8373;4.51565218
8374;4.51217413
8375;3.83285975
8376;3.04990864
8377;3.04378343
8378;3.04378343
8379;3.04378343
8380;3.049721
8381;3.63871956
8382;4.64075994
8383;4.64956522
8384;4.59462881
8385;4.66166687
8386;4.76333332
8387;4.75817013
8388;4.69759989
8389;4.6880002
8390;4.6880002
8391;4.74745417
8392;4.8126812
8393;4.82999992
8394;4.81583309
8395;4.7874999
8396;4.76833344
8397;4.72749996
8398;4.64499998
8399;3.29497743
8400;2.77027035
8401;2.81074977
8402;2.83641315
8403;2.83271837
8404;2.86091399
8405;3.40741038
8406;4.58608675
8407;4.63793087
8408;4.62046909
8409;4.64916658
8410;4.81583309
8411;4.72319984
8412;4.796
8413;4.81360006
8414;4.78800011
8415;4.75600004
8416;4.7407999
8417;4.72480011
8418;4.71920013
8419;4.72620487
8420;4.75817013
8421;4.68885326
8422;4.68480015
8423;2.98867083
8424;2.61906075
8425;2.49954629
8426;2.49954629
8427;2.49954629
8428;2.63885307
8429;3.13982964
8430;4.64930534
8431;4.64716101
8432;4.64787531
8433;4.61166668
8434;4.73000002
8435;4.80637169
8436;4.71759987
8437;4.79120016
8438;4.79279995
8439;4.71120024
8440;4.8166666
8441;4.71999979
8442;4.66499996
8443;4.65583324
8444;4.62666655
8445;4.60083342
8446;4.59730959
8447;3.03696728
8448;2.72520161
8449;2.70055676
8450;2.63328266
8451;2.59143281
8452;2.60491204
8453;3.06318974
8454;4.81083345
8455;4.68294621
8456;4.71120024
8457;4.77040005
8458;4.82320023
8459;4.79746819
8460;4.74853563
8461;4.76028204
8462;4.77210236
8463;4.83080626
8464;4.80000019
8465;4.77600002
8466;4.76240015
8467;4.74319983
8468;4.73680019
8469;4.72800016
8470;4.70720005
8471;2.70128107
8472;2.25456572
8473;2.26376867
8474;2.23775268
8475;2.22618103
8476;2.23327732
8477;2.6156671
8478;4.73280001
8479;4.7656002
8480;4.76000023
8481;4.81680012
8482;4.77210236
8483;4.70461559
8484;4.72307682
8485;4.71660852
8486;4.81709719
8487;4.6198678
8488;4.79199982
8489;4.76160002
8490;4.74319983
8491;4.7736001
8492;4.75199986
8493;4.75680017
8494;4.75279999
8495;2.50266385
8496;1.82626724
8497;1.8206321
8498;1.8206321
8499;1.8206321
8500;1.82781923
8501;2.15585947
8502;4.71923113
8503;4.74615383
8504;4.74384594
8505;4.76153851
8506;4.76007652
8507;4.71482897
8508;4.32482815
8509;3.91045475
8510;3.47420311
8511;3.28560734
8512;3.39304781
8513;3.97064829
8514;4.35691881
8515;4.28424644
8516;4.29986238
8517;4.34027767
8518;3.96850848
8519;1.85118711
8520;1.39055574
8521;1.38759029
8522;1.40816164
8523;1.40271521
8524;1.41358292
8525;1.69176459
8526;3.87511921
8527;4.35085297
8528;4.45950794
8529;4.46924162
8530;4.44681644
8531;3.99210024
8532;3.57921195
8533;3.34238482
8534;3.03264308
8535;2.93037796
8536;3.12458849
8537;3.71011996
8538;4.62859297
8539;4.5886054
8540;4.60111332
8541;4.61137962
8542;3.80071783
8543;1.79719186
8544;1.62027025
8545;1.62854266
8546;1.63230085
8547;1.63230085
8548;1.65397465
8549;1.98267877
8550;4.49189138
8551;4.7569232
8552;4.76461554
8553;4.72741127
8554;4.63032103
8555;4.42220688
8556;3.92764449
8557;3.6791513
8558;3.41288638
8559;3.25724483
8560;3.3398838
8561;3.85427713
8562;4.47172499
8563;4.36300182
8564;4.35388374
8565;4.35843801
8566;3.72430325
8567;1.74503887
8568;1.7998209
8569;1.78683209
8570;1.78435898
8571;1.78745139
8572;1.91097844
8573;2.45811534
8574;4.77759981
8575;4.77040005
8576;4.75360012
8577;4.76000023
8578;4.77680016
8579;4.7816
8580;4.82719994
8581;4.83693027
8582;4.40688515
8583;4.18486595
8584;4.35222673
8585;4.69119978
8586;4.68319988
8587;4.72771454
8588;4.75510216
8589;4.78134012
8590;4.81901217
8591;2.4814899
8592;2.87586689
8593;2.86999679
8594;2.86999679
8595;2.86999679
8596;2.90315413
8597;3.48023772
8598;4.63300371
8599;4.59932661
8600;4.59462881
8601;4.67500019
8602;4.72666645
8603;4.76249981
8604;4.82666683
8605;4.79694605
8606;4.79225063
8607;4.82416677
8608;4.75833321
8609;4.66416645
8610;4.63934422
8611;4.63722515
8612;4.64930534
8613;4.64716101
8614;4.64086962
8615;3.38635063
8616;3.14740777
8617;3.14037514
8618;3.1333425
8619;3.12630987
8620;3.14037514
8621;3.69147992
8622;4.57217407
8623;4.49913025
8624;4.54695654
8625;4.61153507
8626;4.76333332
8627;4.74898148
8628;4.69519997
8629;4.71600008
8630;4.70319986
8631;4.68442154
8632;4.78445101
8633;4.7249999
8634;4.61999989
8635;4.62166643
8636;4.60333347
8637;4.589293
8638;4.5999999
8639;3.33965611
8640;2.95813584
8641;2.99129081
8642;3.00187564
8643;2.99416232
8644;3.00187564
8645;3.51888156
8646;4.55478239
8647;4.53478241
8648;4.55043459
8649;4.60405254
8650;4.74833345
8651;4.68147278
8652;4.78000021
8653;4.81519985
8654;4.80480003
8655;4.71280003
8656;4.75663519
8657;4.75750017
8658;4.6208334
8659;4.58399343
8660;4.61085224
8661;4.60744524
8662;4.60337543
8663;3.24660444
8664;2.75393987
8665;2.62153172
8666;2.62709999
8667;2.62598443
8668;2.75899911
8669;3.17512655
8670;4.59062386
8671;4.64075994
8672;4.64956522
8673;4.61333323
8674;4.80916691
8675;4.69759989
8676;4.73199987
8677;4.74720001
8678;4.72319984
8679;4.74135828
8680;4.75333309
8681;4.70166683
8682;4.67749977
8683;4.62254477
8684;4.61908817
8685;4.60540771
8686;4.62086964
8687;3.16519237
8688;3.13992739
8689;3.13380218
8690;3.13380218
8691;3.13380218
8692;3.15830302
8693;3.75728011
8694;4.52695656
8695;4.57652187
8696;4.63391304
8697;4.60676527
8698;4.64166689
8699;4.76166677
8700;4.80083323
8701;4.82854748
8702;4.78445101
8703;4.80749989
8704;4.73000002
8705;4.69250011
8706;4.68666649
8707;4.68083334
8708;4.67416668
8709;4.70416689
8710;4.79250002
8711;3.37366891
8712;2.533005
8713;2.51581192
8714;2.49231863
8715;2.47723222
8716;2.49594402
8717;2.96423316
8718;4.68442154
8719;4.70370388
8720;4.70072412
8721;4.68294621
8722;4.69519997
8723;4.7263999
8724;4.72720003
8725;4.72720003
8726;4.71360016
8727;4.69999981
8728;4.69033289
8729;4.71717167
8730;4.73983765
8731;4.69329596
8732;4.68589735
8733;4.68442154
8734;4.69329596
8735;2.82516646
8736;2.3418026
8737;2.32865286
8738;2.32492685
8739;2.32492685
8740;2.34746766
8741;2.8000257
8742;4.72319984
8743;4.71999979
8744;4.72879982
8745;4.74800014
8746;4.77040005
8747;4.80319977
8748;4.81759977
8749;4.82399988
8750;4.82719994
8751;4.72470617
8752;4.82000017
8753;4.79519987
8754;4.77120018
8755;4.74720001
8756;4.72319984
8757;4.69920015
8758;4.68885326
8759;2.69872403
