Index;Wert
0;11.6330004
1;11.6029997
2;11.5459995
3;11.4860001
4;11.4259996
5;11.3660002
6;11.3039999
7;11.2440004
8;11.1520004
9;11.4280005
10;11.8739996
11;12.0860004
12;12.2220001
13;12.2939997
14;12.2379999
15;12.1230001
16;11.9980001
17;11.8880005
18;11.7980003
19;11.7840004
20;11.7939997
21;11.7559996
22;11.7399998
23;11.7299995
24;11.7200003
25;11.7019997
26;11.6879997
27;11.6689997
28;11.6400003
29;11.632
30;11.6289997
31;11.6490002
32;11.6440001
33;11.6719999
34;11.7200003
35;11.8360004
36;11.9499998
37;12.0060005
38;12.0419998
39;12.0579996
40;12.0600004
41;12.0760002
42;12.1000004
43;12.092
44;12.0819998
45;12.0799999
46;12.0860004
47;12.0679998
48;12.0500002
49;12.0419998
50;12.026
51;11.9960003
52;11.9399996
53;11.974
54;11.9359999
55;11.9099998
56;11.8900003
57;11.96
58;12.1440001
59;12.2320004
60;12.2700005
61;12.2840004
62;12.2880001
63;12.2040005
64;12.1079998
65;11.9939995
66;11.9099998
67;11.79
68;11.71
69;11.6920004
70;11.6820002
71;11.658
72;11.6040001
73;11.5679998
74;11.5559998
75;11.566
76;11.618
77;11.6750002
78;11.6949997
79;11.7460003
80;11.7779999
81;11.908
82;12.0340004
83;12.1260004
84;12.1280003
85;12.1029997
86;12.1020002
87;12
88;11.9040003
89;11.8299999
90;11.7419996
91;11.7320004
92;11.6969995
93;11.6800003
94;11.6440001
95;11.5760002
96;11.4899998
97;11.3839998
98;11.2980003
99;11.2559996
100;11.2460003
101;11.3559999
102;11.4919996
103;11.6210003
104;11.6090002
105;11.7259998
106;11.9779997
107;12.1090002
108;12.0880003
109;12.0819998
110;12.0939999
111;12.0559998
112;11.8660002
113;11.6879997
114;11.658
115;11.7360001
116;11.6940002
117;11.6709995
118;11.6569996
119;11.6429996
120;11.618
121;11.5780001
122;11.5200005
123;11.4659996
124;11.4239998
125;11.4399996
126;11.4860001
127;11.4180002
128;11.4379997
129;11.632
130;11.9399996
131;12.0740004
132;11.9980001
133;11.9399996
134;11.8219995
135;11.6990004
136;11.632
137;11.5959997
138;11.5340004
139;11.46
140;11.2639999
141;11.2340002
142;11.2259998
143;11.3459997
144;11.3059998
145;11.3500004
146;11.3000002
147;11.2639999
148;11.342
149;11.368
150;11.3179998
151;11.2779999
152;11.2720003
153;11.5900002
154;11.9119997
155;12.1160002
156;12.1660004
157;12.1549997
158;11.9399996
159;11.691
160;11.6529999
161;11.8540001
162;12.151
163;12.1850004
164;12.1669998
165;12.1300001
166;12.0640001
167;11.9879999
168;11.9040003
169;11.9300003
170;11.9659996
171;11.9399996
172;11.868
173;11.8540001
174;11.7799997
175;11.7279997
176;11.6549997
177;11.7419996
178;12.066
179;12.191
180;12.3260002
181;12.3780003
182;12.3640003
183;12.1960001
184;12.0699997
185;11.9779997
186;11.9420004
187;12
188;11.948
189;11.8800001
190;11.8199997
191;11.6859999
192;11.6999998
193;11.724
194;11.7480001
195;11.7220001
196;11.6789999
197;11.6350002
198;11.6119995
199;11.6470003
200;11.6260004
201;11.7679996
202;12.1000004
203;12.198
204;12.3999996
205;12.3999996
206;12.3999996
207;12.3999996
208;12.224
209;12.1330004
210;12.0419998
211;11.8439999
212;11.7159996
213;11.6529999
214;11.6090002
215;11.5760002
216;11.6059999
217;11.6059999
218;11.6569996
219;11.7700005
220;11.9540005
221;12.1000004
222;12.1400003
223;12.0340004
224;12.1269999
225;12.1759996
226;12.2580004
227;12.3780003
228;12.3999996
229;12.3999996
230;12.3439999
231;12.21
232;12.1210003
233;12.0220003
234;11.8979998
235;11.948
236;11.9200001
237;11.9619999
238;12.0039997
239;12.0120001
240;11.9799995
241;12
242;11.9820004
243;11.9139996
244;11.8299999
245;11.7860003
246;11.7559996
247;11.6700001
248;11.6049995
249;11.6099997
250;11.6289997
251;11.6929998
252;11.9359999
253;12.1669998
254;12.3280001
255;12.2919998
256;12.1709995
257;12.1169996
258;12.0740004
259;12.0860004
260;12.0080004
261;11.9860001
262;11.948
263;11.8999996
264;11.8959999
265;11.7480001
266;11.7299995
267;11.7419996
268;11.7119999
269;11.6800003
270;11.691
271;11.724
272;11.7200003
273;11.7460003
274;11.7980003
275;11.8500004
276;11.8380003
277;11.9659996
278;12.0179996
279;11.9200001
280;11.8240004
281;11.8000002
282;11.7259998
283;11.7399998
284;11.691
285;11.6750002
286;11.6520004
287;11.6070004
288;11.6129999
289;11.6140003
290;11.6160002
291;11.6110001
292;11.6040001
293;11.5900002
294;11.4960003
295;11.5299997
296;11.4919996
297;11.5579996
298;11.6020002
299;11.6370001
300;11.7620001
301;11.7159996
302;11.7019997
303;11.6569996
304;11.6269999
305;11.5780001
306;11.4960003
307;11.4919996
308;11.3900003
309;11.3039999
310;11.2040005
311;11.0860004
312;11.0019999
313;10.934
314;10.8529997
315;10.7299995
316;10.6000004
317;10.5179996
318;10.4139996
319;10.7299995
320;10.6660004
321;11.0240002
322;11.4560003
323;11.6940002
324;11.8780003
325;11.9759998
326;11.9499998
327;11.802
328;11.6549997
329;11.5340004
330;11.4860001
331;11.4259996
332;11.3879995
333;11.3260002
334;11.2939997
335;11.29
336;11.3039999
337;11.3800001
338;11.3760004
339;11.3360004
340;11.2139997
341;11.1400003
342;11.1000004
343;11.1099997
344;11.0839996
345;11.0900002
346;11.1459999
347;11.1759996
348;11.1400003
349;11.1160002
350;11.0900002
351;11.0900002
352;11.0719995
353;11.052
354;11.0340004
355;11.0360003
356;11.0039997
357;10.9639997
358;10.9130001
359;10.8710003
360;10.8500004
361;10.8199997
362;10.8619995
363;10.8470001
364;10.823
365;10.8050003
366;10.7209997
367;10.7419996
368;10.8109999
369;10.9280005
370;11.0279999
371;11.1239996
372;11.2159996
373;11.2040005
374;11.184
375;11.0780001
376;11
377;10.9460001
378;10.8889999
379;10.9759998
380;10.9370003
381;10.8470001
382;10.6960001
383;10.6400003
384;10.6000004
385;10.4940004
386;10.4160004
387;10.3940001
388;10.3579998
389;10.3360004
390;10.3459997
391;10.4200001
392;10.5139999
393;10.5880003
394;10.6540003
395;10.6920004
396;10.7659998
397;10.7989998
398;10.7089996
399;10.6059999
400;10.4139996
401;10.2779999
402;10.0360003
403;9.93799973
404;10.3079996
405;10.2819996
406;10.2399998
407;10.1499996
408;10.0380001
409;9.75800037
410;9.63300037
411;9.60000038
412;9.61100006
413;9.60000038
414;9.60000038
415;9.60000038
416;9.60000038
417;9.61400032
418;9.81599998
419;10.0200005
420;10.1879997
421;10.2919998
422;10.3140001
423;10.158
424;9.75199986
425;9.69999981
426;9.6619997
427;9.51200008
428;9.48200035
429;9.34300041
430;9.1239996
431;8.98200035
432;8.93200016
433;8.93599987
434;8.91399956
435;8.92000008
436;8.90200043
437;9.02200031
438;9.09200001
439;9.42800045
440;9.60000038
441;9.69999981
442;9.90999985
443;10.3459997
444;10.5620003
445;10.724
446;10.8619995
447;10.9639997
448;10.9040003
449;10.7840004
450;10.6359997
451;10.2919998
452;10.2060003
453;10.1380005
454;10.0900002
455;10.0380001
456;9.97999954
457;9.93400002
458;9.88599968
459;9.81799984
460;9.69999981
461;9.72399998
462;9.69400024
463;9.59200001
464;9.5
465;9.60000038
466;9.69999981
467;10.1599998
468;10.5279999
469;10.7209997
470;10.6920004
471;10.5179996
472;10.1999998
473;9.98999977
474;9.75
475;9.74800014
476;9.81200027
477;9.80799961
478;9.75199986
479;9.69999981
480;9.72399998
481;9.88000011
482;9.9119997
483;9.99399948
484;9.97999954
485;10.052
486;10.0740004
487;10.0720005
488;10.158
489;10.4040003
490;10.6940002
491;10.8889999
492;11.0019999
493;11.0679998
494;11.0299997
495;10.9639997
496;10.7329998
497;10.6000004
498;10.5539999
499;10.552
500;10.3599997
501;10.0159998
502;9.73200035
503;9.69999981
504;9.69999981
505;9.69999981
506;9.66499996
507;9.60000038
508;9.55200005
509;9.28600025
510;8.98999977
511;9.60000038
512;9.60000038
513;9.66699982
514;10.092
515;10.698
516;11.1059999
517;11.3059998
518;11.3800001
519;11.2580004
520;10.9040003
521;10.5860004
522;10.4720001
523;10.2399998
524;10.2439995
525;10.3959999
526;10.632
527;11.0159998
528;11.2799997
529;11.4960003
530;11.6239996
531;11.7259998
532;11.8260002
533;11.8100004
534;11.7659998
535;11.6739998
536;11.6739998
537;11.6850004
538;11.7119999
539;11.7379999
540;11.8039999
541;11.7939997
542;11.7700005
543;11.8459997
544;11.7419996
545;11.6709995
546;11.6339998
547;11.6409998
548;11.5179996
549;11.3699999
550;11.2919998
551;11.1499996
552;10.9519997
553;10.7270002
554;10.6059999
555;10.4219999
556;10.2919998
557;10.2659998
558;10.25
559;10.6280003
560;10.7779999
561;11.0080004
562;11.448
563;11.8900003
564;12.1000004
565;12.1680002
566;12.1619997
567;12.0819998
568;12.0299997
569;12.0039997
570;12.026
571;12.0419998
572;12.0679998
573;12.0679998
574;12.052
575;12.0439997
576;11.9519997
577;11.8719997
578;11.7399998
579;11.6380005
580;11.5480003
581;11.3380003
582;11.2440004
583;11.4659996
584;11.5279999
585;11.9180002
586;12.3739996
587;12.5
588;12.559
589;12.6389999
590;12.6680002
591;12.4700003
592;12.342
593;12.1359997
594;11.9939995
595;11.8660002
596;11.79
597;11.7419996
598;11.6689997
599;11.658
600;11.6389999
601;11.6199999
602;11.6289997
603;11.6929998
604;11.7399998
605;11.8219995
606;11.8940001
607;12.0220003
608;12.092
609;12.3439999
610;12.5
611;12.6599998
612;12.6999998
613;12.7489996
614;12.7259998
615;12.6999998
616;12.5299997
617;12.4619999
618;12.3999996
619;12.3999996
620;12.3999996
621;12.3999996
622;12.3999996
623;12.3999996
624;12.3999996
625;12.3400002
626;12.3459997
627;12.3999996
628;12.3999996
629;12.3900003
630;12.3999996
631;12.3999996
632;12.4219999
633;12.5
634;12.5570002
635;12.6739998
636;12.6999998
637;12.6999998
638;12.6999998
639;12.6999998
640;12.6009998
641;12.5500002
642;12.5
643;12.5220003
644;12.5609999
645;12.5600004
646;12.5579996
647;12.5500002
648;12.5539999
649;12.5720005
650;12.5690002
651;12.5150003
652;12.5
653;12.5
654;12.5
655;12.5799999
656;12.5290003
657;12.5
658;12.5
659;12.4860001
660;12.434
661;12.401
662;12.3999996
663;12.3999996
664;12.3999996
665;12.3999996
666;12.2659998
667;12.1859999
668;12.1879997
669;12.1859999
670;12.1850004
671;12.1940002
672;12.1750002
673;12.1380005
674;12.1009998
675;12.0480003
676;11.8559999
677;11.6960001
678;11.6230001
679;11.6070004
680;11.6079998
681;11.908
682;12.1890001
683;12.3999996
684;12.4470005
685;12.4980001
686;12.5
687;12.4639997
688;12.3999996
689;12.2720003
690;12.1569996
691;12.0880003
692;11.9939995
693;11.9040003
694;11.8240004
695;11.7880001
696;11.75
697;11.7340002
698;11.7840004
699;11.8280001
700;11.816
701;11.8199997
702;11.8179998
703;11.8120003
704;11.9519997
705;12.1820002
706;12.3999996
707;12.4289999
708;12.4540005
709;12.4549999
710;12.4630003
711;12.4540005
712;12.3999996
713;12.3859997
714;12.2819996
715;12.2959995
716;12.1789999
717;12.1079998
718;11.9919996
719;11.9239998
720;11.8299999
721;11.7700005
722;11.7419996
723;11.6789999
724;11.6260004
725;11.5819998
726;11.618
727;11.6719999
728;11.7740002
729;11.9200001
730;11.9919996
731;12.1029997
732;12.0459995
733;12.0200005
734;12.0159998
735;12.0640001
736;12.4989996
737;12.4549999
738;12.4110003
739;12.3999996
740;12.3999996
741;12.3579998
742;12.2700005
743;12.191
744;12.1470003
745;12.1029997
746;12.0179996
747;11.9300003
748;11.8439999
749;11.7559996
750;11.684
751;11.6400003
752;11.592
753;11.6149998
754;11.6709995
755;11.7180004
756;11.8319998
757;11.9440002
758;11.9879999
759;11.9619999
760;11.8439999
761;11.6829996
762;11.6160002
763;11.4139996
764;11.3439999
765;11.2840004
766;11.2180004
767;11.1639996
768;11.1079998
769;11.0600004
770;10.9910002
771;10.8979998
772;10.8079996
773;10.7600002
774;10.757
775;10.802
776;11.0299997
777;11.3660002
778;11.6280003
779;11.7959995
780;11.9099998
781;11.9259996
782;11.8280001
783;11.6990004
784;11.632
785;11.4720001
786;11.3620005
787;11.2720003
788;11.1899996
789;11.1000004
790;11.026
791;11.0480003
792;11.1020002
793;11.1560001
794;11.1560001
795;11.1780005
796;11.1780005
797;11.1339998
798;11.0719995
799;11.1879997
800;11.1540003
801;11.3459997
802;11.4659996
803;11.6099997
804;11.6820002
805;11.6700001
806;11.6730003
807;11.6619997
808;11.5719995
809;11.342
810;11.1120005
811;10.9790001
812;10.9069996
813;10.9189997
814;10.8889999
815;10.8409996
816;10.7690001
817;10.7659998
818;10.8170004
819;10.8619995
820;10.8590002
821;10.8739996
822;10.724
823;10.5959997
824;10.9099998
825;11.3579998
826;11.54
827;11.6239996
828;11.658
829;11.6800003
830;11.651
831;11.54
832;11.3500004
833;11.2060003
834;11.1479998
835;10.9460001
836;10.9399996
837;10.7360001
838;10.6660004
839;10.618
840;10.6140003
841;10.6219997
842;10.526
843;10.4799995
844;10.4799995
845;10.4799995
846;10.474
847;10.9130001
848;10.967
849;11.1660004
850;11.4160004
851;11.6219997
852;11.7399998
853;11.8479996
854;11.8479996
855;11.776
856;11.6370001
857;11.4180002
858;11.2220001
859;10.9879999
860;10.8500004
861;10.7720003
862;10.7180004
863;10.6820002
864;10.6300001
865;10.5760002
866;10.5419998
867;10.5240002
868;10.5380001
869;10.5279999
870;10.5179996
871;10.5679998
872;10.9490004
873;11.2639999
874;11.5220003
875;11.6759996
876;11.9160004
877;12.0819998
878;12.1230001
879;12.0699997
880;11.79
881;11.5220003
882;11.2419996
883;10.9519997
884;10.7329998
885;10.5719995
886;10.5319996
887;10.4899998
888;10.5220003
889;10.684
890;10.6940002
891;10.6660004
892;10.6219997
893;10.6000004
894;10.5419998
895;10.4680004
896;10.5699997
897;10.9280005
898;11.1420002
899;11.3400002
900;11.5100002
901;11.5539999
902;11.5279999
903;11.4379997
904;11.2980003
905;11.1619997
906;11.0559998
907;10.901
908;10.7989998
909;10.7659998
910;10.6700001
911;10.6219997
912;10.6260004
913;10.6660004
914;10.7299995
915;10.6719999
916;10.5780001
917;10.4960003
918;10.5019999
919;10.6859999
920;10.835
921;11.0340004
922;11.1960001
923;11.3240004
924;11.4420004
925;11.5059996
926;11.5480003
927;11.5299997
928;11.4119997
929;11.2799997
930;11.2180004
931;11.0319996
932;10.7930002
933;10.6560001
934;10.6219997
935;10.5539999
936;10.5439997
937;10.5200005
938;10.5719995
939;10.4460001
940;10.4399996
941;10.5019999
942;10.4239998
943;10.7150002
944;10.8710003
945;11.3579998
946;11.6560001
947;11.8079996
948;11.9320002
949;12.0459995
950;12.0500002
951;11.9680004
952;11.7799997
953;11.6350002
954;11.408
955;11.2299995
956;11.0799999
957;11
958;10.7539997
959;10.5860004
960;10.4680004
961;10.4239998
962;10.4099998
963;10.3959999
964;10.4379997
965;10.5360003
966;10.658
967;10.8050003
968;11.1260004
969;11.3979998
970;11.6300001
971;11.6820002
972;11.724
973;11.6920004
974;11.6999998
975;11.6450005
976;11.5579996
977;11.3339996
978;11.1059999
979;11.0340004
980;11.0419998
981;11.0799999
982;11.0780001
983;11.0299997
984;10.9940004
985;10.9759998
986;10.8739996
987;10.9040003
988;10.9759998
989;11.0699997
990;11.1120005
991;11.2480001
992;11.3859997
993;11.5640001
994;11.6210003
995;11.6709995
996;11.7939997
997;11.8719997
998;11.8739996
999;11.8439999
1000;11.7620001
1001;11.6709995
1002;11.625
1003;11.5
1004;11.4619999
1005;11.4680004
1006;11.4420004
1007;11.3900003
1008;11.3540001
1009;11.2519999
1010;11.2220001
1011;11.2279997
1012;11.2119999
1013;11.1800003
1014;11.0620003
1015;10.9879999
1016;11.0579996
1017;11.2279997
1018;11.3699999
1019;11.4899998
1020;11.5459995
1021;11.5579996
1022;11.5240002
1023;11.4399996
1024;11.3059998
1025;11.1499996
1026;10.934
1027;10.6960001
1028;10.6520004
1029;10.5459995
1030;10.4619999
1031;10.4399996
1032;10.3739996
1033;10.3179998
1034;10.276
1035;10.2080002
1036;10.1700001
1037;10.1359997
1038;10.1000004
1039;10.0679998
1040;10.4499998
1041;10.9549999
1042;11.3360004
1043;11.5459995
1044;11.6450005
1045;11.6639996
1046;11.665
1047;11.6339998
1048;11.4200001
1049;11.0740004
1050;10.7360001
1051;10.6099997
1052;10.5340004
1053;10.4820004
1054;10.4180002
1055;10.302
1056;10.1420002
1057;10.0459995
1058;10.0340004
1059;10.0500002
1060;10.0500002
1061;10.0500002
1062;10.0100002
1063;9.8039999
1064;10.3120003
1065;10.802
1066;11.1940002
1067;11.4700003
1068;11.6389999
1069;11.6999998
1070;11.7480001
1071;11.698
1072;11.5620003
1073;11.1339998
1074;10.7749996
1075;10.6540003
1076;10.5220003
1077;10.4860001
1078;10.5039997
1079;10.5200005
1080;10.5139999
1081;10.5380001
1082;10.6300001
1083;10.7089996
1084;10.8409996
1085;10.9189997
1086;10.9849997
1087;11
1088;11.0740004
1089;11.2180004
1090;11.3800001
1091;11.5860004
1092;11.651
1093;11.7299995
1094;11.8240004
1095;11.9820004
1096;12.0279999
1097;12.0459995
1098;12.0699997
1099;12.0060005
1100;12.0080004
1101;11.9980001
1102;11.9799995
1103;11.9540005
1104;11.948
1105;11.9259996
1106;11.9040003
1107;11.8780003
1108;11.8280001
1109;11.7959995
1110;11.7379999
1111;11.6490002
1112;11.6789999
1113;11.8959999
1114;12.1169996
1115;12.25
1116;12.3780003
1117;12.3640003
1118;12.3400002
1119;12.25
1120;12.1090002
1121;11.7939997
1122;11.6230001
1123;11.5340004
1124;11.342
1125;11.0760002
1126;10.8260002
1127;10.8920002
1128;11.0139999
1129;11.1400003
1130;11.2259998
1131;11.2819996
1132;11.2460003
1133;11.2440004
1134;11.2419996
1135;11.25
1136;11.2679996
1137;11.3319998
1138;11.3380003
1139;11.3599997
1140;11.408
1141;11.3800001
1142;11.3920002
1143;11.3199997
1144;11.2480001
1145;11.1879997
1146;11.158
1147;11.0939999
1148;11.0780001
1149;11.0559998
1150;11.04
1151;10.9610004
1152;10.8140001
1153;10.6260004
1154;10.5080004
1155;10.6020002
1156;10.5959997
1157;10.5819998
1158;10.6899996
1159;10.0039997
1160;10.2519999
1161;10.5279999
1162;10.9639997
1163;11.21
1164;11.3879995
1165;11.4540005
1166;11.4940004
1167;11.4980001
1168;11.4540005
1169;11.3640003
1170;11.1960001
1171;11.0579996
1172;10.8050003
1173;10.6780005
1174;10.5640001
1175;10.4799995
1176;10.3999996
1177;10.4259996
1178;10.2180004
1179;10.1280003
1180;10.0539999
1181;9.72200012
1182;9.69999981
1183;9.74399948
1184;9.69999981
1185;10.302
1186;10.5539999
1187;10.7869997
1188;11.0340004
1189;11.1820002
1190;11.2559996
1191;11.2519999
1192;11.2180004
1193;11.1520004
1194;11.0380001
1195;10.632
1196;10.6639996
1197;10.7630005
1198;10.6759996
1199;10.6239996
1200;10.5500002
1201;10.5139999
1202;10.4799995
1203;10.4659996
1204;10.4940004
1205;10.4499998
1206;10.46
1207;10.4799995
1208;10.5860004
1209;10.5679998
1210;11.1239996
1211;11.2539997
1212;11.342
1213;11.4099998
1214;11.3780003
1215;11.3199997
1216;11.2379999
1217;11.0579996
1218;10.8529997
1219;10.5959997
1220;10.4180002
1221;10.3400002
1222;10.2040005
1223;10.052
1224;10.0360003
1225;10.052
1226;9.92599964
1227;9.78199959
1228;9.9279995
1229;10.0799999
1230;10.0720005
1231;10.1280003
1232;10.3559999
1233;10.7930002
1234;11.1059999
1235;11.29
1236;11.4540005
1237;11.5100002
1238;11.5159998
1239;11.4879999
1240;11.3260002
1241;11.0559998
1242;10.79
1243;10.632
1244;10.5120001
1245;10.4320002
1246;10.3699999
1247;10.3079996
1248;10.2519999
1249;10.2180004
1250;10.2200003
1251;10.2139997
1252;10.2220001
1253;10.25
1254;10.302
1255;10.3520002
1256;10.4499998
1257;10.5959997
1258;10.7659998
1259;10.9399996
1260;11.1120005
1261;11.2040005
1262;11.2600002
1263;11.2519999
1264;11.1719999
1265;10.9519997
1266;10.7659998
1267;10.7270002
1268;10.6459999
1269;10.5799999
1270;10.5019999
1271;10.4700003
1272;10.4379997
1273;10.4139996
1274;10.3959999
1275;10.3599997
1276;10.2959995
1277;10.2720003
1278;10.2360001
1279;10.2659998
1280;10.342
1281;10.5139999
1282;10.6780005
1283;10.9370003
1284;11.1400003
1285;11.2320004
1286;11.3459997
1287;11.3559999
1288;11.2880001
1289;11.1199999
1290;10.9849997
1291;10.8619995
1292;10.6780005
1293;10.6040001
1294;10.5299997
1295;10.5019999
1296;10.4540005
1297;10.408
1298;10.3479996
1299;10.3319998
1300;10.3280001
1301;10.2919998
1302;10.2519999
1303;10.1999998
1304;10.2480001
1305;10.4200001
1306;10.6800003
1307;11.0299997
1308;11.2519999
1309;11.4040003
1310;11.4680004
1311;11.4139996
1312;11.2480001
1313;10.934
1314;10.6239996
1315;10.4440002
1316;10.3079996
1317;10.1920004
1318;10.0939999
1319;9.99600029
1320;9.90600014
1321;9.81999969
1322;9.74199963
1323;9.69999981
1324;9.69999981
1325;9.69999981
1326;9.68299961
1327;9.6079998
1328;9.65600014
1329;9.69999981
1330;9.82800007
1331;10.0340004
1332;10.198
1333;10.302
1334;10.3459997
1335;10.316
1336;10.1960001
1337;9.93799973
1338;9.71199989
1339;9.69999981
1340;9.64900017
1341;9.60000038
1342;9.60000038
1343;9.60000038
1344;9.60000038
1345;9.5340004
1346;9.46000004
1347;9.3760004
1348;9.27700043
1349;9.19000053
1350;9.10299969
1351;9.05000019
1352;9.42000008
1353;9.60000038
1354;9.625
1355;9.69999981
1356;9.69999981
1357;9.82600021
1358;9.8739996
1359;9.9279995
1360;9.89799976
1361;9.75600052
1362;9.69999981
1363;9.60000038
1364;9.54599953
1365;9.39400005
1366;9.12100029
1367;8.93000031
1368;8.75599957
1369;8.71800041
1370;8.71199989
1371;8.72999954
1372;8.73999977
1373;8.73600006
1374;8.66699982
1375;8.74600029
1376;9.16899967
1377;9.58600044
1378;9.60700035
1379;9.67000008
1380;9.69999981
1381;9.69999981
1382;9.76399994
1383;9.81400013
1384;9.78199959
1385;9.69999981
1386;9.60000038
1387;9.69400024
1388;9.67199993
1389;9.61100006
1390;9
1391;8.1960001
1392;7.98799992
1393;7.92799997
1394;7.83400011
1395;7.76999998
1396;7.76599979
1397;7.80999994
1398;7.89000034
1399;8.03199959
1400;8.78600025
1401;9.56599998
1402;9.67500019
1403;9.75
1404;9.98400021
1405;10.1059999
1406;10.1719999
1407;10.1639996
1408;9.69999981
1409;9.69999981
1410;9.69999981
1411;9.69999981
1412;9.6970005
1413;9.67199993
1414;9.64700031
1415;9.62199974
1416;9.60000038
1417;9.60000038
1418;9.60000038
1419;9.60000038
1420;9.59399986
1421;9.54399967
1422;9.49400043
1423;9.44400024
1424;9.60099983
1425;9.69999981
1426;9.77999973
1427;10.0340004
1428;10.3520002
1429;10.632
1430;10.8559999
1431;10.9280005
1432;10.7749996
1433;10.5459995
1434;10.3579998
1435;10.0539999
1436;9.95400047
1437;9.88399982
1438;9.81400013
1439;9.73999977
1440;9.69999981
1441;9.69999981
1442;9.69499969
1443;9.65799999
1444;9.62199974
1445;9.60000038
1446;9.60000038
1447;9.60000038
1448;9.69999981
1449;9.91600037
1450;10.3459997
1451;10.79
1452;11.1899996
1453;11.4280005
1454;11.6129999
1455;11.6339998
1456;11.6070004
1457;11.434
1458;11.2659998
1459;10.6879997
1460;10.6459999
1461;10.6879997
1462;10.6759996
1463;10.5860004
1464;10.4860001
1465;10.3959999
1466;10.0760002
1467;9.73200035
1468;9.67099953
1469;9.60000038
1470;9.54599953
1471;9.60000038
1472;9.86800003
1473;11
1474;11.6680002
1475;11.8999996
1476;12.1709995
1477;12.3599997
1478;12.3999996
1479;12.3999996
1480;12.2379999
1481;11.96
1482;11.6619997
1483;11.5220003
1484;11.4420004
1485;11.4180002
1486;11.4239998
1487;11.4239998
1488;11.4200001
1489;11.3999996
1490;11.302
1491;11.3199997
1492;11.198
1493;11.1160002
1494;11.0799999
1495;11.1440001
1496;11.6470003
1497;12.1610003
1498;12.3999996
1499;12.5
1500;12.5930004
1501;12.6189995
1502;12.5880003
1503;12.5
1504;12.4189997
1505;12.1999998
1506;12.0459995
1507;11.8059998
1508;11.7180004
1509;11.6709995
1510;11.691
1511;11.7840004
1512;11.8179998
1513;11.677
1514;11.6070004
1515;11.4759998
1516;11.3760004
1517;11.1960001
1518;11.0340004
1519;11.0719995
1520;11.6140003
1521;12.1269999
1522;12.3999996
1523;12.4989996
1524;12.5
1525;12.5410004
1526;12.5670004
1527;12.5380001
1528;12.5
1529;12.3999996
1530;12.1160002
1531;11.9020004
1532;11.71
1533;11.6110001
1534;11.3579998
1535;11.0900002
1536;10.8739996
1537;10.6800003
1538;10.618
1539;10.4860001
1540;10.4119997
1541;10.3400002
1542;10.3199997
1543;10.5740004
1544;11.2440004
1545;11.7180004
1546;12.1339998
1547;12.3859997
1548;12.3999996
1549;12.4359999
1550;12.4639997
1551;12.4510002
1552;12.3999996
1553;12.2799997
1554;11.9820004
1555;11.6110001
1556;11.4659996
1557;11.4280005
1558;11.4879999
1559;11.6149998
1560;11.6610003
1561;11.658
1562;11.6169996
1563;11.46
1564;11.3079996
1565;11.2379999
1566;11.2360001
1567;11.5319996
1568;11.9379997
1569;12.2299995
1570;12.3800001
1571;12.3999996
1572;12.3999996
1573;12.3999996
1574;12.3999996
1575;12.3999996
1576;12.3999996
1577;12.1440001
1578;11.7740002
1579;11.6389999
1580;11.5900002
1581;11.5799999
1582;11.5600004
1583;11.5860004
1584;11.5860004
1585;11.5459995
1586;11.5799999
1587;11.6000004
1588;11.6090002
1589;11.5419998
1590;11.5159998
1591;11.4980001
1592;11.7840004
1593;12.1409998
1594;12.3999996
1595;12.4250002
1596;12.5
1597;12.5
1598;12.5
1599;12.5
1600;12.5
1601;12.3999996
1602;12.151
1603;12.1140003
1604;12.1020002
1605;12.0060005
1606;11.9300003
1607;11.8199997
1608;11.6730003
1609;11.5559998
1610;11.342
1611;11.3380003
1612;11.3780003
1613;11.4619999
1614;11.6199999
1615;11.8559999
1616;12.1230001
1617;12.3140001
1618;12.4020004
1619;12.5
1620;12.5579996
1621;12.6049995
1622;12.6310005
1623;12.6119995
1624;12.5740004
1625;12.5
1626;12.3999996
1627;12.3999996
1628;12.2880001
1629;12.177
1630;12.1700001
1631;12.1879997
1632;12.2200003
1633;12.2080002
1634;12.1920004
1635;12.1940002
1636;12.1429996
1637;12.1140003
1638;12.1199999
1639;12.3999996
1640;12.3999996
1641;12.4309998
1642;12.4899998
1643;12.4799995
1644;12.5
1645;12.5
1646;12.5
1647;12.4700003
1648;12.4219999
1649;12.3999996
1650;12.3999996
1651;12.3999996
1652;12.3999996
1653;12.3100004
1654;12.198
1655;12.052
1656;11.9060001
1657;11.8100004
1658;11.6879997
1659;11.6300001
1660;11.6009998
1661;11.5860004
1662;11.552
1663;12.0319996
1664;12.415
1665;12.6090002
1666;12.6999998
1667;12.7630005
1668;12.7589998
1669;12.75
1670;12.7519999
1671;12.7060003
1672;12.6999998
1673;12.5629997
1674;12.5
1675;12.4720001
1676;12.4399996
1677;12.4200001
1678;12.4069996
1679;12.3999996
1680;12.3999996
1681;12.3999996
1682;12.3059998
1683;12.2379999
1684;12.2480001
1685;12.2819996
1686;12.3220005
1687;12.3999996
1688;12.4650002
1689;12.4879999
1690;12.5019999
1691;12.6160002
1692;12.6999998
1693;12.6999998
1694;12.6630001
1695;12.6289997
1696;12.5769997
1697;12.5
1698;12.4869995
1699;12.4619999
1700;12.3999996
1701;12.3999996
1702;12.3880005
1703;12.3400002
1704;12.3319998
1705;12.3660002
1706;12.2779999
1707;12.2200003
1708;12.1709995
1709;12.1420002
1710;12.1020002
1711;12.1669998
1712;12.3319998
1713;12.3999996
1714;12.408
1715;12.4370003
1716;12.4390001
1717;12.3999996
1718;12.3999996
1719;12.3900003
1720;12.2819996
1721;12.1660004
1722;12.1029997
1723;12.0939999
1724;12.0500002
1725;12.0240002
1726;12.0039997
1727;11.9820004
1728;11.9680004
1729;11.9460001
1730;11.9219999
1731;11.8880005
1732;11.8339996
1733;11.7320004
1734;11.6759996
1735;11.868
1736;12.1119995
1737;12.1940002
1738;12.3699999
1739;12.3999996
1740;12.4110003
1741;12.4650002
1742;12.4799995
1743;12.493
1744;12.4510002
1745;12.3999996
1746;12.1750002
1747;12.0780001
1748;11.9239998
1749;11.7959995
1750;11.6969995
1751;11.6499996
1752;11.6090002
1753;11.5439997
1754;11.4659996
1755;11.382
1756;11.316
1757;11.2959995
1758;11.3000002
1759;11.5699997
1760;11.8719997
1761;12.1949997
1762;12.401
1763;12.5
1764;12.5640001
1765;12.6630001
1766;12.6999998
1767;12.6479998
1768;12.5469999
1769;12.5
1770;12.4569998
1771;12.3999996
1772;12.2740002
1773;12.2279997
1774;12.198
1775;12.1479998
1776;12.1140003
1777;12.0080004
1778;11.8839998
1779;11.7980003
1780;11.7299995
1781;11.6689997
1782;11.658
1783;11.9580002
1784;12.3140001
1785;12.3999996
1786;12.4630003
1787;12.5
1788;12.5
1789;12.5279999
1790;12.5690002
1791;12.5690002
1792;12.5089998
1793;12.5
1794;12.3999996
1795;12.2139997
1796;12.3999996
1797;12.302
1798;11.9219999
1799;11.9860001
1800;12.052
1801;12.0039997
1802;11.4580002
1803;11.3979998
1804;11.5780001
1805;11.6540003
1806;11.6569996
1807;11.6380005
1808;11.6680002
1809;11.7840004
1810;11.8120003
1811;11.8780003
1812;11.9020004
1813;11.9919996
1814;11.9379997
1815;11.8979998
1816;11.7620001
1817;11.632
1818;11.4940004
1819;11.1420002
1820;11.0159998
1821;10.8950005
1822;10.8289995
1823;10.7630005
1824;10.698
1825;10.6499996
1826;10.5880003
1827;10.5319996
1828;10.5019999
1829;10.4720001
1830;10.4820004
1831;10.5179996
1832;10.6119995
1833;10.7779999
1834;11.0279999
1835;11.1619997
1836;11.2779999
1837;11.3039999
1838;11.25
1839;11.198
1840;11.1619997
1841;11.052
1842;10.8859997
1843;10.6140003
1844;10.5419998
1845;10.526
1846;10.5
1847;10.4659996
1848;10.4799995
1849;10.4700003
1850;10.4799995
1851;10.4820004
1852;10.4560003
1853;10.4379997
1854;10.3979998
1855;10.5319996
1856;10.6440001
1857;10.9069996
1858;11.118
1859;11.2840004
1860;11.3900003
1861;11.4139996
1862;11.3999996
1863;11.3500004
1864;11.3059998
1865;11.2299995
1866;11.092
1867;10.8830004
1868;10.757
1869;10.7180004
1870;10.6800003
1871;10.5979996
1872;10.5380001
1873;10.4799995
1874;10.4119997
1875;10.382
1876;10.2959995
1877;10.224
1878;10.1859999
1879;10.3999996
1880;10.5979996
1881;10.9639997
1882;11.2480001
1883;11.4540005
1884;11.5699997
1885;11.618
1886;11.5539999
1887;11.4779997
1888;11.4200001
1889;11.2679996
1890;11.0179996
1891;10.6920004
1892;10.5699997
1893;10.6140003
1894;10.6280003
1895;10.6280003
1896;10.6380005
1897;10.6759996
1898;10.6479998
1899;10.632
1900;10.6160002
1901;10.5860004
1902;10.54
1903;10.5100002
1904;10.6660004
1905;11.0299997
1906;11.3059998
1907;11.4940004
1908;11.6479998
1909;11.7139997
1910;11.7399998
1911;11.7379999
1912;11.6730003
1913;11.4779997
1914;11.1960001
1915;11.2480001
1916;11.1499996
1917;10.8409996
1918;10.5799999
1919;10.4359999
1920;10.3640003
1921;10.316
1922;10.3319998
1923;10.3280001
1924;10.2299995
1925;10.2259998
1926;10.342
1927;10.8800001
1928;11.4239998
1929;11.6680002
1930;11.9300003
1931;11.9659996
1932;11.9420004
1933;11.8459997
1934;11.6949997
1935;11.6599998
1936;11.6149998
1937;11.4580002
1938;11.3620005
1939;11.2379999
1940;11.2220001
1941;11.2299995
1942;11.1899996
1943;11.1719999
1944;11.1940002
1945;11.2180004
1946;11.1639996
1947;11.2159996
1948;11.2659998
1949;11.2679996
1950;11.3120003
1951;11.4359999
1952;11.5640001
1953;11.6990004
1954;11.8660002
1955;12.0279999
1956;12.132
1957;12.1719999
1958;12.276
1959;12.2580004
1960;12.2019997
1961;12.1190004
1962;11.8760004
1963;11.7299995
1964;11.6409998
1965;11.5500002
1966;11.4619999
1967;11.3739996
1968;11.368
1969;11.3959999
1970;11.3319998
1971;11.2519999
1972;11.1879997
1973;11.0679998
1974;11.0419998
1975;11.4160004
1976;11.7740002
1977;12.1040001
1978;12.3079996
1979;12.3999996
1980;12.4799995
1981;12.5
1982;12.5
1983;12.5
1984;12.5
1985;12.4499998
1986;12.2620001
1987;11.8360004
1988;11.6269999
1989;11.3999996
1990;11.1660004
1991;10.901
1992;10.7060003
1993;10.6059999
1994;10.5419998
1995;10.5100002
1996;10.4899998
1997;10.4820004
1998;10.6199999
1999;11.3940001
2000;12.1000004
2001;12.3999996
2002;12.5
2003;12.5240002
2004;12.6110001
2005;12.6189995
2006;12.6140003
2007;12.5930004
2008;12.5349998
2009;12.5
2010;12.3999996
2011;12.2439995
2012;12.0819998
2013;11.8079996
2014;11.6809998
2015;11.6569996
2016;11.6289997
2017;11.5439997
2018;11.408
2019;11.3579998
2020;11.3400002
2021;11.2180004
2022;11.2460003
2023;11.6619997
2024;12.1899996
2025;12.3999996
2026;12.3999996
2027;12.4289999
2028;12.4899998
2029;12.5
2030;12.5
2031;12.4799995
2032;12.4350004
2033;12.3999996
2034;12.25
2035;12.0900002
2036;11.8739996
2037;11.6780005
2038;11.5860004
2039;11.4300003
2040;11.3559999
2041;11.2220001
2042;11.1160002
2043;11.0279999
2044;10.8409996
2045;10.6920004
2046;10.8050003
2047;11.6400003
2048;12.1700001
2049;12.3999996
2050;12.4309998
2051;12.5
2052;12.5
2053;12.5109997
2054;12.5010004
2055;12.5
2056;12.5
2057;12.4250002
2058;12.3999996
2059;12.3439999
2060;12.1850004
2061;12.125
2062;12.0819998
2063;12.1020002
2064;12.1639996
2065;12.2320004
2066;12.2299995
2067;12.2019997
2068;12.224
2069;12.2639999
2070;12.3000002
2071;12.3999996
2072;12.3999996
2073;12.4119997
2074;12.5
2075;12.5130005
2076;12.5830002
2077;12.625
2078;12.5679998
2079;12.5
2080;12.5
2081;12.5
2082;12.4939995
2083;12.5
2084;12.5
2085;12.474
2086;12.4029999
2087;12.3380003
2088;12.1350002
2089;11.9860001
2090;11.8579998
2091;11.7519999
2092;11.6890001
2093;11.6540003
2094;11.6590004
2095;11.8619995
2096;12.1059999
2097;12.2620001
2098;12.3999996
2099;12.4729996
2100;12.5
2101;12.5
2102;12.5
2103;12.5
2104;12.4989996
2105;12.4440002
2106;12.4060001
2107;12.0860004
2108;11.6809998
2109;11.5100002
2110;11.4099998
2111;11.3800001
2112;11.2580004
2113;11.1280003
2114;11.0100002
2115;10.9069996
2116;10.8109999
2117;10.7390003
2118;10.8950005
2119;11.4680004
2120;11.7679996
2121;12.2480001
2122;12.5
2123;12.6389999
2124;12.6999998
2125;12.7620001
2126;12.7980003
2127;12.8000002
2128;12.776
2129;12.6829996
2130;12.5
2131;12.3999996
2132;12.3319998
2133;12.2180004
2134;12.1680002
2135;12.1029997
2136;12.0039997
2137;11.8760004
2138;11.8400002
2139;11.7880001
2140;11.7279997
2141;11.6730003
2142;11.6929998
2143;12.0780001
2144;12.2399998
2145;12.3739996
2146;12.3999996
2147;12.4589996
2148;12.5
2149;12.5
2150;12.5139999
2151;12.5190001
2152;12.3999996
2153;12.3999996
2154;12.3859997
2155;12.316
2156;12.2460003
2157;12.1890001
2158;12.1540003
2159;12.1190004
2160;12.0679998
2161;11.9980001
2162;11.9279995
2163;11.8599997
2164;11.79
2165;11.7200003
2166;11.6750002
2167;11.6400003
2168;12.1829996
2169;12.2720003
2170;12.3559999
2171;12.1829996
2172;12.3999996
2173;12.3999996
2174;12.3999996
2175;12.3999996
2176;12.3999996
2177;12.1890001
2178;12.1160002
2179;11.9820004
2180;11.8839998
2181;11.8520002
2182;11.7679996
2183;11.7019997
2184;11.6680002
2185;11.6529999
2186;11.5900002
2187;11.4540005
2188;11.2880001
2189;11.1459999
2190;11.1440001
2191;11.8280001
2192;12.2959995
2193;12.4619999
2194;12.5439997
2195;12.6890001
2196;12.7200003
2197;12.8000002
2198;12.79
2199;12.7539997
2200;12.7709999
2201;12.7810001
2202;12.6999998
2203;12.6189995
2204;12.5439997
2205;12.5
2206;12.5
2207;12.5
2208;9.80672646
2209;10.1932058
2210;10.524209
2211;12.5
2212;12.3999996
2213;12.3619995
2214;12.3179998
2215;12.5060005
2216;12.7150002
2217;12.7779999
2218;12.6110001
2219;12.4969997
2220;12.4429998
2221;12.4200001
2222;12.3940001
2223;12.3920002
2224;12.4460001
2225;12.585
2226;12.7969999
2227;12.7550001
2228;12.6999998
2229;12.6999998
2230;12.665
2231;8.94388866
2232;5.99514389
2233;6.2314105
2234;6.43376207
2235;8.30286407
2236;12.3979998
2237;12.276
2238;12.3380003
2239;12.5
2240;12.6999998
2241;12.7849998
2242;12.6309996
2243;12.5220003
2244;12.4460001
2245;12.4110003
2246;12.7010002
2247;12.6999998
2248;12.6990004
2249;12.6569996
2250;12.6000004
2251;12.5
2252;12.5
2253;9.33468914
2254;5.01881599
2255;5.46766567
2256;12.3330956
2257;12.5
2258;12.4809999
2259;12.4399996
2260;12.4169998
2261;12.4069996
2262;12.4200001
2263;12.5
2264;12.5349998
2265;12.6110001
2266;12.691
2267;12.6719999
2268;12.5550003
2269;12.5
2270;12.5
2271;12.5
2272;12.5
2273;12.4530001
2274;12.3999996
2275;12.3780003
2276;12.2279997
2277;12.1059999
2278;10.3246126
2279;11.2479773
2280;11.7460003
2281;11.6190004
2282;11.5740004
2283;11.5159998
2284;11.3879995
2285;11.3240004
2286;11.5380001
2287;11.9639997
2288;12.2860003
2289;12.4350004
2290;12.507
2291;12.6529999
2292;12.6999998
2293;12.7560005
2294;12.8000002
2295;12.8000002
2296;12.79
2297;12.6999998
2298;12.5909996
2299;12.5
2300;12.474
2301;12.3999996
2302;12.3999996
2303;12.3039999
2304;12.1709995
2305;12.0939999
2306;11.9540005
2307;11.8100004
2308;11.6780005
2309;11.6090002
2310;11.6890001
2311;12.2980003
2312;12.5080004
2313;12.7480001
2314;12.677
2315;12.4840002
2316;12.3479996
2317;12.3000002
2318;12.3000002
2319;12.3000002
2320;12.3000002
2321;12.4350004
2322;12.7069998
2323;12.8000002
2324;12.6999998
2325;12.5760002
2326;10.7401857
2327;11.700717
2328;6.33008718
2329;6.57955408
2330;6.79321098
2331;8.76673698
2332;11.8299999
2333;11.7620001
2334;12.04
2335;10.7892761
2336;9.3935051
2337;9.12338257
2338;12.4870005
2339;12.3339996
2340;12.3000002
2341;12.3000002
2342;12.3000002
2343;12.3000002
2344;12.3000002
2345;12.4130001
2346;12.6499996
2347;12.8000002
2348;12.6999998
2349;11.1849451
2350;9.81125355
2351;5.773139
2352;3.59414196
2353;3.73578572
2354;3.85709715
2355;4.97764015
2356;7.70101786
2357;7.90672541
2358;8.42445755
2359;10.638052
2360;9.84555054
2361;9.85946465
2362;10.167798
2363;10.0727253
2364;10.9551306
2365;10.0631838
2366;10.3372707
2367;11.5703211
2368;12.3000002
2369;12.3669996
2370;12.5909996
2371;12.7180004
2372;12.8000002
2373;12.7270002
2374;7.52086496
2375;3.27791357
2376;5.07730722
2377;5.27740192
2378;5.44877434
2379;7.03172255
2380;10.8789349
2381;11.1695299
2382;11.2802601
2383;12.632
2384;12.0464878
2385;11.7558193
2386;11.8810644
2387;11.7467585
2388;12.6260004
2389;11.7332802
2390;12.120472
2391;12.6090002
2392;12.7480001
2393;12.6789999
2394;12.5
2395;12.3999996
2396;12.3999996
2397;9.46398544
2398;8.76249218
2399;4.63058376
2400;9.15575409
2401;9.51657867
2402;9.82560921
2403;11.8520002
2404;11.6780005
2405;11.6090002
2406;11.9139996
2407;12.3999996
2408;12.5410004
2409;12.6999998
2410;12.7460003
2411;12.8000002
2412;12.7340002
2413;12.6560001
2414;12.6090002
2415;12.6199999
2416;12.6389999
2417;12.7460003
2418;12.7740002
2419;12.6999998
2420;12.6999998
2421;12.6440001
2422;7.66471004
2423;8.35019112
2424;7.58705854
2425;7.88606215
2426;8.14214516
2427;10.5075569
2428;12.3579998
2429;12.2259998
2430;12.3999996
2431;12.5860004
2432;12.7670002
2433;12.6800003
2434;12.5439997
2435;12.4630003
2436;12.4209995
2437;12.4540005
2438;12.4350004
2439;12.467
2440;12.5410004
2441;12.5950003
2442;12.8000002
2443;12.6999998
2444;12.6389999
2445;11.3479815
2446;6.35148191
2447;6.91951656
2448;12.3999996
2449;12.2819996
2450;12.2119999
2451;12.1879997
2452;12.2480001
2453;12.3400002
2454;12.3999996
2455;12.5930004
2456;12.6999998
2457;12.6999998
2458;12.7010002
2459;12.6999998
2460;12.6879997
2461;12.5769997
2462;12.5380001
2463;12.5430002
2464;12.5649996
2465;12.5749998
2466;12.5
2467;12.4820004
2468;12.3999996
2469;12.3999996
2470;12.3739996
2471;12.3039999
2472;12.2399998
2473;12.1879997
2474;12.1499996
2475;12.0419998
2476;11.9259996
2477;11.8280001
2478;12.1429996
2479;12.5170002
2480;12.7369995
2481;12.7670002
2482;12.6700001
2483;12.585
2484;12.5349998
2485;12.4809999
2486;12.4770002
2487;12.4820004
2488;12.5109997
2489;12.6210003
2490;12.8000002
2491;12.7609997
2492;12.6949997
2493;12.5380001
2494;12.4949999
2495;11.588213
2496;6.05937767
2497;6.29817533
2498;6.50269508
2499;8.39182186
2500;12.1300001
2501;12.0380001
2502;12.3999996
2503;12.6129999
2504;12.6999998
2505;12.8000002
2506;12.7060003
2507;12.5909996
2508;12.507
2509;12.46
2510;12.448
2511;12.4849997
2512;12.5190001
2513;12.6110001
2514;12.7209997
2515;12.8000002
2516;12.79
2517;12.7010002
2518;9.58462906
2519;5.5262475
2520;4.01866198
2521;4.17703629
2522;4.31267643
2523;5.56557131
2524;8.61061954
2525;8.84062386
2526;9.24186134
2527;11.3616228
2528;10.4755154
2529;10.4022503
2530;10.6581783
2531;10.5518761
2532;11.4496841
2533;10.5412083
2534;10.8476686
2535;12.137538
2536;12.6339998
2537;12.6960001
2538;12.8000002
2539;12.7030001
2540;12.6310005
2541;12.5720005
2542;7.87625027
2543;3.66508269
2544;2.87675405
2545;2.99012589
2546;3.08722401
2547;3.98410749
2548;6.16390133
2549;6.32854986
2550;7.0431428
2551;9.41530514
2552;8.78098679
2553;8.94222355
2554;9.33911324
2555;9.2630167
2556;10.1193953
2557;9.25538063
2558;9.47476006
2559;10.6117935
2560;12.335
2561;12.4309998
2562;12.6090002
2563;12.743
2564;12.7550001
2565;12.6999998
2566;6.92030621
2567;2.62364507
2568;0
2569;0
2570;0
2571;0
2572;0
2573;1.09908688
2574;3.29726052
2575;6.59452105
2576;10.9908686
2577;12.4549999
2578;12.3290005
2579;12.3000002
2580;12.3000002
2581;12.3000002
2582;12.3000002
2583;12.3000002
2584;12.3000002
2585;12.3000002
2586;12.4910002
2587;12.618
2588;5.49543428
2589;1.09908688
2590;0
2591;0
2592;0
2593;0
2594;0
2595;0
2596;0
2597;0
2598;1.85109353
2599;4.62773418
2600;9.25546837
2601;12.4359999
2602;12.3000002
2603;12.3000002
2604;12.3000002
2605;12.3000002
2606;12.3000002
2607;12.3000002
2608;12.3000002
2609;12.3000002
2610;12.3190002
2611;7.40437412
2612;2.77664042
2613;0.925546765
2614;0
2615;0
2616;0
2617;0
2618;0
2619;0
2620;0
2621;0
2622;1.50401354
2623;4.51204062
2624;4.51204062
2625;5.26404762
2626;6.01605415
2627;6.01605415
2628;6.76806068
2629;6.01605415
2630;6.01605415
2631;6.76806068
2632;9.02408123
2633;12.3000002
2634;12.3000002
2635;12.3669996
2636;12.474
2637;11.2801018
2638;4.51204062
2639;0
2640;0
2641;0
2642;0
2643;0
2644;0
2645;0
2646;1.50401354
2647;4.51204062
2648;4.51204062
2649;5.26404762
2650;6.01605415
2651;6.01605415
2652;6.76806068
2653;6.01605415
2654;6.01605415
2655;6.76806068
2656;9.02408123
2657;12.3000002
2658;12.3000002
2659;12.3830004
2660;12.5509996
2661;11.2801018
2662;4.51204062
2663;0
2664;0
2665;0
2666;0
2667;0
2668;0
2669;0
2670;1.50401354
2671;4.51204062
2672;4.51204062
2673;5.26404762
2674;6.01605415
2675;6.01605415
2676;6.76806068
2677;6.01605415
2678;6.01605415
2679;6.76806068
2680;9.02408123
2681;12.3000002
2682;12.3000002
2683;12.335
2684;12.5089998
2685;11.2801018
2686;4.51204062
2687;0
2688;0
2689;0
2690;0
2691;0
2692;0
2693;0
2694;1.50401354
2695;4.51204062
2696;4.51204062
2697;5.26404762
2698;6.01605415
2699;6.01605415
2700;6.76806068
2701;6.01605415
2702;6.01605415
2703;6.76806068
2704;9.02408123
2705;12.6429996
2706;12.7679996
2707;12.8000002
2708;12.7609997
2709;11.2801018
2710;4.51204062
2711;0
2712;0
2713;0
2714;0
2715;0
2716;0
2717;0
2718;1.50401354
2719;4.51204062
2720;4.51204062
2721;5.26404762
2722;6.01605415
2723;6.01605415
2724;6.76806068
2725;6.01605415
2726;6.01605415
2727;6.76806068
2728;9.02408123
2729;12.4870005
2730;12.6300001
2731;12.8000002
2732;12.7089996
2733;11.2801018
2734;4.51204062
2735;0
2736;0
2737;0
2738;0
2739;0
2740;0
2741;1.09908688
2742;3.29726052
2743;6.59452105
2744;10.9908686
2745;12.4560003
2746;12.3769999
2747;12.3769999
2748;12.3999996
2749;12.4759998
2750;12.4870005
2751;12.5459995
2752;12.6409998
2753;12.7650003
2754;12.8000002
2755;12.8000002
2756;5.49543428
2757;1.09908688
2758;0
2759;0
2760;5.18568325
2761;5.39004898
2762;5.56507921
2763;7.18181562
2764;11.1111479
2765;11.4079456
2766;11.8360157
2767;12.5
2768;12.5010004
2769;12.5869999
2770;12.6960001
2771;12.7119999
2772;12.7749996
2773;12.8000002
2774;12.7860003
2775;12.7729998
2776;12.7270002
2777;12.6999998
2778;12.691
2779;12.6009998
2780;12.5
2781;8.04918289
2782;4.34117842
2783;4.72942448
2784;6.82877159
2785;7.09789133
2786;7.32838011
2787;9.45738125
2788;12.0600004
2789;12.0740004
2790;12.3999996
2791;12.5
2792;12.6619997
2793;12.757
2794;12.7709999
2795;12.6210003
2796;12.4949999
2797;12.3999996
2798;12.3290005
2799;12.3000002
2800;12.3000002
2801;12.3079996
2802;12.4919996
2803;12.6700001
2804;12.7930002
2805;11.8699942
2806;10.2287254
2807;6.22794676
2808;3.29573488
2809;3.42561865
2810;3.53685832
2811;4.56436729
2812;7.06163406
2813;7.25026274
2814;7.84988117
2815;10.1294346
2816;9.40273094
2817;9.47792625
2818;9.82309532
2819;9.73591614
2820;10.6074953
2821;9.72716713
2822;9.97849751
2823;11.1716089
2824;12.5839996
2825;12.6540003
2826;12.7530003
2827;12.7189999
2828;12.8000002
2829;12.7630005
2830;7.27105474
2831;3.00576186
2832;0
2833;0
2834;0
2835;0
2836;0
2837;0
2838;1.50401354
2839;4.51204062
2840;4.51204062
2841;5.26404762
2842;6.01605415
2843;6.01605415
2844;6.76806068
2845;6.01605415
2846;6.01605415
2847;6.76806068
2848;9.02408123
2849;12.3000002
2850;12.3000002
2851;12.3109999
2852;12.4289999
2853;11.2801018
2854;4.51204062
2855;0
2856;0
2857;0
2858;0
2859;0
2860;0
2861;0
2862;1.50401354
2863;4.51204062
2864;4.51204062
2865;5.26404762
2866;6.01605415
2867;6.01605415
2868;6.76806068
2869;6.01605415
2870;6.01605415
2871;6.76806068
2872;9.02408123
2873;12.8000002
2874;12.7790003
2875;12.7539997
2876;12.7290001
2877;11.2801018
2878;4.51204062
2879;0
2880;1.27849686
2881;1.32888198
2882;1.37203455
2883;1.77063048
2884;2.73938203
2885;2.81255555
2886;3.94109583
2887;6.61725807
2888;6.33535194
2889;6.81248856
2890;7.39435482
2891;7.36053562
2892;8.14660931
2893;7.35714149
2894;7.45463896
2895;8.36544323
2896;10.9090424
2897;12.6090002
2898;12.7019997
2899;12.7589998
2900;12.8000002
2901;12.7849998
2902;5.5084219
2903;1.16600919
2904;0
2905;0
2906;0
2907;0
2908;0
2909;1.08108354
2910;3.24325061
2911;6.48650122
2912;10.8108349
2913;12.5389996
2914;12.4790001
2915;12.4300003
2916;12.3909998
2917;12.3769999
2918;12.3990002
2919;12.4329996
2920;12.4849997
2921;12.5690002
2922;12.6689997
2923;12.8000002
2924;5.40541744
2925;1.08108354
2926;0
2927;0
2928;1.77993631
2929;1.85008287
2930;1.91016042
2931;2.46508956
2932;3.81379533
2933;3.91566849
2934;5.24800158
2935;7.58573151
2936;11.7451897
2937;12.8000002
2938;12.7150002
2939;12.6210003
2940;12.5649996
2941;12.5050001
2942;12.5059996
2943;12.5340004
2944;12.526
2945;12.585
2946;12.7189999
2947;10.8204041
2948;6.15349388
2949;3.35550618
2950;1.49006796
2951;1.62332988
2952;2.01626229
2953;2.09572244
2954;2.16377664
2955;2.7923851
2956;4.32016134
2957;4.43556023
2958;5.36164761
2959;7.87473726
2960;7.43015575
2961;7.75578451
2962;8.24657822
2963;8.19324398
2964;9.00608444
2965;8.18789101
2966;8.34165001
2967;9.3511982
2968;12.0820713
2969;12.4090004
2970;12.4799995
2971;12.5
2972;12.6090002
2973;12.7060003
2974;6.12603998
2975;1.83886278
2976;3.69080758
2977;3.83626103
2978;3.96083522
2979;5.11151552
2980;7.90813971
2981;8.11938
2982;8.58594894
2983;10.7289047
2984;9.91508865
2985;9.89683342
2986;10.1809158
2987;10.0832863
2988;10.9568806
2989;10.0734882
2990;10.3549461
2991;11.5886173
2992;12.8000002
2993;12.8000002
2994;12.7600002
2995;12.6999998
2996;12.592
2997;12.5
2998;7.52788019
2999;3.36607456
3000;9.96369362
3001;10.3563595
3002;10.6926603
3003;12.3999996
3004;12.3999996
3005;12.4750004
3006;12.5
3007;12.5299997
3008;12.6289997
3009;12.6999998
3010;12.7630005
3011;12.8000002
3012;12.7880001
3013;12.8000002
3014;12.8000002
3015;12.8000002
3016;12.7510004
3017;12.6999998
3018;12.6920004
3019;12.5
3020;12.5
3021;12.4799995
3022;12.434
3023;9.08704472
3024;9.84039211
3025;10.228199
3026;10.560338
3027;12.3640003
3028;12.3959999
3029;12.3999996
3030;12.5
3031;12.5349998
3032;12.6450005
3033;12.6999998
3034;12.7049999
3035;12.7460003
3036;12.8000002
3037;12.8000002
3038;12.8000002
3039;12.8000002
3040;12.8000002
3041;12.7720003
3042;12.7030001
3043;12.6999998
3044;12.6999998
3045;12.651
3046;12.5
3047;8.97459316
3048;5.97858334
3049;6.21419716
3050;6.41599035
3051;8.27992916
3052;12.1300001
3053;12.2220001
3054;12.5
3055;12.6999998
3056;12.7939997
3057;12.6350002
3058;12.5249996
3059;12.4119997
3060;12.3219995
3061;12.3000002
3062;12.3339996
3063;12.4029999
3064;12.4259996
3065;12.5830002
3066;12.7390003
3067;12.75
3068;12.8000002
3069;12.7220001
3070;9.44308472
3071;5.45256186
3072;0
3073;0
3074;0
3075;0
3076;0
3077;1.08108354
3078;3.24325061
3079;6.48650122
3080;10.8108349
3081;12.5360003
3082;12.526
3083;12.6590004
3084;12.559
3085;12.4619999
3086;12.4399996
3087;12.4530001
3088;12.4829998
3089;12.4799995
3090;12.5620003
3091;12.6400003
3092;5.40541744
3093;1.08108354
3094;0
3095;0
3096;0
3097;0
3098;0
3099;0
3100;0
3101;0
3102;1.82077217
3103;4.5519309
3104;9.10386181
3105;12.3000002
3106;12.3000002
3107;12.3000002
3108;12.3000002
3109;12.3000002
3110;12.3000002
3111;12.3000002
3112;12.3000002
3113;12.3000002
3114;12.3000002
3115;7.28308868
3116;2.73115826
3117;0.910386086
3118;0
3119;0
3120;0
3121;0
3122;0
3123;0
3124;0
3125;0
3126;1.47937739
3127;4.43813229
3128;4.43813229
3129;5.17782116
3130;5.91750956
3131;5.91750956
3132;6.65719843
3133;5.91750956
3134;5.91750956
3135;6.65719843
3136;8.87626457
3137;12.3000002
3138;12.3000002
3139;12.3000002
3140;12.3000002
3141;11.0953312
3142;4.43813229
3143;0
3144;0
3145;0
3146;0
3147;0
3148;0
3149;0
3150;0
3151;0
3152;0
3153;0.87030977
3154;5.91750956
3155;5.91750956
3156;6.65719843
3157;5.91750956
3158;5.91750956
3159;6.65719843
3160;8.87626457
3161;12.6999998
3162;12.6999998
3163;12.632
3164;12.5790005
3165;11.0953312
3166;4.43813229
3167;0
3168;10.9332218
3169;11.3640957
3170;11.7331209
3171;12.3739996
3172;12.3380003
3173;12.3760004
3174;12.3999996
3175;12.4189997
3176;12.5
3177;12.5
3178;12.5979996
3179;12.6590004
3180;12.6999998
3181;12.6999998
3182;12.7060003
3183;12.6999998
3184;12.6999998
3185;12.6999998
3186;12.6719999
3187;12.5
3188;12.4790001
3189;12.3999996
3190;12.25
3191;9.97126961
3192;11.9379997
3193;11.8179998
3194;11.7159996
3195;11.6780005
3196;11.6590004
3197;11.7860003
3198;12.3459997
3199;12.4189997
3200;12.5060005
3201;12.6289997
3202;12.6999998
3203;12.7180004
3204;12.7969999
3205;12.8000002
3206;12.7989998
3207;12.7860003
3208;12.8000002
3209;12.8000002
3210;12.7889996
3211;12.6999998
3212;12.5799999
3213;12.5
3214;12.46
3215;12.3059053
3216;12.3579998
3217;12.2200003
3218;12.1470003
3219;12.1149998
3220;12.0939999
3221;12.2299995
3222;12.5
3223;12.6970005
3224;12.7340002
3225;12.7620001
3226;12.7320004
3227;12.7360001
3228;12.6759996
3229;12.698
3230;12.6999998
3231;12.6899996
3232;12.6409998
3233;12.4279995
3234;12.3999996
3235;12.3940001
3236;12.3120003
3237;12.1940002
3238;12.1009998
3239;11.974
3240;11.9020004
3241;11.8880005
3242;11.8900003
3243;11.842
3244;11.816
3245;11.8619995
3246;11.9700003
3247;11.9279995
3248;12.0200005
3249;12.1070004
3250;12.2299995
3251;12.3999996
3252;12.5
3253;12.5120001
3254;12.5620003
3255;12.5209999
3256;12.4890003
3257;12.4960003
3258;12.4350004
3259;12.3719997
3260;12.2299995
3261;12.1269999
3262;11.9560003
3263;11.7860003
3264;11.6630001
3265;11.6129999
3266;11.5179996
3267;11.4139996
3268;11.3179998
3269;11.6090002
3270;12.1450005
3271;12.3240004
3272;12.401
3273;12.5
3274;12.5380001
3275;12.6730003
3276;12.6999998
3277;12.7189999
3278;12.7659998
3279;12.7840004
3280;12.7630005
3281;12.6999998
3282;12.6929998
3283;12.585
3284;12.5
3285;12.5
3286;12.5
3287;12.46
3288;10.3623829
3289;10.7707605
3290;11.1205177
3291;12.3999996
3292;12.3339996
3293;12.2600002
3294;12.3780003
3295;12.493
3296;12.6479998
3297;12.7550001
3298;12.6920004
3299;12.5240002
3300;12.3620005
3301;12.3470001
3302;12.3549995
3303;12.4259996
3304;12.5340004
3305;12.6199999
3306;12.6899996
3307;12.8000002
3308;12.7340002
3309;12.6999998
3310;12.6189995
3311;9.45065498
3312;0
3313;0
3314;0
3315;0
3316;0
3317;0
3318;1.47937739
3319;4.43813229
3320;4.43813229
3321;5.17782116
3322;5.91750956
3323;5.91750956
3324;6.65719843
3325;5.91750956
3326;5.91750956
3327;6.65719843
3328;8.87626457
3329;12.3000002
3330;12.3269997
3331;12.4040003
3332;12.4709997
3333;11.0953312
3334;4.43813229
3335;0
3336;0
3337;0
3338;0
3339;0
3340;0
3341;0
3342;1.47937739
3343;4.43813229
3344;4.43813229
3345;5.17782116
3346;5.91750956
3347;5.91750956
3348;6.65719843
3349;5.91750956
3350;5.91750956
3351;6.65719843
3352;8.87626457
3353;12.5570002
3354;12.6789999
3355;12.3760004
3356;12.54
3357;11.0953312
3358;4.43813229
3359;0
3360;0
3361;0
3362;0
3363;0
3364;0
3365;0
3366;1.47937739
3367;4.43813229
3368;4.43813229
3369;5.17782116
3370;5.91750956
3371;5.91750956
3372;6.65719843
3373;5.91750956
3374;5.91750956
3375;6.65719843
3376;8.87626457
3377;12.4510002
3378;12.5249996
3379;12.5450001
3380;12.6879997
3381;11.0953312
3382;4.43813229
3383;0
3384;0
3385;0
3386;0
3387;0
3388;0
3389;0
3390;1.47937739
3391;4.43813229
3392;4.43813229
3393;5.17782116
3394;5.91750956
3395;5.91750956
3396;6.65719843
3397;5.91750956
3398;5.91750956
3399;6.65719843
3400;8.87626457
3401;12.3500004
3402;12.4519997
3403;12.474
3404;12.5340004
3405;11.0953312
3406;4.43813229
3407;0
3408;0
3409;0
3410;0
3411;0
3412;0
3413;1.08108354
3414;3.24325061
3415;6.48650122
3416;10.8108349
3417;12.3280001
3418;12.3000002
3419;12.3000002
3420;12.3000002
3421;12.3000002
3422;12.3000002
3423;12.3000002
3424;12.3000002
3425;12.3000002
3426;12.3039999
3427;12.3540001
3428;5.40541744
3429;1.08108354
3430;0
3431;0
3432;0
3433;0
3434;0
3435;0
3436;0
3437;0
3438;1.82077217
3439;4.5519309
3440;9.10386181
3441;12.3000002
3442;12.3000002
3443;12.3000002
3444;12.3000002
3445;12.3000002
3446;12.3000002
3447;12.3000002
3448;12.3000002
3449;12.3000002
3450;12.3000002
3451;7.28308868
3452;2.73115826
3453;0.910386086
3454;0
3455;0
3456;0
3457;0
3458;0
3459;0
3460;0
3461;0
3462;1.47937739
3463;4.43813229
3464;4.43813229
3465;5.17782116
3466;5.91750956
3467;5.91750956
3468;6.65719843
3469;5.91750956
3470;5.91750956
3471;6.65719843
3472;8.87626457
3473;12.3000002
3474;12.3459997
3475;12.5209999
3476;12.6680002
3477;11.0953312
3478;4.43813229
3479;0
3480;0
3481;0
3482;0
3483;0
3484;0
3485;0
3486;1.47937739
3487;4.43813229
3488;4.43813229
3489;5.17782116
3490;5.91750956
3491;5.91750956
3492;6.65719843
3493;5.91750956
3494;5.91750956
3495;6.65719843
3496;8.87626457
3497;12.3000002
3498;12.3540001
3499;12.5489998
3500;12.7360001
3501;11.0953312
3502;4.43813229
3503;0
3504;0
3505;0
3506;0
3507;0
3508;0
3509;0
3510;1.47937739
3511;4.43813229
3512;4.43813229
3513;5.17782116
3514;5.91750956
3515;5.91750956
3516;6.65719843
3517;5.91750956
3518;5.91750956
3519;6.65719843
3520;8.87626457
3521;12.3699999
3522;12.467
3523;12.6120005
3524;12.5900002
3525;11.0953312
3526;4.43813229
3527;0
3528;0
3529;0
3530;0
3531;0
3532;0
3533;0
3534;1.47937739
3535;0
3536;0.130620882
3537;5.17782116
3538;5.91750956
3539;5.91750956
3540;6.65719843
3541;5.91750956
3542;5.91750956
3543;6.65719843
3544;8.87626457
3545;12.3000002
3546;12.3959999
3547;12.4720001
3548;12.618
3549;11.0953312
3550;4.43813229
3551;0
3552;0
3553;0
3554;0
3555;0
3556;0
3557;0
3558;1.47937739
3559;4.43813229
3560;4.43813229
3561;5.17782116
3562;5.91750956
3563;5.91750956
3564;6.65719843
3565;5.91750956
3566;5.91750956
3567;6.65719843
3568;8.87626457
3569;12.3000002
3570;12.3000002
3571;12.4090004
3572;12.5900002
3573;11.0953312
3574;4.43813229
3575;0
3576;0
3577;0
3578;0
3579;0
3580;0
3581;1.08108354
3582;3.24325061
3583;6.48650122
3584;10.8108349
3585;12.3000002
3586;12.3000002
3587;12.3000002
3588;12.3000002
3589;12.3000002
3590;12.3000002
3591;12.3000002
3592;12.3000002
3593;12.3000002
3594;12.3719997
3595;12.4460001
3596;5.40541744
3597;1.08108354
3598;0
3599;0
3600;0
3601;0
3602;0
3603;0
3604;0
3605;0
3606;1.82077217
3607;4.5519309
3608;9.10386181
3609;12.3000002
3610;12.3000002
3611;12.3000002
3612;12.3000002
3613;12.3000002
3614;12.3000002
3615;12.3000002
3616;12.3629999
3617;12.4289999
3618;12.4949999
3619;7.28308868
3620;2.73115826
3621;0.910386086
3622;0
3623;0
3624;11.4611807
3625;11.9128628
3626;12.2997074
3627;12.6999998
3628;12.6440001
3629;12.5780001
3630;12.5120001
3631;12.5
3632;12.5889997
3633;12.5760002
3634;12.5860004
3635;12.585
3636;12.5939999
3637;12.6009998
3638;12.6700001
3639;12.6999998
3640;12.6999998
3641;12.6999998
3642;12.6970005
3643;12.625
3644;12.5780001
3645;12.5299997
3646;12.5
3647;10.4527769
3648;12.5
3649;12.5
3650;12.4720001
3651;12.4329996
3652;12.3999996
3653;12.3999996
3654;12.3999996
3655;12.3999996
3656;12.4420004
3657;12.5
3658;12.5
3659;12.5939999
3660;12.6999998
3661;12.7810001
3662;12.7910004
3663;12.8000002
3664;12.7980003
3665;12.7539997
3666;12.6999998
3667;12.6999998
3668;12.6429996
3669;12.5769997
3670;12.5179996
3671;12.5
3672;12.5
3673;12.4580002
3674;12.4040003
3675;12.3999996
3676;12.3999996
3677;12.3999996
3678;12.3999996
3679;12.3999996
3680;12.3999996
3681;12.4160004
3682;12.4510002
3683;12.5
3684;12.5
3685;12.5
3686;12.5
3687;12.5190001
3688;12.5690002
3689;12.573
3690;12.5579996
3691;12.434
3692;12.4040003
3693;12.3999996
3694;12.3999996
3695;12.3999996
3696;11.3998747
3697;11.8491402
3698;12.2339163
3699;12.3999996
3700;12.3999996
3701;12.4510002
3702;12.5
3703;12.5939999
3704;12.6999998
3705;12.8000002
3706;12.7819996
3707;12.6899996
3708;12.6160002
3709;12.5530005
3710;12.5349998
3711;12.5150003
3712;12.5270004
3713;12.5819998
3714;12.6879997
3715;12.7740002
3716;12.7709999
3717;12.6999998
3718;12.5720005
3719;10.3968649
3720;2.30160999
3721;2.39231563
3722;2.47000098
3723;3.187572
3724;4.93156385
3725;5.06329441
3726;5.93571472
3727;8.43500423
3728;7.92750359
3729;8.20685196
3730;8.67473984
3731;8.61385727
3732;9.44936848
3733;8.60774708
3734;8.78326607
3735;9.84332275
3736;12.3039999
3737;12.3649998
3738;12.4759998
3739;12.6059999
3740;12.7799997
3741;12.7720003
3742;6.43882561
3743;2.0991044
3744;0
3745;0
3746;0
3747;0
3748;0
3749;1.09908676
3750;3.29726028
3751;6.59452057
3752;10.9908676
3753;12.3570004
3754;12.3000002
3755;12.3000002
3756;12.3000002
3757;12.3000002
3758;12.3000002
3759;12.3000002
3760;12.3000002
3761;12.3000002
3762;12.349
3763;12.4720001
3764;5.49543381
3765;1.09908676
3766;0
3767;0
3768;0
3769;0
3770;0
3771;0
3772;0
3773;0
3774;1.85109341
3775;4.62773371
3776;9.25546741
3777;12.3039999
3778;12.3000002
3779;12.3000002
3780;12.3000002
3781;12.3000002
3782;12.3000002
3783;12.3000002
3784;12.3000002
3785;12.3000002
3786;12.3400002
3787;7.40437365
3788;2.77664018
3789;0.925546706
3790;0
3791;0
3792;0
3793;0
3794;0
3795;0
3796;0
3797;0
3798;1.50401342
3799;4.51204014
3800;4.51204014
3801;5.26404715
3802;6.01605368
3803;6.01605368
3804;6.76806021
3805;6.01605368
3806;6.01605368
3807;6.76806021
3808;9.02408028
3809;12.3000002
3810;12.3000002
3811;12.3690004
3812;12.5089998
3813;11.2801008
3814;4.51204014
3815;0
3816;0
3817;0
3818;0
3819;0
3820;0
3821;0
3822;0
3823;0
3824;0
3825;1.02982438
3826;6.01605368
3827;6.01605368
3828;6.76806021
3829;6.01605368
3830;6.01605368
3831;6.76806021
3832;9.02408028
3833;12.3710003
3834;12.4619999
3835;12.6309996
3836;12.7220001
3837;11.2801008
3838;4.51204014
3839;0
3840;0
3841;0
3842;0
3843;0
3844;0
3845;0
3846;1.50401342
3847;4.51204014
3848;4.51204014
3849;5.26404715
3850;6.01605368
3851;6.01605368
3852;6.76806021
3853;6.01605368
3854;6.01605368
3855;6.76806021
3856;9.02408028
3857;12.8000002
3858;12.7969999
3859;12.7410002
3860;12.7229996
3861;11.2801008
3862;4.51204014
3863;0
3864;5.45713902
3865;5.67220306
3866;5.8563962
3867;7.55776405
3868;11.6927853
3869;12.0051203
3870;12.0116196
3871;12.6999998
3872;12.610137
3873;12.2414665
3874;12.3198242
3875;12.1754704
3876;12.7510004
3877;12.160984
3878;12.5760002
3879;12.5240002
3880;12.5220003
3881;12.5489998
3882;12.6000004
3883;12.6029997
3884;12.8000002
3885;12.6999998
3886;9.08046722
3887;4.97699642
3888;0
3889;0
3890;0
3891;0
3892;0
3893;0
3894;1.50401342
3895;4.51204014
3896;4.51204014
3897;5.26404715
3898;6.01605368
3899;6.01605368
3900;6.76806021
3901;6.01605368
3902;6.01605368
3903;6.76806021
3904;9.02408028
3905;12.3000002
3906;12.3000002
3907;12.323
3908;12.3920002
3909;11.2801008
3910;4.51204014
3911;0
3912;0
3913;0
3914;0
3915;0
3916;0
3917;1.09908676
3918;3.29726028
3919;6.59452057
3920;10.9908676
3921;12.3000002
3922;12.3000002
3923;12.3000002
3924;12.3000002
3925;12.3000002
3926;12.3000002
3927;12.3000002
3928;12.3000002
3929;12.3000002
3930;12.3000002
3931;12.3000002
3932;5.49543381
3933;1.09908676
3934;0
3935;0
3936;0
3937;0
3938;0
3939;0
3940;0
3941;0
3942;1.85109341
3943;4.62773371
3944;9.25546741
3945;12.7329998
3946;12.8000002
3947;12.6879997
3948;12.6479998
3949;12.585
3950;12.552
3951;12.5480003
3952;12.5190001
3953;12.5150003
3954;12.5600004
3955;7.40437365
3956;2.77664018
3957;0.925546706
3958;0
3959;0
3960;0
3961;0
3962;0
3963;0
3964;0
3965;0
3966;1.50401342
3967;4.51204014
3968;4.51204014
3969;5.26404715
3970;6.01605368
3971;6.01605368
3972;6.76806021
3973;6.01605368
3974;6.01605368
3975;6.76806021
3976;9.02408028
3977;12.3000002
3978;12.3540001
3979;12.4689999
3980;12.6090002
3981;11.2801008
3982;4.51204014
3983;0
3984;0
3985;0
3986;0
3987;0
3988;0
3989;0
3990;1.50401342
3991;4.51204014
3992;4.51204014
3993;5.26404715
3994;6.01605368
3995;6.01605368
3996;6.76806021
3997;6.01605368
3998;6.01605368
3999;6.76806021
4000;9.02408028
4001;12.3000002
4002;12.3000002
4003;12.3000002
4004;12.4139996
4005;11.2801008
4006;4.51204014
4007;0
4008;0
4009;0
4010;0
4011;0
4012;0
4013;0
4014;1.50401342
4015;4.51204014
4016;4.51204014
4017;5.26404715
4018;6.01605368
4019;6.01605368
4020;6.76806021
4021;6.01605368
4022;6.01605368
4023;6.76806021
4024;9.02408028
4025;12.3000002
4026;12.3000002
4027;12.3000002
4028;12.3000002
4029;11.2801008
4030;4.51204014
4031;0
4032;0
4033;0
4034;0
4035;0
4036;0
4037;0
4038;1.50401342
4039;4.51204014
4040;4.51204014
4041;5.26404715
4042;6.01605368
4043;6.01605368
4044;6.76806021
4045;6.01605368
4046;6.01605368
4047;6.76806021
4048;9.02408028
4049;12.3000002
4050;12.3000002
4051;12.3000002
4052;12.3000002
4053;11.2801008
4054;4.51204014
4055;0
4056;0
4057;0
4058;0
4059;0
4060;0
4061;0
4062;1.50401342
4063;4.51204014
4064;4.51204014
4065;5.26404715
4066;6.01605368
4067;6.01605368
4068;6.76806021
4069;6.01605368
4070;6.01605368
4071;6.76806021
4072;9.02408028
4073;12.3000002
4074;12.3000002
4075;12.3000002
4076;12.3000002
4077;11.2801008
4078;4.51204014
4079;0
4080;0
4081;0
4082;0
4083;0
4084;0
4085;1.09908676
4086;3.29726028
4087;6.59452057
4088;10.9908676
4089;12.3000002
4090;12.3000002
4091;12.3000002
4092;12.3000002
4093;12.3000002
4094;12.3000002
4095;12.3000002
4096;12.3000002
4097;12.3000002
4098;12.3079996
4099;12.3000002
4100;5.49543381
4101;1.09908676
4102;0
4103;0
4104;0
4105;0
4106;0
4107;0
4108;0
4109;0
4110;0
4111;0
4112;0.464592397
4113;12.4200001
4114;12.3409996
4115;12.3000002
4116;12.3000002
4117;12.3000002
4118;12.3000002
4119;12.3000002
4120;12.3000002
4121;12.3000002
4122;12.3330002
4123;7.40437365
4124;2.77664018
4125;0.925546706
4126;0
4127;0
4128;0
4129;0
4130;0
4131;0
4132;0
4133;0
4134;1.50401342
4135;4.51204014
4136;4.51204014
4137;5.26404715
4138;6.01605368
4139;6.01605368
4140;6.76806021
4141;6.01605368
4142;6.01605368
4143;6.76806021
4144;9.02408028
4145;12.3000002
4146;12.3000002
4147;12.3900003
4148;12.5749998
4149;11.2801008
4150;4.51204014
4151;0
4152;0
4153;0
4154;0
4155;0
4156;0
4157;0
4158;1.50401342
4159;4.51204014
4160;4.51204014
4161;5.26404715
4162;6.01605368
4163;6.01605368
4164;6.76806021
4165;6.01605368
4166;6.01605368
4167;6.76806021
4168;9.02408028
4169;12.5679998
4170;12.6199999
4171;12.75
4172;12.8000002
4173;11.2801008
4174;4.51204014
4175;0
4176;0
4177;0
4178;0
4179;0
4180;0
4181;0
4182;1.50401342
4183;4.51204014
4184;4.51204014
4185;5.26404715
4186;6.01605368
4187;6.01605368
4188;6.76806021
4189;6.01605368
4190;6.01605368
4191;6.76806021
4192;9.02408028
4193;12.7860003
4194;12.8000002
4195;12.7110004
4196;12.6999998
4197;11.2801008
4198;4.51204014
4199;0
4200;5.18048811
4201;5.38464928
4202;5.55950451
4203;7.17462111
4204;11.1000166
4205;11.3965168
4206;11.4789333
4207;12.6219997
4208;12.1996021
4209;11.887743
4210;12.0002518
4211;11.8632174
4212;12.7670002
4213;11.8494644
4214;12.2445259
4215;12.7790003
4216;12.7729998
4217;12.7840004
4218;12.7349997
4219;12.6590004
4220;12.6219997
4221;9.60572529
4222;8.84886932
4223;4.72468662
4224;7.04833651
4225;7.32610893
4226;7.56400824
4227;9.76146317
4228;12.4549999
4229;12.5
4230;12.5
4231;12.5830002
4232;12.6660004
4233;12.6999998
4234;12.7040005
4235;12.7679996
4236;12.7589998
4237;12.7790003
4238;12.8000002
4239;12.8000002
4240;12.8000002
4241;12.8000002
4242;12.7819996
4243;12.6999998
4244;12.6999998
4245;12.6999998
4246;10.4125328
4247;6.42819357
4248;8.35963821
4249;8.68908882
4250;8.97124767
4251;11.5775261
4252;12.3999996
4253;12.5
4254;12.5699997
4255;12.6999998
4256;12.6999998
4257;12.7390003
4258;12.7709999
4259;12.8000002
4260;12.8000002
4261;12.7369995
4262;12.6999998
4263;12.6999998
4264;12.7290001
4265;12.7790003
4266;12.7379999
4267;12.6479998
4268;12.5640001
4269;12.5
4270;6.99824524
4271;7.62412167
4272;8.62414932
4273;8.96402454
4274;9.25511169
4275;11.9438553
4276;12.3520002
4277;12.441
4278;12.5209999
4279;12.6970005
4280;12.7150002
4281;12.8000002
4282;12.8000002
4283;12.8000002
4284;12.7539997
4285;12.7019997
4286;12.6700001
4287;12.6499996
4288;12.6540003
4289;12.6870003
4290;12.7349997
4291;12.8000002
4292;12.8000002
4293;11.8470993
4294;7.21967936
4295;7.86535931
4296;5.75448418
4297;5.9812665
4298;6.17549515
4299;7.96956635
4300;12.3298941
4301;12.6280003
4302;11.0801373
4303;9.80819321
4304;8.81715775
4305;12.6216469
4306;12.6632996
4307;12.5110817
4308;12.7259998
4309;12.4958038
4310;12.7489996
4311;12.7969999
4312;12.79
4313;12.7449999
4314;12.7609997
4315;12.8000002
4316;12.7270002
4317;10.3942308
4318;9.32938766
4319;5.24818039
4320;8.55210972
4321;8.8891449
4322;9.17780113
4323;11.8440847
4324;12.5
4325;12.5
4326;12.6569996
4327;12.6999998
4328;12.7740002
4329;12.8000002
4330;12.7369995
4331;12.6689997
4332;12.6350002
4333;12.6309996
4334;12.6260004
4335;12.6389999
4336;12.7869997
4337;12.8000002
4338;12.8000002
4339;12.7959995
4340;12.7580004
4341;12.7189999
4342;11.6714115
4343;7.79965782
4344;0
4345;0
4346;0
4347;0
4348;0
4349;0
4350;1.50970614
4351;4.52911854
4352;4.52911854
4353;5.28397179
4354;6.03882456
4355;6.03882456
4356;6.79367733
4357;6.03882456
4358;6.03882456
4359;6.79367733
4360;9.05823708
4361;12.3000002
4362;12.3000002
4363;12.3549995
4364;12.5699997
4365;11.3227968
4366;4.52911854
4367;0
4368;0
4369;0
4370;0
4371;0
4372;0
4373;0
4374;1.50970614
4375;4.52911854
4376;4.52911854
4377;5.28397179
4378;6.03882456
4379;6.03882456
4380;6.79367733
4381;6.03882456
4382;6.03882456
4383;6.79367733
4384;9.05823708
4385;12.3000002
4386;12.3000002
4387;12.3000002
4388;12.3319998
4389;11.3227968
4390;4.52911854
4391;0
4392;0
4393;0
4394;0
4395;0
4396;0
4397;0
4398;1.50970614
4399;4.52911854
4400;4.52911854
4401;5.28397179
4402;6.03882456
4403;6.03882456
4404;6.79367733
4405;6.03882456
4406;6.03882456
4407;6.79367733
4408;9.05823708
4409;12.5340004
4410;12.5819998
4411;12.6280003
4412;12.7030001
4413;11.3227968
4414;4.52911854
4415;0
4416;0
4417;0
4418;0
4419;0
4420;0
4421;1.10324681
4422;3.3097403
4423;6.61948061
4424;11.0324678
4425;12.4940004
4426;12.3739996
4427;12.4099998
4428;12.3699999
4429;12.4840002
4430;12.4919996
4431;12.4720001
4432;12.4180002
4433;12.4020004
4434;12.4379997
4435;12.5220003
4436;5.51623392
4437;1.10324681
4438;0
4439;0
4440;0
4441;0
4442;0
4443;0
4444;0
4445;0
4446;1.85809982
4447;4.64524984
4448;9.29049969
4449;12.3629999
4450;12.3000002
4451;12.3000002
4452;12.3000002
4453;12.3000002
4454;12.3000002
4455;12.3000002
4456;12.3000002
4457;12.3000002
4458;12.3000002
4459;7.43239927
4460;2.78714967
4461;0.929049909
4462;0
4463;0
4464;0
4465;0
4466;0
4467;0
4468;0
4469;0
4470;1.50970614
4471;4.52911854
4472;4.52911854
4473;5.28397179
4474;6.03882456
4475;6.03882456
4476;6.79367733
4477;6.03882456
4478;6.03882456
4479;6.79367733
4480;9.05823708
4481;12.3000002
4482;12.3000002
4483;12.3000002
4484;12.3400002
4485;11.3227968
4486;4.52911854
4487;0
4488;0
4489;0
4490;0
4491;0
4492;0
4493;0
4494;1.50970614
4495;4.52911854
4496;4.52911854
4497;5.28397179
4498;6.03882456
4499;6.03882456
4500;6.79367733
4501;6.03882456
4502;6.03882456
4503;6.79367733
4504;9.05823708
4505;12.3000002
4506;12.3000002
4507;12.3000002
4508;12.3000002
4509;11.3227968
4510;4.52911854
4511;0
4512;0
4513;0
4514;0
4515;0
4516;0
4517;0
4518;1.50970614
4519;4.52911854
4520;4.52911854
4521;5.28397179
4522;6.03882456
4523;6.03882456
4524;6.79367733
4525;6.03882456
4526;6.03882456
4527;6.79367733
4528;9.05823708
4529;12.3000002
4530;12.3000002
4531;12.3000002
4532;12.3000002
4533;11.3227968
4534;4.52911854
4535;0
4536;0
4537;0
4538;0
4539;0
4540;0
4541;0
4542;1.50970614
4543;4.52911854
4544;4.52911854
4545;5.28397179
4546;6.03882456
4547;6.03882456
4548;6.79367733
4549;6.03882456
4550;6.03882456
4551;6.79367733
4552;9.05823708
4553;12.3000002
4554;12.3000002
4555;12.3000002
4556;12.3000002
4557;11.3227968
4558;4.52911854
4559;0
4560;0
4561;0
4562;0
4563;0
4564;0
4565;0
4566;0
4567;0
4568;0
4569;0
4570;0
4571;0
4572;0
4573;0
4574;0
4575;0
4576;0.267362058
4577;12.3000002
4578;12.3000002
4579;12.3000002
4580;12.3000002
4581;11.3227968
4582;4.52911854
4583;0
4584;0
4585;0
4586;0
4587;0
4588;0
4589;1.10324681
4590;3.3097403
4591;6.61948061
4592;11.0324678
4593;12.6110001
4594;12.5290003
4595;12.4429998
4596;12.3620005
4597;12.3000002
4598;12.3000002
4599;12.3000002
4600;12.3000002
4601;12.3249998
4602;12.3900003
4603;12.5419998
4604;5.51623392
4605;1.10324681
4606;0
4607;0
4608;0
4609;0
4610;0
4611;0
4612;0
4613;0
4614;1.85809982
4615;4.64524984
4616;9.29049969
4617;12.4259996
4618;12.3760004
4619;12.3000002
4620;12.3000002
4621;12.3000002
4622;12.3000002
4623;12.3000002
4624;12.3000002
4625;12.3000002
4626;12.3000002
4627;7.43239927
4628;2.78714967
4629;0.929049909
4630;0
4631;0
4632;0
4633;0
4634;0
4635;0
4636;0
4637;0
4638;1.50970614
4639;4.52911854
4640;4.52911854
4641;5.28397179
4642;6.03882456
4643;6.03882456
4644;6.79367733
4645;6.03882456
4646;6.03882456
4647;6.79367733
4648;9.05823708
4649;12.3000002
4650;12.3000002
4651;12.3059998
4652;12.4510002
4653;11.3227968
4654;4.52911854
4655;0
4656;0
4657;0
4658;0
4659;0
4660;0
4661;0
4662;1.50970614
4663;4.52911854
4664;4.52911854
4665;5.28397179
4666;6.03882456
4667;6.03882456
4668;6.79367733
4669;6.03882456
4670;6.03882456
4671;6.79367733
4672;9.05823708
4673;12.3000002
4674;12.3000002
4675;12.3000002
4676;12.3409996
4677;11.3227968
4678;4.52911854
4679;0
4680;0
4681;0
4682;0
4683;0
4684;0
4685;0
4686;1.50970614
4687;4.52911854
4688;4.52911854
4689;5.28397179
4690;6.03882456
4691;6.03882456
4692;6.79367733
4693;6.03882456
4694;6.03882456
4695;6.79367733
4696;9.05823708
4697;12.3000002
4698;12.3000002
4699;12.3000002
4700;12.4899998
4701;11.3227968
4702;4.52911854
4703;0
4704;0
4705;0
4706;0
4707;0
4708;0
4709;0
4710;1.50970614
4711;4.52911854
4712;4.52911854
4713;5.28397179
4714;6.03882456
4715;6.03882456
4716;6.79367733
4717;6.03882456
4718;6.03882456
4719;6.79367733
4720;9.05823708
4721;12.3000002
4722;12.3000002
4723;12.3000002
4724;12.3000002
4725;11.3227968
4726;4.52911854
4727;0
4728;0
4729;0
4730;0
4731;0
4732;0
4733;0
4734;1.50970614
4735;4.52911854
4736;4.52911854
4737;5.28397179
4738;6.03882456
4739;6.03882456
4740;6.79367733
4741;6.03882456
4742;6.03882456
4743;6.79367733
4744;9.05823708
4745;12.3000002
4746;12.3000002
4747;12.3000002
4748;12.3000002
4749;11.3227968
4750;4.52911854
4751;0
4752;0
4753;0
4754;0
4755;0
4756;0
4757;1.10324681
4758;3.3097403
4759;6.61948061
4760;11.0324678
4761;12.3000002
4762;12.3000002
4763;12.3000002
4764;12.3000002
4765;12.3000002
4766;12.3000002
4767;12.3000002
4768;12.3000002
4769;12.3000002
4770;12.3000002
4771;12.3000002
4772;5.51623392
4773;1.10324681
4774;0
4775;0
4776;0
4777;0
4778;0
4779;0
4780;0
4781;0
4782;1.85809982
4783;4.64524984
4784;9.29049969
4785;12.3000002
4786;12.3000002
4787;12.3000002
4788;12.3000002
4789;12.3000002
4790;12.3000002
4791;12.3000002
4792;12.3000002
4793;12.3000002
4794;12.3000002
4795;7.43239927
4796;2.78714967
4797;0.929049909
4798;0
4799;0
4800;0
4801;0
4802;0
4803;0
4804;0
4805;0
4806;0
4807;0
4808;0
4809;0
4810;0
4811;0
4812;0
4813;0
4814;0
4815;0
4816;0.267362058
4817;12.3000002
4818;12.3000002
4819;12.3000002
4820;12.3000002
4821;11.3227968
4822;4.52911854
4823;0
4824;0
4825;0
4826;0
4827;0
4828;0
4829;0
4830;1.50970614
4831;4.52911854
4832;4.52911854
4833;5.28397179
4834;6.03882456
4835;6.03882456
4836;6.79367733
4837;6.03882456
4838;6.03882456
4839;6.79367733
4840;9.05823708
4841;12.3000002
4842;12.3000002
4843;12.3000002
4844;12.3000002
4845;11.3227968
4846;4.52911854
4847;0
4848;0
4849;0
4850;0
4851;0
4852;0
4853;0
4854;1.50970614
4855;4.52911854
4856;4.52911854
4857;5.28397179
4858;6.03882456
4859;6.03882456
4860;6.79367733
4861;6.03882456
4862;6.03882456
4863;6.79367733
4864;9.05823708
4865;12.3000002
4866;12.3000002
4867;12.3000002
4868;12.3000002
4869;11.3227968
4870;4.52911854
4871;0
4872;0
4873;0
4874;0
4875;0
4876;0
4877;0
4878;1.50970614
4879;4.52911854
4880;4.52911854
4881;5.28397179
4882;6.03882456
4883;6.03882456
4884;6.79367733
4885;6.03882456
4886;6.03882456
4887;6.79367733
4888;9.05823708
4889;12.3000002
4890;12.3000002
4891;12.3000002
4892;12.3000002
4893;11.3227968
4894;4.52911854
4895;0
4896;0
4897;0
4898;0
4899;0
4900;0
4901;0
4902;1.50970614
4903;4.52911854
4904;4.52911854
4905;5.28397179
4906;6.03882456
4907;6.03882456
4908;6.79367733
4909;6.03882456
4910;6.03882456
4911;6.79367733
4912;9.05823708
4913;12.3000002
4914;12.3000002
4915;12.3000002
4916;12.3240004
4917;11.3227968
4918;4.52911854
4919;0
4920;0
4921;0
4922;0
4923;0
4924;0
4925;1.10324681
4926;3.3097403
4927;6.61948061
4928;11.0324678
4929;12.3000002
4930;12.3000002
4931;12.3000002
4932;12.3000002
4933;12.3000002
4934;12.3000002
4935;12.3000002
4936;12.3000002
4937;12.3000002
4938;12.3000002
4939;12.3000002
4940;5.51623392
4941;1.10324681
4942;0
4943;0
4944;0
4945;0
4946;0
4947;0
4948;0
4949;0
4950;1.85809982
4951;4.64524984
4952;9.29049969
4953;12.3000002
4954;12.3000002
4955;12.3000002
4956;12.3000002
4957;12.3000002
4958;12.3000002
4959;12.3000002
4960;12.3000002
4961;12.3000002
4962;12.3000002
4963;7.43239927
4964;2.78714967
4965;0.929049909
4966;0
4967;0
4968;0
4969;0
4970;0
4971;0
4972;0
4973;0
4974;1.50970614
4975;4.52911854
4976;4.52911854
4977;5.28397179
4978;6.03882456
4979;6.03882456
4980;6.79367733
4981;6.03882456
4982;6.03882456
4983;6.79367733
4984;9.05823708
4985;12.3000002
4986;12.3000002
4987;12.3000002
4988;12.3000002
4989;11.3227968
4990;4.52911854
4991;0
4992;0
4993;0
4994;0
4995;0
4996;0
4997;0
4998;1.50970614
4999;4.52911854
5000;4.52911854
5001;5.28397179
5002;6.03882456
5003;6.03882456
5004;6.79367733
5005;6.03882456
5006;6.03882456
5007;6.79367733
5008;9.05823708
5009;12.3000002
5010;12.3000002
5011;12.3920002
5012;12.4259996
5013;11.3227968
5014;4.52911854
5015;0
5016;0
5017;0
5018;0
5019;0
5020;0
5021;0
5022;1.50970614
5023;4.52911854
5024;4.52911854
5025;5.28397179
5026;6.03882456
5027;6.03882456
5028;6.79367733
5029;6.03882456
5030;6.03882456
5031;6.79367733
5032;9.05823708
5033;12.5609999
5034;12.566
5035;12.6409998
5036;12.6739998
5037;11.3227968
5038;4.52911854
5039;0
5040;0
5041;0
5042;0
5043;0
5044;0
5045;0
5046;0
5047;0
5048;0
5049;0
5050;0
5051;0
5052;0
5053;0
5054;0
5055;0
5056;0.267362058
5057;12.3000002
5058;12.3000002
5059;12.3129997
5060;12.415
5061;11.3227968
5062;4.52911854
5063;0
5064;0
5065;0
5066;0
5067;0
5068;0
5069;0
5070;1.50970614
5071;4.52911854
5072;4.52911854
5073;5.28397179
5074;6.03882456
5075;6.03882456
5076;6.79367733
5077;6.03882456
5078;6.03882456
5079;6.79367733
5080;9.05823708
5081;12.3000002
5082;12.3000002
5083;12.3000002
5084;12.3620005
5085;11.3227968
5086;4.52911854
5087;0
5088;0
5089;0
5090;0
5091;0
5092;0
5093;1.08108342
5094;3.24325013
5095;6.48650026
5096;10.8108339
5097;12.3000002
5098;12.3000002
5099;12.3000002
5100;12.3000002
5101;12.3000002
5102;12.3000002
5103;12.3000002
5104;12.3000002
5105;12.3000002
5106;12.3000002
5107;12.3000002
5108;5.40541697
5109;1.08108342
5110;0
5111;0
5112;0
5113;0
5114;0
5115;0
5116;0
5117;0
5118;1.82077193
5119;4.55192995
5120;9.1038599
5121;12.3000002
5122;12.3000002
5123;12.3000002
5124;12.3000002
5125;12.3000002
5126;12.3000002
5127;12.3000002
5128;12.3310003
5129;12.3879995
5130;12.5229998
5131;7.28308773
5132;2.73115802
5133;0.910385966
5134;0
5135;0
5136;0
5137;0
5138;0
5139;0
5140;0
5141;0
5142;1.47937715
5143;4.43813181
5144;4.43813181
5145;5.17782068
5146;5.9175086
5147;5.9175086
5148;6.65719748
5149;5.9175086
5150;5.9175086
5151;6.65719748
5152;8.87626362
5153;12.5150003
5154;12.559
5155;12.6269999
5156;12.7860003
5157;11.0953293
5158;4.43813181
5159;0
5160;0
5161;0
5162;0
5163;0
5164;0
5165;0
5166;1.47937715
5167;4.43813181
5168;4.43813181
5169;5.17782068
5170;5.9175086
5171;5.9175086
5172;6.65719748
5173;5.9175086
5174;5.9175086
5175;6.65719748
5176;8.87626362
5177;12.3000002
5178;12.3660002
5179;12.5
5180;12.6470003
5181;11.0953293
5182;4.43813181
5183;0
5184;0
5185;0
5186;0
5187;0
5188;0
5189;0
5190;1.47937715
5191;4.43813181
5192;4.43813181
5193;5.17782068
5194;5.9175086
5195;5.9175086
5196;6.65719748
5197;5.9175086
5198;5.9175086
5199;6.65719748
5200;8.87626362
5201;12.8000002
5202;12.8000002
5203;12.7989998
5204;12.757
5205;11.0953293
5206;4.43813181
5207;0
5208;5.09059668
5209;4.26624775
5210;5.68412733
5211;7.90308094
5212;10.1811934
5213;10.3063002
5214;10.2494783
5215;12.4614716
5216;11.8058701
5217;12.1906042
5218;12.6471043
5219;12.622859
5220;12.6129999
5221;12.3086367
5222;12.4686575
5223;12.5179996
5224;12.5290003
5225;12.5500002
5226;12.599
5227;12.6560001
5228;12.7620001
5229;12.8000002
5230;9.8157959
5231;5.66861105
5232;0
5233;0
5234;0
5235;0
5236;0
5237;0
5238;1.47937715
5239;4.43813181
5240;4.43813181
5241;5.17782068
5242;5.9175086
5243;5.9175086
5244;6.65719748
5245;5.9175086
5246;5.9175086
5247;6.65719748
5248;8.87626362
5249;12.3000002
5250;12.3389997
5251;12.526
5252;12.3999996
5253;11.0953293
5254;4.43813181
5255;0
5256;0
5257;0
5258;0
5259;0
5260;0
5261;1.08108342
5262;3.24325013
5263;6.48650026
5264;10.8108339
5265;12.3719997
5266;12.3319998
5267;12.3000002
5268;12.3599997
5269;12.4519997
5270;12.4460001
5271;12.3769999
5272;12.3739996
5273;12.5089998
5274;12.5480003
5275;12.6169996
5276;5.40541697
5277;1.08108342
5278;0
5279;0
5280;0
5281;0
5282;0
5283;0
5284;0
5285;0
5286;1.82077193
5287;4.55192995
5288;9.1038599
5289;12.408
5290;12.3109999
5291;12.3000002
5292;12.3000002
5293;12.3000002
5294;12.3000002
5295;12.3000002
5296;12.3000002
5297;12.3000002
5298;12.3479996
5299;7.28308773
5300;2.73115802
5301;0.910385966
5302;0
5303;0
5304;0
5305;0
5306;0
5307;0
5308;0
5309;0
5310;1.47937715
5311;4.43813181
5312;4.43813181
5313;5.17782068
5314;5.9175086
5315;5.9175086
5316;6.65719748
5317;5.9175086
5318;5.9175086
5319;6.65719748
5320;8.87626362
5321;12.3000002
5322;12.3000002
5323;12.3000002
5324;12.4370003
5325;11.0953293
5326;4.43813181
5327;0
5328;0
5329;0
5330;0
5331;0
5332;0
5333;0
5334;1.47937715
5335;4.43813181
5336;4.43813181
5337;5.17782068
5338;5.9175086
5339;5.9175086
5340;6.65719748
5341;5.9175086
5342;5.9175086
5343;6.65719748
5344;8.87626362
5345;12.3000002
5346;12.3000002
5347;12.309
5348;12.3789997
5349;11.0953293
5350;4.43813181
5351;0
5352;0
5353;0
5354;0
5355;0
5356;0
5357;0
5358;1.47937715
5359;4.43813181
5360;4.43813181
5361;5.17782068
5362;5.9175086
5363;5.9175086
5364;6.65719748
5365;5.9175086
5366;5.9175086
5367;6.65719748
5368;8.87626362
5369;12.3800001
5370;12.5039997
5371;12.5760002
5372;12.6470003
5373;11.0953293
5374;4.43813181
5375;0
5376;0
5377;0
5378;0
5379;0
5380;0
5381;0
5382;1.47937715
5383;4.43813181
5384;4.43813181
5385;5.17782068
5386;5.9175086
5387;5.9175086
5388;6.65719748
5389;5.9175086
5390;5.9175086
5391;6.65719748
5392;8.87626362
5393;12.401
5394;12.467
5395;12.5970001
5396;12.632
5397;11.0953293
5398;4.43813181
5399;0
5400;0
5401;0
5402;0
5403;0
5404;0
5405;0
5406;1.47937715
5407;4.43813181
5408;4.43813181
5409;5.17782068
5410;5.9175086
5411;5.9175086
5412;6.65719748
5413;5.9175086
5414;5.9175086
5415;6.65719748
5416;8.87626362
5417;12.3000002
5418;12.3000002
5419;12.4320002
5420;12.4849997
5421;11.0953293
5422;4.43813181
5423;0
5424;0
5425;0
5426;0
5427;0
5428;0
5429;1.08108342
5430;3.24325013
5431;6.48650026
5432;10.8108339
5433;12.46
5434;12.3620005
5435;12.3470001
5436;12.3990002
5437;12.4189997
5438;12.4169998
5439;12.441
5440;12.4799995
5441;12.5299997
5442;12.6049995
5443;12.7299995
5444;5.40541697
5445;1.08108342
5446;0
5447;0
5448;0
5449;0
5450;0
5451;0
5452;0
5453;0
5454;0
5455;0
5456;0.312984884
5457;12.8000002
5458;12.8000002
5459;12.8000002
5460;12.8000002
5461;12.7454042
5462;12.7840004
5463;12.8000002
5464;12.8000002
5465;12.8000002
5466;12.7454042
5467;7.28308773
5468;2.73115802
5469;0.910385966
5470;0
5471;0
5472;1.90661204
5473;1.59786367
5474;2.12891078
5475;2.95998907
5476;3.81322408
5477;3.8600812
5478;4.76409674
5479;7.44316196
5480;7.19761562
5481;7.80436134
5482;8.43798542
5483;8.42890453
5484;9.1057539
5485;8.31121635
5486;8.37115002
5487;9.13444901
5488;11.5162439
5489;12.7089996
5490;12.7519999
5491;12.7799997
5492;12.8000002
5493;12.8000002
5494;6.45226097
5495;2.12309933
5496;0
5497;0
5498;0
5499;0
5500;0
5501;0
5502;1.47937715
5503;4.43813181
5504;4.43813181
5505;5.17782068
5506;5.9175086
5507;5.9175086
5508;6.65719748
5509;5.9175086
5510;5.9175086
5511;6.65719748
5512;8.87626362
5513;12.4709997
5514;12.5670004
5515;12.7189999
5516;12.7729998
5517;11.0953293
5518;4.43813181
5519;0
5520;0
5521;0
5522;0
5523;0
5524;0
5525;0
5526;1.47937715
5527;4.43813181
5528;4.43813181
5529;5.17782068
5530;5.9175086
5531;5.9175086
5532;6.65719748
5533;5.9175086
5534;5.9175086
5535;6.65719748
5536;8.87626362
5537;12.3780003
5538;12.4890003
5539;12.651
5540;12.7980003
5541;11.0953293
5542;4.43813181
5543;0
5544;0
5545;0
5546;0
5547;0
5548;0
5549;0
5550;1.47937715
5551;4.43813181
5552;4.43813181
5553;5.17782068
5554;5.9175086
5555;5.9175086
5556;6.65719748
5557;5.9175086
5558;5.9175086
5559;6.65719748
5560;8.87626362
5561;12.3000002
5562;12.3000002
5563;12.3000002
5564;12.3640003
5565;11.0953293
5566;4.43813181
5567;0
5568;0
5569;0
5570;0
5571;0
5572;0
5573;0
5574;1.47937715
5575;4.43813181
5576;4.43813181
5577;5.17782068
5578;5.9175086
5579;5.9175086
5580;6.65719748
5581;5.9175086
5582;5.9175086
5583;6.65719748
5584;8.87626362
5585;12.3000002
5586;12.3000002
5587;12.3000002
5588;12.3000002
5589;11.0953293
5590;4.43813181
5591;0
5592;0
5593;0
5594;0
5595;0
5596;0
5597;1.08108342
5598;3.24325013
5599;6.48650026
5600;10.8108339
5601;12.3000002
5602;12.3000002
5603;12.3000002
5604;12.3000002
5605;12.3000002
5606;12.3000002
5607;12.3000002
5608;12.3000002
5609;12.3000002
5610;12.3000002
5611;12.3000002
5612;5.40541697
5613;1.08108342
5614;0
5615;0
5616;0
5617;0
5618;0
5619;0
5620;0
5621;0
5622;1.82077193
5623;4.55192995
5624;9.1038599
5625;12.3000002
5626;12.3000002
5627;12.3000002
5628;12.3000002
5629;12.3000002
5630;12.3000002
5631;12.3000002
5632;12.3000002
5633;12.3000002
5634;12.3000002
5635;7.28308773
5636;2.73115802
5637;0.910385966
5638;0
5639;0
5640;0
5641;0
5642;0
5643;0
5644;0
5645;0
5646;1.47937715
5647;4.43813181
5648;4.43813181
5649;5.17782068
5650;5.9175086
5651;5.9175086
5652;6.65719748
5653;5.9175086
5654;5.9175086
5655;6.65719748
5656;8.87626362
5657;12.5860004
5658;12.6420002
5659;12.7609997
5660;12.8000002
5661;11.0953293
5662;4.43813181
5663;0
5664;0
5665;0
5666;0
5667;0
5668;0
5669;0
5670;1.47937715
5671;4.43813181
5672;4.43813181
5673;5.17782068
5674;5.9175086
5675;5.9175086
5676;6.65719748
5677;5.9175086
5678;5.9175086
5679;6.65719748
5680;8.87626362
5681;12.3280001
5682;8.9616518
5683;12.6169996
5684;12.677
5685;11.0953293
5686;4.43813181
5687;0
5688;0
5689;0
5690;0
5691;0
5692;0
5693;0
5694;1.47937715
5695;4.43813181
5696;4.43813181
5697;5.17782068
5698;5.9175086
5699;5.9175086
5700;6.65719748
5701;5.9175086
5702;5.9175086
5703;6.65719748
5704;8.87626362
5705;12.3000002
5706;12.3000002
5707;12.3000002
5708;12.3000002
5709;11.0953293
5710;4.43813181
5711;0
5712;0
5713;0
5714;0
5715;0
5716;0
5717;0
5718;1.47937715
5719;4.43813181
5720;4.43813181
5721;5.17782068
5722;5.9175086
5723;5.9175086
5724;6.65719748
5725;5.9175086
5726;5.9175086
5727;6.65719748
5728;8.87626362
5729;12.3540001
5730;12.427
5731;12.5979996
5732;12.6689997
5733;11.0953293
5734;4.43813181
5735;0
5736;0
5737;0
5738;0
5739;0
5740;0
5741;0
5742;1.47937715
5743;4.43813181
5744;4.43813181
5745;5.17782068
5746;5.9175086
5747;5.9175086
5748;6.65719748
5749;5.9175086
5750;5.9175086
5751;6.65719748
5752;8.87626362
5753;12.7860003
5754;12.8000002
5755;12.6999998
5756;12.6739998
5757;11.0953293
5758;4.43813181
5759;0
5760;4.5904789
5761;3.84711695
5762;5.12569952
5763;7.12665558
5764;9.18095779
5765;10.3748579
5766;11.1517477
5767;12.6739998
5768;12.6999998
5769;12.8000002
5770;12.8000002
5771;12.7589998
5772;12.7060003
5773;12.6870003
5774;12.6739998
5775;12.7220001
5776;12.8000002
5777;12.7869997
5778;12.7049999
5779;12.6999998
5780;12.1306572
5781;5.68293142
5782;4.84934425
5783;5.11170769
5784;12.5880003
5785;12.5539999
5786;12.5
5787;12.5
5788;12.4969997
5789;12.4829998
5790;12.5
5791;12.5
5792;12.5190001
5793;12.5179996
5794;12.5
5795;12.5159998
5796;12.5970001
5797;12.5950003
5798;12.6999998
5799;12.6029997
5800;12.5550003
5801;12.5799999
5802;12.5810003
5803;12.5360003
5804;12.5389996
5805;12.5039997
5806;12.5
5807;12.5
5808;12.5
5809;10.8504791
5810;12.5
5811;12.5
5812;12.5
5813;12.5
5814;12.5
5815;12.5
5816;12.573
5817;12.6779995
5818;12.6999998
5819;12.7840004
5820;12.8000002
5821;12.8000002
5822;12.7930002
5823;12.79
5824;12.5760002
5825;12.6230001
5826;12.6700001
5827;12.6999998
5828;12.6999998
5829;12.7110004
5830;12.757
5831;12.8000002
5832;0
5833;0
5834;0
5835;0
5836;0
5837;0
5838;1.50401378
5839;4.51204109
5840;4.51204109
5841;5.26404858
5842;6.01605511
5843;6.01605511
5844;6.76806164
5845;6.01605511
5846;6.01605511
5847;6.76806164
5848;9.02408218
5849;12.3000002
5850;12.3000002
5851;12.3000002
5852;12.3000002
5853;11.2801037
5854;4.51204109
5855;0
5856;0
5857;0
5858;0
5859;0
5860;0
5861;0
5862;1.50401378
5863;4.51204109
5864;4.51204109
5865;5.26404858
5866;6.01605511
5867;6.01605511
5868;6.76806164
5869;6.01605511
5870;6.01605511
5871;6.76806164
5872;9.02408218
5873;12.3050003
5874;12.4020004
5875;12.4300003
5876;12.4729996
5877;11.2801037
5878;4.51204109
5879;0
5880;0
5881;0
5882;0
5883;0
5884;0
5885;0
5886;1.50401378
5887;4.51204109
5888;4.51204109
5889;5.26404858
5890;6.01605511
5891;6.01605511
5892;6.76806164
5893;6.01605511
5894;6.01605511
5895;6.76806164
5896;9.02408218
5897;12.4350004
5898;12.5129995
5899;12.6359997
5900;12.6689997
5901;11.2801037
5902;4.51204109
5903;0
5904;0
5905;0
5906;0
5907;0
5908;0
5909;0
5910;1.50401378
5911;4.51204109
5912;4.51204109
5913;5.26404858
5914;6.01605511
5915;6.01605511
5916;6.76806164
5917;6.01605511
5918;6.01605511
5919;6.76806164
5920;9.02408218
5921;12.8000002
5922;12.6999998
5923;12.6999998
5924;12.6619997
5925;11.2801037
5926;4.51204109
5927;0
5928;3.5908823
5929;3.00939035
5930;4.00955629
5931;5.57479525
5932;7.1817646
5933;8.36910152
5934;9.4836483
5935;12.2541466
5936;12.6890001
5937;12.6999998
5938;12.7399998
5939;12.7869997
5940;12.8000002
5941;12.8000002
5942;12.7439995
5943;12.7650003
5944;12.8000002
5945;12.8000002
5946;12.7670002
5947;12.6999998
5948;10.7562237
5949;4.69886255
5950;3.79337811
5951;3.99861073
5952;6.09098339
5953;5.10463619
5954;6.80115271
5955;9.45616817
5956;12.1819668
5957;12.3316593
5958;12.3446665
5959;12.6779995
5960;12.6999998
5961;12.8000002
5962;12.8000002
5963;12.7489996
5964;12.7200003
5965;12.6820002
5966;12.6590004
5967;12.6330004
5968;12.6520004
5969;12.7180004
5970;12.8000002
5971;12.7369995
5972;11.700181
5973;7.03161526
5974;6.43446398
5975;6.78258705
5976;2.18745542
5977;1.83322835
5978;2.44249868
5979;3.39599442
5980;4.37491083
5981;4.42866993
5982;5.27257156
5983;7.95971107
5984;7.67799616
5985;8.27747726
5986;8.90779686
5987;8.89737892
5988;9.57728958
5989;8.7623558
5990;8.83111763
5991;9.61021137
5992;12.0529308
5993;12.3000002
5994;12.3579998
5995;12.6350002
5996;12.8000002
5997;12.6999998
5998;6.82285118
5999;2.43583107
6000;0
6001;0
6002;0
6003;0
6004;0
6005;0
6006;1.50401378
6007;4.51204109
6008;4.51204109
6009;5.26404858
6010;6.01605511
6011;6.01605511
6012;6.76806164
6013;6.01605511
6014;6.01605511
6015;6.76806164
6016;9.02408218
6017;12.3000002
6018;12.3389997
6019;12.4870005
6020;12.6300001
6021;11.2801037
6022;4.51204109
6023;0
6024;0
6025;0
6026;0
6027;0
6028;0
6029;0
6030;1.50401378
6031;4.51204109
6032;4.51204109
6033;5.26404858
6034;6.01605511
6035;6.01605511
6036;6.76806164
6037;6.01605511
6038;6.01605511
6039;0
6040;0.233207181
6041;12.3000002
6042;12.3850002
6043;12.5819998
6044;12.7130003
6045;11.2801037
6046;4.51204109
6047;0
6048;0
6049;0
6050;0
6051;0
6052;0
6053;0
6054;1.50401378
6055;4.51204109
6056;4.51204109
6057;5.26404858
6058;6.01605511
6059;6.01605511
6060;6.76806164
6061;6.01605511
6062;6.01605511
6063;6.76806164
6064;9.02408218
6065;12.3000002
6066;12.3769999
6067;12.4840002
6068;12.5550003
6069;11.2801037
6070;4.51204109
6071;0
6072;0
6073;0
6074;0
6075;0
6076;0
6077;0
6078;1.50401378
6079;4.51204109
6080;4.51204109
6081;5.26404858
6082;6.01605511
6083;6.01605511
6084;6.76806164
6085;6.01605511
6086;6.01605511
6087;6.76806164
6088;9.02408218
6089;12.5249996
6090;12.5979996
6091;12.6639996
6092;12.691
6093;11.2801037
6094;4.51204109
6095;0
6096;0
6097;0
6098;0
6099;0
6100;0
6101;1.099087
6102;3.297261
6103;6.594522
6104;10.9908695
6105;12.7069998
6106;12.6079998
6107;12.54
6108;12.5150003
6109;12.4709997
6110;12.4650002
6111;12.4460001
6112;12.474
6113;12.5500002
6114;12.665
6115;12.7390003
6116;5.49543476
6117;1.099087
6118;0
6119;0
6120;2.00596738
6121;1.68112981
6122;2.23985028
6123;3.11423659
6124;4.01193476
6125;4.06123352
6126;5.30698299
6127;7.78935909
6128;12.1587524
6129;12.8000002
6130;12.7449999
6131;12.7259998
6132;12.7200003
6133;12.7089996
6134;12.7139997
6135;12.7279997
6136;12.7869997
6137;12.8000002
6138;12.7530003
6139;10.2885513
6140;5.71546507
6141;2.93648219
6142;2.11908722
6143;2.2337358
6144;12.5
6145;12.5
6146;12.5
6147;12.5
6148;12.5
6149;12.4680004
6150;12.5
6151;12.5
6152;12.5430002
6153;12.6490002
6154;12.6610003
6155;12.6999998
6156;12.6999998
6157;12.6999998
6158;12.6999998
6159;12.6999998
6160;12.6999998
6161;12.6999998
6162;12.6020002
6163;12.5190001
6164;12.5
6165;12.5
6166;12.434
6167;12.3999996
6168;12.3599997
6169;11.3409634
6170;12.1759996
6171;12.2019997
6172;12.3880005
6173;12.3999996
6174;12.3999996
6175;12.5
6176;12.5480003
6177;12.618
6178;12.6999998
6179;12.7869997
6180;12.8000002
6181;12.7089996
6182;12.6700001
6183;12.6309996
6184;12.6099997
6185;12.698
6186;12.8000002
6187;12.7530003
6188;12.6999998
6189;12.6970005
6190;12.6059999
6191;12.5430002
6192;6.22985601
6193;5.22102022
6194;6.95621681
6195;9.67176533
6196;12.459712
6197;12.6128178
6198;12.2368364
6199;12.7650003
6200;12.8000002
6201;12.7270002
6202;12.5719995
6203;12.3809996
6204;12.3000002
6205;12.3000002
6206;12.3000002
6207;12.3000002
6208;12.316
6209;12.4020004
6210;12.5190001
6211;12.5860004
6212;12.6409998
6213;12.6850004
6214;11.0932093
6215;6.9372282
6216;0
6217;0
6218;0
6219;0
6220;0
6221;0
6222;1.50401378
6223;4.51204109
6224;4.51204109
6225;5.26404858
6226;6.01605511
6227;6.01605511
6228;6.76806164
6229;6.01605511
6230;6.01605511
6231;6.76806164
6232;9.02408218
6233;12.7049999
6234;12.7259998
6235;12.7360001
6236;12.7560005
6237;11.2801037
6238;4.51204109
6239;0
6240;3.31702518
6241;2.77988052
6242;3.70376897
6243;5.14963579
6244;6.63405037
6245;6.71556997
6246;7.21859932
6247;9.74003601
6248;9.31284904
6249;9.83356857
6250;10.4010496
6251;10.385252
6252;11.0279331
6253;10.1805038
6254;10.2847738
6255;11.0778561
6256;12.3000002
6257;12.3249998
6258;12.4399996
6259;12.5860004
6260;12.6110001
6261;12.6330004
6262;8.016119
6263;3.69365835
6264;0
6265;0
6266;0
6267;0
6268;0
6269;1.099087
6270;3.297261
6271;6.594522
6272;10.9908695
6273;12.4890003
6274;12.408
6275;12.3079996
6276;12.3000002
6277;12.3000002
6278;12.3000002
6279;12.3000002
6280;12.3100004
6281;12.4060001
6282;12.5360003
6283;12.6190004
6284;5.49543476
6285;1.099087
6286;0
6287;0
6288;0
6289;0
6290;0
6291;0
6292;0
6293;0
6294;1.85109389
6295;4.62773466
6296;9.25546932
6297;12.4879999
6298;12.3920002
6299;12.3009996
6300;12.3000002
6301;12.3000002
6302;12.3000002
6303;12.3000002
6304;12.3000002
6305;12.4440002
6306;12.5550003
6307;7.40437555
6308;2.77664089
6309;0.925546944
6310;0
6311;0
6312;0
6313;0
6314;0
6315;0
6316;0
6317;0
6318;1.50401378
6319;4.51204109
6320;4.51204109
6321;5.26404858
6322;6.01605511
6323;6.01605511
6324;6.76806164
6325;6.01605511
6326;6.01605511
6327;6.76806164
6328;9.02408218
6329;12.5150003
6330;12.6090002
6331;12.6129999
6332;12.698
6333;11.2801037
6334;4.51204109
6335;0
6336;0
6337;0
6338;0
6339;0
6340;0
6341;0
6342;1.50401378
6343;4.51204109
6344;4.51204109
6345;5.26404858
6346;6.01605511
6347;6.01605511
6348;6.76806164
6349;6.01605511
6350;6.01605511
6351;6.76806164
6352;9.02408218
6353;12.4040003
6354;12.526
6355;12.5579996
6356;12.4610004
6357;11.2801037
6358;4.51204109
6359;0
6360;0
6361;0
6362;0
6363;0
6364;0
6365;0
6366;1.50401378
6367;4.51204109
6368;4.51204109
6369;5.26404858
6370;6.01605511
6371;6.01605511
6372;6.76806164
6373;6.01605511
6374;6.01605511
6375;6.76806164
6376;9.02408218
6377;12.3470001
6378;12.5240002
6379;12.6669998
6380;12.7790003
6381;11.2801037
6382;4.51204109
6383;0
6384;0
6385;0
6386;0
6387;0
6388;0
6389;0
6390;1.50401378
6391;4.51204109
6392;4.51204109
6393;5.26404858
6394;6.01605511
6395;6.01605511
6396;6.76806164
6397;6.01605511
6398;6.01605511
6399;6.76806164
6400;9.02408218
6401;12.4569998
6402;12.5600004
6403;12.6540003
6404;12.743
6405;11.2801037
6406;4.51204109
6407;0
6408;0
6409;0
6410;0
6411;0
6412;0
6413;0
6414;1.50401378
6415;4.51204109
6416;4.51204109
6417;5.26404858
6418;6.01605511
6419;6.01605511
6420;6.76806164
6421;6.01605511
6422;6.01605511
6423;6.76806164
6424;9.02408218
6425;12.6660004
6426;12.7560005
6427;12.8000002
6428;12.7399998
6429;11.2801037
6430;4.51204109
6431;0
6432;0
6433;0
6434;0
6435;0
6436;0
6437;1.099087
6438;3.297261
6439;6.594522
6440;10.9908695
6441;12.7670002
6442;12.6210003
6443;12.4890003
6444;12.3900003
6445;12.335
6446;12.3179998
6447;12.3330002
6448;12.3950005
6449;12.526
6450;12.7119999
6451;12.8000002
6452;5.49543476
6453;1.099087
6454;0
6455;0
6456;0
6457;0
6458;0
6459;0
6460;0
6461;0
6462;1.85109389
6463;4.62773466
6464;9.25546932
6465;12.7089996
6466;12.5539999
6467;12.4490004
6468;12.3669996
6469;12.3199997
6470;12.3070002
6471;12.3319998
6472;12.3900003
6473;12.5240002
6474;12.6879997
6475;7.40437555
6476;2.77664089
6477;0.925546944
6478;0
6479;0
6480;0
6481;0
6482;0
6483;0
6484;0
6485;0
6486;0
6487;0
6488;0
6489;1.02982664
6490;6.01605511
6491;6.01605511
6492;6.76806164
6493;6.01605511
6494;6.01605511
6495;6.76806164
6496;9.02408218
6497;12.5810003
6498;12.6969995
6499;12.757
6500;12.724
6501;11.2801037
6502;4.51204109
6503;0
6504;2.54660439
6505;2.13421845
6506;2.84352231
6507;3.95356846
6508;5.09320879
6509;5.15579462
6510;5.89131546
6511;8.52576923
6512;8.19780064
6513;8.77223969
6514;9.3825798
6515;9.37045097
6516;10.0385246
6517;9.21325874
6518;9.29331017
6519;10.0768518
6520;12.5502243
6521;12.7130003
6522;12.8000002
6523;12.8000002
6524;12.7679996
6525;12.6490002
6526;7.20225286
6527;2.83575988
6528;2.9823277
6529;2.4993825
6530;3.33004808
6531;4.63002253
6532;5.9646554
6533;6.03794909
6534;6.64198112
6535;9.21251678
6536;8.82843304
6537;9.37248993
6538;9.95859146
6539;9.94438744
6540;10.5980997
6541;9.76029968
6542;9.85404778
6543;10.6429853
6544;12.8000002
6545;12.8000002
6546;12.8000002
6547;12.8000002
6548;12.8000002
6549;12.7889996
6550;7.66254711
6551;3.32095742
6552;7.15068483
6553;7.43249083
6554;7.67384529
6555;9.90320873
6556;12.6999998
6557;12.6999998
6558;12.6999998
6559;12.6999998
6560;12.6280003
6561;12.4540005
6562;12.3579998
6563;12.3660002
6564;12.4549999
6565;12.4729996
6566;12.4940004
6567;12.5
6568;12.5419998
6569;12.6149998
6570;12.7189999
6571;12.7779999
6572;12.7030001
6573;12.6999998
6574;10.4542255
6575;6.52153683
6576;8.00035667
6577;8.31564713
6578;8.58568096
6579;11.0799456
6580;12.6800003
6581;12.6479998
6582;12.658
6583;12.6999998
6584;12.7320004
6585;12.8000002
6586;12.8000002
6587;12.7930002
6588;12.7690001
6589;12.7270002
6590;12.7189999
6591;12.7379999
6592;12.8000002
6593;12.776
6594;12.6999998
6595;12.6759996
6596;12.6199999
6597;12.5760002
6598;11.1655254
6599;7.29645061
6600;11.3163261
6601;11.7622976
6602;12.1442537
6603;12.5
6604;12.5
6605;12.5
6606;12.5
6607;12.5
6608;12.5909996
6609;12.684
6610;12.6999998
6611;12.7150002
6612;12.6999998
6613;12.7220001
6614;12.6999998
6615;12.6999998
6616;12.6890001
6617;12.6569996
6618;12.6020002
6619;12.5249996
6620;12.5
6621;12.5
6622;9.47342587
6623;10.3206673
6624;12.4759998
6625;12.4510002
6626;12.4659996
6627;12.467
6628;12.4139996
6629;12.4139996
6630;12.4130001
6631;12.474
6632;12.4860001
6633;12.5
6634;12.5539999
6635;12.6110001
6636;12.6700001
6637;12.6999998
6638;12.6999998
6639;12.6890001
6640;12.6700001
6641;12.6350002
6642;12.6040001
6643;12.5970001
6644;12.5679998
6645;12.533
6646;12.5
6647;12.5
6648;12.4770002
6649;12.4160004
6650;12.3999996
6651;12.3999996
6652;12.3400002
6653;12.2659998
6654;12.2220001
6655;12.2720003
6656;12.3999996
6657;12.4589996
6658;12.4729996
6659;12.5
6660;12.5050001
6661;12.6149998
6662;12.6440001
6663;12.5799999
6664;12.5
6665;12.4899998
6666;12.3999996
6667;12.3880005
6668;12.2480001
6669;12.151
6670;12.0679998
6671;11.9259996
6672;11.7779999
6673;11.8439999
6674;11.9200001
6675;12.1070004
6676;12.1490002
6677;12.177
6678;12.1960001
6679;12.2419996
6680;12.3000002
6681;12.3999996
6682;12.3999996
6683;12.4250002
6684;12.4399996
6685;12.474
6686;12.4849997
6687;12.4890003
6688;12.4869995
6689;12.4659996
6690;12.4540005
6691;12.4289999
6692;12.4300003
6693;12.4329996
6694;12.4350004
6695;12.441
6696;12.4440002
6697;12.4530001
6698;12.4540005
6699;12.46
6700;12.4580002
6701;12.4589996
6702;12.4490004
6703;12.4619999
6704;12.4809999
6705;12.5
6706;12.5880003
6707;12.618
6708;12.6660004
6709;12.684
6710;12.691
6711;12.6490002
6712;12.5909996
6713;12.5389996
6714;12.5
6715;12.5
6716;12.467
6717;12.408
6718;12.3999996
6719;12.3999996
6720;12.3999996
6721;12.3999996
6722;12.3999996
6723;12.3999996
6724;12.3999996
6725;12.3900003
6726;12.3880005
6727;12.3999996
6728;12.4470005
6729;12.5
6730;12.5089998
6731;12.5419998
6732;12.526
6733;12.5
6734;12.5
6735;12.5
6736;12.4829998
6737;12.4350004
6738;12.3999996
6739;12.3999996
6740;12.2840004
6741;12.1719999
6742;12.2180004
6743;12.2959995
6744;12.2340002
6745;12.1879997
6746;12.1599998
6747;12.1289997
6748;12.0679998
6749;11.9960003
6750;11.9300003
6751;12.0579996
6752;12.1429996
6753;12.3520002
6754;12.434
6755;12.5
6756;12.5120001
6757;12.5459995
6758;12.5360003
6759;12.5
6760;12.5
6761;12.4099998
6762;12.3999996
6763;12.2439995
6764;12.1700001
6765;12.1389999
6766;12.1730003
6767;12.132
6768;12.0539999
6769;11.9300003
6770;11.8640003
6771;11.8240004
6772;11.776
6773;11.7180004
6774;11.5900002
6775;11.6289997
6776;11.9420004
6777;12.1780005
6778;12.3999996
6779;12.5
6780;12.5080004
6781;12.5150003
6782;12.5109997
6783;12.5
6784;12.5
6785;12.4289999
6786;12.3979998
6787;12.1619997
6788;12.0780001
6789;12.0360003
6790;11.8880005
6791;11.7779999
6792;11.6999998
6793;11.6289997
6794;11.5900002
6795;11.5559998
6796;11.5019999
6797;11.4919996
6798;11.4940004
6799;11.7600002
6800;12.1300001
6801;12.3999996
6802;12.4619999
6803;12.5
6804;12.5
6805;12.5
6806;12.5
6807;12.5
6808;12.4549999
6809;12.3999996
6810;12.342
6811;12.1730003
6812;12.1059999
6813;11.8940001
6814;11.8039999
6815;11.8760004
6816;11.9200001
6817;11.8760004
6818;11.7860003
6819;11.7480001
6820;11.7279997
6821;11.6479998
6822;11.4820004
6823;11.6450005
6824;11.9840002
6825;12.2119999
6826;12.3999996
6827;12.441
6828;12.4849997
6829;12.5
6830;12.5
6831;12.5
6832;12.5
6833;12.4350004
6834;12.3999996
6835;12.3540001
6836;12.1700001
6837;12.0880003
6838;11.9779997
6839;11.8959999
6840;11.8540001
6841;11.8179998
6842;11.7919998
6843;11.7639999
6844;11.7480001
6845;11.7279997
6846;11.7460003
6847;12.0080004
6848;12.1429996
6849;12.3000002
6850;12.3999996
6851;12.5
6852;12.5060005
6853;12.5620003
6854;12.585
6855;12.5790005
6856;12.5109997
6857;12.5
6858;12.4359999
6859;12.3999996
6860;12.316
6861;12.2519999
6862;12.198
6863;12.1619997
6864;12.1190004
6865;12.0740004
6866;12.026
6867;11.9779997
6868;11.9519997
6869;11.9219999
6870;11.9219999
6871;12.0959997
6872;12.368
6873;12.5
6874;12.5909996
6875;12.6999998
6876;12.7489996
6877;12.8000002
6878;12.8000002
6879;12.8000002
6880;12.7439995
6881;12.6999998
6882;12.6999998
6883;12.5
6884;12.4020004
6885;12.3999996
6886;12.3999996
6887;12.4029999
6888;12.3999996
6889;12.3999996
6890;12.3940001
6891;12.29
6892;12.2419996
6893;12.2799997
6894;12.3940001
6895;12.5
6896;12.5439997
6897;12.6350002
6898;12.6999998
6899;12.7980003
6900;12.783
6901;12.7419996
6902;12.7340002
6903;12.7639999
6904;12.8000002
6905;12.6999998
6906;12.6339998
6907;12.6470003
6908;12.5
6909;12.3999996
6910;12.3880005
6911;12.1949997
6912;12.125
6913;12.0380001
6914;12.0019999
6915;12.0600004
6916;12.1099997
6917;12.1400003
6918;12.1459999
6919;12.2460003
6920;12.4720001
6921;12.6470003
6922;12.7819996
6923;12.7040005
6924;12.5749998
6925;12.5059996
6926;12.4890003
6927;12.5270004
6928;12.6709995
6929;12.8000002
6930;12.6999998
6931;12.6350002
6932;12.5
6933;12.5
6934;12.4560003
6935;12.3999996
6936;12.3999996
6937;12.382
6938;12.3699999
6939;12.3739996
6940;12.3999996
6941;12.3999996
6942;12.3999996
6943;12.427
6944;12.5039997
6945;12.6999998
6946;12.8000002
6947;12.7530003
6948;12.6499996
6949;12.6040001
6950;12.6000004
6951;12.7729998
6952;12.8000002
6953;12.7110004
6954;12.6999998
6955;12.6899996
6956;12.6490002
6957;12.6219997
6958;12.5959997
6959;12.5799999
6960;12.5699997
6961;12.5430002
6962;12.5
6963;12.5
6964;12.5
6965;12.5
6966;12.5
6967;12.5
6968;12.6520004
6969;12.6999998
6970;12.6999998
6971;12.7670002
6972;12.8000002
6973;12.7980003
6974;12.724
6975;12.6999998
6976;12.6999998
6977;12.6239996
6978;12.585
6979;12.5609999
6980;12.5
6981;12.5
6982;12.5
6983;12.5
6984;12.5
6985;12.5
6986;12.5
6987;12.4980001
6988;12.4910002
6989;12.467
6990;12.4200001
6991;12.4390001
6992;12.4890003
6993;12.5
6994;12.5229998
6995;12.5979996
6996;12.6110001
6997;12.6219997
6998;12.6210003
6999;12.5900002
7000;12.5139999
7001;12.5
7002;12.4829998
7003;12.474
7004;12.4300003
7005;12.3999996
7006;12.3999996
7007;12.3999996
7008;12.3739996
7009;12.368
7010;12.3640003
7011;12.3699999
7012;12.3459997
7013;12.3479996
7014;12.3059998
7015;12.3459997
7016;12.3999996
7017;12.3999996
7018;12.4429998
7019;12.5
7020;12.5
7021;12.5
7022;12.5
7023;12.5
7024;12.474
7025;12.4069996
7026;12.3999996
7027;12.3999996
7028;12.3999996
7029;12.3999996
7030;12.3999996
7031;12.3999996
7032;12.3999996
7033;12.3859997
7034;12.3500004
7035;12.3100004
7036;12.2480001
7037;12.1700001
7038;12.1079998
7039;12.0060005
7040;12.1359997
7041;12.2819996
7042;12.3999996
7043;12.4180002
7044;12.46
7045;12.4829998
7046;12.4799995
7047;12.4470005
7048;12.3999996
7049;12.3540001
7050;12.1879997
7051;12.0579996
7052;12.0360003
7053;11.9519997
7054;11.8439999
7055;11.8619995
7056;11.9519997
7057;11.974
7058;11.9779997
7059;11.9720001
7060;11.9820004
7061;11.8979998
7062;11.8660002
7063;12.1059999
7064;12.2799997
7065;12.3999996
7066;12.5
7067;12.5
7068;12.5
7069;12.5100002
7070;12.5170002
7071;12.5
7072;12.5
7073;12.3999996
7074;12.2580004
7075;12.1119995
7076;11.8880005
7077;11.6800003
7078;11.6350002
7079;11.5439997
7080;11.4259996
7081;11.3299999
7082;11.2620001
7083;11.2360001
7084;11.2559996
7085;11.2580004
7086;11.3079996
7087;11.6260004
7088;11.7860003
7089;12.1280003
7090;12.3999996
7091;12.427
7092;12.5
7093;12.5629997
7094;12.6129999
7095;12.5959997
7096;12.5190001
7097;12.5
7098;12.5
7099;12.5
7100;12.5
7101;12.5
7102;12.5
7103;12.5
7104;12.5
7105;12.5
7106;12.5
7107;12.5
7108;12.5
7109;12.5
7110;12.4809999
7111;12.5
7112;12.6339998
7113;12.6999998
7114;12.8000002
7115;12.7279997
7116;12.7299995
7117;12.6459999
7118;12.5790005
7119;12.6059999
7120;12.7419996
7121;12.8000002
7122;12.7460003
7123;12.7130003
7124;12.6999998
7125;12.6999998
7126;12.6759996
7127;12.6829996
7128;12.6739998
7129;12.677
7130;12.6809998
7131;12.6999998
7132;12.6999998
7133;12.6999998
7134;12.6970005
7135;12.6999998
7136;12.6999998
7137;12.6999998
7138;12.7180004
7139;12.7119999
7140;12.7840004
7141;12.7860003
7142;12.7959995
7143;12.7659998
7144;12.6999998
7145;12.6999998
7146;12.6680002
7147;12.5959997
7148;12.552
7149;12.533
7150;12.5120001
7151;12.5
7152;12.5
7153;12.5
7154;12.5
7155;12.4869995
7156;12.4359999
7157;12.4779997
7158;12.5
7159;12.5
7160;12.5150003
7161;12.5760002
7162;12.6289997
7163;12.677
7164;12.6999998
7165;12.6999998
7166;12.6999998
7167;12.6590004
7168;12.6129999
7169;12.5469999
7170;12.5
7171;12.4890003
7172;12.4569998
7173;12.4720001
7174;12.4799995
7175;12.4589996
7176;12.4040003
7177;12.3999996
7178;12.3140001
7179;12.2220001
7180;12.21
7181;12.177
7182;12.2220001
7183;12.1199999
7184;12.3999996
7185;12.4860001
7186;12.5
7187;12.5780001
7188;12.6499996
7189;12.6899996
7190;12.6999998
7191;12.6739998
7192;12.5939999
7193;12.5
7194;12.3999996
7195;12.3619995
7196;12.2919998
7197;12.1689997
7198;12.1309996
7199;12.0500002
7200;12.0100002
7201;11.9460001
7202;11.868
7203;11.8000002
7204;11.6899996
7205;11.6619997
7206;11.6569996
7207;11.6470003
7208;12.2419996
7209;12.4790001
7210;12.5880003
7211;12.6960001
7212;12.6999998
7213;12.6999998
7214;12.6999998
7215;12.6999998
7216;12.6380005
7217;12.5
7218;12.5
7219;12.3999996
7220;12.3999996
7221;12.3039999
7222;12.191
7223;12.1429996
7224;12.1339998
7225;12.118
7226;12.1759996
7227;12.1890001
7228;12.2939997
7229;12.3260002
7230;12.3599997
7231;12.3999996
7232;12.4399996
7233;12.5
7234;12.5159998
7235;12.5760002
7236;12.6330004
7237;12.6870003
7238;12.6809998
7239;12.6440001
7240;12.5930004
7241;12.5010004
7242;12.5
7243;12.5
7244;12.5
7245;12.5
7246;12.4860001
7247;12.4460001
7248;12.4029999
7249;12.3999996
7250;12.2720003
7251;12.0880003
7252;11.9460001
7253;11.9040003
7254;11.842
7255;12.0880003
7256;12.1479998
7257;12.2600002
7258;12.3999996
7259;12.5
7260;12.5509996
7261;12.625
7262;12.6400003
7263;12.6009998
7264;12.5
7265;12.4420004
7266;12.3999996
7267;12.2439995
7268;12.1529999
7269;12.0819998
7270;12.0120001
7271;11.9300003
7272;11.8540001
7273;11.816
7274;11.7880001
7275;11.7399998
7276;11.6739998
7277;11.6470003
7278;11.5679998
7279;11.6780005
7280;12.2019997
7281;12.3999996
7282;12.4440002
7283;12.5
7284;12.5600004
7285;12.6210003
7286;12.6370001
7287;12.5900002
7288;12.0500002
7289;12.1190004
7290;12.1630001
7291;12.2159996
7292;12.3039999
7293;12.3920002
7294;12.3999996
7295;12.3999996
7296;12.4279995
7297;12.4720001
7298;12.5
7299;12.5
7300;12.5050001
7301;12.5489998
7302;12.5930004
7303;12.6370001
7304;12.6999998
7305;12.6999998
7306;12.7489996
7307;12.7950001
7308;12.8000002
7309;12.8000002
7310;12.7980003
7311;12.7969999
7312;12.8000002
7313;12.8000002
7314;12.8000002
7315;12.8000002
7316;12.8000002
7317;12.8000002
7318;12.8000002
7319;12.8000002
7320;5.26725197
7321;5.47483253
7322;5.65261555
7323;7.29478312
7324;11.2859221
7325;11.587388
7326;10.1419821
7327;8.97773361
7328;7.81631422
7329;7.6963582
7330;12.0584078
7331;11.9190769
7332;12.4230003
7333;11.9050941
7334;12.3067713
7335;12.4020004
7336;12.5310001
7337;12.6379995
7338;12.7069998
7339;12.6759996
7340;12.7139997
7341;9.64603519
7342;8.88995171
7343;4.80381632
7344;12.7130003
7345;12.7399998
7346;12.8000002
7347;12.783
7348;12.6999998
7349;12.6829996
7350;12.6310005
7351;12.5670004
7352;12.5609999
7353;12.5699997
7354;12.5979996
7355;12.618
7356;12.6189995
7357;12.6199999
7358;12.6119995
7359;12.5819998
7360;12.5380001
7361;12.5
7362;12.5
7363;12.5
7364;12.5
7365;12.4849997
7366;12.4680004
7367;12.4350004
7368;12.3999996
7369;12.3999996
7370;12.3999996
7371;12.3260002
7372;12.1789999
7373;12.1000004
7374;11.9820004
7375;12.1330004
7376;12.2939997
7377;12.3640003
7378;12.3999996
7379;12.3999996
7380;12.4069996
7381;12.4139996
7382;12.4110003
7383;12.4029999
7384;12.3999996
7385;12.3999996
7386;12.3999996
7387;12.3999996
7388;12.3859997
7389;12.3780003
7390;12.3400002
7391;12.2740002
7392;12.1850004
7393;12.125
7394;12.0780001
7395;12.1009998
7396;12.1190004
7397;12.118
7398;12.1389999
7399;11.8479996
7400;12.0480003
7401;12.2119999
7402;12.3999996
7403;12.448
7404;12.5
7405;12.5
7406;12.5
7407;12.5
7408;12.4429998
7409;12.3999996
7410;12.2860003
7411;12.1590004
7412;12.0360003
7413;11.8459997
7414;11.677
7415;11.5959997
7416;11.4960003
7417;11.4499998
7418;11.4239998
7419;11.3739996
7420;11.3140001
7421;11.276
7422;11.2720003
7423;11.3120003
7424;11.7279997
7425;12.1999998
7426;12.3999996
7427;12.4829998
7428;12.5
7429;12.5469999
7430;12.559
7431;12.5
7432;12.4390001
7433;12.3999996
7434;12.2379999
7435;12.0760002
7436;11.96
7437;11.8619995
7438;11.7740002
7439;11.698
7440;11.6730003
7441;11.6499996
7442;11.6339998
7443;11.6409998
7444;11.6350002
7445;11.6140003
7446;11.6350002
7447;11.842
7448;12.0600004
7449;12.3000002
7450;12.46
7451;12.5480003
7452;12.6999998
7453;12.724
7454;12.7519999
7455;12.6999998
7456;12.5679998
7457;12.4899998
7458;12.3999996
7459;12.1920004
7460;12.1440001
7461;12.1190004
7462;12.1000004
7463;12.0019999
7464;11.9020004
7465;11.8059998
7466;11.7460003
7467;11.7019997
7468;11.6960001
7469;11.7440004
7470;11.7159996
7471;11.8979998
7472;12.3579998
7473;12.5600004
7474;12.6999998
7475;12.8000002
7476;12.7659998
7477;12.7329998
7478;12.7469997
7479;12.8000002
7480;12.6999998
7481;12.6230001
7482;12.5240002
7483;12.6920004
7484;12.6540003
7485;12.592
7486;12.4630003
7487;12.1940002
7488;12.052
7489;11.9119997
7490;11.8699999
7491;11.8880005
7492;11.8900003
7493;11.9639997
7494;11.9700003
7495;12.1459999
7496;12.3999996
7497;12.5
7498;12.6260004
7499;12.6999998
7500;12.7399998
7501;12.8000002
7502;12.8000002
7503;12.7510004
7504;12.6999998
7505;12.5749998
7506;12.5
7507;12.4619999
7508;12.3999996
7509;12.2939997
7510;12.1890001
7511;12.1450005
7512;12.0900002
7513;11.9519997
7514;11.8439999
7515;11.8179998
7516;11.8120003
7517;11.8140001
7518;11.7919998
7519;12.0880003
7520;12.2679996
7521;12.3999996
7522;12.4519997
7523;12.5
7524;12.6009998
7525;12.677
7526;12.6899996
7527;12.6549997
7528;12.5489998
7529;12.5
7530;12.4350004
7531;12.3999996
7532;12.3999996
7533;12.3999996
7534;12.3900003
7535;12.2880001
7536;12.2700005
7537;12.2340002
7538;12.2779999
7539;12.3039999
7540;12.2779999
7541;12.2980003
7542;12.3599997
7543;12.3999996
7544;12.3999996
7545;12.4659996
7546;12.5
7547;12.5080004
7548;12.5480003
7549;12.5749998
7550;12.5939999
7551;12.5799999
7552;12.5270004
7553;12.5
7554;12.5
7555;12.4130001
7556;12.3999996
7557;12.2700005
7558;12.2620001
7559;12.2279997
7560;12.198
7561;12.191
7562;12.1899996
7563;12.1990004
7564;12.1940002
7565;12.2340002
7566;12.3199997
7567;12.3999996
7568;12.408
7569;12.5139999
7570;12.6999998
7571;12.7189999
7572;12.7530003
7573;12.7360001
7574;12.6999998
7575;12.6999998
7576;12.6199999
7577;12.5509996
7578;12.5
7579;12.5
7580;12.4700003
7581;12.4200001
7582;12.3999996
7583;12.3999996
7584;12.3599997
7585;12.3000002
7586;12.2360001
7587;12.1829996
7588;12.1210003
7589;12.1029997
7590;12.0679998
7591;12.1140003
7592;12.3880005
7593;12.5
7594;12.6999998
7595;12.7480001
7596;12.8000002
7597;12.8000002
7598;12.8000002
7599;12.7650003
7600;12.6999998
7601;12.6459999
7602;12.6090002
7603;12.5310001
7604;12.5439997
7605;12.5200005
7606;12.5
7607;12.5
7608;12.5
7609;12.4680004
7610;12.4429998
7611;12.448
7612;12.4029999
7613;12.3999996
7614;12.3699999
7615;12.2919998
7616;12.3999996
7617;12.5539999
7618;12.6999998
7619;12.8000002
7620;12.7729998
7621;12.7379999
7622;12.7600002
7623;12.8000002
7624;12.6999998
7625;12.5600004
7626;12.5
7627;12.4519997
7628;12.3999996
7629;12.3999996
7630;12.3999996
7631;12.3760004
7632;12.3660002
7633;12.3559999
7634;12.3619995
7635;12.3380003
7636;12.3199997
7637;12.2980003
7638;12.2539997
7639;12.3120003
7640;12.4359999
7641;12.585
7642;12.7229996
7643;12.8000002
7644;12.743
7645;12.7220001
7646;12.7630005
7647;12.8000002
7648;12.6999998
7649;12.6669998
7650;12.6260004
7651;12.6350002
7652;12.6569996
7653;12.6569996
7654;11.3470879
7655;12.3618965
7656;12.6239996
7657;12.6119995
7658;12.5459995
7659;12.5
7660;12.5
7661;12.4560003
7662;12.4379997
7663;12.4169998
7664;12.4440002
7665;12.4770002
7666;12.5
7667;12.5
7668;12.5
7669;12.5
7670;12.5
7671;12.5
7672;12.5
7673;12.5
7674;12.4869995
7675;12.4289999
7676;12.4160004
7677;12.3999996
7678;12.3999996
7679;12.3900003
7680;12.3280001
7681;12.2620001
7682;12.2200003
7683;12.2060003
7684;12.1890001
7685;12.158
7686;12.1370001
7687;12.1859999
7688;12.3120003
7689;12.3999996
7690;12.5
7691;12.5290003
7692;12.5749998
7693;12.6029997
7694;12.5979996
7695;12.54
7696;12.5
7697;12.4289999
7698;12.3999996
7699;12.2639999
7700;12.1079998
7701;11.9040003
7702;11.7799997
7703;11.6899996
7704;11.6380005
7705;11.6009998
7706;11.5699997
7707;11.5080004
7708;11.4160004
7709;11.3479996
7710;11.2980003
7711;11.2740002
7712;11.6400003
7713;12.2799997
7714;12.5
7715;12.6239996
7716;12.6999998
7717;12.7480001
7718;12.7439995
7719;12.6999998
7720;12.5010004
7721;12.4449997
7722;12.3999996
7723;12.3900003
7724;12.3900003
7725;12.3999996
7726;12.3999996
7727;12.3999996
7728;12.408
7729;12.4449997
7730;12.4680004
7731;12.4829998
7732;12.493
7733;12.5
7734;12.5060005
7735;12.5100002
7736;12.5939999
7737;12.618
7738;12.5500002
7739;12.4980001
7740;12.3999996
7741;12.4060001
7742;12.4119997
7743;12.3999996
7744;12.3999996
7745;12.3459997
7746;12.2880001
7747;12.165
7748;12.1260004
7749;12.1330004
7750;12.1330004
7751;12.1380005
7752;12.1269999
7753;12.1000004
7754;12.0380001
7755;11.9200001
7756;11.7880001
7757;11.6820002
7758;11.5880003
7759;11.5760002
7760;11.6450005
7761;11.6969995
7762;11.7840004
7763;11.9020004
7764;12.0419998
7765;12.0720005
7766;12.0179996
7767;11.9399996
7768;11.8439999
7769;11.6850004
7770;11.691
7771;11.6099997
7772;11.526
7773;11.2840004
7774;11.2600002
7775;11.2580004
7776;11.1540003
7777;10.7989998
7778;10.8079996
7779;10.8590002
7780;10.9099998
7781;10.9280005
7782;10.9700003
7783;10.9700003
7784;11.0360003
7785;11.1999998
7786;11.4700003
7787;11.6730003
7788;11.8660002
7789;12.0060005
7790;12.0279999
7791;11.9420004
7792;11.6499996
7793;11.342
7794;11.0620003
7795;10.7600002
7796;10.6719999
7797;10.6300001
7798;10.6000004
7799;10.5620003
7800;10.5760002
7801;10.5279999
7802;10.5059996
7803;10.5299997
7804;10.5600004
7805;10.5799999
7806;10.6540003
7807;10.7989998
7808;11.1199999
7809;11.5819998
7810;11.9580002
7811;12.1750002
7812;12.3120003
7813;12.3000002
7814;12.2200003
7815;12.1049995
7816;11.8760004
7817;11.6660004
7818;11.5699997
7819;11.4899998
7820;11.448
7821;11.4139996
7822;11.3900003
7823;11.474
7824;11.4580002
7825;11.4379997
7826;11.4320002
7827;11.46
7828;11.4139996
7829;11.4499998
7830;11.474
7831;11.6499996
7832;11.7399998
7833;11.908
7834;12.0579996
7835;12.132
7836;12.1429996
7837;12.1490002
7838;12.1560001
7839;12.1400003
7840;12.1000004
7841;12.0179996
7842;11.9700003
7843;11.9980001
7844;11.9279995
7845;11.776
7846;11.6929998
7847;11.6289997
7848;11.4960003
7849;11.3660002
7850;11.316
7851;11.3059998
7852;11.2620001
7853;11.1660004
7854;11.1260004
7855;11.3179998
7856;11.5279999
7857;11.6820002
7858;11.8219995
7859;11.9619999
7860;12.1040001
7861;12.1610003
7862;12.1780005
7863;12.1269999
7864;11.96
7865;11.7779999
7866;11.6429996
7867;11.4820004
7868;11.3599997
7869;11.2399998
7870;11.1300001
7871;11.0279999
7872;10.9189997
7873;10.8319998
7874;10.7600002
7875;10.7510004
7876;10.7869997
7877;10.7659998
7878;10.7600002
7879;10.8590002
7880;11.1479998
7881;11.691
7882;12.1499996
7883;12.3999996
7884;12.5
7885;12.5050001
7886;12.5
7887;12.4829998
7888;12.2799997
7889;11.8760004
7890;11.6149998
7891;11.3520002
7892;11.2220001
7893;11.1199999
7894;11.0220003
7895;10.9189997
7896;10.8380003
7897;10.8140001
7898;10.8140001
7899;10.79
7900;10.7779999
7901;10.7690001
7902;10.7449999
7903;10.6879997
7904;11.0340004
7905;11.6470003
7906;12.0640001
7907;12.368
7908;12.4180002
7909;12.4869995
7910;12.4709997
7911;12.3999996
7912;12.1630001
7913;11.7700005
7914;11.5200005
7915;11.2460003
7916;11.1660004
7917;11.1040001
7918;11.04
7919;10.9549999
7920;10.8529997
7921;10.7930002
7922;10.7630005
7923;10.8619995
7924;10.8380003
7925;10.8830004
7926;10.7449999
7927;10.9490004
7928;11.1560001
7929;11.6330004
7930;12.0360003
7931;12.2740002
7932;12.3999996
7933;12.4119997
7934;12.3999996
7935;12.316
7936;11.9960003
7937;11.684
7938;11.5439997
7939;11.276
7940;11.1660004
7941;11.066
7942;10.9820004
7943;10.8859997
7944;10.8140001
7945;10.7510004
7946;10.6759996
7947;10.6160002
7948;10.5719995
7949;10.5459995
7950;10.5500002
7951;10.5620003
7952;10.8559999
7953;11.2119999
7954;11.5419998
7955;11.7819996
7956;12.0179996
7957;12.1140003
7958;12.0740004
7959;11.8260002
7960;11.6199999
7961;11.4659996
7962;11.3620005
7963;11.118
7964;11.0640001
7965;11.0159998
7966;10.9790001
7967;11.026
7968;11.0679998
7969;11.1940002
7970;11.2060003
7971;11.1540003
7972;11.0939999
7973;11.0419998
7974;11.0019999
7975;11.0380001
7976;11.066
7977;11.1239996
7978;11.2259998
7979;11.316
7980;11.4300003
7981;11.5539999
7982;11.5459995
7983;11.4040003
7984;11.1800003
7985;10.9309998
7986;10.6199999
7987;10.7329998
7988;10.7449999
7989;10.7510004
7990;10.618
7991;10.6380005
7992;10.5939999
7993;10.684
7994;10.8830004
7995;10.8920002
7996;10.8050003
7997;10.8559999
7998;10.823
7999;10.4399996
8000;10.5719995
8001;11.0539999
8002;11.3039999
8003;11.5279999
8004;11.6359997
8005;11.6879997
8006;11.6719999
8007;11.5459995
8008;10.434
8009;10.5640001
8010;10.6920004
8011;10.8800001
8012;11.0480003
8013;11.1759996
8014;11.3039999
8015;11.4320002
8016;11.5600004
8017;11.6440001
8018;11.7159996
8019;11.8439999
8020;11.9720001
8021;12.1000004
8022;12.1639996
8023;12.2560005
8024;12.0539999
8025;12.1719999
8026;12.3979998
8027;12.3999996
8028;12.448
8029;12.4569998
8030;12.4499998
8031;12.3999996
8032;12.3479996
8033;12.2019997
8034;12.177
8035;12.1789999
8036;12.1879997
8037;12.1859999
8038;12.1969995
8039;12.2399998
8040;12.1969995
8041;12.2320004
8042;12.3520002
8043;12.3999996
8044;12.3999996
8045;12.3999996
8046;12.4040003
8047;12.3999996
8048;12.4209995
8049;12.448
8050;12.4750004
8051;12.5
8052;12.5
8053;12.5
8054;12.5
8055;12.5
8056;12.5039997
8057;12.5060005
8058;12.5130005
8059;12.5570002
8060;12.5249996
8061;12.5100002
8062;12.5190001
8063;12.5209999
8064;12.5240002
8065;12.5190001
8066;12.5200005
8067;12.5030003
8068;12.5080004
8069;12.5039997
8070;12.5030003
8071;12.5270004
8072;12.5480003
8073;12.6169996
8074;12.6560001
8075;12.6680002
8076;12.6599998
8077;12.6560001
8078;12.6409998
8079;12.632
8080;12.6210003
8081;12.5860004
8082;12.5550003
8083;12.625
8084;12.5950003
8085;12.5179996
8086;12.5
8087;12.5
8088;12.5
8089;12.4890003
8090;12.4709997
8091;12.4619999
8092;12.4329996
8093;12.4309998
8094;12.4040003
8095;12.3999996
8096;12.3999996
8097;12.3999996
8098;12.3999996
8099;12.3999996
8100;12.4020004
8101;12.3999996
8102;12.3999996
8103;12.368
8104;12.2560005
8105;12.1479998
8106;12.0060005
8107;12.1169996
8108;12.0799999
8109;12.0159998
8110;11.6870003
8111;11.5039997
8112;11.6090002
8113;11.6689997
8114;11.6730003
8115;11.6750002
8116;11.7139997
8117;11.7180004
8118;11.7679996
8119;11.7139997
8120;11.6940002
8121;11.9700003
8122;12.158
8123;12.2779999
8124;12.3999996
8125;12.3999996
8126;12.3999996
8127;12.3999996
8128;12.3260002
8129;12.2220001
8130;12.1739998
8131;12.1269999
8132;12.1059999
8133;12.1119995
8134;12.1219997
8135;12.1380005
8136;12.1780005
8137;12.2419996
8138;12.224
8139;12.2580004
8140;12.3039999
8141;12.3999996
8142;12.3999996
8143;12.3739996
8144;12.3999996
8145;12.4029999
8146;12.4759998
8147;12.5
8148;12.5
8149;12.5150003
8150;12.5
8151;12.5
8152;12.5
8153;12.5
8154;12.5
8155;12.5
8156;12.5
8157;12.5
8158;12.5080004
8159;12.5200005
8160;12.5159998
8161;12.5159998
8162;12.5100002
8163;12.5109997
8164;12.5139999
8165;12.5190001
8166;12.5109997
8167;12.5229998
8168;12.5089998
8169;12.5220003
8170;12.5439997
8171;12.5579996
8172;12.5959997
8173;12.6059999
8174;12.5670004
8175;12.5249996
8176;12.5
8177;12.5
8178;12.5
8179;12.5
8180;12.4689999
8181;12.4279995
8182;12.3800001
8183;12.2159996
8184;12.1490002
8185;12.1300001
8186;12.1119995
8187;12.1040001
8188;12.0679998
8189;12.0500002
8190;12.0500002
8191;12.026
8192;12.0220003
8193;12.1110001
8194;12.1380005
8195;12.1619997
8196;12.158
8197;12.1479998
8198;12.1560001
8199;12.1689997
8200;12.1709995
8201;12.184
8202;12.1920004
8203;12.2060003
8204;12.2299995
8205;12.2659998
8206;12.3240004
8207;12.3999996
8208;12.3999996
8209;12.3999996
8210;12.3999996
8211;12.3999996
8212;12.3699999
8213;12.2880001
8214;12.1969995
8215;12.1920004
8216;12.1829996
8217;12.21
8218;12.2860003
8219;12.2659998
8220;12.2919998
8221;12.3000002
8222;12.1870003
8223;12.1630001
8224;12.132
8225;12.1409998
8226;12.1479998
8227;12.1099997
8228;12.0679998
8229;12.0299997
8230;12
8231;11.9379997
8232;11.9359999
8233;11.8520002
8234;11.7939997
8235;11.7600002
8236;11.71
8237;11.7159996
8238;11.684
8239;11.6700001
8240;11.6499996
8241;11.691
8242;11.7740002
8243;11.8780003
8244;11.9899998
8245;12.0060005
8246;11.9379997
8247;11.7659998
8248;11.6879997
8249;11.6660004
8250;11.6370001
8251;11.5819998
8252;11.5059996
8253;11.4200001
8254;11.448
8255;11.4320002
8256;11.3879995
8257;11.3520002
8258;11.3339996
8259;11.3400002
8260;11.316
8261;11.2559996
8262;11.2679996
8263;11.2519999
8264;11.2559996
8265;11.4160004
8266;11.5699997
8267;11.6409998
8268;11.6780005
8269;11.6899996
8270;11.618
8271;11.566
8272;11.4119997
8273;11.3120003
8274;11.2340002
8275;11.1420002
8276;11.0480003
8277;10.9280005
8278;10.8079996
8279;10.8439999
8280;10.9519997
8281;11.1359997
8282;11.1879997
8283;11.2139997
8284;11.2279997
8285;11.2139997
8286;11.1879997
8287;10.7930002
8288;10.9280005
8289;11.198
8290;11.3900003
8291;11.5080004
8292;11.5959997
8293;11.6230001
8294;11.5979996
8295;11.5380001
8296;11.3640003
8297;11.2440004
8298;11.1239996
8299;11.158
8300;11.0780001
8301;11.0880003
8302;11.1680002
8303;11.1879997
8304;11.1599998
8305;11.1520004
8306;11.1459999
8307;11.0939999
8308;11.0640001
8309;10.9729996
8310;10.9759998
8311;10.9490004
8312;10.8889999
8313;10.9969997
8314;11.1099997
8315;11.2220001
8316;11.2819996
8317;11.3339996
8318;11.2880001
8319;11.2679996
8320;11.2060003
8321;11.1759996
8322;11.1459999
8323;10.9940004
8324;10.9460001
8325;10.8590002
8326;10.8950005
8327;10.901
8328;10.823
8329;10.7720003
8330;10.7779999
8331;10.8140001
8332;10.79
8333;10.7720003
8334;10.7180004
8335;10.8079996
8336;10.8470001
8337;10.9099998
8338;10.9910002
8339;11.0559998
8340;11.0699997
8341;11.0600004
8342;11.0439997
8343;11.026
8344;10.9969997
8345;10.967
8346;10.9790001
8347;10.8979998
8348;10.8830004
8349;10.7989998
8350;10.6800003
8351;10.6400003
8352;10.54
8353;10.6420002
8354;10.7030001
8355;10.6560001
8356;10.6199999
8357;10.5340004
8358;10.5120001
8359;10.5419998
8360;10.6239996
8361;10.8559999
8362;11.0500002
8363;11.1780005
8364;11.2679996
8365;11.2980003
8366;11.2860003
8367;11.1379995
8368;10.9130001
8369;10.7060003
8370;10.6239996
8371;10.4460001
8372;10.4099998
8373;10.3859997
8374;10.3780003
8375;10.3579998
8376;10.4560003
8377;10.5500002
8378;10.6339998
8379;10.6920004
8380;10.7419996
8381;10.724
8382;10.7480001
8383;10.6940002
8384;10.9490004
8385;11.1879997
8386;11.4320002
8387;11.6479998
8388;11.7440004
8389;11.7200003
8390;11.7200003
8391;11.6549997
8392;11.6129999
8393;11.592
8394;11.5579996
8395;11.4899998
8396;11.4440002
8397;11.3459997
8398;11.1479998
8399;11.0139999
8400;10.8800001
8401;10.7630005
8402;10.6879997
8403;10.7089996
8404;10.6540003
8405;10.5880003
8406;10.5480003
8407;10.7600002
8408;10.835
8409;11.158
8410;11.5579996
8411;11.8079996
8412;11.9899998
8413;12.0340004
8414;11.9700003
8415;11.8900003
8416;11.8520002
8417;11.8120003
8418;11.7980003
8419;11.6689997
8420;11.6479998
8421;11.6940002
8422;11.7119999
8423;11.677
8424;11.6020002
8425;11.4219999
8426;11.2460003
8427;11.0900002
8428;11.0080004
8429;10.823
8430;10.7119999
8431;10.7209997
8432;10.7180004
8433;11.0679998
8434;11.3520002
8435;11.6169996
8436;11.7939997
8437;11.9779997
8438;11.9820004
8439;11.7779999
8440;11.5600004
8441;11.3280001
8442;11.1960001
8443;11.1739998
8444;11.1040001
8445;11.0419998
8446;10.9370003
8447;10.79
8448;10.6999998
8449;10.7449999
8450;10.9040003
8451;11.0860004
8452;11.2180004
8453;11.3699999
8454;11.5459995
8455;11.698
8456;11.7779999
8457;11.9259996
8458;12.0579996
8459;12.1280003
8460;12.1610003
8461;12.1529999
8462;12.1450005
8463;12.1059999
8464;12
8465;11.9399996
8466;11.9060001
8467;11.8579998
8468;11.842
8469;11.8199997
8470;11.7679996
8471;11.7460003
8472;11.7060003
8473;11.6820002
8474;11.6949997
8475;11.7060003
8476;11.724
8477;11.7600002
8478;11.8319998
8479;11.9139996
8480;11.8999996
8481;12.0419998
8482;12.1450005
8483;12.2320004
8484;12.2799997
8485;12.1829996
8486;12.1149998
8487;12.0720005
8488;11.9799995
8489;11.9040003
8490;11.8579998
8491;11.934
8492;11.8800001
8493;11.8920002
8494;11.882
8495;11.9200001
8496;11.8979998
8497;11.9420004
8498;12.0120001
8499;12.0860004
8500;12.1210003
8501;12.1590004
8502;12.2700005
8503;12.3400002
8504;12.3339996
8505;12.3800001
8506;12.3999996
8507;12.3999996
8508;12.3999996
8509;12.4460001
8510;12.4919996
8511;12.5
8512;12.5
8513;12.5
8514;12.5
8515;12.5100002
8516;12.5039997
8517;12.5
8518;12.5
8519;12.5
8520;12.5
8521;12.5
8522;12.5
8523;12.5
8524;12.5
8525;12.5
8526;12.5
8527;12.5
8528;12.5
8529;12.4960003
8530;12.5
8531;12.5
8532;12.5
8533;12.5
8534;12.4949999
8535;12.4499998
8536;12.3999996
8537;12.3999996
8538;12.3999996
8539;12.4029999
8540;12.3999996
8541;12.3999996
8542;12.3999996
8543;12.3999996
8544;12.3999996
8545;12.3999996
8546;12.3900003
8547;12.3579998
8548;12.3220005
8549;12.3240004
8550;12.3299999
8551;12.368
8552;12.3880005
8553;12.3999996
8554;12.3999996
8555;12.4160004
8556;12.434
8557;12.4169998
8558;12.3999996
8559;12.3999996
8560;12.3999996
8561;12.4429998
8562;12.4939995
8563;12.5
8564;12.5
8565;12.5
8566;12.5
8567;12.5
8568;12.5
8569;12.5
8570;12.5
8571;12.5
8572;12.4279995
8573;12.1339998
8574;11.9440002
8575;11.9259996
8576;11.8839998
8577;11.8999996
8578;11.9420004
8579;11.9540005
8580;12.0679998
8581;12.1020002
8582;12.0620003
8583;11.974
8584;11.8059998
8585;11.7279997
8586;11.7080002
8587;11.6680002
8588;11.6499996
8589;11.6330004
8590;11.6090002
8591;11.5120001
8592;11.3479996
8593;11.2119999
8594;11.4180002
8595;11.158
8596;10.9759998
8597;10.9250002
8598;10.7810001
8599;10.9280005
8600;10.9490004
8601;11.2200003
8602;11.3439999
8603;11.4300003
8604;11.5839996
8605;11.6230001
8606;11.6260004
8607;11.5780001
8608;11.4200001
8609;11.1940002
8610;10.7539997
8611;10.7630005
8612;10.7119999
8613;10.7209997
8614;10.6739998
8615;10.6160002
8616;10.6599998
8617;10.6280003
8618;10.5380001
8619;10.4919996
8620;10.6380005
8621;10.7030001
8622;10.5159998
8623;10.3479996
8624;10.4580002
8625;10.8739996
8626;11.4320002
8627;11.6540003
8628;11.7379999
8629;11.79
8630;11.7580004
8631;11.6969995
8632;11.6309996
8633;11.3400002
8634;11.0880003
8635;11.092
8636;11.0480003
8637;10.9729996
8638;10.9250002
8639;10.79
8640;10.8559999
8641;10.7600002
8642;10.6999998
8643;10.6020002
8644;10.5900002
8645;10.5539999
8646;10.4759998
8647;10.4300003
8648;10.4659996
8649;10.9069996
8650;11.3959999
8651;11.6990004
8652;11.9499998
8653;12.0380001
8654;12.0120001
8655;11.7819996
8656;11.6490002
8657;11.4180002
8658;11.0900002
8659;10.9969997
8660;10.8769999
8661;10.8920002
8662;10.9099998
8663;10.8739996
8664;10.8649998
8665;10.8769999
8666;10.8619995
8667;10.8649998
8668;10.8979998
8669;10.9549999
8670;10.967
8671;10.7480001
8672;10.6940002
8673;11.0719995
8674;11.5419998
8675;11.7440004
8676;11.8299999
8677;11.868
8678;11.8079996
8679;11.6590004
8680;11.408
8681;11.2840004
8682;11.2259998
8683;10.8260002
8684;10.8409996
8685;10.901
8686;10.6280003
8687;10.474
8688;10.4799995
8689;10.4519997
8690;10.5179996
8691;10.4499998
8692;10.3859997
8693;10.4359999
8694;10.4119997
8695;10.526
8696;10.658
8697;10.8950005
8698;11.1400003
8699;11.4280005
8700;11.5220003
8701;11.6029997
8702;11.6309996
8703;11.5380001
8704;11.3520002
8705;11.2620001
8706;11.2480001
8707;11.2340002
8708;11.2180004
8709;11.29
8710;11.5019999
8711;11.6090002
8712;11.6289997
8713;11.6400003
8714;11.6630001
8715;11.6780005
8716;11.6820002
8717;11.691
8718;11.6969995
8719;11.684
8720;11.6859999
8721;11.698
8722;11.7379999
8723;11.816
8724;11.8179998
8725;11.8179998
8726;11.7840004
8727;11.75
8728;11.6929998
8729;11.6750002
8730;11.6599998
8731;11.691
8732;11.6960001
8733;11.6969995
8734;11.691
8735;11.6759996
8736;11.6879997
8737;11.6960001
8738;11.7159996
8739;11.7460003
8740;11.7740002
8741;11.7939997
8742;11.8079996
8743;11.8000002
8744;11.8219995
8745;11.8699999
8746;11.9259996
8747;12.0080004
8748;12.0439997
8749;12.0600004
8750;12.0679998
8751;12.0299997
8752;12.0500002
8753;11.9879999
8754;11.9279995
8755;11.868
8756;11.8079996
8757;11.7480001
8758;11.6940002
8759;11.6639996
