Index;Wert
0;34.8
1;11.7592289
2;25.3690373
3;23.3426163
4;29.2629289
5;34.8
6;34.8
7;34.8
8;34.8
9;34.8
10;34.8
11;34.8
12;34.8
13;34.8
14;34.8
15;34.8
16;34.8
17;34.8
18;34.8
19;34.8
20;34.8
21;34.8
22;34.8
23;3.25306406
24;34.603724
25;8.05140428
26;29.7369245
27;20.54947
28;17.8145332
29;20.740161
30;29.083364
31;34.8
32;34.8
33;34.8
34;34.8
35;34.8
36;34.8
37;34.8
38;34.8
39;34.8
40;34.8
41;34.8
42;34.8
43;34.8
44;34.8
45;34.8
46;34.8
47;4.67296303
48;32.5066523
49;6.90455073
50;32.3253851
51;9.12148453
52;30.0121392
53;17.7982644
54;20.9931714
55;34.8
56;34.8
57;34.8
58;34.8
59;34.8
60;34.8
61;34.054826
62;31.6278889
63;14.7637727
64;24.7167126
65;18.2871368
66;21.8324428
67;32.9092373
68;34.8
69;34.8
70;34.8
71;2.93753096
72;34.5849326
73;10.08389
74;26.7834971
75;25.0511727
76;30.2255543
77;34.8
78;34.8
79;34.8
80;34.8
81;34.8
82;34.8
83;34.8
84;27.9756265
85;29.7446366
86;34.245549
87;33.5443718
88;34.8
89;34.8
90;34.8
91;34.8
92;34.8
93;34.8
94;34.8
95;2.83235326
96;34.3566269
97;16.3927216
98;19.982771
99;26.1448432
100;34.8
101;34.8
102;34.8
103;34.8
104;34.8
105;34.8
106;34.8
107;34.8
108;34.8
109;34.8
110;34.8
111;34.8
112;34.8
113;34.8
114;34.8
115;34.8
116;34.8
117;34.8
118;34.8
119;2.75346998
120;34.5491373
121;14.3506555
122;22.6565019
123;22.640657
124;30.395017
125;34.8
126;34.8
127;34.8
128;34.8
129;34.8
130;34.8
131;34.8
132;34.8
133;34.8
134;34.8
135;34.8
136;34.8
137;34.8
138;34.8
139;34.8
140;34.8
141;34.8
142;34.8
143;2.95058746
144;32.2141948
145;28.1965248
146;34.3445121
147;34.8
148;34.8
149;34.8
150;34.8
151;34.8
152;34.8
153;34.8
154;34.8
155;34.8
156;34.8
157;34.8
158;34.8
159;34.8
160;34.8
161;34.8
162;34.8
163;34.8
164;34.8
165;34.8
166;34.8
167;4.76061111
168;31.4948582
169;7.56170624
170;31.0310266
171;11.8503526
172;27.0312397
173;17.545086
174;20.9298042
175;34.8
176;34.8
177;34.8
178;34.8
179;34.8
180;17.4989265
181;21.9924969
182;17.5168965
183;21.9745988
184;17.534723
185;21.9568435
186;20.4568001
187;27.6056091
188;34.8
189;34.8
190;34.8
191;3.79648218
192;34.4130714
193;5.14321093
194;32.5458397
195;20.84169
196;17.1204949
197;20.7128663
198;25.374651
199;34.8
200;34.8
201;34.8
202;34.8
203;34.8
204;34.8
205;34.8
206;34.8
207;34.8
208;34.4308001
209;34.8
210;34.8
211;34.8
212;34.8
213;34.8
214;34.8
215;2.59570343
216;34.2855621
217;16.9954385
218;19.9171177
219;19.3495237
220;21.6662661
221;23.4288328
222;22.2052599
223;34.8
224;34.8
225;34.8
226;34.8
227;34.8
228;34.8
229;34.8
230;30.2319716
231;25.4274786
232;19.9262781
233;20.1718908
234;30.7114191
235;34.8
236;34.8
237;34.8
238;34.8
239;4.15583933
240;34.7640686
241;4.41074723
242;34.5024475
243;13.4203563
244;25.537633
245;16.6659207
246;21.6389223
247;34.8
248;34.8
249;34.8
250;34.8
251;34.8
252;34.8
253;34.8
254;34.8
255;34.8
256;27.2001304
257;33.6518322
258;34.8
259;34.8
260;34.8
261;34.8
262;34.8
263;4.26101703
264;34.511342
265;4.17163395
266;34.3724826
267;21.4268425
268;16.4587992
269;21.459564
270;24.8985884
271;34.8
272;34.8
273;34.8
274;34.8
275;34.8
276;34.8
277;34.8
278;34.8
279;34.8
280;34.8
281;34.8
282;34.8
283;34.8
284;34.8
285;34.8
286;34.8
287;2.78852921
288;34.4703942
289;15.9580725
290;21.011689
291;19.8497531
292;24.3875459
293;33.6988577
294;34.8
295;34.8
296;34.8
297;34.8
298;34.8
299;34.8
300;34.8
301;34.8
302;34.8
303;34.8
304;34.8
305;34.8
306;34.8
307;34.8
308;34.8
309;34.8
310;34.8
311;34.8
312;34.8
313;5.81149302
314;28.3968762
315;34.8
316;34.8
317;34.8
318;34.8
319;34.8
320;34.8
321;34.8
322;34.8
323;34.8
324;34.8
325;34.8
326;26.7545634
327;12.2304555
328;26.5825384
329;29.7905764
330;34.8
331;34.8
332;34.8
333;34.8
334;34.8
335;34.8
336;1.87220833
337;33.5687353
338;34.8
339;34.8
340;34.8
341;34.8
342;34.8
343;34.8
344;34.8
345;34.8
346;34.8
347;34.8
348;34.8
349;34.8
350;34.8
351;34.8
352;34.8
353;34.8
354;34.8
355;34.8
356;34.8
357;34.8
358;34.8
359;19.5735647
360;22.197415
361;34.8
362;34.8
363;34.8
364;34.8
365;34.8
366;34.8
367;34.8
368;34.8
369;34.8
370;34.8
371;34.8
372;34.8
373;34.8
374;34.8
375;34.8
376;34.8
377;34.8
378;34.8
379;34.8
380;34.8
381;34.8
382;34.8
383;23.4106769
384;31.7935698
385;34.8
386;34.8
387;34.8
388;34.8
389;34.8
390;34.8
391;34.8
392;34.8
393;34.8
394;34.8
395;34.8
396;34.8
397;34.8
398;34.8
399;34.8
400;34.8
401;34.8
402;34.8
403;34.8
404;34.8
405;34.8
406;34.8
407;34.8
408;34.8
409;34.8
410;34.8
411;34.8
412;34.8
413;34.8
414;34.8
415;34.8
416;34.8
417;34.8
418;34.8
419;34.8
420;34.8
421;34.8
422;34.8
423;34.8
424;34.8
425;34.8
426;34.8
427;34.8
428;34.8
429;34.8
430;34.8
431;34.8
432;34.8
433;34.8
434;34.8
435;34.8
436;34.8
437;34.8
438;34.8
439;34.8
440;34.8
441;34.8
442;34.8
443;34.8
444;34.8
445;34.8
446;34.8
447;34.8
448;34.8
449;34.8
450;34.8
451;34.8
452;34.8
453;34.8
454;34.8
455;34.8
456;34.8
457;34.8
458;34.8
459;34.8
460;34.8
461;34.8
462;34.8
463;34.8
464;34.8
465;34.8
466;34.8
467;34.8
468;34.8
469;34.8
470;34.8
471;34.8
472;34.8
473;34.8
474;34.8
475;34.8
476;34.8
477;34.8
478;34.8
479;34.8
480;34.8
481;34.8
482;34.8
483;34.8
484;34.8
485;34.8
486;34.8
487;34.8
488;34.8
489;34.8
490;34.8
491;34.8
492;34.8
493;34.8
494;34.8
495;34.8
496;34.8
497;34.8
498;34.8
499;34.8
500;34.8
501;34.8
502;34.8
503;34.8
504;34.8
505;34.8
506;34.8
507;34.8
508;34.8
509;34.8
510;34.8
511;34.8
512;34.8
513;34.8
514;34.8
515;34.8
516;34.8
517;34.8
518;34.8
519;34.8
520;34.8
521;34.8
522;34.8
523;34.8
524;34.8
525;34.8
526;34.8
527;34.8
528;34.8
529;34.8
530;34.8
531;34.8
532;34.8
533;34.8
534;34.8
535;34.8
536;34.8
537;34.8
538;34.8
539;34.8
540;34.8
541;34.8
542;34.8
543;34.8
544;34.8
545;34.8
546;34.8
547;34.8
548;34.8
549;34.8
550;34.8
551;34.8
552;34.8
553;3.57586406
554;30.4769335
555;34.8
556;34.8
557;34.8
558;34.8
559;34.8
560;34.8
561;34.8
562;34.8
563;34.8
564;34.8
565;34.8
566;34.8
567;34.8
568;33.6805104
569;30.5060209
570;34.8
571;34.8
572;34.8
573;34.8
574;34.8
575;4.62037418
576;32.9743003
577;6.33359514
578;32.4645818
579;15.2812986
580;22.6235909
581;25.7671143
582;34.8
583;34.8
584;34.8
585;34.8
586;34.8
587;34.8
588;12.1971488
589;27.2730726
590;12.257438
591;14.1232093
592;5.05703057
593;9.37617253
594;30.0827676
595;16.153162
596;22.8683448
597;32.580944
598;34.8
599;3.1917104
600;34.2178271
601;6.38244248
602;30.7769106
603;25.0258039
604;25.7043108
605;27.9554672
606;31.9719435
607;34.8
608;34.8
609;34.8
610;34.8
611;8.75045865
612;30.7059793
613;8.8382597
614;8.6870245
615;12.8747501
616;21.2458519
617;34.8
618;4.76061111
619;34.6798712
620;8.04959473
621;31.4040404
622;16.7954614
623;34.8
624;34.8
625;4.76061111
626;29.720219
627;9.82007787
628;29.6406375
629;9.89934112
630;29.5616912
631;34.8
632;34.8
633;34.8
634;34.8
635;29.7089234
636;9.83132827
637;29.6294321
638;9.91050172
639;29.5505752
640;9.98904321
641;29.4723478
642;10.0669578
643;29.3947449
644;10.1442504
645;29.3177613
646;10.2209261
647;17.0675014
648;29.9532379
649;34.8
650;3.46254618
651;11.3949602
652;24.8252842
653;14.6954376
654;24.7847745
655;34.8
656;34.8
657;34.8
658;29.9016818
659;20.1384163
660;19.3635625
661;20.1353177
662;19.3666488
663;20.1322437
664;19.3697104
665;20.1291943
666;19.3727476
667;20.1261692
668;24.5512967
669;32.8334203
670;34.8
671;4.76061111
672;23.6296619
673;15.8862785
674;23.5986958
675;15.9171208
676;23.5679769
677;15.7198319
678;22.6951702
679;34.8
680;34.8
681;34.8
682;34.8
683;29.7545112
684;9.78592281
685;29.674656
686;9.86545869
687;23.0581339
688;16.455521
689;20.0357939
690;19.4657745
691;20.0335144
692;19.4680449
693;20.3933307
694;29.0225743
695;9.65598145
696;28.5945341
697;9.57395097
698;28.3519386
699;14.2738781
700;23.8198084
701;18.834635
702;19.4175272
703;34.8
704;34.8
705;34.8
706;34.8
707;34.8
708;34.8
709;34.8
710;29.2269989
711;12.6248043
712;26.8471273
713;13.6255907
714;25.8503431
715;25.3351952
716;29.2213109
717;34.4764589
718;34.8
719;4.76061111
720;31.7117355
721;7.06522242
722;31.201227
723;17.2156372
724;20.7057526
725;21.8243845
726;30.4513812
727;34.8
728;34.8
729;34.8
730;34.8
731;34.8
732;34.8
733;34.8
734;34.8
735;34.8
736;34.8
737;34.8
738;34.8
739;34.4190555
740;33.8633747
741;34.4883328
742;34.8
743;4.76061111
744;19.7855444
745;19.7150232
746;19.7852624
747;19.7153041
748;19.4256255
749;19.3284941
750;19.0483503
751;34.8
752;34.8
753;34.8
754;34.8
755;34.8
756;34.8
757;34.8
758;34.8
759;34.8
760;34.8
761;34.8
762;34.8
763;34.8
764;34.8
765;34.8
766;34.8
767;2.1984055
768;32.9283095
769;34.8
770;34.8
771;34.8
772;34.8
773;34.8
774;34.8
775;34.8
776;34.8
777;34.8
778;34.8
779;34.8
780;34.8
781;34.8
782;34.8
783;33.0646576
784;34.8
785;34.8
786;34.8
787;34.8
788;34.8
789;34.8
790;34.8
791;9.04502972
792;25.2797749
793;33.010616
794;34.8
795;34.8
796;34.8
797;34.8
798;34.8
799;34.8
800;34.8
801;34.8
802;34.8
803;34.8
804;34.8
805;34.8
806;34.8
807;34.8
808;34.8
809;34.8
810;34.8
811;34.8
812;34.8
813;34.8
814;34.8
815;19.2729966
816;21.7667828
817;34.8
818;34.8
819;34.8
820;34.8
821;34.8
822;34.8
823;34.8
824;34.8
825;34.8
826;34.8
827;34.8
828;34.8
829;34.8
830;34.8
831;34.8
832;34.8
833;34.8
834;34.8
835;34.8
836;34.8
837;34.8
838;34.8
839;23.5479369
840;31.9515056
841;34.8
842;34.8
843;34.8
844;34.8
845;34.8
846;34.8
847;34.8
848;34.8
849;34.8
850;34.8
851;34.8
852;34.8
853;34.8
854;34.8
855;25.3372883
856;13.0811152
857;24.9727422
858;34.8
859;34.8
860;34.8
861;34.8
862;34.8
863;16.9121635
864;19.187455
865;34.8
866;34.8
867;34.8
868;34.8
869;34.8
870;34.8
871;34.8
872;34.8
873;34.8
874;34.8
875;34.8
876;34.8
877;34.8
878;31.387116
879;13.3598438
880;26.1150272
881;13.2793802
882;24.8366237
883;34.8
884;34.8
885;34.8
886;34.8
887;18.8805087
888;24.8632498
889;34.8
890;34.8
891;34.8
892;34.8
893;34.8
894;34.8
895;34.8
896;34.8
897;34.8
898;34.8
899;34.8
900;34.8
901;34.8
902;34.8
903;34.8
904;34.8
905;34.8
906;34.8
907;34.8
908;34.8
909;34.8
910;34.8
911;22.5108544
912;30.112453
913;34.8
914;34.8
915;34.8
916;34.8
917;34.8
918;34.8
919;34.8
920;34.8
921;34.8
922;34.8
923;34.8
924;34.8
925;34.8
926;34.8
927;34.8
928;34.8
929;34.8
930;34.8
931;34.8
932;34.8
933;34.8
934;34.8
935;21.714039
936;28.7385308
937;34.8
938;34.8
939;34.8
940;34.8
941;34.8
942;34.8
943;34.8
944;34.8
945;34.8
946;34.8
947;34.8
948;34.8
949;34.8
950;34.8
951;34.8
952;34.8
953;34.8
954;34.8
955;34.8
956;34.8
957;34.8
958;34.8
959;13.4138764
960;20.1089894
961;34.8
962;34.8
963;34.8
964;34.8
965;34.8
966;34.8
967;34.8
968;34.8
969;34.8
970;34.8
971;34.8
972;34.8
973;34.8
974;34.8
975;34.8
976;34.8
977;34.8
978;34.8
979;34.8
980;34.8
981;34.8
982;34.8
983;15.0252033
984;19.5477759
985;30.4109946
986;34.8
987;34.8
988;34.8
989;34.8
990;34.8
991;34.8
992;34.8
993;34.8
994;34.8
995;34.8
996;34.8
997;34.8
998;34.8
999;34.8
1000;34.8
1001;34.8
1002;34.8
1003;34.8
1004;34.8
1005;34.8
1006;34.8
1007;1.87220833
1008;34.2348608
1009;28.2094663
1010;32.955918
1011;34.8
1012;34.8
1013;34.8
1014;34.8
1015;34.8
1016;34.8
1017;34.8
1018;34.8
1019;34.8
1020;34.8
1021;34.8
1022;34.8
1023;34.8
1024;34.8
1025;34.8
1026;34.8
1027;34.8
1028;34.8
1029;34.8
1030;34.8
1031;29.0808809
1032;34.8
1033;34.8
1034;34.8
1035;34.8
1036;34.8
1037;34.8
1038;34.8
1039;34.8
1040;34.8
1041;34.8
1042;34.8
1043;34.8
1044;34.8
1045;34.8
1046;31.0283108
1047;8.53590418
1048;28.8599457
1049;8.34547182
1050;27.6910712
1051;34.8
1052;34.8
1053;34.8
1054;34.8
1055;23.7043149
1056;34.57548
1057;34.8
1058;34.8
1059;34.8
1060;34.8
1061;34.8
1062;34.8
1063;34.8
1064;34.8
1065;34.8
1066;34.8
1067;34.8
1068;34.8
1069;34.8
1070;31.6739711
1071;6.78612826
1072;31.1198479
1073;6.65555481
1074;29.9965316
1075;34.8
1076;34.8
1077;34.8
1078;34.8
1079;22.8694667
1080;30.7451993
1081;34.8
1082;34.8
1083;34.8
1084;34.8
1085;34.8
1086;34.8
1087;34.8
1088;34.8
1089;34.8
1090;34.8
1091;34.8
1092;34.8
1093;34.8
1094;34.8
1095;34.8
1096;34.8
1097;34.8
1098;34.8
1099;34.8
1100;34.8
1101;34.8
1102;34.8
1103;4.31360588
1104;34.5992003
1105;4.32077674
1106;34.4518212
1107;17.2619013
1108;21.369623
1109;17.1643857
1110;21.1336859
1111;34.8
1112;34.8
1113;34.8
1114;34.8
1115;34.8
1116;34.8
1117;34.8
1118;18.0296827
1119;21.4638632
1120;18.0434161
1121;21.4501847
1122;23.2928325
1123;34.8
1124;34.8
1125;34.8
1126;34.8
1127;3.64247594
1128;30.0483225
1129;34.8
1130;34.8
1131;34.8
1132;34.8
1133;34.8
1134;34.8
1135;34.8
1136;34.8
1137;34.8
1138;34.8
1139;34.8
1140;34.8
1141;34.8
1142;34.8
1143;34.8
1144;34.8
1145;34.8
1146;34.8
1147;34.8
1148;34.8
1149;34.8
1150;34.8
1151;16.5235084
1152;17.8915806
1153;31.175197
1154;34.8
1155;34.8
1156;34.8
1157;34.8
1158;34.8
1159;34.8
1160;34.8
1161;34.8
1162;34.8
1163;34.8
1164;34.8
1165;34.8
1166;34.8
1167;34.8
1168;34.8
1169;34.8
1170;34.8
1171;34.8
1172;34.8
1173;34.8
1174;34.8
1175;24.4907481
1176;34.8
1177;34.8
1178;34.8
1179;34.8
1180;34.8
1181;34.8
1182;34.8
1183;34.8
1184;34.8
1185;34.8
1186;34.8
1187;34.8
1188;34.8
1189;34.8
1190;34.8
1191;34.8
1192;34.8
1193;34.8
1194;34.8
1195;34.8
1196;34.8
1197;34.8
1198;34.8
1199;26.26526
1200;34.8
1201;34.8
1202;34.8
1203;34.8
1204;34.8
1205;34.8
1206;34.8
1207;34.8
1208;34.8
1209;34.8
1210;34.8
1211;34.8
1212;34.8
1213;34.8
1214;34.8
1215;34.8
1216;34.8
1217;34.8
1218;34.8
1219;34.8
1220;34.8
1221;34.8
1222;34.8
1223;34.8
1224;34.8
1225;34.8
1226;34.8
1227;34.8
1228;34.8
1229;34.8
1230;34.8
1231;34.8
1232;34.8
1233;34.8
1234;34.8
1235;34.8
1236;34.8
1237;34.8
1238;34.8
1239;34.8
1240;21.701266
1241;14.6866909
1242;20.9632649
1243;34.8
1244;34.8
1245;34.8
1246;34.8
1247;25.9186534
1248;34.8
1249;34.8
1250;34.8
1251;34.8
1252;34.8
1253;34.8
1254;34.8
1255;34.8
1256;34.8
1257;34.8
1258;34.8
1259;34.8
1260;34.8
1261;34.8
1262;34.8
1263;34.8
1264;30.7202101
1265;34.8
1266;34.8
1267;34.8
1268;34.8
1269;34.8
1270;34.8
1271;24.7667986
1272;34.8
1273;34.8
1274;34.8
1275;34.8
1276;34.8
1277;34.8
1278;34.8
1279;34.8
1280;34.8
1281;34.8
1282;34.8
1283;34.8
1284;34.8
1285;34.8
1286;34.8
1287;34.8
1288;34.8
1289;34.8
1290;34.8
1291;34.8
1292;34.8
1293;34.8
1294;34.8
1295;28.0127471
1296;34.8
1297;34.8
1298;34.8
1299;34.8
1300;34.8
1301;34.8
1302;34.8
1303;34.8
1304;34.8
1305;34.8
1306;34.8
1307;34.8
1308;34.8
1309;34.8
1310;34.8
1311;24.0860746
1312;12.2237712
1313;23.801987
1314;11.5425938
1315;34.8
1316;34.8
1317;34.8
1318;34.8
1319;31.4618391
1320;34.8
1321;34.8
1322;34.8
1323;34.8
1324;34.8
1325;34.8
1326;34.8
1327;34.8
1328;34.8
1329;34.8
1330;34.8
1331;34.8
1332;34.8
1333;34.8
1334;34.8
1335;34.8
1336;34.8
1337;34.8
1338;34.8
1339;34.8
1340;34.8
1341;34.8
1342;34.8
1343;34.8
1344;34.8
1345;34.8
1346;34.8
1347;34.8
1348;34.8
1349;34.8
1350;34.8
1351;34.8
1352;34.8
1353;34.8
1354;34.8
1355;34.8
1356;34.8
1357;34.8
1358;34.8
1359;34.8
1360;34.8
1361;34.8
1362;34.8
1363;34.8
1364;34.8
1365;34.8
1366;34.8
1367;34.8
1368;34.8
1369;34.8
1370;34.8
1371;34.8
1372;34.8
1373;34.8
1374;34.8
1375;34.8
1376;34.8
1377;34.8
1378;34.8
1379;34.8
1380;34.8
1381;34.8
1382;34.8
1383;34.8
1384;34.8
1385;34.8
1386;34.8
1387;34.8
1388;34.8
1389;34.8
1390;34.8
1391;34.8
1392;34.8
1393;34.8
1394;34.8
1395;34.8
1396;34.8
1397;34.8
1398;34.8
1399;34.8
1400;34.8
1401;34.8
1402;34.8
1403;34.8
1404;34.8
1405;34.8
1406;34.8
1407;34.8
1408;34.8
1409;34.8
1410;34.8
1411;34.8
1412;34.8
1413;34.8
1414;34.8
1415;34.8
1416;34.8
1417;34.8
1418;34.8
1419;34.8
1420;34.8
1421;34.8
1422;34.8
1423;34.8
1424;34.8
1425;34.8
1426;34.8
1427;34.8
1428;34.8
1429;34.8
1430;34.8
1431;34.8
1432;34.8
1433;34.8
1434;34.8
1435;34.8
1436;34.8
1437;34.8
1438;34.8
1439;34.8
1440;34.8
1441;34.8
1442;34.8
1443;34.8
1444;34.8
1445;34.8
1446;34.8
1447;34.8
1448;34.8
1449;34.8
1450;34.8
1451;34.8
1452;34.8
1453;34.8
1454;34.8
1455;34.8
1456;34.8
1457;34.8
1458;34.8
1459;34.8
1460;34.8
1461;34.8
1462;34.8
1463;22.9318185
1464;29.4987128
1465;34.8
1466;34.8
1467;34.8
1468;34.8
1469;34.8
1470;34.8
1471;34.8
1472;34.8
1473;34.8
1474;34.8
1475;34.8
1476;34.8
1477;29.6688888
1478;9.87120282
1479;29.589717
1480;9.95005799
1481;29.5111772
1482;10.0282837
1483;28.8197277
1484;34.8
1485;34.8
1486;34.8
1487;1.87220833
1488;34.1559775
1489;20.7564167
1490;18.1857847
1491;24.3910373
1492;34.8
1493;34.8
1494;34.8
1495;34.8
1496;34.8
1497;34.8
1498;34.8
1499;9.24241286
1500;30.2159924
1501;9.32628709
1502;15.1039329
1503;3.42022253
1504;34.8
1505;4.76061111
1506;25.8374717
1507;13.6872979
1508;25.5522328
1509;31.1042701
1510;34.8
1511;2.75346998
1512;34.8
1513;3.37577138
1514;34.8
1515;22.2380302
1516;20.9981219
1517;30.0654736
1518;34.8
1519;34.8
1520;34.8
1521;34.8
1522;34.8
1523;18.1326098
1524;21.3613477
1525;18.1455217
1526;21.3484874
1527;14.4568398
1528;2.92403236
1529;34.8
1530;4.76061111
1531;34.6798712
1532;20.0895163
1533;20.8672771
1534;34.4578753
1535;2.56833799
1536;33.173393
1537;23.4800766
1538;32.8907128
1539;34.8
1540;34.8
1541;34.8
1542;34.8
1543;34.8
1544;34.8
1545;34.8
1546;34.8
1547;34.8
1548;32.6230276
1549;12.8745559
1550;26.5983745
1551;12.929438
1552;26.5437118
1553;12.983882
1554;26.4894855
1555;13.0378915
1556;25.9185683
1557;34.8
1558;34.8
1559;34.8
1560;1.87220833
1561;34.8
1562;20.9648072
1563;16.4193927
1564;20.5872728
1565;32.5119794
1566;34.8
1567;34.8
1568;34.8
1569;34.8
1570;34.8
1571;11.0562802
1572;28.4093788
1573;11.125676
1574;28.3402605
1575;11.1945178
1576;28.271694
1577;11.2628102
1578;28.2036747
1579;15.6702648
1580;22.3851819
1581;34.8
1582;34.8
1583;2.0435205
1584;34.5813574
1585;13.3478397
1586;23.4361871
1587;22.2413082
1588;26.7027741
1589;34.8
1590;34.8
1591;34.8
1592;34.8
1593;34.8
1594;34.8
1595;4.76061111
1596;34.6798712
1597;4.88025949
1598;23.394576
1599;16.1204244
1600;14.7156767
1601;3.92627246
1602;17.004407
1603;22.4850388
1604;17.0263242
1605;22.4632092
1606;22.4779076
1607;16.621481
1608;22.1214247
1609;16.161411
1610;21.3350521
1611;15.3494438
1612;21.8235369
1613;34.8
1614;34.8
1615;34.8
1616;34.8
1617;34.8
1618;34.8
1619;34.8
1620;34.8
1621;6.91035892
1622;32.5387203
1623;7.01284782
1624;32.4366413
1625;7.11451864
1626;32.3353771
1627;7.21537792
1628;32.2349211
1629;22.1216971
1630;18.9694488
1631;13.0488937
1632;26.4247339
1633;13.1023842
1634;26.3714572
1635;13.1554478
1636;26.3186058
1637;13.2080878
1638;26.2661763
1639;34.8
1640;34.8
1641;34.8
1642;34.8
1643;34.8
1644;28.9980945
1645;10.5393145
1646;28.9242771
1647;10.6128367
1648;28.8510489
1649;10.6857721
1650;28.7784052
1651;17.3754967
1652;22.1154331
1653;17.3944519
1654;22.0965537
1655;14.0407891
1656;25.436805
1657;13.8760069
1658;24.7507419
1659;13.4987846
1660;24.1185027
1661;25.486596
1662;33.8779979
1663;34.8
1664;34.8
1665;34.8
1666;16.2904594
1667;23.1961313
1668;16.3180755
1669;23.1686256
1670;16.3454711
1671;17.2860598
1672;22.2045124
1673;17.3057289
1674;22.1849219
1675;17.325241
1676;22.1654878
1677;17.3445973
1678;22.1462089
1679;32.5021944
1680;34.8
1681;4.76061111
1682;25.0553754
1683;14.4662666
1684;25.0130291
1685;14.5084435
1686;24.9710208
1687;34.8
1688;34.8
1689;34.8
1690;34.8
1691;30.8592101
1692;8.68564162
1693;30.7705371
1694;8.77396005
1695;4.66144065
1696;25.7905496
1697;9.36845855
1698;30.0904508
1699;9.45132667
1700;30.007914
1701;9.53353333
1702;29.9260361
1703;9.6150838
1704;9.75740127
1705;25.6224565
1706;13.9014532
1707;25.5755837
1708;13.9481386
1709;25.5290851
1710;13.9944512
1711;34.8
1712;34.8
1713;34.8
1714;32.2195485
1715;19.5266349
1716;19.9728973
1717;19.5284196
1718;19.9711199
1719;19.5301899
1720;19.9693566
1721;19.5319462
1722;19.9676073
1723;19.5336884
1724;23.5669883
1725;31.7727366
1726;34.8
1727;4.42754839
1728;29.2485083
1729;9.77277847
1730;29.1092704
1731;9.75369302
1732;28.9266889
1733;19.4839139
1734;18.849728
1735;34.8
1736;34.8
1737;34.8
1738;34.8
1739;19.1191263
1740;20.3787764
1741;19.1241637
1742;20.3737591
1743;19.1291609
1744;17.7498904
1745;3.36147431
1746;34.8
1747;4.76061111
1748;34.6798712
1749;24.9320178
1750;27.0797608
1751;11.1177258
1752;26.5689228
1753;10.7675698
1754;26.1463753
1755;19.3701026
1756;22.7908844
1757;34.8
1758;34.8
1759;34.8
1760;34.8
1761;34.8
1762;34.8
1763;34.8
1764;11.9248603
1765;27.5442722
1766;11.987323
1767;16.8528392
1768;22.6360004
1769;16.8759664
1770;22.6129658
1771;16.8989089
1772;22.590115
1773;16.9216682
1774;22.5674467
1775;13.1816154
1776;23.5320183
1777;15.9835317
1778;23.5018316
1779;15.6104165
1780;22.9268553
1781;15.2627885
1782;22.5982029
1783;34.8
1784;34.8
1785;34.8
1786;34.8
1787;27.8033384
1788;11.7292928
1789;27.7390576
1790;11.7933165
1791;20.1976662
1792;19.3045496
1793;20.1940946
1794;19.3081069
1795;20.1905515
1796;19.3116358
1797;20.1870367
1798;19.3151366
1799;4.68820201
1800;21.4965936
1801;17.5112225
1802;21.7698946
1803;17.3178977
1804;18.9210578
1805;26.9581452
1806;34.8
1807;34.8
1808;34.8
1809;34.8
1810;34.8
1811;34.8
1812;34.8
1813;34.8
1814;34.8
1815;34.8
1816;34.8
1817;34.8
1818;34.8
1819;34.8
1820;34.8
1821;34.8
1822;34.8
1823;13.0789248
1824;20.6582358
1825;34.2236573
1826;34.8
1827;34.8
1828;34.8
1829;34.8
1830;34.8
1831;34.8
1832;34.8
1833;34.8
1834;34.8
1835;34.8
1836;34.8
1837;34.8
1838;34.8
1839;34.8
1840;34.8
1841;34.8
1842;34.8
1843;34.8
1844;34.8
1845;34.8
1846;34.8
1847;30.4920337
1848;34.8
1849;34.8
1850;34.8
1851;34.8
1852;34.8
1853;34.8
1854;34.8
1855;34.8
1856;34.8
1857;34.8
1858;34.8
1859;34.8
1860;34.8
1861;34.8
1862;34.8
1863;34.8
1864;34.8
1865;34.8
1866;34.8
1867;34.8
1868;34.8
1869;34.8
1870;34.8
1871;20.9290744
1872;26.0255931
1873;34.8
1874;34.8
1875;34.8
1876;34.8
1877;34.8
1878;34.8
1879;34.8
1880;34.8
1881;34.8
1882;34.8
1883;34.8
1884;34.8
1885;32.8242742
1886;34.8
1887;34.8
1888;34.8
1889;34.8
1890;34.8
1891;34.8
1892;34.8
1893;34.8
1894;34.8
1895;21.8777126
1896;27.237668
1897;34.8
1898;34.8
1899;34.8
1900;34.8
1901;34.8
1902;34.8
1903;34.8
1904;34.8
1905;34.8
1906;34.8
1907;34.8
1908;34.2587156
1909;28.359612
1910;11.6272938
1911;26.1490406
1912;11.7993094
1913;26.0828906
1914;11.4532489
1915;24.8499017
1916;34.8
1917;34.8
1918;34.8
1919;34.8
1920;34.8
1921;16.7996756
1922;34.8
1923;34.8
1924;34.8
1925;34.8
1926;34.8
1927;34.8
1928;34.8
1929;34.8
1930;34.8
1931;34.8
1932;34.0446524
1933;21.7305166
1934;17.0854092
1935;21.2912298
1936;26.1525714
1937;34.8
1938;34.8
1939;34.8
1940;34.8
1941;34.8
1942;34.8
1943;34.8
1944;34.8
1945;34.8
1946;10.7119567
1947;26.4195414
1948;34.8
1949;34.8
1950;34.8
1951;34.8
1952;34.8
1953;34.8
1954;34.8
1955;34.8
1956;34.8
1957;34.8
1958;21.5228853
1959;17.9846301
1960;21.5087357
1961;17.9987231
1962;21.494699
1963;24.5896941
1964;34.8
1965;34.8
1966;34.8
1967;1.91204837
1968;34.2828281
1969;21.3177131
1970;19.6598977
1971;25.5412964
1972;34.8
1973;34.8
1974;34.8
1975;34.8
1976;34.8
1977;34.8
1978;22.6812836
1979;16.8308643
1980;22.6578875
1981;16.8541668
1982;22.6346782
1983;8.43956082
1984;15.2237398
1985;16.0847897
1986;34.8
1987;4.76061111
1988;34.6798712
1989;19.6739679
1990;24.5607266
1991;11.4530139
1992;23.4851962
1993;13.385386
1994;22.3156035
1995;34.8
1996;34.8
1997;34.8
1998;34.8
1999;34.8
2000;34.8
2001;34.8
2002;20.8321764
2003;18.6725768
2004;20.8235401
2005;18.6811786
2006;11.2138655
2007;13.751159
2008;13.8230376
2009;14.4062997
2010;26.4624546
2011;34.8
2012;4.76061111
2013;34.6798712
2014;17.5447469
2015;8.41643303
2016;27.4088728
2017;9.99233239
2018;27.0938087
2019;15.3036723
2020;20.708108
2021;30.6118308
2022;34.8
2023;34.8
2024;34.8
2025;34.8
2026;34.8
2027;30.1653003
2028;9.37677644
2029;30.0821661
2030;9.45957817
2031;29.9996955
2032;9.54171896
2033;29.9178832
2034;9.6232041
2035;29.8367239
2036;18.2324572
2037;21.2180755
2038;32.4359697
2039;5.16940013
2040;31.5819208
2041;10.6651241
2042;25.1002214
2043;32.2743332
2044;34.8
2045;34.8
2046;34.8
2047;34.8
2048;34.8
2049;34.8
2050;26.8331101
2051;12.6956411
2052;26.7765738
2053;12.7519513
2054;26.7204887
2055;12.8078121
2056;26.6648513
2057;12.863227
2058;26.609658
2059;12.9181995
2060;26.5549053
2061;12.9727333
2062;26.5005896
2063;13.0268318
2064;26.3678242
2065;13.1590662
2066;26.3150019
2067;13.2116774
2068;26.2626011
2069;13.2638686
2070;26.2106186
2071;34.8
2072;34.8
2073;34.8
2074;34.8
2075;23.2598535
2076;16.2546081
2077;23.2318392
2078;16.2825103
2079;23.2040486
2080;16.3101899
2081;23.1764797
2082;16.3376484
2083;23.149131
2084;16.3648878
2085;23.1220005
2086;16.3919098
2087;30.3486154
2088;34.8
2089;4.76061111
2090;34.6798712
2091;4.38066541
2092;33.9977557
2093;23.1905124
2094;20.3008763
2095;34.8
2096;34.8
2097;31.6736794
2098;7.87442941
2099;31.5785052
2100;7.969223
2101;31.4840907
2102;8.06325995
2103;28.0037261
2104;11.5297064
2105;27.9378458
2106;11.5953232
2107;27.8724914
2108;11.6604163
2109;27.746305
2110;34.8
2111;34.8
2112;34.8
2113;1.87220833
2114;33.4284984
2115;34.8
2116;34.8
2117;34.8
2118;34.8
2119;34.8
2120;34.8
2121;34.8
2122;34.8
2123;23.7751525
2124;15.7413698
2125;23.7430251
2126;15.7733687
2127;12.3727862
2128;9.72285841
2129;9.24157483
2130;11.6987681
2131;32.2531226
2132;34.8
2133;4.76061111
2134;34.6798712
2135;4.88025949
2136;34.8
2137;4.76061111
2138;31.4075653
2139;7.71876856
2140;30.751885
2141;13.3800973
2142;24.7275446
2143;34.8
2144;34.8
2145;34.8
2146;34.8
2147;20.5366311
2148;18.9669402
2149;20.5303539
2150;18.9731923
2151;20.5241267
2152;11.8121237
2153;14.757108
2154;18.6451715
2155;34.8
2156;4.76061111
2157;34.6798712
2158;5.64814518
2159;32.278333
2160;34.8
2161;4.76061111
2162;33.0351914
2163;6.37812524
2164;32.6218204
2165;12.5850866
2166;25.8349092
2167;34.8
2168;34.8
2169;34.8
2170;34.8
2171;34.8
2172;28.5124223
2173;11.0230445
2174;28.4424816
2175;11.0927055
2176;28.3730991
2177;11.1618106
2178;28.3042704
2179;11.230364
2180;28.2359912
2181;22.4855448
2182;26.4884448
2183;12.0923288
2184;26.2906371
2185;11.7809865
2186;25.9433738
2187;11.5483838
2188;25.7543355
2189;28.397993
2190;34.8
2191;34.8
2192;34.8
2193;34.8
2194;34.8
2195;4.76061111
2196;20.4053893
2197;17.4752408
2198;6.3827342
2199;10.352471
2200;8.26419126
2201;7.2453606
2202;8.61644837
2203;11.1404071
2204;29.5570255
2205;34.8
2206;4.76061111
2207;10.1061186
2208;12.2029219
2209;21.6231931
2210;32.2685438
2211;34.8
2212;4.76061111
2213;17.4818268
2214;22.0095282
2215;34.8
2216;34.8
2217;34.8
2218;4.76061111
2219;1.87220833
2220;6.90778315
2221;4.66291867
2222;2.86300615
2223;2.41879511
2224;2.24409841
2225;2.28322397
2226;2.82325457
2227;4.66747913
2228;7.98824148
2229;10.8425209
2230;2.53185464
2231;5.46270032
2232;7.71339942
2233;9.51585839
2234;11.3583186
2235;21.6708726
2236;34.8
2237;3.75553109
2238;21.0725417
2239;34.8
2240;34.8
2241;34.8
2242;14.6095043
2243;22.3035214
2244;7.292238
2245;5.06844444
2246;4.74208546
2247;5.00966803
2248;3.75797465
2249;9.72618401
2250;23.4080132
2251;34.8
2252;4.20588154
2253;20.136126
2254;19.3658436
2255;11.089435
2256;17.6215357
2257;30.2306093
2258;34.8
2259;4.76061111
2260;18.1649143
2261;21.3291724
2262;18.1775683
2263;34.8
2264;34.8
2265;15.7914453
2266;23.6931498
2267;15.8230446
2268;10.8935149
2269;8.97830354
2270;13.4263184
2271;25.851783
2272;13.6730438
2273;25.8030797
2274;13.7215523
2275;3.78774315
2276;12.6956937
2277;26.7765214
2278;12.7520035
2279;34.8
2280;3.42553414
2281;19.6188239
2282;19.3201293
2283;18.627206
2284;18.4058182
2285;18.3458468
2286;24.2018253
2287;34.8
2288;34.8
2289;34.8
2290;29.15928
2291;10.3787736
2292;19.7160391
2293;13.7604816
2294;2.35682065
2295;10.5355255
2296;8.77127577
2297;7.98192679
2298;8.44593954
2299;10.8744555
2300;15.4872712
2301;34.8
2302;9.32993685
2303;12.5321157
2304;15.6545397
2305;33.5451026
2306;34.8
2307;4.76061111
2308;34.6535768
2309;4.26661775
2310;33.9009919
2311;34.8
2312;34.8
2313;34.8
2314;4.76061111
2315;12.0255548
2316;9.31222112
2317;5.79238092
2318;2.83638767
2319;1.70486902
2320;1.01491012
2321;0.669302685
2322;0.746136892
2323;1.46930636
2324;4.01325539
2325;7.647502
2326;1.35344546
2327;5.79126965
2328;9.50327967
2329;12.7631308
2330;15.6677801
2331;18.767387
2332;34.8
2333;2.69451993
2334;24.68246
2335;34.8
2336;34.8
2337;28.4317185
2338;11.1034256
2339;10.0287797
2340;5.70657399
2341;2.91922799
2342;1.89126252
2343;1.08403073
2344;0.521668988
2345;0.293219403
2346;0.427205445
2347;1.49471413
2348;2.99048806
2349;6.43270417
2350;0.566340292
2351;4.54379061
2352;8.27797213
2353;11.4194005
2354;14.0170521
2355;16.1693079
2356;19.5047593
2357;34.8
2358;2.20323221
2359;34.8
2360;34.8
2361;34.8
2362;6.89754432
2363;15.8545863
2364;5.6956693
2365;2.79588471
2366;1.90626267
2367;1.66342413
2368;1.14855508
2369;1.08551835
2370;0.893249927
2371;1.61370541
2372;3.06874383
2373;5.84515279
2374;0.14575141
2375;2.41744752
2376;5.44838295
2377;8.0599768
2378;9.98824695
2379;10.1043709
2380;10.4813839
2381;11.1809941
2382;34.8
2383;4.76061111
2384;34.6798712
2385;4.88025949
2386;34.5607013
2387;4.99895283
2388;8.77628195
2389;7.25751526
2390;5.39916005
2391;3.85091978
2392;4.40030466
2393;6.20767666
2394;8.03244086
2395;21.430117
2396;34.8
2397;4.76061111
2398;34.6798712
2399;4.88025949
2400;33.882559
2401;34.8
2402;4.76061111
2403;29.8870525
2404;9.65391151
2405;29.5256655
2406;11.3758784
2407;34.8
2408;34.8
2409;34.8
2410;4.76061111
2411;9.21363503
2412;34.8
2413;4.76061111
2414;8.28005759
2415;5.84725608
2416;4.98034925
2417;5.72211032
2418;4.63814719
2419;7.93167105
2420;10.5725488
2421;23.6430754
2422;4.09955252
2423;7.04117845
2424;9.34231092
2425;11.2438267
2426;20.1770642
2427;34.8
2428;34.8
2429;4.76061111
2430;29.0963194
2431;34.8
2432;34.8
2433;14.891823
2434;24.5891744
2435;14.9306031
2436;6.32813329
2437;4.00845906
2438;3.06880204
2439;2.5583576
2440;1.73497814
2441;1.61517928
2442;1.71778428
2443;4.56754034
2444;7.82519607
2445;10.9564242
2446;3.84635292
2447;7.72841536
2448;10.2676557
2449;12.4144577
2450;17.5340884
2451;34.8
2452;34.8
2453;4.76061111
2454;33.261195
2455;34.8
2456;34.8
2457;34.8
2458;12.985001
2459;26.488371
2460;13.0390015
2461;26.4345864
2462;13.0925711
2463;26.3812311
2464;13.145713
2465;26.3283017
2466;13.1984307
2467;26.2757948
2468;13.2507276
2469;26.223707
2470;13.3026071
2471;25.8106066
2472;34.8
2473;4.76061111
2474;24.9946255
2475;14.5267735
2476;24.9527641
2477;14.5684675
2478;24.6570574
2479;34.8
2480;34.8
2481;34.8
2482;4.76061111
2483;10.4486825
2484;7.61410349
2485;5.70601777
2486;4.04368933
2487;2.33724667
2488;1.79288744
2489;1.70414971
2490;2.65733837
2491;5.33571557
2492;8.00968065
2493;10.3564417
2494;3.12109426
2495;7.30198737
2496;10.7183698
2497;13.2095182
2498;14.7607539
2499;21.048859
2500;34.8
2501;3.39935937
2502;23.4111277
2503;34.8
2504;34.8
2505;13.7074768
2506;25.7687844
2507;6.55810026
2508;8.26111257
2509;5.82904818
2510;3.93714059
2511;2.11062451
2512;1.71187024
2513;1.6219949
2514;3.06782197
2515;5.24796944
2516;7.24858968
2517;8.93672176
2518;1.00137803
2519;3.94407447
2520;6.18400776
2521;8.00005476
2522;9.49013114
2523;10.9577902
2524;11.8822769
2525;18.634032
2526;34.8
2527;4.76061111
2528;34.6798712
2529;9.7846797
2530;28.0244294
2531;6.54590616
2532;7.7033462
2533;5.77913293
2534;4.75360535
2535;4.48585154
2536;3.90516368
2537;3.93264001
2538;5.25960487
2539;6.62274145
2540;8.94739496
2541;17.2475979
2542;4.16651213
2543;7.55446191
2544;9.88071113
2545;11.4746031
2546;21.3839276
2547;34.8
2548;2.15822978
2549;15.5594643
2550;23.9242031
2551;34.8
2552;34.8
2553;4.76061111
2554;2.76049349
2555;7.36730973
2556;4.64572209
2557;2.91894384
2558;1.91687202
2559;1.31579828
2560;0.871343934
2561;0.604783981
2562;0.661338649
2563;1.09635156
2564;2.94750636
2565;5.79501385
2566;0.272651828
2567;3.34234904
2568;6.99528728
2569;10.0366754
2570;12.5744415
2571;14.6866995
2572;16.4111982
2573;21.3111941
2574;34.8
2575;12.5738693
2576;26.8978585
2577;12.6311516
2578;9.09167274
2579;4.63953129
2580;2.15290374
2581;1.63286293
2582;1.03776546
2583;0.37291909
2584;0.132208333
2585;0.132208333
2586;0.132208333
2587;0.194272688
2588;1.53488793
2589;2.36244165
2590;0.132208333
2591;0.132208333
2592;1.05098788
2593;3.44666927
2594;5.32055648
2595;6.83665764
2596;8.13265882
2597;9.3270887
2598;34.8
2599;4.76061111
2600;15.5482063
2601;10.7719479
2602;6.48213092
2603;2.87157178
2604;1.52546966
2605;0.995878944
2606;0.306283474
2607;0.132208333
2608;0.132208333
2609;0.132208333
2610;0.132208333
2611;0.132208333
2612;0.247377579
2613;1.21647553
2614;0.132208333
2615;0.132208333
2616;1.02235999
2617;4.83233785
2618;7.93924414
2619;10.337701
2620;12.2554014
2621;13.9945394
2622;34.8
2623;4.76061111
2624;10.2622088
2625;13.0834834
2626;7.57200795
2627;3.21159678
2628;1.53075152
2629;0.91969727
2630;0.221907591
2631;0.132208333
2632;0.132208333
2633;0.132208333
2634;0.132208333
2635;0.132208333
2636;0.132208333
2637;0.490278507
2638;0.132208333
2639;0.132208333
2640;0.132208333
2641;0.132208333
2642;0.543053313
2643;3.07642613
2644;5.48119716
2645;7.64705921
2646;19.2828566
2647;17.3488201
2648;13.6248618
2649;7.53120556
2650;2.46090272
2651;1.04236798
2652;0.348659902
2653;0.133959229
2654;0.132208333
2655;0.132208333
2656;0.132208333
2657;0.132208333
2658;0.132208333
2659;0.132208333
2660;0.132208333
2661;0.238153291
2662;0.132208333
2663;0.132208333
2664;0.132208333
2665;0.133633737
2666;1.22974267
2667;3.7680618
2668;6.02593968
2669;7.89881207
2670;19.0179079
2671;16.817496
2672;12.888115
2673;7.4288278
2674;2.31428553
2675;0.723251861
2676;0.14782716
2677;0.132208333
2678;0.132208333
2679;0.132208333
2680;0.132208333
2681;0.132208333
2682;0.132208333
2683;0.132208333
2684;0.132208333
2685;0.132208333
2686;0.132208333
2687;0.132208333
2688;0.132208333
2689;0.132208333
2690;0.430339208
2691;2.83915214
2692;5.01904823
2693;6.66335042
2694;17.7619669
2695;15.3218503
2696;13.832632
2697;7.89294851
2698;3.42348067
2699;2.86012791
2700;2.9889327
2701;2.81320276
2702;4.09371548
2703;4.10683042
2704;2.00670249
2705;1.59681686
2706;4.73072172
2707;5.7474226
2708;7.80554553
2709;9.69592991
2710;1.48172255
2711;3.9553508
2712;6.00963535
2713;7.47081457
2714;8.63942569
2715;9.57234423
2716;10.5866036
2717;11.5706883
2718;34.8
2719;4.76061111
2720;34.6798712
2721;4.88025949
2722;9.91470351
2723;7.23762565
2724;5.01408932
2725;2.96665397
2726;1.90892186
2727;1.58816536
2728;1.27630572
2729;1.01904376
2730;0.956092491
2731;1.64852886
2732;4.44423149
2733;7.21211073
2734;0.132208333
2735;2.4721388
2736;6.77524833
2737;9.69365267
2738;11.5404807
2739;12.6660258
2740;13.2446346
2741;13.3699327
2742;34.8
2743;4.76061111
2744;34.6798712
2745;4.88025949
2746;5.66407976
2747;3.05538802
2748;1.77628953
2749;1.89811341
2750;1.71122515
2751;1.41542761
2752;1.18897005
2753;1.67922018
2754;2.0460264
2755;5.76481283
2756;8.36520029
2757;9.82932327
2758;1.51312509
2759;4.3911644
2760;6.47333877
2761;8.21205558
2762;9.89016693
2763;11.1402478
2764;12.1259129
2765;13.1425477
2766;34.8
2767;4.76061111
2768;34.6798712
2769;4.88025949
2770;34.5607013
2771;4.99895283
2772;7.36091863
2773;11.4109367
2774;9.74765251
2775;8.63838608
2776;7.86782561
2777;8.52590595
2778;9.37452942
2779;10.0943535
2780;15.2746569
2781;32.7567435
2782;7.67180947
2783;10.1567042
2784;11.2506661
2785;20.2393673
2786;34.8
2787;4.76061111
2788;25.7583882
2789;13.7660651
2790;25.7104304
2791;34.8
2792;34.8
2793;11.2126338
2794;28.2536504
2795;11.2807815
2796;8.7740517
2797;6.44574987
2798;3.77940176
2799;1.78095656
2800;1.09181284
2801;0.611338167
2802;0.37781716
2803;0.554890622
2804;1.79618975
2805;4.1812789
2806;0.132208333
2807;0.616852512
2808;3.43397345
2809;6.27951401
2810;9.04848601
2811;11.3818075
2812;12.9364977
2813;14.3444147
2814;34.8
2815;4.76061111
2816;34.6798712
2817;4.88025949
2818;24.6551099
2819;14.8649314
2820;8.57053141
2821;6.40928646
2822;4.26994989
2823;2.27417595
2824;1.59914555
2825;1.37243022
2826;2.3904346
2827;4.13884624
2828;7.09024764
2829;7.82509721
2830;0.303219156
2831;2.47384308
2832;5.19204142
2833;7.55647247
2834;9.45348816
2835;11.0148909
2836;12.5199315
2837;15.8597303
2838;34.8
2839;5.85532085
2840;33.5895393
2841;5.96623116
2842;7.9307476
2843;4.05953028
2844;1.71105931
2845;1.06378045
2846;0.262735304
2847;0.132208333
2848;0.132208333
2849;0.132208333
2850;0.132208333
2851;0.132208333
2852;0.132208333
2853;0.310031875
2854;0.132208333
2855;0.132208333
2856;0.132208333
2857;0.132208333
2858;0.132208333
2859;0.132208333
2860;2.22611765
2861;5.94794436
2862;18.1902218
2863;16.1259966
2864;18.4508428
2865;13.1362516
2866;10.4169638
2867;8.19683078
2868;6.61323677
2869;5.64356485
2870;4.18580458
2871;2.79059641
2872;3.17115427
2873;3.86480415
2874;7.67759062
2875;8.26057758
2876;10.3990688
2877;11.2963979
2878;2.30621562
2879;4.48846137
2880;6.0228525
2881;7.21375649
2882;8.21491119
2883;9.08114896
2884;9.86026046
2885;10.5652385
2886;34.8
2887;4.76061111
2888;31.6605644
2889;7.88749201
2890;10.8312301
2891;7.84836539
2892;5.52852767
2893;3.98553831
2894;2.54809557
2895;1.6992795
2896;1.34523729
2897;1.4891075
2898;2.23173724
2899;4.3977504
2900;6.39226007
2901;7.79450948
2902;0.419001956
2903;2.32748839
2904;4.37669514
2905;5.8379071
2906;6.94698895
2907;7.8869053
2908;9.08575691
2909;10.3030768
2910;34.8
2911;4.76061111
2912;31.0149653
2913;8.53050932
2914;7.06179174
2915;4.57871857
2916;2.61099139
2917;1.76203048
2918;1.33772818
2919;0.958229895
2920;0.776913062
2921;0.798425556
2922;1.13435463
2923;2.13242239
2924;4.85554085
2925;7.38538367
2926;0.749911747
2927;3.83092353
2928;7.06171306
2929;9.83731353
2930;11.7283825
2931;13.8223227
2932;15.6981029
2933;22.7344162
2934;34.8
2935;15.1868909
2936;24.2952866
2937;15.2233157
2938;12.9774526
2939;9.31792658
2940;7.0550843
2941;5.41822076
2942;3.53948566
2943;2.00568294
2944;2.00279222
2945;2.09837729
2946;3.8658466
2947;4.13201258
2948;6.60038804
2949;7.93470373
2950;0.154778904
2951;1.47661247
2952;4.60327298
2953;8.58702341
2954;11.4588713
2955;13.2221561
2956;16.2014685
2957;33.2405424
2958;34.8
2959;23.5813228
2960;15.9344243
2961;23.5507425
2962;9.13241115
2963;5.69764878
2964;3.34424851
2965;2.06511137
2966;1.42256951
2967;0.850082764
2968;1.04906653
2969;0.883868069
2970;0.893292651
2971;0.9158519
2972;1.8607987
2973;3.02564319
2974;0.132208333
2975;0.132208333
2976;2.02844242
2977;6.40934037
2978;8.97498223
2979;10.6324839
2980;11.137625
2981;11.8011445
2982;34.8
2983;4.76061111
2984;34.6798712
2985;4.88025949
2986;31.9364847
2987;7.61267512
2988;12.5096398
2989;6.16258508
2990;11.4963105
2991;8.48594713
2992;19.3654391
2993;8.70915984
2994;8.62979804
2995;8.30143444
2996;18.6863217
2997;34.8
2998;3.09465505
2999;8.65265228
3000;11.4367537
3001;27.1316705
3002;34.8
3003;4.76061111
3004;23.0066759
3005;16.5067732
3006;22.9806826
3007;34.8
3008;34.8
3009;34.8
3010;25.1328157
3011;14.3891359
3012;10.8386834
3013;10.033633
3014;7.55689431
3015;8.20166522
3016;7.40946506
3017;13.1855971
3018;9.61149694
3019;10.5356136
3020;34.8
3021;34.8
3022;4.76061111
3023;10.7588215
3024;18.1737846
3025;34.8
3026;34.8
3027;4.76061111
3028;24.9608189
3029;14.5604449
3030;24.9192274
3031;34.8
3032;34.8
3033;34.8
3034;4.76061111
3035;18.0063693
3036;21.4870834
3037;18.0202888
3038;21.4732195
3039;17.6006207
3040;8.32378288
3041;7.11460828
3042;10.1843257
3043;19.6654236
3044;28.178455
3045;34.8
3046;4.76061111
3047;6.69329246
3048;9.86587578
3049;21.4415001
3050;34.8
3051;4.76061111
3052;23.6839845
3053;15.8321732
3054;23.6525848
3055;34.8
3056;34.8
3057;4.76061111
3058;5.76713434
3059;6.84553583
3060;4.2980125
3061;2.4936292
3062;1.42036268
3063;1.29362527
3064;1.53050731
3065;1.36677172
3066;1.774591
3067;3.96433865
3068;6.34187669
3069;7.6500933
3070;0.454004544
3071;2.79393565
3072;5.24564717
3073;6.82398476
3074;7.58889415
3075;8.11452916
3076;8.70699808
3077;9.52306169
3078;34.8
3079;4.76061111
3080;34.6798712
3081;4.88025949
3082;8.15716379
3083;5.81141513
3084;5.28766729
3085;5.10696177
3086;3.39350098
3087;1.63651971
3088;1.70086765
3089;2.28805725
3090;1.31032038
3091;1.25253491
3092;3.77653447
3093;5.56703965
3094;0.132208333
3095;1.05619098
3096;3.20700911
3097;5.01534067
3098;6.29532111
3099;7.36472696
3100;8.52932221
3101;9.67059637
3102;34.8
3103;4.76061111
3104;32.4114053
3105;7.1396537
3106;2.11742971
3107;0.841011807
3108;0.214326204
3109;0.132208333
3110;0.132208333
3111;0.132208333
3112;0.132208333
3113;0.132208333
3114;0.132208333
3115;0.132208333
3116;0.132208333
3117;0.132208333
3118;0.132208333
3119;0.132208333
3120;0.132208333
3121;0.132208333
3122;0.132208333
3123;0.132208333
3124;0.132208333
3125;0.132208333
3126;10.4810091
3127;9.19979389
3128;4.4475755
3129;1.17788177
3130;0.13569476
3131;0.132208333
3132;0.132208333
3133;0.132208333
3134;0.132208333
3135;0.132208333
3136;0.132208333
3137;0.132208333
3138;0.132208333
3139;0.132208333
3140;0.132208333
3141;0.132208333
3142;0.132208333
3143;0.132208333
3144;0.132208333
3145;0.132208333
3146;0.132208333
3147;0.132208333
3148;0.132208333
3149;1.07577262
3150;13.4657133
3151;14.350403
3152;14.7232186
3153;13.3449996
3154;13.5030132
3155;13.5237429
3156;12.0400085
3157;13.5007218
3158;12.9697488
3159;10.956943
3160;10.7173366
3161;10.2963301
3162;10.7880614
3163;11.7968555
3164;13.0802609
3165;26.4982901
3166;5.91404359
3167;8.92981104
3168;11.3151534
3169;13.7589252
3170;27.2365433
3171;34.8
3172;4.76061111
3173;21.4584425
3174;18.0488151
3175;34.8
3176;34.8
3177;24.9275065
3178;14.5936241
3179;19.1331676
3180;13.6067989
3181;12.9729835
3182;11.2767505
3183;9.96125416
3184;8.94892416
3185;8.55022051
3186;9.45684384
3187;10.1544732
3188;12.2953824
3189;23.9385855
3190;8.02682995
3191;11.638431
3192;14.8472951
3193;32.558213
3194;34.8
3195;4.05066163
3196;34.1511436
3197;3.72402949
3198;33.76652
3199;34.8
3200;34.8
3201;4.93953425
3202;21.0485392
3203;9.5857952
3204;12.5019382
3205;11.1388204
3206;9.30050898
3207;7.33827948
3208;5.9502358
3209;5.60088747
3210;6.29522267
3211;8.26948029
3212;9.72120269
3213;12.184613
3214;4.70721273
3215;8.40677454
3216;11.2581837
3217;13.6291197
3218;21.6435615
3219;34.8
3220;4.76061111
3221;24.5392911
3222;14.980287
3223;34.8
3224;34.8
3225;14.752703
3226;19.7762959
3227;5.44571868
3228;3.04187198
3229;6.51733113
3230;34.8
3231;4.76061111
3232;34.8
3233;1.87596015
3234;8.44884617
3235;9.83424102
3236;29.626531
3237;9.91339122
3238;29.5476973
3239;5.54426887
3240;34.8
3241;4.76061111
3242;34.1276883
3243;4.56251819
3244;33.9481023
3245;12.3825137
3246;25.9577887
3247;34.8
3248;34.8
3249;34.8
3250;34.8
3251;34.8
3252;25.5013601
3253;14.0220654
3254;25.4554539
3255;14.067788
3256;9.08866092
3257;17.6978445
3258;21.7943744
3259;17.7142267
3260;21.7780577
3261;17.7304781
3262;21.7618713
3263;34.8
3264;34.8
3265;4.1295449
3266;33.9323388
3267;8.05876599
3268;28.8794058
3269;24.9398817
3270;29.9332012
3271;34.8
3272;34.8
3273;25.3645133
3274;14.1583649
3275;23.4813894
3276;15.3253313
3277;17.2999791
3278;11.9994011
3279;9.98612844
3280;8.50897499
3281;7.79075217
3282;8.0006511
3283;8.80438866
3284;11.1326219
3285;14.2616522
3286;6.34629091
3287;9.38076238
3288;11.3609912
3289;12.9137024
3290;14.4942155
3291;26.5912475
3292;34.8
3293;3.62340966
3294;17.390631
3295;34.8
3296;34.8
3297;33.0627078
3298;6.49095579
3299;11.7047506
3300;7.89987635
3301;4.6657456
3302;1.85298403
3303;1.77241439
3304;1.38975348
3305;2.16518189
3306;2.88568855
3307;4.1134708
3308;6.19895457
3309;8.13338449
3310;1.0836219
3311;4.13815969
3312;6.89750476
3313;8.77588379
3314;10.6795951
3315;12.7526584
3316;26.6156524
3317;34.8
3318;4.0504984
3319;34.8
3320;34.8
3321;4.76061111
3322;7.67544387
3323;4.34083307
3324;1.90772784
3325;1.2490321
3326;0.521793436
3327;0.132681804
3328;0.132208333
3329;0.132208333
3330;0.132208333
3331;0.132208333
3332;0.430566583
3333;1.056932
3334;0.132208333
3335;0.132208333
3336;0.132208333
3337;0.166028297
3338;1.57895225
3339;4.09361325
3340;7.89909743
3341;10.6985003
3342;34.8
3343;4.76061111
3344;12.6282941
3345;8.46672293
3346;4.44004043
3347;1.46977597
3348;0.672927538
3349;0.166835753
3350;0.132208333
3351;0.132208333
3352;0.132208333
3353;0.132208333
3354;0.132208333
3355;0.229451955
3356;1.17881842
3357;1.23824378
3358;0.132208333
3359;0.132208333
3360;0.132208333
3361;0.132208333
3362;0.627681352
3363;3.329188
3364;5.08155621
3365;5.64935243
3366;15.8217938
3367;13.5183372
3368;12.0059067
3369;6.66649463
3370;3.28660521
3371;1.10838666
3372;0.566928869
3373;0.145752554
3374;0.132208333
3375;0.132208333
3376;0.132208333
3377;0.132208333
3378;0.132208333
3379;0.230802059
3380;0.783312507
3381;1.40175068
3382;0.132208333
3383;0.132208333
3384;0.216584499
3385;1.46224139
3386;3.13472343
3387;4.40592626
3388;5.58331974
3389;6.46437668
3390;16.8275383
3391;16.8553288
3392;17.8379504
3393;10.3933651
3394;7.22794179
3395;4.39435342
3396;2.58227108
3397;1.77869572
3398;1.11405688
3399;0.456413762
3400;0.132746353
3401;0.132208333
3402;0.132208333
3403;0.613113799
3404;1.03338165
3405;1.52894992
3406;0.132208333
3407;0.132208333
3408;0.132208333
3409;0.132208333
3410;0.996174014
3411;2.72793348
3412;4.46512073
3413;6.03692789
3414;21.3026194
3415;22.5755179
3416;13.9599873
3417;8.08360638
3418;6.21435223
3419;2.506064
3420;0.865121886
3421;0.228055774
3422;0.132208333
3423;0.132208333
3424;0.132208333
3425;0.132208333
3426;0.132208333
3427;0.132208333
3428;0.132208333
3429;0.396701183
3430;0.132208333
3431;0.132208333
3432;0.132208333
3433;0.132208333
3434;0.132208333
3435;0.521368327
3436;1.8615385
3437;3.62180439
3438;14.5062956
3439;11.5048723
3440;7.58345891
3441;5.2389371
3442;1.71217592
3443;0.491901178
3444;0.132208333
3445;0.132208333
3446;0.132208333
3447;0.132208333
3448;0.132208333
3449;0.132208333
3450;0.132208333
3451;0.132208333
3452;0.132208333
3453;0.132208333
3454;0.132208333
3455;0.132208333
3456;0.132208333
3457;0.132208333
3458;0.132208333
3459;0.132208333
3460;0.135579416
3461;1.35364079
3462;11.9908747
3463;9.4693111
3464;6.8709853
3465;4.20541689
3466;1.63968088
3467;0.578076795
3468;0.205619567
3469;0.133257728
3470;0.132208333
3471;0.132208333
3472;0.132208333
3473;0.132208333
3474;0.132208333
3475;0.132208333
3476;0.132208333
3477;0.180500985
3478;0.132208333
3479;0.132208333
3480;0.132208333
3481;0.403917342
3482;1.97556084
3483;3.97399398
3484;5.9323015
3485;7.65546937
3486;17.6847386
3487;14.2964932
3488;10.7833673
3489;7.64696968
3490;4.436696
3491;1.63111784
3492;0.771425493
3493;0.48016495
3494;0.957353237
3495;0.132208333
3496;0.132208333
3497;0.132208333
3498;0.132208333
3499;0.132208333
3500;0.132208333
3501;0.603246786
3502;0.132208333
3503;0.132208333
3504;1.04151774
3505;3.43365319
3506;5.41691574
3507;6.86866457
3508;8.64652166
3509;10.3553073
3510;21.6937385
3511;19.2784833
3512;15.3822955
3513;11.1021894
3514;7.10307244
3515;5.23088654
3516;2.28250001
3517;1.27674536
3518;0.97521638
3519;1.00501707
3520;0.763833531
3521;0.636486324
3522;0.486468427
3523;0.510684673
3524;1.28032862
3525;3.33421138
3526;0.132208333
3527;0.132208333
3528;0.132208333
3529;0.38417572
3530;1.75031702
3531;3.66303358
3532;5.92363638
3533;8.12695876
3534;34.8
3535;4.76061111
3536;10.450997
3537;6.51289654
3538;3.11423889
3539;1.11709463
3540;0.716170026
3541;0.584230204
3542;0.252342073
3543;0.132208333
3544;0.132208333
3545;0.132208333
3546;0.132208333
3547;0.132208333
3548;0.449045948
3549;1.06192569
3550;0.132208333
3551;0.132208333
3552;0.132208333
3553;0.535381419
3554;2.29227206
3555;4.18604628
3556;5.59628249
3557;6.99148954
3558;16.3951743
3559;13.6376596
3560;9.54064383
3561;5.42980733
3562;2.11430694
3563;0.773451043
3564;0.326552333
3565;0.144507196
3566;0.132208333
3567;0.132208333
3568;0.132208333
3569;0.132208333
3570;0.132208333
3571;0.132208333
3572;0.132208333
3573;0.132208333
3574;0.132208333
3575;0.132208333
3576;0.132208333
3577;0.192348917
3578;1.96644854
3579;4.18234796
3580;6.29709663
3581;8.04957338
3582;18.6756585
3583;16.2188963
3584;10.9040174
3585;4.84139934
3586;1.30079752
3587;0.483237598
3588;0.13390943
3589;0.132208333
3590;0.132208333
3591;0.132208333
3592;0.132208333
3593;0.132208333
3594;0.132208333
3595;0.132208333
3596;0.583341819
3597;1.01409797
3598;0.132208333
3599;0.132208333
3600;0.132208333
3601;0.262110917
3602;2.36836943
3603;4.73303641
3604;6.38899333
3605;7.69917186
3606;18.3968784
3607;14.561736
3608;9.41727735
3609;5.23242719
3610;1.91240934
3611;0.793265089
3612;0.344784594
3613;0.211782574
3614;0.132208333
3615;0.132208333
3616;0.132208333
3617;0.132208333
3618;0.154692584
3619;0.645284742
3620;1.12413164
3621;1.85374938
3622;0.132208333
3623;0.132208333
3624;0.132208333
3625;0.619512818
3626;2.17330021
3627;4.0055306
3628;5.67707783
3629;7.21870646
3630;24.2366975
3631;34.0920953
3632;29.9969195
3633;34.8
3634;4.76061111
3635;16.1524876
3636;23.3335513
3637;16.181205
3638;23.3049488
3639;16.2096931
3640;23.2765745
3641;16.2379539
3642;23.2484268
3643;16.2659891
3644;23.2205037
3645;16.2938005
3646;23.1928036
3647;8.78129614
3648;13.7250809
3649;26.6024355
3650;34.8
3651;34.8
3652;4.76061111
3653;20.5724619
3654;18.9312527
3655;34.8
3656;34.8
3657;34.8
3658;17.8487188
3659;21.6441035
3660;17.8638967
3661;17.0321154
3662;7.95076206
3663;9.22868516
3664;8.18712576
3665;8.77263687
3666;9.18033234
3667;9.77260721
3668;20.3603922
3669;34.8
3670;4.34684406
3671;7.16490552
3672;9.21278976
3673;11.6783591
3674;24.408711
3675;34.8
3676;34.8
3677;4.76061111
3678;24.9338914
3679;34.8
3680;34.8
3681;34.8
3682;17.7684686
3683;21.7240327
3684;17.7842871
3685;21.7082775
3686;17.7999793
3687;21.692648
3688;17.8155462
3689;21.6771433
3690;17.8309889
3691;21.6617624
3692;17.8463084
3693;21.6465042
3694;17.8615055
3695;17.7875328
3696;33.0149636
3697;34.8
3698;4.76061111
3699;19.9479645
3700;19.5532527
3701;19.9463861
3702;19.5548248
3703;34.8
3704;22.2898983
3705;17.2206844
3706;17.9426393
3707;1.87220833
3708;7.45710898
3709;5.88013477
3710;3.96232841
3711;2.28913145
3712;1.22415733
3713;0.950919278
3714;1.62543945
3715;2.37043494
3716;4.06993372
3717;6.73425936
3718;0.537504066
3719;3.02776923
3720;6.3568113
3721;9.29905784
3722;11.6769494
3723;13.5012912
3724;14.6682748
3725;18.6377438
3726;34.8
3727;4.76061111
3728;28.7015571
3729;10.8346661
3730;7.26948244
3731;4.29489681
3732;2.01836476
3733;1.14383714
3734;0.610733415
3735;0.198730329
3736;0.132208333
3737;0.132208333
3738;0.132208333
3739;0.132208333
3740;0.351421377
3741;1.6131211
3742;0.132208333
3743;0.203790507
3744;2.41208942
3745;5.781563
3746;8.43532065
3747;10.3947673
3748;12.1878638
3749;13.8394474
3750;34.8
3751;4.76061111
3752;14.4696343
3753;9.30724369
3754;4.68840392
3755;1.45352432
3756;0.660750117
3757;0.222100839
3758;0.132208333
3759;0.132208333
3760;0.132208333
3761;0.132208333
3762;0.132208333
3763;0.132208333
3764;0.132208333
3765;0.240469914
3766;0.132208333
3767;0.132208333
3768;0.132208333
3769;1.71192196
3770;4.48710992
3771;7.11528668
3772;8.92598369
3773;10.4464717
3774;20.6862812
3775;16.1595724
3776;11.4064621
3777;6.66030117
3778;2.51024091
3779;0.729546122
3780;0.289061319
3781;0.132208333
3782;0.315508458
3783;0.132208333
3784;0.132208333
3785;0.132208333
3786;0.132208333
3787;0.132208333
3788;0.132208333
3789;0.492709031
3790;0.132208333
3791;0.132208333
3792;0.141388611
3793;1.30449929
3794;3.36426015
3795;5.70612785
3796;7.73244395
3797;9.39912233
3798;19.351506
3799;15.0071389
3800;10.9338957
3801;5.48851412
3802;1.2986597
3803;0.291778384
3804;0.132208333
3805;0.132208333
3806;0.132208333
3807;0.132208333
3808;0.132208333
3809;0.132208333
3810;0.132208333
3811;0.132208333
3812;0.132208333
3813;0.132208333
3814;0.132208333
3815;0.132208333
3816;0.132208333
3817;0.132208333
3818;0.38264943
3819;1.93384554
3820;2.54816897
3821;3.0311826
3822;13.6171828
3823;12.5295143
3824;10.2047423
3825;8.85694389
3826;6.30634174
3827;3.75560321
3828;2.81609117
3829;1.27910524
3830;0.725270098
3831;0.197947321
3832;0.132208333
3833;0.132208333
3834;0.137423138
3835;0.588256803
3836;0.818882798
3837;2.8340389
3838;0.132208333
3839;0.150809255
3840;1.44461822
3841;3.14571334
3842;4.9450775
3843;6.39144975
3844;7.63303707
3845;8.63054214
3846;28.8088508
3847;31.4945765
3848;19.9640157
3849;11.6394763
3850;10.7424781
3851;8.99150842
3852;8.176178
3853;7.83042089
3854;7.2066432
3855;6.67755322
3856;7.19252447
3857;7.96933603
3858;13.0126154
3859;23.0209395
3860;31.1291492
3861;34.8
3862;3.1038089
3863;4.09752059
3864;5.58570082
3865;6.77427848
3866;7.56072434
3867;8.96919764
3868;16.734677
3869;24.2837339
3870;34.8
3871;4.76061111
3872;34.6798712
3873;4.88025949
3874;29.6217563
3875;9.91814675
3876;28.6613881
3877;10.8746744
3878;2.86627448
3879;4.82430972
3880;4.61942335
3881;3.66990609
3882;1.92503374
3883;1.65112431
3884;2.73542465
3885;4.86865002
3886;0.132208333
3887;2.04183607
3888;5.02627013
3889;7.61356531
3890;9.42726782
3891;10.7392829
3892;11.9469677
3893;20.9198877
3894;34.8
3895;4.76061111
3896;34.6798712
3897;4.88025949
3898;13.8148488
3899;5.23442817
3900;1.29997226
3901;0.67963182
3902;0.199388013
3903;0.26225944
3904;0.258301413
3905;0.132208333
3906;0.132208333
3907;0.132208333
3908;0.132208333
3909;0.502753508
3910;0.132208333
3911;0.132208333
3912;0.132208333
3913;0.443030718
3914;2.96167102
3915;5.56784693
3916;7.14553477
3917;8.26224601
3918;34.8
3919;4.76061111
3920;1.87220833
3921;3.83961554
3922;0.758222343
3923;1.11433187
3924;0.132208333
3925;0.132208333
3926;0.132208333
3927;0.132208333
3928;0.132208333
3929;0.132208333
3930;0.132208333
3931;0.132208333
3932;0.132208333
3933;0.132208333
3934;0.132208333
3935;0.132208333
3936;0.132208333
3937;0.132208333
3938;0.347621651
3939;2.48303282
3940;4.68742151
3941;7.01516965
3942;18.4713142
3943;14.5079506
3944;12.315663
3945;11.7713808
3946;9.85499744
3947;8.31370785
3948;6.27923957
3949;4.34237841
3950;2.78810202
3951;1.54771465
3952;1.9950782
3953;1.37039013
3954;1.76951102
3955;2.75207723
3956;3.55694589
3957;5.67573879
3958;0.149596794
3959;1.46419435
3960;2.92536923
3961;4.80636343
3962;6.70086455
3963;8.34247935
3964;9.86071321
3965;11.1930101
3966;34.8
3967;4.76061111
3968;3.40903327
3969;7.83316909
3970;4.58037406
3971;1.26968593
3972;0.495512258
3973;0.180014297
3974;0.132208333
3975;0.132208333
3976;0.132208333
3977;0.132208333
3978;0.132208333
3979;0.132208333
3980;0.132208333
3981;0.304879662
3982;0.132208333
3983;0.132208333
3984;0.132208333
3985;0.342112075
3986;1.81601939
3987;3.36108257
3988;4.78987333
3989;5.04509549
3990;13.9847401
3991;11.5878361
3992;8.27145007
3993;4.95505224
3994;1.75875249
3995;0.422214727
3996;0.132211346
3997;0.132208333
3998;0.132208333
3999;0.132208333
4000;0.132208333
4001;0.132208333
4002;0.132208333
4003;0.132208333
4004;0.132208333
4005;0.132208333
4006;0.132208333
4007;0.132208333
4008;0.132208333
4009;0.132208333
4010;0.132208333
4011;0.132208333
4012;0.398462208
4013;1.97510585
4014;11.6867655
4015;7.75814938
4016;2.98735181
4017;0.195302944
4018;0.132208333
4019;0.132208333
4020;0.132208333
4021;0.132208333
4022;0.132208333
4023;0.132208333
4024;0.132208333
4025;0.132208333
4026;0.132208333
4027;0.132208333
4028;0.132208333
4029;0.132208333
4030;0.132208333
4031;0.132208333
4032;0.132208333
4033;0.132208333
4034;0.132208333
4035;0.132208333
4036;0.132208333
4037;0.132208333
4038;0.132208333
4039;0.132208333
4040;0.132208333
4041;0.132208333
4042;0.132208333
4043;0.132208333
4044;0.132208333
4045;0.132208333
4046;0.132208333
4047;0.132208333
4048;0.132208333
4049;0.132208333
4050;0.132208333
4051;0.132208333
4052;0.132208333
4053;0.132208333
4054;0.132208333
4055;0.132208333
4056;0.132208333
4057;0.132208333
4058;0.132208333
4059;0.132208333
4060;0.132208333
4061;0.132208333
4062;0.132208333
4063;0.132208333
4064;0.132208333
4065;0.132208333
4066;0.132208333
4067;0.132208333
4068;0.132208333
4069;0.132208333
4070;0.132208333
4071;0.132208333
4072;0.132208333
4073;0.132208333
4074;0.132208333
4075;0.132208333
4076;0.132208333
4077;0.132208333
4078;0.132208333
4079;0.132208333
4080;0.132208333
4081;0.132208333
4082;0.132208333
4083;0.132208333
4084;0.132208333
4085;0.132208333
4086;0.132208333
4087;0.132208333
4088;0.132208333
4089;0.132208333
4090;0.132208333
4091;0.132208333
4092;0.132208333
4093;0.132208333
4094;0.132208333
4095;0.132208333
4096;0.132208333
4097;0.132208333
4098;0.132208333
4099;0.132208333
4100;0.132208333
4101;0.132208333
4102;0.132208333
4103;0.132208333
4104;0.132208333
4105;0.132208333
4106;0.132208333
4107;0.132208333
4108;0.132208333
4109;0.132208333
4110;4.0564072
4111;2.75178071
4112;2.2030369
4113;1.07658878
4114;0.135821834
4115;0.132208333
4116;0.132208333
4117;0.132208333
4118;0.132208333
4119;0.132208333
4120;0.132208333
4121;0.132208333
4122;0.132208333
4123;0.132208333
4124;0.132208333
4125;0.132208333
4126;0.132208333
4127;0.132208333
4128;0.132208333
4129;0.132208333
4130;0.132208333
4131;0.563502628
4132;1.9328179
4133;2.83945228
4134;11.9781552
4135;10.591767
4136;8.81288635
4137;7.48503759
4138;4.63164869
4139;1.96934782
4140;0.387329341
4141;0.132208333
4142;0.132208333
4143;0.132208333
4144;0.132208333
4145;0.132208333
4146;0.132208333
4147;0.132208333
4148;0.132208333
4149;0.132208333
4150;0.132208333
4151;0.132208333
4152;0.132208333
4153;0.132208333
4154;0.132208333
4155;0.272794944
4156;1.23105662
4157;1.85507664
4158;11.4157255
4159;9.90917755
4160;8.56512971
4161;6.37703079
4162;5.80440045
4163;3.23873421
4164;2.26422494
4165;1.27655483
4166;0.74313033
4167;0.402524468
4168;0.214156883
4169;0.249464954
4170;0.865341843
4171;2.36115156
4172;2.86683142
4173;5.52869704
4174;0.138125433
4175;1.74894526
4176;3.66343367
4177;5.78357495
4178;7.53354001
4179;8.9052347
4180;9.49518692
4181;9.87012502
4182;18.2627384
4183;33.052923
4184;34.8
4185;26.1430008
4186;11.804145
4187;34.8
4188;16.2793043
4189;7.85305013
4190;5.23801478
4191;6.37480639
4192;5.76640687
4193;3.53913918
4194;3.94591296
4195;5.87794257
4196;7.79912664
4197;10.0854244
4198;2.31090621
4199;4.33778975
4200;6.13107928
4201;7.59051181
4202;8.91212514
4203;9.8865334
4204;11.3870537
4205;21.0333691
4206;34.8
4207;4.76061111
4208;34.6798712
4209;4.88025949
4210;20.3483783
4211;12.1850359
4212;8.76445671
4213;8.08755496
4214;8.08841022
4215;8.66469478
4216;8.49628156
4217;8.03554843
4218;8.51748627
4219;25.3115667
4220;34.2756877
4221;34.8
4222;4.76061111
4223;6.61040616
4224;8.18149179
4225;9.77511762
4226;20.1140215
4227;29.7638331
4228;34.8
4229;3.67080873
4230;14.5630825
4231;26.5908155
4232;22.6972631
4233;16.8149487
4234;22.6737395
4235;16.8383782
4236;11.705649
4237;8.33348773
4238;7.66323138
4239;6.83893878
4240;5.95996182
4241;5.60477972
4242;5.71042366
4243;6.01441955
4244;7.46675146
4245;10.4950479
4246;2.66114072
4247;4.52332722
4248;7.41340881
4249;10.1164116
4250;11.9062022
4251;13.4343397
4252;17.4942698
4253;30.8514759
4254;34.8
4255;13.9701464
4256;25.5071652
4257;14.0162835
4258;25.4612127
4259;14.0620522
4260;9.75911172
4261;10.8443368
4262;8.5494486
4263;9.00042113
4264;18.6265124
4265;26.5058339
4266;32.4412687
4267;15.7079611
4268;28.5372401
4269;34.8
4270;4.76061111
4271;7.82603381
4272;10.1548604
4273;21.3772914
4274;34.8
4275;34.8
4276;4.76061111
4277;24.3863811
4278;15.1325856
4279;34.8
4280;34.8
4281;4.76061111
4282;11.1395177
4283;9.06659521
4284;23.7489512
4285;7.26417554
4286;6.19290477
4287;4.19154613
4288;3.48619659
4289;5.1803845
4290;5.55160099
4291;5.89083655
4292;5.93250047
4293;7.69169765
4294;0.604046743
4295;3.61053397
4296;6.32553062
4297;8.08262464
4298;9.41218934
4299;10.3426048
4300;13.1798961
4301;20.5763103
4302;34.8
4303;4.76061111
4304;34.6798712
4305;4.88025949
4306;34.5607013
4307;4.99895283
4308;21.7339121
4309;17.7744472
4310;21.7180781
4311;17.7902179
4312;18.8858072
4313;20.6111624
4314;7.60296778
4315;5.91045422
4316;6.85250975
4317;20.2626044
4318;1.57503052
4319;3.58064906
4320;5.75968363
4321;7.34732709
4322;8.93733547
4323;13.9019576
4324;25.7975596
4325;34.8
4326;34.8
4327;16.1794174
4328;23.3067292
4329;16.2079198
4330;14.6488581
4331;7.50996795
4332;6.99185361
4333;4.2990633
4334;3.06294169
4335;2.17743205
4336;1.82004842
4337;1.66649505
4338;3.83350478
4339;6.15859171
4340;5.99867808
4341;8.63264868
4342;1.07905966
4343;2.69401451
4344;4.08883834
4345;5.57145585
4346;6.82367142
4347;7.93613639
4348;8.95122835
4349;9.88595809
4350;34.8
4351;4.76061111
4352;17.0055925
4353;14.8720993
4354;7.33631674
4355;2.43318037
4356;0.765045579
4357;0.319150898
4358;0.132208333
4359;0.132208333
4360;0.132208333
4361;0.132208333
4362;0.132208333
4363;0.132208333
4364;0.132208333
4365;0.132208333
4366;0.132208333
4367;0.132208333
4368;0.132208333
4369;0.132208333
4370;0.179954856
4371;1.5934173
4372;3.26332373
4373;4.84430199
4374;15.7890409
4375;11.8663435
4376;7.50374696
4377;3.09249999
4378;0.340758966
4379;0.132208333
4380;0.132208333
4381;0.132208333
4382;0.132208333
4383;0.132208333
4384;0.132208333
4385;0.132208333
4386;0.132208333
4387;0.132208333
4388;0.132208333
4389;0.132208333
4390;0.132208333
4391;0.132208333
4392;0.132208333
4393;0.132208333
4394;0.132208333
4395;0.132208333
4396;0.132208333
4397;0.132208333
4398;3.75899354
4399;3.80635595
4400;3.38466927
4401;3.07824933
4402;2.8529174
4403;2.85816274
4404;3.03201558
4405;3.37702767
4406;1.65917469
4407;0.668231566
4408;2.82697875
4409;2.52975645
4410;1.16330408
4411;0.802794601
4412;2.27406432
4413;4.17853841
4414;0.132208333
4415;0.157063624
4416;1.11343851
4417;1.97802121
4418;2.53870571
4419;2.99583313
4420;3.63439581
4421;4.36725852
4422;14.5625103
4423;12.6278681
4424;9.85054209
4425;8.51409825
4426;4.96455749
4427;2.2579322
4428;2.52300044
4429;0.933779875
4430;0.331936399
4431;0.71847535
4432;0.558149273
4433;0.691003776
4434;0.189553082
4435;0.462814927
4436;0.664254605
4437;2.27149104
4438;0.132208333
4439;0.132208333
4440;0.367221478
4441;2.04624352
4442;3.27687557
4443;4.39884963
4444;5.72306624
4445;6.83143376
4446;24.5022216
4447;12.2370043
4448;7.98949728
4449;4.95549973
4450;1.94081409
4451;0.44192869
4452;0.243458753
4453;0.132208333
4454;0.132208333
4455;0.132208333
4456;0.132208333
4457;0.132208333
4458;0.132208333
4459;0.132208333
4460;0.132208333
4461;0.132208333
4462;0.132208333
4463;0.132208333
4464;0.132208333
4465;0.132208333
4466;0.132208333
4467;0.233883252
4468;1.75247848
4469;3.20802047
4470;13.1073249
4471;9.98816081
4472;5.71121862
4473;2.1123885
4474;0.150625349
4475;0.132208333
4476;0.132208333
4477;0.132208333
4478;0.132208333
4479;0.132208333
4480;0.132208333
4481;0.132208333
4482;0.132208333
4483;0.132208333
4484;0.132208333
4485;0.132208333
4486;0.132208333
4487;0.132208333
4488;0.132208333
4489;0.132208333
4490;0.132208333
4491;0.132208333
4492;0.132208333
4493;0.138683617
4494;8.40904238
4495;5.7391227
4496;2.24875283
4497;0.16686265
4498;0.132208333
4499;0.132208333
4500;0.132208333
4501;0.132208333
4502;0.132208333
4503;0.132208333
4504;0.132208333
4505;0.132208333
4506;0.132208333
4507;0.132208333
4508;0.132208333
4509;0.132208333
4510;0.132208333
4511;0.132208333
4512;0.132208333
4513;0.132208333
4514;0.132208333
4515;0.132208333
4516;0.132208333
4517;0.132208333
4518;6.00135339
4519;3.79602737
4520;1.32537824
4521;0.137599685
4522;0.132208333
4523;0.132208333
4524;0.132208333
4525;0.132208333
4526;0.132208333
4527;0.132208333
4528;0.132208333
4529;0.132208333
4530;0.132208333
4531;0.132208333
4532;0.132208333
4533;0.132208333
4534;0.132208333
4535;0.132208333
4536;0.132208333
4537;0.132208333
4538;0.132208333
4539;0.132208333
4540;0.132208333
4541;0.132208333
4542;4.08517993
4543;3.27000735
4544;1.16292641
4545;0.132208333
4546;0.132208333
4547;0.132208333
4548;0.132208333
4549;0.132208333
4550;0.132208333
4551;0.132208333
4552;0.132208333
4553;0.132208333
4554;0.132208333
4555;0.132208333
4556;0.132208333
4557;0.132208333
4558;0.132208333
4559;0.132208333
4560;0.132208333
4561;0.132208333
4562;0.132208333
4563;0.132208333
4564;0.132208333
4565;0.132208333
4566;3.2677236
4567;2.0253863
4568;0.350116918
4569;0.132208333
4570;0.132208333
4571;0.132208333
4572;0.132208333
4573;0.132208333
4574;0.132208333
4575;0.132208333
4576;0.132208333
4577;0.132208333
4578;0.132208333
4579;0.132208333
4580;0.132208333
4581;0.132208333
4582;0.132208333
4583;0.132208333
4584;0.132208333
4585;0.132208333
4586;0.132208333
4587;0.132208333
4588;0.132208333
4589;0.132208333
4590;7.2365971
4591;7.78569851
4592;6.90690897
4593;5.1905068
4594;3.03800633
4595;1.20222511
4596;0.166728158
4597;0.132208333
4598;0.132208333
4599;0.132208333
4600;0.132208333
4601;0.132208333
4602;0.132208333
4603;0.132208333
4604;0.132208333
4605;0.132208333
4606;0.132208333
4607;0.132208333
4608;0.132208333
4609;1.36501675
4610;3.28194561
4611;4.66413522
4612;6.26326552
4613;7.80641643
4614;18.1879535
4615;14.1778168
4616;9.84602821
4617;6.19605857
4618;2.80898672
4619;0.541266959
4620;0.142948732
4621;0.132208333
4622;0.132208333
4623;0.132208333
4624;0.132208333
4625;0.132208333
4626;0.132208333
4627;0.132208333
4628;0.132208333
4629;0.132208333
4630;0.132208333
4631;0.132208333
4632;0.132208333
4633;0.243473133
4634;1.78166937
4635;2.91641206
4636;3.43454542
4637;3.92510473
4638;14.3489329
4639;11.4822709
4640;7.99000032
4641;3.97616483
4642;0.497148243
4643;0.132208333
4644;0.132208333
4645;0.132208333
4646;0.132208333
4647;0.132208333
4648;0.132208333
4649;0.132208333
4650;0.132208333
4651;0.132208333
4652;0.132208333
4653;0.132208333
4654;0.132208333
4655;0.132208333
4656;0.132208333
4657;0.132208333
4658;0.132208333
4659;0.132208333
4660;0.132208333
4661;1.12063809
4662;10.856647
4663;8.26361631
4664;5.4053493
4665;2.29677176
4666;0.136682633
4667;0.132208333
4668;0.132208333
4669;0.132208333
4670;0.132208333
4671;0.132208333
4672;0.132208333
4673;0.132208333
4674;0.132208333
4675;0.132208333
4676;0.132208333
4677;0.132208333
4678;0.132208333
4679;0.132208333
4680;0.132208333
4681;0.132208333
4682;0.132208333
4683;0.132208333
4684;0.132208333
4685;0.716433074
4686;9.55852102
4687;7.80749648
4688;4.39917795
4689;1.95745546
4690;0.158518866
4691;0.132208333
4692;0.132208333
4693;0.132208333
4694;0.132208333
4695;0.132208333
4696;0.132208333
4697;0.132208333
4698;0.132208333
4699;0.132208333
4700;0.132208333
4701;0.132208333
4702;0.132208333
4703;0.132208333
4704;0.132208333
4705;0.132208333
4706;0.132208333
4707;0.132208333
4708;0.485744846
4709;2.20743336
4710;11.9401524
4711;8.6226124
4712;4.31585485
4713;0.561950553
4714;0.132208333
4715;0.132208333
4716;0.132208333
4717;0.132208333
4718;0.132208333
4719;0.132208333
4720;0.132208333
4721;0.132208333
4722;0.132208333
4723;0.132208333
4724;0.132208333
4725;0.132208333
4726;0.132208333
4727;0.132208333
4728;0.132208333
4729;0.132208333
4730;0.132208333
4731;0.132208333
4732;0.132208333
4733;0.132208333
4734;3.49233059
4735;2.72100533
4736;0.929334545
4737;0.132208333
4738;0.132208333
4739;0.132208333
4740;0.132208333
4741;0.132208333
4742;0.132208333
4743;0.132208333
4744;0.132208333
4745;0.132208333
4746;0.132208333
4747;0.132208333
4748;0.132208333
4749;0.132208333
4750;0.132208333
4751;0.132208333
4752;0.132208333
4753;0.132208333
4754;0.132208333
4755;0.132208333
4756;0.132208333
4757;0.132208333
4758;2.09872124
4759;2.13564067
4760;0.138029843
4761;0.132208333
4762;0.132208333
4763;0.132208333
4764;0.132208333
4765;0.132208333
4766;0.132208333
4767;0.132208333
4768;0.132208333
4769;0.132208333
4770;0.132208333
4771;0.132208333
4772;0.132208333
4773;0.132208333
4774;0.132208333
4775;0.132208333
4776;0.132208333
4777;0.132208333
4778;0.132208333
4779;0.132208333
4780;0.132208333
4781;0.132208333
4782;0.645380542
4783;0.188337873
4784;0.132208333
4785;0.132208333
4786;0.132208333
4787;0.132208333
4788;0.132208333
4789;0.132208333
4790;0.132208333
4791;0.132208333
4792;0.132208333
4793;0.132208333
4794;0.132208333
4795;0.132208333
4796;0.132208333
4797;0.132208333
4798;0.132208333
4799;0.132208333
4800;0.132208333
4801;0.132208333
4802;0.132208333
4803;0.132208333
4804;0.132208333
4805;0.132208333
4806;0.30808209
4807;0.132208333
4808;0.132208333
4809;0.132208333
4810;0.132208333
4811;0.132208333
4812;0.132208333
4813;0.132208333
4814;0.132208333
4815;0.132208333
4816;0.132208333
4817;0.132208333
4818;0.132208333
4819;0.132208333
4820;0.132208333
4821;0.132208333
4822;0.132208333
4823;0.132208333
4824;0.132208333
4825;0.132208333
4826;0.132208333
4827;0.132208333
4828;0.132208333
4829;0.132208333
4830;0.132208333
4831;0.132208333
4832;0.132208333
4833;0.132208333
4834;0.132208333
4835;0.132208333
4836;0.132208333
4837;0.132208333
4838;0.132208333
4839;0.132208333
4840;0.132208333
4841;0.132208333
4842;0.132208333
4843;0.132208333
4844;0.132208333
4845;0.132208333
4846;0.132208333
4847;0.132208333
4848;0.132208333
4849;0.132208333
4850;0.132208333
4851;0.132208333
4852;0.132208333
4853;0.132208333
4854;0.782158648
4855;0.132208333
4856;0.132208333
4857;0.132208333
4858;0.132208333
4859;0.132208333
4860;0.132208333
4861;0.132208333
4862;0.132208333
4863;0.132208333
4864;0.132208333
4865;0.132208333
4866;0.132208333
4867;0.132208333
4868;0.132208333
4869;0.132208333
4870;0.132208333
4871;0.132208333
4872;0.132208333
4873;0.132208333
4874;0.132208333
4875;0.132208333
4876;0.132208333
4877;0.132208333
4878;0.132208333
4879;0.132208333
4880;0.132208333
4881;0.132208333
4882;0.132208333
4883;0.132208333
4884;0.132208333
4885;0.132208333
4886;0.132208333
4887;0.132208333
4888;0.132208333
4889;0.132208333
4890;0.132208333
4891;0.132208333
4892;0.132208333
4893;0.132208333
4894;0.132208333
4895;0.132208333
4896;0.132208333
4897;0.132208333
4898;0.132208333
4899;0.132208333
4900;0.132208333
4901;0.132208333
4902;0.132208333
4903;0.132208333
4904;0.132208333
4905;0.132208333
4906;0.132208333
4907;0.132208333
4908;0.132208333
4909;0.132208333
4910;0.132208333
4911;0.132208333
4912;0.132208333
4913;0.132208333
4914;0.132208333
4915;0.132208333
4916;0.132208333
4917;0.132208333
4918;0.132208333
4919;0.132208333
4920;0.132208333
4921;0.132208333
4922;0.132208333
4923;0.132208333
4924;0.132208333
4925;0.132208333
4926;5.6473094
4927;4.19213906
4928;0.575440975
4929;0.132208333
4930;0.132208333
4931;0.132208333
4932;0.132208333
4933;0.132208333
4934;0.132208333
4935;0.132208333
4936;0.132208333
4937;0.132208333
4938;0.132208333
4939;0.132208333
4940;0.132208333
4941;0.132208333
4942;0.132208333
4943;0.132208333
4944;0.132208333
4945;0.132208333
4946;0.132208333
4947;0.132208333
4948;0.132208333
4949;0.132208333
4950;2.52905937
4951;2.46522359
4952;0.154976893
4953;0.132208333
4954;0.132208333
4955;0.132208333
4956;0.132208333
4957;0.132208333
4958;0.132208333
4959;0.132208333
4960;0.132208333
4961;0.132208333
4962;0.132208333
4963;0.132208333
4964;0.132208333
4965;0.132208333
4966;0.132208333
4967;0.132208333
4968;0.132208333
4969;0.132208333
4970;0.132208333
4971;0.132208333
4972;0.132208333
4973;0.132208333
4974;0.132208333
4975;0.132208333
4976;0.132208333
4977;0.132208333
4978;0.132208333
4979;0.132208333
4980;0.132208333
4981;0.132208333
4982;0.132208333
4983;0.132208333
4984;0.132208333
4985;0.132208333
4986;0.132208333
4987;0.132208333
4988;0.132208333
4989;0.132208333
4990;0.132208333
4991;0.132208333
4992;0.132208333
4993;0.132208333
4994;0.132208333
4995;0.132208333
4996;0.132208333
4997;0.132208333
4998;0.132208333
4999;0.132208333
5000;0.132208333
5001;0.132208333
5002;0.132208333
5003;0.132208333
5004;0.132208333
5005;0.132208333
5006;0.132208333
5007;0.132208333
5008;0.132208333
5009;0.132208333
5010;0.132208333
5011;0.132208333
5012;0.132208333
5013;0.132208333
5014;0.132208333
5015;0.132208333
5016;0.132208333
5017;0.132208333
5018;0.132208333
5019;0.132208333
5020;0.132208333
5021;0.132208333
5022;0.183333597
5023;0.584940827
5024;0.699149296
5025;1.01907545
5026;0.610738091
5027;0.160850371
5028;0.132208333
5029;0.132208333
5030;0.35019502
5031;0.981635079
5032;1.50170394
5033;1.89331638
5034;2.2615269
5035;2.01305249
5036;2.28692793
5037;3.60931502
5038;0.132208333
5039;0.132208333
5040;0.269765521
5041;0.896950182
5042;1.57879537
5043;2.16266754
5044;2.55937562
5045;2.92366897
5046;12.5312457
5047;8.4864878
5048;6.13188754
5049;3.14723517
5050;0.887249388
5051;0.132208333
5052;0.132208333
5053;0.132208333
5054;0.132208333
5055;0.132208333
5056;0.132208333
5057;0.132208333
5058;0.132208333
5059;0.132208333
5060;0.132208333
5061;0.132208333
5062;0.132208333
5063;0.132208333
5064;0.132208333
5065;0.132208333
5066;0.132208333
5067;0.132208333
5068;0.132208333
5069;0.132208333
5070;2.59398698
5071;1.89126135
5072;0.132208333
5073;0.132208333
5074;0.132208333
5075;0.132208333
5076;0.132208333
5077;0.132208333
5078;0.132208333
5079;0.132208333
5080;0.132208333
5081;0.132208333
5082;0.132208333
5083;0.132208333
5084;0.132208333
5085;0.132208333
5086;0.132208333
5087;0.132208333
5088;0.132208333
5089;0.132208333
5090;0.132208333
5091;0.132208333
5092;0.132208333
5093;0.132208333
5094;8.08405465
5095;7.84511783
5096;6.83725414
5097;7.02820043
5098;0.623974018
5099;0.132208333
5100;0.132208333
5101;0.132208333
5102;0.132208333
5103;0.132208333
5104;0.132208333
5105;0.132208333
5106;0.132208333
5107;0.132208333
5108;0.132208333
5109;0.132208333
5110;0.132208333
5111;0.132208333
5112;0.132208333
5113;0.132208333
5114;0.132208333
5115;0.132208333
5116;0.132208333
5117;0.132208333
5118;1.17805197
5119;0.347172802
5120;0.560274258
5121;0.132208333
5122;0.132208333
5123;0.132208333
5124;0.132208333
5125;0.132208333
5126;0.132208333
5127;0.132208333
5128;0.132208333
5129;0.132208333
5130;0.132208333
5131;0.132208333
5132;0.132208333
5133;0.594896478
5134;0.132208333
5135;0.132208333
5136;0.132208333
5137;0.132208333
5138;0.442863613
5139;1.33996795
5140;2.13287882
5141;2.8851258
5142;12.752786
5143;9.54312903
5144;9.25131058
5145;8.24182337
5146;5.68083963
5147;2.72631193
5148;1.76569419
5149;0.33881991
5150;0.132208333
5151;0.132208333
5152;0.132208333
5153;0.132208333
5154;0.132208333
5155;0.186454993
5156;0.242735192
5157;2.94878769
5158;0.132208333
5159;0.641458141
5160;2.66395675
5161;4.21751313
5162;5.88134443
5163;7.39888927
5164;8.71207463
5165;9.81482226
5166;34.8
5167;16.9941231
5168;12.3260881
5169;7.88736845
5170;4.50265234
5171;2.01375538
5172;0.48179904
5173;0.162212365
5174;0.132208333
5175;0.132208333
5176;0.132208333
5177;0.132208333
5178;0.132208333
5179;0.132208333
5180;0.132208333
5181;0.15288384
5182;0.132208333
5183;0.132208333
5184;0.132208333
5185;0.415813448
5186;1.4462192
5187;2.04764863
5188;2.95815466
5189;3.91377572
5190;14.6063766
5191;12.3446721
5192;11.0863495
5193;9.66912706
5194;8.65165567
5195;7.23658884
5196;6.64118997
5197;6.13734765
5198;5.55797902
5199;4.64964836
5200;4.74314163
5201;4.89143949
5202;6.62197406
5203;7.5136541
5204;8.1781149
5205;20.8698506
5206;1.42626735
5207;2.92222327
5208;3.75509378
5209;4.52375902
5210;5.3826993
5211;6.22823038
5212;7.1549358
5213;8.07727929
5214;34.8
5215;4.76061111
5216;34.6798712
5217;4.88025949
5218;34.5607013
5219;4.99895283
5220;6.86134122
5221;5.17635182
5222;4.15877737
5223;4.12595332
5224;3.86493484
5225;3.48117589
5226;3.66396862
5227;3.69001488
5228;4.44441971
5229;5.84833747
5230;0.132208333
5231;1.09396445
5232;2.82182738
5233;4.41126494
5234;6.19420002
5235;7.50412518
5236;8.41190339
5237;12.3622669
5238;34.8
5239;4.76061111
5240;34.6798712
5241;4.88025949
5242;4.07953101
5243;1.25350214
5244;0.361969987
5245;0.132208333
5246;0.132208333
5247;0.132208333
5248;0.132208333
5249;0.132208333
5250;0.132208333
5251;0.132208333
5252;0.132208333
5253;0.132208333
5254;0.132208333
5255;0.132208333
5256;0.132208333
5257;0.240874057
5258;2.14026982
5259;3.85814526
5260;5.02856548
5261;6.17883195
5262;16.2742492
5263;14.0037806
5264;11.1177675
5265;7.16000787
5266;1.96610956
5267;0.231222915
5268;0.132208333
5269;0.191179646
5270;0.395333472
5271;0.607141999
5272;0.180641354
5273;0.155382973
5274;0.228539975
5275;0.606517979
5276;1.94752366
5277;3.61028641
5278;0.132208333
5279;0.149561823
5280;1.32616447
5281;2.68973278
5282;3.83720996
5283;5.30240025
5284;6.71834862
5285;8.12504764
5286;34.8
5287;4.76061111
5288;11.5131589
5289;6.78417228
5290;3.08014006
5291;0.668187785
5292;0.186542506
5293;0.132208333
5294;0.132208333
5295;0.132208333
5296;0.132208333
5297;0.132208333
5298;0.132208333
5299;0.132208333
5300;0.132208333
5301;0.132208333
5302;0.132208333
5303;0.132208333
5304;0.132208333
5305;0.132208333
5306;0.132208333
5307;0.607165743
5308;2.3206597
5309;3.56018544
5310;14.2281332
5311;11.329165
5312;7.68002115
5313;3.03853841
5314;0.135754031
5315;0.132208333
5316;0.132208333
5317;0.132208333
5318;0.132208333
5319;0.132208333
5320;0.132208333
5321;0.132208333
5322;0.132208333
5323;0.132208333
5324;0.132208333
5325;0.132208333
5326;0.132208333
5327;0.132208333
5328;0.132208333
5329;0.132208333
5330;0.132208333
5331;0.132208333
5332;0.136020661
5333;0.561046938
5334;8.77959088
5335;6.96661151
5336;5.0401789
5337;1.61495553
5338;0.132208333
5339;0.132208333
5340;0.132208333
5341;0.132208333
5342;0.132208333
5343;0.132208333
5344;0.132208333
5345;0.132208333
5346;0.132208333
5347;0.132208333
5348;0.132208333
5349;0.132208333
5350;0.132208333
5351;0.132208333
5352;0.132208333
5353;0.132208333
5354;0.132208333
5355;0.132208333
5356;0.132208333
5357;0.132208333
5358;7.30260484
5359;7.20985677
5360;6.22581577
5361;4.1875372
5362;3.37256839
5363;2.26378198
5364;0.166020817
5365;0.132208333
5366;0.132208333
5367;0.132208333
5368;0.227017566
5369;0.132208333
5370;0.132208333
5371;0.132208333
5372;0.703100836
5373;2.51863472
5374;0.132208333
5375;0.132208333
5376;1.00640721
5377;2.7029741
5378;3.92801655
5379;4.97939648
5380;6.19327066
5381;7.24336895
5382;30.3324625
5383;21.6449201
5384;24.0702825
5385;10.0614333
5386;6.04877843
5387;3.55582783
5388;3.56783421
5389;1.85218963
5390;0.903978173
5391;0.669801026
5392;0.132208333
5393;0.228902159
5394;0.250067243
5395;0.132208333
5396;0.815202653
5397;2.80070685
5398;0.132208333
5399;0.132208333
5400;0.132208333
5401;1.08922117
5402;2.77506829
5403;4.08876508
5404;5.74959752
5405;7.14856163
5406;34.8
5407;4.76061111
5408;10.0644422
5409;9.9869899
5410;5.74145533
5411;2.3962444
5412;0.535245626
5413;0.149307376
5414;0.132208333
5415;0.132208333
5416;0.132208333
5417;0.132208333
5418;0.132208333
5419;0.132208333
5420;0.132208333
5421;0.132208333
5422;0.132208333
5423;0.132208333
5424;0.132208333
5425;0.132208333
5426;0.132208333
5427;0.440810896
5428;1.32881012
5429;1.91917523
5430;11.409678
5431;10.0486034
5432;8.61519904
5433;6.04068173
5434;4.0971698
5435;1.37495034
5436;0.619451392
5437;0.145813953
5438;0.476952287
5439;0.132208333
5440;0.227023381
5441;0.132208333
5442;0.132208333
5443;0.161688221
5444;2.40078416
5445;4.56970773
5446;0.132208333
5447;0.370551138
5448;1.67319339
5449;2.75336048
5450;3.53596746
5451;4.40060419
5452;5.33300526
5453;6.03385382
5454;29.6114117
5455;31.6386064
5456;11.0181227
5457;9.44271293
5458;9.22758413
5459;8.40740144
5460;9.2376481
5461;9.28210753
5462;7.18944481
5463;6.3476606
5464;6.86520644
5465;6.80387352
5466;8.19424964
5467;9.32612456
5468;19.6598734
5469;29.6832281
5470;2.32853668
5471;3.56932396
5472;4.50725775
5473;5.20460749
5474;5.63404089
5475;5.89833844
5476;6.13712466
5477;6.48165165
5478;34.8
5479;4.76061111
5480;34.6798712
5481;4.88025949
5482;23.6133653
5483;15.1950282
5484;6.87356847
5485;5.07559563
5486;4.03790034
5487;3.46791583
5488;3.60530423
5489;4.21703337
5490;4.69086238
5491;5.82293068
5492;6.77241634
5493;13.4808048
5494;0.30207703
5495;1.59168995
5496;2.61628985
5497;3.50521157
5498;4.5884502
5499;5.43983342
5500;5.95593774
5501;6.24838848
5502;34.8
5503;4.76061111
5504;34.6798712
5505;4.88025949
5506;20.799927
5507;18.7046972
5508;14.745049
5509;8.08005319
5510;11.8256002
5511;5.03161939
5512;3.41930491
5513;0.762483662
5514;1.12060872
5515;1.09095874
5516;3.27735608
5517;5.29126578
5518;0.132208333
5519;0.341150206
5520;1.16530014
5521;1.88306845
5522;2.57175589
5523;3.18657365
5524;3.97772954
5525;4.58836828
5526;34.8
5527;4.76061111
5528;25.7812044
5529;8.01520106
5530;4.56528629
5531;2.25678796
5532;0.700922703
5533;0.331099506
5534;0.133167143
5535;0.132208333
5536;0.132208333
5537;0.132208333
5538;0.132208333
5539;0.132208333
5540;0.132208333
5541;0.95464248
5542;0.132208333
5543;0.143169425
5544;1.48308779
5545;2.97804777
5546;3.95718631
5547;5.27796895
5548;6.30179679
5549;7.29105981
5550;20.8388964
5551;14.7416186
5552;11.2109934
5553;7.13661351
5554;2.70405668
5555;0.334858758
5556;0.132208333
5557;0.132208333
5558;0.132208333
5559;0.132208333
5560;0.132208333
5561;0.132208333
5562;0.132208333
5563;0.132208333
5564;0.132208333
5565;0.132208333
5566;0.132208333
5567;0.132208333
5568;0.132208333
5569;0.132208333
5570;0.132208333
5571;0.132208333
5572;0.132208333
5573;0.560112056
5574;10.1605595
5575;8.83851122
5576;5.69863848
5577;0.577340098
5578;0.132208333
5579;0.132208333
5580;0.132208333
5581;0.132208333
5582;0.132208333
5583;0.132208333
5584;0.132208333
5585;0.132208333
5586;0.132208333
5587;0.132208333
5588;0.132208333
5589;0.132208333
5590;0.132208333
5591;0.132208333
5592;0.132208333
5593;0.132208333
5594;0.132208333
5595;0.132208333
5596;0.132208333
5597;0.132208333
5598;4.74775813
5599;4.16050199
5600;1.88382982
5601;0.132208333
5602;0.132208333
5603;0.132208333
5604;0.132208333
5605;0.132208333
5606;0.132208333
5607;0.132208333
5608;0.132208333
5609;0.132208333
5610;0.132208333
5611;0.132208333
5612;0.132208333
5613;0.132208333
5614;0.132208333
5615;0.132208333
5616;0.132208333
5617;0.132208333
5618;0.132208333
5619;0.132208333
5620;0.132208333
5621;0.132208333
5622;0.381468621
5623;0.140634026
5624;0.132208333
5625;0.132208333
5626;0.132208333
5627;0.132208333
5628;0.132208333
5629;0.132208333
5630;0.132208333
5631;0.132208333
5632;0.132208333
5633;0.132208333
5634;0.132208333
5635;0.132208333
5636;0.132208333
5637;0.132208333
5638;0.132208333
5639;0.132208333
5640;0.132208333
5641;0.132208333
5642;0.132208333
5643;0.132208333
5644;0.132208333
5645;0.132208333
5646;1.52166368
5647;1.77593833
5648;1.4670286
5649;1.18787053
5650;0.466368768
5651;1.09911311
5652;0.132208333
5653;0.660753486
5654;1.60374288
5655;1.13130748
5656;0.53188352
5657;1.17520911
5658;0.465802333
5659;2.23102076
5660;3.9636611
5661;5.62022373
5662;0.132208333
5663;1.12681785
5664;2.64260517
5665;3.89721093
5666;5.25948642
5667;6.5669168
5668;7.61173947
5669;8.35361479
5670;34.8
5671;4.76061111
5672;14.0474717
5673;9.79543773
5674;6.07869603
5675;3.87713742
5676;2.42821665
5677;0.684391124
5678;0.223622544
5679;0.132208333
5680;0.132208333
5681;0.132208333
5682;0.132208333
5683;0.132208333
5684;0.256298467
5685;1.52926004
5686;0.132208333
5687;0.132208333
5688;0.132208333
5689;0.132335915
5690;0.245430571
5691;0.44423252
5692;0.56275322
5693;0.756143125
5694;9.61296955
5695;7.89915776
5696;3.97009246
5697;0.413711108
5698;0.132208333
5699;0.132208333
5700;0.132208333
5701;0.132208333
5702;0.132208333
5703;0.132208333
5704;0.132208333
5705;0.132208333
5706;0.132208333
5707;0.132208333
5708;0.132208333
5709;0.132208333
5710;0.132208333
5711;0.132208333
5712;0.132208333
5713;0.132208333
5714;0.132208333
5715;0.132208333
5716;0.132208333
5717;0.132208333
5718;0.132208333
5719;0.132208333
5720;0.132208333
5721;0.132208333
5722;0.132208333
5723;0.132208333
5724;0.132208333
5725;0.132208333
5726;0.132208333
5727;0.132208333
5728;0.132208333
5729;0.132208333
5730;0.132208333
5731;0.132208333
5732;0.132208333
5733;0.132208333
5734;0.132208333
5735;0.132208333
5736;0.132208333
5737;0.132208333
5738;1.14641101
5739;2.56143911
5740;3.70452913
5741;4.59147895
5742;15.1954649
5743;14.511391
5744;13.7779007
5745;13.6075173
5746;12.8798562
5747;10.3729927
5748;7.53540976
5749;6.00860294
5750;4.89271387
5751;4.72800405
5752;4.00332233
5753;2.85717795
5754;3.19043009
5755;5.62059554
5756;7.60954461
5757;9.84969705
5758;2.82642223
5759;4.73891945
5760;6.49186012
5761;7.54687465
5762;8.67616277
5763;9.6911853
5764;10.3999148
5765;11.002411
5766;34.8
5767;4.76061111
5768;34.6798712
5769;4.88025949
5770;1.87220833
5771;8.18239485
5772;8.96247203
5773;7.91059533
5774;5.22205447
5775;6.2784658
5776;4.68039092
5777;6.08770555
5778;7.4474102
5779;10.752556
5780;25.3661827
5781;34.8
5782;3.43581188
5783;5.42700697
5784;6.92196727
5785;8.03319742
5786;9.01929574
5787;16.1713097
5788;27.7509335
5789;34.8
5790;2.76859044
5791;34.8
5792;34.8
5793;25.3449455
5794;14.1778544
5795;25.3002879
5796;14.2223335
5797;25.2559866
5798;14.2664576
5799;25.2120391
5800;14.3102294
5801;7.45183314
5802;9.77741682
5803;29.6831279
5804;9.8570206
5805;29.6038425
5806;9.93598897
5807;8.71794503
5808;11.0959937
5809;20.8376765
5810;30.3072596
5811;34.8
5812;2.46144673
5813;7.74207296
5814;17.4871099
5815;34.8
5816;34.8
5817;28.8483069
5818;10.6885031
5819;28.7756851
5820;10.7608345
5821;8.58373407
5822;8.15582842
5823;5.89005121
5824;5.30636441
5825;5.28484327
5826;8.47266425
5827;11.0478891
5828;13.5904301
5829;21.2806695
5830;3.10247117
5831;3.95077228
5832;4.40233603
5833;4.47374057
5834;4.31999833
5835;4.01700903
5836;3.60751886
5837;3.1187161
5838;34.8
5839;4.76061111
5840;13.6989594
5841;3.05471432
5842;0.156780342
5843;0.132208333
5844;0.132208333
5845;0.132208333
5846;0.132208333
5847;0.132208333
5848;0.132208333
5849;0.132208333
5850;0.132208333
5851;0.132208333
5852;0.132208333
5853;0.132208333
5854;0.132208333
5855;0.132208333
5856;0.132208333
5857;0.132208333
5858;0.132208333
5859;0.132208333
5860;0.132208333
5861;0.132208333
5862;1.5977323
5863;3.06096693
5864;1.58993132
5865;0.429979455
5866;0.132208333
5867;0.132208333
5868;0.132208333
5869;0.132208333
5870;0.132208333
5871;0.132208333
5872;0.132208333
5873;0.132208333
5874;0.132208333
5875;0.132208333
5876;0.132208333
5877;0.132208333
5878;0.132208333
5879;0.132208333
5880;0.132208333
5881;0.132208333
5882;0.132208333
5883;0.132208333
5884;0.132208333
5885;0.132208333
5886;7.12012463
5887;6.41878322
5888;4.15319395
5889;3.49674722
5890;1.29957587
5891;1.21359371
5892;1.33114273
5893;0.404876342
5894;0.132208333
5895;0.132208333
5896;0.132208333
5897;0.132208333
5898;0.132208333
5899;0.132208333
5900;0.552214895
5901;2.60724556
5902;0.132208333
5903;0.132208333
5904;0.132208333
5905;0.340955202
5906;1.22833517
5907;2.05798537
5908;2.65481393
5909;3.25692839
5910;13.7690508
5911;12.9233058
5912;10.2937708
5913;7.43254615
5914;5.52463762
5915;4.09140522
5916;2.06218311
5917;3.38076867
5918;3.67573488
5919;2.33225807
5920;1.0411865
5921;4.87403019
5922;3.53795699
5923;5.52289669
5924;9.18344296
5925;10.8651901
5926;3.16111129
5927;5.3522884
5928;7.05637145
5929;8.23831536
5930;9.33805119
5931;10.185759
5932;10.8913375
5933;11.5423934
5934;34.8
5935;4.76061111
5936;34.6798712
5937;4.88025949
5938;23.2935405
5939;20.2164768
5940;10.5856864
5941;15.4799217
5942;8.54991775
5943;7.16902208
5944;4.87139988
5945;4.5148316
5946;5.6271145
5947;7.91526941
5948;9.5009598
5949;15.6122612
5950;2.97326129
5951;4.89020498
5952;6.72621577
5953;8.19582294
5954;9.34924462
5955;10.6036459
5956;20.6794221
5957;32.6457722
5958;34.8
5959;15.6702598
5960;23.8138506
5961;15.7028264
5962;6.34263545
5963;8.72193311
5964;6.85545807
5965;5.41518961
5966;4.18817342
5967;2.76410515
5968;2.01490893
5969;1.20323271
5970;1.74048541
5971;4.18169523
5972;7.13439724
5973;9.07831892
5974;2.36804081
5975;4.7174651
5976;6.78765723
5977;8.48330372
5978;9.94752852
5979;11.5281451
5980;13.0526066
5981;14.6850419
5982;34.8
5983;4.76061111
5984;34.6798712
5985;4.88025949
5986;9.11160074
5987;4.40999205
5988;1.23343053
5989;0.361538789
5990;0.132208333
5991;0.132208333
5992;0.132208333
5993;0.132208333
5994;0.132208333
5995;0.132208333
5996;0.132208333
5997;0.198395661
5998;0.132208333
5999;0.15747181
6000;2.17560142
6001;4.59133916
6002;7.06068803
6003;9.07589885
6004;10.7260289
6005;12.054539
6006;34.8
6007;4.76061111
6008;33.7749628
6009;5.78154918
6010;5.96653689
6011;1.2232318
6012;0.177919173
6013;0.132208333
6014;0.132208333
6015;0.132208333
6016;0.132208333
6017;0.132208333
6018;0.132208333
6019;0.132208333
6020;0.132208333
6021;0.132208333
6022;0.132208333
6023;0.132208333
6024;0.132208333
6025;0.189719214
6026;1.91403899
6027;3.59047895
6028;5.49131245
6029;7.67605077
6030;19.0490436
6031;18.7043843
6032;15.1402881
6033;10.2662395
6034;5.43355756
6035;1.51107167
6036;0.207381086
6037;0.132208333
6038;0.132208333
6039;0.132208333
6040;0.132208333
6041;0.132208333
6042;0.132208333
6043;0.132208333
6044;0.132208333
6045;0.132208333
6046;0.132208333
6047;0.132208333
6048;0.132208333
6049;0.132208333
6050;0.132208333
6051;0.132208333
6052;0.382731454
6053;2.18685725
6054;14.3409855
6055;15.2334326
6056;12.5154681
6057;8.22583014
6058;4.00659423
6059;0.803620955
6060;0.136820849
6061;0.132208333
6062;0.132208333
6063;0.132208333
6064;0.132208333
6065;0.132208333
6066;0.132208333
6067;0.132208333
6068;0.132208333
6069;0.132208333
6070;0.132208333
6071;0.132208333
6072;0.132208333
6073;0.132208333
6074;0.132208333
6075;0.582605278
6076;1.78400875
6077;2.6264844
6078;12.6031728
6079;11.7018836
6080;10.9033791
6081;9.81787372
6082;8.65065165
6083;7.74768153
6084;6.5373058
6085;4.63421931
6086;4.03573492
6087;1.36681348
6088;2.18459598
6089;2.21515347
6090;1.71277619
6091;3.03286892
6092;4.29183107
6093;5.35652374
6094;0.132208333
6095;0.132208333
6096;0.594450209
6097;1.48585708
6098;2.20316824
6099;2.91289231
6100;3.80861924
6101;4.65112005
6102;34.8
6103;4.76061111
6104;16.0986551
6105;21.1246215
6106;7.28061716
6107;4.59952195
6108;2.86667833
6109;1.94759032
6110;0.789155387
6111;0.24399998
6112;0.132208333
6113;0.132208333
6114;0.132208333
6115;1.37317035
6116;3.66846
6117;5.35697388
6118;0.132208333
6119;1.14986074
6120;2.66645917
6121;4.11341907
6122;5.97179185
6123;7.61162194
6124;9.44923893
6125;10.8886524
6126;34.8
6127;4.76061111
6128;34.6798712
6129;4.88025949
6130;1.87220833
6131;7.64319996
6132;5.98134187
6133;6.55507457
6134;4.5686282
6135;3.48372085
6136;3.02524671
6137;4.45306783
6138;4.11059731
6139;6.91860687
6140;9.1240265
6141;11.0714866
6142;3.42289719
6143;6.11419178
6144;8.34415257
6145;9.73655677
6146;10.7563601
6147;11.6254198
6148;12.5895814
6149;15.7782536
6150;34.8
6151;4.76061111
6152;34.6798712
6153;18.7792944
6154;20.7172493
6155;18.7870443
6156;20.7095303
6157;18.7947324
6158;20.7018729
6159;18.8023592
6160;20.6942767
6161;15.3756201
6162;8.26632789
6163;14.0516439
6164;25.4259936
6165;14.0971304
6166;25.380689
6167;9.88829611
6168;20.2777085
6169;34.8
6170;34.8
6171;4.76061111
6172;29.452733
6173;10.0864942
6174;29.3752866
6175;34.8
6176;34.8
6177;34.8
6178;22.5806515
6179;16.9310939
6180;22.5580587
6181;16.9535963
6182;8.9089269
6183;7.60011322
6184;5.98968778
6185;5.09749911
6186;3.66278785
6187;6.20040852
6188;12.8877323
6189;25.6142316
6190;2.13349582
6191;4.35637803
6192;6.74428337
6193;8.64515166
6194;10.9857827
6195;23.5044444
6196;33.5247514
6197;34.8
6198;3.06589378
6199;34.8
6200;29.4816472
6201;10.0576956
6202;29.40397
6203;10.1350621
6204;6.38043172
6205;2.16357302
6206;0.704429011
6207;0.289643829
6208;0.132398221
6209;0.141064878
6210;0.194789415
6211;0.794392609
6212;1.554749
6213;3.13343614
6214;0.132208333
6215;0.132208333
6216;0.132208333
6217;0.514088452
6218;1.49475245
6219;2.25195069
6220;2.88243415
6221;3.49060433
6222;34.8
6223;4.76061111
6224;9.19558409
6225;9.37371031
6226;9.19011617
6227;25.6780777
6228;21.4588235
6229;18.0501087
6230;12.2258815
6231;7.76794642
6232;13.4502274
6233;16.337657
6234;19.520446
6235;24.3407455
6236;27.4509659
6237;29.5705186
6238;0.152033222
6239;0.918244409
6240;1.86175153
6241;2.52028492
6242;3.20201513
6243;3.77205581
6244;4.15485627
6245;4.4094317
6246;34.8
6247;4.76061111
6248;34.6798712
6249;4.88025949
6250;15.0398304
6251;5.8628651
6252;12.977978
6253;3.7751715
6254;2.14305136
6255;0.912771561
6256;0.820779841
6257;0.564207778
6258;0.354903515
6259;0.721455277
6260;1.28658717
6261;3.24584098
6262;0.132208333
6263;0.132208333
6264;0.132208333
6265;0.160531898
6266;1.11933181
6267;2.06213456
6268;3.18813759
6269;4.25080373
6270;34.8
6271;4.76061111
6272;34.6798712
6273;4.88025949
6274;6.87268195
6275;3.75878196
6276;2.60159386
6277;0.609832313
6278;0.17581146
6279;0.132208333
6280;0.132208333
6281;0.132208333
6282;0.132208333
6283;0.328565251
6284;0.968284251
6285;2.7076281
6286;0.132208333
6287;0.132208333
6288;1.08322327
6289;2.14361357
6290;2.66127473
6291;4.34660215
6292;5.97786413
6293;7.32561433
6294;34.8
6295;4.76061111
6296;28.2997116
6297;11.2349046
6298;6.74215069
6299;3.926481
6300;1.07564547
6301;0.535124919
6302;0.140777513
6303;0.132208333
6304;0.132208333
6305;0.132208333
6306;0.132208333
6307;0.556218363
6308;1.28538509
6309;3.13113041
6310;0.132208333
6311;0.132208333
6312;0.603351194
6313;2.00521003
6314;3.19288476
6315;4.4728824
6316;5.63765383
6317;6.41838045
6318;34.8
6319;4.76061111
6320;18.001473
6321;21.4919601
6322;11.2174325
6323;6.72260135
6324;5.35265923
6325;3.65164886
6326;1.6331694
6327;0.344931654
6328;0.132208333
6329;0.132208333
6330;0.254881112
6331;1.42247033
6332;3.26990863
6333;4.22989224
6334;0.132208333
6335;0.132208333
6336;0.797999471
6337;2.35923489
6338;3.87330532
6339;4.92896217
6340;5.28472727
6341;6.15846265
6342;34.8
6343;4.76061111
6344;23.8418042
6345;15.6749846
6346;8.63381659
6347;6.62364723
6348;3.1743022
6349;1.30161353
6350;0.508278572
6351;0.132208333
6352;0.132208333
6353;0.132208333
6354;0.132208333
6355;0.249479796
6356;0.827301795
6357;1.95992308
6358;0.132208333
6359;0.132208333
6360;0.132208333
6361;0.488296506
6362;2.2478132
6363;3.84375017
6364;5.41519292
6365;6.49824896
6366;34.8
6367;34.8
6368;4.76061111
6369;7.77299478
6370;7.19924564
6371;2.62138769
6372;0.843274589
6373;0.259906605
6374;0.132208333
6375;0.132208333
6376;0.132208333
6377;0.132208333
6378;0.132208333
6379;0.132208333
6380;0.184112593
6381;1.12150847
6382;0.132208333
6383;0.132208333
6384;0.132208333
6385;0.42588274
6386;2.32458102
6387;4.41006007
6388;5.95956043
6389;6.0675999
6390;21.1767674
6391;34.8
6392;4.0384441
6393;13.4033566
6394;8.33947544
6395;3.45212889
6396;1.47005928
6397;0.670680474
6398;0.153906631
6399;0.132208333
6400;0.132208333
6401;0.132208333
6402;0.132208333
6403;0.337354094
6404;1.06042975
6405;3.03371223
6406;0.132208333
6407;0.132208333
6408;0.967272487
6409;2.37572858
6410;3.60963499
6411;4.95037869
6412;5.88219748
6413;6.61012027
6414;33.1626677
6415;34.8
6416;22.856217
6417;14.5120189
6418;10.0062949
6419;8.36761647
6420;6.40611026
6421;4.66295513
6422;2.88318317
6423;1.57714406
6424;0.688215455
6425;0.416509539
6426;0.990909713
6427;4.38004936
6428;6.12453876
6429;7.9424348
6430;1.02261797
6431;2.97076715
6432;5.03329439
6433;7.13022294
6434;8.7839635
6435;9.85306464
6436;10.1415673
6437;10.2905288
6438;34.8
6439;4.76061111
6440;34.6798712
6441;4.88025949
6442;10.0237709
6443;6.68916206
6444;4.11358167
6445;2.15029024
6446;0.894835442
6447;0.226664649
6448;0.132208333
6449;0.132208333
6450;0.132208333
6451;1.01409417
6452;3.60567406
6453;6.5872228
6454;0.871816925
6455;3.164179
6456;4.91630127
6457;5.8044413
6458;6.72068091
6459;7.88417944
6460;9.61075838
6461;11.3996048
6462;34.8
6463;4.76061111
6464;34.6798712
6465;4.88025949
6466;10.8264507
6467;6.57283102
6468;3.56135529
6469;1.68573984
6470;0.756372205
6471;0.162435001
6472;0.132208333
6473;0.132208333
6474;0.132208333
6475;0.871541797
6476;3.10313003
6477;5.91871878
6478;0.451421623
6479;2.0845046
6480;2.13023
6481;2.64057258
6482;4.51250088
6483;7.18952568
6484;8.88108155
6485;9.71628802
6486;34.8
6487;4.76061111
6488;31.6967909
6489;7.85141032
6490;8.95280528
6491;5.03631703
6492;2.43783439
6493;1.15423516
6494;0.541659858
6495;0.135181531
6496;0.132208333
6497;0.132208333
6498;0.303883092
6499;1.60185051
6500;3.95961658
6501;5.69128068
6502;0.434212268
6503;3.10111218
6504;5.73169271
6505;7.6063731
6506;8.9547852
6507;10.2426259
6508;11.6185229
6509;12.8109034
6510;34.8
6511;4.76061111
6512;34.6798712
6513;4.88025949
6514;13.0229761
6515;10.5446984
6516;7.79210266
6517;6.14554083
6518;3.92965657
6519;2.01665396
6520;0.98793716
6521;0.823284526
6522;2.53553176
6523;5.54352098
6524;7.47809957
6525;8.84270344
6526;1.11129885
6527;4.05912807
6528;6.42002761
6529;7.74344252
6530;8.44056617
6531;9.14012954
6532;9.8772002
6533;10.3018958
6534;34.8
6535;4.76061111
6536;34.6798712
6537;4.88025949
6538;32.2107661
6539;7.33949056
6540;8.37363539
6541;15.0359842
6542;9.94738624
6543;4.5486261
6544;4.11232389
6545;3.42267063
6546;6.44601059
6547;26.0613395
6548;32.2887666
6549;34.8
6550;1.30593283
6551;2.54342018
6552;3.69399468
6553;4.66038613
6554;5.43347309
6555;6.08119731
6556;6.63190954
6557;10.0466708
6558;34.8
6559;4.76061111
6560;34.6798712
6561;4.88025949
6562;33.8301907
6563;5.72654207
6564;3.02731546
6565;2.45527269
6566;2.07073967
6567;2.86643443
6568;3.50456498
6569;2.96618565
6570;4.15780961
6571;9.99564917
6572;19.3398194
6573;33.3871411
6574;1.64660956
6575;3.59928813
6576;5.55012882
6577;7.25997153
6578;8.30060506
6579;13.7591943
6580;21.6686031
6581;26.8977049
6582;34.8
6583;4.76061111
6584;34.6798712
6585;12.9230421
6586;26.5500821
6587;12.9775372
6588;26.4958049
6589;13.0315974
6590;19.9292132
6591;19.2204419
6592;5.46534268
6593;4.86266826
6594;6.42992992
6595;14.9671221
6596;29.4523564
6597;34.8
6598;4.76061111
6599;6.91405255
6600;8.81779463
6601;10.2474554
6602;18.5064492
6603;27.9178617
6604;34.8
6605;34.8
6606;4.76061111
6607;34.6798712
6608;34.8
6609;4.76061111
6610;15.5044997
6611;11.8568584
6612;18.9087546
6613;26.9647399
6614;34.8
6615;34.30614
6616;34.8
6617;4.14963442
6618;13.6785924
6619;18.7032185
6620;20.7930209
6621;18.7115757
6622;20.7846972
6623;9.41729878
6624;15.6493084
6625;27.7902953
6626;34.8
6627;3.69732468
6628;14.2869382
6629;25.1916404
6630;14.3305465
6631;34.8
6632;34.8
6633;34.8
6634;30.231399
6635;9.31094212
6636;30.1477372
6637;9.39426934
6638;18.9480596
6639;20.549159
6640;18.9544624
6641;20.5427817
6642;18.9608142
6643;20.5364554
6644;18.9671152
6645;20.5301795
6646;18.973366
6647;8.68571645
6648;12.6260339
6649;26.0224627
6650;34.8
6651;2.85288478
6652;14.6815484
6653;24.7986081
6654;14.722007
6655;34.8
6656;34.8
6657;34.8
6658;4.76061111
6659;21.5463158
6660;17.9612932
6661;21.5319792
6662;17.9755725
6663;2.65558993
6664;11.2840221
6665;11.1616917
6666;13.1509931
6667;34.8
6668;34.8
6669;4.76061111
6670;34.6798712
6671;4.88025949
6672;34.8
6673;4.62037418
6674;26.2766902
6675;11.8387017
6676;26.5081907
6677;12.2304283
6678;27.2399261
6679;34.8
6680;34.8
6681;34.8
6682;34.8
6683;34.8
6684;26.7278388
6685;12.8004914
6686;26.6721427
6687;12.8559647
6688;26.6168913
6689;12.9109953
6690;26.5620808
6691;12.9655865
6692;26.5077079
6693;13.019742
6694;26.4537689
6695;20.3956465
6696;33.1721693
6697;34.8
6698;4.76061111
6699;16.7195877
6700;22.7687191
6701;16.7437784
6702;22.7446251
6703;34.8
6704;34.8
6705;34.8
6706;24.9471975
6707;14.5740118
6708;24.9057147
6709;14.6153287
6710;24.8645631
6711;14.6563158
6712;24.8237398
6713;14.6969758
6714;24.7832425
6715;14.7373112
6716;24.7430684
6717;14.7773246
6718;24.703215
6719;17.4118495
6720;32.4599067
6721;34.8
6722;4.76061111
6723;19.6032253
6724;19.8966133
6725;19.6043985
6726;19.8954447
6727;34.8
6728;34.8
6729;34.8
6730;34.8
6731;19.6646746
6732;19.8354097
6733;19.6653574
6734;19.8347297
6735;19.6660347
6736;19.8340551
6737;19.6667066
6738;19.8333858
6739;19.6673732
6740;19.8327219
6741;19.6680344
6742;19.8320633
6743;34.8
6744;34.8
6745;4.76061111
6746;24.8860649
6747;14.6348999
6748;24.8450701
6749;14.6757308
6750;24.8044025
6751;34.8
6752;34.8
6753;34.8
6754;34.8
6755;33.3839928
6756;21.1605269
6757;18.3455394
6758;21.1492696
6759;18.3567516
6760;21.1381022
6761;18.3678744
6762;21.127024
6763;18.3789083
6764;21.1160342
6765;18.3898542
6766;21.1051321
6767;2.6354224
6768;4.30322186
6769;18.7064958
6770;20.7897567
6771;18.5132363
6772;20.2372347
6773;18.2308919
6774;20.0539151
6775;34.8
6776;34.8
6777;34.8
6778;34.8
6779;34.8
6780;34.8
6781;4.76061111
6782;31.8308122
6783;7.71792498
6784;6.66153385
6785;10.5023331
6786;28.9611106
6787;10.5761505
6788;28.8875884
6789;10.6493787
6790;28.814653
6791;10.6256096
6792;16.8489245
6793;21.7108298
6794;16.386303
6795;21.3477092
6796;15.7838425
6797;21.0274556
6798;19.4911983
6799;34.8
6800;34.8
6801;34.8
6802;34.8
6803;4.76061111
6804;28.9801074
6805;10.5572297
6806;23.5976492
6807;15.9181632
6808;23.5669386
6809;15.948751
6810;23.5364732
6811;15.9790946
6812;23.5062509
6813;16.009196
6814;23.4762699
6815;9.9834936
6816;22.0537667
6817;16.1586801
6818;22.3457251
6819;16.3762481
6820;22.1290271
6821;16.0048374
6822;21.9380048
6823;34.8
6824;34.8
6825;34.8
6826;34.8
6827;17.0547472
6828;22.4348999
6829;17.0762627
6830;22.4134704
6831;17.0976064
6832;8.91713188
6833;18.6782946
6834;34.8
6835;4.76061111
6836;34.6798712
6837;4.88025949
6838;34.5607013
6839;4.99895283
6840;2.43173897
6841;19.4589491
6842;19.146302
6843;19.2736378
6844;18.9890447
6845;19.1585572
6846;18.8670153
6847;34.8
6848;34.8
6849;34.8
6850;27.9852195
6851;11.548139
6852;27.9194869
6853;11.6136087
6854;19.0128318
6855;20.4846457
6856;19.0187177
6857;9.48927103
6858;34.8
6859;4.76061111
6860;34.5035485
6861;5.05587713
6862;34.385786
6863;5.17316867
6864;34.8
6865;4.76061111
6866;25.5088389
6867;14.0146165
6868;25.3489305
6869;13.8495875
6870;25.0925887
6871;34.8
6872;34.8
6873;34.8
6874;34.8
6875;20.9367895
6876;18.568382
6877;20.9273182
6878;18.5778155
6879;20.9179224
6880;14.7653092
6881;12.9641086
6882;15.8096549
6883;23.675013
6884;15.8411088
6885;23.6436849
6886;15.8723117
6887;16.4527834
6888;31.1064815
6889;34.8
6890;4.76061111
6891;18.3233136
6892;21.1714066
6893;18.3347032
6894;21.1600625
6895;34.8
6896;34.8
6897;34.8
6898;26.6286497
6899;12.8992838
6900;25.6195601
6901;13.5619446
6902;7.80188106
6903;24.8732411
6904;27.8371604
6905;31.641848
6906;34.8
6907;2.84436486
6908;13.3050876
6909;26.1695644
6910;13.3565332
6911;1.87220833
6912;31.8722732
6913;34.8
6914;4.76061111
6915;32.0584113
6916;7.21952703
6917;31.801313
6918;7.57201007
6919;34.8
6920;34.8
6921;34.8
6922;34.8
6923;34.8
6924;21.6801156
6925;17.8280285
6926;21.6647109
6927;17.8433716
6928;21.0084192
6929;17.8889439
6930;12.6711738
6931;12.0611984
6932;21.1631709
6933;18.342906
6934;21.1518925
6935;10.3119891
6936;24.6812615
6937;34.8
6938;4.76061111
6939;20.3108804
6940;19.1917881
6941;20.3064051
6942;19.1962455
6943;34.8
6944;34.8
6945;34.8
6946;34.8
6947;30.204404
6948;9.33782911
6949;30.1209577
6950;9.42094172
6951;25.0173184
6952;7.30390381
6953;34.8
6954;34.8
6955;4.76061111
6956;19.3283885
6957;20.170351
6958;19.3317555
6959;7.2487766
6960;8.9139161
6961;17.4564458
6962;27.1138223
6963;34.8
6964;34.8
6965;4.76061111
6966;17.1799644
6967;34.8
6968;34.8
6969;34.8
6970;27.1079112
6971;12.4219389
6972;27.0491814
6973;12.4804339
6974;26.9909204
6975;12.5384619
6976;21.7311089
6977;17.7772392
6978;21.7152972
6979;17.7929876
6980;21.6996117
6981;17.8086104
6982;21.6840515
6983;10.5129974
6984;22.16281
6985;33.9837863
6986;34.8
6987;4.76061111
6988;16.1087994
6989;23.3770648
6990;16.1378655
6991;34.8
6992;34.8
6993;34.8
6994;4.76061111
6995;18.1585195
6996;21.3355416
6997;18.1712246
6998;21.3228874
6999;18.1838282
7000;16.109912
7001;10.7574104
7002;20.9448512
7003;18.5603526
7004;20.9353155
7005;18.5698501
7006;20.9258559
7007;20.3320004
7008;34.8
7009;34.8
7010;4.76061111
7011;26.3294884
7012;13.1972488
7013;26.276972
7014;13.2495551
7015;34.8
7016;34.8
7017;34.8
7018;27.6898505
7019;11.8423269
7020;27.6264755
7021;11.9054483
7022;27.5636065
7023;11.968066
7024;27.5012393
7025;12.0301838
7026;27.4393699
7027;12.0918058
7028;27.3779943
7029;12.1529359
7030;27.3171087
7031;3.32663443
7032;34.8
7033;4.76061111
7034;20.2396267
7035;19.2627568
7036;20.2357202
7037;19.2666478
7038;20.2318448
7039;34.8
7040;34.8
7041;34.8
7042;34.8
7043;34.8
7044;32.3029923
7045;7.24763313
7046;32.2027949
7047;7.34742987
7048;32.1033973
7049;7.44643003
7050;32.004793
7051;10.9904079
7052;28.4749877
7053;21.4612068
7054;22.5712144
7055;16.6600194
7056;22.1794533
7057;16.2087922
7058;22.2344597
7059;16.6273055
7060;22.3084493
7061;16.6675543
7062;22.2595967
7063;34.8
7064;34.8
7065;34.8
7066;34.8
7067;34.8
7068;18.0553241
7069;21.4383243
7070;18.0688529
7071;21.4248497
7072;18.0822737
7073;21.4114826
7074;18.0955873
7075;21.3982221
7076;18.1087947
7077;21.3850676
7078;18.1218966
7079;15.2793116
7080;22.2749776
7081;14.9128712
7082;21.6933533
7083;14.4228629
7084;21.2435675
7085;30.5172105
7086;34.8
7087;34.8
7088;34.8
7089;34.8
7090;34.8
7091;34.8
7092;32.5554262
7093;6.99620878
7094;32.4532138
7095;7.09801241
7096;32.3518173
7097;7.19900344
7098;32.2512301
7099;7.29918835
7100;32.1514459
7101;7.39857358
7102;32.0524581
7103;4.13001857
7104;24.5220706
7105;34.2181769
7106;34.8
7107;4.76061111
7108;13.5506563
7109;25.9249778
7110;13.6001417
7111;34.8
7112;34.8
7113;34.8
7114;27.4973523
7115;12.0340552
7116;22.821685
7117;16.6910243
7118;6.24133571
7119;2.15085768
7120;25.2909736
7121;27.2049396
7122;34.8
7123;34.8
7124;4.76061111
7125;17.0804141
7126;22.4093357
7127;5.85037797
7128;7.42601685
7129;9.0577156
7130;17.2761098
7131;24.720521
7132;30.321298
7133;33.436534
7134;34.8
7135;8.78041639
7136;30.6761413
7137;15.5140757
7138;23.9694102
7139;15.547889
7140;23.9357321
7141;15.5814323
7142;18.1012585
7143;18.9649994
7144;19.6609727
7145;19.8390968
7146;19.6616851
7147;19.8383873
7148;19.6623917
7149;19.8376835
7150;19.6630927
7151;8.91369973
7152;14.9869817
7153;28.9097532
7154;34.8
7155;4.53925094
7156;14.3912293
7157;25.0877662
7158;14.4340053
7159;34.8
7160;34.8
7161;26.9681407
7162;12.5611505
7163;26.9105265
7164;12.6185342
7165;26.8533723
7166;12.6754599
7167;26.7966742
7168;12.7319313
7169;26.7404287
7170;12.7879518
7171;26.6846322
7172;12.8435253
7173;26.629281
7174;12.8986551
7175;19.0072214
7176;32.9734491
7177;34.8
7178;4.76061111
7179;24.4580879
7180;15.0611655
7181;24.4205092
7182;15.0985939
7183;34.8
7184;34.8
7185;34.8
7186;4.76061111
7187;34.6798712
7188;4.88025949
7189;12.34746
7190;12.6854914
7191;11.098982
7192;11.9175232
7193;34.8
7194;4.76061111
7195;27.6091394
7196;11.9227151
7197;27.5464087
7198;11.985195
7199;34.8
7200;1.92842767
7201;20.3086823
7202;18.799561
7203;20.0221734
7204;18.4626227
7205;19.7179332
7206;17.9417543
7207;34.8
7208;34.8
7209;34.8
7210;34.8
7211;4.76061111
7212;16.2750845
7213;19.3184323
7214;5.86793119
7215;10.213376
7216;10.8099896
7217;34.8
7218;34.8
7219;4.76061111
7220;31.0701723
7221;8.47552305
7222;30.9798154
7223;6.64422984
7224;1.87220833
7225;13.5780582
7226;25.8976855
7227;13.6273249
7228;25.8486158
7229;13.6761984
7230;25.7999378
7231;34.8
7232;34.8
7233;34.8
7234;34.8
7235;27.4840891
7236;12.0472653
7237;27.4223566
7238;12.108751
7239;26.3299752
7240;13.1967639
7241;26.277455
7242;13.2490741
7243;26.2253539
7244;13.3009668
7245;26.1736687
7246;13.3524453
7247;17.4912594
7248;32.8062439
7249;34.8
7250;4.76061111
7251;22.5123607
7252;16.9991116
7253;22.4377241
7254;16.3985595
7255;34.8
7256;34.8
7257;34.8
7258;34.8
7259;34.8
7260;18.3474953
7261;21.1473215
7262;18.3586919
7263;6.2872748
7264;23.6329508
7265;34.8
7266;4.76061111
7267;34.6798712
7268;4.88025949
7269;34.5607013
7270;23.0953128
7271;10.2323315
7272;19.4473111
7273;19.3068953
7274;19.1136868
7275;19.1395913
7276;18.9910831
7277;18.928642
7278;18.5876522
7279;34.8
7280;34.8
7281;34.8
7282;19.7026963
7283;19.7975401
7284;19.7030755
7285;19.7971623
7286;15.795321
7287;12.7522164
7288;18.2104227
7289;34.8
7290;4.5414909
7291;34.8
7292;15.4416857
7293;24.0415107
7294;15.4760768
7295;29.9961698
7296;34.8
7297;4.76061111
7298;14.7894132
7299;24.6911748
7300;14.8290107
7301;24.6517355
7302;14.8682922
7303;34.8
7304;34.8
7305;30.2589186
7306;9.28353255
7307;30.1750371
7308;9.36707855
7309;30.0918252
7310;9.44995769
7311;15.6290679
7312;23.8548778
7313;5.77951358
7314;12.9602855
7315;22.2291434
7316;17.2811964
7317;22.2093563
7318;16.7020614
7319;2.83347542
7320;3.81206913
7321;4.28862013
7322;4.520968
7323;4.71525994
7324;5.06736597
7325;5.47907863
7326;34.8
7327;4.76061111
7328;34.6798712
7329;4.88025949
7330;23.2456759
7331;8.10179405
7332;4.657757
7333;3.68879683
7334;2.95600638
7335;2.45314323
7336;2.67622592
7337;8.58571955
7338;18.1939116
7339;25.7253811
7340;27.8077402
7341;31.6296638
7342;0.132213087
7343;0.541205012
7344;1.22881268
7345;1.89275788
7346;2.65274912
7347;3.7453427
7348;5.32053408
7349;7.53456899
7350;34.8
7351;4.76061111
7352;34.6798712
7353;15.5262272
7354;23.9573073
7355;15.5599434
7356;23.9237259
7357;15.5933906
7358;23.8904125
7359;15.6265707
7360;23.8573651
7361;15.659486
7362;23.8245814
7363;15.6921386
7364;23.7920594
7365;15.7245305
7366;23.759797
7367;21.5380571
7368;34.8
7369;34.8
7370;4.76061111
7371;24.9374811
7372;14.5836894
7373;24.8960758
7374;14.6249291
7375;34.8
7376;34.8
7377;34.8
7378;34.8
7379;34.8
7380;30.463937
7381;16.011701
7382;23.4737749
7383;16.0415421
7384;23.4440531
7385;16.0711451
7386;23.4145685
7387;16.1005117
7388;23.3853193
7389;16.129644
7390;23.3563036
7391;8.03644103
7392;10.4731999
7393;26.931141
7394;12.5980022
7395;26.8738222
7396;12.5586789
7397;26.9129883
7398;12.6160824
7399;34.8
7400;34.8
7401;34.8
7402;11.7368907
7403;27.7314901
7404;11.8008538
7405;27.6677828
7406;11.8643063
7407;1.87220833
7408;27.6753861
7409;34.8
7410;4.76061111
7411;34.6798712
7412;9.42759518
7413;30.0315506
7414;25.128423
7415;13.2803804
7416;24.2396205
7417;12.631787
7418;23.7549599
7419;14.1957855
7420;21.8816828
7421;28.3445148
7422;34.8
7423;34.8
7424;34.8
7425;34.8
7426;34.1173055
7427;5.44057545
7428;34.0026261
7429;5.5547963
7430;9.52914171
7431;24.9870627
7432;32.6364775
7433;34.8
7434;4.76061111
7435;34.6798712
7436;11.8274608
7437;27.5361045
7438;26.6054713
7439;11.8793574
7440;26.1609294
7441;11.5946424
7442;25.883558
7443;11.4501938
7444;25.6856014
7445;20.5181093
7446;20.0264883
7447;34.8
7448;34.8
7449;34.8
7450;18.3057629
7451;21.1888871
7452;18.3172926
7453;21.1774035
7454;8.68754948
7455;9.89661048
7456;11.1994284
7457;34.8
7458;4.76061111
7459;27.267236
7460;12.2632512
7461;27.2072345
7462;12.3230128
7463;34.8
7464;4.76061111
7465;27.1478258
7466;11.5144679
7467;26.6645966
7468;11.3121096
7469;26.4103756
7470;18.7496255
7471;34.8
7472;34.8
7473;34.8
7474;34.8
7475;4.76061111
7476;12.9189705
7477;7.3038013
7478;6.82091846
7479;6.12164666
7480;8.0100423
7481;22.206857
7482;34.8
7483;4.76061111
7484;22.9078936
7485;16.6051605
7486;22.8826887
7487;10.4720305
7488;33.4702035
7489;34.8
7490;4.55025571
7491;34.0654934
7492;4.48422741
7493;34.02608
7494;14.7390569
7495;34.8
7496;34.8
7497;34.8
7498;34.8
7499;4.76061111
7500;18.0172335
7501;21.4762626
7502;4.06387958
7503;8.7833628
7504;10.0855082
7505;34.8
7506;34.8
7507;4.76061111
7508;32.2075522
7509;7.34269162
7510;32.1081166
7511;7.4417296
7512;2.79284887
7513;16.3525506
7514;23.0904643
7515;15.7747241
7516;22.5879087
7517;15.6880278
7518;22.5340214
7519;34.8
7520;34.8
7521;34.8
7522;33.7835761
7523;14.0129378
7524;25.464545
7525;14.0587333
7526;18.5038864
7527;6.23065599
7528;34.8
7529;4.76061111
7530;31.4502725
7531;8.09694291
7532;31.3568815
7533;8.18996039
7534;31.2642361
7535;8.28223539
7536;3.38356895
7537;14.8061755
7538;24.6744795
7539;14.8456393
7540;24.6351735
7541;14.884788
7542;24.5961813
7543;34.8
7544;34.8
7545;34.8
7546;34.8
7547;30.408497
7548;12.4176079
7549;27.0534951
7550;12.4761374
7551;26.9951996
7552;12.5341998
7553;20.8566422
7554;18.6482089
7555;20.8478105
7556;18.6570052
7557;20.8390494
7558;18.6657313
7559;34.8
7560;34.8
7561;4.76061111
7562;31.0538131
7563;8.49181684
7564;30.9635867
7565;8.58168239
7566;30.8740806
7567;34.8
7568;34.8
7569;34.8
7570;34.8
7571;4.76061111
7572;13.15561
7573;22.9875479
7574;16.5258247
7575;22.9617072
7576;16.5515621
7577;22.9360728
7578;16.577094
7579;22.910643
7580;16.6024221
7581;22.8854161
7582;16.6275481
7583;28.0471497
7584;34.8
7585;4.76061111
7586;23.8932603
7587;15.6237343
7588;23.8601901
7589;15.6566722
7590;23.8273839
7591;34.8
7592;34.8
7593;34.8
7594;34.8
7595;24.3720902
7596;15.1468193
7597;24.3351979
7598;12.3762812
7599;33.4365595
7600;34.8
7601;34.8
7602;4.76061111
7603;30.7537483
7604;8.79068166
7605;30.6659171
7606;8.87816165
7607;10.9550407
7608;24.3432818
7609;34.8
7610;34.8
7611;4.76061111
7612;23.4715025
7613;16.0438055
7614;23.4417988
7615;34.8
7616;34.8
7617;34.8
7618;4.76061111
7619;24.8804352
7620;14.6405071
7621;8.49861188
7622;6.6737109
7623;6.30616112
7624;13.9816205
7625;34.8
7626;34.8
7627;4.76061111
7628;33.5050627
7629;6.05036991
7630;33.3952702
7631;6.15972332
7632;34.8
7633;4.76061111
7634;21.6336139
7635;17.8743443
7636;21.6185804
7637;17.8893176
7638;21.6036669
7639;34.8
7640;34.8
7641;34.8
7642;9.31283055
7643;30.1458563
7644;9.3961427
7645;8.35063635
7646;6.9097301
7647;6.58453909
7648;19.5197845
7649;34.8
7650;2.04025592
7651;14.3313206
7652;25.1474354
7653;14.3745747
7654;25.1043543
7655;8.33325036
7656;9.96734754
7657;17.7738338
7658;27.3463552
7659;34.8
7660;34.8
7661;4.76061111
7662;23.5576371
7663;34.8
7664;34.8
7665;34.8
7666;32.6275922
7667;6.92433139
7668;32.5248038
7669;7.02670875
7670;32.4228358
7671;7.12826894
7672;12.9462261
7673;26.5269908
7674;13.0005362
7675;26.472898
7676;13.0544127
7677;26.4192369
7678;13.1078592
7679;31.7448097
7680;34.8
7681;4.76061111
7682;26.5193018
7683;13.0081944
7684;26.4652703
7685;13.0620098
7686;26.4116701
7687;34.8
7688;34.8
7689;34.8
7690;34.0941547
7691;5.46363373
7692;32.2907408
7693;7.2598357
7694;20.4764631
7695;19.0268676
7696;20.4706661
7697;19.0326414
7698;20.4649154
7699;19.0383691
7700;20.4592105
7701;19.0440511
7702;20.4535513
7703;18.1907366
7704;19.9010841
7705;17.7593359
7706;19.4367491
7707;17.441746
7708;19.288534
7709;22.6014996
7710;33.308159
7711;34.8
7712;34.8
7713;34.8
7714;34.8
7715;15.2239735
7716;24.2583523
7717;15.2601024
7718;10.895695
7719;10.8829139
7720;34.8
7721;4.76061111
7722;29.3453637
7723;10.1934341
7724;29.2687743
7725;10.2697172
7726;29.1927963
7727;8.18568474
7728;2.61430066
7729;8.71564977
7730;22.539613
7731;16.9719683
7732;22.5173478
7733;16.9941445
7734;22.4952603
7735;34.8
7736;34.8
7737;34.8
7738;18.2558397
7739;21.2386106
7740;18.267768
7741;21.22673
7742;18.279601
7743;21.2149444
7744;18.2913395
7745;21.2032527
7746;18.3029844
7747;21.1916544
7748;18.3145363
7749;21.1801487
7750;26.4070576
7751;13.1199898
7752;26.3539221
7753;13.1729128
7754;26.3012107
7755;13.2254134
7756;25.9772109
7757;12.7592847
7758;25.3458745
7759;34.8
7760;34.8
7761;34.8
7762;34.8
7763;31.7598212
7764;20.3637662
7765;18.3666599
7766;20.8740542
7767;23.165048
7768;26.2317497
7769;34.8
7770;34.8
7771;34.8
7772;34.8
7773;34.8
7774;34.8
7775;34.8
7776;34.8
7777;34.8
7778;5.83707732
7779;27.7848691
7780;34.8
7781;34.8
7782;34.8
7783;34.8
7784;34.8
7785;34.8
7786;34.8
7787;34.8
7788;34.8
7789;34.8
7790;34.3506263
7791;13.7334399
7792;25.427392
7793;25.544944
7794;34.8
7795;34.8
7796;34.8
7797;34.8
7798;34.8
7799;15.2813004
7800;17.6625083
7801;33.1591356
7802;34.8
7803;34.8
7804;34.8
7805;34.8
7806;34.8
7807;34.8
7808;34.8
7809;34.8
7810;34.8
7811;34.8
7812;34.8
7813;22.253621
7814;17.2568166
7815;22.2336386
7816;17.2767191
7817;22.2138157
7818;31.7536767
7819;34.8
7820;34.8
7821;34.8
7822;34.8
7823;34.8
7824;34.8
7825;34.8
7826;34.8
7827;3.10629057
7828;32.9618896
7829;34.8
7830;34.8
7831;34.8
7832;34.8
7833;34.8
7834;34.8
7835;34.8
7836;34.8
7837;34.8
7838;34.8
7839;34.8
7840;34.8
7841;34.8
7842;34.8
7843;34.8
7844;34.8
7845;34.8
7846;34.8
7847;3.34071215
7848;34.2797766
7849;7.45369443
7850;28.9123451
7851;29.6366623
7852;34.8
7853;34.8
7854;34.8
7855;34.8
7856;34.8
7857;34.8
7858;34.8
7859;34.8
7860;34.8
7861;34.8
7862;34.8
7863;21.0386638
7864;18.4669151
7865;21.0283793
7866;29.3483039
7867;34.8
7868;34.8
7869;34.8
7870;34.8
7871;34.8
7872;1.87220833
7873;32.4325373
7874;34.8
7875;34.8
7876;34.8
7877;34.8
7878;34.8
7879;34.8
7880;34.8
7881;34.8
7882;34.8
7883;34.8
7884;18.9020971
7885;20.5949377
7886;18.9088668
7887;20.588195
7888;18.9155825
7889;20.5815062
7890;18.9222446
7891;19.5932122
7892;34.1863019
7893;34.8
7894;34.8
7895;34.8
7896;34.8
7897;34.8
7898;14.5861058
7899;34.8
7900;34.8
7901;34.8
7902;34.8
7903;34.8
7904;34.8
7905;34.8
7906;34.8
7907;34.8
7908;24.8467645
7909;14.6740432
7910;24.8060834
7911;14.7145616
7912;24.4476535
7913;15.0715581
7914;24.4101581
7915;27.7803517
7916;34.8
7917;34.8
7918;34.8
7919;34.8
7920;34.8
7921;34.8
7922;14.9727671
7923;34.8
7924;34.8
7925;34.8
7926;34.8
7927;34.8
7928;34.8
7929;34.8
7930;34.8
7931;34.8
7932;27.254445
7933;15.2994863
7934;24.1831414
7935;15.3350124
7936;24.1477574
7937;15.370255
7938;23.6568857
7939;33.7574969
7940;34.8
7941;34.8
7942;34.8
7943;34.8
7944;1.87220833
7945;31.9840181
7946;34.8
7947;34.8
7948;34.8
7949;34.8
7950;34.8
7951;34.8
7952;34.8
7953;34.8
7954;34.8
7955;34.8
7956;34.8
7957;34.8
7958;15.1420147
7959;24.3399833
7960;15.0648553
7961;23.2160554
7962;34.8
7963;34.8
7964;34.8
7965;34.8
7966;34.8
7967;3.5594987
7968;30.5708617
7969;31.9396607
7970;34.8
7971;34.8
7972;34.8
7973;34.8
7974;34.8
7975;34.8
7976;34.8
7977;34.8
7978;34.8
7979;34.8
7980;34.8
7981;34.8
7982;34.8
7983;34.8
7984;34.8
7985;34.8
7986;34.8
7987;34.8
7988;34.8
7989;34.8
7990;34.8
7991;17.7448774
7992;21.433865
7993;34.8
7994;34.8
7995;34.8
7996;34.8
7997;34.8
7998;34.8
7999;34.8
8000;34.8
8001;34.8
8002;34.8
8003;34.8
8004;34.8
8005;34.8
8006;30.8737421
8007;11.7558941
8008;25.7141863
8009;34.8
8010;34.8
8011;34.8
8012;34.8
8013;34.8
8014;34.8
8015;4.40816659
8016;31.1042721
8017;21.3095951
8018;16.0411454
8019;21.2006573
8020;18.4109756
8021;19.9621997
8022;18.9781267
8023;34.8
8024;34.8
8025;34.8
8026;34.8
8027;34.8
8028;6.51116281
8029;32.93632
8030;6.61683813
8031;32.8310673
8032;6.72166993
8033;32.7266548
8034;21.4745425
8035;18.0327796
8036;21.4607787
8037;23.7342426
8038;27.1387552
8039;12.3912182
8040;24.4697186
8041;15.0495813
8042;24.432047
8043;15.0871022
8044;24.3946762
8045;15.1243236
8046;24.3576037
8047;34.8
8048;34.8
8049;34.8
8050;12.5582488
8051;26.9134167
8052;17.5538305
8053;21.9378125
8054;17.5713622
8055;21.9203508
8056;17.588754
8057;21.9030286
8058;17.606007
8059;21.8858446
8060;17.6231222
8061;21.8687978
8062;17.6401009
8063;16.4919066
8064;28.5731173
8065;34.8
8066;34.8
8067;4.76061111
8068;17.3276149
8069;22.1631234
8070;17.3469523
8071;34.8
8072;34.8
8073;34.8
8074;4.76061111
8075;34.6798712
8076;4.88025949
8077;34.5607013
8078;4.99895283
8079;34.4424826
8080;5.11669875
8081;34.3252076
8082;5.23350481
8083;34.2088686
8084;5.34937851
8085;34.0934583
8086;5.46432729
8087;16.8897492
8088;31.2823673
8089;34.8
8090;4.76061111
8091;19.0975806
8092;20.4002358
8093;19.10279
8094;20.3950473
8095;34.8
8096;34.8
8097;34.8
8098;21.8495877
8099;17.6592342
8100;21.8328303
8101;17.6759246
8102;21.8162066
8103;17.6924817
8104;21.7997157
8105;17.7089067
8106;21.7833564
8107;26.7760803
8108;34.8
8109;34.8
8110;34.8
8111;4.39248916
8112;33.1796168
8113;9.54706523
8114;27.3619991
8115;17.3681374
8116;20.1331515
8117;19.6688443
8118;20.8615822
8119;34.8
8120;34.8
8121;34.8
8122;34.8
8123;34.8
8124;34.8
8125;27.9363034
8126;11.5968595
8127;27.8709612
8128;11.6619403
8129;27.8061407
8130;12.3165743
8131;27.1541246
8132;24.4817085
8133;27.1892892
8134;33.6510637
8135;5.90495276
8136;22.5448516
8137;16.9667507
8138;22.5225445
8139;16.9889685
8140;22.5004155
8141;17.011009
8142;22.4784631
8143;34.8
8144;34.8
8145;34.8
8146;34.8
8147;33.4263903
8148;23.4306325
8149;16.084512
8150;23.4012551
8151;16.113772
8152;23.3721121
8153;16.1427984
8154;23.3432018
8155;16.1715931
8156;23.3145222
8157;16.200158
8158;23.2860716
8159;18.7652764
8160;30.1232999
8161;34.8
8162;3.36262239
8163;11.7326987
8164;25.7183934
8165;13.8059
8166;25.6707548
8167;34.8
8168;34.8
8169;34.8
8170;29.332226
8171;11.0530917
8172;28.4125545
8173;11.122513
8174;28.3434109
8175;11.1913801
8176;28.2748192
8177;11.2596975
8178;28.206775
8179;11.3274695
8180;28.1392739
8181;11.3947006
8182;28.0723117
8183;5.84704365
8184;6.43825565
8185;25.2347885
8186;14.2875709
8187;25.1910101
8188;14.3311742
8189;25.1475812
8190;14.2341926
8191;34.8
8192;34.8
8193;34.8
8194;34.8
8195;34.8
8196;34.8
8197;24.0583709
8198;19.6807281
8199;19.8194204
8200;20.5399752
8201;24.9840593
8202;30.7994313
8203;34.8
8204;34.8
8205;34.8
8206;34.8
8207;4.76061111
8208;15.7811524
8209;23.7034016
8210;15.8128338
8211;23.6718468
8212;15.8442623
8213;23.640544
8214;15.87544
8215;34.8
8216;34.8
8217;34.8
8218;34.8
8219;34.8
8220;34.8
8221;34.8
8222;34.8
8223;34.8
8224;34.8
8225;34.8
8226;34.8
8227;34.8
8228;34.8
8229;34.8
8230;34.8
8231;4.45384282
8232;31.1130791
8233;7.72283839
8234;31.0107757
8235;11.2922962
8236;26.833291
8237;20.8374746
8238;20.2823965
8239;34.8
8240;34.8
8241;34.8
8242;34.8
8243;34.8
8244;34.8
8245;34.8
8246;34.8
8247;34.8
8248;34.8
8249;34.8
8250;34.8
8251;34.8
8252;34.8
8253;34.8
8254;34.8
8255;34.8
8256;1.87220833
8257;34.1910367
8258;32.9926566
8259;34.8
8260;34.8
8261;34.8
8262;34.8
8263;34.8
8264;34.8
8265;34.8
8266;34.8
8267;34.8
8268;34.8
8269;34.8
8270;34.8
8271;34.8
8272;34.8
8273;34.8
8274;34.8
8275;34.8
8276;34.8
8277;34.8
8278;34.8
8279;14.3202492
8280;19.3614979
8281;31.5469295
8282;34.8
8283;34.8
8284;34.8
8285;34.8
8286;34.8
8287;34.8
8288;34.8
8289;34.8
8290;34.8
8291;34.8
8292;34.8
8293;34.8
8294;34.8
8295;34.8
8296;34.8
8297;34.8
8298;34.8
8299;34.8
8300;34.8
8301;34.8
8302;34.8
8303;11.4858378
8304;23.4611289
8305;25.7793719
8306;34.8
8307;34.8
8308;34.8
8309;34.8
8310;34.8
8311;34.8
8312;34.8
8313;34.8
8314;34.8
8315;34.8
8316;34.8
8317;34.8
8318;34.8
8319;34.8
8320;34.8
8321;34.8
8322;34.8
8323;34.8
8324;34.8
8325;34.8
8326;34.8
8327;19.2533681
8328;20.1376278
8329;33.0643101
8330;34.8
8331;34.8
8332;34.8
8333;34.8
8334;34.8
8335;34.8
8336;34.8
8337;34.8
8338;34.8
8339;34.8
8340;34.8
8341;34.8
8342;34.8
8343;34.8
8344;34.8
8345;34.8
8346;34.8
8347;34.8
8348;34.8
8349;34.8
8350;34.8
8351;22.6997811
8352;29.7310465
8353;34.8
8354;34.8
8355;34.8
8356;34.8
8357;34.8
8358;34.8
8359;34.8
8360;34.8
8361;34.8
8362;34.8
8363;34.8
8364;34.8
8365;34.8
8366;34.8
8367;34.8
8368;34.8
8369;34.8
8370;34.8
8371;34.8
8372;34.8
8373;34.8
8374;34.8
8375;34.8
8376;34.8
8377;34.8
8378;34.8
8379;34.8
8380;34.8
8381;34.8
8382;34.8
8383;34.8
8384;34.8
8385;34.8
8386;34.8
8387;34.8
8388;34.8
8389;34.8
8390;34.8
8391;34.8
8392;34.8
8393;34.8
8394;34.8
8395;34.8
8396;34.8
8397;34.8
8398;34.8
8399;34.8
8400;34.8
8401;6.27843541
8402;27.578161
8403;34.8
8404;34.8
8405;34.8
8406;34.8
8407;34.8
8408;34.8
8409;34.8
8410;34.8
8411;34.8
8412;34.8
8413;34.8
8414;34.8
8415;34.8
8416;34.8
8417;34.8
8418;34.8
8419;34.8
8420;34.8
8421;34.8
8422;34.8
8423;2.95506057
8424;34.7778284
8425;10.5185028
8426;26.3330926
8427;28.825244
8428;34.8
8429;34.8
8430;34.8
8431;34.8
8432;34.8
8433;34.8
8434;34.8
8435;34.8
8436;34.8
8437;34.8
8438;28.2855825
8439;15.4932558
8440;23.4730231
8441;34.8
8442;34.8
8443;34.8
8444;34.8
8445;34.8
8446;34.8
8447;7.24157479
8448;26.7827552
8449;34.8
8450;34.8
8451;34.8
8452;34.8
8453;34.8
8454;34.8
8455;34.8
8456;34.8
8457;34.8
8458;34.8
8459;34.8
8460;34.8
8461;34.8
8462;34.8
8463;34.8
8464;34.8
8465;34.8
8466;34.8
8467;34.8
8468;34.8
8469;34.8
8470;34.8
8471;3.53353793
8472;34.4470791
8473;6.18684974
8474;31.5326689
8475;22.2938502
8476;18.2253174
8477;19.5423436
8478;22.1838801
8479;34.8
8480;34.8
8481;34.8
8482;34.8
8483;34.8
8484;34.8
8485;34.8
8486;34.8
8487;34.8
8488;34.8
8489;34.8
8490;34.8
8491;34.8
8492;34.8
8493;34.8
8494;34.8
8495;3.84907103
8496;34.6324019
8497;4.13870623
8498;34.4140434
8499;14.6319654
8500;24.4623413
8501;14.9955754
8502;24.4858369
8503;34.8
8504;34.8
8505;34.8
8506;34.8
8507;34.8
8508;34.8
8509;34.8
8510;34.8
8511;28.5374429
8512;18.8971561
8513;20.5998589
8514;18.9039653
8515;20.5930769
8516;18.9107201
8517;20.5863491
8518;18.917421
8519;24.1479338
8520;34.8
8521;34.8
8522;4.76061111
8523;18.9723965
8524;20.5249194
8525;18.9786051
8526;20.5187356
8527;34.8
8528;34.8
8529;34.8
8530;34.8
8531;32.7700274
8532;26.5645285
8533;12.9631486
8534;26.510136
8535;13.0173236
8536;26.4561777
8537;13.0710661
8538;26.4026501
8539;18.5243369
8540;20.9711872
8541;18.5341219
8542;20.9614412
8543;5.42277292
8544;9.07762102
8545;25.7769384
8546;13.7475891
8547;25.7288326
8548;13.7955026
8549;25.6811107
8550;13.8430336
8551;34.8
8552;34.8
8553;34.8
8554;34.8
8555;34.8
8556;31.2790563
8557;28.8593875
8558;21.5513908
8559;17.9562386
8560;21.5370136
8561;19.4092045
8562;20.0898581
8563;19.4119265
8564;20.0871471
8565;19.4146267
8566;20.0844576
8567;26.5690189
8568;34.8
8569;2.47594256
8570;11.1390302
8571;25.6626678
8572;13.8614027
8573;25.6154741
8574;13.9084077
8575;34.8
8576;34.8
8577;34.8
8578;34.8
8579;34.8
8580;34.8
8581;34.8
8582;34.8
8583;33.4214537
8584;33.8328443
8585;34.8
8586;34.8
8587;34.8
8588;34.8
8589;34.8
8590;34.8
8591;2.42040726
8592;34.4601572
8593;18.6443933
8594;17.7898037
8595;29.4851595
8596;34.8
8597;34.8
8598;34.8
8599;34.8
8600;34.8
8601;34.8
8602;34.8
8603;34.8
8604;34.8
8605;34.8
8606;34.8
8607;34.8
8608;34.8
8609;34.8
8610;34.8
8611;34.8
8612;34.8
8613;34.8
8614;34.8
8615;22.1136406
8616;28.0913796
8617;34.8
8618;34.8
8619;34.8
8620;34.8
8621;34.8
8622;34.8
8623;34.8
8624;34.8
8625;34.8
8626;34.8
8627;34.8
8628;34.8
8629;34.8
8630;34.8
8631;34.8
8632;34.8
8633;34.8
8634;34.8
8635;34.8
8636;34.8
8637;34.8
8638;34.8
8639;14.2295675
8640;19.7882063
8641;33.5186552
8642;34.8
8643;34.8
8644;34.8
8645;34.8
8646;34.8
8647;34.8
8648;34.8
8649;34.8
8650;34.8
8651;34.8
8652;34.8
8653;34.8
8654;34.8
8655;30.342212
8656;25.0809117
8657;34.8
8658;34.8
8659;34.8
8660;34.8
8661;34.8
8662;34.8
8663;14.8530845
8664;19.1240559
8665;30.6979212
8666;34.8
8667;34.8
8668;34.8
8669;34.8
8670;34.8
8671;34.8
8672;34.8
8673;34.8
8674;34.8
8675;34.8
8676;34.8
8677;34.8
8678;28.8712415
8679;10.4169638
8680;27.7664765
8681;34.8
8682;34.8
8683;34.8
8684;34.8
8685;34.8
8686;34.8
8687;13.1576021
8688;19.898469
8689;34.8
8690;34.8
8691;34.8
8692;34.8
8693;34.8
8694;34.8
8695;34.8
8696;34.8
8697;34.8
8698;34.8
8699;34.8
8700;34.8
8701;34.8
8702;34.8
8703;34.8
8704;34.8
8705;34.8
8706;34.8
8707;34.8
8708;34.8
8709;34.8
8710;34.8
8711;5.14593012
8712;31.237175
8713;19.276948
8714;17.8463226
8715;19.3676398
8716;22.4820513
8717;28.1721138
8718;34.8
8719;34.8
8720;34.8
8721;34.8
8722;34.8
8723;34.8
8724;34.8
8725;34.8
8726;34.8
8727;34.8
8728;34.8
8729;34.8
8730;34.8
8731;34.8
8732;34.8
8733;34.8
8734;34.8
8735;2.981355
8736;34.620167
8737;12.3166776
8738;25.2958824
8739;17.9066612
8740;19.9035495
8741;20.2211288
8742;22.7464152
8743;34.8
8744;34.8
8745;34.8
8746;34.8
8747;34.8
8748;34.8
8749;34.8
8750;34.8
8751;34.8
8752;34.8
8753;34.8
8754;34.8
8755;34.8
8756;34.8
8757;34.8
8758;34.8
8759;3.21800483
