Index;Wert
0;834.433289
1;841.433289
2;835.588257
3;856.473267
4;1008.70734
5;1139.7074
6;1204.7074
7;1154.7074
8;1102.81567
9;1043.81567
10;1129.81567
11;1106.81567
12;1104.87793
13;1161.87793
14;1130.87793
15;1096.87793
16;1016.2561
17;1121.2561
18;1042.2561
19;1025.2561
20;859.820679
21;806.820679
22;830.820679
23;794.820679
24;880.184937
25;807.184937
26;806.184937
27;828.184937
28;1140.54297
29;1240.54297
30;1347.54297
31;1294.54297
32;1264.34399
33;1208.34399
34;1212.34399
35;1189.34399
36;1364.5564
37;1372.5564
38;1355.5564
39;1311.5564
40;1519.84583
41;1541.84583
42;1469.84583
43;1299.84583
44;972.737732
45;941.737732
46;978.737732
47;997.737732
48;862.055786
49;864.055786
50;891.055786
51;958.055786
52;977.321106
53;1058.32117
54;1155.32117
55;1146.32117
56;1269.80188
57;1188.80188
58;1308.80188
59;1271.80188
60;1278.66821
61;1304.66821
62;1247.66821
63;1261.66821
64;1117.23145
65;1161.23145
66;1135.23145
67;1009.23138
68;986.300415
69;1019.30042
70;936.300415
71;916.300415
72;1275.13367
73;1267.13367
74;1258.13367
75;1284.13367
76;1172.5022
77;1364.5022
78;1381.5022
79;1337.5022
80;1679.18396
81;1633.18396
82;1683.18396
83;1707.18396
84;1369.11743
85;1281.11743
86;1247.11743
87;1258.11743
88;1625.58533
89;1602.58533
90;1459.58533
91;1444.58533
92;1472.47693
93;1408.47693
94;1413.47693
95;5533.47656
96;1003.19147
97;990.191467
98;1006.19147
99;892.191467
100;377.036926
101;347.036926
102;359.036926
103;348.036926
104;294.821228
105;271.821228
106;252.821198
107;248.821198
108;217.08812
109;181.08812
110;182.08812
111;183.08812
112;182.912796
113;182.912796
114;184.912796
115;185.912796
116;190.200073
117;186.200073
118;186.200073
119;187.200073
120;303.925049
121;303.925049
122;304.925049
123;299.925049
124;303.304382
125;303.304382
126;300.304382
127;303.304382
128;323.024078
129;321.024078
130;322.024078
131;323.024078
132;258.136536
133;256.136536
134;256.136536
135;256.136536
136;240.721573
137;241.721573
138;240.721573
139;238.721573
140;334.98056
141;333.98056
142;334.98056
143;332.98056
144;723.400146
145;724.400146
146;725.400146
147;722.400146
148;185.873596
149;188.873596
150;185.873596
151;185.873596
152;240.385834
153;241.385834
154;241.385834
155;238.385834
156;570.640259
157;571.640259
158;571.640259
159;572.640259
160;246.597214
161;247.597214
162;244.597214
163;247.597214
164;318.16452
165;318.16452
166;317.16452
167;325.16452
168;323.150299
169;318.150299
170;320.150299
171;342.150299
172;658.594177
173;968.594177
174;1049.59412
175;1100.59412
176;1217.46301
177;1201.46301
178;1288.46301
179;1312.46301
180;1289.30847
181;1217.30847
182;1139.30847
183;1203.30847
184;1391.77246
185;1400.77246
186;1354.77246
187;1283.77246
188;1127.32312
189;1127.32312
190;1119.32312
191;1097.32312
192;1133.69946
193;1127.69946
194;1128.69946
195;1176.69946
196;1051.76404
197;1198.76404
198;1311.76404
199;1290.76404
200;1326.41479
201;1239.41479
202;1322.41479
203;1282.41479
204;1232.88306
205;1118.88306
206;1123.88306
207;1131.88306
208;1093.28833
209;1051.28833
210;1037.28833
211;849.28833
212;701.296631
213;696.296631
214;684.296631
215;686.296631
216;691.287537
217;690.287537
218;693.287537
219;711.287537
220;974.324585
221;1152.32458
222;1219.32458
223;1146.32458
224;1295.14783
225;1252.14783
226;1272.14783
227;1248.14783
228;1227.73315
229;1214.73315
230;1190.73315
231;1194.73315
232;1088.89758
233;1115.89758
234;1035.89758
235;996.897644
236;805.278137
237;813.278137
238;788.278137
239;760.278137
240;1055.33252
241;1042.33252
242;1061.33252
243;1067.33252
244;1362.69153
245;1473.69153
246;1509.69153
247;1440.69153
248;1498.09058
249;1384.09058
250;1385.09058
251;1353.09058
252;959.312134
253;916.312134
254;838.312134
255;745.312134
256;676.875671
257;560.875671
258;514.875671
259;521.875671
260;765.596497
261;787.596497
262;779.596497
263;773.596497
264;828.08783
265;821.08783
266;752.08783
267;672.08783
268;519.531738
269;518.531738
270;517.531738
271;518.531738
272;609.266907
273;608.266907
274;609.266907
275;606.266907
276;751.04071
277;750.04071
278;751.04071
279;753.04071
280;951.144043
281;948.144043
282;950.144043
283;953.144043
284;1052.86218
285;1052.86218
286;1050.86218
287;1050.86218
288;248.242004
289;248.242004
290;250.242004
291;247.242004
292;182.776718
293;181.776718
294;178.776718
295;181.776718
296;178.106079
297;176.106079
298;178.106079
299;178.106079
300;176.085144
301;178.085144
302;177.085144
303;177.085144
304;172.358749
305;170.358749
306;169.358749
307;174.358749
308;179.711945
309;180.711945
310;179.711945
311;176.711945
312;182.400848
313;187.400848
314;189.400848
315;213.400848
316;460.802826
317;723.802856
318;790.802856
319;913.802856
320;1048.05774
321;1132.05774
322;1158.05774
323;1162.05774
324;1052.72876
325;1054.72876
326;1014.7287
327;1059.72876
328;1162.63733
329;1158.63733
330;1104.63733
331;1103.63733
332;724.52832
333;725.52832
334;710.52832
335;665.52832
336;776.493469
337;828.493469
338;854.493469
339;866.493469
340;1082.99585
341;1162.99585
342;1155.99585
343;1137.99585
344;1125.50549
345;1071.50549
346;1134.50549
347;1087.50549
348;1036.9408
349;999.940796
350;1007.9408
351;1016.9408
352;1025.16577
353;1061.16577
354;996.165833
355;989.165833
356;819.666992
357;780.666992
358;772.666992
359;765.666992
360;991.887634
361;983.887634
362;969.887634
363;994.887634
364;1213.28516
365;1327.28516
366;1360.28516
367;1472.28516
368;1499.33325
369;1435.33325
370;1442.33325
371;1416.33325
372;1220.89612
373;1084.89612
374;1076.89612
375;1034.89612
376;1425.7356
377;1428.7356
378;1352.7356
379;1180.7356
380;928.969788
381;908.969788
382;880.969788
383;883.969788
384;545.048401
385;513.048462
386;462.048462
387;451.048462
388;440.206207
389;438.206207
390;414.206207
391;307.206207
392;220.146683
393;192.146683
394;190.146683
395;190.146683
396;190.373062
397;189.373062
398;187.373062
399;189.373062
400;190.7509
401;190.7509
402;188.7509
403;192.7509
404;199.798584
405;197.798584
406;195.798584
407;194.798584
408;249.066635
409;252.066635
410;256.06662
411;272.06662
412;631.734558
413;684.734558
414;696.734558
415;736.734558
416;823.21405
417;812.21405
418;799.21405
419;709.21405
420;951.07373
421;945.07373
422;933.07373
423;925.07373
424;581.040466
425;537.040466
426;415.040436
427;335.040436
428;278.694702
429;276.694702
430;275.694702
431;272.694702
432;425.140991
433;426.140991
434;427.140991
435;428.140991
436;238.128799
437;239.128799
438;238.128799
439;237.128799
440;233.782043
441;233.782043
442;233.782043
443;232.782043
444;239.914124
445;235.914124
446;236.914124
447;239.914124
448;206.741577
449;203.741577
450;202.741577
451;203.741577
452;287.081024
453;284.081024
454;284.081024
455;284.081024
456;639.681702
457;638.681702
458;641.681702
459;634.681702
460;592.23584
461;594.23584
462;595.23584
463;596.23584
464;467.88089
465;467.88089
466;469.88089
467;471.88089
468;370.694946
469;371.694946
470;372.694946
471;372.694946
472;480.618927
473;479.618927
474;475.618927
475;481.618927
476;637.222961
477;635.222961
478;635.222961
479;634.222961
480;351.364594
481;351.364594
482;352.364594
483;376.364594
484;381.913727
485;639.913757
486;646.913757
487;637.913757
488;685.523376
489;649.523376
490;772.523376
491;783.523376
492;814.766602
493;798.766602
494;799.766602
495;875.766602
496;909.360535
497;959.360535
498;943.360535
499;913.360535
500;670.98645
501;717.98645
502;722.98645
503;717.98645
504;770.341614
505;765.341614
506;750.341614
507;771.341614
508;1150.17725
509;1328.17725
510;1330.17725
511;1295.17725
512;1357.96692
513;1396.96692
514;1374.96692
515;1358.96692
516;1308.35632
517;1333.35632
518;1286.35632
519;1258.35632
520;1182.68091
521;1155.68091
522;1063.68091
523;943.680908
524;736.194458
525;738.194458
526;736.194458
527;723.194458
528;899.45459
529;884.45459
530;890.45459
531;904.45459
532;1005.12073
533;1174.12073
534;1288.12073
535;1358.12073
536;1367.7478
537;1325.7478
538;1342.7478
539;1364.7478
540;1265.09802
541;1299.09802
542;1327.09802
543;1325.09802
544;1263.56763
545;1225.56763
546;1165.56763
547;1020.56769
548;917.39447
549;905.39447
550;906.39447
551;876.39447
552;1269.18591
553;1274.18591
554;1281.18591
555;1315.18591
556;1274.45618
557;1425.45618
558;1520.45618
559;1490.45618
560;1393.29651
561;1275.29651
562;1334.29651
563;1348.29651
564;1263.79785
565;1229.79785
566;1309.79785
567;1252.79785
568;1271.65247
569;1275.65247
570;1272.65247
571;1144.65247
572;1429.53943
573;1394.53943
574;1392.53943
575;1378.53943
576;968.666626
577;960.666626
578;979.666626
579;996.666626
580;1046.09753
581;1183.09753
582;1262.09753
583;1247.09753
584;984.838989
585;1182.83899
586;1130.83899
587;1074.83899
588;1021.46344
589;923.46344
590;881.46344
591;789.46344
592;625.209656
593;479.209625
594;574.209656
595;576.209656
596;541.208069
597;567.208069
598;506.208038
599;490.208038
600;523.41687
601;523.41687
602;486.416901
603;418.416901
604;358.747925
605;329.747925
606;326.747925
607;324.747925
608;298.878845
609;296.878845
610;298.878845
611;299.878845
612;398.366577
613;400.366577
614;400.366577
615;397.366577
616;382.313293
617;381.313293
618;380.313293
619;380.313293
620;244.948471
621;242.948471
622;242.948471
623;242.948471
624;350.272034
625;350.272034
626;350.272034
627;345.272034
628;444.515015
629;445.515015
630;444.515015
631;445.515015
632;818.222534
633;819.222534
634;822.222534
635;821.222534
636;544.550903
637;542.550903
638;543.550903
639;545.550903
640;747.515991
641;746.515991
642;745.515991
643;749.515991
644;453.178467
645;453.178467
646;453.178467
647;452.178467
648;351.205353
649;357.205353
650;358.205353
651;396.205353
652;877.389709
653;1075.38977
654;1139.38977
655;1228.38977
656;1490.97229
657;1441.97229
658;1551.97229
659;1510.97229
660;1085.86792
661;1071.86792
662;1051.86792
663;1115.86792
664;1678.83545
665;1719.83545
666;1730.83545
667;1660.83545
668;1113.39368
669;1085.39368
670;1082.39368
671;1059.39368
672;694.343811
673;750.343811
674;761.343811
675;791.343811
676;821.614441
677;1001.61444
678;1170.6145
679;1187.6145
680;1145.71033
681;1129.71033
682;1163.71033
683;1145.71033
684;1125.65295
685;1111.65295
686;1182.65295
687;1157.65295
688;1114.9248
689;1109.9248
690;1094.9248
691;1027.92493
692;734.400818
693;681.400818
694;671.400818
695;668.400818
696;782.742676
697;795.742676
698;797.742676
699;840.742676
700;1145.17871
701;1217.17871
702;1354.17871
703;1297.17871
704;1272.04651
705;1226.04651
706;1237.04651
707;1264.04651
708;1342.12769
709;1284.12769
710;1273.12769
711;1228.12769
712;1408.50623
713;1500.50623
714;1445.50623
715;1376.50623
716;1177.26355
717;1081.26355
718;1052.26355
719;1070.26355
720;932.815247
721;933.815247
722;936.815247
723;956.815247
724;997.05011
725;1161.05017
726;1176.05017
727;1172.05017
728;1233.26904
729;1233.26904
730;1291.26904
731;1260.26904
732;1177.20947
733;1199.20947
734;1193.20947
735;1139.20947
736;974.391235
737;1058.39124
738;1082.39124
739;991.391235
740;949.268372
741;900.268372
742;903.268372
743;920.268372
744;1278.09363
745;1266.09363
746;1269.09363
747;1260.09363
748;1103.43799
749;1257.43799
750;1247.43799
751;1208.43799
752;1403.08752
753;1311.08752
754;1336.08752
755;1285.08752
756;851.048706
757;852.048706
758;825.048706
759;808.048706
760;1269.53003
761;1259.53003
762;1239.53003
763;1258.53003
764;1404.44116
765;1388.44116
766;1376.44116
767;1377.44116
768;969.2052
769;958.2052
770;933.2052
771;866.2052
772;289.045868
773;281.045868
774;266.045837
775;272.045868
776;253.811356
777;256.811371
778;247.811356
779;249.811356
780;260.066345
781;255.066345
782;232.066345
783;186.066345
784;178.902161
785;178.902161
786;175.902161
787;176.902161
788;182.19902
789;180.19902
790;179.19902
791;179.19902
792;295.924988
793;295.924988
794;297.924988
795;293.924988
796;294.304871
797;294.304871
798;293.304871
799;293.304871
800;312.024139
801;313.024139
802;312.024139
803;314.024139
804;247.83226
805;246.83226
806;246.83226
807;247.83226
808;231.816071
809;228.816071
810;228.816071
811;231.816071
812;327.855591
813;324.855591
814;322.855591
815;330.855591
816;722.800354
817;722.800354
818;723.800354
819;736.800354
820;364.862335
821;555.862305
822;567.862305
823;552.862305
824;729.887634
825;838.887634
826;837.887634
827;791.887634
828;1308.05151
829;1280.05151
830;1197.05151
831;1165.05151
832;860.598145
833;824.598145
834;779.598145
835;733.598145
836;830.562256
837;790.562256
838;786.562256
839;802.562256
840;797.944702
841;788.944702
842;790.944702
843;791.944702
844;1013.62
845;1163.61987
846;1228.61987
847;1271.61987
848;1220.57349
849;1222.57349
850;1207.57349
851;1225.57349
852;1216.47168
853;1201.47168
854;1239.47168
855;1249.47168
856;1374.94312
857;1382.94312
858;1362.94312
859;1254.94312
860;1143.49768
861;1138.49768
862;1127.49768
863;1117.49768
864;1142.91199
865;1099.91199
866;1097.91199
867;1112.91199
868;1030.92285
869;1154.92273
870;1188.92273
871;1189.92273
872;1240.56995
873;1305.56995
874;1264.56995
875;1200.56995
876;1151.02954
877;1123.02954
878;1071.02954
879;1074.02954
880;1005.38916
881;1027.38916
882;990.38916
883;917.38916
884;761.290405
885;749.290405
886;745.290405
887;680.290405
888;673.231445
889;678.231445
890;689.231445
891;708.231445
892;881.015991
893;1102.01599
894;1186.01599
895;1241.01599
896;1300.09265
897;1322.09265
898;1290.09265
899;1304.09265
900;1258.89526
901;1210.89526
902;1169.89526
903;1180.89526
904;1113.3407
905;1100.3407
906;1112.3407
907;1133.3407
908;961.403992
909;912.403992
910;795.403992
911;776.403992
912;1072.18726
913;1085.18726
914;1070.18726
915;1087.18726
916;1362.12256
917;1521.12256
918;1565.12256
919;1543.12256
920;1579.99036
921;1568.99036
922;1561.99036
923;1525.99036
924;1114.30383
925;1109.30383
926;1055.30383
927;930.303833
928;876.7052
929;887.7052
930;820.7052
931;714.7052
932;844.519592
933;791.519592
934;743.519592
935;768.519592
936;812.075378
937;804.075378
938;805.075378
939;778.075378
940;646.537109
941;677.537109
942;610.537109
943;638.537109
944;740.196411
945;733.196411
946;732.196411
947;718.196411
948;837.94696
949;810.94696
950;798.94696
951;754.94696
952;954.026855
953;952.026855
954;951.026855
955;952.026855
956;1052.72607
957;1049.72607
958;1044.72607
959;1044.72607
960;240.101685
961;240.101685
962;242.101685
963;235.101685
964;171.649139
965;170.649139
966;172.649139
967;173.649139
968;168.908401
969;169.908401
970;170.908401
971;171.908401
972;170.872375
973;169.872375
974;170.872375
975;171.872375
976;164.195526
977;165.195526
978;163.195526
979;166.195526
980;171.651627
981;168.651627
982;169.651627
983;167.651627
984;176.361755
985;179.361755
986;182.361755
987;255.361755
988;769.777649
989;839.777649
990;867.777649
991;916.777649
992;1107.0791
993;1055.0791
994;1147.0791
995;1151.0791
996;1037.90491
997;1051.90491
998;1054.90491
999;1046.90491
1000;997.739136
1001;1196.73914
1002;1181.73914
1003;1009.73914
1004;719.851196
1005;730.851196
1006;709.851196
1007;692.851196
1008;847.78241
1009;864.78241
1010;880.78241
1011;922.78241
1012;944.383057
1013;1044.38306
1014;1220.38306
1015;1211.38306
1016;1182.22888
1017;1158.22888
1018;1165.22888
1019;1169.22888
1020;1114.44556
1021;1063.44556
1022;1035.44556
1023;1009.44556
1024;1037.58203
1025;1053.58203
1026;1011.58203
1027;830.582031
1028;796.166992
1029;785.166992
1030;766.166992
1031;754.166992
1032;943.666199
1033;948.666199
1034;965.666199
1035;1009.6662
1036;1363.13721
1037;1476.13721
1038;1508.13721
1039;1480.13721
1040;1471.17542
1041;1473.17542
1042;1497.17542
1043;1530.17542
1044;1337.75854
1045;1304.75854
1046;1321.75854
1047;1307.75854
1048;1639.60754
1049;1653.60754
1050;1610.60754
1051;1544.60754
1052;1185.85754
1053;1150.85754
1054;1148.85754
1055;1152.85754
1056;810.910645
1057;807.910645
1058;819.910645
1059;872.910645
1060;1140.90259
1061;1154.90259
1062;1155.90259
1063;1229.90259
1064;1203.73865
1065;1137.73865
1066;1135.73865
1067;1186.73865
1068;1085.03552
1069;1081.03552
1070;931.035583
1071;903.035583
1072;823.438416
1073;808.438416
1074;799.438416
1075;848.438416
1076;821.506714
1077;800.506714
1078;774.506714
1079;755.506714
1080;807.700989
1081;808.700989
1082;819.700989
1083;887.700989
1084;1202.52271
1085;1345.52271
1086;1368.52271
1087;1355.52271
1088;1389.20117
1089;1305.20117
1090;1280.20117
1091;1287.20117
1092;1510.53235
1093;1540.53235
1094;1407.53235
1095;1350.53235
1096;826.122375
1097;825.122375
1098;796.122375
1099;793.122375
1100;711.138855
1101;718.138855
1102;707.138855
1103;583.138855
1104;721.016418
1105;723.016418
1106;681.016418
1107;544.016418
1108;357.17038
1109;395.17038
1110;389.17038
1111;396.17038
1112;385.925873
1113;385.925873
1114;386.925873
1115;381.925873
1116;344.848755
1117;334.848755
1118;322.848755
1119;279.848755
1120;245.461365
1121;245.461365
1122;246.461365
1123;242.461365
1124;318.099762
1125;315.099762
1126;304.099762
1127;302.099762
1128;657.636719
1129;657.636719
1130;660.636719
1131;653.636719
1132;612.223145
1133;613.223145
1134;611.223145
1135;610.223145
1136;479.87912
1137;479.87912
1138;480.87912
1139;480.87912
1140;385.695007
1141;385.695007
1142;385.695007
1143;384.695007
1144;492.618835
1145;491.618835
1146;492.618835
1147;497.618835
1148;655.223083
1149;651.223083
1150;648.223083
1151;647.223083
1152;364.365631
1153;363.365631
1154;369.365631
1155;406.365631
1156;548.913879
1157;637.913879
1158;649.913879
1159;714.913879
1160;743.481079
1161;773.481079
1162;786.481079
1163;800.481079
1164;761.611938
1165;788.611938
1166;860.611938
1167;738.611938
1168;864.098999
1169;950.098999
1170;829.098999
1171;782.098999
1172;781.640137
1173;734.640137
1174;747.640137
1175;736.640137
1176;785.046936
1177;794.046936
1178;785.046936
1179;817.046936
1180;1191.15735
1181;1260.15735
1182;1318.15735
1183;1272.15735
1184;1304.74316
1185;1301.74316
1186;1312.74316
1187;1340.74316
1188;1200.79419
1189;1158.79419
1190;1167.79419
1191;1109.79419
1192;1070.23926
1193;978.239136
1194;954.239136
1195;860.239136
1196;721.991516
1197;716.991516
1198;701.991516
1199;699.991516
1200;841.266663
1201;859.266663
1202;907.266663
1203;945.266663
1204;1124.52747
1205;1238.52747
1206;1323.52747
1207;1246.52747
1208;1317.27283
1209;1311.27283
1210;1303.27283
1211;1303.27283
1212;1126.63306
1213;1162.63306
1214;1099.63306
1215;1150.63306
1216;1056.42688
1217;926.427002
1218;870.427002
1219;870.427002
1220;906.394592
1221;898.394592
1222;896.394592
1223;886.394592
1224;1222.22021
1225;1166.22021
1226;1234.22021
1227;1295.22021
1228;1316.53076
1229;1448.53076
1230;1432.53076
1231;1400.53076
1232;1258.23267
1233;1317.23267
1234;1263.23267
1235;1197.23267
1236;1162.88916
1237;1153.88916
1238;1140.88916
1239;1102.88916
1240;1194.70312
1241;1232.70312
1242;1293.70312
1243;1051.70312
1244;1378.52344
1245;1396.52344
1246;1430.52344
1247;1382.52344
1248;961.427124
1249;975.427124
1250;980.427124
1251;1003.42712
1252;1053.7887
1253;1181.7887
1254;1265.7887
1255;1279.7887
1256;1217.46448
1257;1169.46448
1258;1144.46448
1259;1003.46448
1260;904.086731
1261;888.086731
1262;831.086731
1263;772.086731
1264;642.800781
1265;643.800781
1266;638.800781
1267;578.800781
1268;540.657898
1269;545.657898
1270;535.657898
1271;529.657898
1272;551.790222
1273;516.790222
1274;468.790222
1275;362.790222
1276;401.271698
1277;412.271698
1278;411.271698
1279;410.271698
1280;391.459839
1281;391.459839
1282;387.459839
1283;387.459839
1284;480.716949
1285;473.716949
1286;459.716949
1287;412.716949
1288;400.134613
1289;399.134613
1290;399.134613
1291;403.134613
1292;263.94046
1293;258.94046
1294;255.940445
1295;255.940445
1296;363.861725
1297;362.861725
1298;363.861725
1299;355.861725
1300;455.075104
1301;456.075104
1302;455.075104
1303;454.075104
1304;830.149414
1305;832.149414
1306;830.149414
1307;832.149414
1308;556.659485
1309;556.659485
1310;555.659485
1311;555.659485
1312;761.005493
1313;760.005493
1314;761.005493
1315;765.005493
1316;468.178406
1317;467.178406
1318;468.178406
1319;467.178406
1320;365.403748
1321;371.403748
1322;376.403748
1323;413.403748
1324;650.091125
1325;768.091125
1326;1000.09113
1327;1090.09119
1328;1381.98669
1329;1355.98669
1330;1399.98669
1331;1306.98669
1332;898.825806
1333;988.825806
1334;1146.82581
1335;1129.82581
1336;1794.53564
1337;1750.53564
1338;1663.53564
1339;1505.53564
1340;1067.8772
1341;1062.8772
1342;1015.87726
1343;1015.87726
1344;656.790588
1345;617.790588
1346;672.790588
1347;709.790588
1348;703.033936
1349;759.033936
1350;800.033936
1351;821.033936
1352;760.196533
1353;796.196533
1354;838.196533
1355;863.196533
1356;829.152344
1357;858.152344
1358;839.152344
1359;774.152344
1360;746.383728
1361;751.383728
1362;667.383728
1363;624.383728
1364;645.739197
1365;674.739197
1366;668.739197
1367;665.739197
1368;792.994263
1369;770.994263
1370;782.994263
1371;827.994263
1372;1089.35034
1373;1198.35034
1374;1187.35034
1375;1112.35034
1376;1012.20654
1377;999.206543
1378;1065.20654
1379;1095.20654
1380;1187.30933
1381;1348.30933
1382;1272.30933
1383;1270.30933
1384;1521.52417
1385;1456.52417
1386;1479.52417
1387;1331.52417
1388;1127.62549
1389;1117.62549
1390;1106.62549
1391;1111.62549
1392;940.962891
1393;936.962891
1394;942.962891
1395;1002.96289
1396;1075.19946
1397;1227.19946
1398;1157.19946
1399;1224.19946
1400;1243.34753
1401;1245.34753
1402;1207.34753
1403;1264.34753
1404;1193.51855
1405;1181.51855
1406;1153.51855
1407;1131.51855
1408;1042.17249
1409;1035.17249
1410;974.172485
1411;801.172485
1412;934.536377
1413;907.536377
1414;925.536377
1415;920.536377
1416;1285.29724
1417;1273.29724
1418;1277.29724
1419;1292.29724
1420;1193.60449
1421;1244.60449
1422;1357.60449
1423;1379.60449
1424;1667.28235
1425;1585.28235
1426;1600.28235
1427;1657.28235
1428;1390.18286
1429;1356.18286
1430;1301.18286
1431;1200.18286
1432;1657.61194
1433;1532.61194
1434;1378.61194
1435;1376.61194
1436;1515.47205
1437;1503.47205
1438;1501.47205
1439;1497.47205
1440;1047.16223
1441;928.162231
1442;846.162231
1443;773.162231
1444;292.993286
1445;286.993286
1446;278.993286
1447;276.993286
1448;299.75531
1449;298.75531
1450;295.75531
1451;270.75531
1452;257.040924
1453;249.040909
1454;194.040909
1455;196.040909
1456;197.857986
1457;194.857986
1458;194.857986
1459;198.857986
1460;203.133102
1461;199.133102
1462;195.133102
1463;194.133102
1464;313.849335
1465;312.849335
1466;316.849335
1467;307.849335
1468;310.188843
1469;312.188843
1470;309.188843
1471;310.188843
1472;326.919006
1473;326.919006
1474;326.919006
1475;328.919006
1476;261.425507
1477;262.425507
1478;262.425507
1479;262.425507
1480;246.347015
1481;246.347015
1482;247.347015
1483;250.347015
1484;338.012787
1485;338.012787
1486;336.012787
1487;336.012787
1488;735.33551
1489;738.33551
1490;746.33551
1491;833.33551
1492;521.243835
1493;749.243835
1494;818.243835
1495;857.243835
1496;960.096802
1497;899.096802
1498;846.096802
1499;706.096802
1500;1052.56787
1501;1025.56787
1502;1019.56781
1503;1100.56787
1504;731.807617
1505;718.807617
1506;680.807617
1507;582.807617
1508;577.343811
1509;588.343811
1510;571.343811
1511;733.343811
1512;743.311035
1513;764.311035
1514;766.311035
1515;854.311035
1516;1204.7384
1517;1251.7384
1518;1226.7384
1519;1252.7384
1520;1177.64514
1521;1205.64514
1522;1253.64514
1523;1191.64514
1524;1024.46753
1525;1059.46753
1526;1000.46753
1527;1011.46753
1528;1212.88794
1529;1191.88794
1530;1124.88794
1531;1091.88794
1532;1131.3689
1533;1088.3689
1534;1088.3689
1535;1082.3689
1536;1110.69763
1537;1114.69763
1538;1133.69763
1539;1198.69763
1540;1215.72607
1541;1254.72607
1542;1291.72607
1543;1359.72607
1544;1234.31165
1545;1204.31165
1546;1239.31165
1547;1178.31165
1548;946.887878
1549;906.887878
1550;882.887878
1551;882.887878
1552;823.312988
1553;815.312988
1554;793.312988
1555;778.312988
1556;748.351257
1557;739.351257
1558;735.351257
1559;731.351257
1560;744.391296
1561;740.391296
1562;763.391296
1563;832.391296
1564;1218.39587
1565;1278.39587
1566;1278.39587
1567;1239.39587
1568;1422.09497
1569;1374.09497
1570;1434.09497
1571;1391.09497
1572;1133.64429
1573;1101.64429
1574;1065.64429
1575;1026.64429
1576;951.861023
1577;970.861023
1578;950.861023
1579;878.861023
1580;863.866028
1581;856.866028
1582;845.866028
1583;835.866028
1584;1119.27173
1585;1112.27173
1586;1123.27173
1587;1202.27173
1588;1700.42883
1589;1761.42883
1590;1797.42883
1591;1797.42883
1592;1711.62708
1593;1675.62708
1594;1681.62708
1595;1650.62708
1596;1159.86987
1597;1094.86987
1598;1016.86987
1599;989.869873
1600;958.528992
1601;869.528992
1602;808.528992
1603;782.528992
1604;975.685059
1605;955.685059
1606;885.685059
1607;837.685059
1608;904.240601
1609;861.240601
1610;814.240601
1611;704.240601
1612;617.470276
1613;649.470276
1614;640.470276
1615;625.470276
1616;707.081055
1617;696.081055
1618;708.081055
1619;705.081055
1620;844.070374
1621;831.070374
1622;772.070374
1623;773.070374
1624;964.168335
1625;958.168335
1626;958.168335
1627;962.168335
1628;1061.85535
1629;1057.85535
1630;1054.85535
1631;1053.85535
1632;254.168671
1633;254.168671
1634;257.168671
1635;251.168671
1636;184.620346
1637;186.620346
1638;184.620346
1639;183.620346
1640;182.619415
1641;181.619415
1642;181.619415
1643;182.619415
1644;182.422409
1645;183.422409
1646;183.422409
1647;183.422409
1648;176.647217
1649;175.647217
1650;175.647217
1651;180.647217
1652;188.110153
1653;187.110153
1654;186.110153
1655;184.110153
1656;192.742233
1657;194.742233
1658;203.742233
1659;315.742249
1660;686.117615
1661;942.117615
1662;1000.11761
1663;1014.11761
1664;1192.37585
1665;1166.37585
1666;1260.37585
1667;1291.37585
1668;1100.79016
1669;1102.79016
1670;1055.79016
1671;1058.79016
1672;1133.24805
1673;1096.24805
1674;1036.24805
1675;977.248047
1676;739.266724
1677;716.266724
1678;701.266724
1679;687.266724
1680;826.160339
1681;765.160339
1682;842.160339
1683;924.160339
1684;1135.7229
1685;1343.7229
1686;1347.7229
1687;1331.7229
1688;1299.89709
1689;1228.89709
1690;1290.89709
1691;1281.89709
1692;1122.23376
1693;1051.23376
1694;1047.23376
1695;1022.2337
1696;1019.21973
1697;1031.21973
1698;960.219727
1699;839.219727
1700;764.328064
1701;777.328064
1702;774.328064
1703;767.328064
1704;942.444458
1705;945.444458
1706;957.444458
1707;1050.44446
1708;1570.7594
1709;1518.7594
1710;1536.7594
1711;1536.7594
1712;1553.53821
1713;1531.53821
1714;1539.53821
1715;1574.53821
1716;1256.05615
1717;1175.05615
1718;1086.05615
1719;1070.05615
1720;1370.85156
1721;1344.85156
1722;1350.85156
1723;1417.85156
1724;1168.24524
1725;1072.24524
1726;1023.2453
1727;1036.24524
1728;691.16803
1729;701.16803
1730;707.16803
1731;768.16803
1732;1045.10413
1733;1136.10413
1734;1299.10413
1735;1232.10413
1736;1180.87842
1737;1177.87842
1738;1222.87842
1739;1273.87842
1740;1016.14349
1741;1012.14349
1742;969.143494
1743;958.143494
1744;939.558167
1745;933.558167
1746;891.558167
1747;741.558167
1748;705.593628
1749;691.593628
1750;704.593628
1751;702.593628
1752;755.911743
1753;743.911743
1754;758.911743
1755;841.911743
1756;1239.8092
1757;1331.8092
1758;1398.8092
1759;1354.8092
1760;1431.31702
1761;1400.31702
1762;1381.31702
1763;1399.31702
1764;1467.87756
1765;1412.87756
1766;1412.87756
1767;1423.87756
1768;1055.41064
1769;890.410706
1770;851.410706
1771;846.410706
1772;761.379089
1773;751.379089
1774;720.379089
1775;696.379089
1776;836.041931
1777;820.041931
1778;826.041931
1779;793.041931
1780;546.59198
1781;500.591949
1782;480.591949
1783;458.591949
1784;473.095886
1785;453.095886
1786;482.095886
1787;451.095886
1788;358.888367
1789;310.888367
1790;262.888397
1791;255.888397
1792;221.360626
1793;221.360626
1794;219.360626
1795;223.360626
1796;302.128235
1797;296.128235
1798;294.128235
1799;292.128235
1800;648.597595
1801;649.597595
1802;651.597595
1803;646.597595
1804;602.065979
1805;603.065979
1806;603.065979
1807;602.065979
1808;473.928864
1809;475.928864
1810;475.928864
1811;475.928864
1812;377.663513
1813;378.663513
1814;379.663513
1815;379.663513
1816;487.537201
1817;487.537201
1818;487.537201
1819;491.537201
1820;643.105835
1821;644.105835
1822;643.105835
1823;643.105835
1824;364.20932
1825;368.20932
1826;374.20932
1827;460.20932
1828;504.715759
1829;788.715759
1830;810.715759
1831;864.715759
1832;871.249756
1833;889.249756
1834;919.249756
1835;828.249756
1836;812.339417
1837;799.339417
1838;814.339417
1839;831.339417
1840;708.745178
1841;693.745178
1842;723.745178
1843;712.745178
1844;618.145264
1845;621.145264
1846;640.145264
1847;659.145264
1848;742.561951
1849;747.561951
1850;737.561951
1851;787.561951
1852;1332.44299
1853;1401.44299
1854;1410.44299
1855;1507.44299
1856;1538.87781
1857;1470.87781
1858;1461.87781
1859;1557.87781
1860;1320.26282
1861;1275.26282
1862;1284.26282
1863;1179.26282
1864;1021.42542
1865;950.425415
1866;1011.42542
1867;896.425415
1868;684.592773
1869;616.592773
1870;695.592773
1871;712.592773
1872;867.922119
1873;862.922119
1874;876.922119
1875;931.922119
1876;1256.7793
1877;1319.7793
1878;1299.7793
1879;1216.7793
1880;1189.33801
1881;1190.33801
1882;1311.33801
1883;1323.33801
1884;1176.93982
1885;1094.93982
1886;967.939697
1887;921.939697
1888;920.090576
1889;908.090576
1890;862.090576
1891;912.090576
1892;907.356995
1893;897.356995
1894;877.356995
1895;884.356995
1896;1307.98706
1897;1307.98706
1898;1323.98706
1899;1331.98706
1900;1341.89417
1901;1354.89417
1902;1412.89417
1903;1419.89417
1904;1309.58582
1905;1280.58582
1906;1267.58582
1907;1255.58582
1908;1195.13977
1909;1188.13977
1910;1134.13977
1911;1132.13977
1912;1202.01135
1913;1168.01135
1914;1154.01135
1915;1023.01135
1916;1245.8374
1917;1233.8374
1918;1279.8374
1919;1287.8374
1920;905.813965
1921;905.813965
1922;894.813965
1923;875.813965
1924;746.30426
1925;918.30426
1926;889.30426
1927;984.30426
1928;833.199768
1929;911.199768
1930;902.199768
1931;854.199768
1932;738.893066
1933;566.893066
1934;486.893005
1935;468.893005
1936;429.724487
1937;408.724487
1938;364.724487
1939;364.724487
1940;337.656281
1941;308.656281
1942;296.656281
1943;295.656281
1944;365.898407
1945;367.898407
1946;375.898407
1947;375.898407
1948;467.281708
1949;468.281708
1950;429.281708
1951;420.281708
1952;379.440186
1953;384.440186
1954;383.440186
1955;385.440186
1956;480.057098
1957;466.057098
1958;417.057098
1959;417.057098
1960;404.262695
1961;403.262695
1962;400.262695
1963;406.262695
1964;262.483551
1965;256.483551
1966;254.483566
1967;251.483566
1968;361.062225
1969;361.062225
1970;364.062225
1971;362.062225
1972;457.504517
1973;459.504517
1974;456.504517
1975;456.504517
1976;833.960205
1977;833.960205
1978;834.960205
1979;834.960205
1980;559.206299
1981;559.206299
1982;560.206299
1983;561.206299
1984;762.466187
1985;762.466187
1986;761.466187
1987;768.466187
1988;467.069275
1989;468.069275
1990;467.069275
1991;465.069275
1992;368.079987
1993;371.079987
1994;375.079987
1995;455.079987
1996;813.640564
1997;940.640564
1998;949.640564
1999;897.640564
2000;1172.41394
2001;1190.41394
2002;1258.41394
2003;1259.41394
2004;810.380798
2005;816.380798
2006;853.380798
2007;830.380798
2008;1427.02161
2009;1472.02161
2010;1434.02161
2011;1368.02161
2012;847.102295
2013;826.102295
2014;818.102295
2015;812.102295
2016;482.974609
2017;457.974609
2018;434.974609
2019;465.974609
2020;640.208008
2021;653.208008
2022;693.208008
2023;710.208008
2024;635.311829
2025;650.311829
2026;729.311829
2027;855.311829
2028;777.230286
2029;725.230286
2030;724.230286
2031;684.230286
2032;665.359985
2033;598.359985
2034;498.360016
2035;357.360016
2036;298.707275
2037;281.707275
2038;273.707275
2039;268.707275
2040;379.968597
2041;372.968597
2042;379.968597
2043;400.968597
2044;660.391235
2045;754.391235
2046;760.391235
2047;780.391235
2048;756.347839
2049;739.347839
2050;742.347839
2051;719.347839
2052;912.421082
2053;882.421082
2054;898.421082
2055;843.421082
2056;1022.24939
2057;977.24939
2058;951.24939
2059;900.24939
2060;676.960754
2061;665.960754
2062;666.960754
2063;658.960754
2064;525.541321
2065;524.541321
2066;529.541321
2067;561.541321
2068;624.780396
2069;656.780396
2070;720.780396
2071;681.780396
2072;775.955383
2073;783.955383
2074;765.955383
2075;759.955383
2076;693.629944
2077;682.629944
2078;592.629944
2079;568.629944
2080;477.794281
2081;473.794281
2082;478.794281
2083;455.794281
2084;507.406464
2085;477.406464
2086;471.406464
2087;468.406464
2088;833.013672
2089;831.013672
2090;840.013672
2091;869.013672
2092;767.322388
2093;879.322388
2094;888.322388
2095;905.322388
2096;1206.21509
2097;1203.21509
2098;1210.21509
2099;1112.21509
2100;776.156067
2101;797.156067
2102;807.156067
2103;808.156067
2104;1270.49988
2105;1258.49988
2106;1211.49988
2107;1123.49988
2108;1165.32312
2109;1166.32312
2110;1160.32312
2111;1149.32312
2112;741.24231
2113;728.24231
2114;716.24231
2115;722.24231
2116;272.356903
2117;269.356903
2118;223.356903
2119;209.356903
2120;202.026291
2121;199.026291
2122;200.026291
2123;199.026291
2124;200.089844
2125;199.089844
2126;198.089844
2127;198.089844
2128;202.90036
2129;199.90036
2130;198.90036
2131;204.90036
2132;203.142166
2133;199.142166
2134;196.142166
2135;193.142166
2136;313.874084
2137;313.874084
2138;315.874084
2139;316.874084
2140;312.27298
2141;313.27298
2142;311.27298
2143;311.27298
2144;330.023407
2145;329.023407
2146;330.023407
2147;330.023407
2148;265.598999
2149;264.598999
2150;263.598999
2151;264.598999
2152;245.750458
2153;245.750458
2154;246.750458
2155;250.750458
2156;341.998932
2157;342.998932
2158;341.998932
2159;338.998932
2160;738.525024
2161;740.525024
2162;749.525024
2163;813.525024
2164;576.835938
2165;772.835938
2166;811.835938
2167;803.835938
2168;870.680054
2169;853.680054
2170;873.680054
2171;760.680054
2172;759.242859
2173;692.242859
2174;679.242859
2175;666.242859
2176;322.194885
2177;317.194885
2178;309.194885
2179;314.194885
2180;377.306305
2181;375.306305
2182;371.306305
2183;369.306305
2184;367.318726
2185;369.318726
2186;379.318726
2187;455.318726
2188;965.774292
2189;1018.77429
2190;1064.77429
2191;1058.77429
2192;992.639404
2193;913.639404
2194;942.639404
2195;836.639404
2196;539.639648
2197;463.639679
2198;437.639679
2199;424.639679
2200;598.318237
2201;590.318237
2202;595.318237
2203;591.318237
2204;638.815002
2205;634.815002
2206;631.815002
2207;630.815002
2208;659.058105
2209;660.058105
2210;670.058105
2211;740.058105
2212;628.916138
2213;674.916138
2214;724.916138
2215;750.916138
2216;914.456604
2217;853.456604
2218;756.456604
2219;728.456604
2220;417.838531
2221;351.838531
2222;325.838531
2223;310.838531
2224;266.270874
2225;257.270874
2226;261.270874
2227;259.270874
2228;255.435684
2229;249.435684
2230;245.435684
2231;241.435684
2232;251.422577
2233;256.422577
2234;263.422577
2235;308.422577
2236;672.430969
2237;733.430969
2238;745.430969
2239;743.430969
2240;838.0672
2241;813.0672
2242;793.0672
2243;678.0672
2244;456.529694
2245;435.529694
2246;420.529694
2247;397.529694
2248;327.854614
2249;320.854614
2250;322.854614
2251;322.854614
2252;326.375793
2253;324.375793
2254;321.375793
2255;321.375793
2256;625.352234
2257;624.352234
2258;635.352234
2259;678.352234
2260;1037.09949
2261;1134.09949
2262;1136.09949
2263;1125.09949
2264;1029.74707
2265;1011.74707
2266;1014.74707
2267;963.74707
2268;446.77771
2269;380.77771
2270;358.77771
2271;345.77771
2272;319.5979
2273;314.5979
2274;311.5979
2275;312.5979
2276;528.675415
2277;525.675415
2278;523.675415
2279;524.675415
2280;596.083374
2281;597.083374
2282;604.083374
2283;624.083374
2284;683.480042
2285;702.480042
2286;700.480042
2287;714.480042
2288;792.154602
2289;787.154602
2290;760.154602
2291;715.154602
2292;820.881042
2293;812.881042
2294;767.881042
2295;767.881042
2296;966.979675
2297;966.979675
2298;965.979675
2299;969.979675
2300;1067.70471
2301;1061.70471
2302;1058.70471
2303;1056.70471
2304;256.087433
2305;256.087433
2306;259.087433
2307;259.087433
2308;190.661606
2309;189.661606
2310;188.661606
2311;189.661606
2312;186.965439
2313;186.965439
2314;188.965439
2315;187.965439
2316;188.980347
2317;188.980347
2318;190.980347
2319;189.980347
2320;181.292755
2321;180.292755
2322;183.292755
2323;188.292755
2324;189.812103
2325;189.812103
2326;189.812103
2327;187.812103
2328;194.753296
2329;193.753296
2330;198.753296
2331;264.753296
2332;530.087708
2333;615.087708
2334;648.087708
2335;650.087708
2336;762.342224
2337;754.342224
2338;790.342224
2339;777.342224
2340;539.361206
2341;499.361206
2342;480.361206
2343;464.361206
2344;444.89679
2345;435.89679
2346;430.89679
2347;434.89679
2348;280.08609
2349;278.08609
2350;274.08609
2351;268.08609
2352;415.740356
2353;416.740356
2354;419.740356
2355;450.740356
2356;521.495361
2357;537.495361
2358;537.495361
2359;550.495361
2360;528.592346
2361;507.592377
2362;514.592346
2363;511.592377
2364;360.334076
2365;319.334076
2366;312.334076
2367;295.334076
2368;319.023193
2369;301.023193
2370;295.023193
2371;298.023193
2372;317.945068
2373;314.945068
2374;309.945068
2375;308.945068
2376;510.554901
2377;509.554901
2378;514.554871
2379;540.554932
2380;772.172729
2381;778.172729
2382;775.172729
2383;793.172729
2384;797.273376
2385;818.273376
2386;868.273376
2387;786.273376
2388;537.855774
2389;512.855774
2390;450.855774
2391;436.855774
2392;787.716309
2393;781.716309
2394;790.716309
2395;788.716309
2396;550.969116
2397;549.969116
2398;545.969116
2399;544.969116
2400;203.001099
2401;202.001099
2402;206.001099
2403;222.001099
2404;310.99173
2405;334.99173
2406;335.99173
2407;352.99173
2408;356.762329
2409;340.762329
2410;334.762329
2411;339.762329
2412;326.050873
2413;294.050873
2414;238.050873
2415;230.050873
2416;219.457382
2417;220.457382
2418;223.457382
2419;221.457382
2420;219.494232
2421;217.494232
2422;214.494232
2423;213.494232
2424;267.645966
2425;264.645966
2426;267.645966
2427;317.645935
2428;471.43576
2429;497.43576
2430;517.435791
2431;522.435791
2432;597.068298
2433;570.068298
2434;558.068298
2435;544.068298
2436;760.309448
2437;749.309448
2438;704.309448
2439;676.309448
2440;354.661591
2441;356.661591
2442;356.661591
2443;353.661591
2444;294.839722
2445;290.839722
2446;281.839722
2447;277.839722
2448;429.983368
2449;432.983368
2450;435.983368
2451;436.983368
2452;244.383331
2453;237.383331
2454;233.383331
2455;235.383331
2456;233.726379
2457;232.726379
2458;233.726379
2459;232.726379
2460;239.46727
2461;239.46727
2462;238.46727
2463;240.46727
2464;207.907166
2465;205.907166
2466;210.907166
2467;213.907166
2468;292.243713
2469;289.243713
2470;289.243713
2471;286.243713
2472;643.767944
2473;645.767944
2474;645.767944
2475;646.767944
2476;604.074463
2477;601.074463
2478;600.074463
2479;600.074463
2480;472.702484
2481;471.702484
2482;469.702484
2483;470.702484
2484;373.623383
2485;374.623383
2486;374.623383
2487;374.623383
2488;482.561737
2489;480.561737
2490;487.561737
2491;489.561737
2492;641.175354
2493;640.175354
2494;640.175354
2495;638.175354
2496;357.351746
2497;357.351746
2498;362.351746
2499;396.351746
2500;417.032562
2501;445.032562
2502;451.032562
2503;489.032562
2504;499.666565
2505;439.666565
2506;470.666565
2507;477.666565
2508;445.794983
2509;416.794983
2510;338.794983
2511;312.794983
2512;309.253815
2513;323.253815
2514;324.253815
2515;302.253815
2516;265.707275
2517;257.707275
2518;243.707275
2519;242.707275
2520;292.191864
2521;291.191864
2522;294.191864
2523;349.191864
2524;709.022888
2525;749.022888
2526;755.022888
2527;756.022888
2528;801.430664
2529;818.430664
2530;813.430664
2531;782.430664
2532;578.873047
2533;563.873047
2534;501.873016
2535;467.873016
2536;393.379211
2537;404.379211
2538;407.379211
2539;381.379211
2540;244.729416
2541;242.729416
2542;237.729416
2543;236.729416
2544;411.99472
2545;408.99472
2546;411.99472
2547;462.99472
2548;589.165894
2549;636.165894
2550;607.165894
2551;579.165894
2552;573.913879
2553;564.913879
2554;579.913879
2555;581.913879
2556;521.254761
2557;509.25473
2558;431.25473
2559;411.25473
2560;373.29184
2561;381.29184
2562;386.29184
2563;363.29184
2564;404.024933
2565;402.024933
2566;391.024933
2567;389.024933
2568;802.130371
2569;801.130371
2570;803.130371
2571;851.130371
2572;664.793823
2573;669.793823
2574;698.793823
2575;698.793823
2576;555.163574
2577;550.163574
2578;562.163574
2579;563.163574
2580;556.381226
2581;517.381226
2582;457.381226
2583;441.381226
2584;517.264099
2585;528.264038
2586;530.264038
2587;501.264099
2588;912.169861
2589;910.169861
2590;907.169861
2591;903.169861
2592;501.262573
2593;500.262573
2594;504.262573
2595;554.262573
2596;509.696106
2597;530.696106
2598;558.696106
2599;551.696106
2600;457.289185
2601;443.289185
2602;434.289185
2603;426.289185
2604;378.969116
2605;370.969116
2606;334.969116
2607;314.969116
2608;296.101379
2609;323.101379
2610;324.101379
2611;304.101379
2612;231.233109
2613;220.233109
2614;216.233109
2615;216.233109
2616;243.423065
2617;241.423065
2618;246.423065
2619;248.423065
2620;338.808441
2621;334.808441
2622;332.808441
2623;333.808441
2624;306.330322
2625;308.330322
2626;288.330322
2627;303.330322
2628;406.190582
2629;407.190582
2630;407.190582
2631;409.190582
2632;395.935333
2633;396.935333
2634;400.935333
2635;405.935333
2636;259.277161
2637;260.277161
2638;258.277161
2639;257.277161
2640;365.295135
2641;367.295135
2642;370.295135
2643;369.295135
2644;469.374756
2645;465.374756
2646;463.374756
2647;462.374756
2648;840.023315
2649;838.023315
2650;840.023315
2651;839.023315
2652;561.618713
2653;563.618713
2654;564.618713
2655;564.618713
2656;766.87262
2657;767.87262
2658;773.87262
2659;777.87262
2660;476.324066
2661;476.324066
2662;474.324066
2663;471.324066
2664;369.405487
2665;369.405487
2666;373.405487
2667;458.405487
2668;690.086365
2669;751.086365
2670;802.086365
2671;810.086365
2672;1126.96667
2673;1134.96667
2674;1165.96667
2675;1133.96667
2676;609.750122
2677;572.750122
2678;560.750122
2679;537.750122
2680;1143.51611
2681;1156.51611
2682;1157.51611
2683;1129.51611
2684;754.886475
2685;751.886475
2686;742.886475
2687;742.886475
2688;395.752716
2689;393.752716
2690;397.752716
2691;397.752716
2692;474.091919
2693;501.091919
2694;537.091919
2695;535.091919
2696;494.410553
2697;436.410553
2698;395.410553
2699;424.410553
2700;363.58725
2701;333.58725
2702;315.58725
2703;301.58725
2704;290.876831
2705;298.876831
2706;300.876831
2707;274.876831
2708;242.406189
2709;240.406189
2710;236.406189
2711;236.406189
2712;340.811584
2713;338.811584
2714;341.811584
2715;393.811584
2716;562.216553
2717;579.216553
2718;585.216553
2719;641.216553
2720;579.061523
2721;553.061523
2722;558.061523
2723;572.061523
2724;656.481445
2725;623.481445
2726;604.481445
2727;579.481445
2728;796.597046
2729;800.597046
2730;812.597046
2731;781.597046
2732;645.949707
2733;641.949707
2734;635.949707
2735;631.949707
2736;486.845428
2737;485.845428
2738;489.845428
2739;545.845459
2740;470.146942
2741;491.146942
2742;480.146942
2743;511.146973
2744;579.869507
2745;554.869507
2746;599.869507
2747;582.869507
2748;465.000183
2749;424.000183
2750;407.000183
2751;388.000183
2752;304.028198
2753;314.028198
2754;310.028198
2755;295.028198
2756;450.337158
2757;403.337158
2758;439.337158
2759;437.337158
2760;800.434387
2761;799.434387
2762;803.434387
2763;851.434387
2764;698.034363
2765;715.034363
2766;706.034363
2767;782.034363
2768;1055.04846
2769;1008.04852
2770;1049.04846
2771;989.048523
2772;623.028259
2773;594.028259
2774;597.028259
2775;582.028259
2776;1021.51935
2777;1035.51929
2778;1035.51929
2779;1006.51935
2780;1060.43933
2781;1048.43933
2782;1045.43933
2783;1042.43933
2784;640.165527
2785;640.165527
2786;643.165527
2787;679.165527
2788;250.023483
2789;254.023483
2790;215.023483
2791;251.023483
2792;243.806885
2793;247.806885
2794;243.806885
2795;234.806885
2796;230.050247
2797;231.050247
2798;231.050247
2799;232.050247
2800;234.854797
2801;231.854797
2802;237.854797
2803;238.854797
2804;236.146637
2805;231.146637
2806;232.146637
2807;228.146637
2808;346.869598
2809;345.869598
2810;347.869598
2811;345.869598
2812;347.249756
2813;346.249756
2814;350.249756
2815;355.249756
2816;372.972656
2817;331.972656
2818;317.972656
2819;316.972656
2820;251.243683
2821;252.243683
2822;253.243683
2823;254.243683
2824;234.779953
2825;214.779953
2826;243.779953
2827;219.779953
2828;332.867371
2829;329.867371
2830;328.867371
2831;326.867371
2832;719.529846
2833;720.529846
2834;726.529846
2835;815.529846
2836;383.5
2837;583.5
2838;732.5
2839;739.5
2840;864.875977
2841;902.875977
2842;1059.87598
2843;948.875977
2844;1145.17395
2845;1059.17395
2846;1081.17395
2847;1162.17395
2848;848.379761
2849;810.379761
2850;820.379761
2851;763.379761
2852;729.024414
2853;748.024414
2854;789.024414
2855;798.024414
2856;796.486328
2857;805.486328
2858;805.486328
2859;888.486328
2860;1242.98499
2861;1280.98499
2862;1166.98499
2863;1216.98499
2864;1165.84436
2865;1141.84436
2866;1178.84436
2867;1263.84436
2868;1132.84277
2869;1072.84277
2870;1081.84277
2871;1072.84277
2872;1243.71582
2873;1277.71582
2874;1227.71582
2875;1191.71582
2876;1194.36499
2877;1183.36499
2878;1094.36499
2879;1107.36499
2880;1152.76355
2881;1146.76355
2882;1132.76355
2883;1225.76355
2884;1200.86206
2885;1276.86206
2886;1274.86206
2887;1317.86206
2888;1275.53613
2889;1257.53613
2890;1340.53613
2891;1189.53613
2892;1062.00964
2893;1033.00964
2894;980.009705
2895;870.009705
2896;724.420959
2897;651.420959
2898;672.420959
2899;651.420959
2900;571.405762
2901;527.405762
2902;498.405792
2903;512.405762
2904;485.446808
2905;419.446808
2906;467.446808
2907;518.446777
2908;764.43219
2909;842.43219
2910;858.43219
2911;809.43219
2912;917.24231
2913;982.24231
2914;1081.24231
2915;1167.24231
2916;1032.42126
2917;994.421265
2918;930.421265
2919;889.421265
2920;770.402283
2921;756.402283
2922;714.402283
2923;663.402283
2924;614.67157
2925;630.67157
2926;642.67157
2927;659.67157
2928;948.21936
2929;965.21936
2930;924.21936
2931;1007.21936
2932;1494.55298
2933;1498.55298
2934;1556.55298
2935;1599.55298
2936;1628.60559
2937;1566.60559
2938;1662.60559
2939;1636.60559
2940;1123.71667
2941;998.716675
2942;913.716675
2943;869.716675
2944;738.974976
2945;687.974976
2946;683.974976
2947;653.974976
2948;826.588562
2949;850.588562
2950;817.588562
2951;726.588562
2952;736.368225
2953;744.368225
2954;737.368225
2955;650.368225
2956;589.18457
2957;538.18457
2958;534.18457
2959;569.18457
2960;672.132141
2961;674.132141
2962;675.132141
2963;664.132141
2964;766.089478
2965;765.089478
2966;766.089478
2967;766.089478
2968;965.324036
2969;965.324036
2970;969.324036
2971;968.324036
2972;1065.07935
2973;1063.07935
2974;1063.07935
2975;1060.07935
2976;255.694321
2977;254.694321
2978;257.694305
2979;258.694305
2980;196.173233
2981;191.173233
2982;191.173233
2983;190.173233
2984;188.747299
2985;187.747299
2986;187.747299
2987;188.747299
2988;187.786514
2989;187.786514
2990;186.786514
2991;187.786514
2992;181.303757
2993;186.303757
2994;190.303757
2995;191.303757
2996;191.693954
2997;189.693954
2998;190.693954
2999;188.693954
3000;198.266602
3001;201.266602
3002;206.266602
3003;299.266602
3004;636.391724
3005;891.391724
3006;949.391724
3007;985.391724
3008;1092.93335
3009;1132.93335
3010;1156.93335
3011;1085.93335
3012;1022.64905
3013;1000.64905
3014;1079.64905
3015;998.649048
3016;971.826965
3017;995.826965
3018;942.826965
3019;750.826965
3020;490.139923
3021;512.139954
3022;520.139954
3023;522.139954
3024;660.561401
3025;693.561401
3026;724.561401
3027;789.561401
3028;1011.65448
3029;1173.65442
3030;1268.65442
3031;1238.65442
3032;1311.72095
3033;1296.72095
3034;1310.72095
3035;1329.72095
3036;1209.49341
3037;1224.49341
3038;1172.49341
3039;1095.49341
3040;1050.2146
3041;1113.2146
3042;1097.2146
3043;892.2146
3044;756.532104
3045;746.532104
3046;718.532104
3047;716.532104
3048;915.229492
3049;911.229492
3050;922.229492
3051;984.229492
3052;1440.92908
3053;1557.92908
3054;1680.92908
3055;1643.92908
3056;1629.08997
3057;1590.08997
3058;1591.08997
3059;1630.08997
3060;1462.13965
3061;1461.13965
3062;1415.13965
3063;1402.13965
3064;1596.86157
3065;1621.86157
3066;1636.86157
3067;1496.86157
3068;1146.36365
3069;1117.36365
3070;1096.36365
3071;1087.36365
3072;747.782104
3073;734.782104
3074;743.782104
3075;776.782104
3076;1156.6792
3077;1218.6792
3078;1299.6792
3079;1300.6792
3080;1359.3717
3081;1277.3717
3082;1333.3717
3083;1409.3717
3084;1224.68835
3085;1222.68835
3086;1250.68835
3087;1177.68835
3088;1094.95837
3089;1113.95837
3090;1103.95837
3091;995.958313
3092;843.969055
3093;805.969055
3094;768.969055
3095;746.969055
3096;800.583313
3097;793.583313
3098;793.583313
3099;828.583313
3100;1153.03418
3101;1351.03418
3102;1255.03418
3103;1276.03418
3104;1249.90356
3105;1233.90356
3106;1198.90356
3107;1161.90356
3108;1353.40344
3109;1329.40344
3110;1403.40344
3111;1412.40344
3112;1098.72522
3113;1124.72522
3114;962.72522
3115;800.72522
3116;705.893433
3117;704.893433
3118;661.893433
3119;611.893433
3120;762.958923
3121;731.958923
3122;672.958923
3123;563.958923
3124;560.32373
3125;668.32373
3126;704.32373
3127;699.32373
3128;691.095215
3129;649.095215
3130;582.095215
3131;535.095215
3132;333.174469
3133;287.174469
3134;244.1745
3135;246.1745
3136;214.596619
3137;216.596619
3138;220.596619
3139;218.596619
3140;289.211243
3141;286.211243
3142;285.211243
3143;284.211243
3144;628.115967
3145;628.115967
3146;630.115967
3147;630.115967
3148;591.877014
3149;584.877014
3150;582.877014
3151;583.877014
3152;457.045197
3153;456.045197
3154;458.045197
3155;458.045197
3156;362.463013
3157;362.463013
3158;362.463013
3159;363.463013
3160;469.300903
3161;475.300903
3162;476.300903
3163;476.300903
3164;623.631897
3165;626.631897
3166;629.631897
3167;628.631897
3168;354.553741
3169;362.553741
3170;368.553741
3171;480.553741
3172;690.899414
3173;892.899414
3174;894.899414
3175;938.899414
3176;705.486694
3177;927.486694
3178;910.486694
3179;1012.48669
3180;934.66925
3181;951.66925
3182;940.66925
3183;909.66925
3184;922.00293
3185;1005.00293
3186;941.00293
3187;870.00293
3188;712.805054
3189;705.805054
3190;687.805054
3191;682.805054
3192;711.666931
3193;704.666931
3194;722.666931
3195;805.666931
3196;1360.75342
3197;1454.75342
3198;1449.75342
3199;1466.75342
3200;1539.87012
3201;1591.87012
3202;1630.87012
3203;1573.87012
3204;1373.14661
3205;1342.14661
3206;1422.14661
3207;1380.14661
3208;1279.62146
3209;1292.62146
3210;1256.62146
3211;1186.62146
3212;854.774048
3213;778.774048
3214;693.774048
3215;687.774048
3216;839.510376
3217;840.510376
3218;856.510376
3219;942.510376
3220;1261.14844
3221;1326.14844
3222;1413.14844
3223;1445.14844
3224;1420.81177
3225;1456.81177
3226;1524.81177
3227;1504.81177
3228;1329.5885
3229;1370.5885
3230;1358.5885
3231;1357.5885
3232;1262.59082
3233;1313.59082
3234;1240.59082
3235;1041.59082
3236;1003.92267
3237;893.922668
3238;800.922668
3239;795.922668
3240;1183.55273
3241;1180.55273
3242;1189.55273
3243;1276.55273
3244;1407.50073
3245;1438.50073
3246;1482.50073
3247;1473.50073
3248;1360.70667
3249;1351.70667
3250;1272.70667
3251;1332.70667
3252;1217.16467
3253;1295.16467
3254;1303.16467
3255;1281.16467
3256;1377.67554
3257;1355.67554
3258;1300.67554
3259;1116.67554
3260;1452.57385
3261;1373.57385
3262;1347.57385
3263;1339.57385
3264;973.662231
3265;982.662231
3266;973.662231
3267;1042.66211
3268;1216.29382
3269;1285.29382
3270;1329.29382
3271;1336.29382
3272;1252.74963
3273;1249.74963
3274;1253.74963
3275;1323.74963
3276;1143.63696
3277;1160.63696
3278;1215.63696
3279;1190.63696
3280;1078.27124
3281;1036.27124
3282;895.27124
3283;790.27124
3284;693.351379
3285;660.351379
3286;618.351379
3287;630.351379
3288;642.659607
3289;585.659607
3290;508.659637
3291;529.659607
3292;822.267517
3293;802.267517
3294;765.267517
3295;720.267517
3296;674.922791
3297;767.922791
3298;729.922791
3299;685.922791
3300;749.981689
3301;554.981689
3302;401.981628
3303;403.981628
3304;390.845398
3305;398.845398
3306;396.845398
3307;394.845398
3308;254.554337
3309;253.554337
3310;250.554337
3311;248.554337
3312;354.703522
3313;353.703522
3314;355.703522
3315;354.703522
3316;455.768066
3317;450.768066
3318;448.768066
3319;449.768066
3320;813.787292
3321;812.787292
3322;815.787292
3323;816.787292
3324;550.112488
3325;547.112488
3326;548.112488
3327;549.112488
3328;743.901733
3329;753.901733
3330;752.901733
3331;752.901733
3332;460.898804
3333;456.898804
3334;454.898804
3335;429.898804
3336;356.70517
3337;359.70517
3338;364.70517
3339;432.70517
3340;866.261902
3341;1133.26184
3342;1078.26184
3343;1130.26184
3344;1469.42249
3345;1536.42249
3346;1676.42249
3347;1521.42249
3348;1124.71204
3349;1270.71204
3350;1368.71204
3351;1365.71204
3352;1942.20276
3353;2037.20276
3354;1934.20276
3355;1771.20276
3356;1160.04224
3357;1147.04224
3358;1136.04224
3359;1118.04224
3360;815.42511
3361;779.42511
3362;790.42511
3363;843.42511
3364;1259.26611
3365;1249.26611
3366;1330.26611
3367;1246.26611
3368;1351.73523
3369;1247.73523
3370;1380.73523
3371;1272.73523
3372;1188.51697
3373;1276.51697
3374;1260.51697
3375;1248.51697
3376;1168.67065
3377;1253.67065
3378;1113.67065
3379;843.670715
3380;689.18512
3381;685.18512
3382;657.18512
3383;663.18512
3384;766.52948
3385;764.52948
3386;775.52948
3387;839.52948
3388;1228.10181
3389;1420.10181
3390;1477.10181
3391;1423.10181
3392;1357.05542
3393;1380.05542
3394;1451.05542
3395;1377.05542
3396;1451.90076
3397;1556.90076
3398;1479.90076
3399;1480.90076
3400;1684.9729
3401;1684.9729
3402;1586.9729
3403;1376.9729
3404;1078.99487
3405;1071.99487
3406;1051.99487
3407;1039.99487
3408;903.655457
3409;903.655457
3410;901.655457
3411;983.655457
3412;1145.87512
3413;1127.87512
3414;1208.87512
3415;1186.87512
3416;1310.08875
3417;1255.08875
3418;1293.08875
3419;1324.08875
3420;1224.67712
3421;1238.67712
3422;1242.67712
3423;1258.67712
3424;1153.77856
3425;1096.77856
3426;1067.77856
3427;912.778625
3428;962.858643
3429;920.858643
3430;896.858643
3431;887.858643
3432;1235.9303
3433;1234.9303
3434;1240.9303
3435;1310.9303
3436;1385.63416
3437;1486.63416
3438;1450.63416
3439;1420.63416
3440;1685.47546
3441;1683.47546
3442;1751.47546
3443;1710.47546
3444;1333.2738
3445;1241.2738
3446;1300.2738
3447;1234.2738
3448;1667.05725
3449;1559.05725
3450;1514.05725
3451;1370.05725
3452;1400.68872
3453;1378.68872
3454;1327.68872
3455;1324.68872
3456;936.45752
3457;915.45752
3458;894.45752
3459;684.45752
3460;208.442734
3461;215.442734
3462;208.442734
3463;234.442734
3464;239.518448
3465;235.518448
3466;234.518448
3467;232.518448
3468;226.75293
3469;182.75293
3470;181.75293
3471;181.75293
3472;180.51413
3473;189.51413
3474;189.51413
3475;188.51413
3476;185.857727
3477;182.857727
3478;186.857727
3479;180.857727
3480;296.269745
3481;299.269745
3482;301.269745
3483;300.269745
3484;305.493439
3485;299.493439
3486;295.493439
3487;294.493439
3488;311.702301
3489;312.702301
3490;314.702301
3491;313.702301
3492;250.15712
3493;250.15712
3494;251.15712
3495;251.15712
3496;235.850159
3497;243.850159
3498;242.850159
3499;240.850159
3500;328.562042
3501;325.562042
3502;325.562042
3503;325.562042
3504;707.747803
3505;710.747803
3506;717.747803
3507;810.747803
3508;557.339417
3509;780.339417
3510;854.339417
3511;896.339417
3512;929.499939
3513;906.499939
3514;964.499939
3515;934.499939
3516;1294.81042
3517;1345.81042
3518;1384.81042
3519;1361.81042
3520;1039.65027
3521;1096.65027
3522;973.650208
3523;816.650208
3524;692.542419
3525;729.542419
3526;725.542419
3527;662.542419
3528;671.858093
3529;670.858093
3530;774.858093
3531;860.858093
3532;1309.27698
3533;1391.27698
3534;1448.27698
3535;1463.27698
3536;1435.74182
3537;1443.74182
3538;1520.74182
3539;1493.74182
3540;1363.22888
3541;1406.22888
3542;1467.22888
3543;1428.22888
3544;1589.29956
3545;1612.29956
3546;1557.29956
3547;1337.29956
3548;1201.42896
3549;1113.42896
3550;1105.42896
3551;1102.42896
3552;1137.00623
3553;1136.00623
3554;1157.00623
3555;1239.00623
3556;1284.42224
3557;1355.42224
3558;1413.42224
3559;1392.42224
3560;1420.93872
3561;1343.93872
3562;1430.93872
3563;1470.93872
3564;1353.08447
3565;1412.08447
3566;1321.08447
3567;1232.08447
3568;1277.21899
3569;1363.21899
3570;1267.21899
3571;988.218994
3572;871.19928
3573;822.19928
3574;765.19928
3575;790.19928
3576;752.913574
3577;694.913574
3578;739.913574
3579;741.913574
3580;1165.72668
3581;1266.72668
3582;1367.72668
3583;1371.72668
3584;1445.41565
3585;1389.41565
3586;1460.41565
3587;1496.41565
3588;1396.05408
3589;1405.05408
3590;1337.05408
3591;1392.05408
3592;1329.604
3593;1322.604
3594;1211.604
3595;944.604004
3596;784.604492
3597;767.604492
3598;762.604492
3599;782.604492
3600;1050.82581
3601;1078.82581
3602;1059.82581
3603;1152.82581
3604;1626.64832
3605;1680.64832
3606;1742.64832
3607;1784.64832
3608;1710.52783
3609;1567.52783
3610;1573.52783
3611;1580.52783
3612;1157.15479
3613;1223.15479
3614;1261.15479
3615;1183.15479
3616;1046.93225
3617;880.932312
3618;798.932312
3619;718.932312
3620;885.289307
3621;828.289307
3622;806.289307
3623;799.289307
3624;855.632507
3625;854.632507
3626;853.632507
3627;753.632507
3628;556.400513
3629;551.400513
3630;542.400513
3631;538.400513
3632;623.520874
3633;621.520874
3634;620.520874
3635;616.520874
3636;754.158997
3637;751.158997
3638;749.158997
3639;750.158997
3640;941.799927
3641;945.799927
3642;944.799927
3643;943.799927
3644;1034.82239
3645;1035.82239
3646;1034.82239
3647;1032.82239
3648;254.218597
3649;255.218597
3650;257.218597
3651;257.218597
3652;196.451782
3653;193.451782
3654;191.451782
3655;189.451782
3656;188.796021
3657;196.796021
3658;196.796021
3659;196.796021
3660;193.819016
3661;194.819016
3662;195.819016
3663;196.819016
3664;192.263092
3665;196.263092
3666;195.263092
3667;196.263092
3668;199.548645
3669;194.548645
3670;192.548645
3671;194.548645
3672;202.033035
3673;206.033035
3674;212.033035
3675;311.03302
3676;750.128296
3677;964.128296
3678;1014.1283
3679;997.128296
3680;1132.53162
3681;1161.53162
3682;1282.53162
3683;1215.53162
3684;1242.64392
3685;1209.64392
3686;1256.64392
3687;1259.64392
3688;1166.99524
3689;880.9953
3690;832.9953
3691;836.9953
3692;680.267029
3693;678.267029
3694;670.267029
3695;663.267029
3696;851.934204
3697;1149.9342
3698;1470.9342
3699;1431.9342
3700;1391.81824
3701;1414.81824
3702;1318.81824
3703;1452.81824
3704;1299.45581
3705;1288.45581
3706;1235.45581
3707;1195.45581
3708;1064.94324
3709;955.943298
3710;1139.94324
3711;1096.94324
3712;1028.83191
3713;788.831909
3714;745.831909
3715;742.831909
3716;756.925476
3717;742.925476
3718;750.925476
3719;755.925476
3720;957.5401
3721;1164.54004
3722;1442.54004
3723;1596.54004
3724;1713.19299
3725;1686.19299
3726;1616.19299
3727;1660.19299
3728;1660.77673
3729;1621.77673
3730;1602.77673
3731;1700.77673
3732;1510.70264
3733;1440.70264
3734;1394.70264
3735;1379.70264
3736;1579.39294
3737;1380.39294
3738;1269.39294
3739;1254.39294
3740;1034.9187
3741;1043.91882
3742;1030.9187
3743;1027.9187
3744;716.344666
3745;965.344666
3746;1300.34473
3747;1418.34473
3748;1433.30042
3749;1384.30042
3750;1338.30042
3751;1392.30042
3752;1369.03235
3753;1315.03235
3754;1124.03235
3755;1150.03235
3756;1079.46008
3757;876.460083
3758;823.460083
3759;875.460083
3760;906.802795
3761;788.802795
3762;733.802795
3763;632.802795
3764;642.865112
3765;626.865112
3766;630.865112
3767;659.865112
3768;765.415466
3769;1082.41553
3770;1180.41553
3771;1263.41553
3772;1338.97815
3773;1285.97815
3774;1236.97815
3775;1217.97815
3776;1293.6698
3777;1273.6698
3778;1178.6698
3779;1169.6698
3780;1332.06567
3781;1335.06567
3782;1216.06567
3783;1086.06567
3784;717.434875
3785;661.434875
3786;643.434875
3787;636.434875
3788;579.600281
3789;594.600281
3790;592.600281
3791;530.600281
3792;632.166931
3793;499.166931
3794;495.166931
3795;486.166931
3796;300.246826
3797;299.246826
3798;303.246826
3799;305.246826
3800;295.583588
3801;293.583588
3802;287.583588
3803;253.583588
3804;237.749039
3805;239.749039
3806;246.749039
3807;244.749039
3808;211.827057
3809;211.827057
3810;210.827057
3811;209.827057
3812;283.11441
3813;280.11441
3814;279.11441
3815;281.11441
3816;629.865784
3817;630.865784
3818;632.865784
3819;628.865784
3820;586.888184
3821;585.888184
3822;583.888184
3823;583.888184
3824;460.014832
3825;461.014832
3826;460.014832
3827;462.014832
3828;367.333893
3829;369.333893
3830;375.333893
3831;372.333893
3832;478.183807
3833;480.183807
3834;478.183807
3835;476.183807
3836;623.484741
3837;622.484741
3838;629.484741
3839;629.484741
3840;368.274811
3841;558.274841
3842;912.274841
3843;981.274841
3844;905.543518
3845;948.543518
3846;943.543518
3847;1050.54346
3848;1091.13257
3849;1097.13257
3850;1050.13257
3851;1056.13257
3852;1037.33606
3853;1009.33612
3854;1169.33606
3855;1141.33606
3856;1058.66504
3857;750.665039
3858;707.665039
3859;711.665039
3860;690.404175
3861;685.404175
3862;680.404175
3863;669.404175
3864;781.252075
3865;1078.25208
3866;1264.25208
3867;1276.25208
3868;1407.49719
3869;1542.49719
3870;1411.49719
3871;1483.49719
3872;1609.39417
3873;1580.39417
3874;1522.39417
3875;1485.39417
3876;1392.68237
3877;1376.68237
3878;1338.68237
3879;1278.68237
3880;1106.69714
3881;873.697205
3882;836.697205
3883;823.697205
3884;723.585327
3885;677.585327
3886;678.585327
3887;676.585327
3888;864.128479
3889;1052.12842
3890;1319.12842
3891;1390.12842
3892;1427.1001
3893;1435.1001
3894;1345.1001
3895;1401.1001
3896;1388.97424
3897;1400.97424
3898;1430.97424
3899;1388.97424
3900;1374.79517
3901;1328.79517
3902;1398.79517
3903;1353.79517
3904;1190.29492
3905;821.2948
3906;793.2948
3907;780.2948
3908;842.89032
3909;835.89032
3910;821.89032
3911;823.89032
3912;1268.547
3913;1554.547
3914;1720.547
3915;1780.547
3916;1552.49377
3917;1611.49377
3918;1512.49377
3919;1558.49377
3920;1426.75635
3921;1413.75635
3922;1430.75635
3923;1333.75635
3924;1339.25806
3925;1254.25806
3926;1238.25806
3927;1254.25806
3928;1182.80774
3929;1026.80774
3930;940.8078
3931;903.8078
3932;1324.71802
3933;1331.71802
3934;1313.71802
3935;1313.71802
3936;969.772888
3937;1260.77283
3938;1351.77283
3939;1422.77283
3940;1199.40063
3941;1208.40063
3942;1193.40063
3943;1263.40063
3944;1197.84924
3945;1111.84924
3946;1179.84924
3947;1129.84924
3948;1105.66406
3949;1018.664
3950;1050.66406
3951;880.664001
3952;808.291199
3953;572.291199
3954;477.291199
3955;586.291199
3956;573.406982
3957;574.406982
3958;535.406982
3959;523.406982
3960;557.801514
3961;606.801514
3962;666.801514
3963;677.801514
3964;690.529602
3965;549.529602
3966;525.529602
3967;489.529633
3968;427.25946
3969;420.25946
3970;417.25946
3971;412.25946
3972;508.682617
3973;479.682617
3974;457.682617
3975;456.682617
3976;442.242981
3977;443.242981
3978;443.242981
3979;441.242981
3980;297.63974
3981;294.63974
3982;293.63974
3983;293.63974
3984;401.60553
3985;405.60553
3986;406.60553
3987;399.60553
3988;496.86557
3989;495.86557
3990;494.86557
3991;495.86557
3992;862.983704
3993;861.983704
3994;863.983704
3995;861.983704
3996;593.144287
3997;595.144287
3998;599.144287
3999;600.144287
4000;795.676575
4001;793.676575
4002;794.676575
4003;793.676575
4004;501.375885
4005;499.375885
4006;498.375885
4007;499.375885
4008;401.448334
4009;415.448334
4010;448.448334
4011;436.448334
4012;539.071716
4013;539.071716
4014;539.071716
4015;542.071716
4016;844.625671
4017;842.625671
4018;843.625671
4019;841.625671
4020;460.993774
4021;459.993774
4022;467.993774
4023;467.993774
4024;1069.56934
4025;1068.56934
4026;1042.56934
4027;1038.56934
4028;703.502136
4029;701.502136
4030;700.502136
4031;700.502136
4032;367.997498
4033;385.997498
4034;640.997437
4035;934.997437
4036;873.815186
4037;797.815186
4038;931.815186
4039;854.815186
4040;971.204712
4041;981.204712
4042;978.204712
4043;1001.20471
4044;975.032349
4045;963.032349
4046;932.032349
4047;936.032349
4048;993.179504
4049;913.179504
4050;831.179504
4051;739.179504
4052;730.682312
4053;706.682312
4054;716.682312
4055;722.682312
4056;811.994507
4057;820.994507
4058;1076.99451
4059;1236.99451
4060;1343.41968
4061;1303.41968
4062;1367.41968
4063;1247.41968
4064;1348.95776
4065;1362.95776
4066;1251.95776
4067;1227.95776
4068;1366.625
4069;1372.625
4070;1276.625
4071;1324.625
4072;1434.52283
4073;1387.52283
4074;1267.52283
4075;1179.52283
4076;1067.7771
4077;1097.7771
4078;1082.7771
4079;1082.7771
4080;962.56488
4081;998.56488
4082;1255.56482
4083;1379.56482
4084;1217.08679
4085;1235.08679
4086;1307.08679
4087;1237.08679
4088;1382.75146
4089;1406.75146
4090;1365.75146
4091;1418.75146
4092;1359.10486
4093;1310.10486
4094;1210.10486
4095;1298.10486
4096;1195.01929
4097;1128.01929
4098;965.019348
4099;791.019348
4100;904.920044
4101;904.920044
4102;912.920044
4103;932.920044
4104;1270.76367
4105;1304.76367
4106;1653.76367
4107;1846.76367
4108;1602.35229
4109;1580.35229
4110;1601.35229
4111;1506.35229
4112;1909.33606
4113;1868.33606
4114;1816.33606
4115;1693.33606
4116;1342.16895
4117;1338.16895
4118;1228.16895
4119;1285.16895
4120;1522.91455
4121;1434.91455
4122;1399.91455
4123;1362.91455
4124;1427.59473
4125;1409.59473
4126;1411.59473
4127;1275.59473
4128;718.417419
4129;706.417419
4130;666.417419
4131;645.417419
4132;211.538696
4133;209.538696
4134;210.538696
4135;210.538696
4136;197.738998
4137;196.738998
4138;194.738998
4139;193.738998
4140;196.007996
4141;203.007996
4142;209.007996
4143;205.007996
4144;204.731903
4145;206.731903
4146;204.731903
4147;202.731903
4148;199.037872
4149;200.037872
4150;196.037872
4151;195.037872
4152;312.432068
4153;312.432068
4154;314.432068
4155;312.432068
4156;312.636536
4157;312.636536
4158;311.636536
4159;311.636536
4160;329.460938
4161;332.460938
4162;335.460938
4163;332.460938
4164;266.275146
4165;277.275146
4166;279.275146
4167;276.275146
4168;253.30722
4169;255.30722
4170;252.30722
4171;249.30722
4172;336.842072
4173;334.842072
4174;334.842072
4175;342.842072
4176;723.457092
4177;742.457092
4178;1014.45709
4179;1393.45715
4180;953.252075
4181;1101.25208
4182;914.252075
4183;856.252075
4184;1000.85419
4185;1079.85425
4186;941.854187
4187;888.854187
4188;1250.27747
4189;1257.27747
4190;1214.27747
4191;1363.27747
4192;1101.09631
4193;958.09613
4194;807.09613
4195;684.09613
4196;738.7323
4197;790.7323
4198;676.7323
4199;635.7323
4200;620.810425
4201;703.810425
4202;1001.81042
4203;1214.81042
4204;1435.88684
4205;1377.88684
4206;1513.88684
4207;1430.88684
4208;1462.55884
4209;1460.55884
4210;1308.55884
4211;1307.55884
4212;1273.09619
4213;1297.09619
4214;1248.09619
4215;1324.09619
4216;1408.27515
4217;1332.27515
4218;1103.27515
4219;1021.27521
4220;1059.52734
4221;1071.52734
4222;1052.52734
4223;1050.52734
4224;1083.29077
4225;1119.29077
4226;1337.29077
4227;1571.29077
4228;1310.59326
4229;1359.59326
4230;1374.59326
4231;1347.59326
4232;1405.92566
4233;1298.92566
4234;1145.92566
4235;1050.92566
4236;1047.05566
4237;1092.05566
4238;1087.05566
4239;1172.05566
4240;1151.22156
4241;1003.22156
4242;782.221558
4243;699.221558
4244;714.23291
4245;702.23291
4246;708.23291
4247;691.23291
4248;716.962708
4249;752.962708
4250;1088.96265
4251;1293.96265
4252;1375.7876
4253;1302.7876
4254;1312.7876
4255;1256.7876
4256;1437.04297
4257;1469.04297
4258;1369.04297
4259;1282.04297
4260;1261.47534
4261;1291.47534
4262;1193.47534
4263;1262.47534
4264;1175.01111
4265;1051.01111
4266;793.011047
4267;755.011047
4268;742.868042
4269;738.868042
4270;723.868042
4271;703.868042
4272;973.062561
4273;1025.0625
4274;1350.0625
4275;1561.0625
4276;1675.93958
4277;1722.93958
4278;1720.93958
4279;1633.93958
4280;1607.36206
4281;1600.36206
4282;1556.36206
4283;1599.36206
4284;1190.84607
4285;1197.84607
4286;1071.84607
4287;1003.84613
4288;967.002075
4289;781.002075
4290;677.002075
4291;661.002075
4292;858.83313
4293;813.83313
4294;789.83313
4295;770.83313
4296;761.599609
4297;665.599609
4298;612.599609
4299;572.599609
4300;558.228149
4301;607.228149
4302;602.228149
4303;605.228149
4304;691.393188
4305;657.393188
4306;635.393188
4307;629.393188
4308;762.986755
4309;760.986755
4310;764.986755
4311;762.986755
4312;950.648193
4313;951.648193
4314;951.648193
4315;948.648193
4316;1038.70557
4317;1036.70557
4318;1034.70557
4319;1036.70557
4320;258.146851
4321;262.146851
4322;263.146851
4323;259.146851
4324;194.373016
4325;192.373016
4326;194.373016
4327;193.373016
4328;191.705856
4329;192.705856
4330;194.705856
4331;193.705856
4332;192.755386
4333;200.755386
4334;204.755386
4335;203.755386
4336;196.287155
4337;194.287155
4338;197.287155
4339;192.287155
4340;193.701447
4341;194.701447
4342;193.701447
4343;198.701447
4344;204.27182
4345;224.27182
4346;424.27182
4347;747.271851
4348;945.402893
4349;941.402893
4350;957.402893
4351;926.402893
4352;1123.69861
4353;1151.69861
4354;1188.69861
4355;1092.69861
4356;1093.93616
4357;1203.93616
4358;1171.93616
4359;1254.93616
4360;1223.89697
4361;1112.89697
4362;887.896912
4363;844.896912
4364;686.339722
4365;678.339722
4366;699.339722
4367;689.339722
4368;846.111389
4369;875.111389
4370;1186.11145
4371;1422.11145
4372;1372.51453
4373;1355.51453
4374;1430.51453
4375;1300.51453
4376;1359.21484
4377;1380.21484
4378;1295.21484
4379;1352.21484
4380;1279.09119
4381;1239.09119
4382;1136.09119
4383;1115.09119
4384;1193.46045
4385;1126.46045
4386;883.460571
4387;754.460571
4388;738.124084
4389;731.124084
4390;732.124084
4391;699.124084
4392;912.074707
4393;953.074707
4394;1265.07471
4395;1409.07471
4396;1559.76172
4397;1633.76172
4398;1600.76172
4399;1543.76172
4400;1594.58411
4401;1651.58411
4402;1606.58411
4403;1668.58411
4404;1432.64478
4405;1431.64478
4406;1319.64478
4407;1266.64478
4408;1699.41467
4409;1635.41467
4410;1541.41467
4411;1342.41467
4412;1093.97241
4413;1083.97241
4414;1072.97241
4415;1081.97241
4416;742.457825
4417;795.457825
4418;1094.45776
4419;1254.45776
4420;1286.42322
4421;1279.42322
4422;1178.42322
4423;1118.42322
4424;1170.18188
4425;1234.18188
4426;1202.18188
4427;1227.18188
4428;1147.58289
4429;1120.58289
4430;1017.58289
4431;1188.58289
4432;1207.90869
4433;1059.90869
4434;912.90863
4435;800.90863
4436;762.984314
4437;722.984314
4438;604.984314
4439;631.984314
4440;698.635559
4441;730.635559
4442;968.635559
4443;1230.63562
4444;1365.11377
4445;1397.11377
4446;1398.11377
4447;1344.11377
4448;1427.50598
4449;1350.50598
4450;1360.50598
4451;1382.50598
4452;1660.56787
4453;1633.56787
4454;1580.56787
4455;1595.56787
4456;1124.2915
4457;1044.2915
4458;836.291382
4459;758.291382
4460;692.816162
4461;658.816162
4462;612.816162
4463;561.816162
4464;595.04895
4465;517.048889
4466;491.048889
4467;454.048889
4468;240.914917
4469;261.914917
4470;252.914917
4471;251.914917
4472;250.071945
4473;246.071945
4474;245.071945
4475;243.071945
4476;242.736694
4477;243.736694
4478;246.736694
4479;245.736694
4480;217.210236
4481;219.210236
4482;213.210236
4483;213.210236
4484;304.680969
4485;359.680969
4486;290.680969
4487;284.680969
4488;632.822021
4489;631.822021
4490;635.822021
4491;642.822021
4492;609.508545
4493;608.508545
4494;605.508545
4495;604.508545
4496;475.869507
4497;471.869507
4498;472.869507
4499;472.869507
4500;381.577515
4501;383.577515
4502;384.577515
4503;431.577515
4504;682.272766
4505;717.272766
4506;731.272766
4507;800.272766
4508;1181.5188
4509;1216.5188
4510;1252.5188
4511;1334.5188
4512;1070.44617
4513;959.446167
4514;1011.44617
4515;972.446167
4516;766.796326
4517;780.796326
4518;818.796326
4519;837.796326
4520;762.467957
4521;748.467957
4522;730.467957
4523;747.467957
4524;673.739746
4525;659.739746
4526;673.739746
4527;744.739746
4528;976.088013
4529;1084.08801
4530;1232.08801
4531;1233.08801
4532;1276.86414
4533;1204.86414
4534;1201.86414
4535;1241.86414
4536;1243.77625
4537;1193.77625
4538;1150.77625
4539;1176.77625
4540;1322.93396
4541;1356.93396
4542;1348.93396
4543;1234.93396
4544;1148.90564
4545;1115.90564
4546;1048.90564
4547;1042.90564
4548;903.304016
4549;783.304016
4550;945.304016
4551;995.304016
4552;1178.01477
4553;1237.01477
4554;1262.01477
4555;1290.01477
4556;1190.92957
4557;1137.92957
4558;1241.92957
4559;1245.92957
4560;1355.68274
4561;1303.68274
4562;1218.68274
4563;1313.68274
4564;1237.55188
4565;1298.55188
4566;1250.55188
4567;1110.55188
4568;909.283569
4569;896.283569
4570;896.283569
4571;938.283569
4572;862.787415
4573;896.787415
4574;889.787415
4575;899.787415
4576;1100.70764
4577;1170.70764
4578;1270.70764
4579;1247.70764
4580;1360.08032
4581;1320.08032
4582;1461.08032
4583;1354.08032
4584;1751.43591
4585;1730.43591
4586;1717.43591
4587;1747.43591
4588;1386.55469
4589;1419.55469
4590;1397.55469
4591;1253.55469
4592;996.82666
4593;968.82666
4594;1000.82666
4595;998.82666
4596;933.300171
4597;926.300171
4598;915.300171
4599;973.300171
4600;1348.77954
4601;1432.77954
4602;1406.77954
4603;1429.77954
4604;1840.67346
4605;1784.67346
4606;1814.67346
4607;1705.67346
4608;1241.71912
4609;1241.71912
4610;1192.71912
4611;1182.71912
4612;856.315063
4613;802.315063
4614;761.315063
4615;747.315063
4616;696.666077
4617;653.666077
4618;656.666077
4619;655.666077
4620;567.446411
4621;485.446411
4622;336.446411
4623;292.446411
4624;269.125397
4625;242.125381
4626;225.125381
4627;209.125381
4628;203.202698
4629;209.202698
4630;256.202698
4631;262.202698
4632;288.493988
4633;291.493988
4634;294.493988
4635;295.493988
4636;386.249084
4637;387.249084
4638;383.249084
4639;383.249084
4640;355.55603
4641;353.55603
4642;351.55603
4643;352.55603
4644;448.36673
4645;446.36673
4646;447.36673
4647;445.36673
4648;434.543091
4649;434.543091
4650;427.543091
4651;427.543091
4652;286.949005
4653;286.949005
4654;287.949005
4655;284.949005
4656;393.161682
4657;393.161682
4658;397.161682
4659;402.161682
4660;508.378693
4661;506.378693
4662;505.378693
4663;503.378693
4664;867.829956
4665;866.829956
4666;866.829956
4667;867.829956
4668;606.400513
4669;604.400513
4670;604.400513
4671;624.400513
4672;910.493652
4673;866.493652
4674;1042.49377
4675;1277.49377
4676;1134.45129
4677;1020.45123
4678;978.451233
4679;769.451233
4680;660.81958
4681;807.81958
4682;1052.81946
4683;1032.81958
4684;1134.31824
4685;1153.31824
4686;1135.31824
4687;898.318298
4688;1126.51611
4689;1155.51611
4690;1167.51611
4691;1136.51611
4692;706.647888
4693;745.647888
4694;761.647888
4695;835.647888
4696;1738.17029
4697;1839.17029
4698;1888.17029
4699;1956.17029
4700;1648.97034
4701;1585.97034
4702;1580.97034
4703;1639.97034
4704;1225.37122
4705;1275.37122
4706;1284.37122
4707;1304.37122
4708;1135.33398
4709;1064.33398
4710;1067.33398
4711;946.333923
4712;853.758301
4713;775.758301
4714;787.758301
4715;744.758301
4716;726.740723
4717;754.740723
4718;759.740723
4719;834.740723
4720;1073.81775
4721;1097.81775
4722;1227.81775
4723;1215.81775
4724;1208.27832
4725;1046.27832
4726;1119.27832
4727;1199.27832
4728;1306.29919
4729;1282.29919
4730;1311.29919
4731;1235.29919
4732;1188.82751
4733;1221.82751
4734;1248.82751
4735;1126.82751
4736;914.445923
4737;898.445923
4738;844.445923
4739;835.445923
4740;948.621338
4741;902.621338
4742;935.621338
4743;998.621338
4744;1508.11853
4745;1583.11853
4746;1609.11853
4747;1637.11853
4748;1572.46118
4749;1528.46118
4750;1593.46118
4751;1559.46118
4752;1365.62158
4753;1317.62158
4754;1216.62158
4755;1262.62158
4756;1042.47693
4757;927.476929
4758;918.476929
4759;882.476929
4760;840.811584
4761;827.811584
4762;817.811584
4763;856.811584
4764;816.715454
4765;833.715454
4766;801.715454
4767;849.715454
4768;1102.10083
4769;1294.10083
4770;1355.10083
4771;1294.10083
4772;1440.70508
4773;1367.70508
4774;1368.70508
4775;1365.70508
4776;1659.76599
4777;1598.76599
4778;1538.76599
4779;1622.76599
4780;1156.42822
4781;1096.42822
4782;1072.42822
4783;1038.42822
4784;1224.29077
4785;1238.29077
4786;1239.29077
4787;1240.29077
4788;914.177429
4789;902.177429
4790;821.177429
4791;792.177429
4792;1198.05298
4793;1199.05298
4794;1191.05298
4795;1202.05298
4796;1361.66321
4797;1311.66321
4798;1333.66321
4799;1258.66321
4800;747.416565
4801;707.416565
4802;661.416565
4803;659.416565
4804;231.386414
4805;227.386414
4806;228.386414
4807;228.386414
4808;215.474899
4809;212.474899
4810;211.474899
4811;208.474899
4812;202.752548
4813;200.752548
4814;198.752548
4815;199.752548
4816;201.54689
4817;202.54689
4818;193.54689
4819;193.54689
4820;190.839767
4821;191.839767
4822;191.839767
4823;191.839767
4824;306.323273
4825;306.323273
4826;309.323273
4827;314.323273
4828;320.539215
4829;321.539215
4830;321.539215
4831;320.539215
4832;336.199432
4833;336.199432
4834;341.199432
4835;343.199432
4836;250.737488
4837;282.737457
4838;286.737457
4839;355.737457
4840;501.248108
4841;788.248108
4842;880.248108
4843;926.248108
4844;1142.26758
4845;1104.26758
4846;1218.26758
4847;1161.26758
4848;1442.69714
4849;1455.69714
4850;1438.69714
4851;1417.69714
4852;960.37677
4853;1042.37671
4854;964.37677
4855;909.37677
4856;914.612366
4857;951.612366
4858;956.612366
4859;917.612366
4860;1121.77405
4861;1101.77405
4862;1106.77405
4863;1207.77405
4864;1202.71875
4865;1354.71875
4866;1415.71875
4867;1409.71875
4868;1500.3418
4869;1375.3418
4870;1454.3418
4871;1455.3418
4872;1373.79175
4873;1379.79175
4874;1361.79175
4875;1253.79175
4876;1314.94226
4877;1329.94226
4878;1293.94226
4879;1205.94226
4880;1014.54907
4881;989.549072
4882;992.549072
4883;953.549072
4884;853.193176
4885;873.193176
4886;894.193176
4887;943.193176
4888;1475.48865
4889;1571.48865
4890;1556.48865
4891;1664.48865
4892;1771.63818
4893;1674.63818
4894;1758.63818
4895;1752.63818
4896;1675.11255
4897;1556.11255
4898;1551.11255
4899;1551.11255
4900;1197.51611
4901;1188.51611
4902;1193.51611
4903;1074.51611
4904;999.930054
4905;939.930054
4906;870.930054
4907;831.930054
4908;775.977539
4909;799.977539
4910;819.977539
4911;848.977539
4912;982.97229
4913;1176.97229
4914;1345.97229
4915;1395.97229
4916;1394.14465
4917;1290.14465
4918;1344.14465
4919;1295.14465
4920;1256.9845
4921;1196.9845
4922;1177.9845
4923;1136.9845
4924;1126.83264
4925;1215.83264
4926;1149.83264
4927;1087.83264
4928;1080.12476
4929;1015.12476
4930;952.124756
4931;942.124756
4932;894.391785
4933;907.391785
4934;897.391785
4935;908.391785
4936;1049.66504
4937;1100.66504
4938;1066.66504
4939;971.6651
4940;938.220215
4941;932.220215
4942;915.220215
4943;911.220215
4944;1134.15051
4945;1137.15051
4946;1220.15051
4947;1207.15051
4948;1213.78174
4949;1252.78174
4950;1149.78174
4951;1014.78174
4952;884.552429
4953;890.552429
4954;889.552429
4955;827.552429
4956;440.849335
4957;460.849335
4958;467.849335
4959;402.849335
4960;348.970764
4961;351.970764
4962;346.970764
4963;424.970764
4964;663.360168
4965;662.360168
4966;660.360168
4967;652.360168
4968;655.508179
4969;624.508179
4970;583.508179
4971;581.508179
4972;565.235229
4973;562.235229
4974;561.235229
4975;563.235229
4976;646.377686
4977;646.377686
4978;641.377686
4979;643.377686
4980;784.979736
4981;782.979736
4982;782.979736
4983;788.979736
4984;978.727783
4985;979.727783
4986;976.727783
4987;969.727783
4988;1062.89624
4989;1063.89624
4990;1061.89624
4991;1060.89624
4992;287.422424
4993;284.422424
4994;291.422424
4995;294.422424
4996;234.630096
4997;237.630096
4998;233.630096
4999;236.630096
5000;231.921143
5001;231.921143
5002;231.921143
5003;232.921143
5004;234.907394
5005;236.907394
5006;236.907394
5007;237.907394
5008;360.381042
5009;524.381042
5010;777.381042
5011;814.381042
5012;906.73877
5013;783.73877
5014;790.73877
5015;810.73877
5016;713.292664
5017;756.292664
5018;790.292664
5019;832.292664
5020;874.425964
5021;900.425964
5022;875.425964
5023;748.425964
5024;731.826721
5025;695.826721
5026;685.826721
5027;671.826721
5028;574.446472
5029;633.446472
5030;605.446472
5031;614.446472
5032;757.949524
5033;1030.94958
5034;1105.94958
5035;1140.94958
5036;983.831055
5037;917.831055
5038;928.831055
5039;920.831055
5040;1012.68744
5041;1062.6875
5042;1043.6875
5043;1013.68744
5044;835.0896
5045;854.0896
5046;883.0896
5047;756.0896
5048;558.884155
5049;515.884155
5050;516.884155
5051;502.884186
5052;422.337067
5053;445.337067
5054;438.337067
5055;432.337067
5056;731.998657
5057;936.998657
5058;984.998657
5059;1044.99854
5060;1086.35474
5061;974.354675
5062;1075.35474
5063;1069.35474
5064;1207.22485
5065;1203.22485
5066;1149.22485
5067;1212.22485
5068;1233.83447
5069;1265.83447
5070;1194.83447
5071;997.834351
5072;796.609802
5073;779.609802
5074;747.609802
5075;743.609802
5076;566.620483
5077;552.620483
5078;554.620483
5079;597.620483
5080;1111.33936
5081;1308.33936
5082;1458.33936
5083;1506.33936
5084;1057.83447
5085;1017.83435
5086;1198.83447
5087;777.834351
5088;687.350464
5089;487.350464
5090;449.350464
5091;442.350464
5092;558.360474
5093;484.360474
5094;584.360474
5095;596.360474
5096;397.145142
5097;369.145142
5098;345.145142
5099;340.145142
5100;336.563507
5101;284.563507
5102;331.563507
5103;404.563507
5104;591.932495
5105;795.932495
5106;698.932495
5107;934.932495
5108;717.076355
5109;583.076355
5110;534.076355
5111;346.076355
5112;474.695648
5113;422.695648
5114;407.695648
5115;538.695679
5116;731.12146
5117;629.12146
5118;576.12146
5119;474.121521
5120;584.171021
5121;569.171021
5122;560.171021
5123;493.171051
5124;655.29718
5125;727.29718
5126;793.29718
5127;675.29718
5128;398.554443
5129;330.554443
5130;361.554443
5131;399.554443
5132;366.690155
5133;360.690155
5134;357.690155
5135;336.690155
5136;455.611145
5137;450.611145
5138;452.611145
5139;455.611145
5140;266.192291
5141;258.192291
5142;260.192291
5143;262.192291
5144;251.080444
5145;251.080444
5146;252.080444
5147;251.080444
5148;255.698761
5149;255.698761
5150;231.698761
5151;256.698761
5152;224.82637
5153;223.82637
5154;216.82637
5155;218.82637
5156;267.526276
5157;297.526276
5158;301.526276
5159;301.526276
5160;649.023315
5161;651.023315
5162;654.023315
5163;658.023315
5164;610.518066
5165;612.518066
5166;609.518066
5167;607.518066
5168;478.693024
5169;478.693024
5170;477.693024
5171;478.693024
5172;383.082397
5173;383.082397
5174;389.082397
5175;483.082397
5176;790.973694
5177;856.973694
5178;872.973694
5179;907.973694
5180;1065.33936
5181;1017.33942
5182;1055.33936
5183;1018.33942
5184;749.21582
5185;719.21582
5186;689.21582
5187;670.21582
5188;478.564056
5189;497.564056
5190;488.564056
5191;421.564056
5192;335.156586
5193;290.156586
5194;265.156586
5195;220.156586
5196;258.430603
5197;253.430618
5198;258.430603
5199;309.430603
5200;526.763184
5201;566.763184
5202;455.763245
5203;592.763184
5204;454.571533
5205;526.571533
5206;517.571533
5207;504.571533
5208;544.523132
5209;541.523132
5210;541.523132
5211;523.523132
5212;699.652893
5213;732.652893
5214;691.652893
5215;668.652893
5216;544.443726
5217;516.443726
5218;490.443756
5219;531.443726
5220;388.444458
5221;426.444458
5222;430.444458
5223;456.444458
5224;513.584595
5225;537.584595
5226;667.584595
5227;663.584595
5228;542.335388
5229;292.335449
5230;418.335449
5231;531.335388
5232;601.350525
5233;676.350525
5234;679.350525
5235;649.350525
5236;610.929871
5237;527.929871
5238;472.929871
5239;542.929871
5240;489.551208
5241;452.551208
5242;421.551208
5243;423.551208
5244;366.079834
5245;282.079834
5246;326.079834
5247;413.079834
5248;437.684296
5249;548.684326
5250;530.684326
5251;527.684326
5252;565.799927
5253;544.799927
5254;528.799927
5255;528.799927
5256;889.184082
5257;965.184082
5258;954.184082
5259;947.184082
5260;637.173645
5261;698.173645
5262;700.173645
5263;626.173645
5264;423.515564
5265;373.515564
5266;396.515564
5267;349.515564
5268;348.215332
5269;319.215332
5270;346.215332
5271;348.215332
5272;400.65387
5273;431.65387
5274;401.65387
5275;428.65387
5276;824.494873
5277;823.494873
5278;845.494873
5279;818.494873
5280;452.534882
5281;449.534882
5282;457.534882
5283;432.534882
5284;274.135559
5285;247.135574
5286;274.135559
5287;247.135574
5288;212.492905
5289;185.492905
5290;212.492905
5291;185.492905
5292;201.263351
5293;201.263351
5294;212.263351
5295;217.263351
5296;220.824142
5297;219.824142
5298;211.824142
5299;211.824142
5300;177.901291
5301;178.901291
5302;205.901291
5303;205.901291
5304;209.198853
5305;237.198853
5306;241.198853
5307;244.198853
5308;340.857758
5309;340.857758
5310;253.857758
5311;338.857758
5312;311.298126
5313;312.298126
5314;312.298126
5315;311.298126
5316;320.718872
5317;406.718872
5318;407.718872
5319;406.718872
5320;365.8284
5321;362.8284
5322;387.8284
5323;359.8284
5324;247.33667
5325;245.33667
5326;218.33667
5327;245.33667
5328;323.458618
5329;353.458618
5330;331.458618
5331;358.458618
5332;457.982086
5333;456.982086
5334;457.982086
5335;456.982086
5336;820.837524
5337;821.837524
5338;822.837524
5339;794.837524
5340;554.518921
5341;556.518921
5342;606.518921
5343;614.518921
5344;889.663147
5345;991.663147
5346;907.663147
5347;905.663147
5348;594.01178
5349;703.01178
5350;704.01178
5351;614.01178
5352;583.221497
5353;573.221497
5354;583.221497
5355;547.221497
5356;679.592224
5357;672.592224
5358;633.592224
5359;566.592224
5360;860.92804
5361;856.92804
5362;854.92804
5363;851.92804
5364;482.163208
5365;485.163208
5366;508.163208
5367;520.163208
5368;1238.68921
5369;1255.68921
5370;1260.68921
5371;1261.68921
5372;866.517761
5373;844.517761
5374;698.517761
5375;868.517761
5376;460.920471
5377;529.92041
5378;524.92041
5379;489.920471
5380;390.731781
5381;378.731781
5382;337.731781
5383;268.731781
5384;250.126999
5385;236.126999
5386;232.126999
5387;232.126999
5388;236.900955
5389;239.900955
5390;265.90094
5391;353.90094
5392;400.999268
5393;419.999268
5394;432.999268
5395;432.999268
5396;405.584076
5397;425.584076
5398;417.584076
5399;408.584076
5400;510.992188
5401;497.992188
5402;497.992188
5403;473.992188
5404;521.621338
5405;518.621338
5406;466.621368
5407;408.621368
5408;313.010376
5409;349.010376
5410;346.010376
5411;303.010376
5412;490.462158
5413;449.462158
5414;518.462158
5415;582.462158
5416;774.700928
5417;782.700928
5418;799.700928
5419;800.700928
5420;527.221802
5421;773.221802
5422;694.221802
5423;653.221802
5424;485.667389
5425;526.667358
5426;522.667358
5427;511.667389
5428;295.683472
5429;289.683472
5430;266.683472
5431;252.683456
5432;296.126221
5433;295.126221
5434;238.126221
5435;293.126221
5436;280.012543
5437;281.012543
5438;286.012543
5439;284.012543
5440;185.854141
5441;212.854141
5442;183.854141
5443;211.854141
5444;393.075409
5445;389.075409
5446;360.075409
5447;360.075409
5448;745.14386
5449;743.14386
5450;750.14386
5451;720.14386
5452;422.864105
5453;452.864105
5454;451.864105
5455;450.864105
5456;755.813049
5457;752.813049
5458;752.813049
5459;750.813049
5460;470.551758
5461;471.551758
5462;474.551758
5463;475.551758
5464;921.227356
5465;917.227356
5466;911.227356
5467;909.227356
5468;1024.08301
5469;1024.08301
5470;1023.08301
5471;1023.08301
5472;633.705627
5473;634.705627
5474;641.705627
5475;643.705627
5476;213.466537
5477;214.466537
5478;212.466537
5479;215.466537
5480;198.519821
5481;200.519821
5482;198.519821
5483;198.519821
5484;198.768646
5485;201.768646
5486;199.768646
5487;201.768646
5488;203.571136
5489;195.571136
5490;194.571136
5491;192.571136
5492;164.920822
5493;190.920822
5494;163.920822
5495;164.920822
5496;307.333496
5497;307.333496
5498;315.333496
5499;318.333496
5500;323.482819
5501;324.482819
5502;321.482819
5503;321.482819
5504;338.687225
5505;336.687225
5506;337.687225
5507;335.687225
5508;271.186951
5509;272.186951
5510;318.186951
5511;394.186951
5512;440.880737
5513;478.880737
5514;479.880737
5515;480.880737
5516;456.510803
5517;464.510803
5518;551.510742
5519;384.510803
5520;609.28949
5521;899.28949
5522;866.28949
5523;773.28949
5524;342.542786
5525;148.542816
5526;281.542786
5527;219.542816
5528;308.902588
5529;303.902588
5530;257.902588
5531;295.902588
5532;619.926147
5533;621.926147
5534;627.926147
5535;716.926147
5536;462.509827
5537;475.509827
5538;391.509827
5539;475.509827
5540;448.133057
5541;449.133057
5542;553.132996
5543;547.132996
5544;293.208496
5545;362.208496
5546;426.208496
5547;459.208496
5548;498.369019
5549;566.369019
5550;482.369019
5551;552.369019
5552;416.235901
5553;419.235901
5554;417.235901
5555;415.235901
5556;387.80304
5557;386.80304
5558;408.80304
5559;430.80304
5560;665.913879
5561;684.913879
5562;753.913879
5563;583.913879
5564;710.858459
5565;720.858459
5566;634.858459
5567;627.858459
5568;731.668213
5569;799.668213
5570;718.668213
5571;759.668213
5572;442.407013
5573;435.407013
5574;360.407013
5575;420.407013
5576;248.643341
5577;246.643341
5578;189.643341
5579;242.643341
5580;217.521255
5581;194.521255
5582;249.521255
5583;249.521255
5584;183.481705
5585;216.481705
5586;215.481705
5587;115.481705
5588;182.479874
5589;182.479874
5590;148.479874
5591;149.479874
5592;194.34996
5593;198.34996
5594;164.34996
5595;234.34996
5596;239.426056
5597;215.426056
5598;220.426056
5599;179.426056
5600;282.075897
5601;308.075897
5602;305.075897
5603;279.075897
5604;299.11792
5605;278.11792
5606;417.11792
5607;500.11792
5608;469.02478
5609;297.02478
5610;401.02478
5611;418.02478
5612;511.714844
5613;522.714783
5614;520.714783
5615;490.714844
5616;749.947571
5617;742.947571
5618;710.947571
5619;721.947571
5620;825.512878
5621;806.512878
5622;741.512878
5623;718.512878
5624;680.113586
5625;664.113586
5626;632.113586
5627;624.113586
5628;260.711182
5629;268.711182
5630;282.711182
5631;295.711182
5632;270.468079
5633;264.468079
5634;262.468079
5635;324.468079
5636;521.897888
5637;518.897888
5638;482.897888
5639;463.897888
5640;531.928711
5641;534.928711
5642;540.928711
5643;539.928711
5644;519.818237
5645;517.818237
5646;517.818237
5647;514.818237
5648;597.048218
5649;596.048218
5650;596.048218
5651;594.048218
5652;737.728821
5653;739.728821
5654;741.728821
5655;718.728821
5656;937.358459
5657;931.358459
5658;929.358459
5659;930.358459
5660;1019.40643
5661;1020.40643
5662;1019.40643
5663;1025.40649
5664;240.295532
5665;251.295532
5666;245.295532
5667;246.295532
5668;189.375168
5669;188.375168
5670;186.375168
5671;181.375168
5672;178.745178
5673;180.745178
5674;178.745178
5675;178.745178
5676;178.751724
5677;188.751724
5678;326.75174
5679;513.751709
5680;591.516541
5681;611.516541
5682;658.516541
5683;577.516541
5684;581.725159
5685;610.725159
5686;631.725159
5687;724.725159
5688;822.941406
5689;849.941406
5690;862.941406
5691;801.941406
5692;914.087463
5693;873.087463
5694;727.087463
5695;558.087463
5696;634.214661
5697;641.214661
5698;679.214661
5699;676.214661
5700;631.215942
5701;681.215942
5702;801.215942
5703;1123.21582
5704;1149.00159
5705;1193.00159
5706;1277.00159
5707;1238.00159
5708;1063.67371
5709;1199.67371
5710;1183.67371
5711;1105.67371
5712;1240.15344
5713;1209.15344
5714;1258.15344
5715;1295.15344
5716;1176.29419
5717;1107.29419
5718;908.294128
5719;731.294128
5720;748.128052
5721;760.128052
5722;742.128052
5723;727.128052
5724;713.229492
5725;721.229492
5726;915.229492
5727;1162.22961
5728;1268.59644
5729;1308.59644
5730;1415.59644
5731;1351.59644
5732;1416.86047
5733;1448.86047
5734;1364.86047
5735;1244.86047
5736;1454.52954
5737;1432.52954
5738;1469.52954
5739;1475.52954
5740;1594.89783
5741;1459.89783
5742;1238.89783
5743;1115.89783
5744;1125.17896
5745;1119.17896
5746;1084.17896
5747;1078.17896
5748;916.81665
5749;934.81665
5750;1167.81665
5751;1494.81665
5752;1882.45178
5753;1929.45178
5754;1923.45178
5755;1837.45178
5756;1683.6228
5757;1601.6228
5758;1648.6228
5759;1652.6228
5760;1301.01062
5761;1321.01062
5762;1264.01062
5763;1261.01062
5764;1222.87646
5765;1172.87646
5766;868.876404
5767;760.876404
5768;764.584534
5769;764.584534
5770;748.584534
5771;748.584534
5772;757.139954
5773;755.139954
5774;966.139954
5775;1292.14001
5776;1279.25488
5777;1275.25488
5778;1346.25488
5779;1235.25488
5780;1185.26685
5781;1138.26685
5782;1082.26685
5783;1075.26685
5784;1097.23889
5785;1145.23889
5786;1101.23889
5787;622.238831
5788;1064.65027
5789;609.650269
5790;609.650269
5791;464.650299
5792;609.368713
5793;590.368713
5794;586.368713
5795;572.368713
5796;761.292542
5797;795.292542
5798;589.292542
5799;659.292542
5800;337.312073
5801;330.312073
5802;328.312073
5803;331.312073
5804;280.284027
5805;279.284027
5806;280.284027
5807;281.284027
5808;422.605164
5809;425.605164
5810;435.605164
5811;434.605164
5812;260.339417
5813;258.339417
5814;257.339417
5815;253.339401
5816;247.934158
5817;247.934158
5818;243.934158
5819;240.934158
5820;246.196472
5821;245.196472
5822;249.196472
5823;253.196472
5824;220.671738
5825;210.671738
5826;211.671738
5827;214.671738
5828;285.129761
5829;282.129761
5830;283.129761
5831;281.129761
5832;614.080688
5833;618.080688
5834;627.080688
5835;629.080688
5836;588.541443
5837;589.541443
5838;588.541443
5839;584.541443
5840;464.394104
5841;462.394104
5842;462.394104
5843;467.394104
5844;380.394501
5845;393.394501
5846;563.394531
5847;962.394531
5848;1218.31763
5849;1278.31763
5850;1270.31763
5851;1241.31763
5852;1479.63269
5853;1552.63269
5854;1528.63269
5855;1436.63269
5856;1222.60779
5857;1289.60779
5858;1296.60779
5859;1318.60779
5860;1149.87305
5861;1086.87305
5862;880.872925
5863;822.872925
5864;777.457153
5865;758.457153
5866;766.457153
5867;716.457153
5868;705.711487
5869;706.711487
5870;981.711487
5871;1362.71155
5872;1392.38818
5873;1321.38818
5874;1362.38818
5875;1294.38818
5876;1346.55176
5877;1391.55176
5878;1316.55176
5879;1316.55176
5880;1317.81592
5881;1344.81592
5882;1321.81592
5883;1323.81592
5884;1463.10999
5885;1410.10999
5886;1165.10999
5887;1013.10999
5888;994.785583
5889;956.785583
5890;966.785583
5891;937.785583
5892;834.414307
5893;847.414307
5894;1089.41431
5895;1402.41431
5896;1362.95923
5897;1356.95923
5898;1370.95923
5899;1343.95923
5900;1279.71411
5901;1336.71411
5902;1255.71411
5903;1189.71411
5904;1284.27832
5905;1382.27832
5906;1351.27832
5907;1396.27832
5908;1417.06628
5909;1322.06628
5910;1241.06628
5911;1033.06628
5912;989.056702
5913;959.056702
5914;942.056702
5915;918.056702
5916;862.410217
5917;847.410217
5918;1066.41028
5919;1370.41028
5920;1354.95471
5921;1383.95471
5922;1392.95471
5923;1364.95471
5924;1387.08887
5925;1471.08887
5926;1479.08887
5927;1477.08887
5928;1821.61121
5929;1773.61121
5930;1733.61121
5931;1609.61121
5932;1365.44556
5933;1328.44556
5934;1161.44556
5935;1056.44556
5936;871.135742
5937;833.135742
5938;836.135742
5939;780.135742
5940;800.811707
5941;808.811707
5942;980.811707
5943;1331.81177
5944;1491.34729
5945;1510.34729
5946;1576.34729
5947;1533.34729
5948;1896.94397
5949;1944.94397
5950;1909.94397
5951;1831.94397
5952;1466.81763
5953;1372.81763
5954;1342.81763
5955;1212.81763
5956;872.314087
5957;799.314087
5958;723.314087
5959;677.314087
5960;617.773865
5961;606.773865
5962;566.773865
5963;519.773865
5964;443.909485
5965;375.909485
5966;272.909485
5967;245.9095
5968;218.26535
5969;209.26535
5970;215.26535
5971;211.26535
5972;206.494446
5973;208.494446
5974;209.494446
5975;208.494446
5976;237.193008
5977;234.193008
5978;242.193008
5979;243.193008
5980;331.273468
5981;328.273468
5982;327.273468
5983;326.273468
5984;300.690277
5985;299.690277
5986;298.690277
5987;297.690277
5988;389.283295
5989;391.283295
5990;389.283295
5991;392.283295
5992;375.308014
5993;368.308014
5994;368.308014
5995;367.308014
5996;231.646133
5997;207.646133
5998;232.646133
5999;232.646133
6000;333.244995
6001;336.244995
6002;344.244995
6003;345.244995
6004;437.365875
6005;436.365875
6006;438.365875
6007;437.365875
6008;782.623169
6009;783.623169
6010;782.623169
6011;786.623169
6012;533.230774
6013;548.230774
6014;713.230774
6015;1141.23083
6016;1583.05542
6017;1553.05542
6018;1538.05542
6019;1531.05542
6020;1244.42615
6021;1262.42615
6022;1249.42615
6023;1262.42615
6024;1250.12549
6025;1254.12549
6026;1216.12549
6027;1282.12549
6028;1385.3114
6029;1343.3114
6030;1244.3114
6031;1146.3114
6032;1389.51636
6033;1347.51636
6034;1286.51636
6035;1294.51636
6036;957.639404
6037;939.639404
6038;1103.6394
6039;1418.6394
6040;2143.14136
6041;2106.14136
6042;2091.14136
6043;2040.14136
6044;1800.14819
6045;1720.14819
6046;1694.14819
6047;1682.14819
6048;1410.6283
6049;1402.6283
6050;1301.6283
6051;1303.6283
6052;1195.57605
6053;1137.57605
6054;1044.57605
6055;866.575989
6056;781.696045
6057;768.696045
6058;747.696045
6059;744.696045
6060;746.362122
6061;740.362122
6062;932.362122
6063;1256.36206
6064;1297.547
6065;1319.547
6066;1337.547
6067;1292.547
6068;1295.31775
6069;1339.31775
6070;1282.31775
6071;1243.31775
6072;1252.46045
6073;1311.46045
6074;1345.46045
6075;1346.46045
6076;1352.41125
6077;1253.41125
6078;1075.41125
6079;1004.41132
6080;836.645142
6081;808.645142
6082;812.645142
6083;784.645142
6084;920.952148
6085;922.952148
6086;1109.95215
6087;1327.95215
6088;1725.07812
6089;1799.07812
6090;1785.07812
6091;1745.07812
6092;1608.91577
6093;1676.91577
6094;1607.91577
6095;1590.91577
6096;1430.06384
6097;1419.06384
6098;1416.06384
6099;1489.06384
6100;1318.01855
6101;1229.01855
6102;943.018494
6103;873.018494
6104;930.905396
6105;898.905396
6106;867.905396
6107;862.905396
6108;835.027893
6109;849.027893
6110;1042.02795
6111;1349.02795
6112;1305.70679
6113;1338.70679
6114;1378.70679
6115;1402.70679
6116;1534.34949
6117;1527.34949
6118;1463.34949
6119;1338.34949
6120;1635.69836
6121;1574.69836
6122;1497.69836
6123;1487.69836
6124;1110.53186
6125;977.53186
6126;868.53186
6127;798.53186
6128;1055.2749
6129;1055.2749
6130;1060.2749
6131;1000.2749
6132;624.657532
6133;531.657532
6134;517.657532
6135;517.657532
6136;900.078613
6137;894.078613
6138;895.078613
6139;893.078613
6140;999.631409
6141;991.631409
6142;992.631409
6143;992.631409
6144;613.955994
6145;610.955994
6146;617.955994
6147;618.955994
6148;206.456146
6149;207.456146
6150;208.456146
6151;207.456146
6152;194.04538
6153;194.04538
6154;197.04538
6155;195.04538
6156;195.247543
6157;197.247543
6158;196.247543
6159;197.247543
6160;194.873413
6161;189.873413
6162;189.873413
6163;189.873413
6164;188.396851
6165;187.396851
6166;185.396851
6167;185.396851
6168;298.323364
6169;299.323364
6170;305.323364
6171;306.323364
6172;311.333496
6173;312.333496
6174;312.333496
6175;311.333496
6176;326.442017
6177;327.442017
6178;327.442017
6179;331.442017
6180;271.090149
6181;283.090149
6182;470.090149
6183;759.090149
6184;884.033691
6185;1089.03369
6186;1115.03369
6187;1121.03369
6188;1172.45154
6189;1223.45154
6190;1245.45154
6191;1184.45154
6192;1581.24243
6193;1543.24243
6194;1526.24243
6195;1612.24243
6196;1152.15356
6197;1042.15356
6198;800.153564
6199;756.153564
6200;770.36853
6201;753.36853
6202;750.36853
6203;780.36853
6204;1085.36804
6205;1087.36804
6206;1339.36804
6207;1650.36804
6208;1460.27539
6209;1472.27539
6210;1458.27539
6211;1377.27539
6212;1510.45374
6213;1503.45374
6214;1488.45374
6215;1376.45374
6216;1418.40601
6217;1335.40601
6218;1243.40601
6219;1279.40601
6220;1301.68396
6221;1229.68396
6222;979.683899
6223;906.683899
6224;850.068481
6225;879.068481
6226;867.068481
6227;870.068481
6228;841.191711
6229;849.191711
6230;1042.19177
6231;1333.19177
6232;1601.48584
6233;1623.48584
6234;1628.48584
6235;1593.48584
6236;1671.1571
6237;1767.1571
6238;1744.1571
6239;1767.1571
6240;1763.1969
6241;1723.1969
6242;1651.1969
6243;1641.1969
6244;1241.47144
6245;1175.47144
6246;989.471375
6247;806.471375
6248;750.153748
6249;767.153748
6250;739.153748
6251;716.153748
6252;702.441833
6253;697.441833
6254;934.441833
6255;1271.44189
6256;1247.16174
6257;1249.16174
6258;1333.16174
6259;1285.16174
6260;1273.276
6261;1336.276
6262;1305.276
6263;1303.276
6264;1319.48694
6265;1328.48694
6266;1263.48694
6267;1263.48694
6268;1229.05774
6269;1130.05774
6270;847.057678
6271;746.057678
6272;846.701843
6273;845.701843
6274;812.701843
6275;832.701843
6276;816.790955
6277;822.790955
6278;1026.79102
6279;1281.79102
6280;1332.63904
6281;1286.63904
6282;1249.63904
6283;1253.63904
6284;1213.67834
6285;1259.67834
6286;1144.67834
6287;1057.67834
6288;1356.92944
6289;1325.92944
6290;1354.92944
6291;1292.92944
6292;1267.44983
6293;1191.44983
6294;1006.44977
6295;923.449768
6296;883.635376
6297;875.635376
6298;872.635376
6299;868.635376
6300;500.434448
6301;379.434448
6302;327.434448
6303;308.434448
6304;254.827011
6305;244.826996
6306;237.826996
6307;237.826996
6308;439.245392
6309;437.245392
6310;437.245392
6311;435.245392
6312;504.997162
6313;507.997162
6314;509.997162
6315;514.997192
6316;499.116791
6317;500.116791
6318;497.116791
6319;493.116791
6320;573.234741
6321;575.234741
6322;574.234741
6323;572.234741
6324;705.074829
6325;708.074829
6326;709.074829
6327;714.074829
6328;894.527405
6329;888.527405
6330;887.527405
6331;890.527405
6332;977.161743
6333;978.161743
6334;977.161743
6335;977.161743
6336;236.912567
6337;238.912567
6338;243.912567
6339;248.912567
6340;191.019211
6341;190.019211
6342;189.019211
6343;184.019211
6344;182.493149
6345;182.493149
6346;107.493149
6347;132.493149
6348;107.461342
6349;108.461342
6350;196.461334
6351;357.461334
6352;76.2151718
6353;464.215149
6354;449.215149
6355;441.215149
6356;267.453583
6357;867.453552
6358;928.453552
6359;966.453552
6360;986.832153
6361;979.832153
6362;887.832153
6363;935.832153
6364;1040.07983
6365;1057.07983
6366;800.079895
6367;755.079895
6368;870.264465
6369;886.264465
6370;880.264465
6371;877.264465
6372;834.322083
6373;888.322083
6374;1172.32202
6375;1348.32202
6376;1411.40259
6377;1449.40259
6378;1417.40259
6379;1365.40259
6380;1267.57886
6381;1321.57886
6382;1290.57886
6383;1205.57886
6384;1358.85217
6385;1296.85217
6386;1222.85217
6387;1299.85217
6388;1194.42261
6389;1022.42255
6390;761.422546
6391;739.422546
6392;715.926758
6393;723.926758
6394;702.926758
6395;720.926758
6396;694.143677
6397;739.143677
6398;1055.1438
6399;1139.1438
6400;1262.00085
6401;1423.00085
6402;1355.00085
6403;1333.00085
6404;1346.8009
6405;1347.8009
6406;1265.8009
6407;1285.8009
6408;1560.85193
6409;1514.85193
6410;1444.85193
6411;1505.85193
6412;1508.47302
6413;1375.47302
6414;1110.47302
6415;1045.47302
6416;1049.05933
6417;1037.05933
6418;1014.05939
6419;1043.05933
6420;878.840881
6421;927.840881
6422;1235.84094
6423;1405.84094
6424;1772.58789
6425;1754.58789
6426;1716.58789
6427;1710.58789
6428;1565.87634
6429;1497.87634
6430;1543.87634
6431;1567.87634
6432;1207.40125
6433;1237.40125
6434;1196.40125
6435;1227.40125
6436;1239.37207
6437;1095.37207
6438;823.37207
6439;727.37207
6440;722.171021
6441;717.171021
6442;726.171021
6443;726.171021
6444;718.005005
6445;787.005005
6446;1151.005
6447;1284.005
6448;1264.15686
6449;1270.15686
6450;1283.15686
6451;1080.15686
6452;1148.23669
6453;1125.23669
6454;1127.23669
6455;1229.23669
6456;1221.13416
6457;1102.13416
6458;1047.13416
6459;973.134155
6460;950.167297
6461;770.167297
6462;761.167297
6463;775.167297
6464;844.126404
6465;840.126404
6466;764.126404
6467;707.126404
6468;829.550293
6469;702.550293
6470;686.550293
6471;643.550293
6472;343.073975
6473;375.073975
6474;386.073975
6475;387.073975
6476;336.234375
6477;338.234375
6478;336.234375
6479;313.234375
6480;413.502502
6481;410.502502
6482;417.502502
6483;419.502502
6484;245.3405
6485;243.3405
6486;239.3405
6487;237.3405
6488;233.334686
6489;231.334686
6490;231.334686
6491;230.334686
6492;236.293976
6493;236.293976
6494;243.293976
6495;243.293976
6496;209.598068
6497;202.598068
6498;200.598068
6499;201.598068
6500;270.532166
6501;272.532166
6502;272.532166
6503;271.532166
6504;605.376831
6505;606.376831
6506;614.376831
6507;616.376831
6508;581.366699
6509;581.366699
6510;582.366699
6511;575.366699
6512;455.560272
6513;457.560272
6514;457.560272
6515;462.560272
6516;374.766174
6517;425.766174
6518;787.766174
6519;1156.76611
6520;1167.82471
6521;1227.82471
6522;1219.82471
6523;1195.82471
6524;1393.18774
6525;1515.18774
6526;1498.18774
6527;1597.18774
6528;1401.12549
6529;1351.12549
6530;1333.12549
6531;1332.12549
6532;1157.35596
6533;983.355896
6534;785.355896
6535;720.355896
6536;719.811584
6537;702.811584
6538;705.811584
6539;704.811584
6540;677.129211
6541;743.129211
6542;1057.12915
6543;1210.12915
6544;1278.12244
6545;1267.12244
6546;1295.12244
6547;1214.12244
6548;1295.6554
6549;1230.6554
6550;1217.6554
6551;1197.6554
6552;1237.24036
6553;1226.24036
6554;1202.24036
6555;1217.24036
6556;1351.55786
6557;1234.55786
6558;1027.55786
6559;1016.5578
6560;1017.22754
6561;1012.22754
6562;1005.22754
6563;949.227539
6564;856.122498
6565;909.122498
6566;1258.12256
6567;1422.12256
6568;1391.2959
6569;1396.2959
6570;1406.2959
6571;1314.2959
6572;1272.05518
6573;1146.05518
6574;1165.05518
6575;1226.05518
6576;1382.58557
6577;1479.58557
6578;1437.58557
6579;1469.58557
6580;1351.73938
6581;1134.73938
6582;880.73938
6583;862.73938
6584;870.265808
6585;854.265808
6586;851.265808
6587;844.265808
6588;799.47345
6589;842.47345
6590;1134.47339
6591;1298.47339
6592;1400.20959
6593;1426.20959
6594;1457.20959
6595;1400.20959
6596;1472.42725
6597;1486.42725
6598;1448.42725
6599;1407.42725
6600;1826.49402
6601;1773.49402
6602;1753.49402
6603;1832.49402
6604;1507.39319
6605;1352.39319
6606;1021.39319
6607;998.393188
6608;848.696472
6609;846.696472
6610;840.696472
6611;815.696472
6612;840.553894
6613;891.553894
6614;1267.55383
6615;1374.55383
6616;1499.18665
6617;1413.18665
6618;1451.18665
6619;1372.18665
6620;1787.85352
6621;1815.85352
6622;1826.85352
6623;1785.85352
6624;1453.31177
6625;1402.31177
6626;1263.31177
6627;1266.31177
6628;1093.86499
6629;807.86499
6630;688.86499
6631;660.86499
6632;572.326599
6633;535.326599
6634;547.326599
6635;449.326599
6636;274.582825
6637;267.582825
6638;257.582825
6639;211.582825
6640;204.927185
6641;203.927185
6642;204.927185
6643;200.927185
6644;198.246262
6645;196.246262
6646;199.246262
6647;198.246262
6648;228.067764
6649;227.067764
6650;231.067764
6651;232.067764
6652;319.018616
6653;322.018616
6654;320.018616
6655;320.018616
6656;292.617065
6657;293.617065
6658;291.617065
6659;291.617065
6660;379.396088
6661;381.396088
6662;383.396088
6663;377.396088
6664;364.479065
6665;361.479065
6666;362.479065
6667;362.479065
6668;228.801041
6669;227.801041
6670;227.801041
6671;227.801041
6672;330.794617
6673;334.794617
6674;340.794617
6675;341.794617
6676;432.488525
6677;432.488525
6678;432.488525
6679;430.488525
6680;781.561523
6681;779.561523
6682;779.561523
6683;785.561523
6684;533.985291
6685;582.985291
6686;976.985291
6687;1007.98529
6688;1245.13977
6689;1284.13977
6690;1330.13977
6691;1487.13977
6692;1345.021
6693;1381.021
6694;1298.021
6695;1383.021
6696;1262.74817
6697;1320.74817
6698;1343.74817
6699;1411.74817
6700;1468.00195
6701;1406.00195
6702;1203.00195
6703;1032.00195
6704;1251.56189
6705;1246.56189
6706;1246.56189
6707;1243.56189
6708;891.933289
6709;933.933289
6710;1307.93335
6711;1463.93335
6712;2092.61353
6713;2089.61353
6714;2094.61353
6715;1999.61353
6716;1611.74573
6717;1581.74573
6718;1637.74573
6719;1623.74573
6720;1329.37952
6721;1317.37952
6722;1268.37952
6723;1344.37952
6724;1178.42456
6725;995.4245
6726;887.4245
6727;865.4245
6728;719.760132
6729;692.760132
6730;687.760132
6731;671.760132
6732;691.56189
6733;770.56189
6734;1100.56177
6735;1271.56177
6736;1335.53418
6737;1253.53418
6738;1248.53418
6739;1254.53418
6740;1324.16394
6741;1319.16394
6742;1239.16394
6743;1208.16394
6744;1361.42444
6745;1343.42444
6746;1260.42444
6747;1380.42444
6748;1345.50391
6749;1175.50391
6750;967.503845
6751;773.503845
6752;780.80719
6753;808.80719
6754;797.80719
6755;810.80719
6756;954.818054
6757;1030.81812
6758;1361.81812
6759;1425.81812
6760;1680.34265
6761;1686.34265
6762;1667.34265
6763;1709.34265
6764;1686.20593
6765;1710.20593
6766;1633.20593
6767;1596.20593
6768;1468.57678
6769;1477.57678
6770;1445.57678
6771;1462.57678
6772;1231.74524
6773;1111.74524
6774;897.7453
6775;881.7453
6776;912.411011
6777;773.411011
6778;744.411011
6779;679.411011
6780;730.11792
6781;749.11792
6782;1053.11792
6783;1180.11792
6784;1135.79199
6785;1108.79199
6786;1074.79199
6787;1066.79199
6788;1244.875
6789;1216.875
6790;1277.875
6791;1240.875
6792;1558.00439
6793;1580.00439
6794;1472.00439
6795;1411.00439
6796;921.673401
6797;848.673401
6798;790.673401
6799;797.673401
6800;1084.45166
6801;1073.45166
6802;1041.45166
6803;975.45166
6804;614.36615
6805;546.36615
6806;520.366089
6807;482.366089
6808;899.039734
6809;943.039734
6810;951.039734
6811;940.039734
6812;1050.43127
6813;1053.43127
6814;1055.43127
6815;995.431274
6816;613.019714
6817;617.019714
6818;620.019714
6819;610.019714
6820;200.688583
6821;198.688583
6822;197.688583
6823;196.688583
6824;186.359894
6825;187.359894
6826;184.359894
6827;184.359894
6828;186.643204
6829;186.643204
6830;187.643204
6831;181.643204
6832;180.356323
6833;180.356323
6834;181.356323
6835;180.356323
6836;180.940353
6837;180.940353
6838;178.940353
6839;178.940353
6840;291.922577
6841;294.922577
6842;299.922577
6843;300.922577
6844;306.855194
6845;305.855194
6846;305.855194
6847;304.855194
6848;319.027863
6849;318.027863
6850;319.027863
6851;316.027863
6852;256.529694
6853;306.529694
6854;677.529663
6855;704.529663
6856;679.830811
6857;716.830811
6858;974.830811
6859;901.830811
6860;1035.55994
6861;1085.55994
6862;1078.55994
6863;1069.55994
6864;1463.88782
6865;1479.88782
6866;1505.88782
6867;1536.88782
6868;1027.55225
6869;913.552185
6870;705.552185
6871;710.552185
6872;775.132141
6873;779.132141
6874;768.132141
6875;764.132141
6876;1072.43066
6877;1120.43066
6878;1442.43066
6879;1553.43066
6880;1300.24109
6881;1368.24109
6882;1364.24109
6883;1259.24109
6884;1367.75903
6885;1375.75903
6886;1239.75903
6887;1053.75903
6888;1150.62976
6889;1182.62976
6890;1037.62976
6891;1094.62976
6892;1263.61353
6893;1207.61353
6894;915.613464
6895;912.613464
6896;868.890381
6897;882.890381
6898;888.890381
6899;858.890381
6900;859.771606
6901;902.771606
6902;1111.77161
6903;1198.77161
6904;1421.00049
6905;1616.00049
6906;1622.00049
6907;1556.00049
6908;1656.80139
6909;1660.80139
6910;1597.80139
6911;1569.80139
6912;1569.06873
6913;1562.06873
6914;1261.06873
6915;1554.06873
6916;1224.35071
6917;1126.35071
6918;968.350708
6919;784.350708
6920;762.042847
6921;751.042847
6922;735.042847
6923;749.042847
6924;701.340454
6925;771.340454
6926;1105.34045
6927;1215.34045
6928;1320.80176
6929;1364.80176
6930;1302.80176
6931;1187.80176
6932;1244.88489
6933;1232.88489
6934;1273.88489
6935;1207.88489
6936;1212.19189
6937;1152.19189
6938;1119.19189
6939;1204.19189
6940;1222.43823
6941;857.438232
6942;873.438232
6943;811.438232
6944;858.707214
6945;868.707214
6946;865.707214
6947;892.707214
6948;873.682495
6949;928.682495
6950;1190.6825
6951;1273.6825
6952;1023.99915
6953;1031.99915
6954;1242.99915
6955;1205.99915
6956;1277.41284
6957;1231.41284
6958;1252.41284
6959;1127.41284
6960;1429.46545
6961;1422.46545
6962;1326.46545
6963;1292.46545
6964;1225.84119
6965;1167.84119
6966;1093.84119
6967;1040.84119
6968;1038.01599
6969;1031.01599
6970;1006.01599
6971;885.015991
6972;415.364319
6973;331.364319
6974;319.364319
6975;276.364319
6976;244.570526
6977;247.570526
6978;245.570526
6979;243.570526
6980;447.283081
6981;449.283081
6982;449.283081
6983;448.283081
6984;518.254028
6985;518.254028
6986;524.253967
6987;526.253967
6988;508.536255
6989;509.536255
6990;507.536255
6991;502.536255
6992;585.064514
6993;585.064514
6994;582.064514
6995;585.064514
6996;718.953125
6997;723.953125
6998;725.953125
6999;719.953125
7000;900.443665
7001;901.443665
7002;899.443665
7003;893.443665
7004;979.082642
7005;980.082642
7006;979.082642
7007;980.082642
7008;239.884537
7009;240.884537
7010;241.884537
7011;248.884537
7012;190.99234
7013;189.99234
7014;192.99234
7015;189.99234
7016;189.497025
7017;191.497025
7018;190.497025
7019;196.497025
7020;198.684479
7021;252.684479
7022;596.684509
7023;956.684509
7024;870.597473
7025;938.597473
7026;971.597473
7027;850.597473
7028;991.788208
7029;1055.78821
7030;993.788208
7031;973.788208
7032;938.040833
7033;926.040833
7034;960.040833
7035;1050.04077
7036;1108.88489
7037;1070.88489
7038;828.88501
7039;785.88501
7040;893.816345
7041;855.816345
7042;836.816345
7043;888.816345
7044;859.067627
7045;926.067627
7046;1246.06763
7047;1384.06763
7048;1404.7384
7049;1460.7384
7050;1423.7384
7051;1376.7384
7052;1320.25818
7053;1361.25818
7054;1185.25818
7055;1169.25818
7056;1269.74255
7057;1274.74255
7058;1238.74255
7059;1376.74255
7060;1276.33716
7061;1063.33716
7062;850.337158
7063;850.337158
7064;810.826111
7065;790.826111
7066;742.826111
7067;746.826111
7068;720.859802
7069;798.859802
7070;1056.85999
7071;1171.85999
7072;1259.12585
7073;1303.12585
7074;1222.12585
7075;1172.12585
7076;1246.13281
7077;1319.13281
7078;1228.13281
7079;1209.13281
7080;1369.2832
7081;1457.2832
7082;1414.2832
7083;1538.2832
7084;1575.08154
7085;1406.08154
7086;1289.08154
7087;1135.08154
7088;1118.41638
7089;1101.41638
7090;1124.41638
7091;1105.41638
7092;961.24707
7093;1036.24707
7094;1266.24719
7095;1387.24719
7096;1717.95984
7097;1744.95984
7098;1781.95984
7099;1716.95984
7100;1527.23743
7101;1547.23743
7102;1493.23743
7103;1438.23743
7104;1147.99475
7105;1160.99475
7106;1176.99475
7107;1239.99475
7108;1187.10962
7109;1087.10962
7110;823.109619
7111;739.109619
7112;750.946716
7113;738.946716
7114;721.946716
7115;668.946716
7116;606.566833
7117;715.566833
7118;990.566833
7119;1190.56689
7120;1274.75989
7121;1364.75989
7122;1329.75989
7123;1245.75989
7124;1270.84106
7125;1148.84106
7126;1079.84106
7127;1063.84106
7128;1065.86304
7129;1057.86304
7130;1069.86304
7131;1067.86304
7132;1061.16614
7133;901.166199
7134;752.166199
7135;701.166199
7136;747.611145
7137;746.611145
7138;744.611145
7139;733.611145
7140;863.896851
7141;709.896851
7142;668.896851
7143;667.896851
7144;379.177429
7145;379.177429
7146;381.177429
7147;375.177429
7148;317.403259
7149;318.403259
7150;319.403259
7151;297.403259
7152;411.330292
7153;412.330292
7154;411.330292
7155;418.330292
7156;241.123856
7157;242.123856
7158;240.123856
7159;237.123856
7160;226.853134
7161;226.853134
7162;226.853134
7163;226.853134
7164;234.872696
7165;234.872696
7166;236.872696
7167;231.872696
7168;200.508545
7169;199.508545
7170;198.508545
7171;199.508545
7172;271.986755
7173;271.986755
7174;271.986755
7175;272.986755
7176;605.295288
7177;604.295288
7178;606.295288
7179;613.295288
7180;579.119507
7181;579.119507
7182;576.119507
7183;571.119507
7184;453.767548
7185;453.767548
7186;450.767548
7187;456.767548
7188;369.71344
7189;423.71344
7190;718.71344
7191;851.71344
7192;1136.65356
7193;1229.65356
7194;1249.65356
7195;1280.65356
7196;1586.67407
7197;1463.67407
7198;1399.67407
7199;1363.67407
7200;1020.68414
7201;1088.6842
7202;1105.6842
7203;1235.6842
7204;1066.96008
7205;981.960022
7206;686.960022
7207;589.960022
7208;598.432007
7209;649.432007
7210;636.432007
7211;642.432007
7212;663.117676
7213;665.117676
7214;967.117676
7215;1134.11768
7216;1271.23865
7217;1241.23865
7218;1273.23865
7219;1204.23865
7220;1217.13135
7221;1235.13135
7222;1203.13135
7223;1107.13135
7224;1145.5033
7225;1131.5033
7226;1034.5033
7227;979.503235
7228;1205.72278
7229;1156.72278
7230;1106.72278
7231;1001.72278
7232;1027.42383
7233;1013.42383
7234;1019.42383
7235;1033.42383
7236;935.898682
7237;1013.89868
7238;1245.89868
7239;1393.89868
7240;1431.37048
7241;1420.37048
7242;1460.37048
7243;1370.37048
7244;1346.72607
7245;1291.72607
7246;1097.72607
7247;1046.72607
7248;1157.03687
7249;1156.03687
7250;1120.03687
7251;1147.03687
7252;1116.26782
7253;1090.26782
7254;1018.26776
7255;999.267761
7256;1009.71503
7257;988.715027
7258;968.715027
7259;992.715027
7260;898.120728
7261;969.120728
7262;1259.12085
7263;1405.12085
7264;1447.66345
7265;1426.66345
7266;1332.66345
7267;1292.66345
7268;1476.99329
7269;1450.99329
7270;1449.99329
7271;1330.99329
7272;1732.69946
7273;1713.69946
7274;1599.69946
7275;1713.69946
7276;1378.65271
7277;1221.65271
7278;1074.65271
7279;1008.65277
7280;903.167847
7281;904.167847
7282;886.167847
7283;929.167847
7284;878.536865
7285;908.536865
7286;1117.53687
7287;1213.53687
7288;1386.95483
7289;1441.95483
7290;1445.95483
7291;1397.95483
7292;1773.53259
7293;1809.53259
7294;1692.53259
7295;1655.53259
7296;1256.375
7297;1221.375
7298;1126.375
7299;1163.375
7300;936.832031
7301;873.832031
7302;849.832031
7303;805.832031
7304;765.216858
7305;701.216858
7306;604.216858
7307;568.216858
7308;554.379944
7309;450.379913
7310;315.379913
7311;317.379913
7312;320.68335
7313;321.68335
7314;321.68335
7315;321.68335
7316;318.98053
7317;321.98053
7318;300.98053
7319;264.98053
7320;293.814789
7321;292.814789
7322;290.814789
7323;298.814789
7324;388.656097
7325;387.656097
7326;383.656097
7327;382.656097
7328;354.147156
7329;353.147156
7330;350.147156
7331;351.147156
7332;446.414581
7333;443.414581
7334;446.414581
7335;441.414581
7336;430.145233
7337;432.145233
7338;430.145233
7339;429.145233
7340;298.816345
7341;298.816345
7342;298.816345
7343;298.816345
7344;399.495361
7345;400.495361
7346;403.495361
7347;409.495361
7348;504.878845
7349;504.878845
7350;503.878845
7351;498.878845
7352;847.244141
7353;846.244141
7354;843.244141
7355;849.244141
7356;595.327576
7357;641.327576
7358;935.327576
7359;1198.32764
7360;1481.95593
7361;1496.95593
7362;1422.95593
7363;1371.95593
7364;1274.23157
7365;1249.23157
7366;1163.23157
7367;1182.23157
7368;1151.8689
7369;1174.8689
7370;1145.8689
7371;1366.8689
7372;1431.43018
7373;1205.43018
7374;971.430237
7375;965.430237
7376;1237.37939
7377;1237.37939
7378;1246.37939
7379;1231.37939
7380;883.412537
7381;932.412537
7382;1294.41248
7383;1409.41248
7384;2063.89453
7385;2085.89453
7386;2036.89441
7387;1865.89441
7388;1715.88354
7389;1663.88354
7390;1633.88354
7391;1614.88354
7392;1324.45093
7393;1339.45093
7394;1272.45093
7395;1390.45093
7396;1240.39343
7397;1077.39343
7398;774.393433
7399;730.393433
7400;724.474731
7401;717.474731
7402;706.474731
7403;708.474731
7404;703.124268
7405;771.124268
7406;1126.12415
7407;1233.12415
7408;1291.0647
7409;1314.0647
7410;1269.0647
7411;1248.0647
7412;1286.73694
7413;1287.73694
7414;1212.73694
7415;1213.73694
7416;1284.03845
7417;1264.03845
7418;1238.03845
7419;1292.03845
7420;1290.69836
7421;1198.69836
7422;936.698486
7423;828.698486
7424;786.860046
7425;778.860046
7426;786.860046
7427;775.860046
7428;933.834595
7429;996.834595
7430;1285.83459
7431;1446.83459
7432;1735.76575
7433;1694.76575
7434;1695.76575
7435;1634.76575
7436;1591.42554
7437;1458.42554
7438;1387.42554
7439;1369.42554
7440;1171.85754
7441;1189.85754
7442;1162.85754
7443;1286.85754
7444;1166.35718
7445;1008.35718
7446;777.357178
7447;734.357178
7448;826.310181
7449;825.310181
7450;799.310181
7451;783.310181
7452;758.239929
7453;800.239929
7454;1055.23999
7455;1275.23999
7456;1270.15112
7457;1287.15112
7458;1231.15112
7459;1270.15112
7460;1390.29175
7461;1253.29175
7462;1167.29175
7463;1188.29175
7464;1477.77112
7465;1374.77112
7466;1324.77112
7467;1345.77112
7468;1080.93188
7469;1023.93188
7470;893.931885
7471;887.931885
7472;1163.32825
7473;1171.32825
7474;1165.32825
7475;1140.32825
7476;807.565369
7477;588.565369
7478;464.565369
7479;449.565369
7480;867.961121
7481;867.961121
7482;866.961121
7483;867.961121
7484;975.126099
7485;975.126099
7486;977.126099
7487;973.126099
7488;601.636292
7489;602.636292
7490;603.636292
7491;609.636292
7492;200.259583
7493;200.259583
7494;200.259583
7495;195.259583
7496;181.947754
7497;183.947754
7498;181.947754
7499;182.947754
7500;183.294418
7501;184.294418
7502;181.294418
7503;178.294418
7504;180.028244
7505;180.028244
7506;180.028244
7507;180.028244
7508;178.566284
7509;178.566284
7510;177.566284
7511;178.566284
7512;289.330017
7513;288.330017
7514;289.330017
7515;294.330017
7516;303.468414
7517;302.468414
7518;298.468414
7519;295.468414
7520;310.473633
7521;308.473633
7522;308.473633
7523;310.473633
7524;291.319244
7525;483.319244
7526;632.319275
7527;802.319275
7528;851.989624
7529;979.989624
7530;946.989624
7531;1050.98962
7532;1148.12317
7533;1058.12317
7534;1039.12317
7535;983.123108
7536;1417.66357
7537;1393.66357
7538;1589.66357
7539;1656.66357
7540;1053.91577
7541;812.915955
7542;673.915955
7543;647.915955
7544;714.746338
7545;682.746338
7546;638.746338
7547;650.746338
7548;1093.88428
7549;1321.88428
7550;1489.88428
7551;1480.88428
7552;1209.39014
7553;1239.39014
7554;1211.39014
7555;1230.39014
7556;1323.06567
7557;1253.06567
7558;1323.06567
7559;1367.06567
7560;1327.28748
7561;1276.28748
7562;1288.28748
7563;1292.28748
7564;1212.84961
7565;1064.84961
7566;978.849548
7567;978.849548
7568;884.936829
7569;880.936829
7570;869.936829
7571;856.936829
7572;891.712463
7573;1254.71252
7574;1341.71252
7575;1423.71252
7576;1581.96069
7577;1599.96069
7578;1553.96069
7579;1584.96069
7580;1638.76257
7581;1655.76257
7582;1609.76257
7583;1631.76257
7584;1663.02014
7585;1608.02014
7586;1663.02014
7587;1634.02014
7588;1137.30298
7589;880.302979
7590;866.302979
7591;860.302979
7592;826.012146
7593;778.012146
7594;731.012146
7595;714.012146
7596;796.279297
7597;1160.2793
7598;1299.2793
7599;1349.2793
7600;1259.71411
7601;1229.71411
7602;1269.71411
7603;1278.71411
7604;1343.76184
7605;1231.76184
7606;1239.76184
7607;1240.76184
7608;1313.0022
7609;1244.0022
7610;1345.0022
7611;1246.0022
7612;1055.60938
7613;844.609375
7614;705.609375
7615;729.609375
7616;808.973267
7617;799.973267
7618;679.973267
7619;703.973267
7620;880.273193
7621;1248.27319
7622;1337.27319
7623;1424.27319
7624;1361.77893
7625;1295.77893
7626;1142.77893
7627;1253.77893
7628;1139.52844
7629;974.52832
7630;999.52832
7631;1033.52844
7632;1262.15527
7633;1182.15527
7634;1259.15527
7635;1191.15527
7636;1170.57373
7637;1085.57373
7638;1045.57373
7639;1019.57373
7640;973.773682
7641;939.773682
7642;900.773682
7643;722.773682
7644;334.900665
7645;319.900665
7646;272.900665
7647;262.900665
7648;245.951691
7649;245.951691
7650;248.951691
7651;251.951691
7652;454.421997
7653;453.421997
7654;451.421997
7655;453.421997
7656;522.3927
7657;521.3927
7658;523.3927
7659;524.3927
7660;506.398407
7661;501.398407
7662;500.398407
7663;497.398407
7664;581.520996
7665;578.520996
7666;576.520996
7667;578.520996
7668;716.24762
7669;715.24762
7670;711.24762
7671;707.24762
7672;889.429749
7673;887.429749
7674;890.429749
7675;891.429749
7676;979.874329
7677;981.874329
7678;980.874329
7679;982.874329
7680;242.712738
7681;240.712738
7682;242.712738
7683;245.712738
7684;192.928116
7685;192.928116
7686;189.928116
7687;186.928116
7688;186.399521
7689;184.399521
7690;184.399521
7691;187.399521
7692;236.408188
7693;565.408203
7694;810.408203
7695;910.408203
7696;908.206299
7697;1006.2063
7698;982.206299
7699;1174.2063
7700;1253.43738
7701;1208.43738
7702;1151.43738
7703;1049.43738
7704;961.701538
7705;854.701538
7706;886.701538
7707;935.701538
7708;901.936462
7709;773.936462
7710;659.936462
7711;677.936462
7712;760.059448
7713;784.059448
7714;824.059448
7715;868.059448
7716;921.584351
7717;1184.58423
7718;1283.58423
7719;1344.58423
7720;1324.84863
7721;1362.84863
7722;1350.84863
7723;1445.84863
7724;1314.19629
7725;1211.19629
7726;1200.19629
7727;1079.19629
7728;1194.5697
7729;1210.5697
7730;1208.5697
7731;1226.5697
7732;1002.32263
7733;824.322632
7734;724.322632
7735;687.322632
7736;676.114929
7737;697.114929
7738;741.114929
7739;730.114929
7740;739.553101
7741;1056.5531
7742;1274.5531
7743;1292.5531
7744;1310.42371
7745;1284.42371
7746;1226.42371
7747;1307.42371
7748;1378.26611
7749;1256.26611
7750;1220.26611
7751;1135.26611
7752;1106.86389
7753;1140.86389
7754;1226.86389
7755;1233.86389
7756;1169.3208
7757;1099.3208
7758;1087.3208
7759;1068.3208
7760;1110.60181
7761;1101.60181
7762;1076.60181
7763;1089.60181
7764;981.300354
7765;1213.30042
7766;1338.30042
7767;1382.30042
7768;1747.99927
7769;1761.99927
7770;1747.99927
7771;1764.99927
7772;1563.22046
7773;1452.22046
7774;1373.22046
7775;1414.22046
7776;1095.67517
7777;1057.67517
7778;1081.67517
7779;1087.67517
7780;964.617554
7781;735.617554
7782;705.617554
7783;529.617554
7784;639.350342
7785;650.350342
7786;650.350342
7787;658.350342
7788;713.859924
7789;915.859924
7790;1048.85999
7791;1050.85999
7792;1071.06848
7793;1021.06848
7794;1010.06848
7795;1108.06848
7796;1131.1554
7797;1068.1554
7798;1014.15546
7799;961.155457
7800;924.16449
7801;727.16449
7802;778.16449
7803;809.16449
7804;772.994019
7805;758.994019
7806;746.994019
7807;713.994019
7808;743.614685
7809;756.614685
7810;730.614685
7811;700.614685
7812;805.197449
7813;681.197449
7814;699.197449
7815;700.197449
7816;412.015778
7817;422.015778
7818;410.015778
7819;425.015778
7820;372.120758
7821;345.120758
7822;324.120758
7823;305.120758
7824;409.392303
7825;410.392303
7826;410.392303
7827;412.392303
7828;238.377335
7829;238.377335
7830;235.377335
7831;234.377335
7832;232.284775
7833;228.284775
7834;229.284775
7835;232.284775
7836;235.136246
7837;236.136246
7838;229.136246
7839;226.136246
7840;194.479446
7841;195.479446
7842;196.479446
7843;197.479446
7844;269.750061
7845;268.750061
7846;269.750061
7847;268.750061
7848;600.268188
7849;601.268188
7850;600.268188
7851;605.268188
7852;571.161865
7853;573.161865
7854;569.161865
7855;569.161865
7856;448.512726
7857;448.512726
7858;453.512726
7859;455.512726
7860;406.5578
7861;462.5578
7862;904.5578
7863;1102.55774
7864;1207.5481
7865;1187.5481
7866;1145.5481
7867;1196.5481
7868;1376.04517
7869;1171.04517
7870;1204.04517
7871;1346.04517
7872;1157.19104
7873;1116.19104
7874;1155.19104
7875;1128.19104
7876;863.491882
7877;698.491882
7878;697.491882
7879;675.491882
7880;681.962891
7881;682.962891
7882;674.962891
7883;686.962891
7884;754.186401
7885;1107.1864
7886;1231.1864
7887;1256.1864
7888;1262.13269
7889;1272.13269
7890;1220.13269
7891;1261.13269
7892;1261.32581
7893;1220.32581
7894;1181.32581
7895;1145.32581
7896;1195.60046
7897;1100.60046
7898;1154.60046
7899;1094.60046
7900;1234.78674
7901;1058.78674
7902;1035.78674
7903;1035.78674
7904;1050.63794
7905;1039.63794
7906;1036.63794
7907;1041.63794
7908;996.533752
7909;1212.53381
7910;1269.53381
7911;1278.53381
7912;1201.14722
7913;1177.14722
7914;1199.14722
7915;1281.14722
7916;1213.3927
7917;1206.3927
7918;1148.3927
7919;1144.3927
7920;1283.53149
7921;1244.53149
7922;1294.53149
7923;1262.53149
7924;1131.99634
7925;1017.99628
7926;921.996277
7927;859.996277
7928;880.081604
7929;858.081604
7930;866.081604
7931;864.081604
7932;858.482971
7933;1136.48303
7934;1276.48303
7935;1333.48303
7936;1326.54529
7937;1271.54529
7938;1113.54529
7939;1160.54529
7940;1257.16199
7941;1179.16199
7942;1165.16199
7943;1215.16199
7944;1659.39221
7945;1567.39221
7946;1570.39221
7947;1556.39221
7948;1149.66553
7949;980.665588
7950;943.665588
7951;940.665588
7952;802.921997
7953;809.921997
7954;808.921997
7955;812.921997
7956;871.501343
7957;1138.50134
7958;1195.50134
7959;1153.50134
7960;1202.38428
7961;1161.38428
7962;1160.38428
7963;1122.38428
7964;1347.80835
7965;1270.80835
7966;1248.80835
7967;1199.80835
7968;798.440369
7969;624.440369
7970;650.440369
7971;662.440369
7972;438.836273
7973;418.836273
7974;411.836273
7975;404.836273
7976;350.185822
7977;345.185822
7978;351.185822
7979;316.185822
7980;296.347565
7981;214.347565
7982;204.347565
7983;201.347565
7984;206.667908
7985;202.667908
7986;198.667908
7987;195.667908
7988;192.993652
7989;191.993652
7990;192.993652
7991;191.993652
7992;221.800171
7993;223.800171
7994;222.800171
7995;219.800171
7996;318.894043
7997;317.894043
7998;314.894043
7999;316.894043
8000;290.931335
8001;289.931335
8002;287.931335
8003;288.931335
8004;376.009857
8005;377.009857
8006;371.009857
8007;370.009857
8008;354.507751
8009;355.507751
8010;355.507751
8011;357.507751
8012;219.247406
8013;221.247406
8014;221.247406
8015;221.247406
8016;323.600922
8017;321.600922
8018;321.600922
8019;324.600922
8020;423.573151
8021;427.573151
8022;424.573151
8023;423.573151
8024;774.34375
8025;774.34375
8026;778.34375
8027;778.34375
8028;556.782104
8029;779.782104
8030;1052.7821
8031;1075.7821
8032;1254.47205
8033;1292.47205
8034;1215.47205
8035;1250.47205
8036;923.913208
8037;790.913208
8038;662.913208
8039;657.913208
8040;556.812683
8041;530.812683
8042;555.812683
8043;554.812683
8044;616.469482
8045;568.469482
8046;553.469482
8047;556.469482
8048;822.792358
8049;820.792358
8050;826.792358
8051;832.792358
8052;546.477112
8053;825.477112
8054;914.477112
8055;1034.47717
8056;1575.09241
8057;1662.09241
8058;1593.09241
8059;1501.09241
8060;1155.14844
8061;994.148438
8062;987.148438
8063;954.148438
8064;589.666931
8065;545.666931
8066;589.666931
8067;585.666931
8068;408.630676
8069;309.630676
8070;301.630676
8071;298.630676
8072;267.805603
8073;273.805603
8074;268.805603
8075;277.805603
8076;354.741241
8077;706.741272
8078;908.741272
8079;912.741272
8080;905.670593
8081;939.670593
8082;847.670593
8083;900.670593
8084;793.291565
8085;564.291565
8086;488.291565
8087;441.291565
8088;510.478149
8089;467.478149
8090;485.478149
8091;511.478149
8092;484.035522
8093;425.035522
8094;431.035522
8095;426.035522
8096;376.7034
8097;371.7034
8098;376.7034
8099;369.7034
8100;530.805847
8101;792.805847
8102;915.805847
8103;971.805847
8104;1012.47009
8105;1186.47009
8106;1027.47009
8107;1078.47009
8108;890.851013
8109;846.851013
8110;833.851013
8111;783.851013
8112;630.688965
8113;593.688965
8114;649.688965
8115;557.688965
8116;286.395172
8117;237.395172
8118;280.395172
8119;273.395172
8120;346.396881
8121;342.396881
8122;334.396881
8123;330.396881
8124;327.085358
8125;265.085358
8126;252.085327
8127;249.085327
8128;187.916718
8129;190.916718
8130;193.916718
8131;192.916718
8132;360.859314
8133;311.859314
8134;357.859314
8135;263.859314
8136;627.038696
8137;650.038696
8138;627.038696
8139;652.038696
8140;423.031555
8141;423.031555
8142;421.031555
8143;422.031555
8144;708.191223
8145;704.191223
8146;704.191223
8147;705.191223
8148;444.584259
8149;438.584259
8150;436.584259
8151;431.584259
8152;856.076782
8153;857.076782
8154;858.076782
8155;858.076782
8156;966.293152
8157;968.293152
8158;967.293152
8159;967.293152
8160;598.168579
8161;596.168579
8162;596.168579
8163;599.168579
8164;194.863495
8165;198.863495
8166;192.863495
8167;192.863495
8168;181.452209
8169;179.452209
8170;179.452209
8171;177.452209
8172;178.583618
8173;172.583618
8174;171.583618
8175;170.583618
8176;172.168961
8177;173.168961
8178;174.168961
8179;176.168961
8180;175.474609
8181;174.474609
8182;174.474609
8183;174.474609
8184;285.218903
8185;285.218903
8186;283.218903
8187;286.218903
8188;297.130524
8189;296.130524
8190;295.130524
8191;294.130524
8192;309.763062
8193;306.763062
8194;304.763062
8195;306.763062
8196;250.41394
8197;248.413956
8198;241.413956
8199;239.413956
8200;220.919861
8201;221.919861
8202;223.919861
8203;224.919861
8204;305.084412
8205;305.084412
8206;304.084412
8207;304.084412
8208;676.31311
8209;675.31311
8210;674.31311
8211;676.31311
8212;184.305679
8213;184.305679
8214;182.305679
8215;180.305679
8216;226.30864
8217;225.30864
8218;224.30864
8219;227.30864
8220;564.267334
8221;699.267334
8222;778.267334
8223;809.267334
8224;517.145996
8225;526.145996
8226;478.145966
8227;516.145996
8228;579.606873
8229;551.606873
8230;525.606873
8231;531.606873
8232;517.288269
8233;468.28833
8234;511.28833
8235;511.28833
8236;481.869324
8237;458.869324
8238;449.869324
8239;434.869324
8240;402.252258
8241;400.252258
8242;401.252258
8243;398.252258
8244;404.258209
8245;495.258209
8246;534.258179
8247;564.258179
8248;742.818542
8249;736.818542
8250;706.818542
8251;708.818542
8252;674.766602
8253;748.766602
8254;742.766602
8255;663.766602
8256;761.004272
8257;734.004272
8258;780.004272
8259;777.004272
8260;413.918823
8261;322.918823
8262;314.918823
8263;310.918823
8264;207.386398
8265;244.386398
8266;281.386414
8267;286.386414
8268;252.674179
8269;405.674194
8270;355.674194
8271;451.674194
8272;416.132233
8273;428.132233
8274;455.132233
8275;400.132233
8276;384.181854
8277;430.181854
8278;446.181854
8279;334.181854
8280;409.426392
8281;349.426392
8282;306.426392
8283;379.426392
8284;351.048401
8285;277.048401
8286;265.048401
8287;251.048401
8288;347.313721
8289;344.313721
8290;342.313721
8291;344.313721
8292;320.096649
8293;516.09668
8294;566.096741
8295;543.096741
8296;520.794189
8297;518.794189
8298;473.794159
8299;500.794159
8300;490.496368
8301;498.496368
8302;396.496368
8303;459.496368
8304;735.730774
8305;677.730774
8306;730.730774
8307;705.730774
8308;763.03241
8309;695.03241
8310;682.03241
8311;678.03241
8312;653.443237
8313;650.443237
8314;609.443237
8315;647.443237
8316;274.846497
8317;297.846497
8318;277.846497
8319;309.846497
8320;290.187103
8321;291.187103
8322;250.187134
8323;296.187103
8324;499.416809
8325;506.416809
8326;516.416809
8327;515.416809
8328;527.715088
8329;525.715088
8330;523.715088
8331;523.715088
8332;514.958069
8333;515.958069
8334;513.958069
8335;512.958069
8336;595.820374
8337;592.820374
8338;561.820374
8339;593.820374
8340;699.743835
8341;699.743835
8342;695.743835
8343;726.743835
8344;850.467163
8345;909.467163
8346;907.467163
8347;908.467163
8348;970.719177
8349;1000.71918
8350;999.719177
8351;999.719177
8352;260.07193
8353;261.07193
8354;257.07193
8355;262.07193
8356;177.604889
8357;210.604889
8358;207.604889
8359;176.604889
8360;207.259247
8361;203.259247
8362;204.259247
8363;205.259247
8364;250.34993
8365;516.349915
8366;539.349976
8367;423.349945
8368;591.189148
8369;597.189148
8370;780.189148
8371;716.189148
8372;870.451355
8373;860.451355
8374;722.451355
8375;629.451355
8376;557.71936
8377;620.71936
8378;661.71936
8379;575.71936
8380;570.317688
8381;434.317657
8382;453.317657
8383;485.317657
8384;532.909607
8385;530.909607
8386;557.909607
8387;633.909607
8388;675.890137
8389;1062.89001
8390;1220.89001
8391;1275.89001
8392;1282.05005
8393;1269.05005
8394;1172.05005
8395;1217.05005
8396;1147.42944
8397;1068.42944
8398;1031.42944
8399;939.429504
8400;1105.32214
8401;1043.32214
8402;1069.32214
8403;1014.32202
8404;885.994446
8405;775.994446
8406;737.994446
8407;747.994446
8408;739.950623
8409;736.950623
8410;735.950623
8411;732.950623
8412;765.09436
8413;1062.09448
8414;1244.09448
8415;1301.09448
8416;1305.75427
8417;1316.75427
8418;1193.75427
8419;1279.75427
8420;1402.23523
8421;1206.23523
8422;1041.23523
8423;1005.23523
8424;1177.72925
8425;1108.72925
8426;1136.72925
8427;1145.72925
8428;1180.55774
8429;1062.55774
8430;1043.55774
8431;1051.55774
8432;1044.14893
8433;1052.14893
8434;1040.14893
8435;1043.14893
8436;960.031677
8437;1362.03174
8438;1556.03174
8439;1580.03174
8440;1949.901
8441;1908.901
8442;1854.901
8443;1869.901
8444;1649.35657
8445;1556.35657
8446;1459.35657
8447;1502.35657
8448;1117.8385
8449;1053.8385
8450;1152.8385
8451;1127.8385
8452;1023.6665
8453;840.666504
8454;729.666504
8455;705.666504
8456;670.379272
8457;654.379272
8458;657.379272
8459;658.379272
8460;663.817688
8461;997.817688
8462;1201.81775
8463;1185.81775
8464;1117.83411
8465;1061.83411
8466;1149.83411
8467;1221.83411
8468;1181.82898
8469;1154.82898
8470;1109.82898
8471;1052.82898
8472;1042.79114
8473;1022.79108
8474;973.791077
8475;750.791077
8476;779.193359
8477;744.193359
8478;729.193359
8479;742.193359
8480;810.675171
8481;796.675171
8482;787.675171
8483;742.675171
8484;759.213257
8485;610.213257
8486;604.213257
8487;600.213257
8488;311.463928
8489;312.463928
8490;314.463928
8491;313.463928
8492;260.078033
8493;262.078033
8494;264.078033
8495;263.078033
8496;402.87146
8497;403.87146
8498;397.87146
8499;397.87146
8500;225.525681
8501;228.525681
8502;226.525681
8503;223.525681
8504;222.363525
8505;219.363525
8506;220.363525
8507;222.363525
8508;223.385818
8509;220.385818
8510;219.385818
8511;217.385818
8512;185.400833
8513;187.400833
8514;189.400833
8515;190.400833
8516;263.56665
8517;263.56665
8518;264.56665
8519;264.56665
8520;602.84375
8521;601.84375
8522;596.84375
8523;597.84375
8524;570.353271
8525;570.353271
8526;570.353271
8527;570.353271
8528;451.164917
8529;447.164917
8530;454.164917
8531;457.164917
8532;407.459991
8533;694.460022
8534;1016.46002
8535;972.460022
8536;1113.64087
8537;1143.64087
8538;1114.64087
8539;1154.64087
8540;1399.01294
8541;1298.01294
8542;1287.01294
8543;1287.01294
8544;1027.23767
8545;1065.23767
8546;1071.23767
8547;994.23761
8548;821.920715
8549;649.920715
8550;691.920715
8551;722.920715
8552;722.432007
8553;732.432007
8554;717.432007
8555;737.432007
8556;770.759033
8557;959.759033
8558;1174.75903
8559;1258.75903
8560;1343.77942
8561;1304.77942
8562;1205.77942
8563;1297.77942
8564;1257.04736
8565;1237.04736
8566;1169.04736
8567;1166.04736
8568;1190.48962
8569;1201.48962
8570;1137.48962
8571;1102.48962
8572;1231.88538
8573;1013.88538
8574;975.885376
8575;968.885376
8576;969.363098
8577;968.363098
8578;972.363098
8579;938.363098
8580;863.242065
8581;1169.24207
8582;1293.24207
8583;1384.24207
8584;1325.58752
8585;1366.58752
8586;1352.58752
8587;1422.58752
8588;1226.51111
8589;1008.51105
8590;932.511047
8591;939.511047
8592;1095.91211
8593;1102.91211
8594;1127.91211
8595;1156.91211
8596;1123.0127
8597;923.012756
8598;891.012756
8599;882.012756
8600;848.727539
8601;860.727539
8602;854.727539
8603;870.727539
8604;872.516174
8605;1155.51624
8606;1264.51624
8607;1269.51624
8608;1244.46741
8609;1195.46741
8610;1142.46741
8611;1197.46741
8612;1286.92029
8613;1342.92029
8614;1293.92029
8615;1300.92029
8616;1665.92993
8617;1687.92993
8618;1605.92993
8619;1580.92993
8620;1268.40771
8621;1026.40771
8622;1008.40784
8623;961.407837
8624;843.151062
8625;839.151062
8626;843.151062
8627;853.151062
8628;909.697449
8629;1225.69751
8630;1291.69751
8631;1326.69751
8632;1393.21387
8633;1370.21387
8634;1402.21387
8635;1361.21387
8636;1786.90332
8637;1740.90332
8638;1622.90332
8639;1596.90332
8640;1105.74573
8641;977.745789
8642;915.745789
8643;877.745789
8644;700.192078
8645;617.192078
8646;587.192078
8647;586.192078
8648;508.705109
8649;488.705109
8650;442.705109
8651;437.705109
8652;391.750916
8653;225.750916
8654;251.750916
8655;253.750916
8656;262.489471
8657;261.489471
8658;251.489471
8659;251.489471
8660;204.394852
8661;181.394852
8662;182.394852
8663;178.394852
8664;203.677444
8665;205.677444
8666;204.677444
8667;200.677444
8668;287.113068
8669;289.113068
8670;288.113068
8671;287.113068
8672;264.267303
8673;260.267303
8674;260.267303
8675;263.267303
8676;339.240784
8677;335.240784
8678;335.240784
8679;334.240784
8680;324.334106
8681;322.334106
8682;323.334106
8683;324.334106
8684;209.642654
8685;207.642654
8686;208.642654
8687;207.642654
8688;298.994629
8689;298.994629
8690;296.994629
8691;296.994629
8692;388.225708
8693;392.225708
8694;392.225708
8695;392.225708
8696;691.869995
8697;688.869995
8698;666.869995
8699;691.869995
8700;506.131592
8701;848.131653
8702;1071.13159
8703;1095.13159
8704;1278.01306
8705;1330.01306
8706;1390.01306
8707;1423.01306
8708;1238.26514
8709;1183.26514
8710;1262.26514
8711;1320.26514
8712;1206.20154
8713;1152.20154
8714;1202.20154
8715;1211.20154
8716;1279.32788
8717;949.327881
8718;906.327881
8719;950.327881
8720;1215.67932
8721;1221.67932
8722;1216.67932
8723;1211.67932
8724;978.764526
8725;1216.76453
8726;1363.76453
8727;1391.76453
8728;1892.85767
8729;1935.85767
8730;1882.85767
8731;1845.85767
8732;1344.81714
8733;848.8172
8734;1575.81714
8735;1531.81714
8736;1248.24988
8737;1198.24988
8738;1211.24988
8739;1190.24988
8740;985.63739
8741;887.63739
8742;847.63739
8743;818.63739
8744;807.125
8745;759.125
8746;740.125
8747;737.125
8748;787.35376
8749;1076.35376
8750;1181.35376
8751;1220.35376
8752;1305.84863
8753;1276.84863
8754;1214.84863
8755;1325.84863
8756;1310.0304
8757;1151.0304
8758;1151.0304
8759;694.030457
8760;789.408325
8761;781.408325
8762;793.408325
8763;1076.40833
8764;1232.07532
8765;1297.07532
8766;1247.07532
8767;1208.07532
8768;1116.11816
8769;1202.11816
8770;1179.11816
8771;1173.11816
8772;1352.2312
8773;1321.2312
8774;1287.2312
8775;1202.2312
8776;1493.26404
8777;1414.26404
8778;1397.26404
8779;1234.26404
8780;1094.73486
8781;1118.73486
8782;1082.73486
8783;1059.73486
8784;871.492004
8785;870.492004
8786;892.492004
8787;1174.49194
8788;1098.18677
8789;1205.18677
8790;1152.18677
8791;1160.18677
8792;1163.87354
8793;1167.87354
8794;1144.87354
8795;1167.87354
8796;1164.55505
8797;1147.55505
8798;1103.55505
8799;1080.55505
8800;1045.33215
8801;973.332214
8802;803.332214
8803;579.332214
8804;699.268433
8805;736.268433
8806;755.268433
8807;758.268433
8808;1061.06055
8809;1088.06055
8810;1155.06055
8811;1391.06055
8812;1224.28943
8813;1321.28943
8814;1312.28943
8815;1360.28943
8816;1533.80457
8817;1653.80457
8818;1616.80457
8819;1638.80457
8820;1431.02136
8821;1374.02136
8822;1388.02136
8823;1313.02136
8824;1730.51099
8825;1704.51099
8826;1578.51099
8827;1372.51099
8828;1501.20471
8829;1418.20471
8830;1398.20471
8831;1392.20471
8832;1057.11609
8833;1048.11609
8834;1074.11609
8835;1269.11609
8836;1101.25781
8837;1118.25781
8838;1074.25781
8839;1105.25781
8840;1049.15857
8841;1099.15857
8842;1123.15857
8843;1072.15857
8844;984.451477
8845;950.451477
8846;961.451477
8847;871.451477
8848;850.062317
8849;707.062317
8850;692.062317
8851;603.062317
8852;537.89032
8853;542.89032
8854;531.89032
8855;533.89032
8856;619.517212
8857;635.517212
8858;521.517212
8859;447.517181
8860;422.34964
8861;434.34964
8862;423.34964
8863;382.34964
8864;373.379395
8865;354.379395
8866;350.379395
8867;318.379395
8868;224.521011
8869;225.521011
8870;226.521011
8871;224.521011
8872;205.745346
8873;207.745346
8874;208.745346
8875;214.745346
8876;280.692017
8877;280.692017
8878;281.692017
8879;278.692017
8880;597.913452
8881;598.913452
8882;593.913452
8883;591.913452
8884;156.045227
8885;153.045227
8886;156.045227
8887;157.045227
8888;196.65329
8889;197.65329
8890;198.65329
8891;199.65329
8892;472.153442
8893;472.153442
8894;472.153442
8895;474.153442
8896;210.233643
8897;209.233643
8898;207.233643
8899;215.233643
8900;268.216492
8901;269.216492
8902;267.216492
8903;265.216492
8904;265.354706
8905;266.354706
8906;263.354706
8907;260.354706
8908;328.755219
8909;325.755219
8910;325.755219
8911;328.755219
8912;304.694611
8913;304.694611
8914;301.694611
8915;302.694611
8916;282.089355
8917;282.089355
8918;283.089355
8919;283.089355
8920;440.562134
8921;437.562134
8922;440.562134
8923;446.562134
8924;487.953064
8925;486.953064
8926;494.953064
8927;494.953064
8928;513.330322
8929;515.330322
8930;537.330322
8931;775.330322
8932;809.131348
8933;890.131348
8934;941.131348
8935;1090.13135
8936;1052.39417
8937;1139.39417
8938;1163.39417
8939;1167.39417
8940;1075.76196
8941;997.761963
8942;1061.76196
8943;1058.76196
8944;1045.97375
8945;999.973755
8946;928.973755
8947;721.973755
8948;721.796692
8949;713.796692
8950;691.796692
8951;699.796692
8952;702.191345
8953;703.191345
8954;751.191345
8955;965.191345
8956;1117.15271
8957;1230.15271
8958;1209.15271
8959;1272.15271
8960;1271.8667
8961;1354.8667
8962;1314.8667
8963;1289.8667
8964;1168.52319
8965;1173.52319
8966;1181.52319
8967;1170.52319
8968;1075.95142
8969;1061.95142
8970;873.951477
8971;726.951477
8972;725.155945
8973;713.155945
8974;715.155945
8975;710.155945
8976;956.463623
8977;959.463623
8978;977.463623
8979;1234.46362
8980;1501.69275
8981;1568.69275
8982;1495.69275
8983;1536.69275
8984;1478.22986
8985;1498.22986
8986;1474.22986
8987;1459.22986
8988;1146.86316
8989;1122.86316
8990;1126.86316
8991;1080.86316
8992;1083.62317
8993;1003.62317
8994;964.623169
8995;765.623169
8996;956.936829
8997;931.936829
8998;903.936829
8999;894.936829
9000;942.825684
9001;961.825684
9002;967.825684
9003;1151.82568
9004;1249.18213
9005;1285.18213
9006;1216.18213
9007;1302.18213
9008;1261.01855
9009;1262.01855
9010;1230.01855
9011;1206.01855
9012;1283.35864
9013;1205.35864
9014;1112.35864
9015;1063.35864
9016;1108.27136
9017;1062.27136
9018;1069.27136
9019;1096.27136
9020;1196.37195
9021;1188.37195
9022;1182.37195
9023;1163.37195
9024;504.931183
9025;435.931183
9026;355.931183
9027;220.931168
9028;169.817688
9029;168.817688
9030;169.817688
9031;171.817688
9032;169.58844
9033;170.58844
9034;167.58844
9035;165.58844
9036;163.863815
9037;164.863815
9038;166.863815
9039;167.863815
9040;159.618271
9041;161.618271
9042;164.618271
9043;168.618271
9044;170.956833
9045;168.956833
9046;168.956833
9047;164.956833
9048;169.813171
9049;171.813171
9050;168.813171
9051;165.813171
9052;232.925247
9053;229.925247
9054;232.925247
9055;230.925247
9056;337.005981
9057;339.005981
9058;339.005981
9059;338.005981
9060;302.892792
9061;301.892792
9062;301.892792
9063;303.892792
9064;297.099243
9065;296.099243
9066;301.099243
9067;304.099243
9068;176.412384
9069;175.412384
9070;172.412384
9071;172.412384
9072;302.141815
9073;304.141815
9074;328.141815
9075;492.141815
9076;666.169373
9077;733.169373
9078;856.169373
9079;855.169373
9080;936.075073
9081;962.075073
9082;966.075073
9083;899.075073
9084;876.707275
9085;836.707275
9086;881.707275
9087;991.707275
9088;1015.76764
9089;961.767639
9090;960.767639
9091;735.767639
9092;749.657715
9093;734.657715
9094;689.657715
9095;649.657715
9096;866.851929
9097;892.851929
9098;904.851929
9099;1231.85193
9100;1393.47034
9101;1386.47034
9102;1368.47034
9103;1361.47034
9104;1316.8092
9105;1379.8092
9106;1332.8092
9107;1312.8092
9108;1142.85413
9109;1150.85413
9110;1159.85413
9111;1131.85413
9112;1465.44885
9113;1400.44885
9114;1393.44885
9115;1205.44885
9116;980.436951
9117;972.436951
9118;965.436951
9119;990.436951
9120;703.21991
9121;689.21991
9122;714.21991
9123;836.21991
9124;951.45752
9125;984.45752
9126;1096.45752
9127;1114.45752
9128;1051.1864
9129;1058.1864
9130;1032.1864
9131;1000.18634
9132;861.182556
9133;853.182556
9134;811.182556
9135;837.182556
9136;843.012146
9137;767.012146
9138;595.012146
9139;572.012146
9140;552.169434
9141;524.169434
9142;527.169434
9143;530.169434
9144;544.21637
9145;493.2164
9146;482.2164
9147;470.2164
9148;538.040344
9149;514.040344
9150;407.040283
9151;319.040283
9152;343.154572
9153;341.154572
9154;341.154572
9155;345.154572
9156;535.409729
9157;533.409729
9158;535.409729
9159;533.409729
9160;278.728271
9161;276.728271
9162;280.728271
9163;287.728271
9164;237.14238
9165;235.14238
9166;234.14238
9167;232.14238
9168;359.895386
9169;363.895386
9170;379.895386
9171;653.895447
9172;550.437683
9173;562.437683
9174;602.437683
9175;622.437683
9176;608.605286
9177;595.605286
9178;505.605255
9179;510.605255
9180;508.398346
9181;496.398346
9182;488.398346
9183;453.398346
9184;382.453033
9185;260.453033
9186;180.453049
9187;180.453049
9188;241.779037
9189;240.779037
9190;237.779037
9191;235.779037
9192;531.061035
9193;532.061035
9194;533.061035
9195;531.061035
9196;503.161987
9197;502.161987
9198;501.161987
9199;500.161987
9200;396.723175
9201;396.723175
9202;395.723175
9203;398.723175
9204;316.22876
9205;317.22876
9206;320.22876
9207;321.22876
9208;406.755066
9209;405.755066
9210;406.755066
9211;414.755066
9212;536.075256
9213;536.075256
9214;536.075256
9215;534.075256
9216;304.374023
9217;307.374023
9218;300.374023
9219;297.374023
9220;159.747299
9221;160.747299
9222;161.747299
9223;162.747299
9224;164.231155
9225;166.231155
9226;168.231155
9227;164.231155
9228;164.122345
9229;165.122345
9230;165.122345
9231;165.122345
9232;169.474823
9233;165.474823
9234;171.474823
9235;175.474823
9236;165.825027
9237;165.825027
9238;164.825027
9239;162.825027
9240;206.413162
9241;207.413162
9242;231.413162
9243;408.413147
9244;836.635498
9245;843.635498
9246;834.635498
9247;880.635498
9248;860.119446
9249;983.119446
9250;994.119446
9251;1027.11938
9252;926.569824
9253;927.569824
9254;1003.56982
9255;1030.56982
9256;1028.64429
9257;1012.64435
9258;982.644348
9259;749.644348
9260;703.458496
9261;708.458496
9262;703.458496
9263;702.458496
9264;838.465027
9265;823.465027
9266;844.465027
9267;1014.46503
9268;1176.86389
9269;1178.86389
9270;1143.86389
9271;1184.86389
9272;1227.99768
9273;1205.99768
9274;1189.99768
9275;1239.99768
9276;1222.28394
9277;1175.28394
9278;1147.28394
9279;1131.28394
9280;1083.66235
9281;991.662231
9282;871.662231
9283;773.662231
9284;829.731262
9285;827.731262
9286;814.731262
9287;817.731262
9288;1143.56299
9289;1149.56299
9290;1163.56299
9291;1280.56299
9292;1216.02466
9293;1330.02466
9294;1400.02466
9295;1405.02466
9296;1256.86133
9297;1273.86133
9298;1295.86133
9299;1247.86133
9300;1281.68335
9301;1309.68335
9302;1307.68335
9303;1272.68335
9304;1305.5249
9305;1245.5249
9306;1100.5249
9307;933.524841
9308;1276.01477
9309;1277.01477
9310;1247.01477
9311;1225.01477
9312;903.850952
9313;910.850952
9314;944.850952
9315;1193.85083
9316;1192.20654
9317;1287.20654
9318;1257.20654
9319;1292.20654
9320;1123.06653
9321;1182.06653
9322;1196.06653
9323;1112.06653
9324;1072.38367
9325;1152.38367
9326;1095.38367
9327;1028.38367
9328;1037.43872
9329;1034.43872
9330;906.438721
9331;757.438721
9332;718.368103
9333;716.368103
9334;702.368103
9335;693.368103
9336;711.659607
9337;730.659607
9338;747.659607
9339;985.659607
9340;1201.88672
9341;1280.88672
9342;1265.88672
9343;1066.88672
9344;1241.59973
9345;1189.59973
9346;1133.59973
9347;1087.59973
9348;1065.91577
9349;1023.91559
9350;931.915588
9351;761.915588
9352;602.819275
9353;697.819275
9354;699.819275
9355;669.819275
9356;576.216736
9357;515.216736
9358;499.216705
9359;500.216705
9360;588.01709
9361;551.01709
9362;483.017151
9363;326.017151
9364;380.492859
9365;377.492859
9366;375.492859
9367;375.492859
9368;678.831909
9369;680.831909
9370;681.831909
9371;681.831909
9372;459.246338
9373;459.246338
9374;456.246338
9375;454.246338
9376;620.106567
9377;619.106567
9378;619.106567
9379;627.106567
9380;380.773468
9381;380.773468
9382;380.773468
9383;377.773468
9384;297.161224
9385;297.161224
9386;292.161224
9387;287.161224
9388;379.124695
9389;378.124695
9390;379.124695
9391;377.124695
9392;627.924133
9393;630.924133
9394;629.924133
9395;629.924133
9396;318.072052
9397;319.072052
9398;321.072052
9399;319.072052
9400;825.917725
9401;824.917725
9402;828.917725
9403;834.917725
9404;554.385803
9405;554.385803
9406;553.385803
9407;554.385803
9408;280.607544
9409;281.607544
9410;319.607544
9411;693.607544
9412;785.68042
9413;849.68042
9414;938.68042
9415;896.68042
9416;837.939392
9417;947.939392
9418;906.939392
9419;861.939392
9420;851.524231
9421;831.524231
9422;895.524231
9423;836.524231
9424;881.054749
9425;892.054749
9426;822.054749
9427;619.054749
9428;589.168213
9429;586.168213
9430;563.168213
9431;542.168213
9432;686.782471
9433;697.782471
9434;727.782471
9435;888.782471
9436;1093.6908
9437;1262.6908
9438;1279.6908
9439;1250.6908
9440;1202.0741
9441;1236.0741
9442;1218.0741
9443;1194.0741
9444;1300.75476
9445;1371.75476
9446;1346.75476
9447;1299.75476
9448;1480.47583
9449;1465.47583
9450;1398.47583
9451;1107.47583
9452;967.057739
9453;957.057739
9454;954.057739
9455;960.057739
9456;861.997681
9457;863.997681
9458;906.997681
9459;1180.9978
9460;1074.06262
9461;1211.06262
9462;1154.06262
9463;1167.06262
9464;1180.91602
9465;1191.91602
9466;1218.91602
9467;1144.91602
9468;1079.34351
9469;1068.34351
9470;1023.34332
9471;973.343323
9472;1006.32391
9473;951.323914
9474;882.323914
9475;787.323914
9476;842.061707
9477;813.061707
9478;831.061707
9479;832.061707
9480;1131.37634
9481;1134.37634
9482;1154.37634
9483;1411.37634
9484;1327.83887
9485;1342.83887
9486;1338.83887
9487;1323.83887
9488;1578.4165
9489;1636.4165
9490;1605.4165
9491;1536.4165
9492;1324.54724
9493;1318.54724
9494;1264.54724
9495;1169.54724
9496;1626.85901
9497;1650.85901
9498;1559.85901
9499;1333.85901
9500;1380.64502
9501;1383.64502
9502;1400.64502
9503;1393.64502
9504;1054.77771
9505;1057.77771
9506;1048.77771
9507;1198.77771
9508;993.386597
9509;983.386597
9510;944.386597
9511;828.386597
9512;726.703674
9513;751.703674
9514;700.703674
9515;553.703674
9516;554.369751
9517;527.369751
9518;510.36972
9519;514.369751
9520;505.924286
9521;485.924286
9522;504.924286
9523;533.924316
9524;516.659363
9525;504.659363
9526;505.659363
9527;498.659363
9528;585.558105
9529;560.558105
9530;493.558075
9531;357.558075
9532;355.785461
9533;340.785461
9534;346.785461
9535;340.785461
9536;355.744568
9537;346.744568
9538;348.744568
9539;358.744568
9540;301.423126
9541;278.423126
9542;232.423141
9543;223.423141
9544;202.450882
9545;199.450882
9546;200.450882
9547;207.450882
9548;275.323334
9549;274.323334
9550;274.323334
9551;271.323334
9552;590.128906
9553;592.128906
9554;588.128906
9555;583.128906
9556;147.695312
9557;146.695312
9558;146.695312
9559;146.695312
9560;187.888962
9561;186.888962
9562;188.888962
9563;188.888962
9564;459.740662
9565;459.740662
9566;460.740662
9567;462.740662
9568;197.580902
9569;197.580902
9570;200.580902
9571;207.580902
9572;261.161713
9573;259.161713
9574;267.161713
9575;266.161713
9576;265.523987
9577;266.523987
9578;279.523987
9579;441.523987
9580;697.908264
9581;709.908264
9582;694.908264
9583;821.908264
9584;906.308533
9585;905.308533
9586;859.308533
9587;1044.30847
9588;995.154419
9589;912.154419
9590;880.154419
9591;901.154419
9592;1021.47034
9593;976.470337
9594;930.470337
9595;962.470337
9596;963.822205
9597;959.822205
9598;975.822205
9599;972.822205
9600;987.112305
9601;989.112305
9602;990.112305
9603;1133.1123
9604;1006.72156
9605;1071.72156
9606;1114.72156
9607;1095.72156
9608;1075.45398
9609;1060.45398
9610;1078.45398
9611;1096.45398
9612;1061.78638
9613;1099.78638
9614;1109.78638
9615;1043.78638
9616;1029.54724
9617;1009.54724
9618;901.547241
9619;739.547241
9620;733.800171
9621;722.800171
9622;712.800171
9623;709.800171
9624;675.028687
9625;673.028687
9626;688.028687
9627;945.028687
9628;1073.61401
9629;1107.61401
9630;1108.61401
9631;1186.61401
9632;1337.17224
9633;1296.17224
9634;1232.17224
9635;1207.17224
9636;1171.56726
9637;1119.56726
9638;1122.56726
9639;1081.56726
9640;1051.31995
9641;1014.32007
9642;941.320068
9643;786.320068
9644;778.264526
9645;774.264526
9646;709.264526
9647;692.264526
9648;955.440247
9649;966.440247
9650;985.440247
9651;1152.44019
9652;1451.34277
9653;1535.34277
9654;1590.34277
9655;1541.34277
9656;1540.38342
9657;1508.38342
9658;1522.38342
9659;1482.38342
9660;1133.5542
9661;1092.5542
9662;1103.5542
9663;1095.5542
9664;1068.63635
9665;1080.63635
9666;1101.63635
9667;922.636414
9668;1052.95911
9669;935.959045
9670;916.959045
9671;906.959045
9672;979.24054
9673;964.24054
9674;981.24054
9675;1147.2406
9676;1295.68115
9677;1339.68115
9678;1317.68115
9679;1381.68115
9680;1443.92603
9681;1436.92603
9682;1400.92603
9683;1358.92603
9684;1474.07825
9685;1420.07825
9686;1295.07825
9687;1262.07825
9688;1433.99561
9689;1366.99561
9690;1260.99561
9691;1173.99561
9692;1199.3114
9693;1151.3114
9694;1176.3114
9695;1146.3114
9696;487.422577
9697;488.422577
9698;461.422577
9699;347.422577
9700;328.741577
9701;261.741577
9702;289.741577
9703;302.741577
9704;294.556
9705;293.556
9706;279.556
9707;252.556
9708;224.993576
9709;212.993576
9710;168.993576
9711;170.993576
9712;164.228806
9713;163.228806
9714;164.228806
9715;169.228806
9716;168.634598
9717;163.634598
9718;163.634598
9719;157.634598
9720;162.491882
9721;164.491882
9722;157.491882
9723;155.491882
9724;222.326691
9725;224.326691
9726;225.326691
9727;222.326691
9728;330.901276
9729;331.901276
9730;332.901276
9731;332.901276
9732;293.821716
9733;294.821716
9734;295.821716
9735;294.821716
9736;290.242859
9737;288.242859
9738;291.242859
9739;294.242859
9740;165.724854
9741;166.724854
9742;164.724854
9743;167.724854
9744;289.124512
9745;292.124512
9746;365.124512
9747;796.124512
9748;772.998718
9749;800.998718
9750;849.998718
9751;904.998718
9752;854.377747
9753;946.377747
9754;950.377747
9755;879.377747
9756;867.648987
9757;870.648987
9758;862.648987
9759;818.648987
9760;1044.02026
9761;1029.02026
9762;857.020325
9763;720.020325
9764;747.691589
9765;726.691589
9766;709.691589
9767;716.691589
9768;899.714478
9769;915.714478
9770;957.714478
9771;1089.71448
9772;1271.54053
9773;1447.54053
9774;1438.54053
9775;1415.54053
9776;1400.14624
9777;1407.14624
9778;1411.14624
9779;1388.14624
9780;1204.71704
9781;1176.71704
9782;1150.71704
9783;1141.71704
9784;1455.69885
9785;1413.69885
9786;1232.69885
9787;1179.69885
9788;982.780518
9789;963.780518
9790;951.780518
9791;939.780518
9792;666.202271
9793;683.202271
9794;727.202271
9795;984.202271
9796;1098.42969
9797;1130.42969
9798;1102.42969
9799;1084.42969
9800;1088.26135
9801;1112.26135
9802;1145.26135
9803;1116.26135
9804;1080.39282
9805;1097.39282
9806;1083.39282
9807;1050.39282
9808;1067.20215
9809;1024.20215
9810;958.202087
9811;828.202087
9812;793.318359
9813;791.318359
9814;795.318359
9815;795.318359
9816;838.053894
9817;850.053894
9818;903.053894
9819;1170.05383
9820;1253.79626
9821;1254.79626
9822;1328.79626
9823;1301.79626
9824;1288.16309
9825;1286.16309
9826;1337.16309
9827;1239.16309
9828;1426.45874
9829;1276.45874
9830;1248.45874
9831;1165.45874
9832;898.832581
9833;889.832581
9834;938.832581
9835;911.832581
9836;845.413696
9837;819.413696
9838;800.413696
9839;796.413696
9840;923.983826
9841;934.983826
9842;1002.98383
9843;1231.98376
9844;1220.59814
9845;1243.59814
9846;1230.59814
9847;1197.59814
9848;1111.52759
9849;1086.52759
9850;1093.52759
9851;1079.52759
9852;1112.53809
9853;979.538086
9854;922.538086
9855;707.538086
9856;678.879517
9857;649.879517
9858;646.879517
9859;620.879517
9860;688.440186
9861;677.440186
9862;553.440186
9863;534.440186
9864;827.667969
9865;785.667969
9866;648.667969
9867;653.667969
9868;660.595154
9869;654.595154
9870;661.595154
9871;654.595154
9872;551.42572
9873;552.42572
9874;547.42572
9875;505.425781
9876;416.672516
9877;404.672516
9878;361.672516
9879;360.672516
9880;449.545959
9881;450.545959
9882;446.545959
9883;446.545959
9884;567.397949
9885;556.397949
9886;554.397949
9887;552.397949
9888;323.538605
9889;326.538605
9890;319.538605
9891;317.538605
9892;178.747299
9893;176.747299
9894;175.747299
9895;174.747299
9896;176.052597
9897;177.052597
9898;177.052597
9899;179.052597
9900;177.61174
9901;177.61174
9902;176.61174
9903;176.61174
9904;181.116592
9905;182.116592
9906;187.116592
9907;193.116592
9908;181.721634
9909;178.721634
9910;177.721634
9911;175.721634
9912;218.311676
9913;224.311676
9914;261.311676
9915;575.311646
9916;834.368347
9917;846.368347
9918;911.368347
9919;938.368347
9920;983.153687
9921;996.153687
9922;1010.15369
9923;973.153687
9924;914.017639
9925;986.017639
9926;864.017639
9927;983.017639
9928;1017.82642
9929;896.826416
9930;849.826416
9931;858.826416
9932;719.943054
9933;732.943054
9934;721.943054
9935;716.943054
9936;868.188904
9937;859.188904
9938;891.188904
9939;1056.18896
9940;1111.21643
9941;1169.21643
9942;1123.21643
9943;1134.21643
9944;1133.62292
9945;1144.62292
9946;1172.62292
9947;1132.62292
9948;1047.81665
9949;1056.81665
9950;998.81665
9951;1017.81671
9952;904.978027
9953;880.978027
9954;786.978027
9955;761.978027
9956;811.391174
9957;796.391174
9958;794.391174
9959;760.391174
9960;1119.94763
9961;1167.94763
9962;1205.94763
9963;1401.94763
9964;1282.06128
9965;1367.06128
9966;1290.06128
9967;1354.06128
9968;1240.89307
9969;1232.89307
9970;1232.89307
9971;1109.89307
9972;1145.96497
9973;1082.96497
9974;1133.96497
9975;1065.96497
9976;1006.659
9977;950.658997
9978;950.658997
9979;922.658997
9980;1269.26294
9981;1267.26294
9982;1257.26294
9983;1178.26294
9984;796.040039
9985;864.040039
9986;925.040039
9987;1236.04004
9988;1214.94678
9989;1198.94678
9990;1166.94678
9991;1156.94678
9992;1164.38989
9993;1110.38989
9994;1044.38989
9995;1010.38983
9996;994.636597
9997;981.636597
9998;943.636597
9999;949.636597
10000;993.333801
10001;1054.33386
10002;812.333801
10003;705.333801
10004;719.684753
10005;753.684753
10006;705.684753
10007;685.684753
10008;726.361816
10009;731.361816
10010;754.361816
10011;993.361816
10012;1200.37122
10013;1284.37122
10014;1298.37122
10015;1299.37122
10016;1227.28503
10017;1202.28503
10018;1061.28503
10019;969.284912
10020;1029.61206
10021;972.612122
10022;913.612122
10023;778.612122
10024;767.596741
10025;762.596741
10026;702.596741
10027;669.596741
10028;555.750366
10029;545.750366
10030;539.750366
10031;529.750366
10032;585.657715
10033;537.657715
10034;431.657745
10035;372.657745
10036;466.927002
10037;465.927002
10038;464.927002
10039;471.927002
10040;777.910339
10041;773.910339
10042;773.910339
10043;768.910339
10044;533.745483
10045;519.745483
10046;472.745453
10047;472.745453
10048;639.170898
10049;639.170898
10050;643.170898
10051;648.170898
10052;398.464905
10053;395.464905
10054;395.464905
10055;394.464905
10056;314.193146
10057;315.193146
10058;307.193146
10059;303.193146
10060;393.697479
10061;392.697479
10062;391.697479
10063;392.697479
10064;644.041687
10065;642.041687
10066;644.041687
10067;643.041687
10068;333.045746
10069;332.045746
10070;332.045746
10071;333.045746
10072;839.396851
10073;840.396851
10074;844.396851
10075;849.396851
10076;567.845764
10077;568.845764
10078;567.845764
10079;567.845764
10080;293.4104
10081;298.4104
10082;335.4104
10083;464.4104
10084;475.962189
10085;707.962158
10086;797.962158
10087;784.962158
10088;748.628723
10089;792.628723
10090;699.628723
10091;671.628723
10092;765.203064
10093;923.203064
10094;906.203064
10095;949.203064
10096;908.7229
10097;821.7229
10098;663.7229
10099;570.7229
10100;563.723694
10101;516.723694
10102;516.723694
10103;501.723663
10104;551.052917
10105;606.052917
10106;643.052917
10107;767.052917
10108;847.292358
10109;888.292358
10110;909.292358
10111;861.292358
10112;865.581909
10113;907.581909
10114;932.581909
10115;894.581909
10116;1044.89172
10117;1025.89172
10118;960.891724
10119;928.891724
10120;1119.20215
10121;1035.20215
10122;992.202148
10123;1016.20215
10124;960.114319
10125;954.114319
10126;951.114319
10127;970.114319
10128;837.969543
10129;849.969543
10130;894.969543
10131;1125.96948
10132;1055.42395
10133;1044.42395
10134;969.42395
10135;907.42395
10136;957.731934
10137;1023.73193
10138;1053.73193
10139;993.731934
10140;1144.19763
10141;1068.19763
10142;1066.19763
10143;1086.19763
10144;962.777283
10145;985.777283
10146;837.777283
10147;735.777283
10148;874.994507
10149;863.994507
10150;868.994507
10151;835.994507
10152;1131.7782
10153;1137.7782
10154;1197.7782
10155;1486.7782
10156;1390.12122
10157;1320.12122
10158;1387.12122
10159;1332.12122
10160;1588.73181
10161;1550.73181
10162;1607.73181
10163;1550.73181
10164;1305.40784
10165;1277.40784
10166;1255.40784
10167;1237.40784
10168;1604.03235
10169;1543.03235
10170;1370.03235
10171;1320.03235
10172;1388.64917
10173;1406.64917
10174;1401.64917
10175;1401.64917
10176;1062.80579
10177;1066.80579
10178;1081.80579
10179;1289.80579
10180;981.180908
10181;1094.18091
10182;1116.18091
10183;1093.18091
10184;1001.54047
10185;1016.54047
10186;1073.54041
10187;1093.54041
10188;1060.35193
10189;1005.35193
10190;904.351929
10191;904.351929
10192;781.267883
10193;627.267883
10194;625.267883
10195;647.267883
10196;634.171204
10197;632.171204
10198;628.171204
10199;579.171204
10200;557.966248
10201;475.966187
10202;402.966187
10203;363.966187
10204;361.657104
10205;353.657104
10206;351.657104
10207;386.657104
10208;397.057129
10209;394.057129
10210;369.057129
10211;355.057129
10212;289.383575
10213;234.38356
10214;236.38356
10215;236.38356
10216;215.736816
10217;215.736816
10218;219.736816
10219;225.736816
10220;292.133575
10221;288.133575
10222;287.133575
10223;287.133575
10224;605.543457
10225;609.543457
10226;600.543457
10227;597.543457
10228;163.791809
10229;160.791809
10230;161.791809
10231;159.791809
10232;201.623291
10233;201.623291
10234;203.623291
10235;202.623291
10236;474.164093
10237;474.164093
10238;474.164093
10239;476.164093
10240;211.583527
10241;212.583527
10242;215.583527
10243;215.583527
10244;269.884033
10245;267.884033
10246;267.884033
10247;271.884033
10248;275.877869
10249;283.877869
10250;370.877869
10251;591.877869
10252;886.504639
10253;955.504639
10254;994.504639
10255;1047.50464
10256;962.470154
10257;909.470154
10258;769.470154
10259;784.470154
10260;735.534119
10261;729.534119
10262;810.534119
10263;767.534119
10264;911.230103
10265;873.230103
10266;775.230103
10267;705.230103
10268;758.003235
10269;741.003235
10270;903.003235
10271;915.003235
10272;959.767944
10273;961.767944
10274;1049.76794
10275;1321.76794
10276;1093.05261
10277;1068.05261
10278;1094.05261
10279;1051.05261
10280;1057.40894
10281;1105.40894
10282;1043.40894
10283;903.408997
10284;919.017395
10285;860.017395
10286;871.017395
10287;881.017395
10288;837.807922
10289;770.807922
10290;737.807922
10291;726.807922
10292;683.04657
10293;683.04657
10294;677.04657
10295;677.04657
10296;689.243164
10297;708.243164
10298;773.243164
10299;1129.24316
10300;1172.38879
10301;1209.38879
10302;1277.38879
10303;1179.38879
10304;1233.61865
10305;1268.61865
10306;1207.61865
10307;1000.61865
10308;951.920593
10309;927.920593
10310;927.920593
10311;895.920593
10312;836.831299
10313;814.831299
10314;799.831299
10315;770.831299
10316;766.467041
10317;762.467041
10318;758.467041
10319;761.467041
10320;1005.00214
10321;1028.00208
10322;1097.00208
10323;1477.00208
10324;1626.42615
10325;1626.42615
10326;1587.42615
10327;1662.42615
10328;1591.43872
10329;1651.43872
10330;1608.43872
10331;1356.43872
10332;1023.47388
10333;987.473877
10334;948.473877
10335;933.473877
10336;936.615967
10337;916.615967
10338;844.615967
10339;822.615967
10340;993.895081
10341;982.895081
10342;972.895081
10343;948.895081
10344;1004.32184
10345;1015.32184
10346;1094.3219
10347;1483.3219
10348;1532.56641
10349;1568.56641
10350;1568.56641
10351;1509.56641
10352;1548.16833
10353;1554.16833
10354;1523.16833
10355;1403.16833
10356;1457.94971
10357;1379.94971
10358;1352.94971
10359;1341.94971
10360;1413.87708
10361;1352.87708
10362;1326.87708
10363;1303.87708
10364;1362.01782
10365;1292.01782
10366;1244.01782
10367;1237.01782
10368;542.944397
10369;495.944427
10370;385.944427
10371;316.944427
10372;299.120087
10373;290.120087
10374;275.120087
10375;268.120087
10376;255.974487
10377;267.974487
10378;264.974487
10379;256.974487
10380;243.24617
10381;184.24617
10382;185.24617
10383;179.24617
10384;167.893524
10385;167.893524
10386;171.893524
10387;175.893524
10388;174.017197
10389;171.017197
10390;170.017197
10391;169.017197
10392;173.846893
10393;176.846893
10394;170.846893
10395;165.846893
10396;235.194809
10397;233.194809
10398;232.194809
10399;233.194809
10400;339.900146
10401;339.900146
10402;340.900146
10403;341.900146
10404;305.126282
10405;305.126282
10406;305.126282
10407;305.126282
10408;296.950897
10409;296.950897
10410;301.950897
10411;306.950897
10412;179.275711
10413;178.275711
10414;176.275711
10415;179.275711
10416;301.966888
10417;310.966888
10418;422.966888
10419;709.966858
10420;874.362
10421;932.362
10422;946.362
10423;989.362
10424;959.441589
10425;1053.44165
10426;1084.44165
10427;936.441589
10428;913.493408
10429;866.493408
10430;869.493408
10431;950.493408
10432;944.064331
10433;884.064331
10434;825.064331
10435;740.064331
10436;734.219116
10437;719.219116
10438;705.219116
10439;694.219116
10440;799.894226
10441;876.894226
10442;958.894226
10443;1281.89429
10444;1571.21399
10445;1575.21399
10446;1559.21399
10447;1532.21399
10448;1470.58203
10449;1532.58203
10450;1523.58203
10451;1394.58203
10452;1190.50146
10453;1186.50146
10454;1161.50146
10455;1122.50146
10456;1432.30334
10457;1361.30334
10458;1240.30334
10459;1146.30334
10460;973.092102
10461;970.092102
10462;963.092102
10463;937.092102
10464;661.933838
10465;673.933838
10466;766.933838
10467;1190.93396
10468;1140.17993
10469;1158.17993
10470;1158.17993
10471;1166.17993
10472;1145.39124
10473;1153.39124
10474;1188.39124
10475;1033.39124
10476;949.707336
10477;860.707336
10478;844.707336
10479;780.707336
10480;757.768066
10481;763.768066
10482;830.768066
10483;809.768066
10484;714.402039
10485;665.402039
10486;678.402039
10487;675.402039
10488;731.666687
10489;737.666687
10490;798.666687
10491;1074.66663
10492;1234.83154
10493;1397.83154
10494;1330.83154
10495;1278.83154
10496;1326.27039
10497;1371.27039
10498;1422.27039
10499;1168.27039
10500;1353.62061
10501;1310.62061
10502;1299.62061
10503;1277.62061
10504;1017.51733
10505;975.517334
10506;825.517334
10507;789.517334
10508;727.654907
10509;740.654907
10510;738.654907
10511;735.654907
10512;849.373657
10513;864.373657
10514;947.373657
10515;1259.37378
10516;1195.67529
10517;1262.67529
10518;1218.67529
10519;1228.67529
10520;1195.20752
10521;1176.20752
10522;1194.20752
10523;1025.20752
10524;974.499329
10525;974.499329
10526;985.499329
10527;926.499329
10528;734.878235
10529;695.878235
10530;690.878235
10531;660.878235
10532;714.282166
10533;683.282166
10534;659.282166
10535;643.282166
10536;921.434387
10537;927.434387
10538;894.434387
10539;838.434387
10540;763.1474
10541;743.1474
10542;721.1474
10543;739.1474
10544;615.595642
10545;644.595642
10546;613.595642
10547;516.595703
10548;389.462891
10549;341.462891
10550;334.462891
10551;333.462891
10552;421.557526
10553;419.557526
10554;423.557526
10555;426.557526
10556;544.195435
10557;542.195435
10558;540.195435
10559;539.195435
10560;311.36322
10561;313.36322
10562;308.36322
10563;303.36322
10564;164.679123
10565;164.679123
10566;163.679123
10567;164.679123
10568;168.431946
10569;168.431946
10570;168.431946
10571;167.431946
10572;167.267471
10573;168.267471
10574;168.267471
10575;168.267471
10576;173.756516
10577;173.756516
10578;177.756516
10579;177.756516
10580;171.329224
10581;170.329224
10582;170.329224
10583;172.329224
10584;220.180023
10585;226.180023
10586;312.180023
10587;528.179993
10588;981.725891
10589;1003.72589
10590;1057.72595
10591;1062.72595
10592;1095.10864
10593;1125.10864
10594;1034.10864
10595;1020.1087
10596;922.235107
10597;937.235107
10598;954.235107
10599;825.235107
10600;760.144348
10601;790.144348
10602;779.144348
10603;694.144348
10604;605.510498
10605;624.510498
10606;643.510498
10607;673.510498
10608;820.318359
10609;810.318359
10610;860.318359
10611;1196.31848
10612;1250.04175
10613;1259.04175
10614;1356.04175
10615;1366.04175
10616;1302.21399
10617;1293.21399
10618;1389.21399
10619;1252.21399
10620;1164.61536
10621;1173.61536
10622;1068.61536
10623;969.615295
10624;878.106628
10625;939.106628
10626;824.106628
10627;722.106628
10628;708.202759
10629;787.202759
10630;804.202759
10631;785.202759
10632;1120.90967
10633;1134.90967
10634;1189.90967
10635;1532.90967
10636;1362.11572
10637;1342.11572
10638;1259.11572
10639;1226.11572
10640;1121.34009
10641;1242.34009
10642;1254.34009
10643;1160.34009
10644;1078.08459
10645;951.084534
10646;905.084534
10647;929.084534
10648;987.208008
10649;941.208008
10650;991.208008
10651;922.208008
10652;1266.31262
10653;1246.31262
10654;1253.31262
10655;1262.31262
10656;935.404419
10657;951.404419
10658;959.404419
10659;1259.4043
10660;1118.83203
10661;1176.83203
10662;1183.83203
10663;1205.83203
10664;1125.56848
10665;1112.56848
10666;1100.56848
10667;1040.56848
10668;1027.89014
10669;973.890137
10670;971.890137
10671;955.890137
10672;926.82196
10673;912.82196
10674;781.82196
10675;570.82196
10676;554.898682
10677;600.898682
10678;608.898682
10679;627.898682
10680;654.245239
10681;643.245239
10682;624.245239
10683;683.245239
10684;933.732727
10685;904.732727
10686;999.732727
10687;911.732727
10688;965.300537
10689;956.300537
10690;908.300537
10691;800.300537
10692;706.202026
10693;626.202026
10694;608.202026
10695;563.202026
10696;530.861694
10697;486.861725
10698;486.861725
10699;464.861725
10700;316.830139
10701;304.830139
10702;303.830139
10703;341.830139
10704;432.131348
10705;440.131348
10706;440.131348
10707;434.131348
10708;519.859314
10709;480.859314
10710;471.859314
10711;456.859314
10712;766.431213
10713;765.431213
10714;767.431213
10715;763.431213
10716;525.544434
10717;476.544403
10718;476.544403
10719;475.544403
10720;645.696838
10721;642.696838
10722;648.696838
10723;649.696838
10724;394.359741
10725;392.359741
10726;389.359741
10727;389.359741
10728;308.594482
10729;311.594482
10730;309.594482
10731;301.594482
10732;393.746826
10733;390.746826
10734;390.746826
10735;392.746826
10736;643.517456
10737;644.517456
10738;644.517456
10739;644.517456
10740;334.525787
10741;335.525787
10742;336.525787
10743;334.525787
10744;841.733948
10745;840.733948
10746;847.733948
10747;847.733948
10748;567.865173
10749;566.865173
10750;564.865173
10751;569.865173
10752;292.381775
10753;296.381775
10754;376.381775
10755;627.381775
10756;647.968872
10757;656.968872
10758;604.968872
10759;574.968872
10760;582.756104
10761;650.756104
10762;651.756104
10763;582.756104
10764;592.33606
10765;629.33606
10766;606.33606
10767;581.33606
10768;629.933777
10769;591.933777
10770;525.933777
10771;349.933777
10772;326.937286
10773;318.937286
10774;312.937286
10775;327.937286
10776;391.385864
10777;368.385864
10778;399.385864
10779;704.385864
10780;741.121765
10781;781.121765
10782;798.121765
10783;736.121765
10784;718.968445
10785;797.968445
10786;923.968445
10787;841.968445
10788;911.670959
10789;910.670959
10790;870.670959
10791;847.670959
10792;967.743347
10793;867.743347
10794;726.743347
10795;670.743347
10796;573.194824
10797;565.194824
10798;560.194824
10799;563.194824
10800;444.045288
10801;451.045288
10802;472.045288
10803;701.045227
10804;617.834534
10805;623.834534
10806;643.834534
10807;657.834534
10808;702.588989
10809;705.588989
10810;682.588989
10811;723.588989
10812;680.939209
10813;696.939209
10814;641.939209
10815;589.939209
10816;481.61734
10817;455.61734
10818;404.61734
10819;284.61734
10820;423.539825
10821;424.539825
10822;416.539825
10823;421.539825
10824;724.27478
10825;729.27478
10826;761.27478
10827;1041.27478
10828;823.21991
10829;887.21991
10830;848.21991
10831;866.21991
10832;1128.66077
10833;1110.66077
10834;1104.66077
10835;1052.66077
10836;807.826111
10837;717.826111
10838;693.826111
10839;672.826111
10840;1042.13159
10841;1047.13159
10842;1024.13159
10843;892.131592
10844;957.714905
10845;951.714905
10846;948.714905
10847;948.714905
10848;619.683716
10849;628.683716
10850;657.683716
10851;862.683716
10852;614.991943
10853;623.991943
10854;640.991943
10855;630.991943
10856;618.119934
10857;625.119934
10858;527.119934
10859;478.119904
10860;499.417969
10861;509.417969
10862;510.417969
10863;515.417969
10864;505.09137
10865;458.09137
10866;370.09137
10867;295.09137
10868;294.908264
10869;288.908264
10870;277.908264
10871;270.908264
10872;355.77887
10873;343.77887
10874;349.77887
10875;340.77887
10876;340.996948
10877;294.996948
10878;280.996948
10879;285.996948
10880;295.578979
10881;296.578979
10882;295.578979
10883;296.578979
10884;238.624313
10885;237.624313
10886;237.624313
10887;240.624313
10888;222.121719
10889;221.121719
10890;227.121719
10891;227.121719
10892;294.346985
10893;291.346985
10894;288.346985
10895;289.346985
10896;610.042297
10897;612.042297
10898;613.042297
10899;603.042297
10900;167.766296
10901;165.766296
10902;165.766296
10903;165.766296
10904;205.476852
10905;206.476852
10906;206.476852
10907;208.476852
10908;479.147064
10909;478.147064
10910;479.147064
10911;479.147064
10912;212.784088
10913;213.784088
10914;217.784088
10915;218.784088
10916;273.473267
10917;272.473267
10918;269.473267
10919;275.473267
10920;277.699432
10921;286.699432
10922;350.699432
10923;648.699463
10924;911.854919
10925;950.854919
10926;942.854919
10927;958.854919
10928;917.501343
10929;937.501343
10930;824.501343
10931;491.501343
10932;402.575653
10933;389.575653
10934;376.575653
10935;358.575653
10936;509.667603
10937;501.667603
10938;506.667603
10939;504.667603
10940;544.950134
10941;540.950134
10942;538.950134
10943;538.950134
10944;564.845581
10945;574.845581
10946;650.845581
10947;1082.84558
10948;859.924866
10949;905.924866
10950;899.924866
10951;865.924866
10952;764.755249
10953;793.755249
10954;687.755249
10955;417.755249
10956;321.757324
10957;295.757324
10958;282.757324
10959;264.757324
10960;234.150726
10961;239.150726
10962;235.150726
10963;232.150726
10964;227.128967
10965;224.128967
10966;223.128967
10967;223.128967
10968;231.621368
10969;241.621368
10970;311.621338
10971;539.621338
10972;589.453125
10973;639.453125
10974;665.453125
10975;856.453125
10976;879.743408
10977;782.743408
10978;754.743408
10979;468.743469
10980;396.0242
10981;370.0242
10982;355.0242
10983;338.0242
10984;279.091614
10985;283.091614
10986;281.091614
10987;278.091614
10988;277.314819
10989;273.314819
10990;269.314819
10991;269.314819
10992;522.170593
10993;529.170593
10994;574.170593
10995;932.170593
10996;1089.38159
10997;1101.38159
10998;1099.38159
10999;1086.38159
11000;1037.9325
11001;1017.93243
11002;902.932434
11003;686.932434
11004;360.812317
11005;345.812317
11006;322.812317
11007;311.812317
11008;286.458313
11009;288.458313
11010;288.458313
11011;285.458313
11012;463.799988
11013;460.799988
11014;460.799988
11015;459.799988
11016;518.560364
11017;529.560364
11018;572.560364
11019;821.560364
11020;907.928528
11021;909.928528
11022;898.928528
11023;830.928528
11024;886.620117
11025;889.620117
11026;838.620117
11027;691.620117
11028;745.440674
11029;723.440674
11030;710.440674
11031;704.440674
11032;860.50769
11033;857.50769
11034;858.50769
11035;857.50769
11036;932.940125
11037;930.940125
11038;931.940125
11039;929.940125
11040;279.777832
11041;286.777832
11042;306.777832
11043;383.777832
11044;352.860657
11045;350.860657
11046;364.860657
11047;353.860657
11048;347.774567
11049;320.774567
11050;275.774567
11051;234.774567
11052;226.116638
11053;181.116638
11054;181.116638
11055;183.116638
11056;177.834793
11057;176.834793
11058;180.834793
11059;182.834793
11060;179.074661
11061;176.074661
11062;174.074661
11063;172.074661
11064;176.917618
11065;179.917618
11066;179.917618
11067;172.917618
11068;239.47113
11069;238.47113
11070;239.47113
11071;238.47113
11072;345.798889
11073;347.798889
11074;346.798889
11075;348.798889
11076;316.403168
11077;318.403168
11078;317.403168
11079;315.403168
11080;308.999207
11081;311.999207
11082;316.999207
11083;315.999207
11084;187.067581
11085;187.067581
11086;185.067581
11087;186.067581
11088;303.952057
11089;308.952057
11090;374.952057
11091;556.952087
11092;551.89801
11093;584.89801
11094;586.89801
11095;563.89801
11096;551.302612
11097;587.302612
11098;574.302612
11099;379.302582
11100;313.638489
11101;294.638489
11102;278.638489
11103;266.638489
11104;285.775024
11105;280.775024
11106;284.775024
11107;284.775024
11108;300.937042
11109;296.937042
11110;290.937042
11111;290.937042
11112;457.826477
11113;460.826477
11114;491.826477
11115;674.826477
11116;771.229736
11117;771.229736
11118;784.229736
11119;767.229736
11120;756.225525
11121;763.225525
11122;760.225525
11123;639.225525
11124;465.314667
11125;458.314667
11126;441.314667
11127;426.314667
11128;706.899414
11129;700.899414
11130;703.899414
11131;702.899414
11132;513.132141
11133;508.132141
11134;507.132141
11135;507.132141
11136;227.107666
11137;232.107666
11138;258.107666
11139;393.107666
11140;401.369812
11141;398.369812
11142;416.369812
11143;411.369812
11144;433.421967
11145;483.421967
11146;401.421967
11147;316.421967
11148;288.510803
11149;226.510803
11150;212.510803
11151;198.510803
11152;195.459579
11153;204.459579
11154;202.459579
11155;193.459579
11156;192.527267
11157;188.527267
11158;187.527267
11159;187.527267
11160;232.666397
11161;236.666397
11162;252.666397
11163;340.666412
11164;433.729492
11165;434.729492
11166;451.729492
11167;454.729492
11168;489.287964
11169;483.287964
11170;488.287964
11171;478.287964
11172;636.289429
11173;580.289429
11174;572.289429
11175;558.289429
11176;304.450226
11177;307.450226
11178;305.450226
11179;303.450226
11180;253.07782
11181;250.07782
11182;249.07782
11183;247.07782
11184;369.422058
11185;372.422058
11186;422.422058
11187;490.422058
11188;360.61795
11189;380.61795
11190;385.61795
11191;393.61795
11192;363.984955
11193;351.984955
11194;337.984955
11195;317.984955
11196;311.27536
11197;266.27536
11198;238.275375
11199;227.275375
11200;202.568695
11201;202.568695
11202;199.568695
11203;199.568695
11204;258.818207
11205;249.818207
11206;245.818222
11207;243.818222
11208;540.832275
11209;543.832275
11210;544.832275
11211;542.832275
11212;506.406128
11213;502.406128
11214;504.406128
11215;505.406128
11216;401.698761
11217;402.698761
11218;401.698761
11219;402.698761
11220;323.777527
11221;322.777527
11222;324.777527
11223;324.777527
11224;410.878876
11225;415.878876
11226;418.878876
11227;419.878876
11228;540.791504
11229;540.791504
11230;537.791504
11231;536.791504
11232;310.334625
11233;310.334625
11234;311.334625
11235;307.334625
11236;164.894043
11237;163.894043
11238;163.894043
11239;165.894043
11240;166.856888
11241;164.856888
11242;165.856888
11243;165.856888
11244;165.848114
11245;165.848114
11246;165.848114
11247;165.848114
11248;169.283676
11249;176.283676
11250;178.283676
11251;178.283676
11252;170.041443
11253;170.041443
11254;168.041443
11255;168.041443
11256;211.186935
11257;216.186935
11258;250.186935
11259;442.18692
11260;639.118347
11261;645.118347
11262;683.118347
11263;692.118347
11264;648.343262
11265;679.343262
11266;686.343262
11267;656.343262
11268;545.691589
11269;467.691559
11270;441.691559
11271;431.691559
11272;394.638489
11273;395.638489
11274;373.638489
11275;346.638489
11276;251.092743
11277;237.092743
11278;236.092743
11279;232.092743
11280;369.692749
11281;372.692749
11282;427.692749
11283;578.69281
11284;603.320496
11285;609.320496
11286;610.320496
11287;634.320496
11288;652.885498
11289;647.885498
11290;616.885498
11291;513.885498
11292;453.561707
11293;391.561707
11294;357.561707
11295;343.561707
11296;334.902588
11297;337.902588
11298;311.902588
11299;287.902588
11300;338.981781
11301;333.981781
11302;332.981781
11303;332.981781
11304;671.631592
11305;674.631592
11306;725.631592
11307;867.631592
11308;680.603943
11309;651.603943
11310;623.603943
11311;614.603943
11312;499.811859
11313;514.81189
11314;516.81189
11315;507.811859
11316;495.437988
11317;417.437988
11318;397.437988
11319;386.437988
11320;464.588196
11321;469.588196
11322;446.588196
11323;422.588196
11324;774.832458
11325;763.832458
11326;761.832458
11327;759.832458
11328;432.338409
11329;434.338409
11330;482.338409
11331;585.338379
11332;436.908142
11333;465.908142
11334;465.908142
11335;454.908142
11336;398.579956
11337;410.579956
11338;411.579956
11339;405.579956
11340;360.965668
11341;300.965668
11342;284.965668
11343;274.965668
11344;291.067688
11345;293.067688
11346;264.067688
11347;241.067673
11348;235.072281
11349;232.072281
11350;228.072281
11351;227.072281
11352;253.021942
11353;257.021942
11354;307.021942
11355;451.021942
11356;549.987244
11357;577.987244
11358;570.987244
11359;539.987244
11360;500.62619
11361;491.62619
11362;483.62619
11363;443.62619
11364;512.953918
11365;476.953857
11366;456.953857
11367;431.953857
11368;447.351807
11369;448.351807
11370;428.351807
11371;360.351807
11372;230.51123
11373;226.51123
11374;226.51123
11375;221.51123
11376;307.534271
11377;312.534271
11378;314.534271
11379;307.534271
11380;387.118744
11381;385.118744
11382;386.118744
11383;385.118744
11384;692.509155
11385;672.509155
11386;687.509155
11387;691.509155
11388;468.026611
11389;468.026611
11390;470.026611
11391;468.026611
11392;635.965088
11393;639.965088
11394;644.965088
11395;641.965088
11396;400.214233
11397;398.214233
11398;397.214233
11399;394.214233
11400;313.903687
11401;316.903687
11402;315.903687
11403;311.903687
11404;399.294525
11405;397.294525
11406;396.294525
11407;399.294525
11408;647.384094
11409;649.384094
11410;648.384094
11411;647.384094
11412;339.47702
11413;340.47702
11414;340.47702
11415;339.47702
11416;847.715332
11417;853.715332
11418;857.715332
11419;857.715332
11420;576.682129
11421;574.682129
11422;571.682129
11423;571.682129
11424;291.121521
11425;295.121521
11426;380.121521
11427;504.121521
11428;458.485443
11429;509.485443
11430;517.485474
11431;529.485474
11432;526.972839
11433;557.972839
11434;525.972839
11435;381.972839
11436;348.450012
11437;336.450012
11438;313.450012
11439;297.450012
11440;314.92218
11441;315.92218
11442;287.92218
11443;257.92215
11444;253.258392
11445;244.258392
11446;244.258392
11447;241.258392
11448;327.91629
11449;331.91629
11450;331.91629
11451;538.91626
11452;589.479614
11453;625.479614
11454;623.479614
11455;595.479614
11456;506.237701
11457;465.237701
11458;494.237701
11459;429.237701
11460;518.48877
11461;500.4888
11462;486.4888
11463;471.4888
11464;665.850403
11465;667.850403
11466;641.850403
11467;611.850403
11468;523.564453
11469;519.564453
11470;519.564453
11471;515.564453
11472;399.73291
11473;402.73291
11474;454.73291
11475;592.73291
11476;432.706879
11477;438.706879
11478;494.706879
11479;470.706879
11480;505.785736
11481;510.785736
11482;524.785767
11483;457.785706
11484;414.643433
11485;395.643433
11486;370.643433
11487;357.643433
11488;307.920654
11489;319.920654
11490;288.920654
11491;257.920624
11492;404.666962
11493;398.666962
11494;394.666962
11495;388.666962
11496;688.80896
11497;692.80896
11498;748.80896
11499;890.80896
11500;660.604736
11501;649.604736
11502;680.604736
11503;673.604736
11504;904.048645
11505;949.048645
11506;932.048645
11507;828.048645
11508;553.113403
11509;536.113403
11510;517.113342
11511;502.113342
11512;885.312683
11513;881.312683
11514;866.312683
11515;836.312683
11516;884.785828
11517;920.785828
11518;918.785828
11519;916.785828
11520;573.087708
11521;577.087708
11522;625.087708
11523;778.087708
11524;448.328369
11525;439.328369
11526;515.328369
11527;477.328369
11528;420.794464
11529;461.794464
11530;401.794464
11531;322.794464
11532;294.077881
11533;297.077881
11534;282.077881
11535;264.077881
11536;279.606506
11537;279.606506
11538;250.606506
11539;187.606506
11540;174.353073
11541;171.353073
11542;168.353073
11543;167.353073
11544;261.573914
11545;264.573914
11546;300.573914
11547;312.573914
11548;319.407867
11549;280.407867
11550;316.407867
11551;321.407867
11552;337.832397
11553;333.832397
11554;324.832397
11555;319.832397
11556;266.790222
11557;266.790222
11558;267.790222
11559;268.790222
11560;248.141754
11561;254.141754
11562;255.141754
11563;254.141754
11564;318.285706
11565;319.285706
11566;315.285706
11567;314.285706
11568;620.076721
11569;622.076721
11570;620.076721
11571;616.076721
11572;195.527832
11573;199.527832
11574;204.527832
11575;203.527832
11576;201.42363
11577;187.42363
11578;186.42363
11579;187.42363
11580;453.029205
11581;454.029205
11582;455.029205
11583;454.029205
11584;176.851639
11585;205.851639
11586;181.851639
11587;206.851639
11588;257.527802
11589;256.527802
11590;254.527802
11591;253.527802
11592;254.9496
11593;260.949615
11594;349.949615
11595;451.949615
11596;716.205994
11597;865.205994
11598;872.205994
11599;948.205994
11600;962.160278
11601;1119.16028
11602;1008.16028
11603;872.160278
11604;765.013
11605;787.013
11606;868.013
11607;880.013
11608;992.726501
11609;1002.7265
11610;945.726501
11611;845.726501
11612;904.669128
11613;945.669128
11614;954.669128
11615;954.669128
11616;986.255493
11617;986.255493
11618;1069.25549
11619;1345.25549
11620;1116.94153
11621;1002.94165
11622;1052.94153
11623;1033.94153
11624;988.524231
11625;1025.52429
11626;1110.52429
11627;1006.52423
11628;927.306763
11629;936.306763
11630;927.306763
11631;906.306763
11632;918.817078
11633;868.817078
11634;832.817078
11635;784.817078
11636;773.243652
11637;684.243652
11638;697.243652
11639;714.243652
11640;716.214905
11641;702.214905
11642;795.214905
11643;1109.21497
11644;1188.86475
11645;1186.86475
11646;1229.86475
11647;1214.86475
11648;1278.05737
11649;1361.05737
11650;1210.05737
11651;1107.05737
11652;1070.99524
11653;1017.99518
11654;907.995117
11655;789.995117
11656;669.160461
11657;690.160461
11658;669.160461
11659;590.160461
11660;552.643799
11661;523.643799
11662;537.643799
11663;500.643829
11664;674.077698
11665;722.077698
11666;773.077698
11667;1013.0777
11668;1175.28052
11669;1191.28052
11670;1142.28052
11671;1142.28052
11672;1187.34729
11673;1286.34729
11674;1372.34729
11675;1243.34729
11676;912.656006
11677;848.656006
11678;807.656006
11679;747.656006
11680;718.570679
11681;676.570679
11682;625.570679
11683;568.570679
11684;756.277344
11685;768.277344
11686;785.277344
11687;768.277344
11688;845.463135
11689;804.463135
11690;887.463135
11691;1264.46301
11692;1257.25891
11693;1315.25891
11694;1358.25891
11695;1415.25891
11696;1424.61841
11697;1520.61841
11698;1494.61841
11699;1351.61841
11700;1342.31494
11701;1257.31494
11702;1213.31494
11703;1104.31494
11704;1208.8822
11705;1204.8822
11706;1174.8822
11707;1132.8822
11708;1232.54724
11709;1199.54724
11710;1108.54724
11711;1044.54724
11712;425.224487
11713;418.224487
11714;331.224487
11715;287.224487
11716;188.591843
11717;184.591843
11718;219.591843
11719;233.591843
11720;234.410385
11721;235.410385
11722;224.410385
11723;179.410385
11724;178.528656
11725;179.528656
11726;179.528656
11727;181.528656
11728;176.695297
11729;180.695297
11730;179.695297
11731;180.695297
11732;180.800339
11733;180.800339
11734;177.800339
11735;175.800339
11736;179.330139
11737;182.330139
11738;183.330139
11739;180.330139
11740;239.044617
11741;239.044617
11742;238.044617
11743;238.044617
11744;339.43457
11745;339.43457
11746;340.43457
11747;340.43457
11748;304.081451
11749;303.081451
11750;304.081451
11751;304.081451
11752;304.308807
11753;308.308807
11754;309.308807
11755;307.308807
11756;180.708878
11757;181.708878
11758;179.708878
11759;183.708878
11760;306.068451
11761;311.068451
11762;404.068451
11763;660.068481
11764;823.384583
11765;881.384583
11766;917.384583
11767;893.384583
11768;932.80719
11769;956.80719
11770;885.80719
11771;863.80719
11772;816.270691
11773;895.270691
11774;814.270691
11775;793.270691
11776;849.073914
11777;796.073914
11778;604.073914
11779;493.073975
11780;529.953308
11781;537.953308
11782;539.953308
11783;532.953308
11784;728.054993
11785;759.054993
11786;824.054993
11787;1154.05493
11788;1391.42529
11789;1486.42529
11790;1456.42529
11791;1533.42529
11792;1527.34277
11793;1541.34277
11794;1560.34277
11795;1471.34277
11796;1358.15845
11797;1306.15845
11798;1229.15845
11799;1148.15845
11800;1497.99255
11801;1481.99255
11802;1276.99255
11803;1122.99255
11804;933.287354
11805;905.287354
11806;903.287354
11807;906.287354
11808;634.277771
11809;645.277771
11810;707.277771
11811;1070.27783
11812;1189.28369
11813;1312.28369
11814;1275.28369
11815;1251.28369
11816;1213.31836
11817;1214.31836
11818;1253.31836
11819;1244.31836
11820;1240.67322
11821;1194.67322
11822;1181.67322
11823;1021.67316
11824;1049.71558
11825;1064.71558
11826;924.715637
11827;796.715637
11828;768.298828
11829;747.298828
11830;738.298828
11831;731.298828
11832;762.751648
11833;771.751648
11834;804.751648
11835;1183.75171
11836;1311.45007
11837;1392.45007
11838;1393.45007
11839;1451.45007
11840;1417.16333
11841;1473.16333
11842;1549.16333
11843;1368.16333
11844;1549.07666
11845;1577.07666
11846;1504.07666
11847;1418.07666
11848;1192.07495
11849;1182.07495
11850;1074.07495
11851;922.07489
11852;837.85199
11853;800.85199
11854;778.85199
11855;777.85199
11856;892.302734
11857;892.302734
11858;927.302734
11859;1168.30273
11860;1216.28674
11861;1120.28674
11862;1141.28674
11863;1050.28674
11864;1032.10754
11865;997.107605
11866;960.107605
11867;922.107605
11868;902.020447
11869;976.020447
11870;985.020447
11871;972.020447
11872;977.994385
11873;815.994385
11874;653.994385
11875;612.994385
11876;670.568115
11877;627.568115
11878;577.568115
11879;578.568115
11880;829.577698
11881;770.577698
11882;661.577698
11883;841.577698
11884;919.995605
11885;955.995605
11886;950.995605
11887;946.995605
11888;805.699402
11889;738.699402
11890;691.699402
11891;483.699402
11892;361.610291
11893;318.610291
11894;320.610291
11895;321.610291
11896;408.551086
11897;412.551086
11898;410.551086
11899;407.551086
11900;523.943848
11901;522.943848
11902;521.943848
11903;517.943848
11904;298.176422
11905;300.176422
11906;300.176422
11907;300.176422
11908;159.129883
11909;157.129883
11910;158.129883
11911;157.129883
11912;157.587387
11913;159.587387
11914;159.587387
11915;158.587387
11916;157.318787
11917;157.318787
11918;158.318787
11919;159.318787
11920;169.998993
11921;170.998993
11922;170.998993
11923;170.998993
11924;166.740768
11925;169.740768
11926;168.740768
11927;167.740768
11928;217.547882
11929;223.547882
11930;335.547882
11931;712.547852
11932;1078.21387
11933;1080.21387
11934;1124.21387
11935;889.213928
11936;1127.56799
11937;1110.56799
11938;1212.56799
11939;1136.56799
11940;1074.85425
11941;1063.85425
11942;1032.85425
11943;1038.85425
11944;1075.75916
11945;1011.75928
11946;940.759277
11947;792.759277
11948;697.251953
11949;679.251953
11950;674.251953
11951;651.251953
11952;781.345886
11953;799.345886
11954;882.345886
11955;1234.34583
11956;1309.69043
11957;1304.69043
11958;1321.69043
11959;1373.69043
11960;1433.90759
11961;1472.90759
11962;1415.90759
11963;1312.90759
11964;1238.91479
11965;1318.91479
11966;1276.91479
11967;1233.91479
11968;1228.1311
11969;1192.1311
11970;1122.1311
11971;897.131104
11972;867.67395
11973;782.67395
11974;776.67395
11975;758.67395
11976;1087.58899
11977;1103.58899
11978;1189.58899
11979;1525.58899
11980;1363.81763
11981;1450.81763
11982;1482.81763
11983;1452.81763
11984;1387.24182
11985;1455.24182
11986;1435.24182
11987;1311.24182
11988;1352.83459
11989;1340.83459
11990;1339.83459
11991;1270.83459
11992;1389.84888
11993;1316.84888
11994;1117.84888
11995;1017.84888
11996;1249.69006
11997;1156.69006
11998;1151.69006
11999;1135.69006
12000;817.888184
12001;826.888184
12002;913.888184
12003;1326.88818
12004;1210.56519
12005;1254.56519
12006;1245.56519
12007;1261.56519
12008;1203.0636
12009;1124.0636
12010;1184.0636
12011;1069.0636
12012;1141.46289
12013;1149.46289
12014;1127.46289
12015;1140.46289
12016;1123.00012
12017;1068.00012
12018;884.000183
12019;798.000183
12020;714.900452
12021;688.900452
12022;680.900452
12023;704.900452
12024;738.968994
12025;729.968994
12026;798.968994
12027;1155.96899
12028;1300.46643
12029;1344.46643
12030;1351.46643
12031;1329.46643
12032;1305.37585
12033;1309.37585
12034;1379.37585
12035;1206.37585
12036;1300.5625
12037;1355.5625
12038;1330.5625
12039;1212.5625
12040;1158.65222
12041;1017.65234
12042;912.652344
12043;820.652344
12044;669.074585
12045;627.074585
12046;639.074585
12047;620.074585
12048;649.010315
12049;572.010315
12050;593.010315
12051;791.010315
12052;854.650085
12053;817.650085
12054;772.650085
12055;752.650085
12056;1138.0282
12057;1100.0282
12058;1056.0282
12059;1024.0282
12060;615.957703
12061;462.957703
12062;464.957703
12063;463.957703
12064;629.421387
12065;627.421387
12066;625.421387
12067;625.421387
12068;391.869812
12069;388.869812
12070;386.869812
12071;383.869812
12072;300.818604
12073;302.818604
12074;301.818604
12075;302.818604
12076;383.546326
12077;381.546326
12078;382.546326
12079;381.546326
12080;622.592224
12081;625.592224
12082;626.592224
12083;628.592224
12084;328.013611
12085;329.013611
12086;330.013611
12087;328.013611
12088;827.07196
12089;826.07196
12090;826.07196
12091;827.07196
12092;552.490112
12093;550.490112
12094;525.490112
12095;551.490112
12096;284.390594
12097;289.390594
12098;357.390594
12099;686.390564
12100;850.975647
12101;795.975647
12102;847.975647
12103;890.975647
12104;948.035461
12105;1088.0354
12106;933.035461
12107;906.035461
12108;1055.17261
12109;1153.17261
12110;1150.17261
12111;1122.17261
12112;1220.56726
12113;1117.56726
12114;954.567322
12115;678.567322
12116;663.736572
12117;652.736572
12118;634.736572
12119;666.736572
12120;715.805603
12121;726.805603
12122;779.805603
12123;1322.80566
12124;1335.57153
12125;1416.57153
12126;1332.57153
12127;1450.57153
12128;1314.38562
12129;1447.38562
12130;1339.38562
12131;1251.38562
12132;1455.90881
12133;1439.90881
12134;1427.90881
12135;1343.90881
12136;1609.24829
12137;1469.24829
12138;1199.24829
12139;1047.24829
12140;965.737427
12141;937.737427
12142;943.737427
12143;941.737427
12144;830.968811
12145;841.968811
12146;905.968811
12147;1264.96875
12148;1287.60315
12149;1344.60315
12150;1290.60315
12151;1261.60315
12152;1335.52527
12153;1406.52527
12154;1332.52527
12155;1259.52527
12156;1358.32532
12157;1281.32532
12158;1282.32532
12159;1262.32532
12160;1204.15515
12161;1106.15515
12162;896.15509
12163;699.15509
12164;834.628479
12165;814.628479
12166;802.628479
12167;801.628479
12168;1094.50024
12169;1092.50024
12170;1174.50024
12171;1547.50024
12172;1288.80029
12173;1369.80029
12174;1347.80029
12175;1397.80029
12176;1588.12622
12177;1626.12622
12178;1657.12622
12179;1571.12622
12180;1360.2085
12181;1364.2085
12182;1380.2085
12183;1342.2085
12184;1644.75427
12185;1615.75427
12186;1460.75427
12187;1331.75427
12188;1381.98572
12189;1357.98572
12190;1348.98572
12191;1341.98572
12192;1026.55347
12193;1032.55347
12194;1102.55347
12195;1475.55347
12196;1230.44006
12197;1194.44006
12198;1164.44006
12199;1127.44006
12200;1116.60596
12201;1184.60596
12202;1143.60596
12203;1045.60596
12204;954.028503
12205;1013.0285
12206;947.028503
12207;935.028503
12208;828.513184
12209;783.513184
12210;639.513184
12211;556.513184
12212;533.390137
12213;482.390106
12214;479.390106
12215;481.390106
12216;554.608765
12217;533.608765
12218;323.608765
12219;276.608765
12220;286.463745
12221;279.463745
12222;305.463745
12223;322.463745
12224;328.004089
12225;327.004089
12226;325.004089
12227;319.004089
12228;219.707123
12229;218.707123
12230;218.707123
12231;215.707123
12232;207.290619
12233;207.290619
12234;206.290619
12235;205.290619
12236;270.249756
12237;274.249756
12238;268.249756
12239;267.249756
12240;578.325623
12241;580.325623
12242;579.325623
12243;579.325623
12244;153.157837
12245;149.157837
12246;148.157837
12247;147.157837
12248;190.697784
12249;192.697784
12250;191.697784
12251;193.697784
12252;458.961151
12253;459.961151
12254;459.961151
12255;462.961151
12256;217.07933
12257;216.07933
12258;214.07933
12259;215.07933
12260;261.232056
12261;261.232056
12262;261.232056
12263;263.232056
12264;267.115662
12265;274.115662
12266;367.115662
12267;633.115662
12268;919.039673
12269;993.039673
12270;1035.03967
12271;1018.03967
12272;970.15332
12273;1028.1532
12274;998.15332
12275;1036.1532
12276;1066.01111
12277;1105.01111
12278;1082.01111
12279;1075.01111
12280;1282.79285
12281;1159.79285
12282;1002.79285
12283;813.792847
12284;891.022095
12285;887.022095
12286;824.022095
12287;835.022095
12288;856.600525
12289;960.600525
12290;1046.60059
12291;1418.60059
12292;1234.18787
12293;1291.18787
12294;1306.18787
12295;1310.18787
12296;1296.61328
12297;1373.61328
12298;1346.61328
12299;1242.61328
12300;1266.30957
12301;1327.30957
12302;1288.30957
12303;1263.30957
12304;1264.66016
12305;1209.66016
12306;989.660095
12307;804.660095
12308;716.003113
12309;708.003113
12310;705.003113
12311;712.003113
12312;718.876953
12313;739.876953
12314;821.876953
12315;1196.87695
12316;1271.28662
12317;1329.28662
12318;1308.28662
12319;1363.28662
12320;1370.17725
12321;1457.17725
12322;1497.17725
12323;1403.17725
12324;1454.26611
12325;1363.26611
12326;1274.26611
12327;1346.26611
12328;1385.04041
12329;1289.04041
12330;1010.04041
12331;894.040405
12332;852.627502
12333;795.627502
12334;820.627502
12335;773.627502
12336;957.36261
12337;1002.36261
12338;1004.36261
12339;1422.36267
12340;1608.90942
12341;1709.90942
12342;1713.90942
12343;1682.90942
12344;1602.34021
12345;1673.34021
12346;1709.34021
12347;1614.34021
12348;1329.97021
12349;1261.97021
12350;1316.97021
12351;1312.97021
12352;1293.91943
12353;1182.91943
12354;915.919434
12355;748.919434
12356;903.346985
12357;898.346985
12358;918.346985
12359;889.346985
12360;972.64978
12361;953.64978
12362;1046.64978
12363;1413.64978
12364;1455.80396
12365;1517.80396
12366;1559.80396
12367;1511.80396
12368;1441.11047
12369;1447.11047
12370;1454.11047
12371;1389.11047
12372;1571.07935
12373;1609.07935
12374;1531.07935
12375;1416.07935
12376;1405.18628
12377;1323.18628
12378;1243.18628
12379;1198.18628
12380;1216.67712
12381;1194.67712
12382;1187.67712
12383;1172.67712
12384;544.107971
12385;543.107971
12386;443.107971
12387;263.107971
12388;210.029724
12389;201.029724
12390;197.029724
12391;196.029724
12392;192.779602
12393;191.779602
12394;187.779602
12395;182.779602
12396;179.047409
12397;177.047409
12398;178.047409
12399;178.047409
12400;176.94223
12401;175.94223
12402;174.94223
12403;172.94223
12404;176.034149
12405;175.034149
12406;173.034149
12407;171.034149
12408;176.390839
12409;178.390839
12410;178.390839
12411;177.390839
12412;238.310379
12413;236.310379
12414;234.310379
12415;235.310379
12416;348.072968
12417;348.072968
12418;348.072968
12419;346.072968
12420;309.243927
12421;310.243927
12422;311.243927
12423;313.243927
12424;310.331116
12425;309.331116
12426;310.331116
12427;311.331116
12428;185.034302
12429;183.034302
12430;185.034302
12431;187.034302
12432;308.720276
12433;314.720276
12434;413.720276
12435;771.720276
12436;896.960388
12437;946.960388
12438;929.960388
12439;933.960388
12440;959.163696
12441;1080.1637
12442;1013.16376
12443;1082.1637
12444;1025.12805
12445;1072.12805
12446;1075.12805
12447;988.127991
12448;731.695251
12449;683.695251
12450;687.695251
12451;679.695251
12452;693.346008
12453;685.346008
12454;678.346008
12455;722.346008
12456;1180.47668
12457;1501.47668
12458;1462.47668
12459;1531.47668
12460;1633.01477
12461;1537.01477
12462;1671.01477
12463;1521.01477
12464;1519.55505
12465;1466.55505
12466;1426.55505
12467;1326.55505
12468;1089.62769
12469;1273.62769
12470;1230.62769
12471;1127.62769
12472;1174.66809
12473;1131.66809
12474;1128.66809
12475;1122.66809
12476;928.85321
12477;936.85321
12478;941.85321
12479;947.85321
12480;886.056946
12481;1164.05701
12482;1318.05701
12483;1341.05701
12484;1314.94763
12485;1244.94763
12486;1288.94763
12487;1280.94763
12488;1242.6344
12489;1223.6344
12490;1321.6344
12491;1290.6344
12492;1217.74414
12493;1171.74414
12494;1156.74414
12495;1001.74408
12496;805.42572
12497;694.42572
12498;679.42572
12499;682.42572
12500;691.473572
12501;678.473572
12502;675.473572
12503;696.473572
12504;989.475891
12505;1324.47583
12506;1442.47583
12507;1456.47583
12508;1474.1853
12509;1428.1853
12510;1482.1853
12511;1458.1853
12512;1452.90295
12513;1261.90295
12514;1287.90295
12515;1220.90295
12516;1203.10803
12517;1150.10803
12518;1202.10803
12519;1230.10803
12520;866.364075
12521;811.364075
12522;710.364075
12523;720.364075
12524;658.968811
12525;662.968811
12526;691.968811
12527;742.968811
12528;1182.10376
12529;1280.10376
12530;1363.10376
12531;1355.10376
12532;1151.58899
12533;1102.58899
12534;1083.58899
12535;1094.58899
12536;1073.9032
12537;978.903137
12538;969.903137
12539;901.903137
12540;908.124207
12541;789.124207
12542;659.124207
12543;590.124207
12544;510.051971
12545;492.051971
12546;485.051971
12547;483.051971
12548;557.72406
12549;555.72406
12550;493.72403
12551;443.72403
12552;593.211731
12553;589.211731
12554;580.211731
12555;579.211731
12556;549.247131
12557;553.247131
12558;555.247131
12559;549.247131
12560;447.993896
12561;441.993896
12562;407.993896
12563;387.993896
12564;314.387268
12565;321.387268
12566;319.387268
12567;319.387268
12568;404.234741
12569;403.234741
12570;402.234741
12571;401.234741
12572;517.518311
12573;516.518311
12574;518.518311
12575;519.518311
12576;299.837433
12577;301.837433
12578;297.837433
12579;293.837433
12580;158.119034
12581;156.119034
12582;156.119034
12583;158.119034
12584;160.578903
12585;159.578903
12586;161.578903
12587;161.578903
12588;162.24852
12589;168.24852
12590;165.24852
12591;166.24852
12592;173.907379
12593;171.907379
12594;169.907379
12595;169.907379
12596;161.892807
12597;168.892807
12598;168.892807
12599;180.892807
12600;413.019135
12601;767.019165
12602;836.019165
12603;927.019165
12604;1134.45264
12605;1129.45264
12606;1236.45264
12607;1275.45264
12608;1297.84924
12609;1250.84924
12610;1256.84924
12611;1239.84924
12612;1131.43579
12613;1291.43579
12614;1263.43579
12615;1174.43579
12616;821.499817
12617;778.499817
12618;782.499817
12619;770.499817
12620;678.563843
12621;673.563843
12622;662.563843
12623;722.563843
12624;1153.45874
12625;1339.45874
12626;1351.45874
12627;1279.45874
12628;1404.19043
12629;1273.19043
12630;1345.19043
12631;1450.19043
12632;1424.09351
12633;1366.09351
12634;1329.09351
12635;1334.09351
12636;1272.63318
12637;1234.63318
12638;1174.63318
12639;1059.63318
12640;807.033386
12641;770.033386
12642;757.033386
12643;764.033386
12644;768.498169
12645;769.498169
12646;767.498169
12647;784.498169
12648;1300.17957
12649;1567.17957
12650;1638.17957
12651;1692.17957
12652;1473.72607
12653;1383.72607
12654;1439.72607
12655;1422.72607
12656;1331.81079
12657;1361.81079
12658;1319.81079
12659;1356.81079
12660;1311.16077
12661;1381.16077
12662;1336.16077
12663;1199.16077
12664;897.930542
12665;869.930542
12666;856.930542
12667;856.930542
12668;1191.66296
12669;1177.66296
12670;1179.66296
12671;1220.66296
12672;1191.8457
12673;1357.8457
12674;1417.8457
12675;1471.8457
12676;1383.07666
12677;1284.07666
12678;1330.07666
12679;1327.07666
12680;1264.65784
12681;1281.65784
12682;1184.65784
12683;1190.65784
12684;1100.08569
12685;1084.08569
12686;1100.08569
12687;945.085815
12688;793.943359
12689;707.943359
12690;670.943359
12691;669.943359
12692;673.034668
12693;655.034668
12694;655.034668
12695;701.034668
12696;1017.16437
12697;1108.16443
12698;1179.16443
12699;1139.16443
12700;1223.72778
12701;1208.72778
12702;1278.72778
12703;1274.72778
12704;1165.99561
12705;1233.99561
12706;1183.99561
12707;1166.99561
12708;1154.63147
12709;1186.63147
12710;1016.63147
12711;938.63147
12712;690.506409
12713;595.506409
12714;704.506409
12715;696.506409
12716;585.042542
12717;546.042542
12718;534.042542
12719;537.042542
12720;671.945312
12721;731.945312
12722;742.945312
12723;660.945312
12724;599.529175
12725;575.529175
12726;539.529175
12727;502.529205
12728;788.85614
12729;785.85614
12730;780.85614
12731;780.85614
12732;534.828247
12733;512.828247
12734;511.828278
12735;509.828278
12736;670.267395
12737;670.267395
12738;668.267395
12739;664.267395
12740;425.01535
12741;424.01535
12742;424.01535
12743;425.01535
12744;352.369476
12745;353.369476
12746;346.369476
12747;343.369476
12748;429.198364
12749;428.198364
12750;429.198364
12751;431.198364
12752;672.176697
12753;674.176697
12754;672.176697
12755;672.176697
12756;377.062805
12757;381.062805
12758;382.062805
12759;380.062805
12760;867.444946
12761;868.444946
12762;867.444946
12763;868.444946
12764;596.36731
12765;595.36731
12766;596.36731
12767;597.36731
12768;341.27533
12769;374.27533
12770;362.27533
12771;360.27533
12772;258.040466
12773;258.040466
12774;261.040466
12775;267.040466
12776;255.00058
12777;256.00058
12778;254.00058
12779;243.00058
12780;245.166306
12781;253.166306
12782;253.166306
12783;250.166306
12784;252.561401
12785;226.561401
12786;222.561401
12787;222.561401
12788;218.559494
12789;217.559494
12790;217.559494
12791;219.559494
12792;322.464752
12793;577.464722
12794;871.464722
12795;937.464722
12796;883.29718
12797;1017.29718
12798;940.29718
12799;1069.29724
12800;1045.88831
12801;1042.88831
12802;1065.88831
12803;1035.88831
12804;1140.84705
12805;1109.84705
12806;1113.84705
12807;1166.84705
12808;1265.75403
12809;1183.75403
12810;1091.75403
12811;1085.75403
12812;978.308228
12813;988.308228
12814;994.308228
12815;978.308228
12816;877.252808
12817;1133.25281
12818;1293.25281
12819;1370.25281
12820;1158.60083
12821;1222.60083
12822;1102.60083
12823;1241.60083
12824;1314.85486
12825;1203.85486
12826;1179.85486
12827;1171.85486
12828;1166.5719
12829;1070.5719
12830;1118.5719
12831;1003.57178
12832;902.398438
12833;782.398438
12834;694.398438
12835;683.398438
12836;860.079346
12837;845.079346
12838;845.079346
12839;857.079346
12840;1182.81934
12841;1439.81934
12842;1563.81934
12843;1614.81934
12844;1395.19641
12845;1467.19641
12846;1397.19641
12847;1466.19641
12848;1735.58203
12849;1694.58203
12850;1747.58203
12851;1702.58203
12852;1429.20557
12853;1329.20557
12854;1417.20557
12855;1382.20557
12856;1675.41443
12857;1512.41443
12858;1338.41443
12859;1274.41443
12860;1366.99939
12861;1374.99939
12862;1394.99939
12863;1377.99939
12864;1097.16309
12865;1446.16309
12866;1639.16309
12867;1693.16309
12868;1325.04761
12869;1346.04761
12870;1251.04761
12871;1352.04761
12872;1301.79749
12873;1249.79749
12874;1126.79749
12875;1054.79749
12876;1051.06506
12877;941.065063
12878;998.065063
12879;791.065063
12880;704.805969
12881;669.805969
12882;632.805969
12883;583.805969
12884;564.645569
12885;566.645569
12886;430.645538
12887;263.645538
12888;345.774078
12889;305.774078
12890;284.774078
12891;279.774078
12892;279.861298
12893;280.861298
12894;280.861298
12895;279.861298
12896;290.185242
12897;288.185242
12898;287.185242
12899;289.185242
12900;239.65799
12901;245.65799
12902;241.65799
12903;239.65799
12904;226.828354
12905;224.828354
12906;222.828354
12907;220.828354
12908;296.176544
12909;292.176544
12910;291.176544
12911;292.176544
12912;603.012817
12913;605.012817
12914;603.012817
12915;598.012817
12916;175.578995
12917;174.578995
12918;174.578995
12919;174.578995
12920;220.300552
12921;223.300552
12922;220.300552
12923;220.300552
12924;485.270081
12925;487.270081
12926;484.270081
12927;480.270081
12928;232.379395
12929;229.379395
12930;226.379395
12931;228.379395
12932;277.524231
12933;277.524231
12934;285.524231
12935;284.524231
12936;300.548798
12937;572.548828
12938;951.548828
12939;1030.54871
12940;1243.21118
12941;1056.21118
12942;998.211121
12943;1093.21118
12944;1148.91614
12945;1010.9162
12946;957.916199
12947;995.916199
12948;982.081116
12949;939.081116
12950;1088.08105
12951;1141.08105
12952;1148.64075
12953;997.640808
12954;874.640808
12955;863.640808
12956;955.465637
12957;841.465637
12958;800.465637
12959;787.465637
12960;893.303589
12961;1191.30359
12962;1404.30359
12963;1549.30359
12964;1224.89429
12965;1360.89429
12966;1277.89429
12967;1340.89429
12968;1317.42212
12969;1165.42212
12970;1164.42212
12971;1156.42212
12972;1161.13623
12973;1112.13623
12974;1188.13623
12975;1086.13623
12976;988.430481
12977;759.430481
12978;677.430481
12979;666.430481
12980;677.652649
12981;658.652649
12982;656.652649
12983;661.652649
12984;705.234436
12985;923.234436
12986;1157.23438
12987;1226.23438
12988;1278.86951
12989;1293.86951
12990;1266.86951
12991;1351.86951
12992;1329.13293
12993;1176.13293
12994;1081.13293
12995;1101.13293
12996;1143.11633
12997;1138.11633
12998;1223.11633
12999;1229.11633
13000;1033.11108
13001;812.111084
13002;729.111084
13003;745.111084
13004;737.53302
13005;743.53302
13006;726.53302
13007;742.53302
13008;1019.71655
13009;1355.71655
13010;1560.71655
13011;1636.71655
13012;1648.00769
13013;1658.00769
13014;1602.00769
13015;1678.00769
13016;1685.18567
13017;1585.18567
13018;1498.18567
13019;1484.18567
13020;1220.55591
13021;1122.55591
13022;1191.55591
13023;1163.55591
13024;1028.08923
13025;770.089294
13026;732.089294
13027;713.089294
13028;881.140686
13029;866.140686
13030;846.140686
13031;819.140686
13032;926.529907
13033;1251.52991
13034;1462.52991
13035;1470.52991
13036;1506.68152
13037;1504.68152
13038;1417.68152
13039;1417.68152
13040;1481.78833
13041;1437.78833
13042;1480.78833
13043;1430.78833
13044;1554.30469
13045;1428.30469
13046;1360.30469
13047;1342.30469
13048;1311.32043
13049;1207.32043
13050;1191.32043
13051;1176.32043
13052;1206.99915
13053;1182.99915
13054;1163.99915
13055;1082.99915
13056;359.361755
13057;306.361755
13058;266.361755
13059;269.361755
13060;270.113495
13061;265.113495
13062;268.113495
13063;268.113495
13064;232.791367
13065;210.791367
13066;204.791367
13067;195.791367
13068;192.971954
13069;196.971954
13070;194.971954
13071;190.971954
13072;186.857407
13073;186.857407
13074;183.857407
13075;180.857407
13076;180.967407
13077;178.967407
13078;180.967407
13079;178.967407
13080;187.084335
13081;188.084335
13082;184.084335
13083;179.084335
13084;240.359833
13085;242.359833
13086;241.359833
13087;241.359833
13088;345.669464
13089;347.669464
13090;346.669464
13091;346.669464
13092;318.924377
13093;322.924377
13094;321.924377
13095;320.924377
13096;311.827637
13097;314.827637
13098;309.827637
13099;308.827637
13100;187.143433
13101;186.143433
13102;191.143433
13103;191.143433
13104;326.918243
13105;526.918335
13106;849.918335
13107;966.918335
13108;874.421448
13109;890.421448
13110;859.421448
13111;925.421448
13112;949.162781
13113;986.162781
13114;890.162781
13115;932.162781
13116;1017.92828
13117;985.928284
13118;1068.92834
13119;1043.92834
13120;962.128845
13121;737.128845
13122;694.128845
13123;685.128845
13124;693.514709
13125;714.514709
13126;704.514709
13127;715.514709
13128;905.207581
13129;1216.20752
13130;1452.20752
13131;1510.20752
13132;1571.98596
13133;1646.98596
13134;1516.98596
13135;1581.98596
13136;1612.78491
13137;1527.78491
13138;1584.78491
13139;1540.78491
13140;1373.79272
13141;1270.79272
13142;1249.79272
13143;1293.79272
13144;1514.20703
13145;1271.20703
13146;1142.20703
13147;1107.20703
13148;920.618652
13149;921.618652
13150;888.618652
13151;905.618652
13152;677.939209
13153;989.939209
13154;1133.93921
13155;1190.93921
13156;1266.0741
13157;1233.0741
13158;1176.0741
13159;1218.0741
13160;1275.90723
13161;1230.90723
13162;1292.90723
13163;1215.90723
13164;1212.25525
13165;1100.25525
13166;1047.25525
13167;1125.25525
13168;1064.01245
13169;970.012512
13170;771.012512
13171;745.012512
13172;735.303772
13173;724.303772
13174;733.303772
13175;726.303772
13176;823.700439
13177;1122.70044
13178;1282.70044
13179;1313.70044
13180;1373.11304
13181;1272.11304
13182;1212.11304
13183;1263.11304
13184;1378.00916
13185;1346.00916
13186;1371.00916
13187;1295.00916
13188;1449.4071
13189;1346.4071
13190;1517.4071
13191;1533.4071
13192;1139.37109
13193;992.370911
13194;880.370911
13195;842.370911
13196;755.240112
13197;637.240112
13198;664.240112
13199;676.240112
13200;830.169983
13201;1068.16992
13202;1330.16992
13203;1381.16992
13204;1264.38647
13205;1265.38647
13206;1211.38647
13207;1230.38647
13208;1152.3092
13209;1162.3092
13210;1184.3092
13211;1232.3092
13212;1214.53308
13213;1161.53308
13214;1176.53308
13215;1005.53308
13216;897.212341
13217;689.212341
13218;611.212341
13219;602.212341
13220;630.386047
13221;584.386047
13222;533.386047
13223;412.386017
13224;614.359924
13225;588.359924
13226;551.359924
13227;527.359924
13228;517.863525
13229;508.863495
13230;507.863495
13231;504.863495
13232;401.02124
13233;400.02124
13234;398.02124
13235;395.02124
13236;319.986847
13237;322.986847
13238;321.986847
13239;326.986847
13240;414.437775
13241;408.437775
13242;408.437775
13243;424.437775
13244;599.088989
13245;530.088989
13246;524.088989
13247;524.088989
13248;302.61438
13249;306.61438
13250;313.61438
13251;318.61438
13252;183.027374
13253;180.027374
13254;179.027374
13255;176.027374
13256;173.85965
13257;174.85965
13258;174.85965
13259;177.85965
13260;178.689713
13261;179.689713
13262;226.689713
13263;372.689728
13264;413.353363
13265;427.353363
13266;496.353363
13267;730.353394
13268;758.139954
13269;794.139954
13270;876.139954
13271;885.139954
13272;815.900513
13273;867.900513
13274;828.900513
13275;789.900513
13276;967.026123
13277;1005.02612
13278;1024.02612
13279;947.026123
13280;945.755493
13281;927.755493
13282;944.755493
13283;872.755493
13284;775.738342
13285;789.738342
13286;860.738342
13287;1085.73828
13288;1145.38135
13289;1293.38135
13290;1294.38135
13291;1347.38135
13292;1186.90881
13293;1183.90881
13294;1223.90881
13295;1173.90881
13296;1260.65332
13297;1217.65332
13298;1243.65332
13299;1186.65332
13300;1205.45679
13301;1197.45679
13302;1083.45679
13303;976.456726
13304;950.47168
13305;883.47168
13306;877.47168
13307;835.47168
13308;672.072083
13309;834.072083
13310;884.072083
13311;1124.07227
13312;1163.55176
13313;1188.55176
13314;1216.55176
13315;1223.55176
13316;1225.60535
13317;1329.60535
13318;1333.60535
13319;1272.60535
13320;1548.06165
13321;1463.06165
13322;1558.06165
13323;1500.06165
13324;1334.96973
13325;1286.96973
13326;1146.96973
13327;940.969666
13328;824.909729
13329;824.909729
13330;866.909729
13331;842.909729
13332;877.419983
13333;870.419983
13334;880.419983
13335;1107.41992
13336;1244.94568
13337;1344.94568
13338;1321.94568
13339;1371.94568
13340;1673.34558
13341;1814.34558
13342;1707.34558
13343;1701.34558
13344;1365.17493
13345;1352.17493
13346;1382.17493
13347;1303.17493
13348;1188.03857
13349;1166.03857
13350;1022.03864
13351;894.038635
13352;816.433716
13353;848.433716
13354;846.433716
13355;781.433716
13356;769.294617
13357;758.294617
13358;816.294617
13359;1108.29456
13360;1198.03589
13361;1172.03589
13362;1195.03589
13363;1184.03589
13364;1124.49524
13365;1154.49524
13366;1045.49524
13367;971.4953
13368;996.788635
13369;947.788635
13370;937.788635
13371;794.788635
13372;814.990662
13373;773.990662
13374;759.990662
13375;770.990662
13376;703.781982
13377;706.781982
13378;705.781982
13379;624.781982
13380;617.365723
13381;468.365723
13382;424.365723
13383;395.365723
13384;357.407135
13385;340.407135
13386;324.407135
13387;323.407135
13388;214.518265
13389;261.51825
13390;267.51825
13391;262.51825
13392;353.404205
13393;356.404205
13394;357.404205
13395;353.404205
13396;434.886749
13397;430.886749
13398;430.886749
13399;428.886749
13400;718.230164
13401;716.230164
13402;717.230164
13403;717.230164
13404;499.112061
13405;500.112061
13406;498.112061
13407;498.112061
13408;662.671753
13409;655.671753
13410;655.671753
13411;655.671753
13412;419.109436
13413;420.109436
13414;417.109436
13415;417.109436
13416;341.403442
13417;345.403442
13418;350.403442
13419;355.403442
13420;438.774689
13421;437.774689
13422;435.774689
13423;436.774689
13424;676.180054
13425;676.180054
13426;677.180054
13427;684.180054
13428;383.415405
13429;383.415405
13430;403.415405
13431;492.415405
13432;937.324829
13433;1113.32483
13434;1348.32483
13435;1498.32483
13436;1113.47986
13437;1071.47986
13438;862.479858
13439;852.479858
13440;728.838928
13441;973.838928
13442;953.838928
13443;950.838928
13444;867.328979
13445;849.328979
13446;612.328979
13447;544.328979
13448;563.677856
13449;575.677856
13450;544.677856
13451;484.677887
13452;527.239441
13453;543.239441
13454;617.239441
13455;915.239441
13456;1019.58331
13457;1068.58325
13458;1136.58325
13459;1164.58325
13460;1099.28076
13461;1094.28076
13462;1153.28076
13463;1073.28076
13464;1208.34082
13465;1217.34082
13466;1237.34082
13467;1195.34082
13468;1146.71436
13469;1149.71436
13470;1028.71423
13471;948.714233
13472;840.756897
13473;852.756897
13474;809.756897
13475;787.756897
13476;930.114319
13477;935.114319
13478;1010.11432
13479;1245.11438
13480;1450.90833
13481;1580.90833
13482;1568.90833
13483;1563.90833
13484;1317.03723
13485;1390.03723
13486;1470.03723
13487;1472.03723
13488;1339.3772
13489;1368.3772
13490;1292.3772
13491;1216.3772
13492;1081.46838
13493;1108.46838
13494;986.468262
13495;811.468262
13496;855.187805
13497;801.187805
13498;792.187805
13499;757.187805
13500;698.502808
13501;731.502808
13502;794.502808
13503;1079.50293
13504;1102.3175
13505;1128.3175
13506;1156.3175
13507;1190.3175
13508;1287.40747
13509;1352.40747
13510;1318.40747
13511;1259.40747
13512;1500.43823
13513;1399.43823
13514;1445.43823
13515;1435.43823
13516;1084.02649
13517;1075.02649
13518;1039.02649
13519;924.02655
13520;1155.70544
13521;1145.70544
13522;1184.70544
13523;1159.70544
13524;951.834106
13525;919.834106
13526;967.834106
13527;1288.83411
13528;1840.71021
13529;1901.71021
13530;1840.71021
13531;1808.71021
13532;1827.66333
13533;1828.66333
13534;1825.66333
13535;1764.66333
13536;1388.35315
13537;1328.35315
13538;1412.35315
13539;1244.35315
13540;837.615723
13541;813.615723
13542;779.615723
13543;663.615723
13544;668.171875
13545;669.171875
13546;670.171875
13547;623.171875
13548;611.452576
13549;530.452576
13550;501.452545
13551;462.452545
13552;465.103027
13553;457.103027
13554;468.103027
13555;514.103027
13556;462.826324
13557;484.826324
13558;409.826324
13559;288.826324
13560;342.901581
13561;296.901581
13562;294.901581
13563;295.901581
13564;295.745148
13565;296.745148
13566;296.745148
13567;295.745148
13568;306.572357
13569;305.572357
13570;302.572357
13571;296.572357
13572;239.363358
13573;237.363358
13574;238.363358
13575;238.363358
13576;223.447662
13577;214.447662
13578;214.447662
13579;213.447662
13580;281.814331
13581;281.814331
13582;281.814331
13583;279.814331
13584;589.769653
13585;592.769653
13586;597.769653
13587;598.769653
13588;181.436005
13589;181.436005
13590;180.436005
13591;178.436005
13592;212.088852
13593;217.088852
13594;219.088852
13595;191.088852
13596;484.824585
13597;488.824585
13598;557.824585
13599;720.824585
13600;753.101501
13601;845.101501
13602;891.101501
13603;1020.10156
13604;1034.02917
13605;1148.02917
13606;1091.02917
13607;990.029175
13608;1006.78717
13609;989.78717
13610;968.78717
13611;1029.78723
13612;1174.87769
13613;1096.87769
13614;1041.87769
13615;997.877747
13616;1010.25385
13617;1015.25385
13618;976.253845
13619;858.253845
13620;817.699219
13621;822.699219
13622;923.699219
13623;1235.69922
13624;1538.25354
13625;1599.25354
13626;1593.25354
13627;1621.25354
13628;1536.07043
13629;1615.07043
13630;1616.07043
13631;1536.07043
13632;1564.50623
13633;1546.50623
13634;1438.50623
13635;1423.50623
13636;1172.11072
13637;1136.11072
13638;1048.11072
13639;888.110718
13640;841.664795
13641;844.664795
13642;805.664795
13643;731.664795
13644;732.538818
13645;753.538818
13646;802.538818
13647;1148.5387
13648;1223.16406
13649;1208.16406
13650;1316.16406
13651;1374.16406
13652;1276.71094
13653;1360.71094
13654;1354.71094
13655;1249.71094
13656;1138.35718
13657;1133.35718
13658;1133.35718
13659;1109.35718
13660;1104.21399
13661;1109.21399
13662;990.213928
13663;942.213928
13664;966.446838
13665;897.446838
13666;858.446838
13667;826.446838
13668;844.011108
13669;864.011108
13670;893.011108
13671;1054.01111
13672;1202.79187
13673;1371.79187
13674;1421.79187
13675;1420.79187
13676;1320.5072
13677;1374.5072
13678;1325.5072
13679;1277.5072
13680;1454.58911
13681;1435.58911
13682;1394.58911
13683;1378.58911
13684;1552.5166
13685;1486.5166
13686;1424.5166
13687;1312.5166
13688;1223.70703
13689;1160.70703
13690;1150.70703
13691;1108.70703
13692;829.98291
13693;819.98291
13694;830.98291
13695;1030.98303
13696;1068.06958
13697;1034.06958
13698;939.069519
13699;899.069519
13700;1070.57019
13701;1053.57019
13702;1049.57019
13703;973.570129
13704;1034.64355
13705;1117.64355
13706;1104.64355
13707;1007.64349
13708;1030.39697
13709;927.396973
13710;792.396973
13711;689.396973
13712;767.774109
13713;766.774109
13714;704.774109
13715;676.774109
13716;812.80481
13717;819.80481
13718;754.80481
13719;719.80481
13720;877.867859
13721;872.867859
13722;950.867859
13723;976.867859
13724;1051.16089
13725;1049.16089
13726;1041.16089
13727;972.161011
13728;313.394073
13729;272.394073
13730;270.394073
13731;271.394073
13732;220.238129
13733;219.238129
13734;221.238129
13735;218.238129
13736;216.893005
13737;211.893005
13738;213.893005
13739;212.893005
13740;210.207306
13741;210.207306
13742;216.207306
13743;214.207306
13744;209.922409
13745;206.922409
13746;199.922409
13747;199.922409
13748;203.130768
13749;201.130768
13750;200.130768
13751;203.130768
13752;204.453735
13753;211.453735
13754;214.453735
13755;214.453735
13756;281.098846
13757;277.098846
13758;280.098846
13759;277.098846
13760;381.193268
13761;381.193268
13762;382.193268
13763;385.193268
13764;353.059418
13765;353.059418
13766;354.059418
13767;483.059418
13768;639.39209
13769;892.39209
13770;929.39209
13771;1019.39215
13772;773.236694
13773;780.236694
13774;800.236694
13775;697.236694
13776;856.7005
13777;890.7005
13778;932.7005
13779;893.7005
13780;831.2995
13781;806.2995
13782;679.2995
13783;532.2995
13784;493.346771
13785;483.346771
13786;469.346771
13787;414.346771
13788;448.844208
13789;420.844208
13790;429.844208
13791;578.844177
13792;883.846619
13793;958.846619
13794;993.846619
13795;984.846619
13796;935.917297
13797;946.917297
13798;938.917297
13799;885.917297
13800;1093.27515
13801;1074.27515
13802;1044.27515
13803;976.275146
13804;1073.41418
13805;1102.41418
13806;975.414246
13807;783.414246
13808;750.031677
13809;751.031677
13810;737.031677
13811;686.031677
13812;581.627625
13813;574.627625
13814;568.627625
13815;830.627625
13816;1322.6322
13817;1370.6322
13818;1430.6322
13819;1452.6322
13820;1160.82263
13821;1261.82263
13822;1255.82263
13823;1197.82263
13824;925.000122
13825;871.000122
13826;934.000122
13827;862.000122
13828;894.831055
13829;823.831055
13830;626.831055
13831;416.831085
13832;400.60025
13833;368.60025
13834;364.60025
13835;346.60025
13836;329.755676
13837;331.755676
13838;374.755676
13839;533.755676
13840;733.604492
13841;883.604492
13842;931.604492
13843;705.604492
13844;665.940186
13845;846.940186
13846;425.940216
13847;667.940186
13848;511.880219
13849;473.880188
13850;466.880188
13851;581.880249
13852;573.158081
13853;673.158081
13854;685.158081
13855;485.158081
13856;506.34024
13857;482.34024
13858;477.34024
13859;477.34024
13860;609.918091
13861;656.918091
13862;729.918091
13863;913.918091
13864;874.431335
13865;777.431335
13866;1013.43134
13867;795.431335
13868;615.632263
13869;566.632263
13870;378.632233
13871;452.632233
13872;521.054199
13873;506.054291
13874;637.054199
13875;746.054199
13876;493.437775
13877;440.437775
13878;338.437775
13879;384.437775
13880;366.786163
13881;357.786163
13882;290.786163
13883;222.786148
13884;298.945892
13885;364.945892
13886;246.945877
13887;270.945892
13888;177.284668
13889;208.284668
13890;246.284668
13891;267.284668
13892;322.36438
13893;319.36438
13894;298.36438
13895;265.36438
13896;543.978333
13897;545.978333
13898;548.978333
13899;543.978333
13900;507.635559
13901;509.635559
13902;511.635559
13903;504.635559
13904;405.666687
13905;406.666687
13906;405.666687
13907;404.666687
13908;329.625671
13909;305.625671
13910;330.625671
13911;332.625671
13912;416.681732
13913;409.681732
13914;411.681732
13915;385.681732
13916;534.958923
13917;538.958923
13918;538.958923
13919;538.958923
13920;320.307709
13921;323.307709
13922;327.307709
13923;318.307709
13924;185.684891
13925;182.684891
13926;180.684891
13927;177.684891
13928;179.213989
13929;178.213989
13930;179.213989
13931;178.213989
13932;177.051651
13933;183.051651
13934;277.051666
13935;480.051666
13936;551.356262
13937;567.356262
13938;602.356262
13939;612.356262
13940;557.144836
13941;595.144836
13942;558.144836
13943;562.144836
13944;573.680725
13945;543.680725
13946;524.680725
13947;499.680725
13948;680.642456
13949;671.642456
13950;604.642456
13951;516.642456
13952;485.248688
13953;460.248688
13954;415.248688
13955;455.248688
13956;368.956604
13957;373.956604
13958;424.956604
13959;635.956543
13960;627.637329
13961;516.637329
13962;653.637329
13963;524.637329
13964;508.250549
13965;499.250519
13966;486.250519
13967;474.250519
13968;607.897949
13969;607.897949
13970;589.897949
13971;562.897949
13972;580.902344
13973;539.902344
13974;516.902344
13975;372.902313
13976;362.760376
13977;336.760376
13978;377.760376
13979;333.760376
13980;317.390259
13981;321.390259
13982;347.390259
13983;463.390259
13984;467.439178
13985;597.439209
13986;593.439209
13987;580.439209
13988;382.334076
13989;508.334076
13990;621.334045
13991;521.334045
13992;924.914001
13993;927.914001
13994;897.914001
13995;876.914001
13996;569.810181
13997;514.810242
13998;584.810181
13999;525.810181
14000;386.472443
14001;355.472443
14002;357.472443
14003;350.472443
14004;267.472107
14005;311.472107
14006;398.472107
14007;447.472107
14008;626.255005
14009;608.255005
14010;605.255005
14011;579.255005
14012;899.792847
14013;883.792847
14014;883.792847
14015;839.792847
14016;601.138062
14017;590.138062
14018;583.138062
14019;555.138062
14020;468.052246
14021;470.052246
14022;396.052246
14023;322.052246
14024;222.349472
14025;245.349472
14026;198.349472
14027;197.349472
14028;162.653336
14029;189.653336
14030;191.653336
14031;160.653336
14032;196.598907
14033;166.598907
14034;193.598907
14035;167.598907
14036;163.10112
14037;185.10112
14038;158.10112
14039;182.10112
14040;204.619919
14041;212.619919
14042;187.619919
14043;212.619919
14044;260.276428
14045;287.276428
14046;260.276428
14047;287.276428
14048;237.803497
14049;264.803497
14050;237.803497
14051;260.803497
14052;336.745819
14053;347.745819
14054;352.745819
14055;350.745819
14056;339.407928
14057;331.407928
14058;331.407928
14059;302.407928
14060;193.13446
14061;220.13446
14062;220.13446
14063;192.13446
14064;304.256805
14065;308.256805
14066;311.256805
14067;313.256805
14068;394.155945
14069;307.155945
14070;392.155945
14071;391.155945
14072;687.184387
14073;687.184387
14074;686.184387
14075;601.184387
14076;471.601532
14077;472.601532
14078;471.601532
14079;443.601532
14080;599.125977
14081;624.125977
14082;596.125977
14083;624.125977
14084;384.145416
14085;357.145416
14086;384.145416
14087;356.145416
14088;305.573029
14089;283.573029
14090;310.573029
14091;309.573029
14092;394.592651
14093;395.592651
14094;394.592651
14095;393.592651
14096;636.7453
14097;637.7453
14098;609.7453
14099;636.7453
14100;340.582642
14101;390.582642
14102;398.582642
14103;474.582642
14104;1065.36182
14105;981.361816
14106;979.361816
14107;959.361816
14108;797.444824
14109;798.444824
14110;708.444824
14111;775.444824
14112;495.126678
14113;505.126678
14114;469.126678
14115;497.126678
14116;387.340729
14117;348.340729
14118;281.340729
14119;279.340729
14120;265.306122
14121;263.306122
14122;260.306122
14123;260.306122
14124;266.735443
14125;289.735443
14126;301.735443
14127;415.735443
14128;436.692841
14129;441.692841
14130;442.692841
14131;382.692841
14132;359.074951
14133;213.074951
14134;383.074951
14135;310.074951
14136;464.230988
14137;459.230988
14138;424.230988
14139;452.230988
14140;461.532806
14141;420.532806
14142;351.532806
14143;345.532806
14144;297.622375
14145;293.622375
14146;293.622375
14147;294.622375
14148;415.211731
14149;441.211731
14150;529.211731
14151;572.211731
14152;771.356079
14153;784.356079
14154;784.356079
14155;759.356079
14156;696.629456
14157;688.629456
14158;679.629456
14159;676.629456
14160;554.024231
14161;554.024231
14162;530.024231
14163;548.024231
14164;373.816284
14165;321.816284
14166;263.816284
14167;206.816299
14168;302.901123
14169;299.901123
14170;256.901123
14171;297.901123
14172;248.006699
14173;317.006683
14174;381.006683
14175;348.006683
14176;299.37738
14177;316.37738
14178;317.37738
14179;144.377396
14180;535.271729
14181;456.271729
14182;415.271729
14183;382.271729
14184;713.240784
14185;709.240784
14186;698.240784
14187;694.240784
14188;451.378296
14189;428.378296
14190;414.378296
14191;383.378296
14192;627.595764
14193;570.595764
14194;625.595764
14195;625.595764
14196;401.796265
14197;406.796265
14198;404.796265
14199;373.796265
14200;760.553833
14201;731.553833
14202;759.553833
14203;762.553833
14204;850.634277
14205;821.634277
14206;821.634277
14207;850.634277
14208;533.179199
14209;540.179199
14210;510.179199
14211;511.179199
14212;194.462143
14213;193.462143
14214;192.462143
14215;195.462143
14216;183.171875
14217;183.171875
14218;181.171875
14219;180.171875
14220;181.680557
14221;184.680557
14222;185.680557
14223;186.680557
14224;184.258026
14225;178.258026
14226;176.258026
14227;177.258026
14228;176.087402
14229;175.087402
14230;175.087402
14231;176.087402
14232;270.68985
14233;277.68985
14234;279.68985
14235;278.68985
14236;281.885712
14237;279.885712
14238;282.885712
14239;277.885712
14240;291.72821
14241;289.72821
14242;289.72821
14243;289.72821
14244;237.820312
14245;235.820312
14246;237.820312
14247;237.820312
14248;213.277939
14249;212.277939
14250;210.277939
14251;184.277939
14252;278.203766
14253;251.203766
14254;252.203766
14255;278.203766
14256;586.388306
14257;594.388306
14258;597.388306
14259;597.388306
14260;178.123352
14261;175.123352
14262;175.123352
14263;175.123352
14264;213.040451
14265;214.040451
14266;212.040451
14267;213.040451
14268;475.191711
14269;521.191711
14270;597.191711
14271;662.191711
14272;445.26825
14273;446.26825
14274;447.26825
14275;336.26825
14276;398.063934
14277;485.063934
14278;318.063934
14279;161.06395
14280;452.053558
14281;419.053558
14282;326.053558
14283;415.053558
14284;284.499146
14285;417.499146
14286;355.499146
14287;395.499146
14288;367.72168
14289;321.72168
14290;359.72168
14291;360.72168
14292;342.688385
14293;348.688385
14294;437.688385
14295;498.688385
14296;662.294922
14297;578.294922
14298;662.294922
14299;570.294922
14300;611.2771
14301;715.2771
14302;709.2771
14303;456.2771
14304;547.713806
14305;611.713806
14306;644.713806
14307;607.713806
14308;409.604248
14309;325.604248
14310;395.604248
14311;290.604248
14312;272.56134
14313;270.56134
14314;268.56134
14315;267.56134
14316;247.388596
14317;269.38858
14318;291.38858
14319;340.38858
14320;337.940125
14321;406.940125
14322;236.940125
14323;314.940125
14324;324.340515
14325;238.340515
14326;231.340515
14327;308.340515
14328;383.941956
14329;302.941956
14330;343.941956
14331;356.941956
14332;353.789032
14333;278.789032
14334;338.789032
14335;193.789047
14336;273.436127
14337;216.436142
14338;269.436127
14339;268.436127
14340;236.821854
14341;291.821838
14342;291.821838
14343;252.821854
14344;236.935577
14345;235.935577
14346;135.935577
14347;203.935577
14348;211.124878
14349;177.124878
14350;178.124878
14351;213.124878
14352;455.510162
14353;421.510162
14354;491.510162
14355;490.510162
14356;551.319641
14357;556.319641
14358;515.319641
14359;514.319641
14360;519.989624
14361;516.989624
14362;490.989594
14363;516.989624
14364;213.721756
14365;352.721771
14366;435.721771
14367;463.721771
14368;272.245758
14369;376.245758
14370;393.245758
14371;480.245758
14372;662.924561
14373;660.924561
14374;630.924561
14375;593.924561
14376;645.546814
14377;613.546814
14378;624.546814
14379;620.546814
14380;587.808777
14381;522.808777
14382;499.808807
14383;487.808807
14384;543.286682
14385;511.286682
14386;503.286682
14387;498.286682
14388;621.908691
14389;635.908691
14390;648.908691
14391;641.908691
14392;790.924133
14393;788.924133
14394;850.924133
14395;836.924133
14396;909.414917
14397;873.414917
14398;854.414917
14399;849.414917
14400;224.566025
14401;230.566025
14402;229.566025
14403;226.566025
14404;176.440353
14405;176.440353
14406;173.440353
14407;169.440353
14408;167.715363
14409;167.715363
14410;165.715363
14411;166.715363
14412;168.096802
14413;170.096802
14414;147.096802
14415;174.096802
14416;162.918274
14417;160.918274
14418;161.918274
14419;157.918274
14420;160.940491
14421;159.940491
14422;165.940491
14423;163.940491
14424;179.076019
14425;173.076019
14426;174.076019
14427;174.076019
14428;236.449249
14429;234.449249
14430;229.449249
14431;228.449249
14432;333.595245
14433;331.595245
14434;331.595245
14435;332.595245
14436;306.886658
14437;444.886658
14438;631.886658
14439;715.886658
14440;730.077454
14441;777.077454
14442;696.077454
14443;698.077454
14444;606.444153
14445;627.444153
14446;720.444153
14447;813.444153
14448;959.271118
14449;972.271118
14450;911.271118
14451;946.271118
14452;820.478577
14453;674.478577
14454;505.478577
14455;457.478577
14456;454.078217
14457;492.078217
14458;489.078217
14459;484.078217
14460;511.617554
14461;631.617554
14462;953.617554
14463;984.617554
14464;1059.05139
14465;1143.05139
14466;1104.05139
14467;1074.05139
14468;1229.02039
14469;1213.02039
14470;1135.02039
14471;1132.02039
14472;1259.76355
14473;1308.76355
14474;1345.76355
14475;1328.76355
14476;1336.3717
14477;1137.3717
14478;960.371826
14479;982.371826
14480;1001.9375
14481;983.9375
14482;968.9375
14483;980.9375
14484;860.895508
14485;1054.89551
14486;1301.89551
14487;1373.89551
14488;1700.81335
14489;1807.81335
14490;1743.81335
14491;1790.81335
14492;1643.10913
14493;1559.10913
14494;1439.10913
14495;1462.10913
14496;1167.0249
14497;1204.0249
14498;1210.0249
14499;1240.0249
14500;1105.83704
14501;884.837158
14502;761.837158
14503;762.837158
14504;757.605652
14505;722.605652
14506;716.605652
14507;706.605652
14508;722.210571
14509;955.210571
14510;1282.21057
14511;1332.21057
14512;1382.0376
14513;1376.0376
14514;1290.0376
14515;1348.0376
14516;1266.27112
14517;1313.27112
14518;1317.27112
14519;1282.27112
14520;1343.62012
14521;1286.62012
14522;1283.62012
14523;1244.62012
14524;1257.7655
14525;953.765442
14526;845.765442
14527;848.765442
14528;896.334167
14529;880.334167
14530;880.334167
14531;892.334167
14532;1067.85925
14533;1278.85925
14534;1604.85925
14535;1588.85925
14536;1356.83081
14537;1427.83081
14538;1316.83081
14539;1266.83081
14540;1178.3717
14541;1122.3717
14542;1115.3717
14543;1085.3717
14544;1248.08289
14545;1204.08289
14546;725.083069
14547;1088.08289
14548;493.183594
14549;493.183594
14550;348.183594
14551;432.183594
14552;410.662445
14553;406.662445
14554;392.662445
14555;362.662445
14556;399.766449
14557;193.766434
14558;263.766418
14559;227.766434
14560;194.915909
14561;192.915909
14562;195.915909
14563;198.915909
14564;253.649612
14565;254.649612
14566;255.649612
14567;253.649612
14568;520.582886
14569;530.582886
14570;529.582886
14571;527.582886
14572;496.710693
14573;495.710693
14574;491.710693
14575;488.710693
14576;393.547729
14577;389.547729
14578;386.547729
14579;387.547729
14580;315.243866
14581;319.243866
14582;323.243866
14583;322.243866
14584;392.095428
14585;393.095428
14586;396.095428
14587;396.095428
14588;505.25058
14589;506.25058
14590;504.25058
14591;505.25058
14592;302.304321
14593;311.304321
14594;313.304321
14595;309.304321
14596;183.952789
14597;182.952789
14598;178.952789
14599;178.952789
14600;178.219635
14601;178.219635
14602;183.219635
14603;186.219635
14604;197.991653
14605;367.991638
14606;766.991638
14607;922.991638
14608;988.046448
14609;980.046448
14610;951.046448
14611;1049.04651
14612;1115.4209
14613;1091.4209
14614;999.420898
14615;1045.4209
14616;1151.79407
14617;1158.79407
14618;1180.79407
14619;1170.79407
14620;1261.85669
14621;1055.85669
14622;997.856689
14623;950.856689
14624;946.232239
14625;954.232239
14626;904.232239
14627;895.232239
14628;821.30542
14629;1096.30554
14630;1477.30554
14631;1501.30554
14632;1386.3186
14633;1427.3186
14634;1359.3186
14635;1420.3186
14636;1380.46106
14637;1305.46106
14638;1305.46106
14639;1257.46106
14640;1410.0697
14641;1387.0697
14642;1389.0697
14643;1335.0697
14644;1267.02075
14645;1022.02081
14646;870.020813
14647;833.020813
14648;796.583984
14649;806.583984
14650;777.583984
14651;767.583984
14652;741.987549
14653;983.987549
14654;1296.98755
14655;1313.98755
14656;1292.27917
14657;1306.27917
14658;1279.27917
14659;1318.27917
14660;1425.85266
14661;1344.85266
14662;1278.85266
14663;1211.85266
14664;1616.92224
14665;1585.92224
14666;1630.92224
14667;1668.92224
14668;1361.00061
14669;1280.00061
14670;1072.00061
14671;1023.00055
14672;897.153381
14673;880.153381
14674;856.153381
14675;848.153381
14676;833.764832
14677;1052.76477
14678;1356.76477
14679;1362.76477
14680;1455.39844
14681;1464.39844
14682;1436.39844
14683;1398.39844
14684;1802.79797
14685;1810.79797
14686;1808.79797
14687;1767.79797
14688;1424.39392
14689;1384.39392
14690;1260.39392
14691;1284.39392
14692;1108.66125
14693;941.661255
14694;836.661255
14695;773.661255
14696;689.191956
14697;692.191956
14698;636.191956
14699;657.191956
14700;660.151917
14701;832.151917
14702;1183.15198
14703;1263.15198
14704;1286.91492
14705;1352.91492
14706;1309.91492
14707;1271.91492
14708;1316.38159
14709;1281.38159
14710;1203.38159
14711;1209.38159
14712;1139.06934
14713;1109.06934
14714;979.069336
14715;813.069336
14716;811.192078
14717;735.192078
14718;689.192078
14719;688.192078
14720;657.564453
14721;617.564453
14722;570.564453
14723;501.564514
14724;504.792328
14725;401.792328
14726;374.792328
14727;341.792328
14728;322.334412
14729;328.334412
14730;324.334412
14731;324.334412
14732;221.441116
14733;222.441116
14734;221.441116
14735;220.441116
14736;299.462097
14737;307.462097
14738;308.462097
14739;306.462097
14740;379.954407
14741;378.954407
14742;377.954407
14743;377.954407
14744;651.400513
14745;650.400513
14746;649.400513
14747;651.400513
14748;450.742584
14749;448.742584
14750;451.742584
14751;447.742584
14752;590.315369
14753;590.315369
14754;589.315369
14755;588.315369
14756;342.032257
14757;367.032257
14758;367.032257
14759;368.032257
14760;295.968964
14761;303.968964
14762;304.968964
14763;301.968964
14764;380.390411
14765;382.390411
14766;381.390411
14767;379.390411
14768;606.124695
14769;605.124695
14770;609.124695
14771;610.124695
14772;346.494995
14773;511.494995
14774;939.494995
14775;1189.49487
14776;1618.45911
14777;1603.45911
14778;1596.45911
14779;1587.45911
14780;1351.30762
14781;1338.30762
14782;1351.30762
14783;1431.30762
14784;1181.53918
14785;1143.53918
14786;1209.53918
14787;1212.53918
14788;1074.04138
14789;975.041443
14790;877.041443
14791;838.041443
14792;786.588623
14793;725.588623
14794;733.588623
14795;748.588623
14796;733.508972
14797;897.508972
14798;1212.50903
14799;1361.50903
14800;1327.55042
14801;1312.55042
14802;1261.55042
14803;1340.55042
14804;1258.7467
14805;1232.7467
14806;1220.7467
14807;1267.7467
14808;1339.51025
14809;1238.51025
14810;1240.51025
14811;1253.51025
14812;1214.80896
14813;1121.80896
14814;943.809021
14815;870.809021
14816;826.618958
14817;805.618958
14818;802.618958
14819;800.618958
14820;904.283691
14821;1096.28369
14822;1420.28369
14823;1457.28369
14824;1647.9873
14825;1665.9873
14826;1620.9873
14827;1625.9873
14828;1592.07874
14829;1535.07874
14830;1496.07874
14831;1405.07874
14832;1360.53015
14833;1394.53015
14834;1395.53015
14835;1373.53015
14836;1113.95178
14837;935.951782
14838;864.951782
14839;733.951782
14840;762.57373
14841;766.57373
14842;738.57373
14843;735.57373
14844;725.36969
14845;912.36969
14846;1130.36975
14847;1315.36975
14848;1338.87317
14849;1324.87317
14850;1284.87317
14851;1245.87317
14852;1451.1637
14853;1382.1637
14854;1365.1637
14855;1334.1637
14856;1596.22083
14857;1593.22083
14858;1666.22083
14859;1696.22083
14860;1382.22766
14861;1096.22766
14862;1026.22766
14863;1014.22772
14864;1213.25232
14865;1182.25232
14866;1177.25232
14867;1161.25232
14868;964.853638
14869;1157.85364
14870;1464.85364
14871;1484.85364
14872;1855.78235
14873;1895.78235
14874;1919.78235
14875;1879.78235
14876;1959.60913
14877;1895.60913
14878;1770.60913
14879;1727.60913
14880;1371.22388
14881;1294.22388
14882;1284.22388
14883;1190.22388
14884;732.484192
14885;623.484192
14886;553.484192
14887;522.484131
14888;514.057434
14889;519.057434
14890;459.057434
14891;349.057434
14892;256.806152
14893;242.806152
14894;242.806152
14895;201.806152
14896;197.218796
14897;198.218796
14898;196.218796
14899;194.218796
14900;185.061493
14901;186.061493
14902;186.061493
14903;179.061493
14904;263.706879
14905;270.706848
14906;271.706848
14907;267.706848
14908;269.459534
14909;270.459534
14910;269.459534
14911;267.459534
14912;277.528687
14913;280.528687
14914;278.528687
14915;278.528687
14916;228.550415
14917;227.550415
14918;228.550415
14919;224.550415
14920;204.175781
14921;204.175781
14922;204.175781
14923;204.175781
14924;267.263916
14925;265.263916
14926;265.263916
14927;267.263916
14928;557.147461
14929;563.147461
14930;564.147461
14931;564.147461
14932;171.777954
14933;171.777954
14934;170.777954
14935;168.777954
14936;208.228333
14937;208.228333
14938;212.228333
14939;215.228333
14940;470.088287
14941;657.088318
14942;946.088318
14943;1089.08826
14944;1055.53076
14945;1081.53076
14946;1087.53076
14947;1058.53076
14948;1159.82532
14949;1181.82532
14950;1120.82532
14951;1153.82532
14952;1115.8855
14953;1098.8855
14954;1184.8855
14955;1218.8855
14956;1168.92041
14957;926.92041
14958;882.92041
14959;849.92041
14960;811.44989
14961;808.44989
14962;838.44989
14963;836.44989
14964;820.00946
14965;1072.00952
14966;1383.00952
14967;1494.00952
14968;1647.48206
14969;1633.48206
14970;1552.48206
14971;1623.48206
14972;1654.229
14973;1639.229
14974;1527.229
14975;1569.229
14976;1507.79724
14977;1415.79724
14978;1451.79724
14979;1400.79724
14980;1079.37683
14981;829.37677
14982;756.37677
14983;729.37677
14984;738.698059
14985;726.698059
14986;729.698059
14987;725.698059
14988;715.836365
14989;908.836365
14990;1199.8363
14991;1290.8363
14992;1292.94348
14993;1297.94348
14994;1262.94348
14995;1293.94348
14996;1389.83093
14997;1366.83093
14998;1389.83093
14999;1359.83093
15000;1326.72327
15001;1254.72327
15002;1244.72327
15003;1158.72327
15004;1093.85913
15005;907.859009
15006;724.859009
15007;693.859009
15008;786.296692
15009;758.296692
15010;735.296692
15011;744.296692
15012;732.279907
15013;969.279907
15014;1306.27979
15015;1307.27979
15016;1263.23401
15017;1347.23401
15018;1299.23401
15019;1288.23401
15020;1355.4469
15021;1324.4469
15022;1322.4469
15023;1329.4469
15024;1563.46228
15025;1498.46228
15026;1498.46228
15027;1458.46228
15028;1442.07983
15029;1159.07983
15030;1058.07983
15031;1059.07983
15032;1037.05103
15033;1004.05109
15034;1024.05103
15035;1017.05109
15036;749.672913
15037;953.672913
15038;1208.67297
15039;1316.67297
15040;1257.17969
15041;1220.17969
15042;1224.17969
15043;1175.17969
15044;1381.4895
15045;1266.4895
15046;1179.4895
15047;1195.4895
15048;1220.41345
15049;1249.41345
15050;1187.41345
15051;1059.41345
15052;972.765137
15053;787.765137
15054;704.765137
15055;690.765137
15056;751.015442
15057;748.015442
15058;744.015442
15059;720.015442
15060;708.651794
15061;656.651794
15062;637.651794
15063;602.651794
15064;738.225342
15065;731.225342
15066;731.225342
15067;730.225342
15068;798.990417
15069;798.990417
15070;796.990417
15071;796.990417
15072;211.305756
15073;213.305756
15074;218.305756
15075;218.305756
15076;174.528931
15077;171.528931
15078;167.528931
15079;165.528931
15080;166.580566
15081;165.580566
15082;163.580566
15083;160.580566
15084;163.264938
15085;164.264938
15086;169.264938
15087;167.264938
15088;156.517761
15089;155.517761
15090;158.517761
15091;156.517761
15092;159.576294
15093;158.576294
15094;158.576294
15095;157.576294
15096;163.329605
15097;168.329605
15098;173.329605
15099;172.329605
15100;229.7202
15101;228.7202
15102;223.7202
15103;223.7202
15104;319.858521
15105;244.858551
15106;269.858521
15107;245.858551
15108;213.26152
15109;301.261505
15110;462.261505
15111;187.26152
15112;568.795166
15113;553.795166
15114;545.795166
15115;369.795166
15116;855.226501
15117;916.226501
15118;954.226501
15119;969.226501
15120;1072.48083
15121;980.480774
15122;1028.48083
15123;1055.48083
15124;993.664734
15125;736.664734
15126;691.664734
15127;683.664734
15128;701.81366
15129;695.81366
15130;692.81366
15131;690.81366
15132;713.741821
15133;997.741821
15134;1173.74182
15135;1244.74182
15136;1312.51074
15137;1280.51074
15138;1228.51074
15139;1271.51074
15140;1338.88477
15141;1307.88477
15142;1222.88477
15143;1238.88477
15144;1326.45789
15145;1252.45789
15146;1329.45789
15147;1329.45789
15148;1231.13098
15149;970.13092
15150;948.13092
15151;929.13092
15152;946.869263
15153;925.869263
15154;943.869263
15155;943.869263
15156;868.596252
15157;1184.59631
15158;1268.59631
15159;1357.59631
15160;1787.88855
15161;1719.88855
15162;1697.88855
15163;1691.88855
15164;1524.3064
15165;1442.3064
15166;1462.3064
15167;1548.3064
15168;1250.40649
15169;1180.40649
15170;1241.40649
15171;1154.40649
15172;1022.33508
15173;757.335083
15174;692.335083
15175;687.335083
15176;676.30719
15177;653.30719
15178;682.30719
15179;669.30719
15180;715.846008
15181;1023.84601
15182;1193.84595
15183;1222.84595
15184;1207.65149
15185;1169.65149
15186;1163.65149
15187;1230.65149
15188;1163.05139
15189;1209.05139
15190;1233.05139
15191;1189.05139
15192;1260.01636
15193;1219.01636
15194;1250.01636
15195;1261.01636
15196;1177.36035
15197;905.360413
15198;809.360413
15199;803.360413
15200;844.91864
15201;853.91864
15202;853.91864
15203;848.91864
15204;1090.36694
15205;1454.36694
15206;1587.36694
15207;1564.36694
15208;1339.7616
15209;1352.7616
15210;1149.7616
15211;1217.7616
15212;1151.64075
15213;1153.64075
15214;1255.64075
15215;1195.64075
15216;1192.05298
15217;1137.05298
15218;1063.05298
15219;961.05304
15220;639.936646
15221;630.936646
15222;644.936646
15223;652.936646
15224;648.92041
15225;572.92041
15226;515.92041
15227;419.920441
15228;294.343262
15229;278.343262
15230;235.343246
15231;221.343246
15232;229.110413
15233;240.110413
15234;241.110413
15235;241.110413
15236;299.759979
15237;297.759979
15238;274.759979
15239;234.759979
15240;498.561981
15241;505.561981
15242;507.561981
15243;506.561981
15244;477.726532
15245;473.726532
15246;471.726532
15247;473.726532
15248;378.24527
15249;378.24527
15250;377.24527
15251;378.24527
15252;308.410339
15253;315.410339
15254;315.410339
15255;313.410339
15256;386.115784
15257;384.115784
15258;385.115784
15259;383.115784
15260;497.080078
15261;497.080078
15262;496.080078
15263;497.080078
15264;291.057434
15265;299.057434
15266;301.057434
15267;301.057434
15268;174.758972
15269;175.758972
15270;168.758972
15271;168.758972
15272;172.32402
15273;172.32402
15274;177.32402
15275;179.32402
15276;229.123077
15277;591.123047
15278;960.123047
15279;871.123047
15280;935.462646
15281;927.462646
15282;903.462646
15283;960.462646
15284;1075.36768
15285;1058.36768
15286;1157.36768
15287;1221.36768
15288;1210.78174
15289;1192.78174
15290;1191.78174
15291;1175.78174
15292;1155.3313
15293;957.33136
15294;892.33136
15295;890.33136
15296;888.594116
15297;891.594116
15298;890.594116
15299;864.594116
15300;857.296021
15301;1171.29602
15302;1324.29602
15303;1386.29602
15304;1328.91663
15305;1356.91663
15306;1275.91663
15307;1365.91663
15308;1214.38171
15309;1201.38171
15310;1181.38171
15311;1171.38171
15312;1291.59778
15313;1267.59778
15314;1282.59778
15315;1223.59778
15316;1092.58521
15317;885.585144
15318;874.585144
15319;856.585144
15320;851.234802
15321;844.234802
15322;788.234802
15323;788.234802
15324;802.294739
15325;1151.29468
15326;1315.29468
15327;1338.29468
15328;1324.46118
15329;1334.46118
15330;1242.46118
15331;1303.46118
15332;1227.78882
15333;1246.78882
15334;1307.78882
15335;1302.78882
15336;1710.28748
15337;1668.28748
15338;1700.28748
15339;1599.28748
15340;1170.48962
15341;916.489624
15342;898.489624
15343;901.489624
15344;787.711853
15345;784.711853
15346;777.711853
15347;780.711853
15348;824.504883
15349;1116.50488
15350;1280.50488
15351;1406.50488
15352;1496.01721
15353;1527.01721
15354;1470.01721
15355;1483.01721
15356;1817.25256
15357;1779.25256
15358;1738.25256
15359;1772.25256
15360;1423.70728
15361;1403.70728
15362;1482.70728
15363;1425.70728
15364;1132.02966
15365;801.029724
15366;778.029724
15367;751.029724
15368;702.510315
15369;696.510315
15370;671.510315
15371;696.510315
15372;742.209778
15373;1118.20984
15374;1225.20984
15375;1270.20984
15376;1188.60083
15377;1226.60083
15378;1147.60083
15379;1161.60083
15380;1185.96997
15381;1196.96997
15382;1155.96997
15383;1193.96997
15384;1166.57947
15385;1027.57947
15386;1030.57947
15387;1032.57947
15388;817.949829
15389;698.949829
15390;670.949829
15391;640.949829
15392;582.55481
15393;594.55481
15394;496.55484
15395;328.55484
15396;392.839966
15397;382.839966
15398;336.839966
15399;324.839966
15400;316.175629
15401;317.175629
15402;313.175629
15403;315.175629
15404;206.197372
15405;209.197372
15406;208.197372
15407;208.197372
15408;288.980347
15409;292.980347
15410;293.980347
15411;290.980347
15412;371.639862
15413;369.639862
15414;369.639862
15415;367.639862
15416;644.472595
15417;642.472595
15418;642.472595
15419;642.472595
15420;440.786987
15421;442.786987
15422;436.786987
15423;434.786987
15424;581.83136
15425;582.83136
15426;582.83136
15427;583.83136
15428;360.166321
15429;360.166321
15430;360.166321
15431;360.166321
15432;289.296844
15433;295.296844
15434;296.296844
15435;295.296844
15436;375.556396
15437;375.556396
15438;373.556396
15439;374.556396
15440;597.90863
15441;597.90863
15442;603.90863
15443;605.90863
15444;374.881256
15445;768.881226
15446;799.881226
15447;848.881226
15448;1346.66321
15449;1392.66321
15450;1549.66321
15451;1686.66321
15452;1468.58972
15453;1385.58972
15454;1470.58972
15455;1443.58972
15456;1247.8252
15457;1270.8252
15458;1338.8252
15459;1294.8252
15460;1136.4469
15461;933.446838
15462;762.446838
15463;699.446838
15464;684.944641
15465;684.944641
15466;681.944641
15467;681.944641
15468;726.882751
15469;1100.88269
15470;1256.88269
15471;1309.88269
15472;1310.07935
15473;1315.07935
15474;1220.07935
15475;1151.07935
15476;1119.26013
15477;1175.26013
15478;1161.26013
15479;1185.26013
15480;1253.05493
15481;1204.05493
15482;1280.05493
15483;1235.05493
15484;1072.90515
15485;964.90509
15486;942.90509
15487;808.90509
15488;753.965088
15489;748.965088
15490;732.965088
15491;748.965088
15492;938.996887
15493;1268.99695
15494;1439.99695
15495;1499.99695
15496;1585.22302
15497;1580.22302
15498;1586.22302
15499;1658.22302
15500;1584.22266
15501;1504.22266
15502;1473.22266
15503;1526.22266
15504;1405.96838
15505;1322.96838
15506;1442.96838
15507;1379.96838
15508;1046.67578
15509;838.675781
15510;644.675781
15511;688.675781
15512;773.609192
15513;762.609192
15514;775.609192
15515;779.609192
15516;835.846863
15517;1166.84692
15518;1230.84692
15519;1270.84692
15520;1230.88367
15521;1211.88367
15522;1253.88367
15523;1328.88367
15524;1487.84192
15525;1410.84192
15526;1373.84192
15527;1372.84192
15528;1648.18542
15529;1616.18542
15530;1633.18542
15531;1603.18542
15532;1259.15271
15533;1045.15271
15534;1029.15271
15535;995.152832
15536;1087.66675
15537;1058.66675
15538;993.666687
15539;1052.66675
15540;861.621338
15541;1165.62122
15542;1292.62122
15543;1316.62122
15544;1627.36597
15545;1593.36597
15546;1585.36597
15547;1590.36597
15548;1649.51892
15549;1710.51892
15550;1673.51892
15551;1651.51892
15552;1377.89355
15553;1269.89355
15554;1208.89355
15555;1002.89343
15556;604.844727
15557;546.844727
15558;553.844727
15559;552.844727
15560;533.121521
15561;501.121521
15562;435.121521
15563;339.121521
15564;271.489777
15565;245.489792
15566;207.489792
15567;200.489792
15568;246.022095
15569;254.022095
15570;243.022095
15571;245.022095
15572;246.865265
15573;248.865265
15574;188.865265
15575;177.865265
15576;269.959747
15577;272.959747
15578;262.959747
15579;261.959747
15580;262.542389
15581;261.542389
15582;260.542389
15583;261.542389
15584;273.792206
15585;270.792206
15586;270.792206
15587;272.792206
15588;223.031052
15589;224.031052
15590;218.031052
15591;215.031052
15592;200.755035
15593;201.755035
15594;200.755035
15595;202.755035
15596;268.320129
15597;266.320129
15598;266.320129
15599;268.320129
15600;556.315002
15601;561.315002
15602;562.315002
15603;563.315002
15604;169.696594
15605;169.696594
15606;168.696594
15607;167.696594
15608;204.052505
15609;205.052505
15610;202.052505
15611;205.052505
15612;504.043579
15613;875.043579
15614;902.043579
15615;894.043579
15616;691.435608
15617;949.435608
15618;876.435608
15619;930.435608
15620;1025.0697
15621;1018.06964
15622;1009.06964
15623;1038.06982
15624;1055.44434
15625;1081.44434
15626;1112.44434
15627;1096.44434
15628;1040.70264
15629;832.702576
15630;837.702576
15631;853.702576
15632;834.185364
15633;823.185364
15634;819.185364
15635;821.185364
15636;850.746094
15637;1172.74609
15638;1283.74609
15639;1331.74609
15640;1541.13428
15641;1537.13428
15642;1432.13428
15643;1479.13428
15644;1524.45715
15645;1388.45715
15646;1202.45715
15647;1300.45715
15648;1353.75769
15649;1208.75769
15650;1265.75769
15651;1361.75769
15652;1056.52783
15653;764.527832
15654;761.527832
15655;747.527832
15656;741.652039
15657;747.652039
15658;717.652039
15659;743.652039
15660;768.770081
15661;977.770081
15662;1064.77002
15663;1109.77002
15664;1284.41089
15665;1290.41089
15666;1224.41089
15667;1278.41089
15668;1281.70691
15669;1218.70691
15670;1190.70691
15671;1163.70691
15672;1163.59766
15673;862.597534
15674;1155.59766
15675;1139.59766
15676;1043.97009
15677;885.970032
15678;701.970032
15679;704.970032
15680;769.239258
15681;753.239258
15682;767.239258
15683;742.239258
15684;806.228333
15685;1140.22827
15686;1250.22827
15687;1381.22827
15688;1379.22937
15689;1317.22937
15690;1202.22937
15691;1260.22937
15692;1264.19971
15693;1305.19971
15694;1239.19971
15695;1234.19971
15696;1386.50171
15697;1353.50171
15698;1438.50171
15699;1451.50171
15700;1167.57544
15701;1183.57544
15702;1121.57544
15703;1070.57544
15704;1060.38281
15705;1057.38281
15706;1084.38281
15707;1071.38281
15708;854.776245
15709;1116.77625
15710;1199.77625
15711;1007.77625
15712;1001.55444
15713;1212.55457
15714;1175.55457
15715;1241.55457
15716;1355.63074
15717;1376.63074
15718;1251.63074
15719;1271.63074
15720;1320.88513
15721;1224.88513
15722;1190.88513
15723;1022.88513
15724;954.982666
15725;880.982666
15726;827.982666
15727;850.982666
15728;911.266846
15729;886.266846
15730;765.266846
15731;636.266846
15732;662.433594
15733;650.433594
15734;607.433594
15735;594.433594
15736;743.042664
15737;741.042664
15738;739.042664
15739;740.042664
15740;812.950439
15741;812.950439
15742;811.950439
15743;810.950439
15744;222.065842
15745;228.065842
15746;230.065842
15747;228.065842
15748;184.401749
15749;182.401749
15750;177.401749
15751;177.401749
15752;176.40831
15753;173.40831
15754;176.40831
15755;174.40831
15756;178.886993
15757;180.886993
15758;174.886993
15759;172.886993
15760;169.277802
15761;167.277802
15762;161.277802
15763;158.277802
15764;161.384689
15765;160.384689
15766;161.384689
15767;160.384689
15768;165.497162
15769;166.497162
15770;173.497162
15771;172.497162
15772;230.042801
15773;233.042801
15774;230.042801
15775;231.042801
15776;329.880341
15777;328.880341
15778;334.880341
15779;337.880341
15780;360.73645
15781;704.73645
15782;1064.73645
15783;984.73645
15784;1045.79968
15785;1078.79968
15786;957.799622
15787;1096.79968
15788;1047.90149
15789;985.901611
15790;965.901611
15791;924.901611
15792;1022.57758
15793;1056.57764
15794;1146.57764
15795;1128.57764
15796;1005.45447
15797;763.454468
15798;720.454468
15799;704.454468
15800;664.066956
15801;645.066956
15802;697.066956
15803;707.066956
15804;751.562012
15805;1071.56201
15806;1209.56201
15807;1238.56201
15808;1325.23547
15809;1288.23547
15810;1241.23547
15811;1327.23547
15812;1380.63269
15813;1204.63269
15814;1188.63269
15815;1152.63269
15816;1308.03467
15817;1272.03467
15818;1410.03467
15819;1416.03467
15820;1276.28357
15821;1063.28357
15822;1063.28357
15823;1025.28357
15824;1012.48975
15825;964.489746
15826;968.489746
15827;967.489746
15828;925.909912
15829;1183.90991
15830;1298.90991
15831;1352.90991
15832;1666.16467
15833;1585.16467
15834;1535.16467
15835;1591.16467
15836;1495.6283
15837;1404.6283
15838;1385.6283
15839;1358.6283
15840;1194.67273
15841;1151.67273
15842;1275.67273
15843;1222.67273
15844;1054.75928
15845;937.759399
15846;783.759399
15847;757.759399
15848;741.568909
15849;764.568909
15850;745.568909
15851;752.568909
15852;825.078003
15853;1055.078
15854;1176.078
15855;1169.078
15856;1198.99756
15857;1235.99756
15858;1170.99756
15859;1192.99756
15860;1213.38867
15861;1159.38867
15862;1104.38867
15863;1130.38867
15864;1184.18896
15865;1200.18896
15866;1263.18896
15867;1209.18896
15868;1170.25793
15869;906.257935
15870;822.257935
15871;833.257935
15872;867.090698
15873;850.090698
15874;797.090698
15875;738.090698
15876;1019.01031
15877;1294.01025
15878;1494.01025
15879;1575.01025
15880;1437.09338
15881;1402.09338
15882;1318.09338
15883;1343.09338
15884;1176.19434
15885;1107.19434
15886;1091.19434
15887;1041.19434
15888;1149.69543
15889;1161.69543
15890;1159.69543
15891;1073.69543
15892;771.512329
15893;622.512329
15894;571.512329
15895;558.512329
15896;555.049194
15897;553.049194
15898;542.049194
15899;454.049194
15900;302.901062
15901;261.901062
15902;260.901062
15903;257.901062
15904;235.097198
15905;237.097198
15906;231.097198
15907;226.097198
15908;284.242371
15909;285.242371
15910;263.242371
15911;232.242371
15912;501.714813
15913;500.714813
15914;507.714813
15915;506.714813
15916;479.070312
15917;477.070312
15918;474.070312
15919;472.070312
15920;378.358276
15921;378.358276
15922;378.358276
15923;379.358276
15924;308.487
15925;310.487
15926;305.487
15927;305.487
15928;384.202515
15929;383.202515
15930;384.202515
15931;385.202515
15932;497.250763
15933;497.250763
15934;498.250763
15935;497.250763
15936;289.20285
15937;291.20285
15938;298.20285
15939;299.20285
15940;172.864731
15941;169.864731
15942;164.864731
15943;166.864731
15944;168.295944
15945;165.295944
15946;171.295944
15947;174.295944
15948;227.164185
15949;522.164124
15950;655.164124
15951;840.164124
15952;938.043213
15953;958.043213
15954;989.043213
15955;1154.04321
15956;1023.63031
15957;959.63031
15958;923.63031
15959;840.63031
15960;947.392273
15961;964.392273
15962;1094.39221
15963;1084.39221
15964;1151.80579
15965;856.805664
15966;759.805664
15967;766.805664
15968;830.420654
15969;817.420654
15970;823.420654
15971;845.420654
15972;771.184448
15973;1073.18445
15974;1240.18445
15975;1371.18445
15976;1296.00867
15977;1328.00867
15978;1259.00867
15979;1281.00867
15980;1215.86182
15981;1183.86182
15982;1087.86182
15983;1076.86182
15984;1190.91211
15985;1093.91211
15986;1038.91211
15987;1071.91211
15988;1009.21899
15989;959.218994
15990;854.218994
15991;860.218994
15992;850.487793
15993;856.487793
15994;870.487793
15995;865.487793
15996;905.375977
15997;1137.37598
15998;1285.37598
15999;1377.37598
16000;1346.60791
16001;1386.60791
16002;1296.60791
16003;1374.60791
16004;1368.67578
16005;1174.67578
16006;1123.67578
16007;1072.67578
16008;1380.09521
16009;1344.09521
16010;1371.09521
16011;1356.09521
16012;1118.65747
16013;1046.65747
16014;1027.65747
16015;1034.65747
16016;918.526855
16017;898.526855
16018;922.526855
16019;875.526855
16020;948.14032
16021;1238.14038
16022;1384.14038
16023;1453.14038
16024;1495.70129
16025;1401.70129
16026;1361.70129
16027;1485.70129
16028;1779.8717
16029;1778.8717
16030;1659.8717
16031;1676.8717
16032;1362.31091
16033;1248.31091
16034;1362.31091
16035;1295.31091
16036;999.237793
16037;852.237793
16038;786.237793
16039;803.237793
16040;757.637451
16041;739.637451
16042;782.637451
16043;732.637451
16044;757.130066
16045;966.130066
16046;1062.13013
16047;1156.13013
16048;1215.56738
16049;1219.56738
16050;1171.56738
16051;1145.56738
16052;1178.19409
16053;1061.19409
16054;1024.19409
16055;996.194031
16056;984.368164
16057;889.368164
16058;926.368164
16059;874.368164
16060;880.515442
16061;856.515442
16062;812.515442
16063;830.515442
16064;744.778015
16065;647.778015
16066;611.778015
16067;604.778015
16068;571.518372
16069;436.518402
16070;438.518402
16071;436.518402
16072;427.020599
16073;427.020599
16074;427.020599
16075;429.020599
16076;324.671265
16077;303.671265
16078;267.671265
16079;266.671265
16080;345.266815
16081;343.266815
16082;351.266815
16083;351.266815
16084;426.084351
16085;422.084351
16086;421.084351
16087;417.084351
16088;692.166382
16089;689.166382
16090;690.166382
16091;693.166382
16092;487.330872
16093;490.330872
16094;485.330872
16095;485.330872
16096;638.148132
16097;636.148132
16098;635.148132
16099;637.148132
16100;416.500092
16101;416.500092
16102;416.500092
16103;415.500092
16104;343.406006
16105;346.406006
16106;352.406006
16107;353.406006
16108;435.077332
16109;434.077332
16110;429.077332
16111;429.077332
16112;655.38501
16113;652.38501
16114;658.38501
16115;660.38501
16116;427.629211
16117;721.629211
16118;984.629211
16119;1080.62927
16120;1554.39673
16121;1480.39673
16122;1429.39673
16123;1611.39673
16124;1332.15369
16125;1246.15369
16126;1265.15369
16127;1328.15369
16128;1097.31775
16129;1068.31775
16130;1289.31775
16131;1254.31775
16132;931.848938
16133;697.848938
16134;691.848938
16135;681.848938
16136;672.337891
16137;681.337891
16138;666.337891
16139;670.337891
16140;722.395142
16141;1084.39514
16142;1199.39514
16143;1278.39514
16144;1303.62073
16145;1254.62073
16146;1083.62073
16147;1252.62073
16148;1198.72754
16149;1168.72754
16150;1149.72754
16151;1177.72754
16152;1271.69568
16153;1204.69568
16154;1322.69568
16155;1293.69568
16156;1151.37781
16157;848.377686
16158;804.377686
16159;810.377686
16160;772.657898
16161;761.657898
16162;763.657898
16163;754.657898
16164;933.164307
16165;1288.16443
16166;1395.16443
16167;1449.16443
16168;1641.05591
16169;1596.05591
16170;1575.05591
16171;1616.05591
16172;1539.44434
16173;1464.44434
16174;1465.44434
16175;1435.44434
16176;1312.21716
16177;1286.21716
16178;1340.21716
16179;1311.21716
16180;1058.67676
16181;796.676636
16182;688.676636
16183;683.676636
16184;731.350525
16185;739.350525
16186;728.350525
16187;745.350525
16188;797.516113
16189;1086.51624
16190;1247.51624
16191;1322.51624
16192;1231.06677
16193;1232.06677
16194;1171.06677
16195;1222.06677
16196;1225.91138
16197;1154.91138
16198;1136.91138
16199;1066.91138
16200;1356.43616
16201;1329.43616
16202;1453.43616
16203;1533.43616
16204;1151.66345
16205;920.663391
16206;877.663391
16207;900.663391
16208;1131.27454
16209;1105.27454
16210;1089.27454
16211;1076.27454
16212;908.303162
16213;1163.30322
16214;1383.30322
16215;1443.30322
16216;1797.78687
16217;1741.78687
16218;1780.78687
16219;1731.78687
16220;1681.01428
16221;1595.01428
16222;1616.01428
16223;1567.01428
16224;1167.97644
16225;1117.97644
16226;1138.97644
16227;1157.97644
16228;775.526306
16229;645.526306
16230;639.526306
16231;627.526306
16232;626.508606
16233;620.508606
16234;595.508606
16235;528.508606
16236;309.704651
16237;185.704666
16238;170.704666
16239;165.704666
16240;167.0504
16241;166.0504
16242;167.0504
16243;166.0504
16244;164.786301
16245;166.786301
16246;162.786301
16247;162.786301
16248;251.412903
16249;252.412903
16250;258.412933
16251;257.412933
16252;259.298492
16253;259.298492
16254;254.298477
16255;252.298477
16256;265.738495
16257;263.738495
16258;264.738495
16259;264.738495
16260;214.931763
16261;211.931763
16262;208.931763
16263;208.931763
16264;193.643478
16265;193.643478
16266;193.643478
16267;193.643478
16268;257.532104
16269;256.532104
16270;257.532104
16271;257.532104
16272;545.576111
16273;546.576111
16274;551.576111
16275;556.576111
16276;161.517975
16277;157.517975
16278;154.517975
16279;154.517975
16280;189.499573
16281;189.499573
16282;191.499573
16283;235.499573
16284;672.330505
16285;821.330505
16286;991.330505
16287;1059.33044
16288;949.379456
16289;916.379456
16290;1020.37952
16291;1036.37952
16292;997.238586
16293;978.238586
16294;922.238586
16295;993.238586
16296;970.181213
16297;1166.18127
16298;1233.18127
16299;1117.18127
16300;934.279358
16301;795.279358
16302;769.279358
16303;791.279358
16304;738.107666
16305;694.107666
16306;706.107666
16307;840.107666
16308;1049.61084
16309;1217.61084
16310;1208.61084
16311;1238.61084
16312;1409.94507
16313;1381.94507
16314;1400.94507
16315;1433.94507
16316;1401.23901
16317;1471.23901
16318;1515.23901
16319;1476.23901
16320;1446.16687
16321;1458.16687
16322;1462.16687
16323;1310.16687
16324;912.122864
16325;826.122864
16326;826.122864
16327;762.122864
16328;737.944214
16329;726.944214
16330;713.944214
16331;773.944214
16332;1118.84155
16333;1205.84155
16334;1287.84155
16335;1268.84155
16336;1266.4928
16337;1220.4928
16338;1251.4928
16339;1258.4928
16340;1274.93286
16341;1228.93286
16342;1250.93286
16343;1255.93286
16344;1207.72607
16345;1262.72607
16346;1233.72607
16347;1050.72607
16348;797.202026
16349;783.202026
16350;777.202026
16351;768.202026
16352;796.829102
16353;749.829102
16354;732.829102
16355;837.829102
16356;1195.5415
16357;1334.5415
16358;1384.5415
16359;1320.5415
16360;1244.78223
16361;1284.78223
16362;1293.78223
16363;1359.78223
16364;1252.73718
16365;1260.73718
16366;1261.73718
16367;1324.73718
16368;1487.54187
16369;1588.54187
16370;1489.54187
16371;1294.54187
16372;1155.79797
16373;1016.79803
16374;1040.79797
16375;1022.79803
16376;992.948608
16377;872.948608
16378;896.948608
16379;1079.94861
16380;1175.15417
16381;1264.15417
16382;1351.15417
16383;1344.15417
16384;1264.25635
16385;1111.25635
16386;1222.25635
16387;1102.25635
16388;1106.80872
16389;1131.80872
16390;1165.80872
16391;1112.80872
16392;1086.98389
16393;1163.98389
16394;1095.98389
16395;972.983887
16396;874.723328
16397;834.723328
16398;808.723328
16399;788.723328
16400;820.499817
16401;781.499817
16402;603.499817
16403;556.499817
16404;650.344666
16405;603.344666
16406;593.344666
16407;594.344666
16408;739.913452
16409;742.913452
16410;745.913452
16411;745.913452
16412;815.658752
16413;813.658752
16414;815.658752
16415;813.658752
16416;223.64505
16417;225.64505
16418;226.64505
16419;224.64505
16420;174.481903
16421;173.481903
16422;170.481903
16423;172.481903
16424;168.208054
16425;166.208054
16426;168.208054
16427;170.208054
16428;168.439407
16429;164.439407
16430;160.439407
16431;160.439407
16432;153.537903
16433;156.537903
16434;157.537903
16435;157.537903
16436;161.374893
16437;160.374893
16438;162.374893
16439;161.374893
16440;162.751007
16441;164.751007
16442;167.751007
16443;171.751007
16444;231.064896
16445;228.064896
16446;225.064896
16447;226.064896
16448;322.570923
16449;322.570923
16450;325.570923
16451;375.570923
16452;671.453186
16453;916.453186
16454;1016.45319
16455;1020.45325
16456;1111.45166
16457;1087.45166
16458;1279.45166
16459;1356.45166
16460;1200.48352
16461;1143.48352
16462;1041.48352
16463;948.483582
16464;951.129822
16465;983.129822
16466;1032.12976
16467;922.129822
16468;708.624146
16469;594.624146
16470;612.624146
16471;570.624146
16472;591.737915
16473;631.737915
16474;675.737915
16475;769.737915
16476;1009.79083
16477;1108.79089
16478;1169.79089
16479;1156.79089
16480;1226.64648
16481;1214.64648
16482;1309.64648
16483;1319.64648
16484;1229.2373
16485;1218.2373
16486;1097.2373
16487;1074.2373
16488;1237.65259
16489;1235.65259
16490;1253.65259
16491;1129.65259
16492;1024.76086
16493;924.760864
16494;887.760864
16495;880.760864
16496;911.115356
16497;955.115356
16498;944.115356
16499;982.115356
16500;1180.51672
16501;1398.51672
16502;1416.51672
16503;1400.51672
16504;1643.8103
16505;1585.8103
16506;1666.8103
16507;1720.8103
16508;1430.17676
16509;1394.17676
16510;1309.17676
16511;1093.17676
16512;875.016235
16513;961.016235
16514;968.016235
16515;814.016235
16516;744.76239
16517;732.76239
16518;713.76239
16519;747.76239
16520;739.323792
16521;714.323792
16522;727.323792
16523;770.323792
16524;999.626526
16525;1124.62659
16526;1168.62659
16527;1196.62659
16528;1213.37305
16529;1199.37305
16530;1216.37305
16531;1226.37305
16532;1115.46313
16533;1036.46313
16534;1077.46313
16535;1075.46313
16536;1078.6377
16537;1102.6377
16538;1108.6377
16539;984.637756
16540;818.42511
16541;788.42511
16542;612.42511
16543;721.42511
16544;780.207947
16545;780.207947
16546;788.207947
16547;847.207947
16548;1225.02905
16549;1358.02905
16550;1360.02905
16551;1377.02905
16552;1096.34009
16553;1085.34009
16554;1183.34009
16555;1206.34009
16556;1098.97058
16557;1044.97058
16558;991.97052
16559;902.97052
16560;816.35968
16561;867.35968
16562;898.35968
16563;783.35968
16564;633.000671
16565;621.000671
16566;588.000671
16567;557.000671
16568;563.749939
16569;537.749939
16570;507.749939
16571;393.749939
16572;275.176514
16573;293.176514
16574;294.176514
16575;291.176514
16576;275.617218
16577;263.617218
16578;278.617218
16579;277.617218
16580;307.943909
16581;286.943909
16582;267.943909
16583;227.943909
16584;493.817993
16585;493.817993
16586;495.817993
16587;500.817993
16588;476.487061
16589;473.487061
16590;472.487061
16591;471.487061
16592;371.969604
16593;372.969604
16594;375.969604
16595;372.969604
16596;304.38028
16597;297.38028
16598;294.38028
16599;295.38028
16600;376.164368
16601;377.164368
16602;378.164368
16603;380.164368
16604;491.0867
16605;492.0867
16606;491.0867
16607;490.0867
16608;283.957153
16609;282.957153
16610;287.957153
16611;289.957153
16612;165.569855
16613;161.569855
16614;161.569855
16615;160.569855
16616;161.733154
16617;166.733154
16618;168.733154
16619;209.733154
16620;264.364136
16621;706.364136
16622;904.364136
16623;909.364136
16624;894.17749
16625;852.17749
16626;903.17749
16627;942.17749
16628;730.17627
16629;763.17627
16630;905.17627
16631;976.17627
16632;974.42157
16633;1013.42157
16634;986.42157
16635;880.42157
16636;869.116882
16637;868.116882
16638;846.116882
16639;851.116882
16640;867.034424
16641;859.034424
16642;871.034424
16643;940.034424
16644;1215.9071
16645;1339.9071
16646;1364.9071
16647;1364.9071
16648;1332.88806
16649;1280.88806
16650;1321.88806
16651;1330.88806
16652;1202.0105
16653;1163.0105
16654;1127.0105
16655;1128.0105
16656;1161.81738
16657;1215.81738
16658;1155.81738
16659;1103.81738
16660;914.530029
16661;891.530029
16662;891.530029
16663;888.530029
16664;880.6828
16665;877.6828
16666;882.6828
16667;932.6828
16668;1109.08264
16669;1166.08264
16670;1175.08264
16671;1154.08264
16672;1113.57959
16673;1135.57959
16674;1217.57959
16675;1253.57959
16676;1295.08313
16677;1237.08313
16678;1233.08313
16679;1211.08313
16680;1481.96399
16681;1531.96399
16682;1499.96399
16683;1386.96399
16684;1060.91956
16685;964.919617
16686;902.919617
16687;917.919617
16688;798.419861
16689;806.419861
16690;804.419861
16691;846.419861
16692;1125.62634
16693;1265.62634
16694;1322.62634
16695;1338.62634
16696;1347.15405
16697;1189.15405
16698;1236.15405
16699;1271.15405
16700;1513.81995
16701;1499.81995
16702;1549.81995
16703;1606.81995
16704;1219.36816
16705;1222.36816
16706;1208.36816
16707;1068.36816
16708;760.525269
16709;723.525269
16710;720.525269
16711;704.525269
16712;665.02179
16713;664.02179
16714;668.02179
16715;727.02179
16716;988.816162
16717;1045.81616
16718;1003.81616
16719;972.816162
16720;935.900696
16721;934.900696
16722;896.900696
16723;720.900696
16724;640.142029
16725;618.142029
16726;569.142029
16727;539.142029
16728;388.07016
16729;414.07016
16730;426.07016
16731;377.07016
16732;428.993134
16733;421.993134
16734;414.993134
16735;418.993134
16736;394.816345
16737;400.816345
16738;365.816345
16739;352.816345
16740;342.297333
16741;332.297333
16742;329.297333
16743;329.297333
16744;314.284668
16745;310.284668
16746;307.284668
16747;309.284668
16748;207.742508
16749;208.742508
16750;207.742508
16751;207.742508
16752;286.867523
16753;285.867523
16754;282.867523
16755;292.867523
16756;364.090881
16757;361.090881
16758;363.090881
16759;363.090881
16760;636.50946
16761;634.50946
16762;635.50946
16763;633.50946
16764;437.391388
16765;431.391388
16766;430.391388
16767;428.391388
16768;578.521973
16769;578.521973
16770;580.521973
16771;577.521973
16772;351.670105
16773;351.670105
16774;351.670105
16775;353.670105
16776;278.696228
16777;278.696228
16778;281.696228
16779;285.696228
16780;371.693359
16781;368.693359
16782;367.693359
16783;370.693359
16784;596.901367
16785;600.901367
16786;600.901367
16787;632.901367
16788;577.0401
16789;850.0401
16790;873.0401
16791;862.0401
16792;1358.93604
16793;1281.93604
16794;1316.93604
16795;1267.93604
16796;880.825867
16797;752.825867
16798;747.825867
16799;737.825867
16800;458.099304
16801;483.099304
16802;482.099304
16803;442.099304
16804;297.788971
16805;282.788971
16806;285.788971
16807;269.788971
16808;258.496643
16809;264.496643
16810;270.496674
16811;335.496674
16812;617.537842
16813;706.537842
16814;826.537842
16815;791.537842
16816;881.674438
16817;812.674438
16818;720.674438
16819;693.674438
16820;530.965576
16821;523.965576
16822;490.965576
16823;444.965576
16824;480.846832
16825;524.846802
16826;520.846802
16827;464.846832
16828;386.369934
16829;378.369934
16830;375.369934
16831;356.369934
16832;332.341553
16833;327.341553
16834;336.341553
16835;409.341553
16836;873.228271
16837;1075.22827
16838;1079.22827
16839;1068.22827
16840;1271.03638
16841;1179.03638
16842;1232.03638
16843;1127.03638
16844;819.67218
16845;743.67218
16846;696.67218
16847;665.67218
16848;522.331665
16849;540.331665
16850;566.331665
16851;511.331665
16852;294.344788
16853;300.344788
16854;295.344788
16855;282.344788
16856;335.331085
16857;340.331085
16858;333.331085
16859;354.331085
16860;605.623352
16861;728.623352
16862;784.623352
16863;613.623352
16864;734.745056
16865;575.745056
16866;626.745056
16867;534.745056
16868;624.419739
16869;611.419739
16870;561.419739
16871;535.419739
16872;767.81543
16873;823.81543
16874;731.81543
16875;662.81543
16876;390.318909
16877;433.318909
16878;426.318909
16879;430.318909
16880;656.122498
16881;648.122498
16882;644.122498
16883;652.122498
16884;379.148376
16885;366.148376
16886;363.148376
16887;366.148376
16888;706.772949
16889;709.772949
16890;708.772949
16891;706.772949
16892;744.070312
16893;790.070312
16894;696.070312
16895;720.070312
16896;447.191956
16897;424.191956
16898;449.191956
16899;503.191956
16900;177.936462
16901;175.936462
16902;176.936462
16903;174.936462
16904;162.226135
16905;162.226135
16906;163.226135
16907;168.226135
16908;162.454056
16909;160.454056
16910;155.454056
16911;156.454056
16912;159.045258
16913;160.045258
16914;160.045258
16915;160.045258
16916;161.150131
16917;160.150131
16918;160.150131
16919;162.150131
16920;247.965042
16921;247.965042
16922;250.965042
16923;254.965042
16924;261.603149
16925;255.603134
16926;255.603134
16927;255.603134
16928;264.948639
16929;264.948639
16930;262.948639
16931;263.948639
16932;206.656189
16933;205.656189
16934;204.656189
16935;204.656189
16936;192.950211
16937;193.950211
16938;195.950211
16939;196.950211
16940;262.028687
16941;262.028687
16942;262.028687
16943;262.028687
16944;547.809814
16945;545.809814
16946;548.809814
16947;555.809814
16948;159.566574
16949;158.566574
16950;157.566574
16951;157.566574
16952;190.652542
16953;188.652542
16954;190.652542
16955;198.652542
16956;442.147858
16957;435.147858
16958;433.147858
16959;432.147858
16960;193.408157
16961;195.408157
16962;196.408157
16963;196.408157
16964;244.88829
16965;243.88829
16966;243.88829
16967;245.88829
16968;245.256454
16969;244.256454
16970;246.256454
16971;253.25647
16972;313.266876
16973;311.266876
16974;309.266876
16975;309.266876
16976;286.985413
16977;285.985413
16978;288.985413
16979;314.985413
16980;432.141388
16981;511.141388
16982;542.141418
16983;553.141418
16984;703.593262
16985;655.593262
16986;693.593262
16987;695.593262
16988;704.920105
16989;678.920105
16990;684.920105
16991;669.920105
16992;642.704407
16993;685.704407
16994;685.704407
16995;582.704407
16996;310.291931
16997;301.291931
16998;286.291931
16999;283.291931
17000;261.413055
17001;262.413055
17002;259.413055
17003;290.413025
17004;363.874725
17005;402.874725
17006;432.874725
17007;433.874725
17008;407.260773
17009;377.260773
17010;379.260773
17011;298.260773
17012;371.748138
17013;365.748138
17014;286.748138
17015;357.748138
17016;338.041626
17017;384.041626
17018;381.041626
17019;332.041626
17020;243.500214
17021;235.500214
17022;231.500214
17023;153.500214
17024;267.22995
17025;304.22995
17026;309.22995
17027;298.22995
17028;447.786041
17029;397.786041
17030;493.786041
17031;483.786041
17032;452.167206
17033;479.167206
17034;424.167206
17035;409.167206
17036;457.442078
17037;473.442078
17038;361.442078
17039;427.442078
17040;591.611572
17041;548.611572
17042;621.611572
17043;588.611572
17044;598.665466
17045;586.665466
17046;572.665466
17047;570.665466
17048;546.831543
17049;544.831543
17050;546.831543
17051;526.831543
17052;450.450989
17053;500.450989
17054;477.450989
17055;511.450958
17056;495.096436
17057;450.096436
17058;477.096436
17059;463.096436
17060;631.442932
17061;529.442932
17062;592.442932
17063;585.442932
17064;582.171204
17065;635.171204
17066;610.171204
17067;565.171204
17068;481.876984
17069;468.876984
17070;464.876984
17071;464.876984
17072;529.311523
17073;488.311615
17074;526.311523
17075;494.311615
17076;627.261047
17077;607.261047
17078;639.261047
17079;639.261047
17080;786.135376
17081;745.135376
17082;791.135376
17083;793.135376
17084;871.198303
17085;881.198303
17086;880.198303
17087;824.198303
17088;233.419922
17089;231.419922
17090;231.419922
17091;238.419922
17092;194.542374
17093;192.542374
17094;191.542374
17095;192.542374
17096;188.815475
17097;157.815475
17098;189.815475
17099;159.815475
17100;159.259979
17101;155.259979
17102;186.259979
17103;127.259995
17104;181.453064
17105;179.453064
17106;180.453064
17107;153.453064
17108;185.352875
17109;184.352875
17110;184.352875
17111;183.352875
17112;188.086807
17113;184.086807
17114;189.086807
17115;161.086807
17116;254.344635
17117;251.344635
17118;220.344635
17119;252.344635
17120;343.000671
17121;344.000671
17122;345.000671
17123;391.000671
17124;623.908752
17125;646.908752
17126;530.908752
17127;704.908752
17128;704.964355
17129;887.964355
17130;823.964355
17131;975.964355
17132;850.40741
17133;712.40741
17134;619.40741
17135;542.40741
17136;724.962952
17137;765.962952
17138;679.962952
17139;598.962952
17140;374.151764
17141;393.151764
17142;425.151764
17143;350.151764
17144;346.261139
17145;373.261139
17146;449.261139
17147;532.261169
17148;891.618652
17149;1049.61865
17150;1104.61865
17151;1116.61865
17152;1132.60291
17153;1035.60291
17154;1080.60291
17155;1155.60291
17156;1095.64062
17157;1058.64062
17158;966.640686
17159;988.640686
17160;1075.52832
17161;1101.52832
17162;1046.52832
17163;1022.52832
17164;983.62854
17165;945.62854
17166;955.62854
17167;951.62854
17168;955.083862
17169;954.083862
17170;951.083862
17171;1012.08386
17172;1189.81116
17173;1371.81116
17174;1428.81116
17175;1399.81116
17176;1680.32922
17177;1557.32922
17178;1643.32922
17179;1748.32922
17180;1384.60559
17181;1219.60559
17182;1183.60559
17183;1167.60559
17184;846.570312
17185;874.570312
17186;883.570312
17187;828.570312
17188;711.451233
17189;692.451233
17190;700.451233
17191;683.451233
17192;692.241028
17193;680.241028
17194;683.241028
17195;751.241028
17196;1150.57715
17197;1344.57715
17198;1368.57715
17199;1400.57715
17200;1362.03088
17201;1308.03088
17202;1323.03088
17203;1314.03088
17204;1220.81091
17205;1123.81091
17206;1166.81091
17207;1098.81091
17208;1076.08752
17209;1175.08752
17210;1150.08752
17211;1045.08752
17212;925.023132
17213;814.023132
17214;790.023132
17215;754.023132
17216;786.130981
17217;789.130981
17218;790.130981
17219;799.130981
17220;1308.99988
17221;1512.99988
17222;1496.99988
17223;1425.99988
17224;1141.65186
17225;1229.65186
17226;1301.65186
17227;1261.65186
17228;1192.48975
17229;1147.48975
17230;1090.48975
17231;1028.48962
17232;1123.97998
17233;1074.97998
17234;851.980042
17235;800.980042
17236;626.124329
17237;611.124329
17238;624.124329
17239;632.124329
17240;613.99469
17241;604.99469
17242;559.99469
17243;358.994751
17244;214.494202
17245;208.494202
17246;204.494202
17247;203.494202
17248;179.363113
17249;181.363113
17250;180.363113
17251;181.363113
17252;235.450806
17253;237.450806
17254;236.450806
17255;235.450806
17256;499.526794
17257;493.526794
17258;493.526794
17259;498.526794
17260;472.926422
17261;470.926422
17262;467.926422
17263;466.926422
17264;371.098053
17265;372.098053
17266;374.098053
17267;371.098053
17268;297.986389
17269;296.986389
17270;294.986389
17271;296.986389
17272;379.129517
17273;381.129517
17274;382.129517
17275;383.129517
17276;495.251434
17277;496.251434
17278;496.251434
17279;499.251434
17280;291.306824
17281;286.306824
17282;287.306824
17283;294.306824
17284;167.951935
17285;167.951935
17286;167.951935
17287;166.951935
17288;164.485779
17289;171.485779
17290;174.485779
17291;213.485779
17292;499.481873
17293;821.481812
17294;777.481812
17295;818.481812
17296;853.424927
17297;824.424927
17298;864.424927
17299;968.424927
17300;860.638916
17301;849.638916
17302;849.638916
17303;849.638916
17304;926.896667
17305;932.896667
17306;855.896667
17307;841.896667
17308;823.165466
17309;865.165466
17310;896.165466
17311;894.165466
17312;916.977966
17313;901.977966
17314;921.977966
17315;956.977966
17316;1068.54211
17317;1283.54211
17318;1367.54211
17319;1446.54211
17320;1361.86462
17321;1262.86462
17322;1354.86462
17323;1322.86462
17324;1219.38806
17325;1151.38806
17326;1148.38806
17327;1123.38806
17328;1270.22681
17329;1206.22681
17330;1171.22681
17331;1107.22681
17332;870.282104
17333;832.282104
17334;825.282104
17335;806.282104
17336;807.994995
17337;811.994995
17338;777.994995
17339;796.994995
17340;1063.66296
17341;1187.66296
17342;1278.66296
17343;1277.66296
17344;1301.26355
17345;1287.26355
17346;1357.26355
17347;1264.26355
17348;1093.20837
17349;1017.20837
17350;1024.20837
17351;1019.20837
17352;1335.95972
17353;1360.95972
17354;1389.95972
17355;1375.95972
17356;964.994507
17357;932.994507
17358;923.994507
17359;886.994507
17360;801.334167
17361;795.334167
17362;811.334167
17363;861.334167
17364;1145.9563
17365;1254.9563
17366;1259.9563
17367;1257.9563
17368;1272.56018
17369;1219.56018
17370;1274.56018
17371;1304.56018
17372;1680.87219
17373;1631.87219
17374;1638.87219
17375;1615.87219
17376;1328.4447
17377;1246.4447
17378;1221.4447
17379;1174.4447
17380;800.961609
17381;782.961609
17382;735.961609
17383;738.961609
17384;690.899475
17385;694.899475
17386;704.899475
17387;761.899475
17388;1072.91907
17389;1138.91907
17390;1173.91907
17391;1160.91907
17392;1142.09607
17393;1174.09607
17394;1133.09607
17395;1157.09607
17396;1107.74365
17397;989.743591
17398;963.743591
17399;881.743591
17400;775.752991
17401;713.752991
17402;675.752991
17403;651.752991
17404;634.818359
17405;604.818359
17406;603.818359
17407;577.818359
17408;537.531189
17409;491.531189
17410;486.531189
17411;446.531189
17412;347.731659
17413;373.731659
17414;375.731659
17415;379.731659
17416;365.926239
17417;355.926239
17418;355.926239
17419;312.926239
17420;188.166794
17421;189.166794
17422;185.166794
17423;184.166794
17424;261.58963
17425;260.58963
17426;256.58963
17427;263.58963
17428;336.848083
17429;335.848083
17430;334.848083
17431;333.848083
17432;591.378601
17433;591.378601
17434;594.378601
17435;591.378601
17436;394.795868
17437;394.795868
17438;393.795868
17439;393.795868
17440;534.579956
17441;535.579956
17442;536.579956
17443;539.579956
17444;328.741852
17445;329.741852
17446;328.741852
17447;330.741852
17448;261.872986
17449;259.872986
17450;259.872986
17451;263.872986
17452;345.906891
17453;345.906891
17454;345.906891
17455;345.906891
17456;558.18866
17457;536.18866
17458;561.18866
17459;596.18866
17460;674.636658
17461;897.636658
17462;921.636658
17463;943.636658
17464;1429.85583
17465;1489.85583
17466;1522.85583
17467;1581.85583
17468;1286.27173
17469;1365.27173
17470;1423.27173
17471;1391.27173
17472;1097.18005
17473;1147.18005
17474;1156.18005
17475;1134.18005
17476;713.264343
17477;670.264343
17478;714.264343
17479;730.264343
17480;727.666199
17481;722.666199
17482;717.666199
17483;794.666199
17484;1035.70422
17485;1182.70422
17486;1210.70422
17487;1204.70422
17488;1250.91833
17489;1197.91833
17490;1160.91833
17491;940.918396
17492;443.24408
17493;1170.24414
17494;1126.24414
17495;1123.24414
17496;1148.56152
17497;1161.56152
17498;1140.56152
17499;1042.56152
17500;963.343628
17501;923.343628
17502;894.343628
17503;893.343628
17504;815.774231
17505;796.774231
17506;793.774231
17507;840.774231
17508;1233.53772
17509;1338.53772
17510;1377.53772
17511;1459.53772
17512;1590.00391
17513;1528.00391
17514;1639.00391
17515;1625.00391
17516;1392.87537
17517;1392.87537
17518;935.875305
17519;942.875305
17520;838.374023
17521;850.374023
17522;1133.37415
17523;1264.37415
17524;1177.90723
17525;1127.90723
17526;1088.90723
17527;1029.90723
17528;1168.05579
17529;1145.05579
17530;1139.05579
17531;1196.05579
17532;1155.09607
17533;1121.09607
17534;1036.09607
17535;1141.09607
17536;1012.33575
17537;995.335754
17538;832.335754
17539;779.335754
17540;932.728516
17541;896.728516
17542;873.728516
17543;800.728516
17544;1056.59961
17545;1078.59961
17546;1360.59961
17547;1460.59961
17548;1358.37939
17549;1305.37939
17550;1313.37939
17551;1257.37939
17552;1480.08093
17553;1457.08093
17554;1480.08093
17555;1488.08093
17556;1271.09009
17557;1227.09009
17558;1204.09009
17559;1226.09009
17560;1473.51697
17561;1303.51697
17562;1079.51697
17563;1048.51697
17564;1167.24084
17565;1186.24084
17566;1189.24084
17567;1191.24084
17568;938.157654
17569;1005.15765
17570;1241.15759
17571;1322.15759
17572;1111.24768
17573;1102.24768
17574;1150.24768
17575;1069.24768
17576;1180.73206
17577;1143.73206
17578;1165.73206
17579;1191.73206
17580;1134.93652
17581;1148.93652
17582;1073.93652
17583;1117.93652
17584;1093.21729
17585;967.217163
17586;761.217163
17587;794.217163
17588;710.046387
17589;690.046387
17590;684.046387
17591;676.046387
17592;750.570435
17593;776.570435
17594;971.570435
17595;1163.57043
17596;1183.98376
17597;1139.98376
17598;1170.98376
17599;1124.98376
17600;1187.45886
17601;1211.45886
17602;1160.45886
17603;1072.45886
17604;991.957703
17605;1002.9577
17606;912.957703
17607;889.957703
17608;733.546753
17609;718.546753
17610;629.546753
17611;565.546753
17612;633.125732
17613;622.125732
17614;624.125732
17615;611.125732
17616;901.70166
17617;787.70166
17618;713.70166
17619;683.70166
17620;323.088562
17621;312.088562
17622;271.088562
17623;248.088562
17624;260.395782
17625;256.395782
17626;224.395782
17627;188.395782
17628;420.347229
17629;421.347229
17630;419.347229
17631;419.347229
17632;198.816727
17633;199.816727
17634;205.816727
17635;201.816727
17636;246.090271
17637;247.090271
17638;244.090271
17639;244.090271
17640;240.98439
17641;235.98439
17642;233.98439
17643;233.98439
17644;286.797699
17645;289.797699
17646;290.797699
17647;288.797699
17648;269.681824
17649;270.681824
17650;271.681824
17651;269.681824
17652;252.14267
17653;252.14267
17654;254.14267
17655;255.14267
17656;388.015137
17657;386.015137
17658;394.015137
17659;393.015137
17660;429.316071
17661;427.316071
17662;425.316071
17663;426.316071
17664;447.185272
17665;444.185272
17666;441.185272
17667;444.185272
17668;204.644577
17669;204.644577
17670;207.644577
17671;208.644577
17672;189.57077
17673;186.57077
17674;187.57077
17675;188.57077
17676;171.475922
17677;172.475922
17678;172.475922
17679;173.475922
17680;151.245148
17681;154.245148
17682;160.245148
17683;160.245148
17684;158.614182
17685;166.614182
17686;166.614182
17687;161.614182
17688;170.524002
17689;192.524002
17690;430.523987
17691;740.523987
17692;825.217102
17693;876.217102
17694;1025.21716
17695;1009.2171
17696;1169.56787
17697;1193.56787
17698;1197.56787
17699;1125.56787
17700;1044.85852
17701;1108.85852
17702;1105.85852
17703;1114.85852
17704;1023.4776
17705;952.477661
17706;745.477661
17707;745.477661
17708;741.280884
17709;719.280884
17710;727.280884
17711;721.280884
17712;941.290588
17713;989.290588
17714;1203.29065
17715;1350.29065
17716;1537.82715
17717;1516.82715
17718;1579.82715
17719;1492.82715
17720;1548.4325
17721;1508.4325
17722;1483.4325
17723;1369.4325
17724;1124.49329
17725;1132.49329
17726;1121.49329
17727;1079.49329
17728;1048.99731
17729;860.997314
17730;713.997314
17731;708.997314
17732;849.206177
17733;851.206177
17734;846.206177
17735;845.206177
17736;897.283447
17737;915.283447
17738;1172.28357
17739;1350.28357
17740;1408.1814
17741;1335.1814
17742;1376.1814
17743;1333.1814
17744;1416.34387
17745;1392.34387
17746;1377.34387
17747;1364.34387
17748;1444.00793
17749;1448.00793
17750;1402.00793
17751;1429.00793
17752;1486.67981
17753;1447.67981
17754;1248.67981
17755;1256.67981
17756;1298.70007
17757;1270.70007
17758;1261.70007
17759;1248.70007
17760;710.378235
17761;716.378235
17762;900.378235
17763;1011.37823
17764;1004.85449
17765;935.854492
17766;1021.85449
17767;907.854492
17768;907.841797
17769;875.841797
17770;851.841797
17771;808.841797
17772;730.182251
17773;637.182251
17774;588.182251
17775;472.182281
17776;421.744781
17777;428.744781
17778;455.744781
17779;477.744781
17780;471.532013
17781;465.532013
17782;446.532013
17783;439.532013
17784;373.860718
17785;293.860718
17786;158.860733
17787;157.860733
17788;212.814514
17789;213.814514
17790;215.814514
17791;214.814514
17792;307.140259
17793;304.140259
17794;302.140259
17795;301.140259
17796;270.481232
17797;272.481232
17798;273.481232
17799;270.481232
17800;266.328583
17801;269.328583
17802;273.328583
17803;273.328583
17804;163.557297
17805;163.557297
17806;159.557297
17807;159.557297
17808;271.524933
17809;268.524933
17810;265.524933
17811;264.524933
17812;182.804703
17813;185.804703
17814;183.804703
17815;181.804703
17816;177.985611
17817;177.985611
17818;176.985611
17819;178.985611
17820;153.340622
17821;153.340622
17822;155.340622
17823;153.340622
17824;179.402298
17825;184.402298
17826;187.402298
17827;188.402298
17828;199.901825
17829;196.901825
17830;196.901825
17831;201.901825
17832;347.81311
17833;371.81311
17834;535.81311
17835;798.81311
17836;934.045654
17837;1057.04565
17838;1056.04565
17839;1140.04565
17840;1175.28784
17841;1179.28784
17842;1112.28784
17843;1114.28784
17844;961.813049
17845;1006.81305
17846;1116.81311
17847;1112.81311
17848;1313.57104
17849;1312.57104
17850;1087.57104
17851;1088.57104
17852;913.933044
17853;868.933044
17854;828.933044
17855;880.933044
17856;668.285706
17857;680.285706
17858;1007.28571
17859;1087.28577
17860;1081.1958
17861;1063.1958
17862;1056.1958
17863;1002.1958
17864;1065.76233
17865;1018.76239
17866;998.76239
17867;961.76239
17868;967.373535
17869;976.373535
17870;948.373535
17871;984.373535
17872;922.119995
17873;915.119995
17874;727.119995
17875;688.119995
17876;680.479309
17877;673.479309
17878;698.479309
17879;690.479309
17880;715.227661
17881;740.227661
17882;862.227661
17883;976.227661
17884;1066.77344
17885;1178.77344
17886;1196.77344
17887;1132.77344
17888;1183.22607
17889;1157.22607
17890;1125.22607
17891;989.226135
17892;1144.63586
17893;1102.63586
17894;1128.63586
17895;1131.63586
17896;837.950378
17897;665.950378
17898;642.950378
17899;622.950378
17900;554.840576
17901;557.840576
17902;560.840576
17903;528.840576
17904;588.397888
17905;577.397888
17906;565.397888
17907;563.397888
17908;405.280365
17909;298.280365
17910;210.280365
17911;182.280365
17912;177.630646
17913;177.630646
17914;181.630646
17915;180.630646
17916;185.70372
17917;187.70372
17918;185.70372
17919;185.70372
17920;155.668839
17921;159.668839
17922;166.668839
17923;164.668839
17924;216.447525
17925;215.447525
17926;213.447525
17927;216.447525
17928;472.757294
17929;488.757294
17930;762.757324
17931;815.757324
17932;802.266846
17933;842.266846
17934;862.266846
17935;851.266846
17936;751.042297
17937;661.042297
17938;666.042297
17939;660.042297
17940;581.452942
17941;573.452942
17942;538.452942
17943;494.452942
17944;447.920868
17945;367.920868
17946;367.920868
17947;365.920868
17948;470.866669
17949;467.866669
17950;465.866669
17951;466.866669
17952;271.859528
17953;272.859528
17954;270.859528
17955;271.859528
17956;151.256027
17957;150.256027
17958;149.256027
17959;149.256027
17960;150.473312
17961;149.473312
17962;152.473312
17963;148.473312
17964;148.270538
17965;151.270538
17966;152.270538
17967;149.270538
17968;152.8116
17969;153.8116
17970;161.8116
17971;158.8116
17972;152.354828
17973;152.354828
17974;150.354828
17975;149.354828
17976;189.253098
17977;182.253098
17978;179.253098
17979;181.253098
17980;325.908264
17981;326.908264
17982;327.908264
17983;327.908264
17984;342.318665
17985;344.318665
17986;340.318665
17987;341.318665
17988;270.226746
17989;270.226746
17990;270.226746
17991;269.226746
17992;222.048508
17993;228.048508
17994;232.048508
17995;230.048508
17996;153.902756
17997;152.902756
17998;150.902756
17999;150.902756
18000;274.172272
18001;298.172272
18002;475.172272
18003;733.172241
18004;725.874634
18005;716.874634
18006;762.874634
18007;726.874634
18008;854.091492
18009;865.091492
18010;898.091492
18011;882.091492
18012;848.986877
18013;924.986877
18014;951.986877
18015;1001.98688
18016;967.532654
18017;937.532654
18018;704.532654
18019;751.532654
18020;804.635376
18021;799.635376
18022;798.635376
18023;793.635376
18024;1064.48547
18025;1085.48547
18026;1255.48547
18027;1433.48547
18028;1235.64502
18029;1200.64502
18030;1241.64502
18031;1280.64502
18032;1168.95337
18033;1152.95337
18034;1202.95337
18035;1227.95337
18036;1182.01587
18037;1154.01587
18038;1138.01587
18039;1111.01587
18040;1078.99963
18041;958.999573
18042;860.999573
18043;862.999573
18044;1163.98352
18045;1150.98352
18046;1153.98352
18047;1138.98352
18048;865.201721
18049;879.201721
18050;996.201721
18051;1165.20178
18052;1147.64099
18053;1217.64099
18054;1222.64099
18055;1180.64099
18056;1153.51855
18057;1175.51855
18058;1127.51855
18059;1161.51855
18060;1184.51721
18061;1182.51721
18062;1147.51721
18063;1109.51721
18064;1053.64368
18065;908.643555
18066;741.643555
18067;729.643555
18068;727.126282
18069;697.126282
18070;675.126282
18071;680.126282
18072;709.217041
18073;743.217041
18074;992.217041
18075;1143.21716
18076;1304.03748
18077;1274.03748
18078;1309.03748
18079;1191.03748
18080;1229.33618
18081;1243.33618
18082;1159.33618
18083;1125.33618
18084;1272.30518
18085;1215.30518
18086;1148.30518
18087;1152.30518
18088;1138.89026
18089;1010.89014
18090;861.890137
18091;826.890137
18092;723.1651
18093;709.1651
18094;700.1651
18095;692.1651
18096;786.523987
18097;803.523987
18098;1041.52393
18099;1178.52393
18100;1328.74902
18101;1313.74902
18102;1114.74902
18103;1312.74902
18104;1522.11023
18105;1466.11023
18106;1420.11023
18107;1322.11023
18108;1088.22314
18109;996.223022
18110;826.223022
18111;680.223022
18112;918.546997
18113;920.546997
18114;890.546997
18115;916.546997
18116;645.976013
18117;629.976013
18118;630.976013
18119;630.976013
18120;526.041199
18121;458.041229
18122;301.041229
18123;272.041229
18124;345.862549
18125;343.862549
18126;343.862549
18127;341.862549
18128;559.585754
18129;560.585754
18130;560.585754
18131;562.585754
18132;298.598816
18133;295.598816
18134;293.598816
18135;292.598816
18136;725.581238
18137;725.581238
18138;733.581238
18139;731.581238
18140;491.141205
18141;491.141205
18142;488.141205
18143;488.141205
18144;248.087524
18145;243.087524
18146;238.087524
18147;239.087524
18148;146.829697
18149;147.829697
18150;145.829697
18151;146.829697
18152;140.867783
18153;139.867783
18154;139.867783
18155;137.867783
18156;141.699005
18157;143.699005
18158;141.699005
18159;140.699005
18160;142.831131
18161;146.831131
18162;152.831131
18163;152.831131
18164;151.084305
18165;150.084305
18166;151.084305
18167;157.084305
18168;233.239532
18169;271.239532
18170;645.239502
18171;843.239502
18172;926.913513
18173;1015.91351
18174;973.913513
18175;924.913513
18176;1005.83716
18177;964.837158
18178;919.837158
18179;905.837158
18180;990.313171
18181;1054.31323
18182;995.313171
18183;1036.31323
18184;1207.48132
18185;1137.48132
18186;934.481262
18187;906.481262
18188;839.857605
18189;816.857605
18190;795.857605
18191;851.857605
18192;755.464783
18193;785.464783
18194;946.464783
18195;1126.46484
18196;1143.12891
18197;1160.12891
18198;1131.12891
18199;1115.12891
18200;1204.10571
18201;1186.10571
18202;1162.10571
18203;1148.10571
18204;1207.82703
18205;1182.82703
18206;1135.82703
18207;1130.82703
18208;1065.64868
18209;998.648621
18210;707.648621
18211;654.648621
18212;774.045898
18213;771.045898
18214;777.045898
18215;790.045898
18216;1049.05664
18217;1092.05664
18218;1366.05664
18219;1438.05664
18220;1363.36548
18221;1306.36548
18222;1319.36548
18223;1273.36548
18224;1504.1073
18225;1531.1073
18226;1457.1073
18227;1399.1073
18228;1189.16418
18229;1144.16418
18230;1094.16418
18231;1186.16418
18232;1450.45227
18233;1381.45227
18234;1286.45227
18235;1190.45227
18236;1243.2428
18237;1261.2428
18238;1262.2428
18239;1263.2428
18240;986.181213
18241;1006.18121
18242;1263.18127
18243;1427.18127
18244;1134.36658
18245;1130.36658
18246;1115.36658
18247;1115.36658
18248;1165.01636
18249;1134.01636
18250;1065.01636
18251;1087.01636
18252;1081.21411
18253;1027.21411
18254;932.214172
18255;1016.21417
18256;1041.4823
18257;950.482178
18258;724.482178
18259;675.482178
18260;677.110596
18261;694.110596
18262;687.110596
18263;675.110596
18264;761.225464
18265;752.225464
18266;902.225464
18267;1056.22546
18268;1048.28015
18269;1009.28015
18270;893.280151
18271;801.280151
18272;836.694702
18273;785.694702
18274;638.694702
18275;639.694702
18276;564.19043
18277;547.19043
18278;551.19043
18279;541.19043
18280;506.457275
18281;525.457275
18282;554.457275
18283;538.457275
18284;586.761047
18285;587.761047
18286;580.761047
18287;569.761047
18288;818.105164
18289;751.105164
18290;615.105164
18291;607.105164
18292;219.606522
18293;225.606522
18294;219.606522
18295;222.606522
18296;248.132385
18297;250.132385
18298;260.132355
18299;255.132355
18300;464.398254
18301;418.398254
18302;409.398254
18303;409.398254
18304;180.030838
18305;181.030838
18306;188.030838
18307;186.030838
18308;232.097443
18309;232.097443
18310;229.097443
18311;229.097443
18312;232.633453
18313;228.633453
18314;223.633453
18315;223.633453
18316;279.578796
18317;279.578796
18318;279.578796
18319;280.578796
18320;259.357361
18321;261.357361
18322;261.357361
18323;260.357361
18324;242.858826
18325;243.858826
18326;245.858826
18327;242.858826
18328;376.49469
18329;379.49469
18330;386.49469
18331;383.49469
18332;416.897705
18333;424.897705
18334;423.897705
18335;423.897705
18336;444.791809
18337;457.791809
18338;619.791809
18339;810.791809
18340;586.254822
18341;571.254822
18342;698.254822
18343;807.254822
18344;787.264465
18345;741.264465
18346;926.264465
18347;898.264465
18348;798.309753
18349;766.309753
18350;787.309753
18351;751.309753
18352;687.057251
18353;641.057251
18354;673.057251
18355;633.057251
18356;628.55658
18357;644.55658
18358;641.55658
18359;632.55658
18360;641.513184
18361;642.513184
18362;785.513184
18363;935.513184
18364;1004.30237
18365;1047.30237
18366;1028.30237
18367;1030.30237
18368;1088.3584
18369;1106.3584
18370;1124.3584
18371;1109.3584
18372;1141.30042
18373;1151.30042
18374;1085.30042
18375;1093.30042
18376;1029.59167
18377;921.591736
18378;759.591736
18379;754.591736
18380;748.253784
18381;738.253784
18382;735.253784
18383;692.253784
18384;901.782959
18385;916.782959
18386;1173.78296
18387;1297.78296
18388;1408.25415
18389;1409.25415
18390;1487.25415
18391;1552.25415
18392;1490.53906
18393;1426.53906
18394;1401.53906
18395;1373.53906
18396;1063.46985
18397;1066.46985
18398;1025.46985
18399;1047.46985
18400;996.263062
18401;923.263062
18402;768.263062
18403;756.263062
18404;906.121216
18405;841.121216
18406;824.121216
18407;829.121216
18408;892.834961
18409;911.834961
18410;1078.83508
18411;1299.83508
18412;1373.25122
18413;1428.25122
18414;1379.25122
18415;1401.25122
18416;1434.0741
18417;1448.0741
18418;1408.0741
18419;1360.0741
18420;1423.05225
18421;1434.05225
18422;1426.05225
18423;1413.05225
18424;1562.77002
18425;1583.77002
18426;1404.77002
18427;1355.77002
18428;1305.7074
18429;1286.7074
18430;1276.7074
18431;1289.7074
18432;717.484985
18433;734.484985
18434;900.484985
18435;1059.48499
18436;1061.1958
18437;1039.1958
18438;1103.1958
18439;1092.1958
18440;1084.25403
18441;1048.25403
18442;1006.25403
18443;1001.25403
18444;946.692017
18445;821.692017
18446;788.692017
18447;799.692017
18448;728.214722
18449;622.214722
18450;535.214722
18451;482.214691
18452;436.099579
18453;461.099579
18454;431.099579
18455;423.099579
18456;427.88858
18457;400.88858
18458;286.88858
18459;317.88858
18460;306.539825
18461;334.539825
18462;347.539825
18463;340.539825
18464;430.495819
18465;416.495819
18466;389.495819
18467;362.495819
18468;318.686432
18469;274.686432
18470;276.686432
18471;274.686432
18472;267.286102
18473;268.286102
18474;273.286102
18475;270.286102
18476;157.825775
18477;157.825775
18478;151.825775
18479;151.825775
18480;256.64386
18481;249.64386
18482;247.64386
18483;246.64386
18484;169.710449
18485;170.710449
18486;167.710449
18487;168.710449
18488;165.736542
18489;166.736542
18490;166.736542
18491;165.736542
18492;145.552551
18493;146.552551
18494;145.552551
18495;146.552551
18496;170.77269
18497;173.77269
18498;176.77269
18499;173.77269
18500;189.533371
18501;187.533371
18502;190.533371
18503;193.533371
18504;339.317688
18505;412.317688
18506;843.317688
18507;913.317688
18508;1011.05518
18509;1060.0553
18510;1115.0553
18511;1063.0553
18512;1164.22607
18513;1168.22607
18514;1097.22607
18515;1111.22607
18516;1001.91223
18517;993.912231
18518;949.912231
18519;1148.91223
18520;1388.62817
18521;1216.62817
18522;1079.62817
18523;1090.62817
18524;910.204651
18525;893.204651
18526;900.204651
18527;917.204651
18528;694.717285
18529;736.717285
18530;868.717285
18531;968.717285
18532;1145.92505
18533;1136.92505
18534;1113.92505
18535;1089.92505
18536;1097.66382
18537;1101.66382
18538;1078.66382
18539;1027.66382
18540;997.042358
18541;971.042358
18542;962.042358
18543;978.042358
18544;938.216492
18545;757.216492
18546;704.216492
18547;693.216492
18548;674.243347
18549;662.243347
18550;650.243347
18551;655.243347
18552;711.34082
18553;755.34082
18554;1012.34082
18555;1125.34082
18556;1215.3678
18557;1187.3678
18558;1169.3678
18559;1171.3678
18560;1238.67017
18561;1271.67017
18562;1242.67017
18563;1209.67017
18564;1389.84485
18565;1375.84485
18566;1342.84485
18567;1356.84485
18568;1096.23071
18569;1030.23071
18570;900.230591
18571;865.230591
18572;822.174438
18573;826.174438
18574;826.174438
18575;823.174438
18576;943.027283
18577;996.027283
18578;1263.02734
18579;1277.02734
18580;1145.64807
18581;1219.64807
18582;1192.64807
18583;1126.64807
18584;1121.74451
18585;1172.74451
18586;1074.74451
18587;1070.74451
18588;924.193054
18589;896.193054
18590;813.193054
18591;798.193054
18592;766.213745
18593;815.213745
18594;788.213745
18595;767.213745
18596;795.44574
18597;776.44574
18598;772.44574
18599;773.44574
18600;1036.46887
18601;1104.46887
18602;1333.46887
18603;1476.46887
18604;1474.42859
18605;1461.42859
18606;1428.42859
18607;1344.42859
18608;1231.99866
18609;1238.99866
18610;1224.99866
18611;1254.99866
18612;1055.52429
18613;998.524292
18614;783.524292
18615;782.524292
18616;829.054443
18617;826.054443
18618;800.054443
18619;807.054443
18620;901.930847
18621;777.930847
18622;758.930847
18623;760.930847
18624;523.13623
18625;386.13623
18626;391.13623
18627;429.13623
18628;303.505035
18629;310.505035
18630;303.505035
18631;303.505035
18632;305.400116
18633;300.400116
18634;258.400116
18635;248.400116
18636;235.227463
18637;192.227463
18638;191.227463
18639;191.227463
18640;196.859833
18641;192.859833
18642;192.859833
18643;189.859833
18644;172.562241
18645;170.562241
18646;168.562241
18647;168.562241
18648;208.76944
18649;201.76944
18650;199.76944
18651;200.76944
18652;342.469208
18653;341.469208
18654;340.469208
18655;340.469208
18656;353.878418
18657;353.878418
18658;355.878418
18659;355.878418
18660;283.681152
18661;282.681152
18662;282.681152
18663;281.681152
18664;239.528
18665;244.528
18666;250.528
18667;246.528
18668;164.844482
18669;163.844482
18670;161.844482
18671;160.844482
18672;287.865021
18673;324.865021
18674;638.86499
18675;727.86499
18676;726.46582
18677;791.46582
18678;818.46582
18679;848.46582
18680;864.886841
18681;878.886841
18682;841.886841
18683;868.886841
18684;904.540344
18685;782.540344
18686;901.540344
18687;987.540344
18688;848.96283
18689;801.96283
18690;810.96283
18691;763.96283
18692;823.394714
18693;812.394714
18694;807.394714
18695;816.394714
18696;1099.54663
18697;1131.54663
18698;1296.54663
18699;1365.54663
18700;1223.68677
18701;1177.68677
18702;1188.68677
18703;1185.68677
18704;1106.92554
18705;1134.92554
18706;1094.92554
18707;1052.92554
18708;1063.0603
18709;1005.06024
18710;1024.0603
18711;932.060242
18712;968.082764
18713;874.082764
18714;849.082764
18715;844.082764
18716;1132.05786
18717;1130.05786
18718;1096.05786
18719;1114.05786
18720;882.240479
18721;920.240479
18722;1116.24048
18723;1230.24048
18724;1183.71082
18725;1106.71082
18726;1170.71082
18727;1164.71082
18728;1112.72131
18729;1112.72131
18730;989.721375
18731;1025.72131
18732;957.629578
18733;1008.62958
18734;940.629578
18735;810.629578
18736;758.851379
18737;758.851379
18738;730.851379
18739;722.851379
18740;717.630737
18741;707.630737
18742;628.630737
18743;572.630737
18744;662.85437
18745;723.85437
18746;1034.85437
18747;1166.85437
18748;1216.91821
18749;1184.91821
18750;1174.91821
18751;1233.91821
18752;1159.16711
18753;1093.16711
18754;1059.16711
18755;1050.16711
18756;1104.19678
18757;1066.19678
18758;1072.19678
18759;1110.19678
18760;1160.9093
18761;918.909363
18762;811.909363
18763;829.909363
18764;762.795471
18765;714.795471
18766;694.795471
18767;708.795471
18768;788.005859
18769;811.005859
18770;1050.00586
18771;1178.00586
18772;1333.03345
18773;1347.03345
18774;1348.03345
18775;1300.03345
18776;1536.30725
18777;1395.30725
18778;1303.30725
18779;1287.30725
18780;1038.20764
18781;979.207581
18782;844.207581
18783;845.207581
18784;983.151184
18785;923.151184
18786;890.151184
18787;895.151184
18788;676.145752
18789;670.145752
18790;660.145752
18791;625.145752
18792;508.300537
18793;402.300537
18794;343.300537
18795;354.300537
18796;430.966309
18797;429.966309
18798;436.966309
18799;436.966309
18800;648.520996
18801;648.520996
18802;643.520996
18803;636.520996
18804;358.613647
18805;311.613647
18806;311.613647
18807;310.613647
18808;744.802551
18809;748.802551
18810;753.802551
18811;748.802551
18812;505.259186
18813;505.259186
18814;504.259186
18815;503.259186
18816;264.074432
18817;256.074432
18818;252.074432
18819;253.074432
18820;160.823959
18821;159.823959
18822;160.823959
18823;162.823959
18824;152.128357
18825;154.128357
18826;153.128357
18827;153.128357
18828;155.151627
18829;155.151627
18830;156.151627
18831;155.151627
18832;159.584412
18833;163.584412
18834;168.584412
18835;167.584412
18836;167.012848
18837;166.012848
18838;166.012848
18839;172.012848
18840;252.426163
18841;289.426178
18842;418.426178
18843;536.426147
18844;787.275879
18845;877.275879
18846;864.275879
18847;838.275879
18848;852.379944
18849;759.379944
18850;731.379944
18851;821.379944
18852;1083.51147
18853;1066.51147
18854;1109.51147
18855;1065.51147
18856;1137.96716
18857;979.967102
18858;886.967102
18859;881.967102
18860;761.387512
18861;761.387512
18862;746.387512
18863;707.387512
18864;664.757263
18865;701.757263
18866;825.757263
18867;881.757263
18868;770.486755
18869;791.486755
18870;743.486755
18871;779.486755
18872;874.229675
18873;899.229675
18874;861.229675
18875;890.229675
18876;861.413391
18877;796.413391
18878;764.413391
18879;769.413391
18880;637.429565
18881;594.429565
18882;618.429565
18883;647.429565
18884;770.946777
18885;767.946777
18886;786.946777
18887;764.946777
18888;1034.00049
18889;1079.00049
18890;1310.00049
18891;1419.00049
18892;1196.37
18893;1121.37
18894;1059.37
18895;1046.37
18896;1332.03711
18897;1362.03711
18898;1302.03711
18899;1463.03711
18900;1188.16418
18901;1186.16418
18902;1206.16418
18903;1141.16418
18904;1483.45227
18905;1335.45227
18906;1233.45227
18907;1223.45227
18908;1294.24634
18909;1299.24634
18910;1266.24634
18911;1262.24634
18912;988.224731
18913;1048.22473
18914;1337.22473
18915;1489.22473
18916;1111.40625
18917;1178.40625
18918;1123.40625
18919;1125.40625
18920;1078.91882
18921;1135.91882
18922;1078.91882
18923;1066.91882
18924;1039.03552
18925;1017.03558
18926;999.035583
18927;992.035583
18928;932.302185
18929;759.302185
18930;709.302185
18931;682.302185
18932;699.197266
18933;694.197266
18934;694.197266
18935;682.197266
18936;769.501709
18937;784.501709
18938;992.501709
18939;1043.50171
18940;1158.45117
18941;1180.45117
18942;1157.45117
18943;1075.45117
18944;1100.88184
18945;1157.88184
18946;1177.88184
18947;1143.88184
18948;1040.24084
18949;939.240845
18950;939.240845
18951;814.240845
18952;645.679871
18953;643.679871
18954;665.679871
18955;653.679871
18956;713.176941
18957;709.176941
18958;660.176941
18959;541.176941
18960;731.444275
18961;658.444275
18962;619.444275
18963;613.444275
18964;232.537842
18965;230.537842
18966;265.537842
18967;264.537842
18968;296.884735
18969;271.884735
18970;257.884735
18971;249.884766
18972;429.551025
18973;431.551025
18974;431.551025
18975;428.551025
18976;198.948273
18977;202.948273
18978;208.948273
18979;204.948273
18980;248.701447
18981;247.701447
18982;247.701447
18983;246.701447
18984;253.129562
18985;244.129562
18986;241.129562
18987;243.129562
18988;296.346619
18989;297.346619
18990;295.346619
18991;295.346619
18992;274.635742
18993;276.635742
18994;275.635742
18995;276.635742
18996;258.858826
18997;258.858826
18998;260.858826
18999;260.858826
19000;395.49469
19001;398.49469
19002;398.49469
19003;398.49469
19004;431.779541
19005;431.779541
19006;435.779541
19007;438.779541
19008;466.579834
19009;553.579834
19010;774.579834
19011;1002.57983
19012;835.129211
19013;874.129211
19014;927.129211
19015;866.129211
19016;794.131104
19017;654.131104
19018;669.131104
19019;642.131104
19020;619.049072
19021;700.049072
19022;657.049072
19023;644.049072
19024;586.94281
19025;488.94278
19026;418.94278
19027;429.94278
19028;412.338165
19029;574.338135
19030;586.338135
19031;607.338135
19032;616.285583
19033;704.285583
19034;976.285583
19035;1023.28558
19036;1001.45557
19037;1027.45557
19038;984.455566
19039;1012.45557
19040;1132.56262
19041;1070.56262
19042;930.562683
19043;965.562683
19044;901.587769
19045;912.587769
19046;922.587769
19047;901.587769
19048;791.002869
19049;758.002869
19050;747.002869
19051;704.002869
19052;707.960999
19053;701.960999
19054;701.960999
19055;705.960999
19056;937.401978
19057;1002.40198
19058;1358.40198
19059;1397.40198
19060;1510.04456
19061;1578.04456
19062;1480.04456
19063;1450.04456
19064;1467.34094
19065;1406.34094
19066;1199.34094
19067;1159.34094
19068;880.74646
19069;880.74646
19070;848.74646
19071;840.74646
19072;802.298889
19073;787.298889
19074;758.298889
19075;749.298889
19076;895.262817
19077;891.262817
19078;894.262817
19079;890.262817
19080;967.546265
19081;1036.54639
19082;1416.54639
19083;1476.54639
19084;1466.10132
19085;1427.10132
19086;1502.10132
19087;1454.10132
19088;1578.45984
19089;1535.45984
19090;1283.45984
19091;1251.45984
19092;1318.79846
19093;1279.79846
19094;1264.79846
19095;1283.79846
19096;1401.3678
19097;1329.3678
19098;1307.3678
19099;1300.3678
19100;1356.17615
19101;1346.17615
19102;1322.17615
19103;1315.17615
19104;768.761047
19105;847.761047
19106;1236.76111
19107;1297.76111
19108;1290.85901
19109;1290.85901
19110;1231.85901
19111;1195.85901
19112;1200.78918
19113;1169.78918
19114;1049.78918
19115;984.789185
19116;906.132324
19117;879.132324
19118;868.132324
19119;779.132324
19120;713.489563
19121;687.489563
19122;664.489563
19123;644.489563
19124;576.348328
19125;528.348328
19126;521.348328
19127;478.348297
19128;435.165436
19129;325.165436
19130;256.165436
19131;288.165436
19132;335.548645
19133;320.548645
19134;313.548645
19135;302.548645
19136;406.357086
19137;403.357086
19138;395.357086
19139;382.357086
19140;291.810425
19141;292.810425
19142;286.810425
19143;280.810425
19144;274.565796
19145;278.565796
19146;282.565796
19147;278.565796
19148;167.115753
19149;166.115753
19150;165.115753
19151;165.115753
19152;271.472748
19153;265.472748
19154;260.472748
19155;262.472748
19156;183.949829
19157;182.949829
19158;183.949829
19159;182.949829
19160;178.251923
19161;179.251923
19162;180.251923
19163;181.251923
19164;159.482483
19165;159.482483
19166;159.482483
19167;158.482483
19168;185.266891
19169;190.266891
19170;195.266891
19171;194.266891
19172;207.017059
19173;205.017059
19174;208.017059
19175;210.017059
19176;361.626801
19177;473.626801
19178;760.626831
19179;1016.62683
19180;1144.4082
19181;1158.4082
19182;1201.4082
19183;1175.4082
19184;1278.43359
19185;1309.43359
19186;1161.43359
19187;1163.43359
19188;1003.70599
19189;1006.70599
19190;1087.70605
19191;1050.70605
19192;1245.35364
19193;1186.35364
19194;1101.35364
19195;1078.35364
19196;903.680664
19197;889.680664
19198;878.680664
19199;817.680664
19200;655.996338
19201;737.996338
19202;1060.99646
19203;1268.99646
19204;1273.6875
19205;1257.6875
19206;1230.6875
19207;1159.6875
19208;1222.36389
19209;1213.36389
19210;1084.36389
19211;1013.36389
19212;1006.84692
19213;981.846924
19214;942.846924
19215;954.846924
19216;886.251831
19217;765.251831
19218;671.251831
19219;684.251831
19220;681.429565
19221;674.429565
19222;648.429565
19223;651.429565
19224;702.547241
19225;795.547241
19226;1219.54736
19227;1167.54736
19228;1243.48022
19229;1243.48022
19230;1251.48022
19231;1229.48022
19232;1281.33032
19233;1316.33032
19234;1161.33032
19235;1080.33032
19236;1154.69336
19237;1138.69336
19238;1074.69336
19239;1048.69336
19240;837.286194
19241;904.286194
19242;883.286194
19243;787.286194
19244;697.318176
19245;710.318176
19246;707.318176
19247;717.318176
19248;830.924438
19249;891.924438
19250;1167.92444
19251;1258.92444
19252;1288.46448
19253;1221.46448
19254;1169.46448
19255;1166.46448
19256;1209.47522
19257;1260.47522
19258;1006.47516
19259;1002.47516
19260;963.403503
19261;952.403503
19262;930.403503
19263;924.403503
19264;860.381348
19265;710.381348
19266;674.381348
19267;660.381348
19268;726.867371
19269;724.867371
19270;721.867371
19271;709.867371
19272;976.832397
19273;1059.8324
19274;1371.8324
19275;1463.8324
19276;1505.78357
19277;1461.78357
19278;1471.78357
19279;1440.78357
19280;1334.203
19281;1352.203
19282;1183.203
19283;1128.203
19284;1061.51233
19285;1072.51233
19286;1013.51221
19287;848.512207
19288;884.839783
19289;879.839783
19290;849.839783
19291;839.839783
19292;914.654846
19293;890.654846
19294;874.654846
19295;858.654846
19296;668.623291
19297;635.623291
19298;579.623291
19299;533.623291
19300;393.954895
19301;371.954895
19302;389.954895
19303;369.954895
19304;400.136047
19305;369.136047
19306;272.136047
19307;224.136017
19308;174.952393
19309;167.952393
19310;166.952393
19311;166.952393
19312;169.491669
19313;173.491669
19314;176.491669
19315;170.491669
19316;161.922836
19317;159.922836
19318;158.922836
19319;159.922836
19320;198.976257
19321;193.976257
19322;188.976257
19323;189.976257
19324;333.873779
19325;332.873779
19326;333.873779
19327;335.873779
19328;348.340546
19329;348.340546
19330;347.340546
19331;348.340546
19332;277.415375
19333;277.415375
19334;277.415375
19335;277.415375
19336;234.357101
19337;238.357101
19338;238.357101
19339;239.357101
19340;159.819092
19341;159.819092
19342;161.819092
19343;165.819092
19344;293.005798
19345;379.005798
19346;595.005798
19347;879.005798
19348;887.66333
19349;941.66333
19350;946.66333
19351;964.66333
19352;998.129089
19353;907.129089
19354;893.129089
19355;880.129089
19356;858.859009
19357;875.859009
19358;746.859009
19359;731.859009
19360;744.205994
19361;733.205994
19362;648.205994
19363;651.205994
19364;716.542969
19365;735.542969
19366;765.542969
19367;770.542969
19368;1052.42798
19369;1102.42798
19370;1438.42798
19371;1507.42798
19372;1316.6084
19373;1413.6084
19374;1423.6084
19375;1355.6084
19376;1257.04053
19377;1353.04053
19378;1216.04053
19379;1171.04053
19380;1181.0603
19381;1076.0603
19382;977.060242
19383;906.060242
19384;1026.99963
19385;911.999573
19386;809.999573
19387;741.999573
19388;1123.8446
19389;1140.8446
19390;1121.8446
19391;1116.8446
19392;850.985901
19393;905.985901
19394;1248.98596
19395;1311.98596
19396;1160.5752
19397;1077.5752
19398;1044.5752
19399;1045.5752
19400;1122.43726
19401;1134.43726
19402;1040.43726
19403;958.437256
19404;826.379028
19405;780.379028
19406;804.379028
19407;792.379028
19408;750.563965
19409;800.563965
19410;731.563965
19411;721.563965
19412;698.117004
19413;705.117004
19414;714.117004
19415;714.117004
19416;752.360901
19417;760.360901
19418;1060.36096
19419;1073.36096
19420;1197.32825
19421;1204.32825
19422;1226.32825
19423;1197.32825
19424;1163.39429
19425;1151.39429
19426;1091.39429
19427;1084.39429
19428;1097.45361
19429;1095.45361
19430;1079.45361
19431;1045.45361
19432;1021.38171
19433;890.381653
19434;679.381653
19435;667.381653
19436;611.700439
19437;619.700439
19438;638.700439
19439;638.700439
19440;702.960205
19441;683.960205
19442;742.960205
19443;914.960205
19444;957.392639
19445;1052.3927
19446;964.392639
19447;1042.3927
19448;1294.72925
19449;1246.72925
19450;1138.72925
19451;966.729126
19452;694.618408
19453;676.618408
19454;631.618408
19455;610.618408
19456;709.61377
19457;709.61377
19458;687.61377
19459;658.61377
19460;437.470093
19461;436.470093
19462;474.470093
19463;476.470093
19464;416.359192
19465;416.359192
19466;410.359192
19467;411.359192
19468;449.423676
19469;440.423676
19470;425.423676
19471;430.423676
19472;644.633362
19473;646.633362
19474;642.633362
19475;628.633362
19476;315.613647
19477;315.613647
19478;314.613647
19479;313.613647
19480;744.581238
19481;750.581238
19482;751.581238
19483;745.581238
19484;503.0354
19485;500.0354
19486;500.0354
19487;500.0354
19488;262.874573
19489;260.874573
19490;252.874557
19491;254.874557
19492;160.603012
19493;160.603012
19494;162.603012
19495;162.603012
19496;154.743317
19497;154.743317
19498;154.743317
19499;154.743317
19500;158.583038
19501;159.583038
19502;157.583038
19503;157.583038
19504;159.598572
19505;166.598572
19506;166.598572
19507;167.598572
19508;164.881989
19509;162.881989
19510;167.881989
19511;170.881989
19512;250.385391
19513;330.385406
19514;581.385376
19515;708.385376
19516;736.770386
19517;684.770386
19518;654.770386
19519;672.770386
19520;711.660095
19521;712.660095
19522;643.660095
19523;649.660095
19524;791.9599
19525;768.9599
19526;743.9599
19527;788.9599
19528;909.778259
19529;843.778259
19530;667.778259
19531;646.778259
19532;565.129333
19533;559.129333
19534;574.129333
19535;549.129333
19536;428.535522
19537;459.535522
19538;764.535522
19539;777.535522
19540;665.361694
19541;682.361694
19542;620.361694
19543;635.361694
19544;767.323975
19545;893.323975
19546;811.323975
19547;759.323975
19548;757.647644
19549;717.647644
19550;694.647644
19551;627.647644
19552;479.657532
19553;338.657532
19554;282.657532
19555;265.657532
19556;385.025024
19557;380.025024
19558;383.025024
19559;376.025024
19560;637.248901
19561;658.248901
19562;887.248901
19563;981.248901
19564;771.869324
19565;791.869324
19566;805.869324
19567;788.869324
19568;1010.58466
19569;987.584656
19570;1028.58472
19571;998.584656
19572;815.164185
19573;760.164185
19574;708.164185
19575;663.164185
19576;956.452148
19577;905.452148
19578;785.452148
19579;774.452148
19580;857.03418
19581;849.03418
19582;854.03418
19583;853.03418
19584;577.945007
19585;609.945007
19586;889.945007
19587;921.945007
19588;678.028381
19589;639.028381
19590;657.028381
19591;665.028381
19592;638.585876
19593;632.585876
19594;580.585876
19595;569.585876
19596;479.889832
19597;455.889832
19598;434.889832
19599;430.889832
19600;437.169678
19601;414.169678
19602;282.169678
19603;252.169693
19604;244.979141
19605;241.979141
19606;241.979141
19607;239.979141
19608;332.324005
19609;361.324005
19610;566.324036
19611;678.324036
19612;691.096436
19613;708.096436
19614;698.096436
19615;695.096436
19616;713.677368
19617;615.677368
19618;566.677368
19619;587.677368
19620;546.448242
19621;547.448242
19622;552.448242
19623;540.448242
19624;479.255463
19625;391.255463
19626;316.255463
19627;317.255463
19628;371.540192
19629;360.540192
19630;353.540192
19631;340.540192
19632;604.890198
19633;610.890198
19634;601.890198
19635;598.890198
19636;188.238739
19637;174.238739
19638;179.238739
19639;176.238739
19640;212.266617
19641;211.266617
19642;212.266617
19643;211.266617
19644;441.47995
19645;441.47995
19646;444.47995
19647;441.47995
19648;212.904541
19649;218.904541
19650;218.904541
19651;214.904541
19652;256.211365
19653;253.211349
19654;254.211349
19655;254.211349
19656;252.229843
19657;253.229843
19658;243.229843
19659;244.229843
19660;297.789856
19661;297.789856
19662;297.789856
19663;296.789856
19664;277.334381
19665;277.334381
19666;279.334381
19667;278.334381
19668;259.858826
19669;260.858826
19670;260.858826
19671;260.858826
19672;395.543152
19673;399.543152
19674;400.543152
19675;401.543152
19676;435.99115
19677;432.99115
19678;438.99115
19679;440.99115
19680;469.809479
19681;533.809448
19682;831.809448
19683;1027.80945
19684;830.290283
19685;822.290283
19686;838.290283
19687;821.290283
19688;822.310852
19689;709.310852
19690;376.310883
19691;309.310883
19692;279.298492
19693;266.298492
19694;248.298492
19695;243.298492
19696;216.044342
19697;221.044342
19698;219.044342
19699;217.044342
19700;212.344955
19701;210.344955
19702;210.344955
19703;212.344955
19704;229.324661
19705;305.324646
19706;737.324646
19707;790.324646
19708;839.1297
19709;833.1297
19710;799.1297
19711;720.1297
19712;821.264832
19713;715.264832
19714;445.264771
19715;369.264771
19716;337.357208
19717;324.357208
19718;306.357208
19719;298.357208
19720;260.094666
19721;256.094666
19722;253.09465
19723;249.09465
19724;249.884842
19725;248.884842
19726;248.884842
19727;249.884842
19728;471.096741
19729;541.09668
19730;769.09668
19731;815.09668
19732;953.034912
19733;979.034912
19734;1170.03491
19735;1109.03491
19736;985.966003
19737;957.966003
19738;671.966003
19739;605.966003
19740;320.302673
19741;305.302673
19742;288.302673
19743;279.302673
19744;276.858215
19745;274.858215
19746;271.858215
19747;265.858215
19748;407.446777
19749;403.446777
19750;403.446777
19751;408.446777
19752;466.622864
19753;511.622864
19754;869.622864
19755;930.622864
19756;932.539246
19757;930.539246
19758;917.539246
19759;892.539246
19760;937.78363
19761;822.78363
19762;606.78363
19763;585.78363
19764;673.79834
19765;650.79834
19766;639.79834
19767;632.79834
19768;772.367737
19769;772.367737
19770;769.367737
19771;767.367737
19772;831.176025
19773;831.176025
19774;830.176025
19775;829.176025
19776;282.910492
19777;325.910492
19778;574.910461
19779;671.910461
19780;631.07428
19781;620.07428
19782;552.07428
19783;534.07428
19784;535.897461
19785;484.89743
19786;337.89743
19787;271.89743
19788;249.213852
19789;236.213852
19790;230.213852
19791;225.213852
19792;217.620117
19793;218.620117
19794;217.620117
19795;214.620117
19796;214.406952
19797;215.406952
19798;213.406952
19799;214.406952
19800;225.294479
19801;245.294479
19802;322.294464
19803;341.294464
19804;396.418823
19805;410.418823
19806;399.418823
19807;394.418823
19808;458.830048
19809;413.830048
19810;372.830048
19811;364.830048
19812;287.94339
19813;287.94339
19814;289.94339
19815;289.94339
19816;286.836975
19817;290.836975
19818;292.836975
19819;286.836975
19820;172.214371
19821;170.214371
19822;168.214371
19823;168.214371
19824;273.617615
19825;273.617615
19826;266.617615
19827;265.617615
19828;186.210129
19829;187.210129
19830;186.210129
19831;186.210129
19832;191.839828
19833;190.839828
19834;192.839828
19835;192.839828
19836;176.900604
19837;175.900604
19838;173.900604
19839;172.900604
19840;201.106796
19841;206.106796
19842;205.106796
19843;205.106796
19844;210.28595
19845;208.28595
19846;209.28595
19847;208.28595
19848;358.060516
19849;424.060516
19850;606.060547
19851;691.060547
19852;791.945435
19853;793.945435
19854;770.945435
19855;762.945435
19856;807.90802
19857;794.90802
19858;599.90802
19859;559.90802
19860;427.706055
19861;411.706055
19862;399.706055
19863;390.706055
19864;640.353516
19865;644.353516
19866;644.353516
19867;642.353516
19868;478.680664
19869;472.680664
19870;472.680664
19871;473.680664
19872;237.996368
19873;268.996338
19874;451.996338
19875;467.996338
19876;468.687439
19877;481.687439
19878;464.687439
19879;443.687439
19880;451.224915
19881;448.224915
19882;327.224915
19883;286.224915
19884;276.802856
19885;259.802856
19886;244.802856
19887;226.802856
19888;223.223297
19889;226.223297
19890;225.223297
19891;222.223297
19892;217.26915
19893;216.26915
19894;216.26915
19895;215.26915
19896;259.365204
19897;285.365204
19898;420.365204
19899;426.365204
19900;481.562836
19901;499.562836
19902;494.562836
19903;515.562805
19904;609.519836
19905;527.519836
19906;442.519836
19907;417.519836
19908;519.155579
19909;505.155579
19910;491.155579
19911;485.155579
19912;276.699921
19913;274.699921
19914;265.699921
19915;264.699921
19916;219.790375
19917;218.790375
19918;218.790375
19919;217.790375
19920;329.414795
19921;345.414795
19922;433.414795
19923;457.414795
19924;324.957611
19925;341.957611
19926;344.957611
19927;328.957611
19928;323.380127
19929;328.380127
19930;318.380127
19931;286.380127
19932;231.474701
19933;223.474701
19934;209.474701
19935;210.474701
19936;190.834763
19937;188.834763
19938;186.834763
19939;184.834763
19940;236.008453
19941;235.008453
19942;233.008453
19943;230.008453
19944;484.935822
19945;534.935791
19946;602.935791
19947;628.935791
19948;623.867249
19949;628.867249
19950;636.867249
19951;609.867249
19952;510.245605
19953;496.245605
19954;476.245605
19955;465.245605
19956;353.512207
19957;325.512207
19958;314.512207
19959;316.512207
19960;391.839783
19961;388.839783
19962;388.839783
19963;384.839783
19964;481.654846
19965;477.654846
19966;475.654846
19967;478.654846
19968;285.623291
19969;286.623291
19970;284.623291
19971;277.623291
19972;153.95488
19973;155.95488
19974;156.95488
19975;155.95488
19976;158.048767
19977;157.048767
19978;158.048767
19979;158.048767
19980;155.744217
19981;157.744217
19982;157.744217
19983;155.744217
19984;165.271927
19985;168.271927
19986;169.271927
19987;166.271927
19988;159.669739
19989;156.669739
19990;155.669739
19991;157.669739
19992;194.91806
19993;195.91806
19994;191.91806
19995;188.91806
19996;333.580902
19997;333.580902
19998;335.580902
19999;334.580902
20000;347.486267
20001;348.486267
20002;348.486267
20003;349.486267
20004;276.51944
20005;276.51944
20006;276.51944
20007;274.51944
20008;241.629272
20009;243.629272
20010;243.629272
20011;242.629272
20012;167.212723
20013;165.212723
20014;165.212723
20015;165.212723
20016;282.985565
20017;316.985565
20018;508.985565
20019;536.985535
20020;531.166016
20021;569.166016
20022;578.166016
20023;518.166016
20024;550.893921
20025;557.893921
20026;527.893921
20027;498.893982
20028;384.462891
20029;358.462891
20030;348.462891
20031;362.462891
20032;345.908234
20033;323.908234
20034;296.908234
20035;288.908234
20036;328.829315
20037;327.829315
20038;323.829315
20039;322.829315
20040;614.847107
20041;669.847107
20042;820.847107
20043;860.847107
20044;664.985229
20045;665.985229
20046;689.985229
20047;706.985229
20048;609.994934
20049;578.994934
20050;475.994965
20051;460.994965
20052;399.249573
20053;365.249573
20054;351.249573
20055;362.249573
20056;425.210052
20057;399.210052
20058;375.210052
20059;373.210052
20060;671.059875
20061;670.059875
20062;670.059875
20063;667.059875
20064;390.207031
20065;441.207031
20066;583.207031
20067;630.207031
20068;469.632965
20069;441.632965
20070;432.632965
20071;423.632965
20072;394.456604
20073;396.456604
20074;387.456604
20075;375.456604
20076;292.329559
20077;272.329559
20078;261.329559
20079;269.329559
20080;278.362854
20081;255.362854
20082;231.362854
20083;229.362854
20084;214.829483
20085;212.829483
20086;210.829483
20087;209.829483
20088;234.239365
20089;282.23941
20090;385.23941
20091;390.23941
20092;487.030151
20093;487.030151
20094;476.030151
20095;471.030151
20096;464.346283
20097;465.346283
20098;459.346283
20099;420.346283
20100;430.035736
20101;414.035736
20102;404.035736
20103;415.035736
20104;408.295837
20105;379.295837
20106;356.295837
20107;354.295837
20108;251.425583
20109;247.425583
20110;246.425583
20111;245.425583
20112;325.808716
20113;375.808716
20114;519.808777
20115;540.808777
20116;641.043274
20117;634.043274
20118;603.043274
20119;589.043274
20120;841.47522
20121;833.47522
20122;793.47522
20123;785.47522
20124;556.796692
20125;536.796692
20126;511.796692
20127;538.796692
20128;681.577026
20129;661.577026
20130;593.577026
20131;582.577026
20132;367.459015
20133;367.459015
20134;362.459015
20135;360.459015
20136;294.409821
20137;296.409821
20138;289.409821
20139;285.409821
20140;357.737793
20141;358.737793
20142;357.737793
20143;359.737793
20144;553.483765
20145;568.483765
20146;572.483765
20147;573.483765
20148;309.000305
20149;311.000305
20150;309.000305
20151;310.000305
20152;748.041809
20153;753.041809
20154;750.041809
20155;751.041809
20156;508.557098
20157;507.557098
20158;504.557098
20159;506.557098
20160;269.398346
20161;268.398346
20162;264.398346
20163;260.398346
20164;167.128906
20165;166.128906
20166;169.128906
20167;167.128906
20168;160.138245
20169;159.138245
20170;158.138245
20171;160.138245
20172;163.90683
20173;163.90683
20174;162.90683
20175;163.90683
20176;172.882294
20177;176.882294
20178;176.882294
20179;176.882294
20180;173.15065
20181;170.15065
20182;170.15065
20183;170.15065
20184;249.821655
20185;334.821655
20186;458.821655
20187;519.821655
20188;590.086182
20189;598.086182
20190;610.086182
20191;618.086182
20192;620.431091
20193;588.431091
20194;444.431122
20195;407.431122
20196;499.353882
20197;476.353882
20198;460.353882
20199;473.353882
20200;635.078186
20201;607.078186
20202;577.078186
20203;574.078186
20204;490.363708
20205;490.363708
20206;487.363708
20207;485.363708
20208;392.597504
20209;392.597504
20210;599.597534
20211;626.597534
20212;510.394257
20213;508.394257
20214;480.394318
20215;422.394318
20216;443.66626
20217;472.66626
20218;407.66626
20219;377.66626
20220;339.753296
20221;325.753296
20222;310.753296
20223;318.753296
20224;274.909149
20225;248.909164
20226;218.909164
20227;216.909164
20228;339.476379
20229;339.476379
20230;335.476379
20231;333.476379
20232;593.627197
20233;645.627197
20234;783.627197
20235;800.627197
20236;596.453247
20237;652.453247
20238;628.453247
20239;602.453247
20240;825.864014
20241;839.864014
20242;772.864014
20243;739.864014
20244;521.190369
20245;496.190369
20246;483.190369
20247;487.190369
20248;818.660828
20249;787.660828
20250;756.660828
20251;752.660828
20252;828.249512
20253;824.249512
20254;818.249512
20255;817.249512
20256;541.164246
20257;597.164246
20258;739.164246
20259;760.164246
20260;441.245697
20261;472.245697
20262;465.245697
20263;440.245697
20264;476.710327
20265;459.710327
20266;355.710327
20267;314.710327
20268;297.893463
20269;278.893463
20270;263.893463
20271;273.893463
20272;271.168518
20273;256.168518
20274;226.168533
20275;179.168533
20276;213.976578
20277;211.976578
20278;209.976578
20279;208.976578
20280;296.542816
20281;344.542816
20282;497.542816
20283;514.542847
20284;508.204773
20285;584.204773
20286;546.204773
20287;499.204773
20288;550.167847
20289;490.167816
20290;411.167816
20291;382.167816
20292;340.039429
20293;325.039429
20294;307.039429
20295;321.039429
20296;308.148987
20297;279.148987
20298;216.148987
20299;204.148987
20300;261.489594
20301;258.489594
20302;257.489594
20303;257.489594
20304;533.293579
20305;569.293579
20306;581.293579
20307;585.293579
20308;173.769379
20309;209.769379
20310;214.769379
20311;218.769379
20312;249.873596
20313;240.873596
20314;235.873596
20315;236.873596
20316;466.684021
20317;467.684021
20318;468.684021
20319;465.684021
20320;243.358459
20321;244.358459
20322;243.358459
20323;238.358459
20324;286.441589
20325;282.441589
20326;281.441589
20327;280.441589
20328;282.263397
20329;280.263397
20330;276.263397
20331;275.263397
20332;336.478424
20333;341.478424
20334;340.478424
20335;299.478424
20336;265.700958
20337;264.700958
20338;265.700958
20339;266.700958
20340;249.858826
20341;250.858826
20342;249.858826
20343;229.858826
20344;392.621185
20345;368.621185
20346;393.621185
20347;390.621185
20348;424.98999
20349;422.98999
20350;421.98999
20351;422.98999
20352;454.040131
20353;543.0401
20354;645.0401
20355;845.0401
20356;753.905396
20357;760.905396
20358;836.905396
20359;874.905396
20360;1012.59644
20361;901.596436
20362;765.596436
20363;679.596436
20364;684.350769
20365;765.350769
20366;777.350769
20367;739.350769
20368;729.838501
20369;672.838501
20370;572.838501
20371;591.838501
20372;632.158997
20373;641.158997
20374;641.158997
20375;650.158997
20376;657.438843
20377;740.438843
20378;1016.43884
20379;1054.43896
20380;943.716003
20381;993.716003
20382;974.716003
20383;950.716003
20384;1061.84033
20385;1146.84033
20386;1042.84033
20387;982.84021
20388;986.226318
20389;977.226318
20390;956.226318
20391;990.226318
20392;894.444275
20393;858.444275
20394;810.444275
20395;799.444275
20396;714.564392
20397;727.564392
20398;744.564392
20399;738.564392
20400;939.826233
20401;1032.82629
20402;1346.82629
20403;1422.82629
20404;1499.98218
20405;1542.98218
20406;1527.98218
20407;1509.98218
20408;1572.65857
20409;1421.65857
20410;1318.65857
20411;1289.65857
20412;976.435242
20413;866.435242
20414;748.435242
20415;675.435242
20416;684.517212
20417;663.517212
20418;584.517212
20419;540.517212
20420;661.658081
20421;675.658081
20422;638.658081
20423;572.658081
20424;675.157837
20425;726.157837
20426;966.157837
20427;1044.15784
20428;1050.60278
20429;1001.60272
20430;1001.60272
20431;1066.60278
20432;1231.3501
20433;1317.3501
20434;1188.3501
20435;1150.3501
20436;1190.65515
20437;1149.65515
20438;1089.65515
20439;1075.65515
20440;1173.3197
20441;1122.3197
20442;1065.3197
20443;1081.3197
20444;1161.14563
20445;1178.14563
20446;1161.14563
20447;1178.14563
20448;571.379883
20449;654.379883
20450;1031.37988
20451;1035.37988
20452;1049.89819
20453;1092.89819
20454;1149.89819
20455;1087.89819
20456;1182.68274
20457;1156.68274
20458;1013.68268
20459;888.682678
20460;802.967834
20461;758.967834
20462;649.967834
20463;598.967834
20464;590.231384
20465;560.231384
20466;518.231384
20467;542.231384
20468;510.959991
20469;419.959991
20470;355.959991
20471;363.959991
20472;361.007904
20473;274.007904
20474;230.007904
20475;179.007904
20476;232.471619
20477;267.471619
20478;281.471619
20479;283.471619
20480;379.818573
20481;368.818573
20482;323.818573
20483;322.818573
20484;290.427063
20485;290.427063
20486;292.427063
20487;292.427063
20488;293.144958
20489;292.144958
20490;293.144958
20491;291.144958
20492;185.440414
20493;182.440414
20494;180.440414
20495;179.440414
20496;289.553467
20497;290.553467
20498;287.553467
20499;282.553467
20500;203.315933
20501;202.315933
20502;202.315933
20503;201.315933
20504;196.120117
20505;197.120117
20506;197.120117
20507;197.120117
20508;174.050171
20509;175.050171
20510;175.050171
20511;180.050171
20512;211.544357
20513;212.544357
20514;210.544357
20515;208.544357
20516;221.742172
20517;219.742172
20518;223.742172
20519;226.742172
20520;375.345001
20521;468.345001
20522;724.345032
20523;979.345032
20524;1105.93555
20525;1141.93555
20526;1117.93555
20527;1157.93555
20528;1188.68445
20529;1117.68445
20530;1095.68445
20531;1073.68445
20532;1037.10522
20533;956.105164
20534;935.105164
20535;959.105164
20536;1164.66565
20537;972.665527
20538;861.665527
20539;883.665527
20540;729.657715
20541;731.657715
20542;724.657715
20543;757.657715
20544;546.451294
20545;611.451294
20546;941.451294
20547;1103.45129
20548;1199.15857
20549;1169.15857
20550;1246.15857
20551;1231.15857
20552;1245.71118
20553;1264.71118
20554;1175.71118
20555;1190.71118
20556;1136.08826
20557;1059.08826
20558;978.088196
20559;1041.08826
20560;1027.58411
20561;822.584167
20562;668.584167
20563;658.584167
20564;630.750977
20565;628.750977
20566;631.750977
20567;627.750977
20568;678.705322
20569;740.705322
20570;1103.70532
20571;1220.70532
20572;1402.84741
20573;1365.84741
20574;1341.84741
20575;1302.84741
20576;1350.28113
20577;1389.28113
20578;1380.28113
20579;1379.28113
20580;1502.8302
20581;1489.8302
20582;1329.8302
20583;1354.8302
20584;1148.75122
20585;1008.75128
20586;880.751282
20587;851.751282
20588;785.550354
20589;776.550354
20590;769.550354
20591;756.550354
20592;878.335999
20593;911.335999
20594;1290.33594
20595;1352.33594
20596;1296.59729
20597;1297.59729
20598;1355.59729
20599;1273.59729
20600;1326.59363
20601;1402.59363
20602;1221.59363
20603;1219.59363
20604;1248.47302
20605;1175.47302
20606;1089.47302
20607;1108.47302
20608;1078.81787
20609;970.817932
20610;818.817932
20611;780.817932
20612;798.605408
20613;776.605408
20614;775.605408
20615;768.605408
20616;1021.78729
20617;1056.78723
20618;1297.78723
20619;1495.78723
20620;1375.29395
20621;1396.29395
20622;1305.29395
20623;1289.29395
20624;1163.33447
20625;1126.33447
20626;1088.33447
20627;1064.33447
20628;1070.74524
20629;1079.74524
20630;1066.74524
20631;1092.74524
20632;1007.40259
20633;845.402588
20634;804.402588
20635;803.402588
20636;868.30304
20637;818.30304
20638;819.30304
20639;788.30304
20640;530.755432
20641;421.755402
20642;601.755432
20643;709.755432
20644;624.457886
20645;619.457886
20646;615.457886
20647;573.457886
20648;507.749786
20649;460.749786
20650;252.749786
20651;206.749786
20652;162.585968
20653;164.585968
20654;165.585968
20655;167.585968
20656;176.432266
20657;174.432266
20658;171.432266
20659;168.432266
20660;160.959793
20661;159.959793
20662;155.959793
20663;155.959793
20664;195.996902
20665;195.996902
20666;195.996902
20667;188.996902
20668;333.238708
20669;334.238708
20670;333.238708
20671;332.238708
20672;345.911713
20673;345.911713
20674;344.911713
20675;344.911713
20676;271.517151
20677;272.517151
20678;273.517151
20679;279.517151
20680;238.429337
20681;238.429337
20682;238.429337
20683;241.429337
20684;166.61087
20685;165.61087
20686;164.61087
20687;172.61087
20688;299.264587
20689;411.264587
20690;788.264526
20691;990.264526
20692;979.632507
20693;1023.63251
20694;788.632507
20695;1010.63251
20696;1001.5191
20697;1103.51917
20698;1027.51917
20699;1044.51917
20700;997.790833
20701;966.790833
20702;972.790833
20703;1055.79089
20704;973.371582
20705;902.371582
20706;754.371582
20707;747.371582
20708;772.601685
20709;767.601685
20710;744.601685
20711;737.601685
20712;1051.08069
20713;1134.08069
20714;1486.08069
20715;1580.08069
20716;1368.96265
20717;1385.96265
20718;1437.96265
20719;1489.96265
20720;1437.97852
20721;1380.97852
20722;1277.97852
20723;1246.97852
20724;1327.71204
20725;1285.71204
20726;1242.71204
20727;1255.71204
20728;1280.74109
20729;1210.74109
20730;985.74115
20731;909.74115
20732;1132.33167
20733;1126.33167
20734;1108.33167
20735;1109.33167
20736;841.217712
20737;927.217712
20738;1263.21765
20739;1328.21765
20740;1281.78052
20741;1313.78052
20742;1283.78052
20743;1319.78052
20744;1342.94177
20745;1322.94177
20746;1198.94177
20747;1239.94177
20748;1222.69348
20749;1221.69348
20750;1152.69348
20751;1203.69348
20752;1135.03882
20753;936.038879
20754;836.038879
20755;726.038879
20756;629.658691
20757;624.658691
20758;608.658691
20759;605.658691
20760;637.553955
20761;724.553955
20762;1137.55396
20763;1168.55396
20764;1280.23511
20765;1271.23511
20766;1287.23511
20767;1278.23511
20768;1180.54382
20769;1240.54382
20770;1125.54382
20771;1203.54382
20772;1282.09473
20773;1260.09473
20774;1273.09473
20775;1251.09473
20776;1187.4696
20777;1003.46954
20778;917.469543
20779;838.469543
20780;710.638306
20781;702.638306
20782;726.638306
20783;735.638306
20784;804.326294
20785;873.326294
20786;1230.32629
20787;1299.32629
20788;1416.22595
20789;1423.22595
20790;1401.22595
20791;1398.22595
20792;1667.90601
20793;1737.90601
20794;1564.90601
20795;1581.90601
20796;1439.80298
20797;1414.80298
20798;1296.80298
20799;1254.80298
20800;1258.9967
20801;1153.9967
20802;1061.9967
20803;1028.9967
20804;772.615173
20805;784.615173
20806;765.615173
20807;708.615173
20808;560.533569
20809;581.533569
20810;779.533569
20811;759.533569
20812;798.937439
20813;753.937439
20814;733.937439
20815;826.937439
20816;1005.06512
20817;961.065125
20818;929.065125
20819;734.065125
20820;312.428284
20821;314.428284
20822;313.428284
20823;321.428284
20824;760.233887
20825;758.233887
20826;758.233887
20827;757.233887
20828;510.223816
20829;508.223816
20830;505.223816
20831;504.223816
20832;262.382019
20833;261.382019
20834;262.382019
20835;257.382019
20836;162.668533
20837;163.668533
20838;162.668533
20839;161.668533
20840;155.707809
20841;156.707809
20842;158.707809
20843;155.707809
20844;159.613663
20845;160.613663
20846;158.613663
20847;168.613663
20848;170.766312
20849;170.766312
20850;171.766312
20851;167.766312
20852;164.017426
20853;139.017426
20854;165.017426
20855;168.017426
20856;249.830292
20857;317.830292
20858;646.830322
20859;913.830322
20860;879.370178
20861;931.370178
20862;974.370178
20863;1041.37024
20864;1154.49329
20865;999.493286
20866;972.493286
20867;1118.49329
20868;1324.72485
20869;1321.72485
20870;1293.72485
20871;1388.72485
20872;1445.79053
20873;1282.79053
20874;1006.79053
20875;993.790527
20876;908.623352
20877;890.623352
20878;922.623352
20879;886.623352
20880;800.0849
20881;853.0849
20882;1396.08496
20883;1386.08496
20884;1313.68811
20885;1229.68811
20886;1347.68811
20887;1243.68811
20888;1430.74866
20889;1322.74866
20890;1234.74866
20891;1322.74866
20892;1298.18091
20893;1286.18091
20894;1202.18091
20895;1287.18091
20896;1097.41943
20897;827.419495
20898;675.419495
20899;671.419495
20900;772.792847
20901;778.792847
20902;776.792847
20903;774.792847
20904;1044.88086
20905;1108.88086
20906;1467.88086
20907;1659.88086
20908;1499.34924
20909;1445.34924
20910;1416.34924
20911;1439.34924
20912;1731.22534
20913;1657.22534
20914;1584.22534
20915;1689.22534
20916;1409.37
20917;1410.37
20918;1390.37
20919;1390.37
20920;1616.63379
20921;1406.63379
20922;1209.63379
20923;1202.63379
20924;1265.74927
20925;1253.74927
20926;1252.74927
20927;1252.74927
20928;966.831055
20929;1048.83118
20930;1421.83118
20931;1403.83118
20932;1172.52661
20933;1150.52661
20934;1200.52661
20935;1145.52661
20936;1175.06165
20937;1206.06165
20938;1120.06165
20939;1134.06165
20940;1138.36963
20941;1154.36963
20942;1116.36963
20943;1059.36963
20944;1031.71936
20945;876.719299
20946;747.719299
20947;705.719299
20948;680.543518
20949;671.543518
20950;664.543518
20951;663.543518
20952;754.552368
20953;824.552368
20954;1197.55249
20955;1298.55249
20956;1264.8573
20957;1234.8573
20958;1197.8573
20959;1195.8573
20960;1273.68994
20961;1232.68994
20962;1134.68994
20963;1042.68994
20964;1052.2395
20965;986.239563
20966;974.239563
20967;866.239563
20968;806.070618
20969;662.070618
20970;579.070618
20971;557.070618
20972;567.497803
20973;564.497803
20974;566.497803
20975;545.497803
20976;803.959961
20977;593.959961
20978;546.959961
20979;553.959961
20980;169.018494
20981;195.018494
20982;212.018494
20983;208.018494
20984;239.327652
20985;237.327652
20986;231.327652
20987;187.327652
20988;421.774109
20989;421.774109
20990;418.774109
20991;427.774109
20992;197.804245
20993;196.804245
20994;195.804245
20995;192.804245
20996;245.660934
20997;239.660934
20998;238.660934
20999;241.660934
21000;243.632797
21001;242.632797
21002;242.632797
21003;236.632797
21004;290.950287
21005;289.950287
21006;288.950287
21007;289.950287
21008;271.575531
21009;270.575531
21010;272.575531
21011;272.575531
21012;255.465576
21013;255.465576
21014;258.465576
21015;266.465576
21016;401.100952
21017;399.100952
21018;400.100952
21019;397.100952
21020;432.972992
21021;432.972992
21022;434.972992
21023;437.972992
21024;465.542755
21025;558.542725
21026;824.542725
21027;1047.54272
21028;882.044861
21029;924.044861
21030;907.044861
21031;884.044861
21032;922.89386
21033;892.89386
21034;930.89386
21035;981.89386
21036;1003.67236
21037;980.672363
21038;973.672363
21039;1030.67236
21040;888.101807
21041;731.101807
21042;542.101807
21043;579.101807
21044;574.385132
21045;511.385132
21046;522.385132
21047;521.385132
21048;632.276733
21049;718.276733
21050;1090.27686
21051;1172.27686
21052;1232.94263
21053;1247.94263
21054;1251.94263
21055;1259.94263
21056;1412.3396
21057;1385.3396
21058;1281.3396
21059;1324.3396
21060;1380.15906
21061;1341.15906
21062;1316.15906
21063;1339.15906
21064;1235.93555
21065;1015.93542
21066;830.935425
21067;742.935425
21068;738.930481
21069;735.930481
21070;742.930481
21071;741.930481
21072;980.501709
21073;1062.50171
21074;1437.50171
21075;1508.50171
21076;1652.03687
21077;1631.03687
21078;1686.03687
21079;1609.03687
21080;1676.82471
21081;1716.82471
21082;1622.82471
21083;1681.82471
21084;1328.3158
21085;1239.3158
21086;1311.3158
21087;1397.3158
21088;1282.7655
21089;1003.76556
21090;887.765564
21091;838.765564
21092;935.933289
21093;960.933289
21094;913.933289
21095;855.933289
21096;954.108459
21097;956.108459
21098;1374.10852
21099;1475.10852
21100;1564.4043
21101;1568.4043
21102;1537.4043
21103;1481.4043
21104;1616.36572
21105;1652.36572
21106;1557.36572
21107;1566.36572
21108;1602.98889
21109;1657.98889
21110;1653.98889
21111;1646.98889
21112;1675.84119
21113;1408.84119
21114;1241.84119
21115;1224.84119
21116;1287.70447
21117;1307.70447
21118;1278.70447
21119;1306.70447
21120;722.016052
21121;815.016052
21122;1182.01611
21123;1236.01611
21124;1254.75842
21125;1296.75842
21126;1248.75842
21127;1105.75842
21128;1110.85437
21129;1117.85437
21130;1052.85437
21131;1118.85437
21132;1156.2782
21133;1078.2782
21134;963.278198
21135;797.278198
21136;710.695618
21137;630.695618
21138;585.695618
21139;528.695618
21140;508.66568
21141;501.66568
21142;486.66568
21143;485.66568
21144;488.883179
21145;388.883179
21146;208.883179
21147;203.883179
21148;252.547272
21149;248.547272
21150;247.547272
21151;245.547272
21152;336.897949
21153;332.897949
21154;327.897949
21155;324.897949
21156;290.471375
21157;291.471375
21158;291.471375
21159;295.471375
21160;288.115631
21161;287.115631
21162;285.115631
21163;286.115631
21164;175.650757
21165;173.650757
21166;171.650757
21167;172.650757
21168;282.79361
21169;282.79361
21170;281.79361
21171;278.79361
21172;195.943741
21173;193.943741
21174;194.943741
21175;202.943741
21176;199.642395
21177;199.642395
21178;197.642395
21179;198.642395
21180;176.888626
21181;177.888626
21182;179.888626
21183;183.888626
21184;207.261002
21185;208.261002
21186;209.261002
21187;204.261002
21188;217.587967
21189;219.587967
21190;221.587967
21191;225.587967
21192;376.254883
21193;475.254883
21194;833.254883
21195;1047.255
21196;1168.13525
21197;1151.13525
21198;1155.13525
21199;1184.13525
21200;1313.89478
21201;1246.89478
21202;1315.89478
21203;1282.89478
21204;1215.04663
21205;1218.04663
21206;1131.04663
21207;845.04657
21208;1055.62439
21209;1059.62439
21210;1051.62439
21211;1049.62439
21212;879.560852
21213;872.560852
21214;916.560852
21215;1214.56091
21216;1293.21045
21217;1254.21045
21218;1323.21045
21219;1346.21045
21220;1251.04871
21221;1385.04871
21222;1235.04871
21223;1224.04871
21224;1171.72314
21225;1131.72314
21226;1031.72314
21227;922.723145
21228;1104.45764
21229;1061.45764
21230;958.457581
21231;718.457581
21232;678.248108
21233;675.248108
21234;669.248108
21235;655.248108
21236;663.458923
21237;668.458923
21238;674.458923
21239;881.458923
21240;1199.34888
21241;1353.34888
21242;1376.34888
21243;1349.34888
21244;1338.76123
21245;1382.76123
21246;1374.76123
21247;1335.76123
21248;1360.74609
21249;1458.74609
21250;1427.74609
21251;1357.74609
21252;1477.4989
21253;1462.4989
21254;1307.4989
21255;1108.4989
21256;776.544678
21257;761.544678
21258;764.544678
21259;773.544678
21260;718.812134
21261;715.812134
21262;736.812134
21263;985.812134
21264;1432.60522
21265;1550.60522
21266;1564.60522
21267;1515.60522
21268;1335.02698
21269;1389.02698
21270;1365.02698
21271;1311.02698
21272;1116.96643
21273;1142.96643
21274;1075.96643
21275;872.966431
21276;821.000977
21277;873.000977
21278;901.000977
21279;783.000977
21280;705.966248
21281;604.966248
21282;614.966248
21283;598.966248
21284;660.49054
21285;689.49054
21286;740.49054
21287;1057.4906
21288;1409.95117
21289;1492.95117
21290;1484.95117
21291;1431.95117
21292;1357.23804
21293;1338.23804
21294;1349.23804
21295;1329.23804
21296;1143.57727
21297;1134.57727
21298;1066.57727
21299;1069.57727
21300;882.389465
21301;752.389465
21302;683.389465
21303;627.389465
21304;686.076538
21305;679.076538
21306;677.076538
21307;692.076538
21308;797.570679
21309;735.570679
21310;685.570679
21311;552.570679
21312;349.71402
21313;340.71402
21314;339.71402
21315;338.71402
21316;221.309082
21317;223.309082
21318;217.309082
21319;215.309082
21320;210.426315
21321;176.426315
21322;156.426315
21323;158.426315
21324;164.174316
21325;162.174316
21326;162.174316
21327;162.174316
21328;165.773895
21329;164.773895
21330;163.773895
21331;160.773895
21332;153.004059
21333;155.004059
21334;156.004059
21335;157.004059
21336;196.826706
21337;192.826706
21338;188.826706
21339;187.826706
21340;332.886017
21341;332.886017
21342;334.886017
21343;335.886017
21344;348.464722
21345;350.464722
21346;350.464722
21347;352.464722
21348;285.994598
21349;282.994598
21350;283.994598
21351;285.994598
21352;241.319885
21353;239.319885
21354;239.319885
21355;238.319885
21356;165.569855
21357;165.569855
21358;177.569855
21359;367.569855
21360;844.554565
21361;913.554565
21362;1004.55457
21363;1047.55469
21364;1029.93066
21365;1136.93066
21366;1175.93066
21367;1181.93066
21368;1141.60828
21369;1147.60828
21370;1130.60828
21371;1102.60828
21372;1220.28662
21373;1192.28662
21374;1103.28662
21375;795.286621
21376;733.267029
21377;737.267029
21378;725.267029
21379;720.267029
21380;765.717896
21381;754.717896
21382;814.717896
21383;1111.7179
21384;1591.96582
21385;1603.96582
21386;1531.96582
21387;1666.96582
21388;1331.80005
21389;1403.80005
21390;1508.80005
21391;1479.80005
21392;1330.27393
21393;1293.27393
21394;1298.27393
21395;1282.27393
21396;1244.50708
21397;1184.50708
21398;1069.50708
21399;836.50708
21400;860.503113
21401;847.503113
21402;854.503113
21403;808.503113
21404;1116.96692
21405;1114.96692
21406;1131.96692
21407;1319.96692
21408;1302.89868
21409;1373.89868
21410;1427.89868
21411;1435.89868
21412;1212.36255
21413;1268.36255
21414;1251.36255
21415;1263.36255
21416;1248.60767
21417;1206.60767
21418;1243.60767
21419;1197.60767
21420;1262.40918
21421;1217.40918
21422;1080.40918
21423;711.40918
21424;687.639893
21425;674.639893
21426;674.639893
21427;667.639893
21428;650.062622
21429;652.062622
21430;693.062622
21431;979.062622
21432;1167.88147
21433;1227.88147
21434;1281.88147
21435;1340.88147
21436;1310.62402
21437;1356.62402
21438;1353.62402
21439;1340.62402
21440;1338.84607
21441;1241.84607
21442;1247.84607
21443;1162.84607
21444;1214.96594
21445;1230.96594
21446;1075.96594
21447;919.966064
21448;827.891296
21449;790.891296
21450;789.891296
21451;796.891296
21452;677.042725
21453;677.042725
21454;723.042725
21455;1014.04272
21456;1180.03735
21457;1251.03735
21458;1211.03735
21459;1220.03735
21460;1276.84839
21461;1346.84839
21462;1342.84839
21463;1256.84839
21464;1594.43213
21465;1544.43213
21466;1527.43213
21467;1440.43213
21468;1273.86609
21469;1103.86609
21470;1025.86609
21471;789.86615
21472;841.379089
21473;950.379089
21474;942.379089
21475;943.379089
21476;687.936707
21477;675.936707
21478;678.936707
21479;727.936707
21480;715.886658
21481;726.886658
21482;644.886658
21483;503.886627
21484;556.759644
21485;520.759644
21486;483.759674
21487;476.759674
21488;691.858948
21489;686.858948
21490;686.858948
21491;657.858948
21492;366.862762
21493;365.862762
21494;363.862762
21495;364.862762
21496;805.560913
21497;803.560913
21498;799.560913
21499;796.560913
21500;551.48822
21501;551.48822
21502;552.48822
21503;556.48822
21504;313.950592
21505;306.950592
21506;303.950592
21507;302.950592
21508;209.720352
21509;210.720352
21510;212.720352
21511;211.720352
21512;204.808548
21513;202.808548
21514;202.808548
21515;204.808548
21516;211.656799
21517;212.656799
21518;210.656799
21519;208.656799
21520;212.792969
21521;211.792969
21522;212.792969
21523;210.792969
21524;208.089172
21525;209.089172
21526;210.089172
21527;224.089172
21528;333.960327
21529;321.960327
21530;319.960327
21531;319.960327
21532;340.278931
21533;343.278931
21534;349.278931
21535;347.278931
21536;320.816376
21537;318.816376
21538;307.816376
21539;306.816376
21540;421.198669
21541;421.198669
21542;418.198669
21543;417.198669
21544;551.712708
21545;547.712708
21546;547.712708
21547;545.712708
21548;471.024139
21549;471.024139
21550;473.024139
21551;491.024139
21552;652.530518
21553;946.530518
21554;1012.53052
21555;936.530518
21556;915.514099
21557;838.514099
21558;967.514099
21559;977.514099
21560;1028.32434
21561;1051.32434
21562;1021.32416
21563;1009.32416
21564;968.599243
21565;972.599243
21566;1025.59912
21567;945.599243
21568;808.432312
21569;716.432312
21570;710.432312
21571;686.432312
21572;830.944885
21573;836.944885
21574;820.944885
21575;829.944885
21576;1344.40259
21577;1504.40259
21578;1581.40259
21579;1541.40259
21580;1387.84497
21581;1267.84497
21582;1406.84497
21583;1420.84497
21584;1532.19482
21585;1508.19482
21586;1500.19482
21587;1506.19482
21588;1207.24451
21589;1255.24451
21590;1140.24451
21591;1093.24451
21592;1297.46753
21593;1209.46753
21594;1198.46753
21595;1228.46753
21596;1296.29431
21597;1296.29431
21598;1308.29431
21599;1344.29431
21600;1317.09668
21601;1441.09668
21602;1492.09668
21603;1510.09668
21604;1269.69983
21605;1199.69983
21606;1268.69983
21607;1292.69983
21608;1243.47668
21609;1296.47668
21610;1251.47668
21611;1202.47668
21612;1102.93787
21613;1190.93787
21614;1155.93787
21615;1088.93787
21616;927.428406
21617;753.428406
21618;689.428406
21619;689.428406
21620;696.376648
21621;716.376648
21622;699.376648
21623;733.376648
21624;1167.33472
21625;1360.33472
21626;1414.33472
21627;1392.33472
21628;1416.14978
21629;1321.14978
21630;1422.14978
21631;1381.14978
21632;1340.55432
21633;1217.55432
21634;1145.55432
21635;1141.55432
21636;982.414856
21637;1039.41492
21638;832.414856
21639;744.414856
21640;692.995544
21641;655.995544
21642;606.995544
21643;588.995544
21644;651.777039
21645;515.777039
21646;348.7771
21647;336.7771
21648;574.060791
21649;553.060791
21650;548.060791
21651;546.060791
21652;170.336945
21653;170.336945
21654;169.336945
21655;168.336945
21656;202.314941
21657;201.314941
21658;203.314941
21659;210.314941
21660;450.724701
21661;446.724701
21662;444.724701
21663;446.724701
21664;216.346512
21665;214.346512
21666;212.346512
21667;213.346512
21668;255.231674
21669;254.231674
21670;255.231674
21671;255.231674
21672;260.463165
21673;258.463165
21674;253.463135
21675;253.463135
21676;309.335175
21677;309.335175
21678;309.335175
21679;312.335175
21680;293.172058
21681;290.172058
21682;290.172058
21683;301.172058
21684;284.434967
21685;281.434967
21686;277.434967
21687;279.434967
21688;412.115173
21689;409.115173
21690;411.115173
21691;409.115173
21692;444.999603
21693;452.999603
21694;451.999603
21695;470.999603
21696;763.340881
21697;1142.34094
21698;1221.34094
21699;1369.34094
21700;942.172668
21701;884.172668
21702;979.172668
21703;1058.17273
21704;900.795471
21705;847.795471
21706;885.795471
21707;892.795471
21708;832.411987
21709;981.411987
21710;1034.41199
21711;891.411987
21712;720.879395
21713;597.879395
21714;586.879395
21715;638.879395
21716;524.158997
21717;483.159027
21718;470.159027
21719;553.158997
21720;858.223206
21721;1071.22327
21722;1216.22327
21723;1158.22327
21724;1298.05347
21725;1215.05347
21726;1278.05347
21727;1276.05347
21728;1199.65259
21729;1198.65259
21730;1190.65259
21731;1214.65259
21732;1159.68347
21733;1235.68347
21734;1133.68347
21735;1057.68347
21736;786.046692
21737;704.046692
21738;693.046692
21739;705.046692
21740;690.024841
21741;688.024841
21742;693.024841
21743;729.024841
21744;1165.87109
21745;1399.87109
21746;1468.87109
21747;1517.87109
21748;1609.66602
21749;1582.66602
21750;1667.66602
21751;1560.66602
21752;1391.29883
21753;1296.29883
21754;1316.29883
21755;1361.29883
21756;1084.74341
21757;1169.74341
21758;1175.74341
21759;1027.74341
21760;800.302246
21761;717.302246
21762;733.302246
21763;721.302246
21764;877.126709
21765;860.126709
21766;876.126709
21767;912.126709
21768;1301.10596
21769;1506.10596
21770;1582.10596
21771;1509.10596
21772;1508.82996
21773;1452.82996
21774;1528.82996
21775;1560.82996
21776;1525.65771
21777;1438.65771
21778;1424.65771
21779;1454.65771
21780;1461.18127
21781;1530.18127
21782;1502.18127
21783;1378.18127
21784;1259.854
21785;1221.854
21786;1202.854
21787;1198.854
21788;1251.7981
21789;1231.7981
21790;1204.7981
21791;1256.7981
21792;1016.04034
21793;1227.04041
21794;1235.04041
21795;1282.04041
21796;1236.66992
21797;1149.66992
21798;1149.66992
21799;1142.66992
21800;1097.56482
21801;1140.56482
21802;1090.56482
21803;1097.56482
21804;970.927185
21805;902.927185
21806;884.927185
21807;698.927185
21808;590.332092
21809;574.332092
21810;559.332092
21811;514.332092
21812;492.095764
21813;473.095764
21814;392.095764
21815;296.095764
21816;247.096054
21817;207.096054
21818;210.096054
21819;259.096069
21820;312.796021
21821;315.796021
21822;315.796021
21823;281.796021
21824;352.544647
21825;346.544647
21826;337.544647
21827;335.544647
21828;308.8013
21829;306.8013
21830;302.8013
21831;303.8013
21832;301.125702
21833;298.125702
21834;295.125702
21835;293.125702
21836;181.80629
21837;183.80629
21838;181.80629
21839;185.80629
21840;295.50647
21841;291.50647
21842;286.50647
21843;284.50647
21844;207.616211
21845;206.616211
21846;206.616211
21847;207.616211
21848;201.503387
21849;200.503387
21850;200.503387
21851;208.503387
21852;189.354218
21853;188.354218
21854;187.354218
21855;185.354218
21856;217.259384
21857;212.259384
21858;211.259384
21859;212.259384
21860;224.295044
21861;229.295044
21862;229.295044
21863;249.295044
21864;594.180847
21865;917.180847
21866;1034.18079
21867;1030.18079
21868;1114.44666
21869;1083.44666
21870;1149.44666
21871;1177.44666
21872;1221.49194
21873;1125.49194
21874;1167.49194
21875;1277.49194
21876;1130.12561
21877;1213.12561
21878;1188.12561
21879;1077.12561
21880;1110.77771
21881;1067.77771
21882;1058.77771
21883;1050.77771
21884;909.678589
21885;899.678589
21886;910.678589
21887;939.678589
21888;1008.32764
21889;1244.32764
21890;1302.32764
21891;1285.32764
21892;1360.97583
21893;1230.97583
21894;1295.97583
21895;1316.97583
21896;1232.44531
21897;1289.44531
21898;1245.44531
21899;1205.44531
21900;1099.7406
21901;1078.7406
21902;1122.7406
21903;1055.7406
21904;815.13855
21905;686.13855
21906;651.13855
21907;644.13855
21908;645.257935
21909;612.257935
21910;629.257935
21911;670.257935
21912;1022.02124
21913;1166.02124
21914;1223.02124
21915;1297.02124
21916;1324.21558
21917;1267.21558
21918;1309.21558
21919;1366.21558
21920;1368.24658
21921;1430.24658
21922;1353.24658
21923;1352.24658
21924;1407.63806
21925;1354.63806
21926;1432.63806
21927;1368.63806
21928;1053.19946
21929;854.199402
21930;828.199402
21931;818.199402
21932;766.687683
21933;775.687683
21934;768.687683
21935;821.687683
21936;1230.48242
21937;1390.48242
21938;1421.48242
21939;1414.48242
21940;1178.50903
21941;1118.50903
21942;1169.50903
21943;1233.50903
21944;1200.47119
21945;1225.47119
21946;1149.47119
21947;1122.47119
21948;1023.32581
21949;1194.32568
21950;1210.32568
21951;1062.32568
21952;892.189697
21953;780.189697
21954;742.189697
21955;702.189697
21956;638.701355
21957;665.701355
21958;677.701355
21959;709.701355
21960;1201.11975
21961;1463.11975
21962;1514.11975
21963;1546.11975
21964;1519.93396
21965;1465.93396
21966;1484.93396
21967;1407.93396
21968;1326.53125
21969;1348.53125
21970;1396.53125
21971;1369.53125
21972;1247.92651
21973;1262.92651
21974;1091.92651
21975;1011.92645
21976;880.481445
21977;802.481445
21978;793.481445
21979;759.481445
21980;821.047974
21981;770.047974
21982;649.047974
21983;571.047974
21984;346.134186
21985;309.134186
21986;285.134186
21987;306.134186
21988;175.83905
21989;174.83905
21990;171.83905
21991;167.83905
21992;168.113586
21993;166.113586
21994;163.113586
21995;164.113586
21996;165.882156
21997;164.882156
21998;169.882156
21999;171.882156
22000;170.455399
22001;170.455399
22002;186.455399
22003;241.455399
22004;165.700378
22005;159.700378
22006;159.700378
22007;158.700378
22008;200.344208
22009;207.344208
22010;212.344208
22011;211.344208
22012;355.980682
22013;354.980682
22014;351.980682
22015;347.980682
22016;364.162415
22017;364.162415
22018;367.162415
22019;369.162415
22020;299.071259
22021;346.071259
22022;492.071259
22023;527.071228
22024;498.217133
22025;567.217163
22026;801.217163
22027;836.217163
22028;794.8479
22029;876.8479
22030;885.8479
22031;774.8479
22032;950.264771
22033;911.264771
22034;872.264771
22035;886.264771
22036;910.365051
22037;929.365051
22038;852.365051
22039;838.365051
22040;825.729614
22041;842.729614
22042;770.729614
22043;756.729614
22044;732.233521
22045;803.233521
22046;1028.23364
22047;1136.23352
22048;1264.2179
22049;1265.2179
22050;1318.2179
22051;1246.2179
22052;1284.86523
22053;1324.86523
22054;1274.86523
22055;1224.86523
22056;1479.26489
22057;1505.26489
22058;1448.26489
22059;1482.26489
22060;1269.74768
22061;1155.74768
22062;1048.74768
22063;1015.74768
22064;856.908997
22065;850.908997
22066;808.908997
22067;688.908997
22068;851.012756
22069;901.012756
22070;1141.0127
22071;1200.0127
22072;1285.87659
22073;1313.87659
22074;1320.87659
22075;1267.87659
22076;1679.33521
22077;1683.33521
22078;1622.33521
22079;1570.33521
22080;1201.21631
22081;1296.21631
22082;1238.21631
22083;1299.21631
22084;1117.65381
22085;977.653809
22086;771.653809
22087;758.653809
22088;713.908997
22089;755.908997
22090;731.908997
22091;765.908997
22092;753.777161
22093;763.777161
22094;990.777161
22095;1060.7771
22096;1164.9342
22097;1141.9342
22098;1191.9342
22099;1151.9342
22100;1289.37976
22101;1182.37976
22102;1176.37976
22103;1155.37976
22104;1165.17822
22105;1195.17822
22106;1116.17822
22107;1149.17822
22108;1196.07654
22109;1052.07654
22110;924.076416
22111;896.076416
22112;906.616333
22113;904.616333
22114;839.616333
22115;832.616333
22116;891.075378
22117;949.075378
22118;1241.07532
22119;1325.07532
22120;1287.7113
22121;1310.7113
22122;1299.7113
22123;1243.7113
22124;1170.82983
22125;1061.82983
22126;987.829895
22127;987.829895
22128;1015.22021
22129;1005.22028
22130;862.220276
22131;808.220276
22132;840.603149
22133;826.603149
22134;837.603149
22135;794.603149
22136;1061.52734
22137;1060.52734
22138;979.527283
22139;897.527283
22140;553.043518
22141;509.043518
22142;480.043518
22143;453.043518
22144;580.209167
22145;564.209167
22146;563.209167
22147;569.209167
22148;404.396027
22149;410.396027
22150;405.396027
22151;408.396027
22152;341.695892
22153;342.695892
22154;338.695892
22155;339.695892
22156;414.68689
22157;414.68689
22158;412.68689
22159;410.68689
22160;627.026733
22161;628.026733
22162;628.026733
22163;626.026733
22164;357.992676
22165;355.992676
22166;355.992676
22167;355.992676
22168;789.701904
22169;789.701904
22170;789.701904
22171;789.701904
22172;546.827881
22173;543.827881
22174;543.827881
22175;543.827881
22176;304.405212
22177;309.405212
22178;314.405212
22179;312.405212
22180;218.929977
22181;216.929977
22182;217.929977
22183;216.929977
22184;207.828629
22185;208.828629
22186;215.828629
22187;213.828629
22188;216.759171
22189;236.759171
22190;325.759186
22191;281.759186
22192;460.798889
22193;695.798889
22194;845.798889
22195;731.798889
22196;688.107666
22197;479.107666
22198;469.107666
22199;616.107666
22200;937.926575
22201;917.926575
22202;914.926575
22203;933.926575
22204;936.427368
22205;699.427368
22206;631.427368
22207;660.427368
22208;642.482788
22209;611.482788
22210;551.482788
22211;590.482788
22212;712.058289
22213;786.058289
22214;1084.05835
22215;1185.05835
22216;1395.87988
22217;1463.87988
22218;1491.87988
22219;1428.87988
22220;1350.82483
22221;1409.82483
22222;1329.82483
22223;1379.82483
22224;1287.60815
22225;1307.60815
22226;1265.60815
22227;1194.60815
22228;1043.42346
22229;922.42334
22230;842.42334
22231;764.42334
22232;829.886536
22233;786.886536
22234;764.886536
22235;792.886536
22236;787.69812
22237;862.69812
22238;1097.69812
22239;1121.69812
22240;1203.03528
22241;1191.03528
22242;1186.03528
22243;1024.03528
22244;1228.79675
22245;1308.79675
22246;1310.79675
22247;1286.79675
22248;1576.50415
22249;1500.50415
22250;1424.50415
22251;1457.50415
22252;1269.84045
22253;1147.84045
22254;972.840454
22255;956.840454
22256;1125.18506
22257;1116.18506
22258;1081.18506
22259;1035.18506
22260;864.949951
22261;927.949951
22262;1212.94995
22263;1287.94995
22264;1638.23145
22265;1666.23145
22266;1700.23145
22267;1656.23145
22268;1803.92542
22269;1769.92542
22270;1710.92542
22271;1662.92542
22272;1277.57043
22273;1323.57043
22274;1313.57043
22275;1198.57043
22276;877.181091
22277;841.181091
22278;726.181091
22279;713.181091
22280;694.829834
22281;733.829834
22282;708.829834
22283;725.829834
22284;694.196472
22285;742.196472
22286;1063.19641
22287;1255.19641
22288;1317.75684
22289;1256.75684
22290;1224.75684
22291;1151.75684
22292;1151.73206
22293;1148.73206
22294;1087.73206
22295;1026.73206
22296;1051.75476
22297;1135.75476
22298;967.754761
22299;907.754761
22300;886.751404
22301;852.751404
22302;736.751404
22303;750.751404
22304;761.923889
22305;762.923889
22306;715.923889
22307;703.923889
22308;573.522888
22309;544.522888
22310;505.522858
22311;506.522858
22312;483.668732
22313;494.668732
22314;540.668701
22315;490.668732
22316;573.96167
22317;498.96167
22318;377.96167
22319;337.96167
22320;570.49707
22321;568.49707
22322;569.49707
22323;565.49707
22324;187.971069
22325;187.971069
22326;186.971069
22327;183.971069
22328;218.400574
22329;215.400574
22330;209.400574
22331;207.400574
22332;441.557495
22333;442.557495
22334;442.557495
22335;443.557495
22336;203.469742
22337;203.469742
22338;202.469742
22339;203.469742
22340;250.740906
22341;250.740906
22342;248.740906
22343;248.740906
22344;252.684708
22345;257.684723
22346;258.684723
22347;259.684723
22348;317.922821
22349;316.922821
22350;314.922821
22351;314.922821
22352;299.320251
22353;301.320251
22354;273.320251
22355;305.320251
22356;290.223511
22357;359.223511
22358;522.22345
22359;809.22345
22360;1036.89478
22361;1082.89478
22362;1211.89478
22363;1173.89478
22364;1323.71692
22365;1266.71692
22366;1165.71692
22367;1178.71692
22368;1182.0321
22369;1161.0321
22370;1222.0321
22371;1304.0321
22372;985.920227
22373;930.920227
22374;886.920227
22375;923.920227
22376;909.709717
22377;870.709717
22378;752.709717
22379;732.709717
22380;720.401428
22381;821.401428
22382;1133.40149
22383;1285.40149
22384;1326.84937
22385;1320.84937
22386;1348.84937
22387;1223.84937
22388;1302.19104
22389;1303.19104
22390;1223.19104
22391;1229.19104
22392;1218.34326
22393;1110.34326
22394;1095.34326
22395;1110.34326
22396;1077.77124
22397;989.771301
22398;829.771301
22399;804.771301
22400;881.628113
22401;842.628113
22402;768.628113
22403;788.628113
22404;803.593689
22405;852.593689
22406;1198.59375
22407;1294.59375
22408;1235.47876
22409;1343.47876
22410;1401.47876
22411;1304.47876
22412;1392.39392
22413;1386.39392
22414;1281.39392
22415;1162.39392
22416;1372.0553
22417;1372.0553
22418;1348.0553
22419;1339.0553
22420;1422.01892
22421;1303.01892
22422;1255.01892
22423;1195.01892
22424;1106.36877
22425;1067.36877
22426;1035.36877
22427;1059.36877
22428;817.779419
22429;846.779419
22430;1007.77942
22431;1201.77954
22432;1357.50024
22433;1407.50024
22434;1406.50024
22435;1302.50024
22436;1513.99719
22437;1464.99719
22438;1416.99719
22439;1356.99719
22440;1393.48779
22441;1352.48779
22442;1336.48779
22443;1425.48779
22444;1346.76196
22445;1284.76196
22446;1172.76196
22447;1107.76196
22448;1108.61682
22449;1098.61682
22450;1056.61682
22451;1069.61682
22452;1163.65515
22453;1174.65515
22454;1374.65515
22455;1425.65515
22456;1531.3197
22457;1436.3197
22458;1396.3197
22459;1390.3197
22460;1441.14563
22461;1437.14563
22462;1361.14563
22463;1364.14563
22464;881.336426
22465;868.336426
22466;771.336426
22467;810.336426
22468;663.900208
22469;528.900208
22470;425.900177
22471;431.900177
22472;429.717194
22473;367.717194
22474;339.717194
22475;359.717194
22476;366.047821
22477;301.047821
22478;266.047821
22479;269.047821
22480;259.345734
22481;337.345734
22482;363.345734
22483;362.345734
22484;362.022125
22485;354.022125
22486;285.022125
22487;254.02211
22488;216.954651
22489;214.954651
22490;215.954651
22491;212.954651
22492;270.932434
22493;272.932434
22494;269.932434
22495;269.932434
22496;360.123352
22497;362.123352
22498;361.123352
22499;359.123352
22500;329.656769
22501;335.656769
22502;333.656769
22503;334.656769
22504;326.936432
22505;319.936432
22506;319.936432
22507;320.936432
22508;209.929474
22509;208.929474
22510;211.929474
22511;208.929474
22512;322.449738
22513;325.449738
22514;325.449738
22515;328.449738
22516;245.049179
22517;248.049179
22518;245.049179
22519;245.049179
22520;242.372757
22521;243.372757
22522;246.372757
22523;248.372757
22524;225.991592
22525;226.991592
22526;355.991608
22527;519.991577
22528;793.093262
22529;830.093262
22530;920.093262
22531;797.093262
22532;821.77179
22533;841.77179
22534;738.77179
22535;781.77179
22536;959.223022
22537;1001.22302
22538;962.223022
22539;988.223022
22540;1031.97705
22541;904.976929
22542;757.976929
22543;721.976929
22544;718.56311
22545;704.56311
22546;649.56311
22547;708.56311
22548;564.829895
22549;573.829895
22550;722.829895
22551;995.829895
22552;1329.35583
22553;1364.35583
22554;1355.35583
22555;1289.35583
22556;1138.2511
22557;1130.2511
22558;1077.2511
22559;1127.2511
22560;866.024902
22561;836.024902
22562;768.024902
22563;787.024902
22564;816.837158
22565;689.837158
22566;497.837189
22567;454.837189
22568;456.38858
22569;442.38858
22570;391.38858
22571;414.38858
22572;404.763428
22573;398.763428
22574;660.763428
22575;865.763428
22576;916.184998
22577;976.184998
22578;998.184998
22579;886.184998
22580;987.241394
22581;981.241394
22582;923.241394
22583;919.241394
22584;905.064697
22585;968.064697
22586;896.064697
22587;928.064697
22588;917.387512
22589;720.387512
22590;510.387512
22591;493.387512
22592;507.370911
22593;503.370911
22594;485.370911
22595;471.370911
22596;641.328918
22597;684.328918
22598;843.328918
22599;1040.3291
22600;970.940247
22601;1018.94025
22602;792.940247
22603;752.940247
22604;896.686523
22605;475.686584
22606;717.686523
22607;517.686523
22608;584.386963
22609;577.386963
22610;692.386963
22611;618.386963
22612;586.517578
22613;598.517578
22614;398.517609
22615;370.517609
22616;345.896423
22617;340.896423
22618;340.896423
22619;288.896423
22620;336.626282
22621;409.626282
22622;593.626282
22623;797.626282
22624;674.095947
22625;910.095947
22626;692.095947
22627;558.095947
22628;564.934204
22629;376.934265
22630;450.934265
22631;398.934265
22632;636.870544
22633;767.870544
22634;876.870544
22635;774.870544
22636;696.920593
22637;594.920593
22638;640.920593
22639;625.920593
22640;526.656067
22641;459.656067
22642;391.656067
22643;463.656067
22644;460.922241
22645;342.922241
22646;366.922241
22647;298.922241
22648;406.434723
22649;444.434723
22650;465.434723
22651;459.434723
22652;564.057007
22653;543.057007
22654;510.057037
22655;505.057037
22656;308.41983
22657;311.41983
22658;306.41983
22659;298.41983
22660;179.244385
22661;181.244385
22662;174.244385
22663;174.244385
22664;176.511856
22665;175.511856
22666;174.511856
22667;174.511856
22668;149.284042
22669;174.284042
22670;176.284042
22671;175.284042
22672;172.988235
22673;174.988235
22674;148.988235
22675;178.988235
22676;176.323059
22677;176.323059
22678;176.323059
22679;178.323059
22680;219.326111
22681;223.326111
22682;214.326111
22683;216.326111
22684;360.886841
22685;358.886841
22686;355.886841
22687;355.886841
22688;367.577118
22689;368.577118
22690;367.577118
22691;367.577118
22692;299.899445
22693;393.899445
22694;596.899475
22695;662.899475
22696;635.61084
22697;670.61084
22698;680.61084
22699;632.61084
22700;592.82959
22701;555.82959
22702;559.82959
22703;529.82959
22704;625.21521
22705;606.21521
22706;581.21521
22707;600.21521
22708;574.910583
22709;507.910614
22710;419.910614
22711;374.910614
22712;353.640778
22713;308.640778
22714;348.640778
22715;343.640778
22716;309.459869
22717;360.459869
22718;571.459839
22719;611.459839
22720;482.968536
22721;619.968506
22722;490.968536
22723;562.968506
22724;601.12207
22725;588.12207
22726;576.12207
22727;573.12207
22728;870.582336
22729;852.582336
22730;825.582336
22731;858.582336
22732;613.819458
22733;590.819458
22734;446.819427
22735;418.819427
22736;300.07547
22737;341.07547
22738;297.07547
22739;335.07547
22740;338.822754
22741;364.822754
22742;480.822754
22743;504.822754
22744;695.808472
22745;691.808472
22746;678.808472
22747;428.808502
22748;862.321167
22749;975.321167
22750;875.321167
22751;950.321167
22752;669.201355
22753;639.201355
22754;618.201355
22755;535.201355
22756;346.600891
22757;416.600891
22758;357.600891
22759;320.600891
22760;244.706299
22761;246.706299
22762;239.706299
22763;155.706299
22764;194.442551
22765;281.442566
22766;330.442566
22767;441.442566
22768;427.490601
22769;424.490601
22770;398.490601
22771;377.490601
22772;357.915283
22773;357.915283
22774;313.915283
22775;389.915283
22776;401.68988
22777;394.68988
22778;366.68988
22779;427.68988
22780;498.210144
22781;424.210144
22782;350.210144
22783;300.210144
22784;302.374542
22785;255.374542
22786;254.374542
22787;225.374527
22788;320.315765
22789;322.315765
22790;291.315765
22791;322.315765
22792;282.099609
22793;309.099609
22794;283.099609
22795;282.099609
22796;200.77803
22797;173.77803
22798;197.77803
22799;194.77803
22800;279.59967
22801;254.59967
22802;279.59967
22803;252.59967
22804;353.339386
22805;326.339386
22806;353.339386
22807;326.339386
22808;620.142334
22809;593.142334
22810;616.142334
22811;616.142334
22812;434.216949
22813;439.216949
22814;437.216949
22815;436.216949
22816;573.727661
22817;573.727661
22818;544.727661
22819;545.727661
22820;358.431183
22821;358.431183
22822;330.431183
22823;358.431183
22824;293.171082
22825;296.171082
22826;298.171082
22827;298.171082
22828;286.808533
22829;371.808533
22830;370.808533
22831;371.808533
22832;588.998291
22833;587.998291
22834;502.998291
22835;588.998291
22836;320.583801
22837;319.583801
22838;291.583801
22839;288.583801
22840;754.160889
22841;726.160889
22842;754.160889
22843;752.160889
22844;480.951416
22845;507.951416
22846;479.951416
22847;509.951416
22848;244.132858
22849;271.132874
22850;270.132874
22851;269.132874
22852;177.513565
22853;176.513565
22854;175.513565
22855;176.513565
22856;168.335495
22857;140.335495
22858;167.335495
22859;169.335495
22860;222.14061
22861;230.14061
22862;306.140625
22863;408.140625
22864;327.159546
22865;325.159546
22866;305.159546
22867;414.159546
22868;413.348267
22869;323.348267
22870;390.348267
22871;380.348267
22872;467.115112
22873;431.115112
22874;459.115112
22875;452.115112
22876;434.09491
22877;367.09491
22878;365.09491
22879;361.09491
22880;332.417603
22881;329.417603
22882;329.417603
22883;332.417603
22884;463.271088
22885;475.271088
22886;589.271118
22887;606.271118
22888;775.071411
22889;776.071411
22890;716.071411
22891;694.071411
22892;475.30481
22893;645.30481
22894;572.30481
22895;641.30481
22896;535.227112
22897;500.227173
22898;528.227112
22899;516.227112
22900;324.256622
22901;255.256622
22902;249.256607
22903;235.256607
22904;276.944794
22905;276.944794
22906;277.944794
22907;280.944794
22908;302.27948
22909;390.27948
22910;433.27948
22911;452.27948
22912;411.104767
22913;411.104767
22914;386.104767
22915;406.104767
22916;532.800293
22917;523.800293
22918;520.800293
22919;507.800262
22920;767.769897
22921;743.769897
22922;761.769897
22923;758.769897
22924;489.76416
22925;431.76416
22926;374.76416
22927;410.76416
22928;628.573425
22929;585.573425
22930;626.573425
22931;585.573425
22932;451.2453
22933;515.2453
22934;482.2453
22935;490.2453
22936;831.550049
22937;832.550049
22938;659.550049
22939;905.550049
22940;909.445618
22941;868.445618
22942;835.445618
22943;876.445618
22944;588.09967
22945;577.09967
22946;573.09967
22947;567.09967
22948;231.554794
22949;217.554794
22950;186.554794
22951;185.554794
22952;120.151993
22953;175.151993
22954;175.151993
22955;176.151993
22956;181.630875
22957;179.630875
22958;148.630875
22959;175.630875
22960;148.204956
22961;176.204956
22962;179.204956
22963;175.204956
22964;145.087982
22965;145.087982
22966;174.087982
22967;172.087982
22968;264.015839
22969;234.015854
22970;235.015854
22971;265.015839
22972;267.658936
22973;266.658936
22974;269.658936
22975;266.658936
22976;278.756775
22977;276.756775
22978;275.756775
22979;276.756775
22980;232.894135
22981;233.894135
22982;234.894135
22983;230.894135
22984;211.880722
22985;209.880722
22986;210.880722
22987;210.880722
22988;269.85849
22989;269.85849
22990;270.85849
22991;271.85849
22992;553.21875
22993;555.21875
22994;554.21875
22995;555.21875
22996;174.567093
22997;177.567093
22998;172.567093
22999;174.567093
23000;210.350082
23001;210.350082
23002;210.350082
23003;213.350082
23004;448.55957
23005;450.55957
23006;450.55957
23007;442.55957
23008;210.091339
23009;208.091339
23010;182.091339
23011;208.091339
23012;225.320312
23013;226.320312
23014;252.320312
23015;252.320312
23016;260.971405
23017;263.971405
23018;263.971405
23019;264.971405
23020;320.580475
23021;320.580475
23022;320.580475
23023;318.580475
23024;298.171417
23025;296.171417
23026;297.171417
23027;298.171417
23028;325.719513
23029;401.719513
23030;466.719513
23031;504.719513
23032;641.683838
23033;642.683838
23034;531.683838
23035;539.683838
23036;662.611267
23037;495.611237
23038;338.611237
23039;628.611267
23040;615.820374
23041;522.820374
23042;611.820374
23043;417.820435
23044;310.601898
23045;248.601929
23046;288.601898
23047;283.601898
23048;218.444366
23049;256.444366
23050;257.444366
23051;259.444366
23052;248.255875
23053;337.255859
23054;398.255859
23055;411.255859
23056;307.745697
23057;391.745697
23058;299.745697
23059;300.745697
23060;404.132965
23061;398.132965
23062;145.132965
23063;214.132965
23064;285.340332
23065;318.340332
23066;281.340332
23067;349.340332
23068;269.402252
23069;339.402252
23070;234.402222
23071;237.402222
23072;308.910706
23073;306.910706
23074;305.910706
23075;304.910706
23076;320.587433
23077;342.587433
23078;391.587433
23079;410.587433
23080;436.381805
23081;266.381805
23082;344.381805
23083;354.381805
23084;271.271637
23085;264.271637
23086;341.271637
23087;409.271637
23088;551.063477
23089;592.063477
23090;605.063477
23091;598.063477
23092;600.976379
23093;660.976379
23094;515.976379
23095;513.976379
23096;433.244965
23097;486.244965
23098;485.244965
23099;462.244965
23100;259.487366
23101;259.487366
23102;220.487366
23103;253.487366
23104;234.472488
23105;134.472488
23106;202.472488
23107;202.472488
23108;324.499512
23109;325.499512
23110;360.499512
23111;364.499512
23112;382.796417
23113;452.796417
23114;451.796417
23115;427.796417
23116;421.166779
23117;380.166779
23118;379.166779
23119;405.166779
23120;466.048462
23121;440.048462
23122;466.048462
23123;445.048462
23124;688.252991
23125;771.252991
23126;799.252991
23127;627.252991
23128;871.108826
23129;888.108826
23130;975.108826
23131;986.108826
23132;1052.01721
23133;1022.01709
23134;985.01709
23135;978.01709
23136;380.173309
23137;391.173309
23138;387.173309
23139;368.173309
23140;259.690857
23141;236.690857
23142;224.690857
23143;208.690857
23144;175.604431
23145;167.604431
23146;162.604431
23147;170.604431
23148;184.082474
23149;197.082474
23150;190.082474
23151;184.082474
23152;177.715103
23153;239.715103
23154;225.715103
23155;222.715103
23156;188.758514
23157;169.758514
23158;164.758514
23159;167.758514
23160;177.930115
23161;176.930115
23162;173.930115
23163;171.930115
23164;230.822891
23165;227.822891
23166;223.822891
23167;222.822891
23168;317.772552
23169;315.772552
23170;316.772552
23171;318.772552
23172;289.890045
23173;266.890045
23174;293.890045
23175;287.890045
23176;283.202454
23177;284.202454
23178;280.202454
23179;281.202454
23180;171.350601
23181;177.350601
23182;175.350601
23183;186.350601
23184;286.877869
23185;287.877869
23186;287.877869
23187;286.877869
23188;205.899048
23189;200.899048
23190;199.899048
23191;201.899048
23192;195.759369
23193;195.759369
23194;196.759369
23195;206.759369
23196;322.212738
23197;509.212738
23198;593.212708
23199;613.212708
23200;680.68689
23201;599.68689
23202;601.68689
23203;630.68689
23204;667.252014
23205;760.252014
23206;853.252014
23207;880.252014
23208;1038.95105
23209;977.951111
23210;1012.95111
23211;971.951111
23212;894.292114
23213;725.292114
23214;677.292114
23215;684.292114
23216;728.842346
23217;725.842346
23218;720.842346
23219;770.842346
23220;775.313477
23221;1097.31348
23222;1128.31348
23223;1172.31348
23224;1514.81921
23225;1475.81921
23226;1445.81921
23227;1581.81921
23228;1403.95447
23229;1325.95447
23230;1322.95447
23231;1291.95447
23232;1098.66748
23233;1135.66748
23234;1118.66748
23235;1049.66748
23236;851.391357
23237;674.391357
23238;696.391357
23239;708.391357
23240;691.00885
23241;676.00885
23242;688.00885
23243;696.00885
23244;887.483765
23245;1134.48389
23246;1206.48389
23247;1246.48389
23248;1355.81677
23249;1291.81677
23250;1338.81677
23251;1370.81677
23252;1286.89661
23253;1166.89661
23254;1189.89661
23255;1167.89661
23256;1244.72095
23257;1250.72095
23258;1280.72095
23259;1145.72095
23260;985.263672
23261;862.263672
23262;863.263672
23263;857.263672
23264;869.114929
23265;863.114929
23266;853.114929
23267;871.114929
23268;1269.85925
23269;1596.85925
23270;1646.85925
23271;1693.85925
23272;1467.30103
23273;1381.30103
23274;1439.30103
23275;1357.30103
23276;1363.07825
23277;1367.07825
23278;1332.07825
23279;1352.07825
23280;1401.03943
23281;1398.03943
23282;1359.03943
23283;1309.03943
23284;869.823303
23285;761.823303
23286;764.823303
23287;764.823303
23288;752.660706
23289;752.660706
23290;764.660706
23291;762.660706
23292;972.419678
23293;1298.41956
23294;1282.41956
23295;1278.41956
23296;1326.46338
23297;1215.46338
23298;1165.46338
23299;1118.46338
23300;1117.1731
23301;1110.1731
23302;1080.1731
23303;1128.1731
23304;1340.05579
23305;861.055786
23306;1224.05579
23307;769.055786
23308;743.390869
23309;598.390869
23310;682.390869
23311;663.390869
23312;569.071167
23313;555.071167
23314;525.071167
23315;559.071167
23316;284.031738
23317;354.031738
23318;318.031738
23319;311.031738
23320;385.368927
23321;388.368927
23322;391.368927
23323;390.368927
23324;498.627777
23325;499.627777
23326;497.627777
23327;500.627777
23328;326.373962
23329;325.373962
23330;323.373962
23331;321.373962
23332;188.303391
23333;184.303391
23334;181.303391
23335;181.303391
23336;178.366562
23337;175.366562
23338;176.366562
23339;175.366562
23340;177.791656
23341;181.791656
23342;180.791656
23343;170.791656
23344;176.763535
23345;179.763535
23346;179.763535
23347;176.763535
23348;170.480667
23349;168.480667
23350;169.480667
23351;173.480667
23352;223.438858
23353;225.438858
23354;221.438858
23355;222.438858
23356;381.60553
23357;377.60553
23358;377.60553
23359;375.60553
23360;389.932404
23361;394.932404
23362;397.932404
23363;410.932404
23364;501.971527
23365;900.971558
23366;1056.97156
23367;1116.97156
23368;1061.5697
23369;1032.5697
23370;1130.5697
23371;1203.5697
23372;1093.08252
23373;1001.08246
23374;1047.08252
23375;1114.08252
23376;1254.74878
23377;1276.74878
23378;1266.74878
23379;1203.74878
23380;983.168762
23381;925.168762
23382;878.168762
23383;859.168762
23384;871.207825
23385;821.207825
23386;812.207825
23387;813.207825
23388;1047.9137
23389;1428.9137
23390;1452.9137
23391;1381.9137
23392;1403.65527
23393;1335.65527
23394;1396.65527
23395;1441.65527
23396;1417.76318
23397;1417.76318
23398;1369.76318
23399;1396.76318
23400;1695.04199
23401;1697.04199
23402;1643.04199
23403;1590.04199
23404;1125.54565
23405;973.545532
23406;936.545532
23407;898.545532
23408;807.660095
23409;778.660095
23410;768.660095
23411;781.660095
23412;1023.25861
23413;1336.25867
23414;1353.25867
23415;1347.25867
23416;1427.28674
23417;1400.28674
23418;1439.28674
23419;1496.28674
23420;1749.10767
23421;1683.10767
23422;1616.10767
23423;1714.10767
23424;1374.8241
23425;1419.8241
23426;1457.8241
23427;1362.8241
23428;1136.86682
23429;928.866821
23430;879.866821
23431;849.866821
23432;784.231689
23433;760.231689
23434;752.231689
23435;737.231689
23436;950.599731
23437;1254.59961
23438;1260.59961
23439;1289.59961
23440;1303.08508
23441;1275.08508
23442;1237.08508
23443;1321.08508
23444;1325.23096
23445;1323.23096
23446;1282.23096
23447;1234.23096
23448;1219.1582
23449;1095.1582
23450;1119.1582
23451;1082.1582
23452;989.748352
23453;884.748352
23454;821.748352
23455;783.748352
23456;764.646912
23457;708.646912
23458;729.646912
23459;737.646912
23460;983.964722
23461;1334.96484
23462;1414.96484
23463;1433.96484
23464;1490.60913
23465;1447.60913
23466;1409.60913
23467;1457.60913
23468;1310.87085
23469;1232.87085
23470;1238.87085
23471;1144.87085
23472;1196.94006
23473;1066.94006
23474;900.940125
23475;827.940125
23476;833.353088
23477;787.353088
23478;786.353088
23479;775.353088
23480;1023.82587
23481;976.825806
23482;907.825806
23483;839.825806
23484;523.899658
23485;496.899719
23486;463.899719
23487;454.899719
23488;620.678894
23489;616.678894
23490;616.678894
23491;618.678894
23492;386.591339
23493;385.591339
23494;384.591339
23495;381.591339
23496;313.151611
23497;314.151611
23498;312.151611
23499;309.151611
23500;391.711884
23501;390.711884
23502;390.711884
23503;389.711884
23504;623.959839
23505;622.959839
23506;624.959839
23507;626.959839
23508;332.634674
23509;335.634674
23510;331.634674
23511;324.634674
23512;802.692566
23513;801.692566
23514;800.692566
23515;776.692566
23516;536.733948
23517;536.733948
23518;537.733948
23519;540.733948
23520;284.217834
23521;285.217834
23522;282.217834
23523;281.217834
23524;182.687439
23525;181.687439
23526;179.687439
23527;180.687439
23528;169.771698
23529;173.771698
23530;174.771698
23531;189.771698
23532;357.858337
23533;785.858337
23534;1035.85828
23535;1005.85834
23536;994.145081
23537;987.145081
23538;978.145081
23539;996.145081
23540;981.223816
23541;994.223816
23542;1074.22375
23543;1078.22375
23544;1123.47815
23545;1189.47815
23546;1192.47815
23547;1150.47815
23548;1074.57153
23549;976.571655
23550;937.571655
23551;895.571655
23552;803.354553
23553;811.354553
23554;826.354553
23555;808.354553
23556;1089.75391
23557;1404.75391
23558;1553.75391
23559;1516.75391
23560;1677.69263
23561;1626.69263
23562;1705.69263
23563;1625.69263
23564;1523.35425
23565;1511.35425
23566;1558.35425
23567;1550.35425
23568;1343.26245
23569;1345.26245
23570;1358.26245
23571;1300.26245
23572;1039.66602
23573;861.665894
23574;788.665894
23575;775.665894
23576;805.609314
23577;802.609314
23578;800.609314
23579;794.609314
23580;978.504822
23581;1302.50488
23582;1339.50488
23583;1361.50488
23584;1323.95825
23585;1278.95825
23586;1283.95825
23587;1327.95825
23588;1412.9585
23589;1373.9585
23590;1282.9585
23591;1341.9585
23592;1661.07507
23593;1662.07507
23594;1640.07507
23595;1541.07507
23596;1127.47351
23597;1056.47351
23598;925.473511
23599;897.473511
23600;1141.3606
23601;1113.3606
23602;1110.3606
23603;1112.3606
23604;1078.78943
23605;1296.78943
23606;1481.78943
23607;1555.78943
23608;1893.58484
23609;1853.58484
23610;1814.58484
23611;1882.58484
23612;1903.50635
23613;1886.50635
23614;1855.50635
23615;1844.50635
23616;1532.9845
23617;1605.9845
23618;1635.9845
23619;1546.9845
23620;921.798706
23621;851.798706
23622;839.798706
23623;807.798706
23624;767.406921
23625;762.406921
23626;746.406921
23627;760.406921
23628;953.676819
23629;1260.67676
23630;1280.67676
23631;1313.67676
23632;1355.12646
23633;1379.12646
23634;1339.12646
23635;1332.12646
23636;1266.91638
23637;1141.91638
23638;1098.91638
23639;1037.91638
23640;1053.03027
23641;1043.03027
23642;949.030212
23643;816.030212
23644;711.311218
23645;641.311218
23646;610.311218
23647;610.311218
23648;627.401367
23649;567.401367
23650;457.401367
23651;364.401367
23652;297.0802
23653;297.0802
23654;256.0802
23655;250.0802
23656;235.652115
23657;233.652115
23658;231.652115
23659;223.652115
23660;294.066193
23661;294.066193
23662;287.066193
23663;284.066193
23664;592.189636
23665;593.189636
23666;589.189636
23667;590.189636
23668;185.393661
23669;184.393661
23670;182.393661
23671;182.393661
23672;224.733444
23673;222.733444
23674;222.733444
23675;224.733444
23676;477.318298
23677;478.318298
23678;474.318298
23679;469.318298
23680;214.858398
23681;214.858398
23682;214.858398
23683;213.858398
23684;267.272003
23685;267.272003
23686;269.272003
23687;270.272003
23688;271.416504
23689;272.416504
23690;272.416504
23691;273.416504
23692;336.482727
23693;335.482727
23694;333.482727
23695;334.482727
23696;311.959625
23697;315.959625
23698;318.959625
23699;330.959625
23700;497.210632
23701;786.210632
23702;929.210632
23703;1134.21057
23704;1307.67505
23705;1313.67505
23706;1284.67505
23707;1335.67505
23708;1396.76245
23709;1335.76245
23710;1368.76245
23711;1330.76245
23712;1335.60608
23713;1421.60608
23714;1455.60608
23715;1345.60608
23716;843.082581
23717;799.082581
23718;766.082581
23719;749.082581
23720;725.277039
23721;755.277039
23722;753.277039
23723;755.277039
23724;988.50293
23725;1299.50293
23726;1410.50293
23727;1422.50293
23728;1387.39148
23729;1306.39148
23730;1377.39148
23731;1370.39148
23732;1354.7511
23733;1242.7511
23734;1284.7511
23735;1201.7511
23736;1117.51599
23737;1153.51599
23738;1102.51599
23739;1030.51611
23740;784.943787
23741;711.943787
23742;684.943787
23743;713.943787
23744;782.456787
23745;785.456787
23746;781.456787
23747;789.456787
23748;976.171509
23749;1267.17151
23750;1358.17151
23751;1380.17151
23752;1339.28479
23753;1304.28479
23754;1335.28479
23755;1431.28479
23756;1414.95898
23757;1437.95898
23758;1407.95898
23759;1367.95898
23760;1529.89441
23761;1519.89441
23762;1433.89441
23763;1367.89441
23764;1268.65063
23765;1085.65063
23766;1054.65063
23767;1071.65063
23768;1020.58972
23769;997.589661
23770;1006.58966
23771;1001.58966
23772;952.923096
23773;1289.92322
23774;1290.92322
23775;1292.92322
23776;1357.96741
23777;1309.96741
23778;1298.96741
23779;1361.96741
23780;1498.76038
23781;1496.76038
23782;1503.76038
23783;1512.76038
23784;1506.55847
23785;1506.55847
23786;1466.55847
23787;1367.55847
23788;1073.55005
23789;972.550049
23790;973.550049
23791;972.550049
23792;1008.72491
23793;1028.72485
23794;1021.72491
23795;1027.72485
23796;1345.0437
23797;1600.0437
23798;1708.0437
23799;1662.0437
23800;1776.7583
23801;1780.7583
23802;1731.7583
23803;1777.7583
23804;1736.44702
23805;1649.44702
23806;1665.44702
23807;1634.44702
23808;1049.59778
23809;987.5979
23810;859.5979
23811;783.5979
23812;551.529541
23813;468.529602
23814;454.529602
23815;446.529602
23816;442.383698
23817;438.383698
23818;414.383698
23819;293.383698
23820;240.835663
23821;221.835663
23822;186.835663
23823;176.835663
23824;164.950455
23825;164.950455
23826;163.950455
23827;161.950455
23828;164.046478
23829;162.046478
23830;162.046478
23831;165.046478
23832;171.713074
23833;176.713074
23834;176.713074
23835;177.713074
23836;239.144577
23837;235.144577
23838;233.144577
23839;235.144577
23840;335.195923
23841;333.195923
23842;330.195923
23843;333.195923
23844;298.492126
23845;303.492126
23846;301.492126
23847;295.492126
23848;287.540009
23849;290.540009
23850;288.540009
23851;289.540009
23852;170.127213
23853;170.127213
23854;169.127213
23855;171.127213
23856;290.466156
23857;295.466156
23858;294.466156
23859;293.466156
23860;204.927399
23861;199.927399
23862;199.927399
23863;199.927399
23864;121.535599
23865;146.535599
23866;122.535599
23867;123.535599
23868;187.136475
23869;348.136444
23870;73.136467
23871;461.136444
23872;475.238098
23873;467.238098
23874;291.238098
23875;891.238037
23876;967.549866
23877;1005.54987
23878;1020.54993
23879;1013.54987
23880;1078.8512
23881;1126.8512
23882;1153.8512
23883;1170.8512
23884;990.748413
23885;945.748413
23886;937.748413
23887;953.748413
23888;955.953552
23889;952.953552
23890;950.953552
23891;1004.95355
23892;1163.72693
23893;1339.72693
23894;1410.72693
23895;1448.72693
23896;1697.80078
23897;1645.80078
23898;1688.80078
23899;1742.80078
23900;1536.14185
23901;1451.14185
23902;1467.14185
23903;1405.14185
23904;1068.38574
23905;1145.38574
23906;1145.38574
23907;973.385742
23908;713.471375
23909;691.471375
23910;672.471375
23911;680.471375
23912;660.371765
23913;678.371765
23914;678.371765
23915;723.371765
23916;1036.89258
23917;1120.89258
23918;1209.89258
23919;1370.89258
23920;1306.11182
23921;1284.11182
23922;1278.11182
23923;1279.11182
23924;1197.55945
23925;1217.55945
23926;1303.55945
23927;1257.55945
23928;1231.09265
23929;1292.09265
23930;1205.09265
23931;1072.09265
23932;872.969116
23933;807.969116
23934;802.969116
23935;790.969116
23936;816.662476
23937;845.662476
23938;832.662476
23939;881.662476
23940;1367.5791
23941;1537.5791
23942;1566.5791
23943;1548.5791
23944;1270.23511
23945;1264.23511
23946;1331.23511
23947;1263.23511
23948;1264.73303
23949;1288.73303
23950;1244.73303
23951;1274.73303
23952;1353.44995
23953;1384.44995
23954;1395.44995
23955;1251.44995
23956;831.543884
23957;735.543884
23958;729.543884
23959;724.543884
23960;731.254456
23961;731.254456
23962;726.254456
23963;795.254456
23964;1164.34399
23965;1297.34399
23966;1274.34399
23967;1280.34399
23968;1267.82495
23969;1064.82495
23970;1132.82495
23971;1109.82495
23972;1170.46033
23973;1272.46033
23974;1212.46033
23975;1093.46033
23976;1315.52246
23977;1241.52246
23978;1139.52246
23979;959.522461
23980;922.835754
23981;936.835754
23982;944.835754
23983;940.835754
23984;766.556702
23985;709.556702
23986;613.556702
23987;486.556702
23988;396.075714
23989;353.075714
23990;339.075714
23991;371.075714
23992;465.444794
23993;466.444794
23994;466.444794
23995;468.444794
23996;583.715881
23997;560.715881
23998;520.715881
23999;517.715881
24000;309.165009
24001;311.165009
24002;310.165009
24003;308.165009
24004;172.756073
24005;170.756073
24006;172.756073
24007;170.756073
24008;172.370865
24009;171.370865
24010;172.370865
24011;172.370865
24012;178.197632
24013;178.197632
24014;176.197632
24015;169.197632
24016;172.405869
24017;173.405869
24018;171.405869
24019;173.405869
24020;166.419174
24021;165.419174
24022;166.419174
24023;167.419174
24024;216.701309
24025;218.701309
24026;218.701309
24027;218.701309
24028;380.352905
24029;373.352905
24030;373.352905
24031;375.352905
24032;389.072235
24033;394.072235
24034;396.072235
24035;447.072235
24036;728.071533
24037;1097.07153
24038;1008.07153
24039;1068.07153
24040;1012.12372
24041;988.123718
24042;1045.12366
24043;1167.12366
24044;1063.42285
24045;1162.42285
24046;1226.42285
24047;1176.42285
24048;1292.03748
24049;1291.03748
24050;1275.03748
24051;1101.03748
24052;888.429504
24053;823.429504
24054;821.429504
24055;804.429504
24056;811.436829
24057;810.436829
24058;784.436829
24059;850.436829
24060;1124.24463
24061;1277.24463
24062;1339.24463
24063;1328.24463
24064;1336.9967
24065;1255.9967
24066;1345.9967
24067;1280.9967
24068;1319.00195
24069;1299.00195
24070;1289.00195
24071;1278.00195
24072;1575.54639
24073;1590.54639
24074;1531.54639
24075;1414.54639
24076;987.38092
24077;976.38092
24078;958.38092
24079;953.38092
24080;845.739136
24081;789.739136
24082;789.739136
24083;842.739136
24084;1191.47937
24085;1355.47937
24086;1378.47937
24087;1383.47937
24088;1459.64905
24089;1367.64905
24090;1428.64905
24091;1302.64905
24092;1655.42554
24093;1716.42554
24094;1711.42554
24095;1808.42554
24096;1458.35291
24097;1490.35291
24098;1389.35291
24099;1172.35291
24100;774.028687
24101;756.028687
24102;759.028687
24103;743.028687
24104;691.59491
24105;684.59491
24106;687.59491
24107;730.59491
24108;1017.0802
24109;1181.08008
24110;1307.08008
24111;1333.08008
24112;1368.84912
24113;1311.84912
24114;1324.84912
24115;1338.84912
24116;1297.45325
24117;1256.45325
24118;1290.45325
24119;1237.45325
24120;1242.41907
24121;1321.41907
24122;1264.41907
24123;1109.41907
24124;853.244629
24125;830.244629
24126;803.244629
24127;801.244629
24128;772.86908
24129;747.86908
24130;772.86908
24131;823.86908
24132;1272.34253
24133;1379.34253
24134;1424.34253
24135;1338.34253
24136;1364.90015
24137;1285.90015
24138;1299.90015
24139;1327.90015
24140;1226.70374
24141;1185.70374
24142;1223.70374
24143;1172.70374
24144;1116.67688
24145;1119.67688
24146;1121.67688
24147;835.676819
24148;795.446228
24149;767.446228
24150;737.446228
24151;700.446228
24152;1000.45172
24153;902.451721
24154;734.451721
24155;727.451721
24156;505.69455
24157;459.69455
24158;447.69455
24159;446.69455
24160;613.53949
24161;609.53949
24162;611.53949
24163;609.53949
24164;373.812347
24165;372.812347
24166;372.812347
24167;371.812347
24168;300.058197
24169;301.058197
24170;298.058197
24171;301.058197
24172;384.413605
24173;384.413605
24174;382.413605
24175;383.413605
24176;616.927856
24177;616.927856
24178;616.927856
24179;618.927856
24180;328.70697
24181;322.70697
24182;320.70697
24183;317.70697
24184;796.996704
24185;796.996704
24186;797.996704
24187;796.996704
24188;532.033264
24189;532.033264
24190;532.033264
24191;536.033264
24192;277.47699
24193;278.47699
24194;277.47699
24195;277.47699
24196;176.718674
24197;174.718674
24198;175.718674
24199;173.718674
24200;163.845398
24201;169.845398
24202;171.845398
24203;220.845398
24204;617.991882
24205;648.991882
24206;697.991882
24207;736.991882
24208;786.330078
24209;943.330078
24210;1080.32996
24211;1116.32996
24212;1031.75427
24213;1116.75427
24214;1089.75427
24215;1147.75427
24216;1254.92773
24217;1322.92773
24218;1278.92773
24219;1216.92773
24220;1037.62854
24221;866.62854
24222;803.62854
24223;798.62854
24224;766.860291
24225;763.860291
24226;763.860291
24227;805.860291
24228;1294.01831
24229;1450.01831
24230;1503.01831
24231;1500.01831
24232;1680.72449
24233;1585.72449
24234;1516.72449
24235;1486.72449
24236;1461.65063
24237;1447.65063
24238;1471.65063
24239;1459.65063
24240;1303.08459
24241;1379.08459
24242;1334.08459
24243;1151.08459
24244;875.579407
24245;853.579407
24246;719.579407
24247;692.579407
24248;745.866028
24249;729.866028
24250;745.866028
24251;824.866028
24252;1143.97717
24253;1314.97717
24254;1374.97717
24255;1292.97717
24256;1236.3761
24257;1242.3761
24258;1314.3761
24259;1309.3761
24260;1370.98999
24261;1339.98999
24262;1392.98999
24263;1374.98999
24264;1574.95691
24265;1694.95691
24266;1631.95691
24267;1461.95691
24268;1020.53821
24269;826.538208
24270;870.538208
24271;898.538208
24272;1127.28577
24273;1140.28577
24274;1144.28577
24275;1220.28577
24276;1330.63416
24277;1394.63416
24278;1434.63416
24279;1440.63416
24280;1773.39905
24281;1815.39905
24282;1890.39905
24283;1914.39905
24284;1927.36499
24285;1890.36499
24286;1889.36499
24287;1898.36499
24288;1557.97437
24289;1574.97437
24290;1544.97437
24291;1424.97437
24292;871.798462
24293;855.798462
24294;821.798462
24295;682.798462
24296;644.406738
24297;579.406738
24298;638.406738
24299;657.406738
24300;961.720886
24301;1088.72083
24302;1112.72083
24303;1085.72083
24304;1053.23694
24305;1045.23694
24306;1050.23694
24307;1022.23682
24308;1081.97107
24309;1044.97107
24310;1022.97101
24311;1044.97107
24312;1029.00586
24313;968.005859
24314;762.005859
24315;689.005859
24316;635.147888
24317;642.147888
24318;641.147888
24319;630.147888
24320;611.823975
24321;545.823975
24322;449.823944
24323;381.823944
24324;304.482483
24325;266.482483
24326;259.482452
24327;303.482483
24328;296.905212
24329;285.905212
24330;287.905212
24331;290.905212
24332;361.641998
24333;301.641998
24334;290.641998
24335;294.641998
24336;600.296997
24337;590.296997
24338;589.296997
24339;587.296997
24340;174.636368
24341;173.636368
24342;174.636368
24343;175.636368
24344;212.423126
24345;212.423126
24346;214.423126
24347;214.423126
24348;465.980743
24349;459.980743
24350;456.980743
24351;456.980743
24352;211.203522
24353;210.203522
24354;212.203522
24355;212.203522
24356;260.365814
24357;260.365814
24358;262.365814
24359;265.365814
24360;268.134949
24361;269.134949
24362;270.134949
24363;269.134949
24364;331.039398
24365;330.039398
24366;329.039398
24367;328.039398
24368;304.807587
24369;301.807587
24370;304.807587
24371;354.807587
24372;705.06842
24373;732.06842
24374;724.06842
24375;761.06842
24376;1166.34033
24377;1093.34033
24378;1147.34033
24379;1197.34033
24380;1229.23218
24381;1220.23218
24382;1249.23218
24383;1265.23218
24384;1313.05176
24385;1344.05176
24386;1328.05176
24387;1214.05176
24388;745.4552
24389;750.4552
24390;766.4552
24391;770.4552
24392;738.46582
24393;734.46582
24394;736.46582
24395;784.46582
24396;1087.71936
24397;1198.71936
24398;1246.71936
24399;1314.71936
24400;1289.57654
24401;1184.57654
24402;1231.57654
24403;1239.57654
24404;1102.90308
24405;916.903137
24406;1014.90314
24407;1046.90308
24408;909.634216
24409;966.634216
24410;1062.63416
24411;1006.63422
24412;719.339233
24413;716.339233
24414;702.339233
24415;716.339233
24416;804.302917
24417;774.302917
24418;800.302917
24419;843.302917
24420;1045.47278
24421;1132.47278
24422;1177.47278
24423;1372.47278
24424;1330.40356
24425;1264.40356
24426;1318.40356
24427;1322.40356
24428;1263.54407
24429;1235.54407
24430;1208.54407
24431;1201.54407
24432;1134.95081
24433;1427.95081
24434;1411.95081
24435;1313.95081
24436;1243.1333
24437;1059.1333
24438;1062.1333
24439;1051.1333
24440;1010.98309
24441;1024.98328
24442;999.983093
24443;1069.98328
24444;1118.8833
24445;1228.8833
24446;1359.8833
24447;1403.8833
24448;1327.52344
24449;1212.52344
24450;1270.52344
24451;1258.52344
24452;1467.07739
24453;1401.07739
24454;1396.07739
24455;1336.07739
24456;1362.57654
24457;1447.57654
24458;1460.57654
24459;1095.57654
24460;1100.35999
24461;1038.35999
24462;987.360046
24463;997.360046
24464;1063.14758
24465;1090.14758
24466;1077.14758
24467;1132.14758
24468;1507.05835
24469;1590.05835
24470;1398.05835
24471;1406.05835
24472;1768.72961
24473;1731.72961
24474;1797.72961
24475;1751.72961
24476;1846.55078
24477;1721.55078
24478;1741.55078
24479;1734.55078
24480;1024.84558
24481;990.84552
24482;822.84552
24483;764.84552
24484;643.866821
24485;590.866821
24486;613.866821
24487;606.866821
24488;580.765442
24489;459.765442
24490;330.765442
24491;246.765457
24492;234.199554
24493;191.199554
24494;178.199554
24495;181.199554
24496;174.651291
24497;172.651291
24498;173.651291
24499;175.651291
24500;177.782852
24501;176.782852
24502;175.782852
24503;175.782852
24504;186.478745
24505;188.478745
24506;186.478745
24507;187.478745
24508;250.124969
24509;245.124969
24510;245.124969
24511;245.124969
24512;343.62326
24513;346.62326
24514;344.62326
24515;349.62326
24516;316.008636
24517;310.008636
24518;308.008636
24519;309.008636
24520;299.897217
24521;293.897217
24522;290.897217
24523;291.897217
24524;171.298508
24525;172.298508
24526;171.298508
24527;172.298508
24528;289.379944
24529;296.379944
24530;295.379944
24531;294.379944
24532;216.103516
24533;213.103516
24534;214.103516
24535;216.103516
24536;207.001526
24537;213.001526
24538;216.001526
24539;270.001526
24540;589.002502
24541;949.002502
24542;869.002502
24543;937.002502
24544;998.296875
24545;877.296875
24546;1016.29688
24547;1080.297
24548;1035.68628
24549;1015.68616
24550;974.686157
24551;962.686157
24552;1151.59314
24553;1241.59314
24554;1223.59314
24555;1185.59314
24556;1020.39844
24557;977.398438
24558;961.398438
24559;923.398438
24560;912.309937
24561;964.309937
24562;974.309937
24563;1041.31006
24564;1236.1626
24565;1374.1626
24566;1403.1626
24567;1459.1626
24568;1703
24569;1656
24570;1742
24571;1783
24572;1431.48828
24573;1415.48828
24574;1379.48828
24575;1384.48828
24576;1085.95776
24577;1223.95776
24578;1229.95776
24579;1016.95776
24580;804.76178
24581;804.76178
24582;766.76178
24583;746.76178
24584;699.42572
24585;703.42572
24586;702.42572
24587;780.42572
24588;1035.66797
24589;1150.66797
24590;1204.66797
24591;1248.66797
24592;1170.49878
24593;1120.49878
24594;1176.49878
24595;1249.49878
24596;1158.48889
24597;1139.48889
24598;1112.48889
24599;1200.48889
24600;1200.72388
24601;1324.72388
24602;1271.72388
24603;1102.72388
24604;1052.05261
24605;898.052551
24606;872.052551
24607;855.052551
24608;928.613098
24609;909.613098
24610;916.613098
24611;991.613098
24612;1403.72729
24613;1524.72729
24614;1517.72729
24615;1544.72729
24616;1343.57324
24617;1278.57324
24618;1300.57324
24619;1320.57324
24620;1222.94202
24621;1167.94202
24622;1193.94202
24623;1206.94202
24624;1342.31079
24625;1405.31079
24626;1351.31079
24627;1251.31079
24628;841.152527
24629;757.152527
24630;768.152527
24631;756.152527
24632;735.769409
24633;682.769409
24634;623.769409
24635;732.769409
24636;1012.2738
24637;1212.2738
24638;1293.2738
24639;1383.2738
24640;1319.64832
24641;1235.64832
24642;1260.64832
24643;1138.64832
24644;1128.10608
24645;1112.10608
24646;1062.10608
24647;1054.10608
24648;1343.14844
24649;1341.14844
24650;1255.14844
24651;1095.14844
24652;916.210938
24653;865.210938
24654;852.210938
24655;851.210938
24656;750.502319
24657;739.502319
24658;651.502319
24659;497.50235
24660;382.301483
24661;381.301483
24662;378.301483
24663;378.301483
24664;463.709167
24665;457.709167
24666;452.709167
24667;453.709167
24668;571.414734
24669;549.414734
24670;518.414734
24671;519.414734
24672;303.07782
24673;310.07782
24674;309.07782
24675;310.07782
24676;176.771286
24677;173.771286
24678;171.771286
24679;171.771286
24680;173.296326
24681;173.296326
24682;174.296326
24683;174.296326
24684;174.919586
24685;169.919586
24686;169.919586
24687;168.919586
24688;173.048294
24689;174.048294
24690;175.048294
24691;175.048294
24692;167.641174
24693;168.641174
24694;167.641174
24695;166.641174
24696;209.61055
24697;216.61055
24698;217.61055
24699;217.61055
24700;374.995789
24701;369.995789
24702;371.995789
24703;371.995789
24704;385.283478
24705;391.283478
24706;394.283478
24707;448.283478
24708;663.749756
24709;796.749756
24710;981.749756
24711;1074.74963
24712;1048.46094
24713;1079.46094
24714;1244.46094
24715;1121.46094
24716;971.942566
24717;935.942566
24718;852.942566
24719;920.942566
24720;1072.66895
24721;1202.66895
24722;1192.66895
24723;1107.66895
24724;796.822144
24725;699.822144
24726;706.822144
24727;757.822144
24728;749.465881
24729;755.465881
24730;777.465881
24731;779.465881
24732;1039.67151
24733;1206.67151
24734;1337.67151
24735;1307.67151
24736;1318.9093
24737;1249.9093
24738;1271.9093
24739;1289.9093
24740;1307.37988
24741;1211.37988
24742;1200.37988
24743;1186.37988
24744;1408.78052
24745;1353.78052
24746;1386.78052
24747;1337.78052
24748;1067.59058
24749;962.590698
24750;968.590698
24751;954.590698
24752;859.36908
24753;873.36908
24754;868.36908
24755;946.36908
24756;1178.354
24757;1326.354
24758;1418.354
24759;1407.354
24760;1513.7655
24761;1423.7655
24762;1501.7655
24763;1446.7655
24764;1586.59924
24765;1535.59924
24766;1484.59924
24767;1483.59924
24768;1139.65625
24769;1166.65625
24770;1151.65625
24771;1125.65625
24772;909.081238
24773;890.081238
24774;897.081238
24775;876.081238
24776;807.767395
24777;831.767395
24778;784.767395
24779;855.767395
24780;1140.39941
24781;1286.39941
24782;1355.39941
24783;1334.39941
24784;1244.84229
24785;1204.84229
24786;1328.84229
24787;1302.84229
24788;1297.75464
24789;1178.75464
24790;1195.75464
24791;1176.75464
24792;1086.96326
24793;1200.96326
24794;1133.96326
24795;976.963257
24796;904.487549
24797;838.487549
24798;855.487549
24799;856.487549
24800;817.551331
24801;860.551331
24802;810.551331
24803;840.551331
24804;1125.23486
24805;1221.23486
24806;1315.23486
24807;1370.23486
24808;1363.46155
24809;1315.46155
24810;1289.46155
24811;1325.46155
24812;1096.09814
24813;1059.09814
24814;1031.09814
24815;996.098206
24816;985.727722
24817;1022.72772
24818;970.727722
24819;907.727722
24820;961.293762
24821;917.293762
24822;935.293762
24823;871.293762
24824;1059.75464
24825;1023.7547
24826;1016.7547
24827;912.754639
24828;567.902771
24829;569.902771
24830;567.902771
24831;568.902771
24832;725.642212
24833;725.642212
24834;727.642212
24835;730.642212
24836;479.29245
24837;443.29245
24838;442.29245
24839;441.29245
24840;361.794128
24841;369.794128
24842;369.794128
24843;368.794128
24844;449.374725
24845;448.374725
24846;444.374725
24847;443.374725
24848;674.990234
24849;675.990234
24850;678.990234
24851;675.990234
24852;386.70993
24853;381.70993
24854;381.70993
24855;383.70993
24856;859.86084
24857;858.86084
24858;860.86084
24859;860.86084
24860;595.978882
24861;595.978882
24862;594.978882
24863;595.978882
24864;334.460419
24865;340.460419
24866;341.460419
24867;341.460419
24868;239.926834
24869;234.926834
24870;234.926834
24871;233.926834
24872;221.022324
24873;227.022324
24874;229.022324
24875;275.022339
24876;572.144653
24877;835.144653
24878;931.144653
24879;946.144653
24880;875.42334
24881;824.42334
24882;1006.42334
24883;981.42334
24884;893.472656
24885;912.472656
24886;975.472656
24887;998.472656
24888;1052.78369
24889;1273.78369
24890;1238.78369
24891;1012.78369
24892;802.165649
24893;796.165649
24894;786.165649
24895;786.165649
24896;765.185852
24897;750.185852
24898;754.185852
24899;803.185852
24900;1283.02661
24901;1398.02661
24902;1477.02661
24903;1499.02661
24904;1626.18481
24905;1455.18481
24906;1624.18481
24907;1572.18481
24908;1464.27893
24909;1445.27893
24910;1473.27893
24911;1488.27893
24912;1314.77869
24913;1432.77869
24914;1403.77869
24915;1240.77869
24916;771.1474
24917;727.1474
24918;733.1474
24919;726.1474
24920;772.859253
24921;774.859253
24922;765.859253
24923;833.859253
24924;1176.84204
24925;1283.84204
24926;1337.84204
24927;1360.84204
24928;1262.39307
24929;1241.39307
24930;1282.39307
24931;1283.39307
24932;1349.16064
24933;1350.16064
24934;1320.16064
24935;1300.16064
24936;1555.08374
24937;1609.08374
24938;1580.08374
24939;1488.08374
24940;990.734558
24941;882.734558
24942;877.734558
24943;869.734558
24944;1116.65332
24945;1105.65332
24946;1122.65332
24947;1185.65332
24948;1253.94128
24949;1414.94128
24950;1489.94128
24951;1448.94128
24952;1801.66724
24953;1740.66724
24954;1791.66724
24955;1658.66724
24956;1677.54138
24957;1659.54138
24958;1589.54138
24959;1607.54138
24960;1272.0603
24961;1396.0603
24962;1476.0603
24963;1318.0603
24964;747.90918
24965;704.90918
24966;727.90918
24967;726.90918
24968;691.531311
24969;675.531311
24970;662.531311
24971;704.531311
24972;959.741577
24973;1179.74158
24974;1239.74158
24975;1256.74158
24976;1202.13525
24977;1241.13525
24978;1192.13525
24979;1055.13525
24980;967.802979
24981;988.802979
24982;939.802979
24983;836.802979
24984;878.84137
24985;899.84137
24986;918.84137
24987;861.84137
24988;735.948059
24989;729.948059
24990;717.948059
24991;725.948059
24992;733.454346
24993;708.454346
24994;641.454346
24995;422.454346
24996;247.322144
24997;232.322144
24998;227.322144
24999;227.322144
25000;211.222687
25001;212.222687
25002;211.222687
25003;211.222687
25004;281.336029
25005;277.336029
25006;277.336029
25007;278.336029
25008;583.22644
25009;589.22644
25010;588.22644
25011;588.22644
25012;177.853363
25013;172.853363
25014;170.853363
25015;172.853363
25016;209.324799
25017;210.324799
25018;210.324799
25019;211.324799
25020;462.412201
25021;459.412201
25022;459.412201
25023;459.412201
25024;209.921021
25025;209.921021
25026;209.921021
25027;209.921021
25028;258.092712
25029;259.092712
25030;259.092712
25031;258.092712
25032;257.414734
25033;262.414734
25034;267.414734
25035;266.414734
25036;324.122009
25037;321.122009
25038;321.122009
25039;319.122009
25040;294.725037
25041;296.725037
25042;340.725037
25043;532.725098
25044;660.916809
25045;830.916809
25046;898.916809
25047;1026.91675
25048;1141.16187
25049;1245.16187
25050;1261.16187
25051;1171.16187
25052;1191.07922
25053;1135.07922
25054;1206.07922
25055;1182.07922
25056;1399.90649
25057;1466.90649
25058;1350.90649
25059;1109.90649
25060;710.440063
25061;684.440063
25062;706.440063
25063;674.440063
25064;609.423889
25065;621.423889
25066;755.423889
25067;983.423889
25068;1132.6189
25069;1123.6189
25070;1153.6189
25071;1183.6189
25072;1134.5918
25073;1153.5918
25074;1186.5918
25075;1116.5918
25076;1185.88696
25077;1229.88696
25078;1190.88696
25079;1139.88696
25080;1159.93579
25081;1163.93579
25082;1011.93579
25083;863.935791
25084;782.966125
25085;782.966125
25086;718.966125
25087;714.966125
25088;785.797119
25089;772.797119
25090;832.797119
25091;1195.79712
25092;1276.01294
25093;1358.01294
25094;1339.01294
25095;1357.01294
25096;1264.72424
25097;1295.72424
25098;1302.72424
25099;1319.72424
25100;1279.17444
25101;1301.17444
25102;1306.17444
25103;1251.17444
25104;1542.573
25105;1513.573
25106;1330.573
25107;1073.573
25108;1138.68335
25109;1132.68335
25110;1123.68335
25111;1075.68335
25112;1009.2525
25113;992.252502
25114;1097.25269
25115;1461.25269
25116;1314.55872
25117;1364.55872
25118;1300.55872
25119;1270.55872
25120;1297.85168
25121;1306.85168
25122;1372.85168
25123;1260.85168
25124;1435.96802
25125;1436.96802
25126;1499.96802
25127;1430.96802
25128;1588.70557
25129;1489.70557
25130;1294.70557
25131;1083.70557
25132;933.581421
25133;957.581421
25134;939.581421
25135;930.581421
25136;878.956787
25137;902.956787
25138;1085.95679
25139;1453.95679
25140;1655.86853
25141;1742.86853
25142;1735.86853
25143;1669.86853
25144;1668.60205
25145;1779.60205
25146;1659.60205
25147;1494.60205
25148;1593.25989
25149;1627.25989
25150;1574.25989
25151;1494.25989
25152;957.460999
25153;889.460999
25154;766.460999
25155;681.460999
25156;594.176331
25157;568.176331
25158;548.176331
25159;514.176392
25160;473.781189
25161;295.781189
25162;248.781189
25163;233.781189
25164;186.596985
25165;176.596985
25166;177.596985
25167;177.596985
25168;175.642303
25169;178.642303
25170;178.642303
25171;177.642303
25172;177.658051
25173;179.658051
25174;177.658051
25175;176.658051
25176;183.111008
25177;184.111008
25178;182.111008
25179;177.111008
25180;240.137253
25181;237.137253
25182;239.137253
25183;236.137253
25184;337.852753
25185;339.852753
25186;341.852753
25187;340.852753
25188;300.742889
25189;296.742889
25190;296.742889
25191;294.742889
25192;291.679321
25193;292.679321
25194;292.679321
25195;294.679321
25196;175.959549
25197;177.959549
25198;176.959549
25199;174.959549
25200;289.235535
25201;292.235535
25202;296.235535
25203;296.235535
25204;206.452362
25205;203.452362
25206;204.452362
25207;202.452362
25208;199.554092
25209;202.554092
25210;252.554077
25211;581.554077
25212;802.577026
25213;902.577026
25214;906.577026
25215;1004.57703
25216;1010.10748
25217;1202.10754
25218;1279.10754
25219;1234.10754
25220;1194.36328
25221;1092.36328
25222;999.36322
25223;892.36322
25224;1080.07251
25225;1129.07251
25226;1019.07245
25227;891.072449
25228;852.341309
25229;870.341309
25230;828.341309
25231;852.341309
25232;899.478027
25233;943.478027
25234;1037.47815
25235;1300.47815
25236;1273.91663
25237;1334.91663
25238;1321.91663
25239;1359.91663
25240;1628.40088
25241;1723.40088
25242;1733.40088
25243;1630.40088
25244;1443.70325
25245;1322.70325
25246;1299.70325
25247;1315.70325
25248;1050.95715
25249;1068.95715
25250;944.957153
25251;766.957153
25252;667.870972
25253;630.870972
25254;623.870972
25255;644.870972
25256;689.698792
25257;678.698792
25258;716.698792
25259;1033.69885
25260;1248.9939
25261;1266.9939
25262;1250.9939
25263;1224.9939
25264;1169.79529
25265;1250.79529
25266;1304.79529
25267;1182.79529
25268;1146.85181
25269;1061.85181
25270;845.851807
25271;879.851807
25272;1009.04785
25273;1016.04785
25274;862.047852
25275;792.047852
25276;846.137695
25277;827.137695
25278;861.137695
25279;852.137695
25280;877.348755
25281;890.348755
25282;933.348755
25283;1165.34875
25284;1471.32568
25285;1515.32568
25286;1543.32568
25287;1557.32568
25288;1304.1394
25289;1321.1394
25290;1331.1394
25291;1220.1394
25292;1098.38232
25293;1139.38232
25294;1137.38232
25295;1099.38232
25296;1243.7373
25297;1249.7373
25298;1125.7373
25299;896.737183
25300;720.426208
25301;544.426208
25302;653.426208
25303;664.426208
25304;661.111023
25305;669.111023
25306;728.111023
25307;930.111023
25308;1062.30127
25309;1064.30127
25310;1081.30127
25311;1031.30127
25312;994.936462
25313;1092.9364
25314;1115.9364
25315;1052.9364
25316;1058.96167
25317;1005.96173
25318;916.961731
25319;719.961731
25320;1048.51807
25321;1079.51807
25322;964.518127
25323;950.518127
25324;910.027893
25325;877.027893
25326;846.027893
25327;859.027893
25328;733.754822
25329;703.754822
25330;589.754822
25331;465.754852
25332;409.027405
25333;410.027405
25334;407.027405
25335;417.027405
25336;488.19696
25337;503.19696
25338;502.19696
25339;475.19696
25340;570.776489
25341;551.776489
25342;511.77652
25343;512.776489
25344;296.903473
25345;298.903473
25346;303.903473
25347;303.903473
25348;169.42836
25349;168.42836
25350;167.42836
25351;163.42836
25352;165.994751
25353;168.994751
25354;165.994751
25355;166.994751
25356;158.487762
25357;155.487762
25358;156.487762
25359;157.487762
25360;163.26062
25361;164.26062
25362;166.26062
25363;165.26062
25364;159.355331
25365;158.355331
25366;157.355331
25367;158.355331
25368;198.535355
25369;203.535355
25370;205.535355
25371;207.535355
25372;364.229828
25373;364.229828
25374;363.229828
25375;363.229828
25376;383.948853
25377;385.948853
25378;426.948853
25379;482.948853
25380;846.281006
25381;1044.28101
25382;1049.28101
25383;1029.28101
25384;941.055481
25385;992.055481
25386;1031.05554
25387;826.055481
25388;773.145325
25389;915.145325
25390;986.145325
25391;945.145325
25392;1115.45667
25393;1088.45667
25394;982.456726
25395;817.456726
25396;801.455261
25397;779.455261
25398;784.455261
25399;785.455261
25400;781.235657
25401;793.235657
25402;862.235657
25403;1215.2356
25404;1298.88782
25405;1323.88782
25406;1323.88782
25407;1333.88782
25408;1262.70691
25409;1303.70691
25410;1312.70691
25411;1271.70691
25412;1283.64709
25413;1247.64709
25414;1248.64709
25415;1153.64709
25416;1529.10583
25417;1469.10583
25418;1417.10583
25419;1241.10583
25420;997.593567
25421;997.593567
25422;994.593567
25423;983.593567
25424;878.902161
25425;883.902161
25426;933.902161
25427;1149.90222
25428;1206.52429
25429;1215.52429
25430;1194.52429
25431;1170.52429
25432;1258.50305
25433;1340.50305
25434;1376.50305
25435;1369.50305
25436;1645.11694
25437;1641.11694
25438;1619.11694
25439;1580.11694
25440;1322.13477
25441;1290.13477
25442;1177.13477
25443;1063.13477
25444;822.477539
25445;760.477539
25446;775.477539
25447;753.477539
25448;713.162415
25449;711.162415
25450;753.162415
25451;1031.16248
25452;1165.79517
25453;1222.79517
25454;1238.79517
25455;1183.79517
25456;1030.3313
25457;1077.3313
25458;1112.3313
25459;1034.3313
25460;1016.48041
25461;1066.48035
25462;1123.48035
25463;1031.48035
25464;1059.37195
25465;1045.37195
25466;905.371948
25467;736.371948
25468;774.283081
25469;771.283081
25470;755.283081
25471;762.283081
25472;740.535706
25473;744.535706
25474;803.535706
25475;1070.53577
25476;1201.70557
25477;1159.70557
25478;1128.70557
25479;1087.70557
25480;1074.70972
25481;1036.70972
25482;860.709778
25483;783.709778
25484;649.152588
25485;600.152588
25486;570.152588
25487;396.152588
25488;506.73645
25489;518.73645
25490;469.73642
25491;449.73642
25492;521.500366
25493;514.500366
25494;518.500366
25495;513.500366
25496;806.053284
25497;771.053284
25498;758.053284
25499;676.053284
25500;454.188141
25501;451.188141
25502;451.188141
25503;447.188141
25504;600.855103
25505;597.855103
25506;599.855103
25507;598.855103
25508;369.551849
25509;368.551849
25510;368.551849
25511;370.551849
25512;293.582397
25513;290.582397
25514;300.582397
25515;299.582397
25516;381.515594
25517;383.515594
25518;383.515594
25519;382.515594
25520;614.993896
25521;615.993896
25522;613.993896
25523;614.993896
25524;316.868317
25525;315.868317
25526;313.868317
25527;314.868317
25528;793.010986
25529;795.010986
25530;792.010986
25531;794.010986
25532;528.809692
25533;528.809692
25534;530.809692
25535;528.809692
25536;264.361176
25537;267.361176
25538;271.361176
25539;275.361176
25540;172.232788
25541;171.232788
25542;174.232788
25543;174.232788
25544;168.799988
25545;168.799988
25546;200.799988
25547;423.799988
25548;700.184753
25549;723.184753
25550;712.184753
25551;750.184753
25552;676.463501
25553;711.463501
25554;662.463501
25555;529.463501
25556;399.177612
25557;394.177612
25558;384.177612
25559;358.177612
25560;466.828094
25561;465.828094
25562;425.828094
25563;377.828094
25564;387.196655
25565;390.196655
25566;374.196655
25567;372.196655
25568;347.514923
25569;353.514923
25570;418.514923
25571;697.514893
25572;901.542175
25573;1021.54224
25574;986.542175
25575;1073.54224
25576;1180.03918
25577;1088.03918
25578;1061.03918
25579;900.039185
25580;811.008545
25581;778.008545
25582;732.008545
25583;688.008545
25584;627.481995
25585;623.481995
25586;567.481995
25587;468.481995
25588;294.036774
25589;291.036774
25590;272.036774
25591;278.036774
25592;329.347321
25593;338.347321
25594;411.347321
25595;763.347351
25596;953.016968
25597;957.016968
25598;946.016968
25599;980.016968
25600;836.055542
25601;889.055542
25602;784.055542
25603;555.055542
25604;620.365417
25605;573.365417
25606;542.365417
25607;499.365387
25608;800.283203
25609;826.283203
25610;771.283203
25611;712.283203
25612;484.473785
25613;479.473785
25614;466.473785
25615;461.473785
25616;705.395203
25617;698.395203
25618;719.395203
25619;981.395203
25620;883.829407
25621;939.829407
25622;768.829407
25623;942.829407
25624;1135.66443
25625;1186.66443
25626;1094.66443
25627;1050.66443
25628;1127.62781
25629;1077.62781
25630;1051.62781
25631;1014.62787
25632;762.205688
25633;670.205688
25634;601.205688
25635;552.205688
25636;256.291534
25637;249.291534
25638;253.291534
25639;249.291534
25640;232.073029
25641;228.073029
25642;236.073029
25643;174.073029
25644;161.479202
25645;158.479202
25646;161.479202
25647;164.479202
25648;168.907211
25649;167.907211
25650;165.907211
25651;116.907196
25652;161.626709
25653;67.6267014
25654;91.6267014
25655;114.626701
25656;183.676987
25657;208.676987
25658;262.677002
25659;262.677002
25660;264.776001
25661;265.776001
25662;263.776001
25663;259.776001
25664;273.026825
25665;274.026825
25666;279.026825
25667;273.026825
25668;218.918121
25669;213.918121
25670;214.918121
25671;215.918121
25672;201.322708
25673;201.322708
25674;201.322708
25675;203.322708
25676;268.97818
25677;268.97818
25678;270.97818
25679;268.97818
25680;569.97876
25681;572.97876
25682;576.97876
25683;580.97876
25684;164.273407
25685;164.273407
25686;164.273407
25687;162.273407
25688;200.922806
25689;198.922806
25690;199.922806
25691;193.922806
25692;448.625092
25693;447.625092
25694;447.625092
25695;448.625092
25696;199.138367
25697;201.138367
25698;202.138367
25699;201.138367
25700;252.268311
25701;252.268311
25702;252.268311
25703;252.268311
25704;251.214447
25705;254.214447
25706;261.214447
25707;260.214447
25708;321.662262
25709;320.662262
25710;320.662262
25711;317.662262
25712;291.043945
25713;293.043945
25714;301.043945
25715;299.043945
25716;271.384369
25717;269.384369
25718;268.384369
25719;269.384369
25720;419.009979
25721;420.009979
25722;420.009979
25723;420.009979
25724;458.186218
25725;458.186218
25726;460.186218
25727;459.186218
25728;480.240845
25729;482.240845
25730;489.240845
25731;489.240845
25732;226.938507
25733;224.938507
25734;224.938507
25735;223.938507
25736;202.198547
25737;205.198547
25738;231.198547
25739;366.198547
25740;426.403137
25741;457.403137
25742;468.403137
25743;477.403137
25744;407.882507
25745;445.882507
25746;447.882507
25747;419.882507
25748;393.031586
25749;399.031586
25750;384.031586
25751;335.031586
25752;385.964264
25753;385.964264
25754;282.964264
25755;259.964264
25756;255.529312
25757;240.529312
25758;237.529312
25759;235.529312
25760;318.222504
25761;315.222504
25762;346.222504
25763;437.222504
25764;470.138733
25765;500.138733
25766;501.138733
25767;495.138733
25768;416.50473
25769;418.50473
25770;337.50473
25771;411.50473
25772;409.505829
25773;330.505829
25774;401.505829
25775;374.505829
25776;654.038269
25777;651.038269
25778;602.038269
25779;511.038239
25780;587.4021
25781;583.4021
25782;505.4021
25783;542.4021
25784;558.832825
25785;563.832825
25786;552.832825
25787;705.832825
25788;371.283844
25789;467.283844
25790;457.283844
25791;469.283844
25792;481.358948
25793;426.358948
25794;411.358948
25795;457.358948
25796;641.401672
25797;529.401672
25798;595.401672
25799;535.401672
25800;551.499207
25801;624.499207
25802;591.499207
25803;517.499207
25804;493.764526
25805;479.764526
25806;477.764526
25807;474.764526
25808;541.229675
25809;543.229675
25810;523.229675
25811;719.229675
25812;882.320618
25813;859.320618
25814;893.320618
25815;891.320618
25816;998.57019
25817;1025.57019
25818;1011.57019
25819;1019.57019
25820;991.365784
25821;1054.36584
25822;1047.36584
25823;989.365784
25824;428.324188
25825;403.324188
25826;358.324188
25827;290.324188
25828;229.930603
25829;225.930603
25830;225.930603
25831;222.930603
25832;180.675613
25833;218.675613
25834;186.675613
25835;209.675613
25836;189.066711
25837;221.066711
25838;221.066711
25839;222.066711
25840;176.496414
25841;222.496414
25842;224.496414
25843;231.496414
25844;243.901657
25845;242.901657
25846;186.901657
25847;184.901657
25848;187.652344
25849;187.652344
25850;194.652344
25851;195.652344
25852;258.310944
25853;257.310944
25854;258.310944
25855;255.310928
25856;327.139709
25857;359.139709
25858;329.139709
25859;329.139709
25860;289.284485
25861;320.284485
25862;261.284485
25863;320.284485
25864;310.459534
25865;311.459534
25866;284.459534
25867;314.459534
25868;193.813187
25869;193.813187
25870;192.813187
25871;193.813187
25872;303.715973
25873;308.715973
25874;280.715973
25875;313.715973
25876;224.464569
25877;193.464569
25878;225.464569
25879;221.464569
25880;218.787659
25881;219.787659
25882;265.787659
25883;531.787659
25884;531.139709
25885;415.13974
25886;589.139709
25887;595.139709
25888;807.033997
25889;743.033997
25890;895.033997
25891;885.033997
25892;763.263855
25893;670.263855
25894;593.263855
25895;656.263855
25896;854.531982
25897;768.531982
25898;687.531982
25899;551.531982
25900;646.50177
25901;678.50177
25902;603.50177
25903;601.50177
25904;635.70697
25905;711.70697
25906;794.70697
25907;1181.70703
25908;1214.19946
25909;1269.19946
25910;1281.19946
25911;1268.19946
25912;1452.34009
25913;1497.34009
25914;1572.34009
25915;1493.34009
25916;1280.49426
25917;1188.49426
25918;1210.49426
25919;1148.49426
25920;910.859192
25921;855.859192
25922;831.859192
25923;721.859192
25924;684.715454
25925;694.715454
25926;690.715454
25927;687.715454
25928;687.970825
25929;684.970825
25930;745.970825
25931;1042.97083
25932;1222.73083
25933;1279.73083
25934;1250.73083
25935;1261.73083
25936;1141.49988
25937;1227.49988
25938;1332.49988
25939;1136.49988
25940;971.498474
25941;935.498474
25942;919.498474
25943;850.498474
25944;921.864319
25945;930.864319
25946;875.864319
25947;757.864319
25948;805.294189
25949;813.294189
25950;796.294189
25951;804.294189
25952;842.28656
25953;845.28656
25954;913.28656
25955;1315.2865
25956;1689.24414
25957;1713.24414
25958;1745.24414
25959;1704.24414
25960;1409.75769
25961;1424.75769
25962;1415.75769
25963;1322.75769
25964;1180.73083
25965;1223.73083
25966;1155.73083
25967;1091.73083
25968;1309.80176
25969;1284.80176
25970;1179.80176
25971;996.801758
25972;739.930237
25973;715.930237
25974;679.930237
25975;663.930237
25976;664.000427
25977;665.000427
25978;674.000427
25979;1008.00043
25980;1215.67505
25981;1199.67505
25982;1128.67505
25983;1072.67505
25984;1135.4845
25985;1207.4845
25986;1167.4845
25987;1140.4845
25988;1155.49548
25989;1098.49548
25990;1036.49548
25991;1016.49548
25992;1245.03552
25993;1022.03558
25994;971.035583
25995;936.035583
25996;892.165527
25997;905.165527
25998;913.165527
25999;899.165527
26000;790.951416
26001;745.951416
26002;544.951416
26003;395.951416
26004;315.234283
26005;311.234283
26006;310.234283
26007;311.234283
26008;396.942505
26009;395.942505
26010;396.942505
26011;398.942505
26012;518.075867
26013;517.075867
26014;516.075867
26015;517.075867
26016;295.37265
26017;295.37265
26018;300.37265
26019;303.37265
26020;169.692093
26021;166.692093
26022;165.692093
26023;162.692093
26024;165.045547
26025;167.045547
26026;164.045547
26027;161.045547
26028;158.933792
26029;156.933792
26030;158.933792
26031;160.933792
26032;168.236176
26033;169.236176
26034;170.236176
26035;170.236176
26036;164.185928
26037;164.185928
26038;167.185928
26039;166.185928
26040;202.2939
26041;203.2939
26042;210.2939
26043;210.2939
26044;370.815674
26045;370.815674
26046;369.815674
26047;365.815674
26048;388.393341
26049;391.393341
26050;430.393341
26051;717.393311
26052;960.403931
26053;916.403931
26054;957.403931
26055;987.403931
26056;911.048279
26057;951.048279
26058;1055.04822
26059;954.048279
26060;857.209167
26061;857.209167
26062;857.209167
26063;895.209167
26064;1033.76099
26065;956.760864
26066;942.760864
26067;770.760864
26068;799.198547
26069;830.198547
26070;828.198547
26071;838.198547
26072;825.899963
26073;845.899963
26074;880.899963
26075;1069.8999
26076;1244.1853
26077;1328.1853
26078;1407.1853
26079;1368.1853
26080;1249.69348
26081;1341.69348
26082;1309.69348
26083;1289.69348
26084;1272.59033
26085;1269.59033
26086;1244.59033
26087;1255.59033
26088;1513.03601
26089;1478.03601
26090;1414.03601
26091;1196.03601
26092;936.90918
26093;929.90918
26094;910.90918
26095;909.90918
26096;812.306702
26097;778.306702
26098;797.306702
26099;1103.30664
26100;1227.05811
26101;1318.05811
26102;1317.05811
26103;1358.05811
26104;1410.29871
26105;1480.29871
26106;1387.29871
26107;1169.29871
26108;1427.77808
26109;1434.77808
26110;1429.77808
26111;1436.77808
26112;1153.58252
26113;1182.58252
26114;1168.58252
26115;968.58252
26116;791.607544
26117;782.607544
26118;745.607544
26119;757.607544
26120;702.872742
26121;718.872742
26122;768.872742
26123;1051.8728
26124;1155.30225
26125;1160.30225
26126;1158.30225
26127;1109.30225
26128;1060.84131
26129;1115.84131
26130;1145.84131
26131;1201.84131
26132;1148.92102
26133;1155.92102
26134;1132.92102
26135;1154.92102
26136;1097.60522
26137;1072.60522
26138;1025.60522
26139;783.605286
26140;840.37677
26141;793.37677
26142;796.37677
26143;792.37677
26144;775.827698
26145;785.827698
26146;842.827698
26147;1158.82764
26148;1300.32239
26149;1335.32239
26150;1322.32239
26151;1299.32239
26152;1321.7489
26153;1280.7489
26154;1304.7489
26155;1258.7489
26156;1030.3866
26157;1004.38654
26158;922.386536
26159;794.386536
26160;816.655884
26161;778.655884
26162;754.655884
26163;671.655884
26164;720.138123
26165;719.138123
26166;693.138123
26167;673.138123
26168;915.48291
26169;910.48291
26170;870.48291
26171;704.48291
26172;517.67865
26173;519.67865
26174;523.67865
26175;522.67865
26176;668.92627
26177;668.92627
26178;625.92627
26179;602.92627
26180;371.094696
26181;367.094696
26182;366.094696
26183;368.094696
26184;290.207703
26185;286.207703
26186;293.207703
26187;295.207703
26188;378.129059
26189;377.129059
26190;376.129059
26191;372.129059
26192;606.504272
26193;609.504272
26194;606.504272
26195;602.504272
26196;310.213867
26197;309.213867
26198;309.213867
26199;307.213867
26200;786.307251
26201;787.307251
26202;790.307251
26203;788.307251
26204;524.391235
26205;523.391235
26206;525.391235
26207;525.391235
26208;277.66214
26209;277.66214
26210;281.66214
26211;285.66214
26212;173.647873
26213;173.647873
26214;173.647873
26215;170.647873
26216;137.675385
26217;162.675385
26218;197.675385
26219;539.675354
26220;766.148071
26221;790.148071
26222;812.148071
26223;864.148071
26224;927.875061
26225;960.875061
26226;1019.87506
26227;964.875061
26228;1041.76624
26229;1099.76624
26230;1067.76624
26231;1013.7663
26232;1156.68396
26233;1165.68396
26234;1143.68396
26235;813.68396
26236;796.783447
26237;840.783447
26238;856.783447
26239;862.783447
26240;824.50824
26241;819.50824
26242;896.50824
26243;1134.5083
26244;1411.5105
26245;1439.5105
26246;1433.5105
26247;1476.5105
26248;1621.00916
26249;1584.00916
26250;1364.00916
26251;868.009155
26252;1506.62634
26253;1462.62634
26254;1459.62634
26255;1409.62634
26256;1302.6145
26257;1281.6145
26258;1183.6145
26259;1085.6145
26260;861.248108
26261;832.248108
26262;831.248108
26263;783.248108
26264;827.97229
26265;824.97229
26266;871.97229
26267;1160.97229
26268;1254.46277
26269;1293.46277
26270;1375.46277
26271;1346.46277
26272;1224.53552
26273;1335.53552
26274;1321.53552
26275;1162.53552
26276;1318.03687
26277;861.036682
26278;868.036682
26279;860.036682
26280;1186.36829
26281;1469.36829
26282;1600.36829
26283;1665.36829
26284;1352.93823
26285;1313.93823
26286;1254.93823
26287;1340.93823
26288;1584.42578
26289;1578.42578
26290;1635.42578
26291;1604.42578
26292;1324.80627
26293;1239.80627
26294;1344.80627
26295;1265.80627
26296;1641.33386
26297;1478.33386
26298;1425.33386
26299;1449.33386
26300;1513.65247
26301;1490.65247
26302;1417.65247
26303;1416.65247
26304;1094.84253
26305;1376.84253
26306;1476.84253
26307;1583.84253
26308;1152.92395
26309;1160.92395
26310;1104.92395
26311;1108.92395
26312;1075.43896
26313;1098.43896
26314;1106.43896
26315;1089.43896
26316;1045.63647
26317;1022.63647
26318;1044.63647
26319;972.636475
26320;804.200073
26321;580.200073
26322;549.200073
26323;586.200073
26324;603.664001
26325;606.664001
26326;608.664001
26327;635.664001
26328;805.270386
26329;1041.27039
26330;1122.27039
26331;1219.27039
26332;1215.0011
26333;1263.0011
26334;1182.0011
26335;1302.0011
26336;1280.48071
26337;1302.48071
26338;1328.48071
26339;1271.48071
26340;1228.42603
26341;1153.42603
26342;1197.42603
26343;1171.42603
26344;1028.60803
26345;822.607971
26346;855.607971
26347;772.607971
26348;830.2854
26349;824.2854
26350;816.2854
26351;807.2854
26352;1168.026
26353;1363.026
26354;1555.026
26355;1572.026
26356;1067.99036
26357;1098.99036
26358;1052.99036
26359;1102.99036
26360;1172.96045
26361;1121.96045
26362;1033.96045
26363;999.960388
26364;1295.53882
26365;1205.53882
26366;1182.53882
26367;1039.53882
26368;742.162598
26369;653.162598
26370;589.162598
26371;594.162598
26372;639.62439
26373;641.62439
26374;628.62439
26375;644.62439
26376;531.166016
26377;457.166046
26378;427.166046
26379;439.166046
26380;497.056915
26381;456.056915
26382;433.056915
26383;414.056915
26384;383.012024
26385;351.012024
26386;315.012024
26387;316.012024
26388;294.04715
26389;292.04715
26390;292.04715
26391;294.04715
26392;459.370544
26393;465.370544
26394;461.370544
26395;461.370544
26396;505.930054
26397;502.930054
26398;502.930054
26399;503.930054
26400;523.575073
26401;521.575073
26402;521.575073
26403;518.575073
26404;231.086395
26405;232.086395
26406;230.086395
26407;231.086395
26408;208.654816
26409;209.654816
26410;207.654816
26411;207.654816
26412;186.62149
26413;188.62149
26414;189.62149
26415;188.62149
26416;162.992004
26417;170.992004
26418;169.992004
26419;170.992004
26420;168.227417
26421;166.227417
26422;167.227417
26423;168.227417
26424;173.934372
26425;170.934372
26426;173.934372
26427;170.934372
26428;176.246399
26429;179.246399
26430;180.246399
26431;180.246399
26432;268.743896
26433;269.743896
26434;270.743896
26435;270.743896
26436;265.254364
26437;265.254364
26438;266.254364
26439;263.254364
26440;212.768066
26441;218.768066
26442;218.768066
26443;217.768066
26444;231.023315
26445;231.023315
26446;226.023315
26447;228.023315
26448;514.376526
26449;752.376587
26450;1062.37659
26451;1143.37659
26452;1290.85547
26453;1439.85547
26454;1423.85547
26455;1510.85547
26456;1511.89709
26457;1515.89709
26458;1443.89709
26459;1365.89709
26460;1112.07178
26461;1109.07178
26462;1118.07178
26463;1072.07178
26464;983.120911
26465;776.120911
26466;776.120911
26467;768.120911
26468;931.910217
26469;939.910217
26470;933.910217
26471;934.910217
26472;1045.61462
26473;1259.61462
26474;1406.61462
26475;1519.61462
26476;1484.52966
26477;1547.52966
26478;1460.52966
26479;1543.52966
26480;1579.75366
26481;1554.75366
26482;1440.75366
26483;1445.75366
26484;1580.02319
26485;1569.02319
26486;1527.02319
26487;1513.02319
26488;1494.16968
26489;1347.16968
26490;1342.16968
26491;1330.16968
26492;1414.29883
26493;1409.29883
26494;1408.29883
26495;1411.29883
26496;744.922852
26497;1001.92285
26498;1179.92297
26499;1246.92297
26500;1121.27429
26501;1162.27429
26502;1119.27429
26503;1139.27429
26504;1114.14709
26505;1099.14709
26506;1086.14709
26507;1062.14709
26508;1065.47437
26509;1019.47443
26510;1046.47437
26511;966.474426
26512;921.591125
26513;722.591125
26514;730.591125
26515;705.591125
26516;679.655334
26517;670.655334
26518;657.655334
26519;676.655334
26520;688.020935
26521;872.020935
26522;983.020935
26523;1019.02094
26524;1021.50879
26525;1107.50879
26526;993.508789
26527;994.508789
26528;1078.18726
26529;1054.18726
26530;1011.18738
26531;933.187378
26532;803.165771
26533;754.165771
26534;638.165771
26535;592.165771
26536;593.021118
26537;620.021118
26538;642.021118
26539;634.021118
26540;496.670197
26541;477.670197
26542;470.670197
26543;401.670197
26544;448.202087
26545;313.202087
26546;312.202087
26547;311.202087
26548;214.915787
26549;216.915787
26550;215.915787
26551;216.915787
26552;211.269485
26553;209.269485
26554;208.269485
26555;209.269485
26556;185.004074
26557;186.004074
26558;183.004074
26559;185.004074
26560;218.279831
26561;222.279831
26562;222.279831
26563;220.279831
26564;237.173645
26565;233.173645
26566;233.173645
26567;235.173645
26568;405.440094
26569;402.440094
26570;401.440094
26571;398.440094
26572;484.766052
26573;482.766052
26574;480.766052
26575;482.766052
26576;490.637512
26577;489.637512
26578;491.637512
26579;490.637512
26580;350.570435
26581;352.570435
26582;350.570435
26583;349.570435
26584;667.472595
26585;670.472595
26586;671.472595
26587;670.472595
26588;471.61734
26589;471.61734
26590;476.61734
26591;478.61734
26592;209.760712
26593;373.760712
26594;636.760681
26595;703.760681
26596;827.841492
26597;826.841492
26598;910.841492
26599;936.841492
26600;941.896545
26601;874.896545
26602;876.896545
26603;836.896545
26604;879.272217
26605;989.272217
26606;985.272217
26607;931.272217
26608;933.396179
26609;708.396179
26610;709.396179
26611;694.396179
26612;649.784058
26613;609.784058
26614;661.784058
26615;687.784058
26616;748.078857
26617;1075.07886
26618;1155.07886
26619;1148.07886
26620;1203.672
26621;1196.672
26622;1142.672
26623;1205.672
26624;1215.31946
26625;1195.31946
26626;1158.31946
26627;1166.31946
26628;1376.57581
26629;1348.57581
26630;1384.57581
26631;1319.57581
26632;1045.87024
26633;857.870178
26634;818.870178
26635;810.870178
26636;754.501343
26637;779.501343
26638;771.501343
26639;757.501343
26640;916.351868
26641;1038.35193
26642;1152.35193
26643;1185.35193
26644;1130.63599
26645;1148.63599
26646;1084.63599
26647;1091.63599
26648;1063.20923
26649;1031.20923
26650;895.209167
26651;887.209167
26652;849.187256
26653;875.187256
26654;878.187256
26655;802.187256
26656;602.333252
26657;579.333252
26658;559.333252
26659;531.333252
26660;600.5401
26661;603.5401
26662;571.5401
26663;520.5401
26664;819.022705
26665;807.022705
26666;805.022705
26667;781.022705
26668;642.04834
26669;554.04834
26670;526.04834
26671;524.04834
26672;414.0159
26673;418.0159
26674;417.0159
26675;415.0159
26676;334.196411
26677;332.196411
26678;332.196411
26679;330.196411
26680;426.761688
26681;433.761688
26682;431.761688
26683;429.761688
26684;559.003296
26685;557.003296
26686;560.003296
26687;564.003296
26688;339.580536
26689;613.580505
26690;666.580505
26691;678.580505
26692;571.685242
26693;591.685242
26694;580.685242
26695;567.685242
26696;479.094604
26697;484.094604
26698;478.094604
26699;466.094604
26700;456.463104
26701;421.463104
26702;377.463104
26703;255.46312
26704;180.989441
26705;180.989441
26706;178.989441
26707;177.989441
26708;166.759705
26709;164.759705
26710;165.759705
26711;166.759705
26712;213.274902
26713;211.274902
26714;212.274902
26715;211.274902
26716;389.196991
26717;388.196991
26718;388.196991
26719;388.196991
26720;405.131805
26721;408.131805
26722;404.131805
26723;405.131805
26724;321.815735
26725;322.815735
26726;319.815735
26727;318.815735
26728;270.304199
26729;278.304199
26730;275.304199
26731;275.304199
26732;179.940628
26733;177.940628
26734;176.940628
26735;179.940628
26736;322.907898
26737;319.907898
26738;321.907898
26739;322.907898
26740;307.526489
26741;308.526489
26742;308.526489
26743;310.526489
26744;317.709167
26745;313.709167
26746;314.709167
26747;315.709167
26748;270.381073
26749;270.381073
26750;269.381073
26751;265.381073
26752;247.778336
26753;251.778336
26754;249.778336
26755;249.778336
26756;302.976379
26757;300.976379
26758;300.976379
26759;301.976379
26760;682.225037
26761;859.225037
26762;1117.2251
26763;1124.2251
26764;867.764404
26765;913.764404
26766;877.764404
26767;1000.7644
26768;898.46637
26769;931.46637
26770;915.46637
26771;916.46637
26772;992.248535
26773;1019.24854
26774;1069.24866
26775;1053.24866
26776;1096.84753
26777;863.847534
26778;910.847534
26779;915.847534
26780;1282.72766
26781;1281.72766
26782;1276.72766
26783;1261.72766
26784;939.029236
26785;1109.02917
26786;1287.02917
26787;1289.02917
26788;1092.36792
26789;1133.36792
26790;1172.36792
26791;1150.36792
26792;1080.09167
26793;1130.09167
26794;1155.09167
26795;1108.09167
26796;1073.71887
26797;1057.71887
26798;1030.71887
26799;938.718872
26800;823.657532
26801;725.657532
26802;727.657532
26803;725.657532
26804;708.268127
26805;711.268127
26806;696.268127
26807;702.268127
26808;743.87738
26809;860.87738
26810;1029.87744
26811;1143.87744
26812;1297.32617
26813;1302.32617
26814;1260.32617
26815;1277.32617
26816;1276.76379
26817;1228.76379
26818;1262.76379
26819;1290.76379
26820;1372.7312
26821;1337.7312
26822;1299.7312
26823;1239.7312
26824;1084.34448
26825;917.344543
26826;905.344543
26827;906.344543
26828;753.479858
26829;731.479858
26830;736.479858
26831;743.479858
26832;871.258301
26833;1120.25842
26834;1271.25842
26835;1366.25842
26836;1424.68713
26837;1459.68713
26838;1341.68713
26839;1400.68713
26840;1734.52771
26841;1650.52771
26842;1616.52771
26843;1696.52771
26844;1404.23413
26845;1337.23413
26846;1341.23413
26847;1338.23413
26848;1383.18994
26849;1234.18994
26850;1199.18994
26851;1197.18994
26852;924.153503
26853;915.153503
26854;907.153503
26855;926.153503
26856;857.147461
26857;1095.14746
26858;1232.14746
26859;1311.14746
26860;1389.20447
26861;1190.20447
26862;1388.20447
26863;1336.20447
26864;1541.72156
26865;1495.72156
26866;1397.72156
26867;1355.72156
26868;938.217224
26869;768.217224
26870;622.217224
26871;717.217224
26872;1252.4967
26873;1222.4967
26874;1248.4967
26875;1187.4967
26876;876.640869
26877;877.640869
26878;877.640869
26879;840.640869
26880;477.823303
26881;320.823303
26882;291.823303
26883;288.823303
26884;174.814529
26885;174.814529
26886;172.814529
26887;174.814529
26888;164.773453
26889;164.773453
26890;166.773453
26891;166.773453
26892;167.13269
26893;165.13269
26894;164.13269
26895;163.13269
26896;166.906464
26897;174.906464
26898;172.906464
26899;172.906464
26900;170.870422
26901;167.870422
26902;167.870422
26903;167.870422
26904;255.821426
26905;250.821426
26906;251.821426
26907;250.821426
26908;277.926788
26909;275.926788
26910;276.926788
26911;279.926788
26912;246.133957
26913;246.133957
26914;244.133957
26915;245.133957
26916;377.478088
26917;375.478088
26918;374.478088
26919;373.478088
26920;573.774292
26921;579.774292
26922;579.774292
26923;579.774292
26924;491.167419
26925;492.167419
26926;498.167419
26927;499.167419
26928;417.728912
26929;791.728943
26930;989.728943
26931;1053.72888
26932;954.945618
26933;912.945618
26934;863.945618
26935;973.945618
26936;998.82666
26937;953.82666
26938;939.82666
26939;919.82666
26940;969.735107
26941;910.735107
26942;951.735107
26943;962.735107
26944;835.076843
26945;632.076843
26946;604.076843
26947;601.076843
26948;734.905762
26949;713.905762
26950;769.905762
26951;780.905762
26952;1124.30542
26953;1285.30542
26954;1465.30542
26955;1634.30542
26956;1389.37634
26957;1360.37634
26958;1344.37634
26959;1378.37634
26960;1627.11389
26961;1603.11389
26962;1589.11389
26963;1660.11389
26964;1389.40552
26965;1342.40552
26966;1337.40552
26967;1322.40552
26968;1647.5968
26969;1356.5968
26970;1303.5968
26971;1293.5968
26972;1390.9751
26973;1396.9751
26974;1409.9751
26975;1411.9751
26976;1110.84863
26977;1384.84863
26978;1456.84863
26979;1593.84863
26980;1158.6792
26981;1171.6792
26982;1125.6792
26983;1136.6792
26984;1153.22815
26985;1079.22815
26986;1021.22815
26987;1010.22815
26988;965.536682
26989;915.536682
26990;1007.53668
26991;952.536682
26992;885.257812
26993;790.257812
26994;694.257812
26995;665.257812
26996;681.967834
26997;682.967834
26998;683.967834
26999;686.967834
27000;809.774902
27001;1066.77502
27002;1230.77502
27003;1245.77502
27004;1246.41772
27005;1231.41772
27006;1231.41772
27007;1289.41772
27008;1274.07812
27009;1205.07812
27010;1227.07812
27011;1221.07812
27012;1109.2262
27013;1014.22614
27014;1098.2262
27015;1122.2262
27016;1014.737
27017;788.737
27018;739.737
27019;742.737
27020;835.966431
27021;828.966431
27022;816.966431
27023;819.966431
27024;1145.8728
27025;1295.8728
27026;1449.8728
27027;1439.8728
27028;942.479553
27029;826.479553
27030;734.479553
27031;759.479553
27032;751.653259
27033;604.653259
27034;605.653259
27035;578.653259
27036;846.228455
27037;850.228455
27038;840.228455
27039;820.228455
27040;560.456238
27041;589.456238
27042;573.456238
27043;561.456238
27044;618.970276
27045;611.970276
27046;600.970276
27047;575.970276
27048;508.642303
27049;372.642303
27050;364.642303
27051;349.642303
27052;424.092896
27053;418.092896
27054;421.092896
27055;412.092896
27056;386.888916
27057;396.888916
27058;391.888916
27059;368.888916
27060;299.929626
27061;290.929626
27062;290.929626
27063;287.929626
27064;453.226715
27065;460.226715
27066;458.226715
27067;457.226715
27068;500.735382
27069;497.735382
27070;497.735382
27071;499.735382
27072;519.856995
27073;514.856995
27074;514.856995
27075;513.856995
27076;223.569
27077;223.569
27078;224.569
27079;223.569
27080;202.333282
27081;202.333282
27082;201.333282
27083;201.333282
27084;181.355148
27085;183.355148
27086;180.355148
27087;180.355148
27088;159.720581
27089;166.720581
27090;163.720581
27091;161.720581
27092;168.867004
27093;167.867004
27094;167.867004
27095;168.867004
27096;190.465042
27097;352.465027
27098;543.465027
27099;555.465027
27100;545.651062
27101;672.651062
27102;781.651062
27103;780.651062
27104;826.853638
27105;1011.85364
27106;983.853638
27107;900.853638
27108;863.166992
27109;884.166992
27110;848.166992
27111;803.166992
27112;705.914429
27113;737.914429
27114;697.914429
27115;693.914429
27116;716.612366
27117;713.612366
27118;704.612366
27119;706.612366
27120;965.644592
27121;1108.64465
27122;1258.64465
27123;1323.64465
27124;1458.35132
27125;1439.35132
27126;1441.35132
27127;1426.35132
27128;1421.33289
27129;1439.33289
27130;1424.33289
27131;1462.33289
27132;1155.34619
27133;1089.34619
27134;1097.34619
27135;1077.34619
27136;953.026367
27137;791.026367
27138;786.026367
27139;775.026367
27140;952.817749
27141;949.817749
27142;906.817749
27143;904.817749
27144;983.522827
27145;1240.52283
27146;1364.52283
27147;1398.52283
27148;1385.50049
27149;1463.50049
27150;1528.50049
27151;1487.50049
27152;1500.28845
27153;1475.28845
27154;1447.28845
27155;1395.28845
27156;1524.36047
27157;1483.36047
27158;1505.36047
27159;1468.36047
27160;1564.67383
27161;1409.67383
27162;1397.67383
27163;1393.67383
27164;1410.73621
27165;1393.73621
27166;1398.73621
27167;1409.73621
27168;744.270264
27169;911.270264
27170;1132.27026
27171;1216.27026
27172;1218.63354
27173;1169.63354
27174;1191.63354
27175;1159.63354
27176;1172.18396
27177;1132.18396
27178;1084.18396
27179;1043.18396
27180;1053.29102
27181;1045.29102
27182;1032.29102
27183;1044.29102
27184;1059.56177
27185;880.561829
27186;831.561829
27187;714.561829
27188;697.700073
27189;687.700073
27190;700.700073
27191;685.700073
27192;707.683105
27193;873.683105
27194;1032.68311
27195;1076.68311
27196;1126.19067
27197;1190.19067
27198;1179.19067
27199;1172.19067
27200;1251.75183
27201;1209.75183
27202;1204.75183
27203;1150.75183
27204;988.261719
27205;955.261719
27206;966.261719
27207;899.261719
27208;785.221436
27209;698.221436
27210;645.221436
27211;597.221436
27212;489.199402
27213;459.199402
27214;451.199402
27215;452.199402
27216;551.54364
27217;437.54361
27218;468.54361
27219;401.54361
27220;336.356323
27221;349.356323
27222;342.356323
27223;341.356323
27224;327.077637
27225;300.077637
27226;273.077637
27227;261.077637
27228;187.427551
27229;189.427551
27230;187.427551
27231;186.427551
27232;220.121689
27233;225.121689
27234;222.121689
27235;217.121689
27236;232.969559
27237;226.969559
27238;226.969559
27239;228.969559
27240;395.643951
27241;393.643951
27242;392.643951
27243;394.643951
27244;479.198944
27245;476.198944
27246;477.198944
27247;478.198944
27248;487.203979
27249;487.203979
27250;486.203979
27251;487.203979
27252;348.313354
27253;347.313354
27254;348.313354
27255;346.313354
27256;662.420715
27257;665.420715
27258;662.420715
27259;663.420715
27260;465.462433
27261;468.462433
27262;471.462433
27263;474.462433
27264;254.386948
27265;685.386963
27266;755.386963
27267;783.386963
27268;833.203491
27269;888.203491
27270;836.203491
27271;928.203491
27272;932.843933
27273;861.843933
27274;875.843933
27275;878.843933
27276;867.682495
27277;823.682495
27278;1022.6825
27279;1007.6825
27280;838.643982
27281;701.643982
27282;712.643982
27283;691.643982
27284;674.70813
27285;681.70813
27286;698.70813
27287;714.70813
27288;804.878479
27289;936.878479
27290;1036.87854
27291;1212.87854
27292;1277.45398
27293;1254.45398
27294;1230.45398
27295;1237.45398
27296;1298.49133
27297;1275.49133
27298;1224.49133
27299;1196.49133
27300;1372.08557
27301;1363.08557
27302;1379.08557
27303;1337.08557
27304;889.820312
27305;836.820312
27306;825.820312
27307;806.820312
27308;744.645325
27309;732.645325
27310;737.645325
27311;754.645325
27312;931.326904
27313;1188.3269
27314;1301.3269
27315;1333.3269
27316;1140.521
27317;1122.521
27318;1124.521
27319;1148.521
27320;1180.11121
27321;1151.11121
27322;1118.11121
27323;1135.11121
27324;1124.64294
27325;1091.64294
27326;1105.64294
27327;1062.64294
27328;967.677795
27329;837.677795
27330;802.677795
27331;800.677795
27332;871.494263
27333;871.494263
27334;868.494263
27335;880.494263
27336;1242.4397
27337;1509.4397
27338;1523.4397
27339;1524.4397
27340;1565.53809
27341;1538.53809
27342;1472.53809
27343;1470.53809
27344;1411.18481
27345;1313.18481
27346;1309.18481
27347;1159.18481
27348;1048.21082
27349;965.210876
27350;950.210876
27351;941.210876
27352;1082.94922
27353;1055.94922
27354;1034.94934
27355;1008.94928
27356;1120.30774
27357;1116.30774
27358;1117.30774
27359;1128.30774
27360;955.620544
27361;1184.62061
27362;1327.62061
27363;1350.62061
27364;1190.69861
27365;1157.69861
27366;1073.69861
27367;1048.69861
27368;1057.06079
27369;1043.06079
27370;1073.06079
27371;940.060669
27372;881.47467
27373;666.47467
27374;665.47467
27375;636.47467
27376;639.04657
27377;613.04657
27378;620.04657
27379;609.04657
27380;476.951263
27381;457.951263
27382;459.951263
27383;417.951263
27384;326.71933
27385;331.71933
27386;369.71933
27387;363.71933
27388;549.809265
27389;542.809265
27390;542.809265
27391;543.809265
27392;557.004883
27393;515.004883
27394;505.004883
27395;493.004883
27396;362.394562
27397;361.394562
27398;361.394562
27399;362.394562
27400;306.016144
27401;306.016144
27402;303.016144
27403;292.016144
27404;193.667053
27405;191.667053
27406;191.667053
27407;194.667053
27408;336.814484
27409;334.814484
27410;335.814484
27411;333.814484
27412;315.572205
27413;314.572205
27414;314.572205
27415;315.572205
27416;327.425995
27417;329.425995
27418;329.425995
27419;329.425995
27420;279.274597
27421;279.274597
27422;278.274597
27423;279.274597
27424;259.828522
27425;265.828522
27426;261.828522
27427;258.828522
27428;313.651093
27429;311.651093
27430;310.651093
27431;316.651093
27432;712.092712
27433;1026.09265
27434;1115.09265
27435;1127.09265
27436;944.44696
27437;971.44696
27438;1001.44696
27439;1014.44696
27440;915.63092
27441;878.63092
27442;905.63092
27443;977.63092
27444;855.99707
27445;974.99707
27446;1060.99707
27447;939.99707
27448;966.666931
27449;975.666931
27450;928.666931
27451;941.666931
27452;1302.60217
27453;1297.60217
27454;1306.60217
27455;1297.60217
27456;985.955505
27457;1150.95557
27458;1219.95557
27459;1277.95557
27460;1070.55115
27461;1081.55115
27462;1078.55115
27463;1089.55115
27464;1063.55127
27465;1023.55121
27466;981.551208
27467;990.551208
27468;926.384888
27469;945.384888
27470;853.384888
27471;829.384888
27472;740.353821
27473;715.353821
27474;710.353821
27475;695.353821
27476;689.039673
27477;655.039673
27478;673.039673
27479;721.039673
27480;786.642639
27481;982.642639
27482;1096.6427
27483;1181.6427
27484;1188.11377
27485;1252.11377
27486;1246.11377
27487;1238.11377
27488;1215.63904
27489;1092.63904
27490;1128.63904
27491;1065.63904
27492;1200.97034
27493;1132.97034
27494;1002.97028
27495;946.970276
27496;934.461975
27497;906.461975
27498;898.461975
27499;896.461975
27500;762.094482
27501;683.094482
27502;627.094482
27503;695.094482
27504;850.809753
27505;1161.80981
27506;1293.80981
27507;1277.80981
27508;1334.61902
27509;1324.61902
27510;1383.61902
27511;1329.61902
27512;1581.98328
27513;1547.98328
27514;1538.98328
27515;1525.98328
27516;1250.67322
27517;1256.67322
27518;1294.67322
27519;1355.67322
27520;1289.16333
27521;1182.16333
27522;1200.16333
27523;1234.16333
27524;927.948425
27525;907.948425
27526;921.948425
27527;926.948425
27528;863.397888
27529;1102.39795
27530;1230.39795
27531;1314.39795
27532;1421.28918
27533;1422.28918
27534;1374.28918
27535;1349.28918
27536;1469.41833
27537;1377.41833
27538;1361.41833
27539;1304.41833
27540;920.957092
27541;785.957092
27542;786.957092
27543;781.957092
27544;1256.10107
27545;1223.10107
27546;1228.10107
27547;1218.10107
27548;916.766541
27549;906.766541
27550;871.766541
27551;823.766541
27552;422.804199
27553;363.804199
27554;374.804199
27555;373.804199
27556;260.674835
27557;267.674805
27558;267.674805
27559;263.674835
27560;252.710709
27561;247.710709
27562;240.710709
27563;226.710709
27564;183.29422
27565;183.29422
27566;182.29422
27567;182.29422
27568;190.197281
27569;195.197281
27570;190.197281
27571;187.197281
27572;185.05043
27573;184.05043
27574;183.05043
27575;184.05043
27576;268.929901
27577;264.929901
27578;265.929901
27579;264.929901
27580;289.97348
27581;290.97348
27582;292.97348
27583;290.97348
27584;259.968384
27585;258.968384
27586;258.968384
27587;257.968384
27588;386.26712
27589;387.26712
27590;386.26712
27591;387.26712
27592;587.619385
27593;592.619385
27594;591.619385
27595;592.619385
27596;501.701843
27597;501.701843
27598;507.701843
27599;512.701843
27600;428.828064
27601;557.828125
27602;675.828125
27603;907.828125
27604;810.83844
27605;797.83844
27606;771.83844
27607;815.83844
27608;788.049438
27609;760.049438
27610;850.049438
27611;1008.04944
27612;984.521912
27613;1027.52197
27614;983.521912
27615;896.521912
27616;677.729736
27617;584.729736
27618;579.729736
27619;532.729736
27620;689.331421
27621;674.331421
27622;635.331421
27623;690.331421
27624;1040.20312
27625;1164.20312
27626;1220.20312
27627;1261.20312
27628;1020.02222
27629;972.022217
27630;1008.02222
27631;1050.02222
27632;1341.84204
27633;1303.84204
27634;1332.84204
27635;1313.84204
27636;1002.73944
27637;970.739441
27638;975.739441
27639;891.739441
27640;1241.83411
27641;1265.83411
27642;1294.83411
27643;1288.83411
27644;1387.25684
27645;1406.25684
27646;1384.25684
27647;1396.25684
27648;1097.77637
27649;1328.77637
27650;1437.77637
27651;1426.77637
27652;973.747681
27653;911.747681
27654;898.747681
27655;964.747681
27656;984.668701
27657;924.668701
27658;1085.6687
27659;1009.6687
27660;1008.0722
27661;1028.07214
27662;963.072205
27663;986.072205
27664;839.651794
27665;737.651794
27666;727.651794
27667;716.651794
27668;720.157288
27669;687.157288
27670;683.157288
27671;689.157288
27672;851.70105
27673;1140.70105
27674;1292.70105
27675;1222.70105
27676;1294.13586
27677;1239.13586
27678;1241.13586
27679;1203.13586
27680;1276.14709
27681;1219.14709
27682;1207.14709
27683;1179.14709
27684;1100.56433
27685;1082.56433
27686;1075.56433
27687;1014.56433
27688;825.192261
27689;775.192261
27690;748.192261
27691;766.192261
27692;836.006653
27693;836.006653
27694;824.006653
27695;828.006653
27696;1179.36975
27697;1387.36975
27698;1438.36975
27699;1551.36975
27700;1115.55164
27701;1092.55164
27702;1010.5517
27703;1025.55164
27704;1125.41614
27705;1145.41614
27706;1111.41614
27707;1056.41614
27708;1239.19714
27709;1239.19714
27710;1114.19714
27711;960.197083
27712;678.553589
27713;700.553589
27714;688.553589
27715;686.553589
27716;737.805115
27717;688.805115
27718;569.805115
27719;487.805115
27720;413.295715
27721;374.295715
27722;368.295715
27723;360.295715
27724;425.848724
27725;460.848724
27726;459.848724
27727;456.848724
27728;405.012024
27729;391.012024
27730;383.012024
27731;328.012024
27732;307.201691
27733;307.201691
27734;304.201691
27735;304.201691
27736;473.175262
27737;479.175262
27738;475.175262
27739;471.175262
27740;513.862793
27741;513.862793
27742;512.862793
27743;516.862793
27744;532.599609
27745;529.599609
27746;531.599609
27747;528.599609
27748;239.712845
27749;237.712845
27750;237.712845
27751;237.712845
27752;216.545654
27753;215.545654
27754;216.545654
27755;216.545654
27756;195.627869
27757;197.627869
27758;197.627869
27759;198.627869
27760;177.968964
27761;177.968964
27762;177.968964
27763;175.968964
27764;175.095825
27765;179.095825
27766;182.095825
27767;190.095825
27768;285.625183
27769;506.625183
27770;734.625183
27771;803.625183
27772;847.637756
27773;900.637756
27774;839.637756
27775;786.637756
27776;738.957947
27777;753.957947
27778;726.957947
27779;720.957947
27780;797.424622
27781;754.424622
27782;741.424622
27783;703.424622
27784;553.72113
27785;483.72113
27786;494.72113
27787;477.72113
27788;645.775513
27789;657.775513
27790;678.775513
27791;680.775513
27792;1029.74353
27793;1301.74353
27794;1348.74353
27795;1323.74353
27796;1444.10364
27797;1401.10364
27798;1429.10364
27799;1477.10364
27800;1390.87476
27801;1250.87476
27802;1285.87476
27803;1226.87476
27804;916.712769
27805;926.712769
27806;905.712769
27807;838.712769
27808;789.00647
27809;778.00647
27810;735.00647
27811;735.00647
27812;915.96637
27813;915.96637
27814;919.96637
27815;938.96637
27816;1067.56348
27817;1423.56348
27818;1462.56348
27819;1499.56348
27820;1553.01379
27821;1455.01379
27822;1425.01379
27823;1460.01379
27824;1475.28174
27825;1268.28174
27826;1228.28174
27827;1204.28174
27828;1330.19507
27829;1298.19507
27830;1290.19507
27831;1268.19507
27832;1422.28992
27833;1393.28992
27834;1384.28992
27835;1380.28992
27836;1458.43677
27837;1461.43677
27838;1457.43677
27839;1480.43677
27840;865.015137
27841;1245.01514
27842;1305.01514
27843;1305.01514
27844;1213.42944
27845;1288.42944
27846;1240.42944
27847;1300.42944
27848;1256.00879
27849;1004.00879
27850;972.008789
27851;936.008789
27852;896.290344
27853;881.290344
27854;900.290344
27855;880.290344
27856;802.836243
27857;780.836243
27858;773.836243
27859;762.836243
27860;755.085022
27861;731.085022
27862;724.085022
27863;735.085022
27864;819.101379
27865;1208.10132
27866;1269.10132
27867;1305.10132
27868;1376.67871
27869;1317.67871
27870;1281.67871
27871;1287.67871
27872;1372.46814
27873;1252.46814
27874;1187.46814
27875;1109.46814
27876;1046.15198
27877;1035.15198
27878;946.151917
27879;885.151917
27880;851.896667
27881;828.896667
27882;808.896667
27883;738.896667
27884;559.932251
27885;552.932251
27886;509.932251
27887;462.932251
27888;479.153259
27889;410.153259
27890;442.153259
27891;433.153259
27892;325.449066
27893;318.449066
27894;307.449066
27895;319.449066
27896;312.036194
27897;304.036194
27898;291.036194
27899;232.036209
27900;205.405701
27901;199.405701
27902;193.405701
27903;193.405701
27904;227.512589
27905;231.512589
27906;227.512589
27907;224.512589
27908;239.894974
27909;238.894974
27910;238.894974
27911;241.894974
27912;409.784851
27913;404.784851
27914;406.784851
27915;404.784851
27916;486.808289
27917;487.808289
27918;486.808289
27919;486.808289
27920;495.746552
27921;496.746552
27922;497.746552
27923;497.746552
27924;357.798645
27925;357.798645
27926;356.798645
27927;356.798645
27928;674.957703
27929;679.957703
27930;678.957703
27931;677.957703
27932;480.117737
27933;483.117737
27934;485.117737
27935;494.117737
27936;313.105194
27937;600.105225
27938;856.105225
27939;914.105225
27940;929.006165
27941;972.006165
27942;946.006165
27943;1040.0061
27944;1071.69971
27945;923.699646
27946;925.699646
27947;878.699646
27948;878.470825
27949;959.470825
27950;922.470825
27951;862.470825
27952;806.37793
27953;721.37793
27954;698.37793
27955;683.37793
27956;669.503906
27957;658.503906
27958;597.503906
27959;674.503906
27960;804.724731
27961;1127.72473
27962;1335.72473
27963;1339.72473
27964;1397.49475
27965;1370.49475
27966;1299.49475
27967;1361.49475
27968;1409.91003
27969;1280.91003
27970;1209.91003
27971;1205.91003
27972;1382.66687
27973;1343.66687
27974;1355.66687
27975;1284.66687
27976;896.998291
27977;802.998291
27978;815.998291
27979;812.998291
27980;760.613892
27981;734.613892
27982;737.613892
27983;749.613892
27984;974.220154
27985;1398.22021
27986;1346.22021
27987;1364.22021
27988;1202.19788
27989;1210.19788
27990;1188.19788
27991;1196.19788
27992;1226.38123
27993;1071.38123
27994;990.381165
27995;901.381165
27996;888.175659
27997;824.175659
27998;798.175659
27999;804.175659
28000;842.601807
28001;821.601807
28002;725.601807
28003;676.601807
28004;756.006958
28005;753.006958
28006;763.006958
28007;769.006958
28008;1138.12671
28009;1414.12671
28010;1505.12671
28011;1668.12671
28012;1567.84009
28013;1515.84009
28014;1512.84009
28015;1557.84009
28016;1498.24756
28017;1244.24756
28018;1240.24756
28019;1197.24756
28020;1103.00952
28021;1081.00952
28022;1075.00952
28023;1033.00952
28024;975.913391
28025;939.913391
28026;925.913391
28027;938.913391
28028;1067.3009
28029;1064.3009
28030;1052.3009
28031;1067.3009
28032;909.773743
28033;1221.77368
28034;1313.77368
28035;1380.77368
28036;1189.8866
28037;1199.8866
28038;1168.8866
28039;1149.8866
28040;1169.30298
28041;1000.30292
28042;945.302917
28043;945.302917
28044;954.703369
28045;895.703369
28046;730.703369
28047;691.703369
28048;692.26532
28049;662.26532
28050;652.26532
28051;621.26532
28052;589.154968
28053;573.154968
28054;557.154968
28055;563.154968
28056;575.926086
28057;519.926086
28058;473.926117
28059;453.926117
28060;611.006226
28061;629.006226
28062;609.006226
28063;638.006226
28064;625.583435
28065;528.583435
28066;480.583405
28067;432.583405
28068;338.472137
28069;337.472137
28070;337.472137
28071;335.472137
28072;288.346497
28073;291.346497
28074;285.346497
28075;283.346497
28076;186.443008
28077;185.443008
28078;186.443008
28079;188.443008
28080;334.350189
28081;329.350189
28082;330.350189
28083;330.350189
28084;312.148071
28085;313.148071
28086;315.148071
28087;315.148071
28088;321.933044
28089;320.933044
28090;321.933044
28091;322.933044
28092;274.64328
28093;274.64328
28094;274.64328
28095;274.64328
28096;257.717529
28097;257.717529
28098;258.717529
28099;257.717529
28100;312.331604
28101;314.331604
28102;318.331604
28103;324.331604
28104;767.135864
28105;983.135864
28106;1267.13586
28107;1289.13586
28108;1095.31116
28109;1100.31116
28110;1118.31116
28111;1148.31116
28112;944.007446
28113;930.007446
28114;917.007446
28115;932.007446
28116;948.670898
28117;819.670898
28118;804.670898
28119;834.670898
28120;897.313477
28121;812.313477
28122;815.313477
28123;834.313477
28124;1225.28076
28125;1255.28076
28126;1260.28076
28127;1250.28076
28128;956.705994
28129;1292.70605
28130;1361.70605
28131;1370.70605
28132;1306.15088
28133;1316.15088
28134;1248.15088
28135;1239.15088
28136;1280.94299
28137;1143.94299
28138;1098.94299
28139;1107.94299
28140;996.719971
28141;897.719971
28142;826.719971
28143;887.719971
28144;777.682922
28145;675.682922
28146;607.682922
28147;686.682922
28148;699.36438
28149;680.36438
28150;675.36438
28151;689.36438
28152;771.982056
28153;1114.98206
28154;1177.98206
28155;1157.98206
28156;1158.62744
28157;1125.62744
28158;1126.62744
28159;1247.62744
28160;1237.83813
28161;1143.83813
28162;1061.83813
28163;934.838074
28164;972.87854
28165;996.87854
28166;984.87854
28167;938.87854
28168;978.333862
28169;909.333862
28170;899.333862
28171;879.333862
28172;763.205322
28173;772.205322
28174;772.205322
28175;788.205322
28176;888.158997
28177;1188.15894
28178;1201.15894
28179;1259.15894
28180;1356.03491
28181;1378.03491
28182;1349.03491
28183;1336.03491
28184;1645.19714
28185;1585.19714
28186;1578.19714
28187;1524.19714
28188;1285.64221
28189;1269.64221
28190;1235.64221
28191;1221.64221
28192;1265.01306
28193;1054.01306
28194;1042.01306
28195;1088.01306
28196;836.491821
28197;855.491821
28198;855.491821
28199;844.491821
28200;739.696655
28201;798.696655
28202;970.696655
28203;941.696655
28204;1129.3584
28205;1041.3584
28206;1119.3584
28207;1110.3584
28208;1323.72583
28209;1215.72583
28210;1043.72583
28211;963.72583
28212;620.362061
28213;575.362061
28214;554.362061
28215;510.362091
28216;1043.30469
28217;1021.30463
28218;992.304626
28219;980.304626
28220;683.940308
28221;721.940308
28222;723.940308
28223;731.940308
28224;437.059601
28225;431.059601
28226;432.059601
28227;393.059601
28228;271.96579
28229;256.96582
28230;261.96582
28231;260.96582
28232;251.874924
28233;247.874924
28234;233.874924
28235;184.874924
28236;188.25824
28237;187.25824
28238;186.25824
28239;183.25824
28240;192.908279
28241;193.908279
28242;187.908279
28243;185.908279
28244;180.71994
28245;180.71994
28246;180.71994
28247;183.71994
28248;274.574554
28249;266.574554
28250;268.574554
28251;265.574554
28252;291.671722
28253;293.671722
28254;293.671722
28255;294.671722
28256;261.981232
28257;261.981232
28258;261.981232
28259;262.981232
28260;393.474152
28261;391.474152
28262;391.474152
28263;390.474152
28264;594.878296
28265;594.878296
28266;595.878296
28267;594.878296
28268;503.961487
28269;508.961487
28270;511.961487
28271;515.961487
28272;475.244965
28273;726.244995
28274;853.244995
28275;862.244995
28276;627.202087
28277;597.202087
28278;615.202087
28279;683.202087
28280;748.760742
28281;679.760742
28282;685.760742
28283;722.760742
28284;686.691345
28285;661.691345
28286;706.691345
28287;668.691345
28288;541.970947
28289;365.970917
28290;344.970917
28291;336.970917
28292;487.36319
28293;502.36319
28294;477.36319
28295;454.36319
28296;799.582153
28297;1104.58215
28298;1117.58215
28299;1157.58215
28300;912.801331
28301;850.801331
28302;865.801331
28303;944.801331
28304;1337.56018
28305;1255.56018
28306;1203.56018
28307;1202.56018
28308;917.034546
28309;894.034546
28310;827.034546
28311;727.034546
28312;978.301208
28313;922.301208
28314;905.301208
28315;897.301208
28316;992.572327
28317;995.572327
28318;988.572327
28319;995.572327
28320;672.610718
28321;901.610718
28322;995.610718
28323;1001.61072
28324;643.582886
28325;657.582886
28326;640.582886
28327;643.582886
28328;610.340088
28329;651.340088
28330;621.340088
28331;637.340088
28332;582.570251
28333;530.570251
28334;485.570282
28335;459.570282
28336;410.084625
28337;290.084625
28338;279.084625
28339;280.084625
28340;270.597107
28341;275.597107
28342;274.597107
28343;279.597107
28344;414.232727
28345;694.232727
28346;726.232727
28347;790.232727
28348;755.844971
28349;773.844971
28350;781.844971
28351;763.844971
28352;773.927124
28353;721.927124
28354;710.927124
28355;620.927124
28356;539.627197
28357;518.627197
28358;514.627197
28359;519.627197
28360;479.683472
28361;347.683472
28362;317.683472
28363;311.683472
28364;383.169098
28365;383.169098
28366;381.169098
28367;390.169098
28368;753.049927
28369;958.049927
28370;1070.04993
28371;1079.04993
28372;639.397339
28373;629.397339
28374;626.397339
28375;633.397339
28376;580.723206
28377;531.723206
28378;552.723206
28379;562.723206
28380;847.807922
28381;852.807922
28382;840.807922
28383;793.807922
28384;426.212311
28385;351.212311
28386;352.212311
28387;346.212311
28388;390.702911
28389;383.702911
28390;370.702911
28391;358.702911
28392;364.441071
28393;355.441071
28394;352.441071
28395;306.441071
28396;360.005188
28397;365.005188
28398;362.005188
28399;363.005188
28400;334.718506
28401;335.718506
28402;334.718506
28403;333.718506
28404;310.274261
28405;313.274261
28406;310.274261
28407;309.274261
28408;479.385468
28409;479.385468
28410;475.385468
28411;472.385468
28412;512.601685
28413;513.601685
28414;513.601685
28415;515.601685
28416;540.862976
28417;530.862976
28418;531.862976
28419;529.862976
28420;239.362778
28421;239.362778
28422;238.362778
28423;239.362778
28424;215.885788
28425;217.885788
28426;216.885788
28427;215.885788
28428;195.820923
28429;195.820923
28430;195.820923
28431;196.820923
28432;177.220123
28433;178.220123
28434;179.220123
28435;178.220123
28436;174.32605
28437;180.32605
28438;182.32605
28439;191.32605
28440;264.10495
28441;562.104919
28442;758.104919
28443;797.104919
28444;794.411804
28445;810.411804
28446;793.411804
28447;813.411804
28448;792.988708
28449;459.988708
28450;392.988708
28451;379.988708
28452;361.591583
28453;343.591583
28454;338.591583
28455;330.591583
28456;283.15921
28457;281.15921
28458;279.15921
28459;275.15921
28460;277.212616
28461;277.212616
28462;279.212616
28463;289.212616
28464;629.069763
28465;1061.0697
28466;1114.0697
28467;1160.0697
28468;1246.2865
28469;1212.2865
28470;1133.2865
28471;1162.2865
28472;1034.74939
28473;764.749329
28474;688.749329
28475;662.749329
28476;332.804779
28477;314.804779
28478;306.804779
28479;311.804779
28480;289.29834
28481;286.29834
28482;282.29834
28483;279.29834
28484;463.874146
28485;463.874146
28486;464.874146
28487;474.874146
28488;608.285706
28489;836.285706
28490;882.285706
28491;932.285706
28492;943.476379
28493;1134.47644
28494;1073.47644
28495;976.476379
28496;1024.82446
28497;738.824524
28498;672.824524
28499;646.824524
28500;757.790222
28501;740.790222
28502;731.790222
28503;735.790222
28504;902.975464
28505;899.975464
28506;893.975464
28507;889.975464
28508;968.134827
28509;968.134827
28510;973.134827
28511;980.134827
28512;340.700378
28513;698.700378
28514;759.700378
28515;771.700378
28516;716.988647
28517;703.988647
28518;678.988647
28519;658.988647
28520;542.537598
28521;326.537598
28522;305.537598
28523;290.537598
28524;266.631531
28525;255.631531
28526;248.631531
28527;250.631531
28528;244.867706
28529;241.867706
28530;239.867706
28531;236.867706
28532;238.843903
28533;237.843903
28534;236.843903
28535;247.843903
28536;295.656097
28537;544.656067
28538;641.656067
28539;643.656067
28540;704.21228
28541;636.21228
28542;618.21228
28543;621.21228
28544;686.197754
28545;539.197754
28546;473.197784
28547;451.197784
28548;401.199402
28549;395.199402
28550;390.199402
28551;387.199402
28552;382.794495
28553;381.794495
28554;378.794495
28555;376.794495
28556;246.516907
28557;244.516907
28558;245.516907
28559;252.516907
28560;399.818756
28561;476.818756
28562;495.818756
28563;493.818756
28564;412.26358
28565;401.26358
28566;396.26358
28567;369.26358
28568;320.57547
28569;279.57547
28570;271.57547
28571;226.57547
28572;199.936386
28573;201.936386
28574;201.936386
28575;200.936386
28576;235.855667
28577;237.855667
28578;231.855667
28579;228.855667
28580;243.039856
28581;241.039856
28582;241.039856
28583;244.039856
28584;417.667419
28585;410.667419
28586;409.667419
28587;408.667419
28588;492.478119
28589;491.478119
28590;491.478119
28591;493.478119
28592;500.392975
28593;502.392975
28594;502.392975
28595;504.392975
28596;363.57663
28597;361.57663
28598;360.57663
28599;363.57663
28600;681.576599
28601;680.576599
28602;680.576599
28603;680.576599
28604;482.61734
28605;483.61734
28606;482.61734
28607;487.61734
28608;260.645477
28609;442.645477
28610;527.645447
28611;560.645447
28612;563.772278
28613;540.772278
28614;532.772278
28615;568.772278
28616;556.647095
28617;361.647156
28618;321.647156
28619;302.647156
28620;283.437622
28621;271.437622
28622;262.437622
28623;257.437622
28624;264.550446
28625;264.550446
28626;262.550446
28627;258.550446
28628;253.052322
28629;253.052322
28630;254.052322
28631;257.052307
28632;335.8367
28633;518.836731
28634;534.836731
28635;534.836731
28636;621.143372
28637;604.143372
28638;583.143372
28639;590.143372
28640;642.879028
28641;521.879028
28642;480.879059
28643;473.879059
28644;659.403076
28645;644.403076
28646;626.403076
28647;620.403076
28648;358.716858
28649;357.716858
28650;354.716858
28651;349.716858
28652;298.505035
28653;298.505035
28654;297.505035
28655;302.505035
28656;463.101929
28657;598.101929
28658;604.101929
28659;601.101929
28660;457.821533
28661;452.821533
28662;473.821533
28663;523.821533
28664;439.013611
28665;354.013611
28666;329.013611
28667;267.013611
28668;257.240814
28669;243.240829
28670;237.240829
28671;246.240829
28672;214.887054
28673;205.887054
28674;204.887054
28675;200.887054
28676;265.151917
28677;265.151917
28678;264.151917
28679;268.151917
28680;590.992188
28681;678.992188
28682;702.992188
28683;703.992188
28684;687.569153
28685;690.569153
28686;674.569153
28687;668.569153
28688;563.195923
28689;553.195923
28690;521.195984
28691;465.195984
28692;374.160187
28693;360.160187
28694;361.160187
28695;364.160187
28696;454.532867
28697;452.532867
28698;450.532867
28699;447.532867
28700;576.408997
28701;574.408997
28702;571.408997
28703;574.408997
28704;383.857971
28705;451.857971
28706;477.857971
28707;497.857971
28708;356.413055
28709;364.413055
28710;337.413055
28711;325.413055
28712;313.138306
28713;293.138306
28714;282.138306
28715;237.138321
28716;207.726349
28717;196.726349
28718;198.726349
28719;198.726349
28720;201.325668
28721;201.325668
28722;197.325668
28723;188.325668
28724;176.222977
28725;174.222977
28726;177.222977
28727;180.222977
28728;227.115936
28729;225.115936
28730;218.115936
28731;214.115936
28732;395.059814
28733;396.059814
28734;395.059814
28735;396.059814
28736;412.816925
28737;413.816925
28738;413.816925
28739;412.816925
28740;326.461182
28741;326.461182
28742;324.461182
28743;329.461182
28744;280.755524
28745;281.755524
28746;278.755524
28747;278.755524
28748;179.268509
28749;178.268509
28750;180.268509
28751;180.268509
28752;330.370117
28753;326.370117
28754;323.370117
28755;322.370117
28756;306.935974
28757;308.935974
28758;307.935974
28759;305.935974
28760;312.285767
28761;312.285767
28762;313.285767
28763;313.285767
28764;269.012512
28765;269.012512
28766;267.012512
28767;274.012512
28768;254.820892
28769;254.820892
28770;253.820877
28771;253.820877
28772;308.300446
28773;308.300446
28774;308.300446
28775;313.300446
28776;703.874512
28777;895.874512
28778;923.874512
28779;929.874512
28780;720.702087
28781;729.702087
28782;669.702087
28783;700.702087
28784;594.486633
28785;564.486633
28786;535.486633
28787;457.486664
28788;431.068787
28789;421.068787
28790;435.068787
28791;436.068787
28792;487.889038
28793;460.889038
28794;452.889038
28795;438.889038
28796;810.015259
28797;806.015259
28798;805.015259
28799;808.015259
28800;519.541016
28801;670.541016
28802;710.541016
28803;716.541016
28804;555.953003
28805;579.953003
28806;596.953003
28807;591.953003
28808;506.732666
28809;403.732666
28810;388.732666
28811;326.732666
28812;286.476562
28813;272.476562
28814;283.476562
28815;286.476562
28816;265.45459
28817;241.45459
28818;239.45459
28819;234.45459
28820;229.164032
28821;229.164032
28822;226.164032
28823;229.164032
28824;307.756134
28825;449.756134
28826;496.756134
28827;467.756134
28828;523.213989
28829;514.213989
28830;505.213989
28831;520.213989
28832;498.634857
28833;489.634857
28834;477.634857
28835;399.634857
28836;462.891876
28837;451.891876
28838;459.891876
28839;464.891876
28840;428.896118
28841;404.896118
28842;402.896118
28843;391.896118
28844;264.616486
28845;262.616486
28846;261.616486
28847;263.616486
28848;404.765137
28849;507.765106
28850;512.765137
28851;541.765137
28852;631.076477
28853;620.076477
28854;615.076477
28855;627.076477
28856;949.29187
28857;943.29187
28858;904.29187
28859;844.29187
28860;593.310974
28861;583.310974
28862;594.310974
28863;596.310974
28864;742.9646
28865;719.9646
28866;717.9646
28867;714.9646
28868;453.788879
28869;452.788879
28870;451.788879
28871;455.788879
28872;419.285858
28873;563.285889
28874;584.285889
28875;612.285889
28876;697.68512
28877;666.68512
28878;652.68512
28879;643.68512
28880;898.169128
28881;858.169128
28882;850.169128
28883;814.169128
28884;468.632507
28885;443.632507
28886;470.632507
28887;471.632507
28888;984.657715
28889;916.657715
28890;905.657715
28891;901.657715
28892;606.349854
28893;601.349854
28894;599.349854
28895;604.349854
28896;311.692627
28897;304.692627
28898;300.692627
28899;298.692627
28900;187.659042
28901;186.659042
28902;188.659042
28903;168.659042
28904;172.702026
28905;176.702026
28906;177.702026
28907;177.702026
28908;182.761292
28909;180.761292
28910;181.761292
28911;185.761292
28912;194.340515
28913;191.340515
28914;192.340515
28915;190.340515
28916;187.048737
28917;184.048737
28918;186.048737
28919;189.048737
28920;280.894196
28921;276.894196
28922;272.894196
28923;270.894196
28924;295.939514
28925;298.939514
28926;296.939514
28927;298.939514
28928;264.156464
28929;263.156464
28930;265.156464
28931;266.156464
28932;396.059875
28933;395.059875
28934;396.059875
28935;402.059875
28936;604.822449
28937;604.822449
28938;604.822449
28939;602.822449
28940;510.046448
28941;510.046448
28942;510.046448
28943;514.046448
28944;477.088806
28945;601.088806
28946;662.088806
28947;713.088806
28948;535.331787
28949;547.331787
28950;555.331787
28951;586.331787
28952;621.23584
28953;477.235779
28954;440.235779
28955;428.235779
28956;393.001434
28957;377.001434
28958;390.001434
28959;391.001434
28960;303.278534
28961;273.278534
28962;270.278534
28963;261.278534
28964;418.913025
28965;415.913025
28966;413.913025
28967;417.913025
28968;731.194702
28969;938.194702
28970;965.194702
28971;1001.1947
28972;736.796997
28973;708.796997
28974;650.796997
28975;609.796997
28976;904.873718
28977;839.873718
28978;809.873718
28979;791.873718
28980;531.843811
28981;516.84375
28982;524.843811
28983;526.843811
28984;893.085388
28985;863.085388
28986;861.085388
28987;857.085388
28988;957.448364
28989;953.448364
28990;951.448364
28991;954.448364
28992;662.839783
28993;800.839783
28994;817.839783
28995;823.839783
28996;502.109375
28997;478.109375
28998;452.109375
28999;457.109375
29000;460.810486
29001;393.810486
29002;360.810486
29003;341.810486
29004;317.439728
29005;304.439728
29006;308.439728
29007;320.439728
29008;291.613556
29009;260.613556
29010;256.613556
29011;250.613556
29012;245.208038
29013;239.208038
29014;238.208038
29015;242.208038
29016;400.847931
29017;542.847961
29018;563.847961
29019;552.847961
29020;588.486389
29021;581.486389
29022;556.486389
29023;601.486389
29024;599.392212
29025;495.392181
29026;454.392181
29027;437.392181
29028;360.806122
29029;345.806122
29030;355.806122
29031;351.806122
29032;321.27121
29033;291.27121
29034;244.271194
29035;280.27121
29036;353.280396
29037;351.280396
29038;350.280396
29039;354.280396
29040;736.2453
29041;889.2453
29042;906.2453
29043;897.2453
29044;514.210205
29045;476.210236
29046;429.210236
29047;470.210236
29048;453.892029
29049;374.892029
29050;345.892029
29051;348.892029
29052;619.377197
29053;601.377197
29054;615.377197
29055;615.377197
29056;308.976471
29057;245.976471
29058;233.976471
29059;230.976471
29060;285.374359
29061;284.374359
29062;284.374359
29063;287.374359
29064;322.54483
29065;334.54483
29066;338.54483
29067;299.54483
29068;403.645233
29069;408.645233
29070;412.645233
29071;408.645233
29072;372.208832
29073;367.208832
29074;368.208832
29075;368.208832
29076;346.212158
29077;347.212158
29078;344.212158
29079;350.212158
29080;515.641846
29081;514.641846
29082;509.641846
29083;510.641846
29084;550.004333
29085;549.004333
29086;548.004333
29087;550.004333
29088;572.356689
29089;568.356689
29090;567.356689
29091;571.356689
29092;285.867676
29093;284.867676
29094;243.867691
29095;229.867691
29096;205.439346
29097;206.439346
29098;207.439346
29099;208.439346
29100;188.418503
29101;187.418503
29102;167.418503
29103;196.418503
29104;148.775955
29105;173.775955
29106;170.775955
29107;169.775955
29108;166.923096
29109;165.923096
29110;166.923096
29111;172.923096
29112;270.500427
29113;372.500427
29114;572.500366
29115;721.500366
29116;733.722961
29117;809.722961
29118;847.722961
29119;1004.72296
29120;984.816101
29121;848.816101
29122;762.816101
29123;784.816101
29124;859.084778
29125;871.084778
29126;833.084778
29127;843.084778
29128;733.489624
29129;633.489624
29130;652.489624
29131;693.489624
29132;707.665833
29133;707.665833
29134;716.665833
29135;716.665833
29136;1060.15845
29137;1336.15845
29138;1374.15845
29139;1260.15845
29140;1404.78003
29141;1385.78003
29142;1361.78003
29143;1398.78003
29144;1460.35583
29145;1356.35583
29146;1296.35583
29147;1305.35583
29148;980.702026
29149;959.702026
29150;993.702026
29151;943.702026
29152;891.514587
29153;843.514587
29154;832.514587
29155;743.514587
29156;946.125244
29157;963.125244
29158;957.125244
29159;943.125244
29160;1098.90125
29161;1412.90125
29162;1488.90125
29163;1486.90125
29164;1514.56665
29165;1499.56665
29166;1481.56665
29167;1564.56665
29168;1489.36584
29169;1386.36584
29170;1357.36584
29171;1304.36584
29172;1320.10376
29173;1202.10376
29174;1129.10376
29175;1150.10376
29176;1298.00818
29177;1219.00818
29178;1175.00818
29179;1146.00818
29180;1241.84473
29181;1204.84473
29182;1138.84473
29183;1186.84473
29184;570.286865
29185;810.286865
29186;888.286865
29187;904.286865
29188;794.665588
29189;794.665588
29190;859.665588
29191;958.665588
29192;1042.56799
29193;913.567993
29194;875.567993
29195;811.567993
29196;769.222595
29197;709.222595
29198;695.222595
29199;653.222595
29200;595.440735
29201;538.440735
29202;554.440735
29203;566.440735
29204;585.601562
29205;568.601562
29206;585.601562
29207;544.601562
29208;632.882385
29209;1009.88239
29210;1013.88239
29211;1071.88245
29212;1196.38733
29213;1253.38733
29214;1191.38733
29215;1287.38733
29216;1393.6189
29217;1250.6189
29218;1125.6189
29219;1040.6189
29220;954.752991
29221;845.752991
29222;794.752991
29223;790.752991
29224;755.365234
29225;713.365234
29226;737.365234
29227;704.365234
29228;462.617859
29229;398.617859
29230;406.617859
29231;399.617859
29232;459.925568
29233;415.925568
29234;364.925568
29235;360.925568
29236;285.946808
29237;299.946808
29238;301.946808
29239;302.946808
29240;286.235504
29241;241.235519
29242;240.235519
29243;241.235519
29244;211.820023
29245;213.820023
29246;213.820023
29247;217.820023
29248;250.965363
29249;251.965363
29250;249.965363
29251;249.965363
29252;266.193207
29253;264.193207
29254;263.193207
29255;266.193207
29256;464.474457
29257;461.474457
29258;456.474457
29259;456.474457
29260;549.908875
29261;549.908875
29262;548.908875
29263;548.908875
29264;558.667664
29265;558.667664
29266;558.667664
29267;557.667664
29268;398.350189
29269;398.350189
29270;403.350189
29271;407.350189
29272;766.1922
29273;764.1922
29274;762.1922
29275;763.1922
29276;536.886597
29277;540.886597
29278;543.886597
29279;548.886597
29280;306.530731
29281;562.530701
29282;817.530701
29283;875.530701
29284;912.439819
29285;888.439819
29286;928.439819
29287;952.439819
29288;882.139648
29289;860.139648
29290;838.139648
29291;917.139648
29292;832.488098
29293;811.488098
29294;835.488098
29295;782.488098
29296;593.871582
29297;482.871582
29298;504.871582
29299;512.871582
29300;514.957581
29301;507.95755
29302;540.957581
29303;571.957581
29304;692.098694
29305;1022.09869
29306;1184.09863
29307;1279.09863
29308;1333.27893
29309;1410.27893
29310;1395.27893
29311;1409.27893
29312;1492.94446
29313;1403.94446
29314;1418.94446
29315;1366.94446
29316;1522.63074
29317;1441.63074
29318;1504.63074
29319;1488.63074
29320;978.770569
29321;824.770569
29322;814.770569
29323;786.770569
29324;728.785645
29325;731.785645
29326;727.785645
29327;738.785645
29328;955.022583
29329;1318.02258
29330;1435.02258
29331;1558.02258
29332;1335.41577
29333;1311.41577
29334;1272.41577
29335;1273.41577
29336;1310.10815
29337;1301.10815
29338;1300.10815
29339;1254.10815
29340;1245.4248
29341;1085.4248
29342;1110.4248
29343;1125.4248
29344;952.135864
29345;824.135864
29346;795.135864
29347;774.135864
29348;839.495667
29349;832.495667
29350;819.495667
29351;828.495667
29352;1212.23047
29353;1591.23047
29354;1653.23047
29355;1734.23047
29356;1696.68921
29357;1754.68921
29358;1672.68921
29359;1728.68921
29360;1677.80066
29361;1496.80066
29362;1494.80066
29363;1522.80066
29364;1354.53894
29365;1268.53894
29366;1287.53894
29367;1277.53894
29368;1275.37598
29369;1123.37598
29370;1085.37598
29371;1048.37598
29372;1175.04053
29373;1174.04053
29374;1167.04053
29375;1167.04053
29376;926.622253
29377;1167.62231
29378;1365.62231
29379;1269.62231
29380;1122.48999
29381;1031.48999
29382;1015.48993
29383;980.489929
29384;945.032532
29385;907.032532
29386;883.032532
29387;957.032532
29388;964.233215
29389;951.233215
29390;977.233215
29391;815.233215
29392;659.962952
29393;618.962952
29394;617.962952
29395;574.962952
29396;516.229919
29397;517.229919
29398;486.22995
29399;427.22995
29400;370.866119
29401;550.86615
29402;658.86615
29403;694.86615
29404;894.942688
29405;890.942688
29406;848.942688
29407;781.942688
29408;756.251831
29409;548.251831
29410;502.251862
29411;459.251862
29412;362.122864
29413;363.122864
29414;365.122864
29415;369.122864
29416;309.168427
29417;306.168427
29418;303.168427
29419;302.168427
29420;194.751343
29421;190.751343
29422;190.751343
29423;192.751343
29424;364.244446
29425;364.244446
29426;357.244446
29427;355.244446
29428;339.282349
29429;338.282349
29430;337.282349
29431;339.282349
29432;343.144928
29433;342.144928
29434;342.144928
29435;342.144928
29436;291.691345
29437;292.691345
29438;298.691345
29439;299.691345
29440;274.043427
29441;274.043427
29442;277.043427
29443;280.043427
29444;341.848724
29445;340.848724
29446;348.848724
29447;354.848724
29448;873.956787
29449;1250.95691
29450;1452.95691
29451;1454.95691
29452;1214.99963
29453;979.999756
29454;1201.99963
29455;1184.99963
29456;1157.25647
29457;1081.25647
29458;1098.25647
29459;1087.25647
29460;1055.80615
29461;1061.80615
29462;1144.80615
29463;1080.80615
29464;1094.17065
29465;946.170715
29466;939.170715
29467;921.170715
29468;1341.80652
29469;1318.80652
29470;1311.80652
29471;1329.80652
29472;1019.91266
29473;1371.9126
29474;1465.9126
29475;1460.9126
29476;1293.38245
29477;1345.38245
29478;1397.38245
29479;1436.38245
29480;1317.48279
29481;1214.48279
29482;1183.48279
29483;1263.48279
29484;1214.4198
29485;1171.4198
29486;1184.4198
29487;1148.4198
29488;1084.28552
29489;859.285522
29490;783.285522
29491;698.285522
29492;687.495483
29493;669.495483
29494;670.495483
29495;686.495483
29496;804.519592
29497;1140.51953
29498;1205.51953
29499;1292.51953
29500;1420.05334
29501;1390.05334
29502;1426.05334
29503;1494.05334
29504;1447.85229
29505;1323.85229
29506;1364.85229
29507;1352.85229
29508;1447.63257
29509;1378.63257
29510;1429.63257
29511;1356.63257
29512;1147.78357
29513;1047.78357
29514;937.783386
29515;844.783386
29516;698.335144
29517;682.335144
29518;679.335144
29519;688.335144
29520;882.489929
29521;1295.48999
29522;1326.48999
29523;1370.48999
29524;1463.64136
29525;1479.64136
29526;1470.64136
29527;1391.64136
29528;1818.59656
29529;1703.59656
29530;1781.59656
29531;1789.59656
29532;1497.19128
29533;1510.19128
29534;1488.19128
29535;1433.19128
29536;1447.90955
29537;1361.90955
29538;1282.90955
29539;1256.90955
29540;953.190308
29541;977.190308
29542;986.190308
29543;977.190308
29544;946.319641
29545;1303.3197
29546;1372.3197
29547;1416.3197
29548;1528.90723
29549;1506.90723
29550;1503.90723
29551;1507.90723
29552;1877.00623
29553;1704.00623
29554;1721.00623
29555;1776.00623
29556;1378.19238
29557;1260.19238
29558;1218.19238
29559;1077.19238
29560;1581.90674
29561;1489.90674
29562;1456.90674
29563;1414.90674
29564;1088.96338
29565;1069.96338
29566;1012.96338
29567;935.963379
29568;619.572937
29569;817.572937
29570;797.572937
29571;760.572937
29572;587.453857
29573;567.453857
29574;660.453857
29575;622.453857
29576;566.154053
29577;534.154053
29578;339.154083
29579;186.154068
29580;192.194016
29581;191.194016
29582;199.194016
29583;197.194016
29584;199.356171
29585;199.356171
29586;198.356171
29587;195.356171
29588;190.742554
29589;187.742554
29590;186.742554
29591;188.742554
29592;293.985474
29593;294.985474
29594;289.985474
29595;287.985474
29596;318.676758
29597;317.676758
29598;316.676758
29599;319.676758
29600;282.510986
29601;284.510986
29602;281.510986
29603;282.510986
29604;431.525787
29605;429.525787
29606;439.525787
29607;438.525787
29608;663.764832
29609;664.764832
29610;660.764832
29611;658.764832
29612;531.670776
29613;557.670776
29614;560.670776
29615;565.670776
29616;497.179474
29617;826.179443
29618;1093.17944
29619;1038.17944
29620;877.207825
29621;920.207825
29622;987.207825
29623;1127.20789
29624;1047.17761
29625;1020.1778
29626;1166.17761
29627;1264.17761
29628;1248.41455
29629;1220.41455
29630;1315.41455
29631;1212.41455
29632;981.272034
29633;705.272034
29634;692.272034
29635;681.272034
29636;844.376221
29637;876.376221
29638;840.376221
29639;851.376221
29640;1262.74963
29641;1805.74963
29642;1795.74963
29643;1876.74963
29644;1492.31567
29645;1610.31567
29646;1506.31567
29647;1639.31567
29648;1836.23914
29649;1748.23914
29650;1836.23914
29651;1820.23914
29652;1527.11108
29653;1443.11108
29654;1528.11108
29655;1388.11108
29656;1566.7854
29657;1414.7854
29658;1410.7854
29659;1382.7854
29660;1503.47131
29661;1501.47131
29662;1499.47131
29663;1510.47131
29664;1180.9646
29665;1539.9646
29666;1731.9646
29667;1788.9646
29668;1302.54517
29669;1273.54517
29670;1296.54517
29671;1367.54517
29672;1281.65015
29673;1208.65015
29674;1313.65015
29675;1236.65015
29676;1237.96338
29677;1217.96338
29678;1217.96338
29679;1119.96338
29680;911.782654
29681;714.782654
29682;707.782654
29683;687.782654
29684;674.058777
29685;673.058777
29686;673.058777
29687;671.058777
29688;870.436768
29689;1243.43689
29690;1225.43689
29691;1306.43689
29692;1289.70898
29693;1339.70898
29694;1284.70898
29695;1322.70898
29696;1371.06335
29697;1285.06335
29698;1299.06335
29699;1303.06335
29700;1252.33887
29701;1214.33887
29702;1157.33887
29703;1128.33887
29704;953.635315
29705;824.635315
29706;782.635315
29707;758.635315
29708;835.458313
29709;828.458313
29710;827.458313
29711;833.458313
29712;1288.10889
29713;1661.10889
29714;1762.10889
29715;1726.10889
29716;1172.67651
29717;1135.67651
29718;1133.67651
29719;1201.67651
29720;1210.50378
29721;1112.50378
29722;1020.50378
29723;1079.50378
29724;1340.25659
29725;1328.25659
29726;1220.25659
29727;1175.25659
29728;713.45166
29729;630.45166
29730;608.45166
29731;557.45166
29732;619.643433
29733;621.643433
29734;600.643433
29735;579.643433
29736;368.475494
29737;321.475494
29738;328.475494
29739;321.475494
29740;424.546143
29741;441.546143
29742;437.546143
29743;436.546143
29744;403.635071
29745;397.635071
29746;353.635071
29747;352.635071
29748;326.053772
29749;323.053772
29750;332.053772
29751;332.053772
29752;518.851685
29753;517.851685
29754;514.851685
29755;518.851685
29756;562.464966
29757;561.464966
29758;564.464966
29759;566.464966
29760;593.317017
29761;593.317017
29762;587.317017
29763;583.317017
29764;249.940002
29765;248.940002
29766;249.940002
29767;251.940002
29768;224.117599
29769;226.117599
29770;226.117599
29771;227.117599
29772;203.054504
29773;206.054504
29774;214.054504
29775;213.054504
29776;183.981079
29777;184.981079
29778;181.981079
29779;181.981079
29780;180.984268
29781;182.984268
29782;185.984268
29783;192.984268
29784;295.797058
29785;561.797119
29786;784.797119
29787;858.797119
29788;906.700012
29789;889.700012
29790;866.700012
29791;924.700012
29792;999.367432
29793;1037.36731
29794;1088.36731
29795;1127.36731
29796;1097.67639
29797;1090.67639
29798;1147.67639
29799;1024.67627
29800;807.556396
29801;618.556396
29802;655.556396
29803;651.556396
29804;594.449585
29805;605.449585
29806;604.449585
29807;708.449585
29808;1092.48438
29809;1464.48438
29810;1546.48438
29811;1603.48438
29812;1726.30408
29813;1730.30408
29814;1738.30408
29815;1815.30408
29816;1761.38501
29817;1657.38501
29818;1700.38501
29819;1761.38501
29820;1360.87427
29821;1335.87427
29822;1358.87427
29823;1303.87427
29824;1065.22021
29825;880.220276
29826;792.220276
29827;784.220276
29828;994.807068
29829;1001.80707
29830;1000.80707
29831;1021.80707
29832;1176.78613
29833;1551.78613
29834;1622.78613
29835;1680.78613
29836;1643.65991
29837;1698.65991
29838;1621.65991
29839;1708.65991
29840;1835.94653
29841;1741.94653
29842;1800.94653
29843;1709.94653
29844;1765.11353
29845;1837.11353
29846;1923.11353
29847;1827.11353
29848;1741.54004
29849;1625.54004
29850;1576.54004
29851;1519.54004
29852;1638.51648
29853;1591.51648
29854;1533.51648
29855;1578.51648
29856;797.409546
29857;1215.40955
29858;1316.40955
29859;1417.40955
29860;1361.17798
29861;1330.17798
29862;1274.17798
29863;1345.17798
29864;1379.52246
29865;1284.52246
29866;1293.52246
29867;1225.52246
29868;1279.52551
29869;1275.52551
29870;1268.52551
29871;1157.52551
29872;883.968018
29873;716.968018
29874;699.968018
29875;694.968018
29876;717.340759
29877;688.340759
29878;716.340759
29879;697.340759
29880;795.901245
29881;1162.90125
29882;1216.90125
29883;1278.90125
29884;1402.70068
29885;1354.70068
29886;1211.70068
29887;1217.70068
29888;1356.58118
29889;1291.58118
29890;1357.58118
29891;1395.58118
29892;1274.64331
29893;1159.64331
29894;993.643433
29895;911.643433
29896;822.103455
29897;777.103455
29898;720.103455
29899;698.103455
29900;539.339783
29901;524.339783
29902;523.339783
29903;522.339783
29904;568.089661
29905;388.0896
29906;383.0896
29907;374.0896
29908;260.759552
29909;259.759552
29910;257.759552
29911;256.759552
29912;248.639786
29913;243.639786
29914;240.639786
29915;238.639786
29916;210.28952
29917;210.28952
29918;214.28952
29919;213.28952
29920;249.202148
29921;247.202148
29922;248.202148
29923;247.202148
29924;264.83606
29925;262.83606
29926;263.83606
29927;265.83606
29928;463.675537
29929;462.675537
29930;459.675537
29931;457.675537
29932;550.749817
29933;551.749817
29934;559.749817
29935;559.749817
29936;567.77594
29937;565.77594
29938;566.77594
29939;567.77594
29940;408.632141
29941;410.632141
29942;414.632141
29943;413.632141
29944;772.661011
29945;773.661011
29946;768.661011
29947;766.661011
29948;545.71759
29949;547.71759
29950;551.71759
29951;557.71759
29952;322.576416
29953;680.576416
29954;894.576416
29955;944.576416
29956;929.109924
29957;933.109924
29958;962.109924
29959;1083.10986
29960;1016.92743
29961;1085.92749
29962;1052.92749
29963;1099.92749
29964;1099.30676
29965;1012.30682
29966;726.306824
29967;678.306824
29968;685.641052
29969;677.641052
29970;675.641052
29971;667.641052
29972;660.69397
29973;704.69397
29974;1002.69397
29975;1323.69397
29976;1339.76086
29977;1408.76086
29978;1431.76086
29979;1335.76086
29980;1553.91772
29981;1403.91772
29982;1392.91772
29983;1339.91772
29984;1364.42407
29985;1264.42407
29986;1155.42407
29987;1339.42407
29988;1527.67358
29989;1424.67358
29990;1184.67358
29991;1141.67358
29992;832.944031
29993;826.944031
29994;812.944031
29995;820.944031
29996;768.708862
29997;774.708862
29998;981.708862
29999;1259.70886
30000;1565.88501
30001;1588.88501
30002;1561.88501
30003;1491.88501
30004;1349.32141
30005;1341.32141
30006;1302.32141
30007;1283.32141
30008;1379.00598
30009;1348.00598
30010;1278.00598
30011;1232.00598
30012;1222.65283
30013;1067.65283
30014;868.652893
30015;757.652893
30016;710.875793
30017;713.875793
30018;722.875793
30019;709.875793
30020;781.934082
30021;802.934082
30022;1051.93396
30023;1386.93396
30024;1856.07874
30025;1870.07874
30026;1821.07874
30027;1775.07874
30028;1791.06616
30029;1767.06616
30030;1713.06616
30031;1522.06616
30032;1421.85754
30033;1354.85754
30034;1151.85754
30035;1098.85754
30036;1056.41528
30037;1084.41528
30038;966.415283
30039;911.415283
30040;916.492004
30041;926.492004
30042;910.492004
30043;914.492004
30044;1092.25964
30045;1143.25964
30046;1460.25964
30047;1558.25964
30048;1366.09045
30049;1358.09045
30050;1305.09045
30051;1256.09045
30052;1069.229
30053;1080.229
30054;1060.229
30055;965.229004
30056;957.827271
30057;889.827271
30058;892.827271
30059;773.827271
30060;642.042603
30061;573.042603
30062;517.042603
30063;499.042603
30064;498.415497
30065;496.415497
30066;511.415497
30067;509.415497
30068;438.142303
30069;388.142303
30070;255.142319
30071;251.142319
30072;294.494965
30073;293.494965
30074;292.494965
30075;296.494965
30076;503.385529
30077;497.385529
30078;495.385529
30079;489.385529
30080;475.953186
30081;455.953186
30082;457.953186
30083;464.953186
30084;362.90509
30085;362.90509
30086;362.90509
30087;361.90509
30088;302.394684
30089;301.394684
30090;298.394684
30091;297.394684
30092;189.363464
30093;190.363464
30094;191.363464
30095;193.363464
30096;360.215881
30097;356.215881
30098;355.215881
30099;353.215881
30100;334.873535
30101;336.873535
30102;337.873535
30103;336.873535
30104;344.652161
30105;344.652161
30106;346.652161
30107;352.652161
30108;298.98407
30109;299.98407
30110;301.98407
30111;299.98407
30112;273.719757
30113;273.719757
30114;272.719757
30115;279.719757
30116;342.775574
30117;354.775574
30118;544.775574
30119;898.775574
30120;1375.17285
30121;1466.17285
30122;1509.17285
30123;1504.17285
30124;1327.65991
30125;1366.65991
30126;1372.65991
30127;1325.65991
30128;1202.53833
30129;1185.53833
30130;1157.53833
30131;1317.53833
30132;1289.03625
30133;1200.03625
30134;892.036194
30135;849.036194
30136;937.36554
30137;925.36554
30138;920.36554
30139;915.36554
30140;1329.93982
30141;1389.93982
30142;1686.93982
30143;1872.93982
30144;1491.79053
30145;1419.79053
30146;1554.79053
30147;1423.79053
30148;1310.91028
30149;1415.91028
30150;1386.91028
30151;1328.91028
30152;1229.86121
30153;1234.86121
30154;1218.86121
30155;1180.86121
30156;1113.64539
30157;998.645447
30158;765.645447
30159;728.645447
30160;721.294861
30161;728.294861
30162;682.294861
30163;683.294861
30164;676.345764
30165;693.345764
30166;881.345764
30167;1148.3457
30168;1250.90356
30169;1304.90356
30170;1312.90356
30171;1222.90356
30172;1374.35852
30173;1357.35852
30174;1369.35852
30175;1399.35852
30176;1331.52002
30177;1368.52002
30178;1322.52002
30179;1392.52002
30180;1443.91321
30181;1306.91321
30182;937.913208
30183;909.913208
30184;884.931702
30185;884.931702
30186;877.931702
30187;863.931702
30188;724.87915
30189;765.87915
30190;1051.87903
30191;1217.87903
30192;1384.5022
30193;1438.5022
30194;1497.5022
30195;1398.5022
30196;1544.74597
30197;1541.74597
30198;1528.74597
30199;1545.74597
30200;1815.98743
30201;1821.98743
30202;1736.98743
30203;1720.98743
30204;1466.29456
30205;1311.29456
30206;1155.29456
30207;1069.29456
30208;1232.92822
30209;1231.92822
30210;1238.92822
30211;1220.92822
30212;925.522888
30213;971.522888
30214;1262.52283
30215;1353.52283
30216;1324.89307
30217;1284.89307
30218;1293.89307
30219;1278.89307
30220;1454.58081
30221;1450.58081
30222;1364.58081
30223;1432.58081
30224;1682.4043
30225;1665.4043
30226;1578.4043
30227;1610.4043
30228;1068.10913
30229;990.109131
30230;754.109131
30231;659.109131
30232;1377.95264
30233;1369.95264
30234;1370.95264
30235;1331.95264
30236;981.996521
30237;984.996521
30238;1033.99646
30239;1093.99646
30240;767.592529
30241;685.592529
30242;544.592529
30243;520.592529
30244;356.381836
30245;319.381836
30246;312.381836
30247;309.381836
30248;291.77771
30249;291.77771
30250;262.77771
30251;240.77771
30252;243.665192
30253;241.665192
30254;242.665192
30255;242.665192
30256;244.793365
30257;240.793365
30258;237.793365
30259;236.793365
30260;234.314301
30261;235.314301
30262;239.314301
30263;240.314301
30264;339.503754
30265;336.503754
30266;335.503754
30267;334.503754
30268;365.281311
30269;367.281311
30270;366.281311
30271;368.281311
30272;328.550751
30273;328.550751
30274;330.550751
30275;334.550751
30276;484.292145
30277;482.292145
30278;480.292145
30279;481.292145
30280;703.318115
30281;704.318115
30282;702.318115
30283;701.318115
30284;599.556152
30285;600.556152
30286;614.556152
30287;647.556152
30288;501.706268
30289;499.706268
30290;499.706268
30291;499.706268
30292;291.536835
30293;297.536835
30294;295.536835
30295;296.536835
30296;369.157379
30297;358.157379
30298;357.157379
30299;365.157379
30300;350.560333
30301;347.560333
30302;346.560333
30303;320.560333
30304;247.86351
30305;247.86351
30306;245.86351
30307;244.86351
30308;424.676361
30309;426.676361
30310;444.676361
30311;699.676392
30312;1351.7843
30313;1417.7843
30314;1341.7843
30315;1475.7843
30316;1098.41431
30317;1227.41431
30318;1237.41431
30319;1234.41431
30320;1562.51978
30321;1532.51978
30322;1520.51978
30323;1489.51978
30324;1212.27673
30325;1265.27673
30326;1185.27673
30327;1103.27673
30328;1460.32349
30329;1454.32349
30330;1430.32349
30331;1440.32349
30332;1561.31042
30333;1545.31042
30334;1554.31042
30335;1810.31042
30336;1576.953
30337;1653.953
30338;1613.953
30339;1677.953
30340;1125.52026
30341;1264.52026
30342;1278.52026
30343;1167.52026
30344;1131.55884
30345;1123.55884
30346;1129.55884
30347;1033.55884
30348;1081.84656
30349;966.846558
30350;919.846558
30351;799.846558
30352;713.744995
30353;702.744995
30354;732.744995
30355;717.744995
30356;716.420044
30357;728.420044
30358;764.420044
30359;1021.42004
30360;1262.93237
30361;1313.93237
30362;1331.93237
30363;1403.93237
30364;1339.23962
30365;1408.23962
30366;1432.23962
30367;1391.23962
30368;1462.04004
30369;1417.04004
30370;1368.04004
30371;1268.04004
30372;1289.78613
30373;1254.78613
30374;1187.78613
30375;1024.78613
30376;831.660767
30377;767.660767
30378;767.660767
30379;775.660767
30380;880.284302
30381;863.284302
30382;897.284302
30383;1246.2843
30384;1824.30481
30385;1878.30481
30386;1856.30481
30387;1877.30481
30388;1257.13989
30389;1358.13989
30390;1317.13989
30391;1265.13989
30392;1193.72644
30393;1121.72644
30394;1117.72644
30395;1007.7265
30396;1390.90356
30397;1183.90356
30398;1095.90356
30399;1060.90356
30400;705.197693
30401;656.197693
30402;638.197693
30403;640.197693
30404;568.582092
30405;401.582062
30406;389.582062
30407;349.582062
30408;326.838959
30409;321.838959
30410;319.838959
30411;320.838959
30412;397.915985
30413;396.915985
30414;395.915985
30415;393.915985
30416;361.884521
30417;363.884521
30418;370.884521
30419;376.884521
30420;346.164398
30421;344.164398
30422;346.164398
30423;344.164398
30424;530.080811
30425;528.080811
30426;529.080811
30427;525.080811
30428;573.794189
30429;574.794189
30430;574.794189
30431;576.794189
30432;602.867065
30433;597.867065
30434;597.867065
30435;596.867065
30436;264.649017
30437;264.649017
30438;267.649017
30439;270.649017
30440;241.149597
30441;241.149597
30442;252.149597
30443;254.149597
30444;227.310974
30445;223.310974
30446;225.310974
30447;222.310974
30448;192.192078
30449;194.192078
30450;192.192078
30451;192.192078
30452;199.619171
30453;198.619171
30454;217.619171
30455;489.619171
30456;878.828918
30457;957.828918
30458;1105.82886
30459;918.828918
30460;866.873352
30461;961.873352
30462;1040.87341
30463;902.873352
30464;955.199829
30465;993.199829
30466;1000.19983
30467;957.199829
30468;1099.07227
30469;1152.07227
30470;1009.07227
30471;858.072266
30472;674.015198
30473;663.015198
30474;715.015198
30475;601.015198
30476;566.067078
30477;553.067078
30478;636.067078
30479;934.067078
30480;1445.32971
30481;1590.32971
30482;1532.32971
30483;1668.32971
30484;1693.8429
30485;1756.8429
30486;1754.8429
30487;1602.8429
30488;1575.23499
30489;1567.23499
30490;1591.23499
30491;1542.23499
30492;1256.79529
30493;1154.79529
30494;1078.79529
30495;849.795227
30496;749.157043
30497;738.157043
30498;750.157043
30499;731.157043
30500;942.170227
30501;947.170227
30502;983.170227
30503;1201.17029
30504;1507.83325
30505;1576.83325
30506;1625.83325
30507;1640.83325
30508;1597.21362
30509;1682.21362
30510;1575.21362
30511;1422.21362
30512;1414.8313
30513;1434.8313
30514;1479.8313
30515;1474.8313
30516;1704.30273
30517;1710.30273
30518;1562.30273
30519;1341.30273
30520;1451.82507
30521;1467.82507
30522;1455.82507
30523;1461.82507
30524;1538.84167
30525;1554.84167
30526;1590.84167
30527;1926.84167
30528;1348.71692
30529;1424.71692
30530;1351.71692
30531;1361.71692
30532;1245.44507
30533;1321.44507
30534;1353.44507
30535;1253.44507
30536;1164.75085
30537;1150.75085
30538;1180.75085
30539;1082.75085
30540;1150.72461
30541;1122.72461
30542;998.724609
30543;740.724609
30544;696.157593
30545;677.157593
30546;673.157593
30547;658.157593
30548;640.536987
30549;613.536987
30550;665.536987
30551;990.536987
30552;1207.12659
30553;1215.12659
30554;1262.12659
30555;1260.12659
30556;1254.93213
30557;1254.93213
30558;1247.93213
30559;1203.93213
30560;1379.16248
30561;1329.16248
30562;1336.16248
30563;1210.16248
30564;1098.70581
30565;1080.70581
30566;894.705811
30567;790.705811
30568;766.217651
30569;751.217651
30570;706.217651
30571;682.217651
30572;511.187531
30573;430.187531
30574;334.187531
30575;281.187531
30576;387.389557
30577;390.389557
30578;439.389557
30579;434.389557
30580;328.314728
30581;328.314728
30582;294.314728
30583;272.314728
30584;262.474762
30585;253.474762
30586;251.474762
30587;255.474762
30588;223.839523
30589;219.839523
30590;220.839523
30591;220.839523
30592;254.998306
30593;251.998306
30594;249.998306
30595;247.998306
30596;268.959717
30597;266.959717
30598;270.959717
30599;271.959717
30600;465.508453
30601;460.508453
30602;458.508453
30603;460.508453
30604;554.155701
30605;554.155701
30606;555.155701
30607;557.155701
30608;564.989624
30609;564.989624
30610;572.989624
30611;576.989624
30612;415.62085
30613;414.62085
30614;412.62085
30615;415.62085
30616;768.392456
30617;767.392456
30618;768.392456
30619;767.392456
30620;548.252686
30621;548.252686
30622;568.252686
30623;768.252686
30624;755.900879
30625;872.900879
30626;868.900879
30627;884.900879
30628;854.809875
30629;920.809875
30630;948.809875
30631;985.809875
30632;890.61145
30633;932.61145
30634;1042.61145
30635;1010.61145
30636;1090.36401
30637;1065.36401
30638;954.364075
30639;729.364075
30640;690.164917
30641;681.164917
30642;673.164917
30643;694.164917
30644;684.517151
30645;695.517151
30646;724.517151
30647;1035.51721
30648;1327.01892
30649;1385.01892
30650;1368.01892
30651;1443.01892
30652;1397.34253
30653;1462.34253
30654;1483.34253
30655;1398.34253
30656;1520.61121
30657;1476.61121
30658;1436.61121
30659;1333.61121
30660;1544.60559
30661;1588.60559
30662;1521.60559
30663;1278.60559
30664;845.514832
30665;810.514832
30666;803.514832
30667;804.514832
30668;714.833069
30669;731.833069
30670;772.833069
30671;1084.83301
30672;1383.3374
30673;1440.3374
30674;1514.3374
30675;1481.3374
30676;1239.21155
30677;1281.21155
30678;1338.21155
30679;1293.21155
30680;1349.71973
30681;1272.71973
30682;1271.71973
30683;1159.71973
30684;1112.20447
30685;1190.20447
30686;1126.20447
30687;1032.20447
30688;801.494324
30689;775.494324
30690;765.494324
30691;754.494324
30692;837.380859
30693;830.380859
30694;883.380859
30695;1182.38074
30696;1693.02905
30697;1724.02905
30698;1717.02905
30699;1616.02905
30700;1517.47144
30701;1568.47144
30702;1632.47144
30703;1600.47144
30704;1499.15906
30705;1423.15906
30706;1396.15906
30707;1293.15906
30708;1368.96277
30709;1384.96277
30710;1236.96277
30711;1089.96277
30712;1083.99841
30713;1045.99841
30714;1005.99835
30715;887.998352
30716;1063.9552
30717;1075.9552
30718;1107.9552
30719;1345.9552
30720;1332.69995
30721;1383.69995
30722;1415.69995
30723;1416.69995
30724;1194.59595
30725;1213.59595
30726;1136.59595
30727;1146.59595
30728;1170.16077
30729;1218.16077
30730;1191.16077
30731;1138.16077
30732;1151.34583
30733;980.345825
30734;900.345825
30735;692.345825
30736;620.713013
30737;611.713013
30738;577.713013
30739;531.713013
30740;471.500549
30741;350.500549
30742;272.500549
30743;246.500534
30744;262.028503
30745;238.028519
30746;259.028503
30747;250.028519
30748;454.03009
30749;451.03009
30750;447.03009
30751;446.03009
30752;464.89563
30753;461.89563
30754;462.89563
30755;465.89563
30756;365.286224
30757;370.286224
30758;372.286224
30759;366.286224
30760;306.78067
30761;322.78067
30762;377.78067
30763;308.78067
30764;193.051361
30765;193.051361
30766;192.051361
30767;196.051361
30768;374.454987
30769;379.454987
30770;378.454987
30771;375.454987
30772;357.457733
30773;354.457733
30774;350.457733
30775;351.457733
30776;357.529541
30777;360.529541
30778;362.529541
30779;363.529541
30780;359.406189
30781;505.406189
30782;540.406189
30783;554.406189
30784;598.182861
30785;832.182861
30786;867.182861
30787;903.182861
30788;1048.39209
30789;1057.39209
30790;946.392029
30791;998.392029
30792;1366.95032
30793;1327.95032
30794;1341.95032
30795;1379.95032
30796;1115.3418
30797;1038.3418
30798;1024.3418
30799;1006.34186
30800;893.804932
30801;821.804932
30802;807.804932
30803;821.804932
30804;892.846497
30805;1117.84656
30806;1225.84656
30807;1373.84656
30808;1459.19446
30809;1512.19446
30810;1440.19446
30811;1437.19446
30812;1902.73743
30813;1852.73743
30814;1802.73743
30815;1759.73743
30816;1392.58081
30817;1335.58081
30818;1369.58081
30819;1361.58081
30820;1062.69434
30821;955.694336
30822;922.694336
30823;855.694336
30824;787.631104
30825;745.631104
30826;625.631104
30827;787.631104
30828;830.491211
30829;1070.49109
30830;1129.49109
30831;1154.49109
30832;1188.27222
30833;1195.27222
30834;1142.27222
30835;1246.27222
30836;1245.4967
30837;1184.4967
30838;1132.4967
30839;1047.4967
30840;1174.05823
30841;1116.05823
30842;1177.05823
30843;1129.05823
30844;1084.5033
30845;878.503235
30846;865.503235
30847;865.503235
30848;881.820312
30849;857.820312
30850;891.820312
30851;884.820312
30852;990.203918
30853;1217.20398
30854;1287.20398
30855;1387.20398
30856;1350.8938
30857;1400.8938
30858;1360.8938
30859;1501.8938
30860;1252.01489
30861;1246.01489
30862;1225.01489
30863;1212.01489
30864;1348.09399
30865;1269.09399
30866;1302.09399
30867;1280.09399
30868;1237.24268
30869;1109.24268
30870;1081.24268
30871;1113.24268
30872;1479.00867
30873;1414.00867
30874;1407.00867
30875;1396.00867
30876;1184.56677
30877;1476.56677
30878;1560.56677
30879;1534.56677
30880;1758.82605
30881;1747.82605
30882;1691.82605
30883;1721.82605
30884;1317.703
30885;1243.703
30886;1243.703
30887;1194.703
30888;1085.72485
30889;942.724731
30890;888.724731
30891;847.724731
30892;939.774719
30893;950.774719
30894;907.774719
30895;910.774719
30896;1209.03113
30897;1128.03113
30898;1046.03113
30899;897.031128
30900;480.190704
30901;451.190704
30902;424.190704
30903;407.190704
30904;1000.84576
30905;999.845764
30906;1005.84576
30907;1052.8457
30908;720.749146
30909;715.749146
30910;718.749146
30911;721.749146
30912;385.172363
30913;381.172363
30914;382.172363
30915;378.172363
30916;249.711502
30917;247.711502
30918;245.711502
30919;243.711502
30920;231.720566
30921;231.720566
30922;229.720566
30923;230.720566
30924;232.395905
30925;232.395905
30926;232.395905
30927;225.395905
30928;229.442902
30929;229.442902
30930;229.442902
30931;230.442902
30932;224.850555
30933;224.850555
30934;224.850555
30935;228.850555
30936;339.923767
30937;344.923767
30938;342.923767
30939;341.923767
30940;369.338837
30941;370.338837
30942;369.338837
30943;369.338837
30944;332.672211
30945;339.672211
30946;337.672211
30947;337.672211
30948;506.134125
30949;595.134094
30950;551.134094
30951;727.134094
30952;1189.96948
30953;1339.96948
30954;1225.96948
30955;1183.96948
30956;874.663513
30957;864.663513
30958;1011.66351
30959;1256.66345
30960;1102.41431
30961;1099.41431
30962;1118.41431
30963;1100.41431
30964;650.468262
30965;582.468262
30966;611.468262
30967;623.468262
30968;665.122864
30969;605.122864
30970;644.122864
30971;660.122864
30972;721.289673
30973;1019.28967
30974;1120.28967
30975;1169.28967
30976;1168.61011
30977;1196.61011
30978;1133.61011
30979;1128.61011
30980;1367.18262
30981;1287.18262
30982;1337.18262
30983;1346.18262
30984;1724.02124
30985;1682.02124
30986;1611.02124
30987;1614.02124
30988;1192.31482
30989;1112.31482
30990;1034.31482
30991;1046.31482
30992;1308.20508
30993;1286.20508
30994;1314.20508
30995;1319.20508
30996;1112.92859
30997;1347.92859
30998;1371.92859
30999;1501.92859
31000;1938.47729
31001;1933.47729
31002;1771.47729
31003;1844.47729
31004;2039.09741
31005;2041.09741
31006;2017.09741
31007;2046.09741
31008;1576.55188
31009;1500.55188
31010;1533.55188
31011;1560.55188
31012;1006.00269
31013;831.002686
31014;815.002686
31015;761.002686
31016;740.175598
31017;705.175598
31018;659.175598
31019;692.175598
31020;755.463745
31021;1040.46375
31022;1115.46375
31023;1141.46375
31024;1171.30518
31025;1205.30518
31026;1161.30518
31027;1226.30518
31028;1190.68372
31029;1131.68372
31030;1083.68372
31031;982.683777
31032;1146.12915
31033;1136.12915
31034;1021.12909
31035;1012.12909
31036;981.42926
31037;866.42926
31038;853.42926
31039;843.42926
31040;900.513367
31041;875.513367
31042;892.513367
31043;860.513367
31044;842.371033
31045;1163.37097
31046;1355.37097
31047;1416.37097
31048;1336.42468
31049;1304.42468
31050;1231.42468
31051;1232.42468
31052;1315.83948
31053;1254.83948
31054;1193.83948
31055;1133.83948
31056;1605.54797
31057;1437.54797
31058;1377.54797
31059;1353.54797
31060;797.766785
31061;681.766785
31062;695.766785
31063;696.766785
31064;747.292969
31065;700.292969
31066;688.292969
31067;607.292969
31068;902.977844
31069;863.977844
31070;864.977844
31071;856.977844
31072;548.936035
31073;594.936035
31074;544.936035
31075;566.936035
31076;555.284058
31077;434.284027
31078;394.284027
31079;348.284027
31080;344.380524
31081;345.380524
31082;341.380524
31083;342.380524
31084;419.315186
31085;418.315186
31086;415.315186
31087;414.315186
31088;379.805206
31089;373.805206
31090;371.805206
31091;369.805206
31092;344.315002
31093;344.315002
31094;345.315002
31095;336.315002
31096;524.237976
31097;523.237976
31098;524.237976
31099;524.237976
31100;573.794678
31101;571.794678
31102;571.794678
31103;574.794678
31104;607.612122
31105;608.612122
31106;609.612122
31107;609.612122
31108;276.138489
31109;274.138489
31110;274.138489
31111;279.138489
31112;254.039536
31113;226.039536
31114;258.03952
31115;262.03952
31116;306.980255
31117;469.980255
31118;756.980286
31119;848.980286
31120;867.931213
31121;996.931213
31122;958.931213
31123;1072.93115
31124;1014.9585
31125;913.958496
31126;926.958496
31127;909.958496
31128;898.779236
31129;959.779236
31130;1041.77917
31131;963.779236
31132;914.702698
31133;870.702698
31134;907.702698
31135;912.702698
31136;979.203552
31137;861.203552
31138;841.203552
31139;846.203552
31140;941.435852
31141;1253.43604
31142;1405.43604
31143;1466.43604
31144;1402.10461
31145;1430.10461
31146;1305.10461
31147;1384.10461
31148;1390.94336
31149;1310.94336
31150;1316.94336
31151;1298.94336
31152;1489.74756
31153;1474.74756
31154;1489.74756
31155;1453.74756
31156;1474.97888
31157;1314.97888
31158;1289.97888
31159;1292.97888
31160;1226.68494
31161;1152.68494
31162;1172.68494
31163;1193.68494
31164;880.87854
31165;1226.87854
31166;1322.87854
31167;1307.87854
31168;1396.83752
31169;1454.83752
31170;1357.83752
31171;1441.83752
31172;1647.9707
31173;1542.9707
31174;1423.9707
31175;1418.9707
31176;1491.2998
31177;1467.2998
31178;1458.2998
31179;1463.2998
31180;1326.78259
31181;1278.78259
31182;1218.78259
31183;1149.78259
31184;1197.55981
31185;1165.55981
31186;1189.55981
31187;1209.55981
31188;1382.40723
31189;1543.40723
31190;1737.40723
31191;1906.40723
31192;2149.6582
31193;2148.6582
31194;2044.65833
31195;2098.6582
31196;2143.50073
31197;2095.50073
31198;2035.50073
31199;2016.50073
31200;1192.32349
31201;1176.32349
31202;1265.32349
31203;1199.32349
31204;1077.05713
31205;965.057129
31206;900.057129
31207;837.057129
31208;825.325134
31209;783.325134
31210;796.325134
31211;786.325134
31212;796.285889
31213;996.285889
31214;1047.28589
31215;1013.28589
31216;911.725525
31217;871.725525
31218;865.725525
31219;848.725525
31220;847.118347
31221;771.118347
31222;774.118347
31223;857.118347
31224;849.712708
31225;752.712708
31226;791.712708
31227;688.712708
31228;635.551697
31229;532.551697
31230;538.551697
31231;537.551697
31232;608.063904
31233;580.063904
31234;600.063904
31235;607.063904
31236;500.105591
31237;465.105591
31238;468.105591
31239;463.105591
31240;534.041138
31241;560.041138
31242;559.041138
31243;557.041138
31244;398.171143
31245;329.171143
31246;298.171143
31247;257.171143
31248;400.999268
31249;401.999268
31250;398.999268
31251;397.999268
31252;292.105988
31253;289.105988
31254;289.105988
31255;284.105988
31256;281.016998
31257;280.016998
31258;278.016998
31259;278.016998
31260;255.852051
31261;253.852036
31262;254.852036
31263;251.852036
31264;280.555511
31265;280.555511
31266;281.555511
31267;279.555511
31268;296.759766
31269;299.759766
31270;296.759766
31271;303.759766
31272;504.129639
31273;504.129639
31274;507.129639
31275;503.129639
31276;600.68042
31277;597.68042
31278;597.68042
31279;597.68042
31280;607.705017
31281;610.705017
31282;612.705017
31283;612.705017
31284;453.503784
31285;582.503845
31286;746.503845
31287;999.503845
31288;1394.3446
31289;1484.3446
31290;1361.3446
31291;1368.3446
31292;1164.03076
31293;1061.03076
31294;1104.03076
31295;1138.03076
31296;844.543945
31297;805.543945
31298;831.543945
31299;806.543945
31300;680.546936
31301;533.546936
31302;497.546967
31303;487.546967
31304;474.342529
31305;419.342529
31306;478.342529
31307;450.342529
31308;455.715393
31309;604.715393
31310;877.715393
31311;952.715393
31312;991.000977
31313;982.000977
31314;916.000977
31315;927.000977
31316;919.148193
31317;866.148193
31318;916.148193
31319;897.148193
31320;922.174866
31321;854.174866
31322;873.174866
31323;902.174866
31324;859.286194
31325;667.286194
31326;624.286194
31327;625.286194
31328;676.27417
31329;625.27417
31330;648.27417
31331;641.27417
31332;867.502808
31333;1129.50281
31334;1334.50281
31335;1382.50281
31336;1140.39978
31337;1162.39978
31338;1050.39978
31339;1151.39978
31340;1089.26733
31341;1031.26733
31342;1027.26733
31343;973.267334
31344;1190.20154
31345;1118.20154
31346;1150.20154
31347;1079.20154
31348;695.157837
31349;485.157867
31350;468.157867
31351;436.157867
31352;428.882141
31353;410.882141
31354;396.882141
31355;398.882141
31356;447.177643
31357;606.177551
31358;803.177551
31359;953.177551
31360;967.603455
31361;741.603455
31362;701.603455
31363;882.603455
31364;535.507019
31365;777.507019
31366;577.507019
31367;539.507019
31368;883.144104
31369;998.144104
31370;924.144104
31371;1024.14404
31372;997.48291
31373;797.48291
31374;769.48291
31375;745.48291
31376;613.638123
31377;613.638123
31378;561.638123
31379;608.638123
31380;586.349915
31381;770.349915
31382;974.349915
31383;877.349915
31384;1219.25073
31385;1001.25067
31386;867.250671
31387;818.250671
31388;778.95166
31389;852.95166
31390;800.95166
31391;785.95166
31392;641.535278
31393;750.535278
31394;648.535278
31395;595.535278
31396;325.607117
31397;371.607117
31398;356.607117
31399;347.607117
31400;282.313202
31401;214.313217
31402;286.313202
31403;352.313202
31404;232.444077
31405;256.444061
31406;188.444077
31407;219.444077
31408;263.798096
31409;284.798096
31410;278.798096
31411;275.798096
31412;245.490402
31413;212.490402
31414;207.490402
31415;209.490402
31416;264.759186
31417;259.759186
31418;251.759201
31419;253.759201
31420;460.592987
31421;453.592987
31422;453.592987
31423;454.592987
31424;474.939026
31425;473.939026
31426;473.939026
31427;449.939026
31428;376.179779
31429;378.179779
31430;377.179779
31431;370.179779
31432;314.883484
31433;288.883484
31434;318.883484
31435;322.883484
31436;214.648148
31437;214.648148
31438;216.648148
31439;219.648148
31440;395.531738
31441;386.531738
31442;388.531738
31443;385.531738
31444;365.791626
31445;362.791626
31446;362.791626
31447;361.791626
31448;365.769714
31449;364.769714
31450;364.769714
31451;370.769714
31452;413.350403
31453;616.350403
31454;682.350403
31455;698.350403
31456;708.927063
31457;718.927063
31458;670.927063
31459;708.927063
31460;734.698059
31461;738.698059
31462;708.698059
31463;678.698059
31464;1066.52747
31465;1041.52747
31466;1060.52747
31467;1051.52747
31468;700.329468
31469;612.329468
31470;567.329468
31471;542.329468
31472;367.816803
31473;407.816803
31474;402.816803
31475;407.816803
31476;458.441742
31477;669.441711
31478;709.441711
31479;598.441711
31480;819.567688
31481;690.567688
31482;762.567688
31483;753.567688
31484;1165.94421
31485;1153.94421
31486;1150.94421
31487;1150.94421
31488;739.63208
31489;712.63208
31490;745.63208
31491;704.63208
31492;496.672882
31493;352.672882
31494;324.672882
31495;298.672882
31496;277.567261
31497;233.567261
31498;271.567261
31499;275.567261
31500;294.335999
31501;410.335999
31502;434.335999
31503;564.33606
31504;565.992249
31505;552.992249
31506;302.992218
31507;428.992218
31508;537.049133
31509;437.049133
31510;512.049133
31511;515.049133
31512;516.605591
31513;495.605591
31514;412.605591
31515;357.605591
31516;523.083984
31517;464.083954
31518;427.083954
31519;396.083954
31520;372.628296
31521;365.628296
31522;281.628296
31523;325.628296
31524;508.779205
31525;557.779236
31526;668.779236
31527;650.779236
31528;635.000977
31529;609.000977
31530;588.000977
31531;572.000977
31532;430.169128
31533;386.169128
31534;462.169128
31535;451.169128
31536;550.639771
31537;522.639771
31538;583.639771
31539;585.639771
31540;612.114502
31541;538.114502
31542;488.114471
31543;511.114471
31544;831.78479
31545;830.78479
31546;801.78479
31547;828.78479
31548;561.387817
31549;530.387817
31550;561.387817
31551;531.387817
31552;759.663879
31553;733.663879
31554;732.663879
31555;754.663879
31556;432.627258
31557;456.627258
31558;453.627258
31559;461.627258
31560;337.406189
31561;362.406189
31562;335.406189
31563;362.406189
31564;440.995819
31565;467.995819
31566;440.995819
31567;467.995819
31568;740.227783
31569;763.227783
31570;763.227783
31571;774.227783
31572;406.293213
31573;404.293213
31574;403.293213
31575;395.293213
31576;1004.89429
31577;975.894287
31578;976.894287
31579;1003.89429
31580;665.820007
31581;637.820007
31582;665.820007
31583;669.820007
31584;335.33728
31585;337.33728
31586;337.33728
31587;250.33728
31588;207.065186
31589;206.065186
31590;207.065186
31591;207.065186
31592;193.410995
31593;108.410988
31594;194.410995
31595;195.410995
31596;198.292938
31597;170.292938
31598;167.292938
31599;192.292938
31600;168.459503
31601;196.459503
31602;194.459503
31603;167.459503
31604;191.947159
31605;163.947159
31606;193.947159
31607;171.947159
31608;305.179932
31609;304.179932
31610;303.179932
31611;304.179932
31612;332.982666
31613;331.982666
31614;332.982666
31615;333.982666
31616;268.403107
31617;295.403107
31618;297.403107
31619;347.403107
31620;504.112061
31621;580.112061
31622;682.112061
31623;598.112061
31624;821.955017
31625;801.955017
31626;910.955017
31627;911.955017
31628;720.032227
31629;787.032227
31630;777.032227
31631;787.032227
31632;614.586548
31633;642.586548
31634;635.586548
31635;596.586548
31636;316.361633
31637;314.361633
31638;310.361633
31639;308.361633
31640;379.757233
31641;379.757233
31642;382.757233
31643;405.757233
31644;404.421051
31645;518.421082
31646;535.421021
31647;540.421021
31648;474.624664
31649;414.624664
31650;392.624664
31651;246.624664
31652;596.572144
31653;523.572144
31654;592.572144
31655;587.572144
31656;910.804688
31657;938.804688
31658;926.804688
31659;885.804688
31660;516.261841
31661;510.261841
31662;496.261841
31663;492.261841
31664;797.048706
31665;798.048706
31666;801.048706
31667;827.048706
31668;633.474243
31669;676.474243
31670;695.474243
31671;708.474243
31672;1156.99109
31673;1131.99109
31674;1151.99109
31675;1143.99109
31676;1249.53625
31677;1246.53625
31678;1233.53625
31679;1233.53625
31680;815.951538
31681;833.951538
31682;830.951538
31683;778.951538
31684;288.289795
31685;231.28981
31686;267.289795
31687;264.289795
31688;209.274399
31689;250.274399
31690;209.274399
31691;278.274414
31692;342.520782
31693;309.520782
31694;317.520782
31695;334.520782
31696;337.356506
31697;164.356506
31698;410.356506
31699;331.356506
31700;288.664795
31701;255.664795
31702;296.664795
31703;292.664795
31704;399.091705
31705;395.091705
31706;389.091705
31707;366.091705
31708;357.301392
31709;326.301392
31710;325.301392
31711;268.301392
31712;341.711304
31713;341.711304
31714;342.711304
31715;347.711304
31716;279.919861
31717;248.919861
31718;275.919861
31719;246.919861
31720;255.794083
31721;258.794098
31722;254.794083
31723;225.794083
31724;312.069
31725;341.069
31726;339.069
31727;346.069
31728;702.22522
31729;703.22522
31730;733.22522
31731;732.22522
31732;206.37883
31733;209.37883
31734;206.37883
31735;206.37883
31736;254.331451
31737;253.331451
31738;254.331451
31739;257.331451
31740;584.762512
31741;585.762512
31742;581.762512
31743;575.762512
31744;256.211578
31745;257.211578
31746;257.211578
31747;256.211578
31748;320.216278
31749;321.216278
31750;322.216278
31751;329.216278
31752;329.380554
31753;328.380554
31754;329.380554
31755;327.380554
31756;407.42511
31757;402.42511
31758;404.42511
31759;402.42511
31760;371.110931
31761;371.110931
31762;374.110931
31763;372.110931
31764;347.383118
31765;347.383118
31766;339.383118
31767;338.383118
31768;524.02002
31769;498.02002
31770;524.02002
31771;497.02002
31772;547.50824
31773;573.50824
31774;573.50824
31775;581.50824
31776;612.281494
31777;612.281494
31778;613.281494
31779;610.281494
31780;277.869659
31781;277.869659
31782;275.869659
31783;276.869659
31784;248.016815
31785;249.016815
31786;250.016815
31787;296.016846
31788;347.912231
31789;412.912231
31790;450.912231
31791;451.912231
31792;425.796631
31793;314.796631
31794;322.796631
31795;409.796631
31796;241.768661
31797;84.7686768
31798;374.768677
31799;341.768677
31800;258.562592
31801;347.562592
31802;153.562592
31803;286.562592
31804;230.468964
31805;270.468964
31806;265.468964
31807;219.468964
31808;363.111603
31809;364.111603
31810;366.111603
31811;372.111603
31812;455.077118
31813;516.077087
31814;529.077087
31815;445.077118
31816;469.96994
31817;377.96994
31818;378.96994
31819;482.96994
31820;483.8573
31821;230.857315
31822;299.8573
31823;363.8573
31824;695.778076
31825;658.778076
31826;726.778076
31827;642.778076
31828;821.218445
31829;716.218445
31830;719.218445
31831;717.218445
31832;688.461182
31833;687.461182
31834;686.461182
31835;708.461182
31836;369.086731
31837;418.086731
31838;437.086731
31839;506.086731
31840;317.007782
31841;395.007782
31842;405.007782
31843;319.007782
31844;523.971558
31845;600.971558
31846;668.971558
31847;587.971558
31848;701.207825
31849;714.207825
31850;707.207825
31851;632.207825
31852;675.061829
31853;530.061829
31854;528.061829
31855;471.061829
31856;610.812012
31857;609.812012
31858;586.812012
31859;641.812012
31860;785.644226
31861;746.644226
31862;779.644226
31863;778.644226
31864;871.868713
31865;939.868713
31866;939.868713
31867;905.868713
31868;1000.70355
31869;1035.70361
31870;1039.70361
31871;1005.70355
31872;292.593445
31873;291.593445
31874;267.593445
31875;272.593445
31876;171.366516
31877;170.366516
31878;196.366516
31879;193.366516
31880;165.816101
31881;191.816101
31882;170.816101
31883;309.816101
31884;391.80368
31885;419.80368
31886;247.80368
31887;351.80368
31888;362.168091
31889;449.168091
31890;460.168091
31891;458.168091
31892;430.469452
31893;393.469452
31894;386.469452
31895;354.469452
31896;370.98877
31897;366.98877
31898;347.98877
31899;282.98877
31900;341.728851
31901;329.728851
31902;313.728851
31903;281.728851
31904;406.426117
31905;401.426117
31906;409.426117
31907;423.426117
31908;394.988342
31909;387.988342
31910;381.988342
31911;379.988342
31912;436.504761
31913;422.504761
31914;419.504761
31915;383.504761
31916;214.031372
31917;209.031372
31918;212.031372
31919;218.031372
31920;361.775574
31921;358.775574
31922;356.775574
31923;356.775574
31924;244.164108
31925;240.164108
31926;239.164108
31927;239.164108
31928;233.056824
31929;234.056824
31930;236.056824
31931;238.056824
31932;185.677704
31933;212.677704
31934;206.677704
31935;204.677704
31936;242.19812
31937;238.19812
31938;239.19812
31939;238.19812
31940;262.068115
31941;260.068115
31942;271.068115
31943;265.068115
31944;463.114624
31945;463.114624
31946;462.114624
31947;460.114624
31948;549.440369
31949;548.440369
31950;550.440369
31951;548.440369
31952;557.38092
31953;558.38092
31954;568.38092
31955;706.38092
31956;733.101318
31957;817.101318
31958;837.101318
31959;884.101318
31960;1160.87573
31961;1162.87573
31962;1191.87573
31963;1212.87573
31964;1081.4585
31965;1174.4585
31966;1201.4585
31967;1214.4585
31968;818.128601
31969;853.128601
31970;812.128601
31971;666.128601
31972;498.068542
31973;450.068542
31974;457.068542
31975;495.068542
31976;492.887238
31977;487.887238
31978;537.887268
31979;657.887268
31980;976.345825
31981;1007.34583
31982;1051.34583
31983;1135.34583
31984;1099.69238
31985;1069.69238
31986;1205.69238
31987;1189.69238
31988;1111.70496
31989;1108.70496
31990;1077.70496
31991;1126.70496
31992;1218.82898
31993;1201.82898
31994;1132.82898
31995;933.828979
31996;840.972839
31997;862.972839
31998;874.972839
31999;856.972839
32000;907.25946
32001;919.25946
32002;927.25946
32003;1121.2594
32004;1599.84937
32005;1671.84937
32006;1711.84937
32007;1818.84937
32008;1451.35706
32009;1498.35706
32010;1530.35706
32011;1446.35706
32012;1270.64294
32013;1293.64294
32014;1271.64294
32015;1308.64294
32016;1466.90271
32017;1496.90271
32018;1361.90271
32019;1140.90271
32020;831.528076
32021;832.528076
32022;826.528076
32023;791.528076
32024;783.515625
32025;773.515625
32026;791.515625
32027;1024.51575
32028;1357.0918
32029;1407.0918
32030;1454.0918
32031;1448.0918
32032;1330.13855
32033;1388.13855
32034;1306.13855
32035;1353.13855
32036;1430.51782
32037;1395.51782
32038;1415.51782
32039;1358.51782
32040;1706.06641
32041;1667.06641
32042;1617.06641
32043;1313.06641
32044;1166.47424
32045;1169.47424
32046;1169.47424
32047;1153.47424
32048;1026.73279
32049;1038.73267
32050;1036.73279
32051;1247.73267
32052;1478.52661
32053;1462.52661
32054;1458.52661
32055;1529.52661
32056;1524.50977
32057;1474.50977
32058;1427.50977
32059;1371.50977
32060;1513.27991
32061;1483.27991
32062;1531.27991
32063;1487.27991
32064;729.997681
32065;1092.99768
32066;637.997681
32067;637.997681
32068;326.586243
32069;410.586243
32070;391.586243
32071;387.586243
32072;375.027374
32073;345.027374
32074;379.027374
32075;173.027374
32076;241.207382
32077;205.207382
32078;198.207382
32079;196.207382
32080;205.436859
32081;208.436859
32082;207.436859
32083;208.436859
32084;200.212753
32085;198.212753
32086;201.212753
32087;211.212753
32088;261.895172
32089;259.895172
32090;257.895172
32091;256.895172
32092;454.999329
32093;451.999329
32094;451.999329
32095;447.999329
32096;465.758362
32097;466.758362
32098;465.758362
32099;469.758362
32100;376.283966
32101;375.283966
32102;365.283966
32103;366.283966
32104;311.777527
32105;311.777527
32106;308.777527
32107;309.777527
32108;199.196808
32109;200.196808
32110;204.196808
32111;213.196808
32112;384.651886
32113;380.651886
32114;381.651886
32115;380.651886
32116;358.953552
32117;358.953552
32118;356.953552
32119;356.953552
32120;368.947266
32121;371.947266
32122;384.947266
32123;554.947205
32124;903.259705
32125;1059.25989
32126;1119.25989
32127;1111.25989
32128;1057.10925
32129;1155.10925
32130;1228.10925
32131;1204.10925
32132;1174.27954
32133;1220.27954
32134;1287.27954
32135;1294.27954
32136;1718.31799
32137;1708.31799
32138;1645.31799
32139;1439.31799
32140;1100.54688
32141;1053.54688
32142;1034.54688
32143;1042.54688
32144;864.314514
32145;855.314514
32146;856.314514
32147;1131.31458
32148;1511.75818
32149;1535.75818
32150;1464.75818
32151;1505.75818
32152;1520.99426
32153;1581.99426
32154;1626.99426
32155;1551.99426
32156;1972.42969
32157;1924.42969
32158;1951.42969
32159;1928.42969
32160;1541.81604
32161;1487.81604
32162;1434.81604
32163;1189.81604
32164;855.130554
32165;818.130554
32166;780.130554
32167;790.130554
32168;699.76416
32169;689.76416
32170;702.76416
32171;944.76416
32172;1250.60046
32173;1267.60046
32174;1261.60046
32175;1275.60046
32176;1254.07642
32177;1293.07642
32178;1350.07642
32179;1269.07642
32180;1198.05835
32181;1131.05835
32182;1229.05835
32183;1198.05835
32184;1274.02917
32185;1312.02917
32186;1217.02917
32187;1136.02917
32188;1022.29388
32189;973.293884
32190;943.293884
32191;926.293884
32192;877.357666
32193;869.357666
32194;854.357666
32195;1073.35767
32196;1472.00244
32197;1478.00244
32198;1507.00244
32199;1516.00244
32200;1477.97314
32201;1439.97314
32202;1523.97314
32203;1531.97314
32204;1390.69812
32205;1349.69812
32206;1301.69812
32207;1261.69812
32208;1242.4303
32209;1266.4303
32210;1229.4303
32211;1062.4303
32212;1057.1416
32213;994.141724
32214;956.141724
32215;959.141724
32216;1267.2959
32217;1288.2959
32218;1296.2959
32219;1468.2959
32220;1552.09546
32221;1632.09546
32222;1651.09546
32223;1717.09546
32224;1870.7301
32225;1832.7301
32226;1880.7301
32227;1845.7301
32228;1474.66541
32229;1480.66541
32230;1386.66541
32231;1356.66541
32232;1127.89453
32233;961.894531
32234;888.894531
32235;812.894531
32236;871.11676
32237;870.11676
32238;859.11676
32239;819.11676
32240;1067.18555
32241;998.185547
32242;930.185547
32243;827.185547
32244;431.932434
32245;398.932434
32246;389.932434
32247;395.932434
32248;994.594238
32249;994.594238
32250;996.594238
32251;997.594238
32252;662.537109
32253;661.537109
32254;658.537109
32255;666.537109
32256;334.063171
32257;332.063171
32258;329.063171
32259;328.063171
32260;200.313293
32261;200.313293
32262;199.313293
32263;198.313293
32264;184.853058
32265;186.853058
32266;188.853058
32267;186.853058
32268;193.682602
32269;189.682602
32270;182.682602
32271;182.682602
32272;185.929718
32273;184.929718
32274;160.929718
32275;185.929718
32276;183.417404
32277;184.417404
32278;187.417404
32279;195.417404
32280;301.436157
32281;298.436157
32282;297.436157
32283;299.436157
32284;327.907562
32285;325.907562
32286;326.907562
32287;325.907562
32288;292.763977
32289;293.763977
32290;308.763977
32291;473.763977
32292;1048.57678
32293;1298.57678
32294;1268.57678
32295;1253.57678
32296;1470.81519
32297;1461.81519
32298;1479.81519
32299;1466.81519
32300;1379.47278
32301;1459.47278
32302;1463.47278
32303;1425.47278
32304;1357.71472
32305;1360.71472
32306;1318.71472
32307;1219.71472
32308;912.35675
32309;873.35675
32310;831.35675
32311;770.35675
32312;852.590576
32313;867.590576
32314;849.590576
32315;1013.59058
32316;1313.62891
32317;1462.62891
32318;1425.62891
32319;1410.62891
32320;1291.31604
32321;1370.31604
32322;1290.31604
32323;1264.31604
32324;1429.51587
32325;1476.51587
32326;1468.51587
32327;1367.51587
32328;1723.20618
32329;1736.20618
32330;1678.20618
32331;1585.20618
32332;1110.20178
32333;1037.20178
32334;1024.20178
32335;1003.20184
32336;1300.90222
32337;1298.90222
32338;1292.90222
32339;1484.90222
32340;1530.8313
32341;1567.8313
32342;1589.8313
32343;1607.8313
32344;2006.66187
32345;2011.66187
32346;2055.66187
32347;1998.66187
32348;2073.24316
32349;1982.24329
32350;2041.24329
32351;2075.24316
32352;1687.41675
32353;1665.41675
32354;1566.41675
32355;1388.41675
32356;889.92981
32357;758.92981
32358;730.92981
32359;734.92981
32360;695.332947
32361;692.332947
32362;694.332947
32363;881.332947
32364;1099.74658
32365;1284.74658
32366;1358.74658
32367;1344.74658
32368;1306.59412
32369;1267.59412
32370;1335.59412
32371;1266.59412
32372;1248.19763
32373;1217.19763
32374;1206.19763
32375;1203.19763
32376;1392.24438
32377;1422.24438
32378;1333.24438
32379;1047.24438
32380;982.71521
32381;970.71521
32382;938.71521
32383;907.71521
32384;920.910889
32385;904.910889
32386;918.910889
32387;1111.91089
32388;1354.08057
32389;1374.08057
32390;1407.08057
32391;1447.08057
32392;1453.73962
32393;1413.73962
32394;1406.73962
32395;1342.73962
32396;1304.63123
32397;1261.63123
32398;1200.63123
32399;1123.63123
32400;1495.47229
32401;1401.47229
32402;1268.47229
32403;1159.47229
32404;571.935913
32405;540.935913
32406;540.935913
32407;545.935913
32408;535.181213
32409;425.181244
32410;332.181244
32411;318.181244
32412;638.382751
32413;597.382751
32414;591.382751
32415;592.382751
32416;275.702484
32417;273.702484
32418;265.702484
32419;266.702484
32420;329.210327
32421;322.210327
32422;319.210327
32423;326.210327
32424;325.581512
32425;321.581512
32426;322.581512
32427;323.581512
32428;398.937347
32429;396.937347
32430;396.937347
32431;399.937347
32432;366.651886
32433;366.651886
32434;368.651886
32435;367.651886
32436;342.441406
32437;338.441406
32438;333.441406
32439;333.441406
32440;519.021545
32441;519.021545
32442;518.021545
32443;516.021545
32444;565.155396
32445;567.155396
32446;568.155396
32447;574.155396
32448;602.835999
32449;602.835999
32450;603.835999
32451;603.835999
32452;274.171509
32453;272.171509
32454;273.171509
32455;273.171509
32456;250.661484
32457;253.661484
32458;265.661499
32459;452.661469
32460;717.880127
32461;860.880127
32462;1065.88013
32463;1091.88013
32464;1071.12451
32465;1042.12451
32466;1093.12451
32467;1115.12451
32468;1053.13232
32469;1086.13232
32470;1048.13232
32471;1031.1322
32472;1126.82751
32473;1160.82751
32474;1050.82751
32475;808.827515
32476;770.639465
32477;737.639465
32478;720.639465
32479;717.639465
32480;852.146606
32481;850.146606
32482;852.146606
32483;1104.14661
32484;1409.30237
32485;1520.30237
32486;1532.30237
32487;1518.30237
32488;1379.3717
32489;1450.3717
32490;1443.3717
32491;1428.3717
32492;1323.51587
32493;1365.51587
32494;1282.51587
32495;1190.51587
32496;1521.48132
32497;1470.48132
32498;1398.48132
32499;1148.48132
32500;1181.05054
32501;1154.05054
32502;1183.05054
32503;1171.05054
32504;1147.42896
32505;1143.42896
32506;1151.42896
32507;1344.42896
32508;1278.23279
32509;1369.23279
32510;1391.23279
32511;1396.23279
32512;1342.48694
32513;1373.48694
32514;1469.48694
32515;1446.48694
32516;1679.09326
32517;1649.09326
32518;1609.09326
32519;1537.09326
32520;1598.2677
32521;1512.2677
32522;1446.2677
32523;1260.2677
32524;1060.37146
32525;1029.37146
32526;1046.37146
32527;1018.37152
32528;1081.58484
32529;1090.58484
32530;1085.58484
32531;1322.58484
32532;1801.91638
32533;1802.91638
32534;1804.91638
32535;1888.91638
32536;2031.89392
32537;2020.89392
32538;2083.89404
32539;2052.89404
32540;2143.59741
32541;2150.59741
32542;2159.59741
32543;2094.59741
32544;1320.54053
32545;1280.54053
32546;1181.54053
32547;898.540527
32548;737.743469
32549;738.743469
32550;737.743469
32551;704.743469
32552;722.924988
32553;715.924988
32554;721.924988
32555;925.924988
32556;1179.9209
32557;1287.9209
32558;1241.9209
32559;1204.9209
32560;1202.40625
32561;1153.40625
32562;1199.40625
32563;1084.40625
32564;999.730774
32565;1015.73077
32566;984.730774
32567;1013.73077
32568;957.168579
32569;829.168579
32570;753.168579
32571;568.168579
32572;565.758789
32573;551.758789
32574;543.758789
32575;540.758789
32576;668.142334
32577;644.142334
32578;523.142273
32579;471.142273
32580;410.957123
32581;375.957123
32582;365.957123
32583;358.957123
32584;352.144257
32585;351.144257
32586;349.144257
32587;349.144257
32588;198.598221
32589;198.598221
32590;201.598221
32591;203.598221
32592;353.592041
32593;353.592041
32594;354.592041
32595;351.592041
32596;239.587494
32597;237.587494
32598;239.587494
32599;238.587494
32600;231.480179
32601;228.480179
32602;231.480179
32603;232.480179
32604;207.024307
32605;205.024307
32606;199.024307
32607;198.024307
32608;236.835129
32609;234.835129
32610;235.835129
32611;234.835129
32612;252.677795
32613;251.677795
32614;253.677795
32615;258.677795
32616;458.723938
32617;457.723938
32618;456.723938
32619;455.723938
32620;544.064941
32621;544.064941
32622;544.064941
32623;469.064911
32624;502.649811
32625;478.649811
32626;479.649811
32627;567.64978
32628;570.208679
32629;295.208649
32630;683.208679
32631;668.208679
32632;1013.72058
32633;837.720581
32634;1437.72058
32635;1498.72058
32636;1314.93396
32637;1329.93396
32638;1322.93396
32639;1230.93396
32640;947.440857
32641;974.440857
32642;991.440857
32643;734.440857
32644;690.427917
32645;682.427917
32646;698.427917
32647;692.427917
32648;690.174194
32649;688.174194
32650;742.174194
32651;1026.17419
32652;1198.61926
32653;1269.61926
32654;1307.61926
32655;1275.61926
32656;1226.91528
32657;1269.91528
32658;1323.91528
32659;1292.91528
32660;1207.94763
32661;1223.94763
32662;1161.94763
32663;1087.94763
32664;1219.3667
32665;1219.3667
32666;1047.3667
32667;786.366638
32668;847.594238
32669;828.594238
32670;836.594238
32671;815.594238
32672;898.141968
32673;898.141968
32674;943.141968
32675;1259.14197
32676;1572.96643
32677;1661.96643
32678;1822.96643
32679;1754.96643
32680;1433.4198
32681;1427.4198
32682;1428.4198
32683;1346.4198
32684;1312.3739
32685;1398.3739
32686;1352.3739
32687;1282.3739
32688;1493.07605
32689;1406.07605
32690;1273.07605
32691;1008.07605
32692;760.391663
32693;755.391663
32694;743.391663
32695;720.391663
32696;746.319519
32697;733.319519
32698;782.319519
32699;1090.31958
32700;1265.05017
32701;1294.05017
32702;1276.05017
32703;1238.05017
32704;1199.01672
32705;1266.01672
32706;1198.01672
32707;1244.01672
32708;1341.05103
32709;1297.05103
32710;1327.05103
32711;1286.05103
32712;1663.6488
32713;1674.6488
32714;1530.6488
32715;1258.6488
32716;1124.29651
32717;1118.29651
32718;1113.29651
32719;1122.29651
32720;997.258545
32721;992.258545
32722;1061.25854
32723;1425.25854
32724;1464.36267
32725;1441.36267
32726;1447.36267
32727;1460.36267
32728;1362.3269
32729;1430.3269
32730;1407.3269
32731;1409.3269
32732;1659.02319
32733;1599.02319
32734;1480.02319
32735;1425.02319
32736;1078.90564
32737;976.905579
32738;796.905579
32739;787.905579
32740;636.041138
32741;644.041138
32742;640.041138
32743;564.041138
32744;508.670074
32745;412.670074
32746;285.670074
32747;269.670074
32748;224.96463
32749;210.96463
32750;242.96463
32751;253.96463
32752;261.29892
32753;261.29892
32754;263.29892
32755;261.29892
32756;229.170029
32757;189.170029
32758;186.170029
32759;193.170029
32760;246.917419
32761;245.917419
32762;243.917419
32763;239.917419
32764;440.394714
32765;442.394714
32766;440.394714
32767;440.394714
32768;460.389374
32769;461.389374
32770;461.389374
32771;468.389374
32772;370.622375
32773;368.622375
32774;361.622375
32775;359.622375
32776;303.038788
32777;301.038788
32778;303.038788
32779;303.038788
32780;196.521759
32781;197.521759
32782;198.521759
32783;206.521759
32784;375.776428
32785;375.776428
32786;375.776428
32787;376.776428
32788;354.233368
32789;354.233368
32790;356.233368
32791;356.233368
32792;366.000549
32793;368.000549
32794;419.000549
32795;781.000549
32796;1099.91797
32797;1010.91791
32798;1070.91797
32799;1062.91797
32800;1012.89069
32801;1069.89062
32802;1191.89062
32803;1174.89062
32804;1335.50403
32805;1399.50403
32806;1349.50403
32807;1331.50403
32808;1732.40759
32809;1716.40759
32810;1542.40759
32811;1344.40759
32812;998.463318
32813;996.463318
32814;979.463318
32815;982.463318
32816;853.195374
32817;827.195374
32818;893.195374
32819;1207.19543
32820;1359.67908
32821;1421.67908
32822;1410.67908
32823;1438.67908
32824;1440.88879
32825;1530.88879
32826;1465.88879
32827;1452.88879
32828;1853.36047
32829;1843.36047
32830;1832.36047
32831;1808.36047
32832;1434.60974
32833;1375.60974
32834;1258.60974
32835;1051.60974
32836;857.785339
32837;839.785339
32838;834.785339
32839;827.785339
32840;710.493958
32841;710.493958
32842;763.493958
32843;1112.49402
32844;1269.28687
32845;1292.28687
32846;1297.28687
32847;1307.28687
32848;1220.96533
32849;1281.96533
32850;1155.96533
32851;1174.96533
32852;1231.28491
32853;1226.28491
32854;1323.28491
32855;1281.28491
32856;1344.51587
32857;1243.51587
32858;1026.51587
32859;772.515869
32860;848.930908
32861;851.930908
32862;835.930908
32863;832.930908
32864;800.916321
32865;803.916321
32866;846.916321
32867;1138.91626
32868;1398.80444
32869;1524.80444
32870;1550.80444
32871;1581.80444
32872;1514.16675
32873;1527.16675
32874;1541.16675
32875;1503.16675
32876;1323.01111
32877;1357.01111
32878;1304.01111
32879;1284.01111
32880;1469.45361
32881;1412.45361
32882;1257.45361
32883;926.453552
32884;1003.55615
32885;976.556152
32886;974.556152
32887;968.556152
32888;1306.50598
32889;1331.50598
32890;1382.50598
32891;1758.50598
32892;1597.65063
32893;1642.65063
32894;1556.65063
32895;1594.65063
32896;1712.89856
32897;1726.89856
32898;1754.89856
32899;1765.89856
32900;1432.03003
32901;1470.03003
32902;1419.03003
32903;1280.03003
32904;1184.22083
32905;1186.22083
32906;900.220886
32907;781.220886
32908;857.451538
32909;827.451538
32910;790.451538
32911;802.451538
32912;1000.03857
32913;832.038574
32914;825.038574
32915;815.038574
32916;400.645782
32917;388.645782
32918;387.645782
32919;388.645782
32920;987.221069
32921;989.221069
32922;987.221069
32923;990.221069
32924;655.239624
32925;655.239624
32926;654.239624
32927;658.239624
32928;325.807037
32929;322.807037
32930;325.807037
32931;323.807037
32932;197.078568
32933;195.078568
32934;196.078568
32935;194.078568
32936;181.621506
32937;181.621506
32938;183.621506
32939;185.621506
32940;183.483826
32941;181.483826
32942;178.483826
32943;179.483826
32944;183.62793
32945;184.62793
32946;183.62793
32947;183.62793
32948;181.173019
32949;181.173019
32950;185.173019
32951;191.173019
32952;297.161072
32953;296.161072
32954;296.161072
32955;296.161072
32956;323.632996
32957;324.632996
32958;322.632996
32959;322.632996
32960;291.655853
32961;293.655853
32962;342.655853
32963;736.655823
32964;914.693787
32965;963.693787
32966;1002.69379
32967;1048.69373
32968;1430.24768
32969;1567.24768
32970;1603.24768
32971;1520.24768
32972;1506.22095
32973;1479.22095
32974;1537.22095
32975;1560.22095
32976;1493.33228
32977;1449.33228
32978;1387.33228
32979;1184.33228
32980;803.316406
32981;740.316406
32982;735.316406
32983;735.316406
32984;806.247559
32985;806.247559
32986;848.247559
32987;1222.24756
32988;1363.36255
32989;1416.36255
32990;1413.36255
32991;1418.36255
32992;1255.87805
32993;1186.87805
32994;1156.87805
32995;1212.87805
32996;1375.96167
32997;1399.96167
32998;1387.96167
32999;1338.96167
33000;1768.48376
33001;1723.48376
33002;1540.48376
33003;1432.48376
33004;1113.28149
33005;979.281494
33006;952.281494
33007;947.281494
33008;1232.40015
33009;1248.40015
33010;1327.40015
33011;1657.40015
33012;1550.34863
33013;1610.34863
33014;1528.34863
33015;1523.34863
33016;1972.84839
33017;2044.84839
33018;2039.84839
33019;1959.84839
33020;2042.06702
33021;2095.06714
33022;2077.06714
33023;1994.06702
33024;1725.19934
33025;1662.19934
33026;1492.19934
33027;1284.19934
33028;662.717896
33029;706.717896
33030;734.717896
33031;723.717896
33032;724.845398
33033;728.845398
33034;804.845398
33035;1135.84546
33036;1200.08984
33037;1240.08984
33038;1246.08984
33039;1227.08984
33040;1270.86218
33041;1345.86218
33042;1369.86218
33043;1292.86218
33044;1254.18408
33045;1253.18408
33046;1262.18408
33047;1230.18408
33048;1363.16882
33049;1333.16882
33050;1213.16882
33051;999.168884
33052;988.390686
33053;954.390686
33054;815.390686
33055;786.390686
33056;739.521423
33057;798.521423
33058;817.521423
33059;1121.52136
33060;1184.45557
33061;1208.45557
33062;1181.45557
33063;1147.45557
33064;1122.13965
33065;1127.13965
33066;1099.13965
33067;1160.13965
33068;1207.84155
33069;1185.84155
33070;1207.84155
33071;1099.84155
33072;1420.37097
33073;1214.37097
33074;1141.37097
33075;1083.37097
33076;572.953674
33077;571.953674
33078;560.953674
33079;528.953674
33080;512.954346
33081;416.954315
33082;348.954315
33083;322.954315
33084;605.893799
33085;598.893799
33086;642.893799
33087;650.893799
33088;324.608978
33089;326.608978
33090;329.608978
33091;331.608978
33092;334.360229
33093;323.360229
33094;327.360229
33095;330.360229
33096;318.375885
33097;317.375885
33098;315.375885
33099;314.375885
33100;389.351685
33101;390.351685
33102;391.351685
33103;388.351685
33104;357.116486
33105;359.116486
33106;359.116486
33107;360.116486
33108;327.68576
33109;324.68576
33110;324.68576
33111;325.68576
33112;510.147003
33113;512.147034
33114;512.147034
33115;510.147003
33116;559.082581
33117;561.082581
33118;564.082581
33119;569.082581
33120;597.592163
33121;598.592163
33122;597.592163
33123;597.592163
33124;268.164886
33125;267.164886
33126;266.164886
33127;267.164886
33128;237.838745
33129;240.838745
33130;290.838715
33131;661.838745
33132;665.11853
33133;657.11853
33134;694.11853
33135;952.11853
33136;852.387146
33137;906.387146
33138;956.387146
33139;949.387146
33140;939.411987
33141;968.411987
33142;984.411987
33143;1010.41199
33144;1051.099
33145;1035.099
33146;921.098938
33147;713.098938
33148;723.908997
33149;739.908997
33150;743.908997
33151;732.908997
33152;833.073242
33153;835.073242
33154;883.073242
33155;1205.07324
33156;1310.96692
33157;1358.96692
33158;1426.96692
33159;1422.96692
33160;1260.89673
33161;1307.89673
33162;1315.89673
33163;1179.89673
33164;1001.99286
33165;1099.9928
33166;1131.9928
33167;986.992859
33168;1337.94177
33169;1433.94177
33170;1377.94177
33171;1085.94177
33172;1191.48584
33173;1177.48584
33174;1191.48584
33175;1197.48584
33176;1140.19409
33177;1166.19409
33178;1209.19409
33179;1418.19409
33180;1146.95935
33181;1191.95935
33182;1386.95935
33183;1392.95935
33184;1306.71899
33185;1360.71899
33186;1364.71899
33187;1301.71899
33188;1483.27136
33189;1456.27136
33190;1449.27136
33191;1148.27136
33192;1512.3147
33193;1496.3147
33194;1398.3147
33195;1240.3147
33196;1039.14343
33197;1042.14343
33198;1031.14343
33199;1015.14349
33200;1115.12695
33201;1090.12695
33202;1160.12695
33203;1494.12695
33204;1746.24072
33205;1877.24072
33206;1921.24072
33207;1859.24072
33208;1935.26562
33209;1993.26562
33210;1981.26562
33211;2022.26562
33212;2049.12207
33213;2044.12207
33214;1984.12207
33215;1951.12207
33216;1262.18201
33217;1275.18201
33218;910.182007
33219;926.182007
33220;804.580139
33221;753.580139
33222;763.580139
33223;760.580139
33224;785.892334
33225;772.892334
33226;827.892334
33227;1089.89246
33228;1171.87354
33229;979.873535
33230;987.873535
33231;1198.87354
33232;1155.31238
33233;1221.31238
33234;1175.31238
33235;1196.31238
33236;1073.62122
33237;1093.62122
33238;1086.62122
33239;990.621216
33240;962.048218
33241;794.048218
33242;736.048218
33243;662.048218
33244;689.877197
33245;712.877197
33246;705.877197
33247;680.877197
33248;690.963318
33249;561.963318
33250;477.963318
33251;465.963318
33252;381.942383
33253;368.942383
33254;371.942383
33255;369.942383
33256;362.152405
33257;363.152405
33258;365.152405
33259;365.152405
33260;216.223557
33261;215.223557
33262;215.223557
33263;221.223557
33264;369.210236
33265;367.210236
33266;368.210236
33267;366.210236
33268;253.293167
33269;253.293167
33270;253.293167
33271;250.293167
33272;248.441879
33273;246.441879
33274;251.441879
33275;253.441879
33276;216.872864
33277;214.872864
33278;215.872864
33279;213.872864
33280;242.690735
33281;239.690735
33282;240.690735
33283;239.690735
33284;258.362091
33285;257.362091
33286;258.362091
33287;259.362091
33288;461.305511
33289;460.305511
33290;459.305511
33291;462.305511
33292;552.653442
33293;553.653442
33294;555.653442
33295;554.653442
33296;569.243896
33297;572.243896
33298;626.243896
33299;970.243896
33300;1171.81604
33301;1091.81604
33302;1159.81604
33303;1192.81604
33304;1425.34937
33305;1564.34937
33306;1628.34937
33307;1566.34937
33308;1324.66284
33309;1283.66284
33310;1271.66284
33311;1305.66284
33312;1064.25574
33313;1046.25574
33314;1008.25568
33315;766.255676
33316;724.178223
33317;708.178223
33318;670.178223
33319;651.178223
33320;703.900391
33321;713.900391
33322;780.900391
33323;1100.90039
33324;1235.30664
33325;1264.30664
33326;1320.30664
33327;1283.30664
33328;1239.62671
33329;1325.62671
33330;1366.62671
33331;1190.62671
33332;1174.66858
33333;1138.66858
33334;1143.66858
33335;1107.66858
33336;1300.11353
33337;1306.11353
33338;1093.11353
33339;880.113525
33340;963.260193
33341;925.260193
33342;905.260193
33343;857.260193
33344;925.933289
33345;924.933289
33346;1002.93329
33347;1260.93323
33348;1605.97974
33349;1659.97974
33350;1703.97974
33351;1622.97974
33352;1274.18896
33353;1330.18896
33354;1403.18896
33355;1312.18896
33356;1238.91235
33357;1211.91235
33358;1299.91235
33359;1256.91235
33360;1532.17773
33361;1479.17773
33362;1310.17773
33363;1193.17773
33364;854.994446
33365;828.994446
33366;811.994446
33367;834.994446
33368;813.003296
33369;820.003296
33370;895.003296
33371;1125.0033
33372;1250.20215
33373;1243.20215
33374;1270.20215
33375;1307.20215
33376;1208.95813
33377;1230.95813
33378;1250.95813
33379;1196.95813
33380;1214.64209
33381;1240.64209
33382;1253.64209
33383;1269.64209
33384;1679.1156
33385;1625.1156
33386;1525.1156
33387;1261.1156
33388;1138.89258
33389;1149.89258
33390;1137.89258
33391;1120.89258
33392;942.509521
33393;883.509521
33394;992.509521
33395;1267.50952
33396;1373.30127
33397;1454.30127
33398;1544.30127
33399;1509.30127
33400;1529.85266
33401;1554.85266
33402;1432.85266
33403;1363.85266
33404;1494.7146
33405;1444.7146
33406;1436.7146
33407;1448.7146
33408;1174.49915
33409;1088.49915
33410;928.499084
33411;779.499084
33412;562.270691
33413;549.270691
33414;548.270691
33415;546.270691
33416;536.861328
33417;448.861359
33418;294.861359
33419;253.861343
33420;251.092392
33421;248.092392
33422;248.092392
33423;250.092392
33424;250.346542
33425;245.346542
33426;246.346542
33427;247.346542
33428;216.154099
33429;185.154099
33430;186.154099
33431;185.154099
33432;243.832977
33433;242.832977
33434;243.832977
33435;241.832977
33436;441.29483
33437;439.29483
33438;439.29483
33439;439.29483
33440;460.299866
33441;461.299866
33442;461.299866
33443;463.299866
33444;361.322998
33445;361.322998
33446;360.322998
33447;359.322998
33448;303.657837
33449;304.657837
33450;304.657837
33451;304.657837
33452;199.386688
33453;198.386688
33454;197.386688
33455;199.386688
33456;376.553162
33457;377.553162
33458;377.553162
33459;374.553162
33460;352.210419
33461;354.210419
33462;354.210419
33463;351.210419
33464;362.123444
33465;365.123444
33466;419.123444
33467;714.123352
33468;795.709656
33469;980.709656
33470;1073.70972
33471;1093.70972
33472;1098.65088
33473;1263.65088
33474;1140.65088
33475;1076.65088
33476;1102.07239
33477;1019.07245
33478;1087.07239
33479;1104.07239
33480;1635.95081
33481;1625.95081
33482;1540.95081
33483;1245.95081
33484;867.994507
33485;874.994507
33486;925.994507
33487;912.994507
33488;790.765259
33489;812.765259
33490;814.765259
33491;1116.76526
33492;1283.31287
33493;1414.31287
33494;1384.31287
33495;1416.31287
33496;1430.5741
33497;1452.5741
33498;1470.5741
33499;1438.5741
33500;1763.08264
33501;1752.08264
33502;1738.08264
33503;1641.08264
33504;1197.5332
33505;1230.5332
33506;1181.5332
33507;1131.5332
33508;843.666565
33509;849.666565
33510;835.666565
33511;841.666565
33512;794.301086
33513;789.301086
33514;867.301086
33515;1099.30103
33516;1240.24756
33517;1332.24756
33518;1321.24756
33519;1361.24756
33520;1276.88257
33521;1354.88257
33522;1299.88257
33523;1105.88257
33524;1050.0061
33525;999.006104
33526;998.006104
33527;962.006104
33528;1020.19373
33529;1005.19373
33530;979.193726
33531;907.193726
33532;982.566162
33533;989.566162
33534;968.566162
33535;948.566162
33536;947.497009
33537;900.497009
33538;971.497009
33539;1261.49695
33540;1503.63245
33541;1572.63245
33542;1551.63245
33543;1457.63245
33544;1405.93091
33545;1529.93091
33546;1503.93091
33547;1502.93091
33548;1244.39136
33549;1261.39136
33550;1242.39136
33551;1128.39136
33552;1347.50793
33553;1280.50793
33554;1123.50793
33555;976.507996
33556;1012.48303
33557;1029.48303
33558;1030.48303
33559;1012.48303
33560;1418.20117
33561;1368.20117
33562;1398.20117
33563;1607.20117
33564;1436.53333
33565;1530.53333
33566;1585.53333
33567;1589.53333
33568;1738.44556
33569;1712.44556
33570;1748.44556
33571;1631.44556
33572;1301.39978
33573;1273.39978
33574;1238.39978
33575;1143.39978
33576;1081.65857
33577;1029.65857
33578;966.658569
33579;942.658569
33580;1002.99469
33581;1020.99469
33582;956.99469
33583;859.99469
33584;1119.49268
33585;1112.49268
33586;1008.49268
33587;873.492676
33588;507.118164
33589;505.118164
33590;506.118164
33591;506.118164
33592;1108.72717
33593;1110.72717
33594;1113.72717
33595;1092.72717
33596;722.565674
33597;721.565674
33598;720.565674
33599;718.565674
33600;392.948395
33601;392.948395
33602;391.948395
33603;387.948395
33604;260.145599
33605;256.145599
33606;255.145584
33607;252.145584
33608;240.595627
33609;243.595627
33610;240.595627
33611;243.595627
33612;242.393799
33613;242.393799
33614;244.393799
33615;242.393799
33616;245.535461
33617;247.535461
33618;247.535461
33619;247.535461
33620;245.021423
33621;244.021423
33622;245.021423
33623;248.021423
33624;358.965637
33625;359.965637
33626;359.965637
33627;358.965637
33628;383.401855
33629;383.401855
33630;382.401855
33631;379.401855
33632;348.559875
33633;350.559875
33634;396.559875
33635;690.559875
33636;1101.28125
33637;1197.28125
33638;1212.28125
33639;1138.28125
33640;1310.36218
33641;1492.36218
33642;1467.36218
33643;1381.36218
33644;1300.35632
33645;1363.35632
33646;1386.35632
33647;1357.35632
33648;1445.55505
33649;1410.55505
33650;1184.55505
33651;950.554932
33652;733.822327
33653;723.822327
33654;723.822327
33655;732.822327
33656;792.679688
33657;796.679688
33658;845.679688
33659;1207.67981
33660;1308.37146
33661;1387.37146
33662;1409.37146
33663;1360.37146
33664;1120.82275
33665;1289.82275
33666;1237.82275
33667;1207.82275
33668;1365.89343
33669;1393.89343
33670;1408.89343
33671;1341.89343
33672;1813.43286
33673;1784.43286
33674;1621.43286
33675;1318.43286
33676;977.236023
33677;983.236023
33678;976.236023
33679;965.236023
33680;1268.36401
33681;1259.36401
33682;1327.36401
33683;1682.36401
33684;1511.16553
33685;1565.16553
33686;1588.16553
33687;1543.16553
33688;1965.49146
33689;2006.49146
33690;2007.49146
33691;1932.49146
33692;2046.76147
33693;2016.76147
33694;1996.76147
33695;1970.76147
33696;1635.86731
33697;1606.86731
33698;1514.86731
33699;1252.86731
33700;717.331177
33701;712.331177
33702;704.331177
33703;712.331177
33704;689.835144
33705;706.835144
33706;769.835144
33707;1058.83521
33708;1220.02612
33709;1295.02612
33710;1254.02612
33711;1255.02612
33712;1195.63171
33713;1246.63171
33714;1113.63171
33715;1042.63171
33716;1022.875
33717;952.875
33718;970.875
33719;943.875
33720;1183.80981
33721;1263.80981
33722;1105.80981
33723;874.809814
33724;836.970459
33725;859.970459
33726;858.970459
33727;832.970459
33728;835.117004
33729;822.117004
33730;864.117004
33731;1119.11694
33732;1274.43994
33733;1334.43994
33734;1351.43994
33735;1295.43994
33736;1315.86145
33737;1266.86145
33738;1129.86145
33739;1043.86145
33740;1150.27112
33741;1101.27112
33742;998.270996
33743;948.270996
33744;1349.92383
33745;1368.92383
33746;1311.92383
33747;1181.92383
33748;658.949951
33749;646.949951
33750;654.949951
33751;648.949951
33752;674.037354
33753;607.037354
33754;388.037384
33755;264.037384
33756;571.034363
33757;566.034363
33758;566.034363
33759;565.034363
33760;251.506485
33761;250.506485
33762;250.506485
33763;252.506485
33764;311.065979
33765;311.065979
33766;312.065979
33767;313.065979
33768;317.387482
33769;316.387482
33770;316.387482
33771;316.387482
33772;387.322449
33773;385.322449
33774;387.322449
33775;385.322449
33776;355.154083
33777;355.154083
33778;356.154083
33779;353.154083
33780;323.751373
33781;323.751373
33782;323.751373
33783;323.751373
33784;509.230438
33785;509.230438
33786;509.230438
33787;508.230438
33788;558.143799
33789;558.143799
33790;557.143799
33791;558.143799
33792;590.566589
33793;595.566589
33794;594.566589
33795;590.566589
33796;259.045471
33797;259.045471
33798;257.045471
33799;257.045471
33800;232.55838
33801;276.55838
33802;468.55838
33803;617.55835
33804;763.852478
33805;831.852478
33806;959.852478
33807;926.852478
33808;1004.24323
33809;1020.24323
33810;930.243225
33811;911.243225
33812;854.404724
33813;925.404724
33814;901.404724
33815;1097.40479
33816;1174.21191
33817;1058.21191
33818;817.211914
33819;678.211914
33820;657.776123
33821;679.776123
33822;647.776123
33823;603.776123
33824;720.152893
33825;854.152893
33826;1082.15295
33827;1250.15295
33828;1236.13733
33829;1266.13733
33830;1296.13733
33831;1268.13733
33832;1229.53015
33833;1262.53015
33834;1192.53015
33835;1262.53015
33836;1314.53113
33837;1275.53113
33838;1224.53113
33839;1236.53113
33840;1535.78967
33841;1383.78967
33842;1235.78967
33843;1149.78967
33844;1257.16333
33845;1193.16333
33846;1189.16333
33847;1178.16333
33848;1137.79224
33849;1197.79224
33850;1560.79224
33851;1647.79224
33852;1371.46545
33853;1352.46545
33854;1370.46545
33855;1324.46545
33856;1335.36816
33857;1342.36816
33858;1359.36816
33859;1313.36816
33860;1544.7655
33861;1549.7655
33862;1494.7655
33863;1549.7655
33864;1591.92249
33865;1408.92249
33866;1151.92249
33867;1137.92249
33868;1114.88757
33869;1105.88757
33870;1057.88757
33871;1010.88751
33872;1079.85254
33873;1184.85254
33874;1548.85254
33875;1687.85254
33876;1880.06714
33877;1816.06714
33878;1786.06714
33879;1826.06714
33880;2026.09021
33881;2092.09009
33882;1980.09021
33883;1988.09021
33884;2081.87598
33885;2144.87598
33886;2075.87598
33887;2176.87598
33888;1303.92236
33889;1108.92236
33890;897.922302
33891;758.922302
33892;723.371216
33893;705.371216
33894;696.371216
33895;576.371216
33896;598.695984
33897;781.695984
33898;1149.69604
33899;1238.69604
33900;1324.68384
33901;1317.68384
33902;1251.68384
33903;1098.68384
33904;1203.18091
33905;1083.18091
33906;918.180969
33907;943.180969
33908;979.516907
33909;926.516907
33910;846.516907
33911;923.516907
33912;861.015564
33913;738.015564
33914;653.015564
33915;613.015564
33916;667.810913
33917;647.810913
33918;613.810913
33919;574.810913
33920;527.873352
33921;480.873291
33922;465.873291
33923;418.873291
33924;368.083252
33925;369.083252
33926;369.083252
33927;372.083252
33928;368.586517
33929;368.586517
33930;367.586517
33931;365.586517
33932;218.046478
33933;216.046478
33934;215.046478
33935;217.046478
33936;364.419128
33937;362.419128
33938;357.419128
33939;356.419128
33940;245.140411
33941;247.140411
33942;244.140411
33943;242.140411
33944;240.56665
33945;242.56665
33946;241.56665
33947;237.56665
33948;202.714905
33949;202.714905
33950;200.714905
33951;203.714905
33952;240.207642
33953;240.207642
33954;242.207642
33955;241.207642
33956;260.979523
33957;259.979523
33958;257.979523
33959;259.979523
33960;457.989349
33961;461.989349
33962;461.989349
33963;458.989349
33964;549.393066
33965;550.393066
33966;548.393066
33967;548.393066
33968;560.123596
33969;610.123596
33970;939.123596
33971;1184.12354
33972;1125.74268
33973;1129.74268
33974;1227.74268
33975;1203.74268
33976;1749.31201
33977;1826.31201
33978;1781.31201
33979;1724.31201
33980;1400.61279
33981;1307.61279
33982;1200.61279
33983;1232.61279
33984;950.185852
33985;840.185852
33986;712.185852
33987;598.185852
33988;617.155151
33989;575.155151
33990;599.155151
33991;639.155151
33992;683.881836
33993;777.881836
33994;1040.88184
33995;1139.88184
33996;1197.25415
33997;1184.25415
33998;1222.25415
33999;1210.25415
34000;1308.52417
34001;1318.52417
34002;1215.52417
34003;1204.52417
34004;1083.44641
34005;1060.44641
34006;1076.44641
34007;1074.44641
34008;1146.67993
34009;1022.67993
34010;844.679932
34011;744.679932
34012;790.592834
34013;783.592834
34014;804.592834
34015;848.592834
34016;902.193604
34017;940.193604
34018;1257.1936
34019;1475.1936
34020;1723.40198
34021;1707.40198
34022;1681.40198
34023;1623.40198
34024;1405.44312
34025;1459.44312
34026;1337.44312
34027;1301.44312
34028;1161.81213
34029;945.812134
34030;979.812134
34031;1065.81213
34032;1223.50964
34033;1069.50964
34034;999.509521
34035;987.509521
34036;784.3927
34037;818.3927
34038;809.3927
34039;784.3927
34040;793.967285
34041;836.967285
34042;1068.96729
34043;1193.96729
34044;1241.91272
34045;1269.91272
34046;1283.91272
34047;1269.91272
34048;1253.62769
34049;1263.62769
34050;1152.62769
34051;1073.62769
34052;1187.24475
34053;1185.24475
34054;1147.24475
34055;1171.24475
34056;1523.61646
34057;1399.61646
34058;1170.61646
34059;1140.61646
34060;926.319092
34061;1035.31921
34062;1046.31921
34063;1046.31921
34064;928.765259
34065;987.765259
34066;1189.76526
34067;1322.76526
34068;1230.60608
34069;1247.60608
34070;1197.60608
34071;1186.60608
34072;1389.31506
34073;1412.31506
34074;1349.31506
34075;1295.31506
34076;1389.2334
34077;1300.2334
34078;1103.2334
34079;1154.2334
34080;913.091309
34081;798.091309
34082;784.091309
34083;772.091309
34084;572.897095
34085;541.897095
34086;554.897095
34087;528.897095
34088;500.434052
34089;386.434052
34090;262.434052
34091;280.434052
34092;279.815796
34093;276.815796
34094;286.815796
34095;274.815796
34096;296.05127
34097;295.05127
34098;268.05127
34099;247.051285
34100;218.801422
34101;178.801422
34102;179.801422
34103;179.801422
34104;233.504349
34105;238.504349
34106;238.504349
34107;235.504349
34108;437.138092
34109;436.138092
34110;432.138092
34111;433.138092
34112;456.952026
34113;453.952026
34114;454.952026
34115;447.952026
34116;348.11084
34117;349.11084
34118;350.11084
34119;351.11084
34120;295.454346
34121;297.454346
34122;296.454346
34123;297.454346
34124;190.147797
34125;189.147797
34126;190.147797
34127;189.147797
34128;363.642517
34129;365.642517
34130;367.642517
34131;363.642517
34132;346.263245
34133;345.263245
34134;345.263245
34135;350.263245
34136;356.912506
34137;397.912506
34138;453.912506
34139;895.912537
34140;1042.76758
34141;1047.76758
34142;1027.76746
34143;985.767456
34144;1011.65002
34145;1050.65015
34146;845.650024
34147;878.650024
34148;1082.80408
34149;1153.80408
34150;1112.80408
34151;1151.80408
34152;1526.83337
34153;1420.83337
34154;1255.83337
34155;1254.83337
34156;951.938416
34157;956.938416
34158;957.938416
34159;949.938416
34160;833.587219
34161;902.587219
34162;1255.58728
34163;1379.58728
34164;1404.13428
34165;1404.13428
34166;1414.13428
34167;1362.13428
34168;1486.38794
34169;1495.38794
34170;1454.38794
34171;1415.38794
34172;1800.15442
34173;1801.15442
34174;1706.15442
34175;1760.15442
34176;1311.61475
34177;1259.61475
34178;1083.61475
34179;1060.61475
34180;877.88562
34181;874.88562
34182;863.88562
34183;860.88562
34184;804.661743
34185;854.661743
34186;1070.66174
34187;1127.66174
34188;1129.58435
34189;1108.58435
34190;1084.58435
34191;1106.58435
34192;1194.19189
34193;1230.19189
34194;1223.19189
34195;1165.19189
34196;1156.3053
34197;1134.3053
34198;1095.3053
34199;1145.3053
34200;1144.50061
34201;1031.50061
34202;917.500549
34203;821.500549
34204;853.859131
34205;868.859131
34206;846.859131
34207;854.859131
34208;827.80072
34209;869.80072
34210;1147.80078
34211;1287.80078
34212;1440.5957
34213;1456.5957
34214;1401.5957
34215;1243.5957
34216;1278.53149
34217;1313.53149
34218;1235.53149
34219;1221.53149
34220;1132.46606
34221;1189.46606
34222;1097.46606
34223;1100.46606
34224;1193.87878
34225;1053.87878
34226;884.878784
34227;847.878784
34228;944.644836
34229;928.644836
34230;935.644836
34231;934.644836
34232;1301.66919
34233;1360.66919
34234;1627.66919
34235;1684.66919
34236;1375.55981
34237;1344.55981
34238;1303.55981
34239;1302.55981
34240;1461.41321
34241;1285.41321
34242;1208.41321
34243;1186.41321
34244;844.164124
34245;814.164124
34246;640.164124
34247;666.164124
34248;578.898865
34249;529.898865
34250;509.898895
34251;502.898895
34252;599.719849
34253;603.719849
34254;598.719849
34255;604.719849
34256;864.730164
34257;851.730164
34258;769.730164
34259;759.730164
34260;388.236176
34261;388.236176
34262;384.236176
34263;380.236176
34264;979.808228
34265;981.808228
34266;980.808228
34267;981.808228
34268;646.845337
34269;646.845337
34270;648.845337
34271;647.845337
34272;311.394287
34273;321.394287
34274;320.394287
34275;317.394287
34276;192.601151
34277;192.601151
34278;191.601151
34279;189.601151
34280;178.048004
34281;176.048004
34282;177.048004
34283;171.048004
34284;173.866516
34285;171.866516
34286;172.866516
34287;172.866516
34288;179.017838
34289;176.017838
34290;178.017838
34291;178.017838
34292;176.574875
34293;178.574875
34294;176.574875
34295;176.574875
34296;285.789093
34297;289.789093
34298;293.789093
34299;290.789093
34300;319.523651
34301;322.523651
34302;322.523651
34303;326.523651
34304;289.554169
34305;321.554169
34306;544.554138
34307;817.554138
34308;988.454407
34309;977.454407
34310;1015.45441
34311;938.454407
34312;1196.64026
34313;1147.64026
34314;1014.64032
34315;886.64032
34316;782.924194
34317;772.924194
34318;746.924194
34319;771.924194
34320;637.274475
34321;597.274475
34322;549.274475
34323;534.274475
34324;327.601807
34325;311.601807
34326;309.601807
34327;315.601807
34328;392.890961
34329;457.890961
34330;736.890991
34331;825.890991
34332;932.206543
34333;897.206543
34334;984.206543
34335;915.206543
34336;755.69635
34337;728.69635
34338;567.69635
34339;560.69635
34340;704.91394
34341;658.91394
34342;614.91394
34343;658.91394
34344;1008.47046
34345;952.470459
34346;853.470459
34347;845.470459
34348;545.276245
34349;526.276245
34350;532.276245
34351;527.276245
34352;837.364014
34353;910.364014
34354;1262.36401
34355;1464.36401
34356;1190.16553
34357;1179.16553
34358;1213.16553
34359;1121.16553
34360;1617.49316
34361;1512.49316
34362;1283.49316
34363;1207.49316
34364;1273.76929
34365;1242.76929
34366;1199.76929
34367;1217.76929
34368;855.039429
34369;800.039429
34370;741.039429
34371;747.039429
34372;314.688873
34373;301.688873
34374;296.688873
34375;301.688873
34376;282.744049
34377;303.744049
34378;565.744019
34379;688.744019
34380;745.10083
34381;574.10083
34382;748.10083
34383;589.10083
34384;641.711426
34385;549.711426
34386;505.711426
34387;492.711426
34388;440.854218
34389;414.854218
34390;377.854218
34391;433.854218
34392;457.858246
34393;388.858246
34394;339.858246
34395;382.858246
34396;381.003082
34397;385.003082
34398;381.003082
34399;373.003082
34400;387.215057
34401;395.215057
34402;333.215057
34403;320.215057
34404;252.726212
34405;255.726227
34406;258.726227
34407;261.726227
34408;243.132217
34409;241.132217
34410;192.132217
34411;238.132217
34412;230.431458
34413;254.431473
34414;277.431488
34415;254.431473
34416;660.646851
34417;714.646851
34418;714.646851
34419;712.646851
34420;195.835327
34421;193.835327
34422;189.835327
34423;189.835327
34424;239.964462
34425;244.964462
34426;238.964462
34427;236.964462
34428;553.191467
34429;554.191467
34430;555.191467
34431;556.191467
34432;241.511902
34433;241.511902
34434;243.511902
34435;242.511902
34436;305.343872
34437;307.343872
34438;305.343872
34439;305.343872
34440;306.287842
34441;310.287842
34442;314.287842
34443;308.287842
34444;383.975861
34445;383.975861
34446;381.975861
34447;381.975861
34448;348.837616
34449;349.837616
34450;343.837616
34451;342.837616
34452;315.492981
34453;315.492981
34454;316.492981
34455;317.492981
34456;505.04892
34457;506.04892
34458;505.04892
34459;505.04892
34460;554.013123
34461;554.013123
34462;554.013123
34463;552.013123
34464;582.464722
34465;589.464722
34466;588.464722
34467;587.464722
34468;258.017181
34469;258.017181
34470;255.017197
34471;253.017197
34472;228.486252
34473;236.486252
34474;234.486252
34475;227.486252
34476;201.641663
34477;200.641663
34478;201.641663
34479;203.641663
34480;177.870987
34481;177.870987
34482;177.870987
34483;176.870987
34484;175.971146
34485;177.971146
34486;176.971146
34487;175.971146
34488;187.71347
34489;194.71347
34490;194.71347
34491;192.71347
34492;196.416702
34493;196.416702
34494;195.416702
34495;194.416702
34496;302.115692
34497;328.115692
34498;463.115692
34499;542.115723
34500;567.842102
34501;578.842102
34502;587.842102
34503;539.842102
34504;520.049744
34505;522.049744
34506;494.049744
34507;468.049744
34508;482.475739
34509;467.475739
34510;418.475739
34511;461.475739
34512;756.720337
34513;653.720337
34514;630.720337
34515;621.720337
34516;713.567322
34517;710.567322
34518;708.567322
34519;709.567322
34520;679.07666
34521;710.07666
34522;801.07666
34523;840.07666
34524;511.802826
34525;512.802795
34526;506.802856
34527;476.802856
34528;459.49353
34529;378.49353
34530;452.49353
34531;446.49353
34532;576.901367
34533;647.901367
34534;620.901367
34535;666.901367
34536;735.384216
34537;686.384216
34538;595.384216
34539;587.384216
34540;566.101257
34541;488.101227
34542;525.101257
34543;562.101257
34544;653.0495
34545;642.0495
34546;795.0495
34547;745.0495
34548;983.205444
34549;973.205444
34550;985.205444
34551;1012.20544
34552;1148.14966
34553;1133.14966
34554;1179.14966
34555;1195.14966
34556;1175.8894
34557;1241.8894
34558;1181.8894
34559;1138.8894
34560;437.861877
34561;404.861877
34562;330.861877
34563;318.861877
34564;245.324158
34565;243.324158
34566;240.324158
34567;238.324158
34568;238.600327
34569;218.600327
34570;414.600311
34571;464.600311
34572;440.560181
34573;474.560181
34574;472.560181
34575;427.560181
34576;447.990936
34577;433.990936
34578;441.990936
34579;339.990936
34580;405.326416
34581;398.326416
34582;340.326416
34583;393.326416
34584;373.815857
34585;328.815857
34586;260.815887
34587;247.815872
34588;324.640381
34589;324.640381
34590;321.640381
34591;280.640381
34592;449.807312
34593;417.807312
34594;440.807312
34595;420.807312
34596;411.677612
34597;411.677612
34598;412.677612
34599;371.677612
34600;411.784119
34601;413.784119
34602;420.784119
34603;430.784119
34604;281.265686
34605;225.265686
34606;223.265686
34607;221.265686
34608;365.079132
34609;372.079132
34610;373.079132
34611;371.079132
34612;262.125366
34613;263.125366
34614;260.125366
34615;229.125351
34616;256.767059
34617;226.767075
34618;226.767075
34619;222.767075
34620;224.41037
34621;165.41037
34622;224.41037
34623;222.41037
34624;259.218292
34625;232.218323
34626;262.218292
34627;261.218292
34628;279.105865
34629;278.105865
34630;279.105865
34631;275.105865
34632;475.44165
34633;447.44165
34634;480.44165
34635;477.44165
34636;539.587769
34637;571.587769
34638;567.587769
34639;568.587769
34640;578.245361
34641;624.245361
34642;890.245361
34643;913.245361
34644;638.783325
34645;812.783325
34646;818.783325
34647;1001.78333
34648;1291.36511
34649;1443.36511
34650;1433.36511
34651;1295.36511
34652;980.670044
34653;903.670044
34654;966.670044
34655;1007.67004
34656;590.242859
34657;509.242859
34658;373.242859
34659;392.242859
34660;425.198151
34661;350.198151
34662;348.198151
34663;375.198151
34664;451.950134
34665;534.950134
34666;921.950134
34667;1079.95007
34668;1131.34644
34669;1143.34644
34670;1130.34644
34671;1033.34644
34672;1081.65088
34673;1156.65088
34674;1077.65088
34675;1040.65088
34676;948.719727
34677;970.719727
34678;908.719727
34679;934.719727
34680;934.200317
34681;910.200317
34682;800.200317
34683;762.200317
34684;855.378296
34685;851.378296
34686;848.378296
34687;847.378296
34688;908.904907
34689;969.904907
34690;1266.90491
34691;1448.90491
34692;1735.44287
34693;1706.44287
34694;1717.44287
34695;1594.44287
34696;1380.48059
34697;1485.48059
34698;1289.48059
34699;1124.48059
34700;1032.97314
34701;1016.97314
34702;947.973145
34703;975.973145
34704;1135.43811
34705;1080.43811
34706;962.438049
34707;943.438049
34708;767.293396
34709;750.293396
34710;758.293396
34711;746.293396
34712;747.160278
34713;815.160278
34714;1217.16028
34715;1411.16028
34716;1440.4281
34717;1472.4281
34718;1431.4281
34719;1377.4281
34720;1360.83594
34721;1351.83594
34722;1258.83594
34723;1161.83594
34724;1278.00647
34725;1210.00647
34726;1146.00647
34727;1245.00647
34728;1566.42651
34729;1461.42651
34730;1278.42651
34731;1167.42651
34732;1105.15588
34733;1069.15588
34734;1053.15588
34735;1056.15588
34736;931.475342
34737;940.475342
34738;1274.47534
34739;1478.47534
34740;1368.28125
34741;1297.28125
34742;1241.28125
34743;1329.28125
34744;1505.90112
34745;1465.90112
34746;1438.90112
34747;1393.90112
34748;1483.67786
34749;1421.67786
34750;1401.67786
34751;1352.67786
34752;857.438477
34753;806.438477
34754;771.438477
34755;756.438477
34756;603.271729
34757;611.271729
34758;597.271729
34759;588.271729
34760;544.831726
34761;343.831696
34762;194.83168
34763;188.83168
34764;182.962738
34765;181.962738
34766;182.962738
34767;184.962738
34768;190.309952
34769;191.309952
34770;193.309952
34771;195.309952
34772;185.238831
34773;184.238831
34774;185.238831
34775;179.238831
34776;230.903046
34777;235.903046
34778;238.903046
34779;236.903046
34780;436.416229
34781;435.416229
34782;432.416229
34783;433.416229
34784;456.288635
34785;453.288635
34786;450.288635
34787;449.288635
34788;350.391663
34789;352.391663
34790;354.391663
34791;356.391663
34792;299.815765
34793;300.815765
34794;300.815765
34795;301.815765
34796;195.605637
34797;198.605637
34798;197.605637
34799;192.605637
34800;363.186462
34801;370.186462
34802;370.186462
34803;370.186462
34804;352.843048
34805;351.843048
34806;347.843048
34807;354.843048
34808;362.692871
34809;401.692871
34810;688.692871
34811;1010.69287
34812;915.472473
34813;956.472473
34814;986.472473
34815;957.472473
34816;972.444092
34817;1076.44409
34818;975.444092
34819;964.444092
34820;1026.45837
34821;1026.45837
34822;1064.45837
34823;1070.45837
34824;1395.36963
34825;1381.36963
34826;1209.36963
34827;1251.36963
34828;1001.45966
34829;999.459656
34830;1009.45966
34831;994.459656
34832;886.228394
34833;921.228394
34834;1110.22839
34835;1325.22839
34836;1408.71069
34837;1487.71069
34838;1448.71069
34839;1349.71069
34840;1524.98779
34841;1492.98779
34842;1472.98779
34843;1404.98779
34844;1822.35815
34845;1797.35815
34846;1808.35815
34847;1744.35815
34848;1320.58813
34849;1256.58813
34850;1038.58813
34851;1000.58813
34852;810.86853
34853;791.86853
34854;790.86853
34855;794.86853
34856;699.531982
34857;718.531982
34858;1024.53198
34859;1148.53198
34860;1232.4187
34861;1231.4187
34862;1272.4187
34863;1258.4187
34864;1334.01233
34865;1241.01233
34866;1023.01233
34867;947.012329
34868;949.110291
34869;944.110291
34870;951.110291
34871;976.110291
34872;1036.30615
34873;1022.30615
34874;822.306152
34875;790.306152
34876;875.667114
34877;838.667114
34878;850.667114
34879;844.667114
34880;835.625183
34881;885.625183
34882;1168.62524
34883;1277.62524
34884;1378.51135
34885;1376.51135
34886;1327.51135
34887;1274.51135
34888;1318.00842
34889;1348.00842
34890;1404.00842
34891;1355.00842
34892;1223.01428
34893;1200.01428
34894;1222.01428
34895;1140.01428
34896;1221.14551
34897;1174.14551
34898;932.145508
34899;914.145508
34900;967.791321
34901;970.791321
34902;966.791321
34903;970.791321
34904;1344.10022
34905;1401.10022
34906;1717.10022
34907;1783.10022
34908;1549.85901
34909;1536.85901
34910;1513.85901
34911;1545.85901
34912;1702.28857
34913;1726.28857
34914;1680.28857
34915;1562.28857
34916;1243.39771
34917;1161.39771
34918;1033.39771
34919;971.397644
34920;834.641296
34921;810.641296
34922;727.641296
34923;697.641296
34924;800.91272
34925;774.91272
34926;754.91272
34927;708.91272
34928;999.276794
34929;959.276794
34930;793.276794
34931;819.276794
34932;452.809998
34933;456.809998
34934;455.809998
34935;445.809998
34936;1048.36841
34937;1005.36841
34938;982.368408
34939;983.368408
34940;645.373718
34941;644.373718
34942;646.373718
34943;645.373718
34944;307.91391
34945;314.91391
34946;316.91391
34947;315.91391
34948;188.18425
34949;187.18425
34950;183.18425
34951;183.18425
34952;173.689514
34953;170.689514
34954;166.689514
34955;166.689514
34956;169.518692
34957;169.518692
34958;167.518692
34959;168.518692
34960;173.634186
34961;176.634186
34962;174.634186
34963;175.634186
34964;172.144409
34965;174.144409
34966;174.144409
34967;172.144409
34968;277.126221
34969;281.126221
34970;285.126221
34971;285.126221
34972;314.58432
34973;314.58432
34974;311.58432
34975;289.58432
34976;277.610382
34977;312.610382
34978;654.610352
34979;877.610352
34980;1049.39966
34981;1071.39966
34982;1123.39966
34983;1183.39966
34984;1440.69409
34985;1499.69409
34986;1444.69409
34987;1523.69409
34988;1482.19763
34989;1450.19763
34990;1396.19763
34991;1446.19763
34992;1320.73206
34993;1298.73206
34994;968.732056
34995;925.732056
34996;760.182678
34997;776.182678
34998;782.182678
34999;777.182678
35000;845.549622
35001;922.549622
35002;1160.54956
35003;1307.54956
35004;1320.82397
35005;1314.82397
35006;1357.82397
35007;1304.82397
35008;1199.62695
35009;979.626953
35010;483.626923
35011;1210.62695
35012;1343.80518
35013;1340.80518
35014;1290.80518
35015;1303.80518
35016;1636.35437
35017;1538.35437
35018;1440.35437
35019;1400.35437
35020;1074.17798
35021;1073.17798
35022;1025.17798
35023;1006.17798
35024;1304.28809
35025;1351.28809
35026;1640.28809
35027;1745.28809
35028;1506.11597
35029;1588.11597
35030;1559.11597
35031;1497.11597
35032;2051.46997
35033;2037.46985
35034;1878.46985
35035;1878.46985
35036;1991.76697
35037;1991.76697
35038;1991.76697
35039;1991.76697
