Index;Wert
0;101.1
1;101.1
2;101.1
3;101.1
4;101.1
5;101.1
6;101.1
7;101.1
8;101.1
9;101.1
10;101.1
11;101.1
12;101.1
13;101.1
14;101.1
15;101.1
16;101.1
17;101.1
18;101.1
19;101.1
20;101.1
21;101.1
22;101.1
23;101.1
24;101.1
25;101.1
26;101.1
27;101.1
28;101.1
29;101.1
30;101.1
31;101.1
32;101.1
33;101.1
34;101.1
35;101.1
36;101.1
37;101.1
38;101.1
39;101.1
40;101.1
41;101.1
42;101.1
43;101.1
44;101.1
45;101.1
46;101.1
47;101.1
48;101.1
49;101.1
50;101.1
51;101.1
52;101.1
53;101.1
54;101.1
55;101.1
56;101.1
57;101.1
58;101.1
59;101.1
60;101.1
61;101.1
62;101.1
63;101.1
64;101.1
65;101.1
66;101.1
67;101.1
68;101.1
69;101.1
70;101.1
71;101.1
72;101.1
73;101.1
74;101.1
75;101.1
76;101.1
77;101.1
78;101.1
79;101.1
80;101.1
81;101.1
82;101.1
83;101.1
84;101.1
85;101.1
86;101.1
87;101.1
88;101.1
89;101.1
90;101.1
91;101.1
92;101.1
93;101.1
94;101.1
95;101.1
96;101.1
97;101.1
98;101.1
99;101.1
100;101.1
101;101.1
102;101.1
103;101.1
104;101.1
105;101.1
106;101.1
107;101.1
108;101.1
109;101.1
110;101.1
111;101.1
112;101.1
113;101.1
114;101.1
115;101.1
116;101.1
117;101.1
118;101.1
119;101.1
120;101.1
121;101.1
122;101.1
123;101.1
124;101.1
125;101.1
126;101.1
127;101.1
128;101.1
129;101.1
130;101.1
131;101.1
132;101.1
133;101.1
134;101.1
135;101.1
136;101.1
137;101.1
138;101.1
139;101.1
140;101.1
141;101.1
142;101.1
143;101.1
144;101.1
145;101.1
146;101.1
147;101.1
148;101.1
149;101.1
150;101.1
151;101.1
152;101.1
153;101.1
154;101.1
155;101.1
156;101.1
157;101.1
158;101.1
159;101.1
160;101.1
161;101.1
162;101.1
163;101.1
164;101.1
165;101.1
166;101.1
167;101.1
168;101.1
169;101.1
170;101.1
171;101.1
172;101.1
173;101.1
174;101.1
175;101.1
176;101.1
177;101.1
178;101.1
179;101.1
180;101.1
181;101.1
182;101.1
183;101.1
184;101.1
185;101.1
186;101.1
187;101.1
188;101.1
189;101.1
190;101.1
191;101.1
192;101.1
193;101.1
194;101.1
195;101.1
196;101.1
197;101.1
198;101.1
199;101.1
200;101.1
201;101.1
202;101.1
203;101.1
204;101.1
205;101.1
206;101.1
207;101.1
208;101.1
209;101.1
210;101.1
211;101.1
212;101.1
213;101.1
214;101.1
215;101.1
216;101.1
217;101.1
218;101.1
219;101.1
220;101.1
221;101.1
222;101.1
223;101.1
224;101.1
225;101.1
226;101.1
227;101.1
228;101.1
229;101.1
230;101.1
231;101.1
232;101.1
233;101.1
234;101.1
235;101.1
236;101.1
237;101.1
238;101.1
239;101.1
240;101.1
241;101.1
242;101.1
243;101.1
244;101.1
245;101.1
246;101.1
247;101.1
248;101.1
249;101.1
250;101.1
251;101.1
252;101.1
253;101.1
254;101.1
255;101.1
256;101.1
257;101.1
258;101.1
259;101.1
260;101.1
261;101.1
262;101.1
263;101.1
264;101.1
265;101.1
266;101.1
267;101.1
268;101.1
269;101.1
270;101.1
271;101.1
272;101.1
273;101.1
274;101.1
275;101.1
276;101.1
277;101.1
278;101.1
279;101.1
280;101.1
281;101.1
282;101.1
283;101.1
284;101.1
285;101.1
286;101.1
287;101.1
288;101.1
289;101.1
290;101.1
291;101.1
292;101.1
293;101.1
294;101.1
295;101.1
296;101.1
297;101.1
298;101.1
299;101.1
300;101.1
301;101.1
302;101.1
303;101.1
304;101.1
305;101.1
306;101.1
307;101.1
308;101.1
309;101.1
310;101.1
311;101.1
312;101.1
313;101.1
314;101.1
315;101.1
316;101.1
317;101.1
318;101.1
319;101.1
320;101.1
321;101.1
322;101.1
323;101.1
324;101.1
325;101.1
326;101.1
327;101.1
328;101.1
329;101.1
330;101.1
331;101.1
332;101.1
333;101.1
334;101.1
335;101.1
336;101.1
337;101.1
338;101.1
339;101.1
340;101.1
341;101.1
342;101.1
343;101.1
344;101.1
345;101.1
346;101.1
347;101.1
348;101.1
349;101.1
350;101.1
351;101.1
352;101.1
353;101.1
354;101.1
355;101.1
356;101.1
357;101.1
358;101.1
359;101.1
360;101.1
361;101.1
362;101.1
363;101.1
364;101.1
365;101.1
366;101.1
367;101.1
368;101.1
369;101.1
370;101.1
371;101.1
372;101.1
373;101.1
374;101.1
375;101.1
376;101.1
377;101.1
378;101.1
379;101.1
380;101.1
381;101.1
382;101.1
383;101.1
384;101.1
385;101.1
386;101.1
387;101.1
388;101.1
389;101.1
390;101.1
391;101.1
392;101.1
393;101.1
394;101.1
395;101.1
396;101.1
397;101.1
398;101.1
399;101.1
400;101.1
401;101.1
402;101.1
403;101.1
404;101.1
405;101.1
406;101.1
407;101.1
408;101.1
409;101.1
410;101.1
411;101.1
412;101.1
413;101.1
414;101.1
415;101.1
416;101.1
417;101.1
418;101.1
419;101.1
420;101.1
421;101.1
422;101.1
423;101.1
424;101.1
425;101.1
426;101.1
427;101.1
428;101.1
429;101.1
430;101.1
431;101.1
432;101.1
433;101.1
434;101.1
435;101.1
436;101.1
437;101.1
438;101.1
439;101.1
440;101.1
441;101.1
442;101.1
443;101.1
444;101.1
445;101.1
446;101.1
447;101.1
448;101.1
449;101.1
450;101.1
451;101.1
452;101.1
453;101.1
454;101.1
455;101.1
456;101.1
457;101.1
458;101.1
459;101.1
460;101.1
461;101.1
462;101.1
463;101.1
464;101.1
465;101.1
466;101.1
467;101.1
468;101.1
469;101.1
470;101.1
471;101.1
472;101.1
473;101.1
474;101.1
475;101.1
476;101.1
477;101.1
478;101.1
479;101.1
480;101.1
481;101.1
482;101.1
483;101.1
484;101.1
485;101.1
486;101.1
487;101.1
488;101.1
489;101.1
490;101.1
491;101.1
492;101.1
493;101.1
494;101.1
495;101.1
496;101.1
497;101.1
498;101.1
499;101.1
500;101.1
501;101.1
502;101.1
503;101.1
504;101.1
505;101.1
506;101.1
507;101.1
508;101.1
509;101.1
510;101.1
511;101.1
512;101.1
513;101.1
514;101.1
515;101.1
516;101.1
517;101.1
518;101.1
519;101.1
520;101.1
521;101.1
522;101.1
523;101.1
524;101.1
525;101.1
526;101.1
527;101.1
528;101.1
529;101.1
530;101.1
531;101.1
532;101.1
533;101.1
534;101.1
535;101.1
536;101.1
537;101.1
538;101.1
539;101.1
540;101.1
541;101.1
542;101.1
543;101.1
544;101.1
545;101.1
546;101.1
547;101.1
548;101.1
549;101.1
550;101.1
551;101.1
552;101.1
553;101.1
554;101.1
555;101.1
556;101.1
557;101.1
558;101.1
559;101.1
560;101.1
561;101.1
562;101.1
563;101.1
564;101.1
565;101.1
566;101.1
567;101.1
568;101.1
569;101.1
570;101.1
571;101.1
572;101.1
573;101.1
574;101.1
575;101.1
576;101.1
577;101.1
578;101.1
579;101.1
580;101.1
581;101.1
582;101.1
583;101.1
584;101.1
585;101.1
586;101.1
587;101.1
588;101.1
589;101.1
590;101.1
591;101.1
592;101.1
593;101.1
594;101.1
595;101.1
596;101.1
597;101.1
598;101.1
599;101.1
600;101.1
601;101.1
602;101.1
603;101.1
604;101.1
605;101.1
606;101.1
607;101.1
608;101.1
609;101.1
610;101.1
611;101.1
612;101.1
613;101.1
614;101.1
615;101.1
616;101.1
617;101.1
618;101.1
619;101.1
620;101.1
621;101.1
622;101.1
623;101.1
624;101.1
625;101.1
626;101.1
627;101.1
628;101.1
629;101.1
630;101.1
631;101.1
632;101.1
633;101.1
634;101.1
635;101.1
636;101.1
637;101.1
638;101.1
639;101.1
640;101.1
641;101.1
642;101.1
643;101.1
644;101.1
645;101.1
646;101.1
647;101.1
648;101.1
649;101.1
650;101.1
651;101.1
652;101.1
653;101.1
654;101.1
655;101.1
656;101.1
657;101.1
658;101.1
659;101.1
660;101.1
661;101.1
662;101.1
663;101.1
664;101.1
665;101.1
666;101.1
667;101.1
668;101.1
669;101.1
670;101.1
671;101.1
672;101.1
673;101.1
674;101.1
675;101.1
676;101.1
677;101.1
678;101.1
679;101.1
680;101.1
681;101.1
682;101.1
683;101.1
684;101.1
685;101.1
686;101.1
687;101.1
688;101.1
689;101.1
690;101.1
691;101.1
692;101.1
693;101.1
694;101.1
695;101.1
696;101.1
697;101.1
698;101.1
699;101.1
700;101.1
701;101.1
702;101.1
703;101.1
704;101.1
705;101.1
706;101.1
707;101.1
708;101.1
709;101.1
710;101.1
711;101.1
712;101.1
713;101.1
714;101.1
715;101.1
716;101.1
717;101.1
718;101.1
719;101.1
720;101.1
721;101.1
722;101.1
723;101.1
724;101.1
725;101.1
726;101.1
727;101.1
728;101.1
729;101.1
730;101.1
731;101.1
732;101.1
733;101.1
734;101.1
735;101.1
736;101.1
737;101.1
738;101.1
739;101.1
740;101.1
741;101.1
742;101.1
743;101.1
744;101.1
745;101.1
746;101.1
747;101.1
748;101.1
749;101.1
750;101.1
751;101.1
752;101.1
753;101.1
754;101.1
755;101.1
756;101.1
757;101.1
758;101.1
759;101.1
760;101.1
761;101.1
762;101.1
763;101.1
764;101.1
765;101.1
766;101.1
767;101.1
768;101.1
769;101.1
770;101.1
771;101.1
772;101.1
773;101.1
774;101.1
775;101.1
776;101.1
777;101.1
778;101.1
779;101.1
780;101.1
781;101.1
782;101.1
783;101.1
784;101.1
785;101.1
786;101.1
787;101.1
788;101.1
789;101.1
790;101.1
791;101.1
792;101.1
793;101.1
794;101.1
795;101.1
796;101.1
797;101.1
798;101.1
799;101.1
800;101.1
801;101.1
802;101.1
803;101.1
804;101.1
805;101.1
806;101.1
807;101.1
808;101.1
809;101.1
810;101.1
811;101.1
812;101.1
813;101.1
814;101.1
815;101.1
816;101.1
817;101.1
818;101.1
819;101.1
820;101.1
821;101.1
822;101.1
823;101.1
824;101.1
825;101.1
826;101.1
827;101.1
828;101.1
829;101.1
830;101.1
831;101.1
832;101.1
833;101.1
834;101.1
835;101.1
836;101.1
837;101.1
838;101.1
839;101.1
840;101.1
841;101.1
842;101.1
843;101.1
844;101.1
845;101.1
846;101.1
847;101.1
848;101.1
849;101.1
850;101.1
851;101.1
852;101.1
853;101.1
854;101.1
855;101.1
856;101.1
857;101.1
858;101.1
859;101.1
860;101.1
861;101.1
862;101.1
863;101.1
864;101.1
865;101.1
866;101.1
867;101.1
868;101.1
869;101.1
870;101.1
871;101.1
872;101.1
873;101.1
874;101.1
875;101.1
876;101.1
877;101.1
878;101.1
879;101.1
880;101.1
881;101.1
882;101.1
883;101.1
884;101.1
885;101.1
886;101.1
887;101.1
888;101.1
889;101.1
890;101.1
891;101.1
892;101.1
893;101.1
894;101.1
895;101.1
896;101.1
897;101.1
898;101.1
899;101.1
900;101.1
901;101.1
902;101.1
903;101.1
904;101.1
905;101.1
906;101.1
907;101.1
908;101.1
909;101.1
910;101.1
911;101.1
912;101.1
913;101.1
914;101.1
915;101.1
916;101.1
917;101.1
918;101.1
919;101.1
920;101.1
921;101.1
922;101.1
923;101.1
924;101.1
925;101.1
926;101.1
927;101.1
928;101.1
929;101.1
930;101.1
931;101.1
932;101.1
933;101.1
934;101.1
935;101.1
936;101.1
937;101.1
938;101.1
939;101.1
940;101.1
941;101.1
942;101.1
943;101.1
944;101.1
945;101.1
946;101.1
947;101.1
948;101.1
949;101.1
950;101.1
951;101.1
952;101.1
953;101.1
954;101.1
955;101.1
956;101.1
957;101.1
958;101.1
959;101.1
960;101.1
961;101.1
962;101.1
963;101.1
964;101.1
965;101.1
966;101.1
967;101.1
968;101.1
969;101.1
970;101.1
971;101.1
972;101.1
973;101.1
974;101.1
975;101.1
976;101.1
977;101.1
978;101.1
979;101.1
980;101.1
981;101.1
982;101.1
983;101.1
984;101.1
985;101.1
986;101.1
987;101.1
988;101.1
989;101.1
990;101.1
991;101.1
992;101.1
993;101.1
994;101.1
995;101.1
996;101.1
997;101.1
998;101.1
999;101.1
1000;101.1
1001;101.1
1002;101.1
1003;101.1
1004;101.1
1005;101.1
1006;101.1
1007;101.1
1008;101.1
1009;101.1
1010;101.1
1011;101.1
1012;101.1
1013;101.1
1014;101.1
1015;101.1
1016;101.1
1017;101.1
1018;101.1
1019;101.1
1020;101.1
1021;101.1
1022;101.1
1023;101.1
1024;101.1
1025;101.1
1026;101.1
1027;101.1
1028;101.1
1029;101.1
1030;101.1
1031;101.1
1032;101.1
1033;101.1
1034;101.1
1035;101.1
1036;101.1
1037;101.1
1038;101.1
1039;101.1
1040;101.1
1041;101.1
1042;101.1
1043;101.1
1044;101.1
1045;101.1
1046;101.1
1047;101.1
1048;101.1
1049;101.1
1050;101.1
1051;101.1
1052;101.1
1053;101.1
1054;101.1
1055;101.1
1056;101.1
1057;101.1
1058;101.1
1059;101.1
1060;101.1
1061;101.1
1062;101.1
1063;101.1
1064;101.1
1065;101.1
1066;101.1
1067;101.1
1068;101.1
1069;101.1
1070;101.1
1071;101.1
1072;101.1
1073;101.1
1074;101.1
1075;101.1
1076;101.1
1077;101.1
1078;101.1
1079;101.1
1080;101.1
1081;101.1
1082;101.1
1083;101.1
1084;101.1
1085;101.1
1086;101.1
1087;101.1
1088;101.1
1089;101.1
1090;101.1
1091;101.1
1092;101.1
1093;101.1
1094;101.1
1095;101.1
1096;101.1
1097;101.1
1098;101.1
1099;101.1
1100;101.1
1101;101.1
1102;101.1
1103;101.1
1104;101.1
1105;101.1
1106;101.1
1107;101.1
1108;101.1
1109;101.1
1110;101.1
1111;101.1
1112;101.1
1113;101.1
1114;101.1
1115;101.1
1116;101.1
1117;101.1
1118;101.1
1119;101.1
1120;101.1
1121;101.1
1122;101.1
1123;101.1
1124;101.1
1125;101.1
1126;101.1
1127;101.1
1128;101.1
1129;101.1
1130;101.1
1131;101.1
1132;101.1
1133;101.1
1134;101.1
1135;101.1
1136;101.1
1137;101.1
1138;101.1
1139;101.1
1140;101.1
1141;101.1
1142;101.1
1143;101.1
1144;101.1
1145;101.1
1146;101.1
1147;101.1
1148;101.1
1149;101.1
1150;101.1
1151;101.1
1152;101.1
1153;101.1
1154;101.1
1155;101.1
1156;101.1
1157;101.1
1158;101.1
1159;101.1
1160;101.1
1161;101.1
1162;101.1
1163;101.1
1164;101.1
1165;101.1
1166;101.1
1167;101.1
1168;101.1
1169;101.1
1170;101.1
1171;101.1
1172;101.1
1173;101.1
1174;101.1
1175;101.1
1176;101.1
1177;101.1
1178;101.1
1179;101.1
1180;101.1
1181;101.1
1182;101.1
1183;101.1
1184;101.1
1185;101.1
1186;101.1
1187;101.1
1188;101.1
1189;101.1
1190;101.1
1191;101.1
1192;101.1
1193;101.1
1194;101.1
1195;101.1
1196;101.1
1197;101.1
1198;101.1
1199;101.1
1200;101.1
1201;101.1
1202;101.1
1203;101.1
1204;101.1
1205;101.1
1206;101.1
1207;101.1
1208;101.1
1209;101.1
1210;101.1
1211;101.1
1212;101.1
1213;101.1
1214;101.1
1215;101.1
1216;101.1
1217;101.1
1218;101.1
1219;101.1
1220;101.1
1221;101.1
1222;101.1
1223;101.1
1224;101.1
1225;101.1
1226;101.1
1227;101.1
1228;101.1
1229;101.1
1230;101.1
1231;101.1
1232;101.1
1233;101.1
1234;101.1
1235;101.1
1236;101.1
1237;101.1
1238;101.1
1239;101.1
1240;101.1
1241;101.1
1242;101.1
1243;101.1
1244;101.1
1245;101.1
1246;101.1
1247;101.1
1248;101.1
1249;101.1
1250;101.1
1251;101.1
1252;101.1
1253;101.1
1254;101.1
1255;101.1
1256;101.1
1257;101.1
1258;101.1
1259;101.1
1260;101.1
1261;101.1
1262;101.1
1263;101.1
1264;101.1
1265;101.1
1266;101.1
1267;101.1
1268;101.1
1269;101.1
1270;101.1
1271;101.1
1272;101.1
1273;101.1
1274;101.1
1275;101.1
1276;101.1
1277;101.1
1278;101.1
1279;101.1
1280;101.1
1281;101.1
1282;101.1
1283;101.1
1284;101.1
1285;101.1
1286;101.1
1287;101.1
1288;101.1
1289;101.1
1290;101.1
1291;101.1
1292;101.1
1293;101.1
1294;101.1
1295;101.1
1296;101.1
1297;101.1
1298;101.1
1299;101.1
1300;101.1
1301;101.1
1302;101.1
1303;101.1
1304;101.1
1305;101.1
1306;101.1
1307;101.1
1308;101.1
1309;101.1
1310;101.1
1311;101.1
1312;101.1
1313;101.1
1314;101.1
1315;101.1
1316;101.1
1317;101.1
1318;101.1
1319;101.1
1320;101.1
1321;101.1
1322;101.1
1323;101.1
1324;101.1
1325;101.1
1326;101.1
1327;101.1
1328;101.1
1329;101.1
1330;101.1
1331;101.1
1332;101.1
1333;101.1
1334;101.1
1335;101.1
1336;101.1
1337;101.1
1338;101.1
1339;101.1
1340;101.1
1341;101.1
1342;101.1
1343;101.1
1344;101.1
1345;101.1
1346;101.1
1347;101.1
1348;101.1
1349;101.1
1350;101.1
1351;101.1
1352;101.1
1353;101.1
1354;101.1
1355;101.1
1356;101.1
1357;101.1
1358;101.1
1359;101.1
1360;101.1
1361;101.1
1362;101.1
1363;101.1
1364;101.1
1365;101.1
1366;101.1
1367;101.1
1368;101.1
1369;101.1
1370;101.1
1371;101.1
1372;101.1
1373;101.1
1374;101.1
1375;101.1
1376;101.1
1377;101.1
1378;101.1
1379;101.1
1380;101.1
1381;101.1
1382;101.1
1383;101.1
1384;101.1
1385;101.1
1386;101.1
1387;101.1
1388;101.1
1389;101.1
1390;101.1
1391;101.1
1392;101.1
1393;101.1
1394;101.1
1395;101.1
1396;101.1
1397;101.1
1398;101.1
1399;101.1
1400;101.1
1401;101.1
1402;101.1
1403;101.1
1404;101.1
1405;101.1
1406;101.1
1407;101.1
1408;101.1
1409;101.1
1410;101.1
1411;101.1
1412;101.1
1413;101.1
1414;101.1
1415;101.1
1416;101.1
1417;101.1
1418;101.1
1419;101.1
1420;101.1
1421;101.1
1422;101.1
1423;101.1
1424;101.1
1425;101.1
1426;101.1
1427;101.1
1428;101.1
1429;101.1
1430;101.1
1431;101.1
1432;101.1
1433;101.1
1434;101.1
1435;101.1
1436;101.1
1437;101.1
1438;101.1
1439;101.1
1440;101.1
1441;101.1
1442;101.1
1443;101.1
1444;101.1
1445;101.1
1446;101.1
1447;101.1
1448;101.1
1449;101.1
1450;101.1
1451;101.1
1452;101.1
1453;101.1
1454;101.1
1455;101.1
1456;101.1
1457;101.1
1458;101.1
1459;101.1
1460;101.1
1461;101.1
1462;101.1
1463;101.1
1464;101.1
1465;101.1
1466;101.1
1467;101.1
1468;101.1
1469;101.1
1470;101.1
1471;101.1
1472;101.1
1473;101.1
1474;101.1
1475;101.1
1476;101.1
1477;101.1
1478;101.1
1479;101.1
1480;101.1
1481;101.1
1482;101.1
1483;101.1
1484;101.1
1485;101.1
1486;101.1
1487;101.1
1488;101.1
1489;101.1
1490;101.1
1491;101.1
1492;101.1
1493;101.1
1494;101.1
1495;101.1
1496;101.1
1497;101.1
1498;101.1
1499;101.1
1500;101.1
1501;101.1
1502;101.1
1503;101.1
1504;101.1
1505;101.1
1506;101.1
1507;101.1
1508;101.1
1509;101.1
1510;101.1
1511;101.1
1512;101.1
1513;101.1
1514;101.1
1515;101.1
1516;101.1
1517;101.1
1518;101.1
1519;101.1
1520;101.1
1521;101.1
1522;101.1
1523;101.1
1524;101.1
1525;101.1
1526;101.1
1527;101.1
1528;101.1
1529;101.1
1530;101.1
1531;101.1
1532;101.1
1533;101.1
1534;101.1
1535;101.1
1536;101.1
1537;101.1
1538;101.1
1539;101.1
1540;101.1
1541;101.1
1542;101.1
1543;101.1
1544;101.1
1545;101.1
1546;101.1
1547;101.1
1548;101.1
1549;101.1
1550;101.1
1551;101.1
1552;101.1
1553;101.1
1554;101.1
1555;101.1
1556;101.1
1557;101.1
1558;101.1
1559;101.1
1560;101.1
1561;101.1
1562;101.1
1563;101.1
1564;101.1
1565;101.1
1566;101.1
1567;101.1
1568;101.1
1569;101.1
1570;101.1
1571;101.1
1572;101.1
1573;101.1
1574;101.1
1575;101.1
1576;101.1
1577;101.1
1578;101.1
1579;101.1
1580;101.1
1581;101.1
1582;101.1
1583;101.1
1584;101.1
1585;101.1
1586;101.1
1587;101.1
1588;101.1
1589;101.1
1590;101.1
1591;101.1
1592;101.1
1593;101.1
1594;101.1
1595;101.1
1596;101.1
1597;101.1
1598;101.1
1599;101.1
1600;101.1
1601;101.1
1602;101.1
1603;101.1
1604;101.1
1605;101.1
1606;101.1
1607;101.1
1608;101.1
1609;101.1
1610;101.1
1611;101.1
1612;101.1
1613;101.1
1614;101.1
1615;101.1
1616;101.1
1617;101.1
1618;101.1
1619;101.1
1620;101.1
1621;101.1
1622;101.1
1623;101.1
1624;101.1
1625;101.1
1626;101.1
1627;101.1
1628;101.1
1629;101.1
1630;101.1
1631;101.1
1632;101.1
1633;101.1
1634;101.1
1635;101.1
1636;101.1
1637;101.1
1638;101.1
1639;101.1
1640;101.1
1641;101.1
1642;101.1
1643;101.1
1644;101.1
1645;101.1
1646;101.1
1647;101.1
1648;101.1
1649;101.1
1650;101.1
1651;101.1
1652;101.1
1653;101.1
1654;101.1
1655;101.1
1656;101.1
1657;101.1
1658;101.1
1659;101.1
1660;101.1
1661;101.1
1662;101.1
1663;101.1
1664;101.1
1665;101.1
1666;101.1
1667;101.1
1668;101.1
1669;101.1
1670;101.1
1671;101.1
1672;101.1
1673;101.1
1674;101.1
1675;101.1
1676;101.1
1677;101.1
1678;101.1
1679;101.1
1680;101.1
1681;101.1
1682;101.1
1683;101.1
1684;101.1
1685;101.1
1686;101.1
1687;101.1
1688;101.1
1689;101.1
1690;101.1
1691;101.1
1692;101.1
1693;101.1
1694;101.1
1695;101.1
1696;101.1
1697;101.1
1698;101.1
1699;101.1
1700;101.1
1701;101.1
1702;101.1
1703;101.1
1704;101.1
1705;101.1
1706;101.1
1707;101.1
1708;101.1
1709;101.1
1710;101.1
1711;101.1
1712;101.1
1713;101.1
1714;101.1
1715;101.1
1716;101.1
1717;101.1
1718;101.1
1719;101.1
1720;101.1
1721;101.1
1722;101.1
1723;101.1
1724;101.1
1725;101.1
1726;101.1
1727;101.1
1728;101.1
1729;101.1
1730;101.1
1731;101.1
1732;101.1
1733;101.1
1734;101.1
1735;101.1
1736;101.1
1737;101.1
1738;101.1
1739;101.1
1740;101.1
1741;101.1
1742;101.1
1743;101.1
1744;101.1
1745;101.1
1746;101.1
1747;101.1
1748;101.1
1749;101.1
1750;101.1
1751;101.1
1752;101.1
1753;101.1
1754;101.1
1755;101.1
1756;101.1
1757;101.1
1758;101.1
1759;101.1
1760;101.1
1761;101.1
1762;101.1
1763;101.1
1764;101.1
1765;101.1
1766;101.1
1767;101.1
1768;101.1
1769;101.1
1770;101.1
1771;101.1
1772;101.1
1773;101.1
1774;101.1
1775;101.1
1776;101.1
1777;101.1
1778;101.1
1779;101.1
1780;101.1
1781;101.1
1782;101.1
1783;101.1
1784;101.1
1785;101.1
1786;101.1
1787;101.1
1788;101.1
1789;101.1
1790;101.1
1791;101.1
1792;101.1
1793;101.1
1794;101.1
1795;101.1
1796;101.1
1797;101.1
1798;101.1
1799;101.1
1800;101.1
1801;101.1
1802;101.1
1803;101.1
1804;101.1
1805;101.1
1806;101.1
1807;101.1
1808;101.1
1809;101.1
1810;101.1
1811;101.1
1812;101.1
1813;101.1
1814;101.1
1815;101.1
1816;101.1
1817;101.1
1818;101.1
1819;101.1
1820;101.1
1821;101.1
1822;101.1
1823;101.1
1824;101.1
1825;101.1
1826;101.1
1827;101.1
1828;101.1
1829;101.1
1830;101.1
1831;101.1
1832;101.1
1833;101.1
1834;101.1
1835;101.1
1836;101.1
1837;101.1
1838;101.1
1839;101.1
1840;101.1
1841;101.1
1842;101.1
1843;101.1
1844;101.1
1845;101.1
1846;101.1
1847;101.1
1848;101.1
1849;101.1
1850;101.1
1851;101.1
1852;101.1
1853;101.1
1854;101.1
1855;101.1
1856;101.1
1857;101.1
1858;101.1
1859;101.1
1860;101.1
1861;101.1
1862;101.1
1863;101.1
1864;101.1
1865;101.1
1866;101.1
1867;101.1
1868;101.1
1869;101.1
1870;101.1
1871;101.1
1872;101.1
1873;101.1
1874;101.1
1875;101.1
1876;101.1
1877;101.1
1878;101.1
1879;101.1
1880;101.1
1881;101.1
1882;101.1
1883;101.1
1884;101.1
1885;101.1
1886;101.1
1887;101.1
1888;101.1
1889;101.1
1890;101.1
1891;101.1
1892;101.1
1893;101.1
1894;101.1
1895;101.1
1896;101.1
1897;101.1
1898;101.1
1899;101.1
1900;101.1
1901;101.1
1902;101.1
1903;101.1
1904;101.1
1905;101.1
1906;101.1
1907;101.1
1908;101.1
1909;101.1
1910;101.1
1911;101.1
1912;101.1
1913;101.1
1914;101.1
1915;101.1
1916;101.1
1917;101.1
1918;101.1
1919;101.1
1920;101.1
1921;101.1
1922;101.1
1923;101.1
1924;101.1
1925;101.1
1926;101.1
1927;101.1
1928;101.1
1929;101.1
1930;101.1
1931;101.1
1932;101.1
1933;101.1
1934;101.1
1935;101.1
1936;101.1
1937;101.1
1938;101.1
1939;101.1
1940;101.1
1941;101.1
1942;101.1
1943;101.1
1944;101.1
1945;101.1
1946;101.1
1947;101.1
1948;101.1
1949;101.1
1950;101.1
1951;101.1
1952;101.1
1953;101.1
1954;101.1
1955;101.1
1956;101.1
1957;101.1
1958;101.1
1959;101.1
1960;101.1
1961;101.1
1962;101.1
1963;101.1
1964;101.1
1965;101.1
1966;101.1
1967;101.1
1968;101.1
1969;101.1
1970;101.1
1971;101.1
1972;101.1
1973;101.1
1974;101.1
1975;101.1
1976;101.1
1977;101.1
1978;101.1
1979;101.1
1980;101.1
1981;101.1
1982;101.1
1983;101.1
1984;101.1
1985;101.1
1986;101.1
1987;101.1
1988;101.1
1989;101.1
1990;101.1
1991;101.1
1992;101.1
1993;101.1
1994;101.1
1995;101.1
1996;101.1
1997;101.1
1998;101.1
1999;56.1385417
2000;0
2001;0
2002;34.1385417
2003;0
2004;34.1385417
2005;0
2006;0
2007;45.1385417
2008;11.1385417
2009;0
2010;45.1385417
2011;0
2012;0
2013;34.1385417
2014;0
2015;45.1385417
2016;0
2017;0
2018;101.1
2019;101.1
2020;101.1
2021;101.1
2022;101.1
2023;101.1
2024;101.1
2025;101.1
2026;101.1
2027;101.1
2028;101.1
2029;101.1
2030;101.1
2031;101.1
2032;101.1
2033;101.1
2034;101.1
2035;101.1
2036;101.1
2037;101.1
2038;101.1
2039;101.1
2040;0
2041;101.1
2042;101.1
2043;101.1
2044;101.1
2045;101.1
2046;0
2047;101.1
2048;101.1
2049;101.1
2050;101.1
2051;101.1
2052;101.1
2053;101.1
2054;101.1
2055;101.1
2056;101.1
2057;101.1
2058;101.1
2059;101.1
2060;101.1
2061;101.1
2062;101.1
2063;101.1
2064;101.1
2065;101.1
2066;101.1
2067;101.1
2068;101.1
2069;101.1
2070;101.1
2071;101.1
2072;101.1
2073;101.1
2074;101.1
2075;101.1
2076;101.1
2077;101.1
2078;101.1
2079;101.1
2080;101.1
2081;101.1
2082;101.1
2083;101.1
2084;101.1
2085;101.1
2086;101.1
2087;101.1
2088;101.1
2089;101.1
2090;101.1
2091;101.1
2092;101.1
2093;101.1
2094;101.1
2095;101.1
2096;101.1
2097;101.1
2098;101.1
2099;101.1
2100;101.1
2101;101.1
2102;101.1
2103;101.1
2104;101.1
2105;101.1
2106;101.1
2107;101.1
2108;101.1
2109;101.1
2110;101.1
2111;101.1
2112;101.1
2113;101.1
2114;101.1
2115;101.1
2116;101.1
2117;101.1
2118;101.1
2119;101.1
2120;101.1
2121;101.1
2122;101.1
2123;101.1
2124;101.1
2125;101.1
2126;101.1
2127;101.1
2128;101.1
2129;101.1
2130;101.1
2131;101.1
2132;101.1
2133;101.1
2134;101.1
2135;101.1
2136;101.1
2137;101.1
2138;101.1
2139;101.1
2140;101.1
2141;101.1
2142;101.1
2143;101.1
2144;101.1
2145;101.1
2146;101.1
2147;101.1
2148;101.1
2149;101.1
2150;101.1
2151;101.1
2152;101.1
2153;101.1
2154;101.1
2155;101.1
2156;101.1
2157;101.1
2158;101.1
2159;101.1
2160;101.1
2161;101.1
2162;101.1
2163;101.1
2164;101.1
2165;101.1
2166;101.1
2167;101.1
2168;101.1
2169;101.1
2170;101.1
2171;101.1
2172;101.1
2173;101.1
2174;101.1
2175;101.1
2176;101.1
2177;101.1
2178;101.1
2179;101.1
2180;101.1
2181;101.1
2182;101.1
2183;101.1
2184;101.1
2185;101.1
2186;101.1
2187;101.1
2188;101.1
2189;101.1
2190;101.1
2191;101.1
2192;101.1
2193;101.1
2194;101.1
2195;101.1
2196;101.1
2197;101.1
2198;101.1
2199;101.1
2200;101.1
2201;101.1
2202;101.1
2203;101.1
2204;101.1
2205;101.1
2206;101.1
2207;101.1
2208;101.1
2209;101.1
2210;101.1
2211;101.1
2212;101.1
2213;101.1
2214;101.1
2215;101.1
2216;101.1
2217;101.1
2218;101.1
2219;101.1
2220;101.1
2221;101.1
2222;101.1
2223;101.1
2224;101.1
2225;101.1
2226;101.1
2227;101.1
2228;101.1
2229;101.1
2230;101.1
2231;101.1
2232;101.1
2233;101.1
2234;101.1
2235;101.1
2236;101.1
2237;101.1
2238;101.1
2239;101.1
2240;101.1
2241;101.1
2242;101.1
2243;101.1
2244;101.1
2245;101.1
2246;101.1
2247;101.1
2248;101.1
2249;101.1
2250;101.1
2251;101.1
2252;101.1
2253;101.1
2254;101.1
2255;101.1
2256;101.1
2257;101.1
2258;101.1
2259;101.1
2260;101.1
2261;101.1
2262;101.1
2263;101.1
2264;101.1
2265;101.1
2266;101.1
2267;101.1
2268;101.1
2269;101.1
2270;101.1
2271;101.1
2272;101.1
2273;101.1
2274;101.1
2275;101.1
2276;101.1
2277;101.1
2278;101.1
2279;101.1
2280;101.1
2281;101.1
2282;101.1
2283;101.1
2284;101.1
2285;101.1
2286;101.1
2287;101.1
2288;101.1
2289;101.1
2290;101.1
2291;101.1
2292;101.1
2293;101.1
2294;101.1
2295;101.1
2296;101.1
2297;101.1
2298;101.1
2299;101.1
2300;101.1
2301;101.1
2302;101.1
2303;101.1
2304;101.1
2305;101.1
2306;101.1
2307;101.1
2308;101.1
2309;101.1
2310;101.1
2311;101.1
2312;101.1
2313;101.1
2314;101.1
2315;101.1
2316;101.1
2317;101.1
2318;101.1
2319;101.1
2320;101.1
2321;101.1
2322;101.1
2323;101.1
2324;101.1
2325;101.1
2326;101.1
2327;101.1
2328;101.1
2329;101.1
2330;101.1
2331;101.1
2332;101.1
2333;101.1
2334;101.1
2335;101.1
2336;101.1
2337;101.1
2338;101.1
2339;0
2340;0
2341;34.1385417
2342;101.1
2343;23.1385417
2344;80.1385417
2345;46.1385417
2346;11.1385417
2347;11.1385417
2348;11.1385417
2349;11.1385417
2350;0
2351;23.1385417
2352;11.1385417
2353;34.1385417
2354;101.1
2355;101.1
2356;101.1
2357;101.1
2358;101.1
2359;0
2360;0
2361;0
2362;0
2363;0
2364;0
2365;0
2366;11.1385417
2367;0
2368;0
2369;23.1385417
2370;23.1385417
2371;101.1
2372;11.1385417
2373;23.1385417
2374;0
2375;11.1385417
2376;34.1385417
2377;0
2378;11.1385417
2379;68.1385417
2380;101.1
2381;101.1
2382;101.1
2383;101.1
2384;91.1385417
2385;0
2386;0
2387;0
2388;0
2389;0
2390;0
2391;0
2392;11.1385417
2393;23.1385417
2394;34.1385417
2395;11.1385417
2396;11.1385417
2397;23.1385417
2398;0
2399;11.1385417
2400;34.1385417
2401;0
2402;0
2403;0
2404;0
2405;0
2406;0
2407;0
2408;0
2409;0
2410;0
2411;0
2412;0
2413;0
2414;0
2415;0
2416;0
2417;0
2418;0
2419;0
2420;0
2421;0
2422;0
2423;0
2424;0
2425;0
2426;0
2427;0
2428;0
2429;0
2430;0
2431;0
2432;0
2433;0
2434;0
2435;0
2436;0
2437;0
2438;0
2439;0
2440;0
2441;0
2442;0
2443;0
2444;0
2445;0
2446;0
2447;0
2448;0
2449;0
2450;0
2451;0
2452;0
2453;0
2454;0
2455;0
2456;0
2457;0
2458;0
2459;0
2460;0
2461;0
2462;0
2463;0
2464;0
2465;0
2466;0
2467;0
2468;0
2469;0
2470;0
2471;0
2472;0
2473;0
2474;0
2475;0
2476;0
2477;0
2478;0
2479;0
2480;0
2481;0
2482;0
2483;0
2484;0
2485;0
2486;0
2487;0
2488;0
2489;0
2490;0
2491;0
2492;0
2493;0
2494;0
2495;0
2496;0
2497;0
2498;0
2499;0
2500;0
2501;0
2502;0
2503;0
2504;0
2505;0
2506;0
2507;11.1385417
2508;0
2509;101.1
2510;101.1
2511;91.1385417
2512;0
2513;0
2514;0
2515;0
2516;0
2517;0
2518;0
2519;0
2520;0
2521;0
2522;0
2523;0
2524;0
2525;0
2526;0
2527;0
2528;0
2529;0
2530;0
2531;0
2532;0
2533;0
2534;0
2535;0
2536;0
2537;0
2538;0
2539;0
2540;0
2541;0
2542;0
2543;0
2544;0
2545;0
2546;0
2547;0
2548;0
2549;0
2550;0
2551;0
2552;0
2553;0
2554;0
2555;0
2556;0
2557;0
2558;0
2559;0
2560;0
2561;0
2562;0
2563;0
2564;0
2565;0
2566;0
2567;0
2568;0
2569;0
2570;0
2571;0
2572;0
2573;0
2574;0
2575;0
2576;0
2577;0
2578;0
2579;0
2580;0
2581;0
2582;0
2583;0
2584;0
2585;0
2586;0
2587;0
2588;0
2589;0
2590;0
2591;0
2592;0
2593;23.1385417
2594;0
2595;0
2596;0
2597;0
2598;0
2599;11.1385417
2600;0
2601;0
2602;0
2603;23.1385417
2604;0
2605;0
2606;0
2607;0
2608;0
2609;0
2610;0
2611;0
2612;0
2613;0
2614;0
2615;0
2616;11.1385417
2617;0
2618;0
2619;0
2620;0
2621;11.1385417
2622;0
2623;0
2624;11.1385417
2625;0
2626;0
2627;0
2628;0
2629;34.1385417
2630;11.1385417
2631;23.1385417
2632;0
2633;101.1
2634;101.1
2635;101.1
2636;101.1
2637;101.1
2638;101.1
2639;101.1
2640;23.1385417
2641;0
2642;11.1385417
2643;11.1385417
2644;0
2645;11.1385417
2646;11.1385417
2647;11.1385417
2648;11.1385417
2649;0
2650;0
2651;0
2652;11.1385417
2653;23.1385417
2654;11.1385417
2655;0
2656;68.1385417
2657;101.1
2658;101.1
2659;101.1
2660;101.1
2661;101.1
2662;101.1
2663;101.1
2664;101.1
2665;101.1
2666;101.1
2667;101.1
2668;101.1
2669;101.1
2670;101.1
2671;101.1
2672;34.1385417
2673;101.1
2674;0
2675;0
2676;0
2677;0
2678;0
2679;0
2680;0
2681;0
2682;11.1385417
2683;11.1385417
2684;11.1385417
2685;0
2686;11.1385417
2687;0
2688;11.1385417
2689;11.1385417
2690;0
2691;0
2692;0
2693;68.1385417
2694;0
2695;11.1385417
2696;0
2697;0
2698;0
2699;11.1385417
2700;0
2701;11.1385417
2702;0
2703;0
2704;0
2705;0
2706;0
2707;0
2708;11.1385417
2709;0
2710;0
2711;11.1385417
2712;0
2713;0
2714;0
2715;0
2716;0
2717;0
2718;0
2719;101.1
2720;0
2721;0
2722;0
2723;0
2724;0
2725;0
2726;0
2727;11.1385417
2728;0
2729;0
2730;0
2731;0
2732;91.1385417
2733;0
2734;0
2735;11.1385417
2736;0
2737;11.1385417
2738;0
2739;11.1385417
2740;0
2741;11.1385417
2742;46.1385417
2743;68.1385417
2744;0
2745;0
2746;0
2747;0
2748;0
2749;0
2750;0
2751;11.1385417
2752;0
2753;11.1385417
2754;0
2755;0
2756;0
2757;0
2758;101.1
2759;101.1
2760;101.1
2761;101.1
2762;101.1
2763;101.1
2764;101.1
2765;34.1385417
2766;0
2767;0
2768;0
2769;0
2770;11.1385417
2771;0
2772;0
2773;0
2774;0
2775;0
2776;0
2777;11.1385417
2778;23.1385417
2779;23.1385417
2780;0
2781;0
2782;0
2783;0
2784;0
2785;11.1385417
2786;46.1385417
2787;11.1385417
2788;11.1385417
2789;11.1385417
2790;68.1385417
2791;0
2792;0
2793;23.1385417
2794;0
2795;11.1385417
2796;0
2797;0
2798;0
2799;0
2800;0
2801;11.1385417
2802;0
2803;11.1385417
2804;11.1385417
2805;11.1385417
2806;0
2807;0
2808;0
2809;0
2810;0
2811;11.1385417
2812;11.1385417
2813;11.1385417
2814;80.1385417
2815;0
2816;0
2817;0
2818;0
2819;0
2820;0
2821;0
2822;101.1
2823;101.1
2824;101.1
2825;101.1
2826;101.1
2827;101.1
2828;101.1
2829;57.1385417
2830;0
2831;0
2832;0
2833;0
2834;0
2835;0
2836;11.1385417
2837;0
2838;0
2839;0
2840;0
2841;0
2842;0
2843;0
2844;0
2845;0
2846;0
2847;0
2848;0
2849;0
2850;0
2851;0
2852;0
2853;11.1385417
2854;11.1385417
2855;68.1385417
2856;101.1
2857;101.1
2858;46.1385417
2859;0
2860;91.1385417
2861;101.1
2862;68.1385417
2863;34.1385417
2864;46.1385417
2865;57.1385417
2866;80.1385417
2867;101.1
2868;101.1
2869;101.1
2870;101.1
2871;101.1
2872;101.1
2873;101.1
2874;101.1
2875;101.1
2876;101.1
2877;101.1
2878;101.1
2879;0
2880;0
2881;0
2882;34.1385417
2883;11.1385417
2884;0
2885;23.1385417
2886;0
2887;11.1385417
2888;0
2889;34.1385417
2890;0
2891;0
2892;0
2893;11.1385417
2894;11.1385417
2895;11.1385417
2896;0
2897;0
2898;11.1385417
2899;46.1385417
2900;0
2901;0
2902;0
2903;57.1385417
2904;23.1385417
2905;11.1385417
2906;11.1385417
2907;0
2908;34.1385417
2909;11.1385417
2910;0
2911;11.1385417
2912;11.1385417
2913;57.1385417
2914;0
2915;0
2916;34.1385417
2917;23.1385417
2918;11.1385417
2919;101.1
2920;101.1
2921;101.1
2922;101.1
2923;101.1
2924;0
2925;0
2926;69.1385417
2927;101.1
2928;101.1
2929;101.1
2930;69.1385417
2931;0
2932;0
2933;11.1385417
2934;11.1385417
2935;0
2936;34.1385417
2937;0
2938;0
2939;0
2940;0
2941;0
2942;0
2943;0
2944;0
2945;0
2946;0
2947;0
2948;0
2949;0
2950;0
2951;11.1385417
2952;11.1385417
2953;34.1385417
2954;46.1385417
2955;23.1385417
2956;11.1385417
2957;11.1385417
2958;34.1385417
2959;69.1385417
2960;34.1385417
2961;34.1385417
2962;11.1385417
2963;34.1385417
2964;11.1385417
2965;11.1385417
2966;91.1385417
2967;101.1
2968;101.1
2969;23.1385417
2970;46.1385417
2971;23.1385417
2972;34.1385417
2973;11.1385417
2974;34.1385417
2975;11.1385417
2976;23.1385417
2977;11.1385417
2978;23.1385417
2979;101.1
2980;101.1
2981;101.1
2982;101.1
2983;101.1
2984;11.1385417
2985;11.1385417
2986;23.1385417
2987;0
2988;23.1385417
2989;11.1385417
2990;0
2991;57.1385417
2992;0
2993;23.1385417
2994;0
2995;101.1
2996;101.1
2997;23.1385417
2998;34.1385417
2999;101.1
3000;101.1
3001;23.1385417
3002;101.1
3003;11.1385417
3004;34.1385417
3005;11.1385417
3006;46.1385417
3007;23.1385417
3008;101.1
3009;11.1385417
3010;11.1385417
3011;11.1385417
3012;0
3013;23.1385417
3014;11.1385417
3015;46.1385417
3016;11.1385417
3017;34.1385417
3018;11.1385417
3019;11.1385417
3020;46.1385417
3021;34.1385417
3022;101.1
3023;23.1385417
3024;34.1385417
3025;46.1385417
3026;0
3027;11.1385417
3028;11.1385417
3029;101.1
3030;46.1385417
3031;34.1385417
3032;34.1385417
3033;11.1385417
3034;0
3035;23.1385417
3036;0
3037;23.1385417
3038;23.1385417
3039;101.1
3040;101.1
3041;101.1
3042;101.1
3043;101.1
3044;101.1
3045;101.1
3046;101.1
3047;101.1
3048;101.1
3049;101.1
3050;101.1
3051;101.1
3052;101.1
3053;101.1
3054;0
3055;101.1
3056;23.1385417
3057;11.1385417
3058;57.1385417
3059;23.1385417
3060;34.1385417
3061;11.1385417
3062;34.1385417
3063;23.1385417
3064;101.1
3065;34.1385417
3066;23.1385417
3067;34.1385417
3068;34.1385417
3069;34.1385417
3070;57.1385417
3071;0
3072;0
3073;0
3074;0
3075;0
3076;11.1385417
3077;34.1385417
3078;80.1385417
3079;57.1385417
3080;34.1385417
3081;91.1385417
3082;46.1385417
3083;101.1
3084;101.1
3085;101.1
3086;101.1
3087;101.1
3088;101.1
3089;101.1
3090;101.1
3091;101.1
3092;101.1
3093;101.1
3094;101.1
3095;101.1
3096;101.1
3097;101.1
3098;101.1
3099;101.1
3100;101.1
3101;101.1
3102;101.1
3103;101.1
3104;101.1
3105;101.1
3106;101.1
3107;101.1
3108;101.1
3109;101.1
3110;101.1
3111;101.1
3112;101.1
3113;101.1
3114;101.1
3115;101.1
3116;101.1
3117;101.1
3118;101.1
3119;101.1
3120;101.1
3121;101.1
3122;101.1
3123;101.1
3124;101.1
3125;101.1
3126;101.1
3127;101.1
3128;101.1
3129;0
3130;11.1385417
3131;11.1385417
3132;23.1385417
3133;11.1385417
3134;101.1
3135;34.1385417
3136;34.1385417
3137;46.1385417
3138;34.1385417
3139;101.1
3140;80.1385417
3141;101.1
3142;34.1385417
3143;80.1385417
3144;69.1385417
3145;34.1385417
3146;91.1385417
3147;34.1385417
3148;23.1385417
3149;46.1385417
3150;23.1385417
3151;80.1385417
3152;57.1385417
3153;69.1385417
3154;57.1385417
3155;91.1385417
3156;46.1385417
3157;11.1385417
3158;34.1385417
3159;11.1385417
3160;23.1385417
3161;11.1385417
3162;0
3163;34.1385417
3164;11.1385417
3165;23.1385417
3166;11.1385417
3167;101.1
3168;101.1
3169;101.1
3170;101.1
3171;101.1
3172;101.1
3173;101.1
3174;101.1
3175;101.1
3176;101.1
3177;101.1
3178;101.1
3179;101.1
3180;101.1
3181;101.1
3182;101.1
3183;101.1
3184;101.1
3185;101.1
3186;101.1
3187;101.1
3188;101.1
3189;101.1
3190;101.1
3191;101.1
3192;101.1
3193;101.1
3194;101.1
3195;101.1
3196;101.1
3197;101.1
3198;101.1
3199;101.1
3200;101.1
3201;101.1
3202;101.1
3203;101.1
3204;101.1
3205;101.1
3206;101.1
3207;101.1
3208;101.1
3209;101.1
3210;101.1
3211;101.1
3212;101.1
3213;101.1
3214;101.1
3215;101.1
3216;101.1
3217;101.1
3218;101.1
3219;101.1
3220;101.1
3221;101.1
3222;101.1
3223;101.1
3224;101.1
3225;101.1
3226;101.1
3227;101.1
3228;101.1
3229;101.1
3230;101.1
3231;101.1
3232;101.1
3233;101.1
3234;101.1
3235;101.1
3236;101.1
3237;101.1
3238;101.1
3239;101.1
3240;101.1
3241;101.1
3242;101.1
3243;101.1
3244;101.1
3245;101.1
3246;101.1
3247;101.1
3248;101.1
3249;101.1
3250;101.1
3251;101.1
3252;101.1
3253;101.1
3254;101.1
3255;101.1
3256;101.1
3257;101.1
3258;101.1
3259;101.1
3260;101.1
3261;101.1
3262;101.1
3263;101.1
3264;101.1
3265;101.1
3266;101.1
3267;101.1
3268;101.1
3269;101.1
3270;101.1
3271;101.1
3272;101.1
3273;101.1
3274;101.1
3275;101.1
3276;101.1
3277;101.1
3278;101.1
3279;101.1
3280;101.1
3281;101.1
3282;101.1
3283;101.1
3284;101.1
3285;101.1
3286;101.1
3287;101.1
3288;101.1
3289;101.1
3290;101.1
3291;101.1
3292;101.1
3293;101.1
3294;101.1
3295;101.1
3296;101.1
3297;101.1
3298;101.1
3299;101.1
3300;101.1
3301;101.1
3302;101.1
3303;101.1
3304;101.1
3305;101.1
3306;101.1
3307;101.1
3308;101.1
3309;101.1
3310;101.1
3311;101.1
3312;101.1
3313;101.1
3314;101.1
3315;101.1
3316;101.1
3317;101.1
3318;101.1
3319;101.1
3320;101.1
3321;101.1
3322;101.1
3323;101.1
3324;101.1
3325;101.1
3326;101.1
3327;101.1
3328;101.1
3329;101.1
3330;101.1
3331;101.1
3332;101.1
3333;101.1
3334;101.1
3335;101.1
3336;101.1
3337;101.1
3338;101.1
3339;101.1
3340;101.1
3341;101.1
3342;101.1
3343;101.1
3344;101.1
3345;101.1
3346;101.1
3347;101.1
3348;101.1
3349;101.1
3350;101.1
3351;101.1
3352;101.1
3353;101.1
3354;101.1
3355;101.1
3356;101.1
3357;101.1
3358;101.1
3359;101.1
3360;101.1
3361;101.1
3362;101.1
3363;101.1
3364;101.1
3365;101.1
3366;101.1
3367;101.1
3368;101.1
3369;101.1
3370;101.1
3371;101.1
3372;101.1
3373;101.1
3374;101.1
3375;101.1
3376;101.1
3377;101.1
3378;101.1
3379;101.1
3380;101.1
3381;101.1
3382;101.1
3383;101.1
3384;101.1
3385;101.1
3386;101.1
3387;101.1
3388;11.1385417
3389;11.1385417
3390;11.1385417
3391;11.1385417
3392;11.1385417
3393;0
3394;0
3395;11.1385417
3396;0
3397;0
3398;0
3399;0
3400;0
3401;0
3402;91.1385417
3403;34.1385417
3404;34.1385417
3405;11.1385417
3406;0
3407;0
3408;0
3409;0
3410;0
3411;0
3412;0
3413;0
3414;0
3415;11.1385417
3416;0
3417;23.1385417
3418;34.1385417
3419;11.1385417
3420;34.1385417
3421;0
3422;11.1385417
3423;0
3424;0
3425;0
3426;0
3427;11.1385417
3428;0
3429;34.1385417
3430;69.1385417
3431;101.1
3432;57.1385417
3433;69.1385417
3434;80.1385417
3435;57.1385417
3436;101.1
3437;11.1385417
3438;0
3439;0
3440;0
3441;0
3442;0
3443;0
3444;11.1385417
3445;57.1385417
3446;57.1385417
3447;57.1385417
3448;101.1
3449;23.1385417
3450;0
3451;0
3452;0
3453;0
3454;0
3455;0
3456;0
3457;0
3458;0
3459;0
3460;0
3461;0
3462;0
3463;0
3464;46.1385417
3465;11.1385417
3466;11.1385417
3467;0
3468;11.1385417
3469;0
3470;0
3471;0
3472;0
3473;0
3474;0
3475;0
3476;0
3477;0
3478;0
3479;0
3480;0
3481;0
3482;0
3483;0
3484;0
3485;0
3486;0
3487;0
3488;0
3489;0
3490;0
3491;0
3492;0
3493;0
3494;11.1385417
3495;0
3496;0
3497;0
3498;0
3499;0
3500;0
3501;0
3502;0
3503;0
3504;0
3505;11.1385417
3506;11.1385417
3507;0
3508;0
3509;101.1
3510;101.1
3511;101.1
3512;34.1385417
3513;91.1385417
3514;80.1385417
3515;91.1385417
3516;80.1385417
3517;91.1385417
3518;101.1
3519;101.1
3520;101.1
3521;101.1
3522;101.1
3523;101.1
3524;101.1
3525;101.1
3526;101.1
3527;101.1
3528;101.1
3529;69.1385417
3530;101.1
3531;57.1385417
3532;46.1385417
3533;57.1385417
3534;34.1385417
3535;23.1385417
3536;0
3537;0
3538;101.1
3539;57.1385417
3540;91.1385417
3541;91.1385417
3542;101.1
3543;101.1
3544;101.1
3545;101.1
3546;101.1
3547;101.1
3548;101.1
3549;101.1
3550;101.1
3551;80.1385417
3552;101.1
3553;34.1385417
3554;0
3555;0
3556;0
3557;0
3558;46.1385417
3559;23.1385417
3560;11.1385417
3561;0
3562;0
3563;0
3564;23.1385417
3565;34.1385417
3566;34.1385417
3567;0
3568;0
3569;11.1385417
3570;0
3571;23.1385417
3572;23.1385417
3573;80.1385417
3574;11.1385417
3575;11.1385417
3576;69.1385417
3577;91.1385417
3578;101.1
3579;69.1385417
3580;69.1385417
3581;91.1385417
3582;46.1385417
3583;91.1385417
3584;80.1385417
3585;69.1385417
3586;101.1
3587;69.1385417
3588;101.1
3589;80.1385417
3590;101.1
3591;101.1
3592;101.1
3593;101.1
3594;101.1
3595;101.1
3596;0
3597;101.1
3598;34.1385417
3599;0
3600;0
3601;23.1385417
3602;101.1
3603;101.1
3604;101.1
3605;101.1
3606;101.1
3607;101.1
3608;101.1
3609;101.1
3610;101.1
3611;101.1
3612;101.1
3613;101.1
3614;101.1
3615;101.1
3616;101.1
3617;101.1
3618;101.1
3619;101.1
3620;101.1
3621;101.1
3622;101.1
3623;101.1
3624;101.1
3625;101.1
3626;101.1
3627;90.1385417
3628;101.1
3629;90.1385417
3630;68.1385417
3631;79.1385417
3632;68.1385417
3633;79.1385417
3634;79.1385417
3635;45.1385417
3636;101.1
3637;101.1
3638;101.1
3639;79.1385417
3640;0
3641;11.1385417
3642;0
3643;23.1385417
3644;34.1385417
3645;0
3646;0
3647;23.1385417
3648;11.1385417
3649;34.1385417
3650;101.1
3651;101.1
3652;101.1
3653;57.1385417
3654;0
3655;11.1385417
3656;34.1385417
3657;11.1385417
3658;0
3659;11.1385417
3660;11.1385417
3661;23.1385417
3662;11.1385417
3663;34.1385417
3664;23.1385417
3665;23.1385417
3666;0
3667;34.1385417
3668;45.1385417
3669;0
3670;57.1385417
3671;11.1385417
3672;57.1385417
3673;57.1385417
3674;45.1385417
3675;34.1385417
3676;45.1385417
3677;23.1385417
3678;0
3679;23.1385417
3680;11.1385417
3681;0
3682;23.1385417
3683;0
3684;23.1385417
3685;57.1385417
3686;23.1385417
3687;34.1385417
3688;45.1385417
3689;0
3690;0
3691;0
3692;68.1385417
3693;90.1385417
3694;0
3695;0
3696;0
3697;0
3698;0
3699;11.1385417
3700;0
3701;0
3702;45.1385417
3703;23.1385417
3704;11.1385417
3705;0
3706;0
3707;0
3708;11.1385417
3709;0
3710;11.1385417
3711;0
3712;57.1385417
3713;79.1385417
3714;79.1385417
3715;101.1
3716;101.1
3717;101.1
3718;101.1
3719;101.1
3720;68.1385417
3721;34.1385417
3722;11.1385417
3723;11.1385417
3724;68.1385417
3725;0
3726;0
3727;11.1385417
3728;0
3729;0
3730;0
3731;11.1385417
3732;0
3733;0
3734;0
3735;0
3736;0
3737;0
3738;34.1385417
3739;23.1385417
3740;23.1385417
3741;45.1385417
3742;11.1385417
3743;0
3744;11.1385417
3745;34.1385417
3746;11.1385417
3747;0
3748;0
3749;34.1385417
3750;79.1385417
3751;68.1385417
3752;45.1385417
3753;79.1385417
3754;34.1385417
3755;79.1385417
3756;34.1385417
3757;57.1385417
3758;0
3759;0
3760;0
3761;11.1385417
3762;11.1385417
3763;0
3764;11.1385417
3765;11.1385417
3766;23.1385417
3767;45.1385417
3768;34.1385417
3769;34.1385417
3770;0
3771;68.1385417
3772;11.1385417
3773;11.1385417
3774;0
3775;0
3776;0
3777;23.1385417
3778;23.1385417
3779;11.1385417
3780;23.1385417
3781;0
3782;0
3783;0
3784;0
3785;0
3786;0
3787;0
3788;0
3789;11.1385417
3790;23.1385417
3791;34.1385417
3792;23.1385417
3793;11.1385417
3794;0
3795;45.1385417
3796;11.1385417
3797;11.1385417
3798;0
3799;45.1385417
3800;0
3801;11.1385417
3802;0
3803;0
3804;0
3805;11.1385417
3806;57.1385417
3807;0
3808;0
3809;45.1385417
3810;101.1
3811;57.1385417
3812;68.1385417
3813;90.1385417
3814;79.1385417
3815;57.1385417
3816;79.1385417
3817;68.1385417
3818;34.1385417
3819;79.1385417
3820;34.1385417
3821;79.1385417
3822;79.1385417
3823;34.1385417
3824;90.1385417
3825;45.1385417
3826;68.1385417
3827;45.1385417
3828;68.1385417
3829;90.1385417
3830;34.1385417
3831;101.1
3832;57.1385417
3833;79.1385417
3834;57.1385417
3835;90.1385417
3836;90.1385417
3837;57.1385417
3838;101.1
3839;90.1385417
3840;101.1
3841;57.1385417
3842;79.1385417
3843;45.1385417
3844;79.1385417
3845;68.1385417
3846;0
3847;0
3848;11.1385417
3849;11.1385417
3850;0
3851;0
3852;0
3853;0
3854;0
3855;0
3856;23.1385417
3857;34.1385417
3858;79.1385417
3859;68.1385417
3860;68.1385417
3861;90.1385417
3862;101.1
3863;23.1385417
3864;101.1
3865;68.1385417
3866;79.1385417
3867;34.1385417
3868;57.1385417
3869;79.1385417
3870;79.1385417
3871;34.1385417
3872;79.1385417
3873;34.1385417
3874;79.1385417
3875;45.1385417
3876;68.1385417
3877;79.1385417
3878;34.1385417
3879;79.1385417
3880;34.1385417
3881;79.1385417
3882;45.1385417
3883;68.1385417
3884;79.1385417
3885;34.1385417
3886;101.1
3887;57.1385417
3888;68.1385417
3889;68.1385417
3890;68.1385417
3891;57.1385417
3892;68.1385417
3893;79.1385417
3894;34.1385417
3895;79.1385417
3896;34.1385417
3897;79.1385417
3898;68.1385417
3899;45.1385417
3900;79.1385417
3901;34.1385417
3902;101.1
3903;90.1385417
3904;101.1
3905;68.1385417
3906;101.1
3907;101.1
3908;101.1
3909;79.1385417
3910;101.1
3911;101.1
3912;57.1385417
3913;101.1
3914;34.1385417
3915;68.1385417
3916;79.1385417
3917;79.1385417
3918;101.1
3919;34.1385417
3920;68.1385417
3921;34.1385417
3922;79.1385417
3923;68.1385417
3924;90.1385417
3925;57.1385417
3926;90.1385417
3927;101.1
3928;101.1
3929;79.1385417
3930;101.1
3931;101.1
3932;101.1
3933;101.1
3934;101.1
3935;101.1
3936;101.1
3937;68.1385417
3938;90.1385417
3939;79.1385417
3940;57.1385417
3941;79.1385417
3942;79.1385417
3943;57.1385417
3944;79.1385417
3945;57.1385417
3946;57.1385417
3947;68.1385417
3948;68.1385417
3949;34.1385417
3950;79.1385417
3951;101.1
3952;90.1385417
3953;90.1385417
3954;101.1
3955;101.1
3956;101.1
3957;101.1
3958;101.1
3959;101.1
3960;101.1
3961;90.1385417
3962;101.1
3963;79.1385417
3964;57.1385417
3965;79.1385417
3966;79.1385417
3967;45.1385417
3968;79.1385417
3969;68.1385417
3970;45.1385417
3971;68.1385417
3972;45.1385417
3973;68.1385417
3974;68.1385417
3975;45.1385417
3976;101.1
3977;68.1385417
3978;101.1
3979;101.1
3980;90.1385417
3981;101.1
3982;101.1
3983;101.1
3984;101.1
3985;101.1
3986;101.1
3987;68.1385417
3988;79.1385417
3989;79.1385417
3990;90.1385417
3991;68.1385417
3992;79.1385417
3993;90.1385417
3994;79.1385417
3995;45.1385417
3996;68.1385417
3997;90.1385417
3998;23.1385417
3999;101.1
4000;79.1385417
4001;101.1
4002;90.1385417
4003;90.1385417
4004;90.1385417
4005;101.1
4006;101.1
4007;101.1
4008;101.1
4009;0
4010;23.1385417
4011;0
4012;101.1
4013;101.1
4014;101.1
4015;90.1385417
4016;101.1
4017;57.1385417
4018;101.1
4019;101.1
4020;79.1385417
4021;90.1385417
4022;101.1
4023;101.1
4024;90.1385417
4025;90.1385417
4026;101.1
4027;101.1
4028;101.1
4029;90.1385417
4030;101.1
4031;101.1
4032;101.1
4033;101.1
4034;101.1
4035;101.1
4036;57.1385417
4037;90.1385417
4038;68.1385417
4039;68.1385417
4040;45.1385417
4041;68.1385417
4042;23.1385417
4043;79.1385417
4044;68.1385417
4045;79.1385417
4046;101.1
4047;101.1
4048;101.1
4049;101.1
4050;101.1
4051;101.1
4052;101.1
4053;101.1
4054;101.1
4055;101.1
4056;101.1
4057;101.1
4058;90.1385417
4059;101.1
4060;90.1385417
4061;68.1385417
4062;68.1385417
4063;101.1
4064;68.1385417
4065;23.1385417
4066;101.1
4067;57.1385417
4068;79.1385417
4069;101.1
4070;101.1
4071;101.1
4072;101.1
4073;101.1
4074;101.1
4075;101.1
4076;101.1
4077;101.1
4078;101.1
4079;101.1
4080;90.1385417
4081;101.1
4082;79.1385417
4083;101.1
4084;57.1385417
4085;101.1
4086;68.1385417
4087;68.1385417
4088;90.1385417
4089;68.1385417
4090;79.1385417
4091;90.1385417
4092;68.1385417
4093;101.1
4094;101.1
4095;101.1
4096;101.1
4097;101.1
4098;101.1
4099;101.1
4100;101.1
4101;101.1
4102;101.1
4103;101.1
4104;101.1
4105;101.1
4106;101.1
4107;101.1
4108;101.1
4109;101.1
4110;101.1
4111;79.1385417
4112;101.1
4113;101.1
4114;101.1
4115;101.1
4116;68.1385417
4117;101.1
4118;101.1
4119;101.1
4120;101.1
4121;101.1
4122;101.1
4123;101.1
4124;101.1
4125;101.1
4126;101.1
4127;101.1
4128;101.1
4129;101.1
4130;101.1
4131;101.1
4132;101.1
4133;90.1385417
4134;90.1385417
4135;90.1385417
4136;101.1
4137;101.1
4138;101.1
4139;101.1
4140;34.1385417
4141;79.1385417
4142;101.1
4143;101.1
4144;101.1
4145;101.1
4146;101.1
4147;101.1
4148;101.1
4149;101.1
4150;101.1
4151;101.1
4152;101.1
4153;101.1
4154;101.1
4155;79.1385417
4156;79.1385417
4157;79.1385417
4158;90.1385417
4159;45.1385417
4160;79.1385417
4161;23.1385417
4162;79.1385417
4163;68.1385417
4164;68.1385417
4165;57.1385417
4166;23.1385417
4167;101.1
4168;101.1
4169;101.1
4170;90.1385417
4171;101.1
4172;101.1
4173;101.1
4174;101.1
4175;101.1
4176;101.1
4177;101.1
4178;90.1385417
4179;45.1385417
4180;68.1385417
4181;45.1385417
4182;79.1385417
4183;34.1385417
4184;68.1385417
4185;68.1385417
4186;68.1385417
4187;68.1385417
4188;45.1385417
4189;57.1385417
4190;34.1385417
4191;68.1385417
4192;90.1385417
4193;101.1
4194;101.1
4195;101.1
4196;101.1
4197;101.1
4198;101.1
4199;101.1
4200;68.1385417
4201;68.1385417
4202;79.1385417
4203;23.1385417
4204;68.1385417
4205;79.1385417
4206;45.1385417
4207;34.1385417
4208;90.1385417
4209;57.1385417
4210;23.1385417
4211;79.1385417
4212;68.1385417
4213;23.1385417
4214;79.1385417
4215;57.1385417
4216;34.1385417
4217;101.1
4218;68.1385417
4219;90.1385417
4220;90.1385417
4221;101.1
4222;90.1385417
4223;68.1385417
4224;79.1385417
4225;23.1385417
4226;79.1385417
4227;68.1385417
4228;68.1385417
4229;57.1385417
4230;23.1385417
4231;68.1385417
4232;90.1385417
4233;23.1385417
4234;57.1385417
4235;79.1385417
4236;34.1385417
4237;57.1385417
4238;79.1385417
4239;45.1385417
4240;34.1385417
4241;90.1385417
4242;79.1385417
4243;90.1385417
4244;68.1385417
4245;90.1385417
4246;90.1385417
4247;57.1385417
4248;79.1385417
4249;34.1385417
4250;57.1385417
4251;90.1385417
4252;57.1385417
4253;34.1385417
4254;79.1385417
4255;68.1385417
4256;23.1385417
4257;79.1385417
4258;57.1385417
4259;34.1385417
4260;79.1385417
4261;57.1385417
4262;23.1385417
4263;79.1385417
4264;68.1385417
4265;23.1385417
4266;79.1385417
4267;79.1385417
4268;68.1385417
4269;68.1385417
4270;101.1
4271;79.1385417
4272;45.1385417
4273;45.1385417
4274;68.1385417
4275;68.1385417
4276;68.1385417
4277;34.1385417
4278;68.1385417
4279;34.1385417
4280;68.1385417
4281;79.1385417
4282;11.1385417
4283;68.1385417
4284;90.1385417
4285;11.1385417
4286;68.1385417
4287;79.1385417
4288;11.1385417
4289;90.1385417
4290;90.1385417
4291;68.1385417
4292;79.1385417
4293;68.1385417
4294;90.1385417
4295;68.1385417
4296;68.1385417
4297;23.1385417
4298;68.1385417
4299;68.1385417
4300;68.1385417
4301;45.1385417
4302;23.1385417
4303;90.1385417
4304;57.1385417
4305;23.1385417
4306;90.1385417
4307;57.1385417
4308;23.1385417
4309;79.1385417
4310;57.1385417
4311;34.1385417
4312;79.1385417
4313;57.1385417
4314;23.1385417
4315;101.1
4316;57.1385417
4317;45.1385417
4318;90.1385417
4319;45.1385417
4320;57.1385417
4321;68.1385417
4322;68.1385417
4323;45.1385417
4324;23.1385417
4325;90.1385417
4326;57.1385417
4327;23.1385417
4328;79.1385417
4329;57.1385417
4330;23.1385417
4331;90.1385417
4332;57.1385417
4333;34.1385417
4334;79.1385417
4335;57.1385417
4336;23.1385417
4337;79.1385417
4338;57.1385417
4339;23.1385417
4340;101.1
4341;45.1385417
4342;101.1
4343;57.1385417
4344;68.1385417
4345;68.1385417
4346;57.1385417
4347;23.1385417
4348;0
4349;11.1385417
4350;0
4351;0
4352;0
4353;0
4354;0
4355;0
4356;0
4357;11.1385417
4358;0
4359;0
4360;0
4361;0
4362;0
4363;0
4364;0
4365;0
4366;57.1385417
4367;80.1385417
4368;57.1385417
4369;23.1385417
4370;80.1385417
4371;57.1385417
4372;23.1385417
4373;80.1385417
4374;57.1385417
4375;34.1385417
4376;80.1385417
4377;80.1385417
4378;11.1385417
4379;68.1385417
4380;68.1385417
4381;57.1385417
4382;23.1385417
4383;80.1385417
4384;57.1385417
4385;23.1385417
4386;80.1385417
4387;57.1385417
4388;23.1385417
4389;80.1385417
4390;80.1385417
4391;45.1385417
4392;34.1385417
4393;80.1385417
4394;45.1385417
4395;34.1385417
4396;80.1385417
4397;45.1385417
4398;23.1385417
4399;80.1385417
4400;57.1385417
4401;23.1385417
4402;80.1385417
4403;57.1385417
4404;23.1385417
4405;80.1385417
4406;57.1385417
4407;23.1385417
4408;80.1385417
4409;57.1385417
4410;23.1385417
4411;80.1385417
4412;45.1385417
4413;34.1385417
4414;80.1385417
4415;45.1385417
4416;34.1385417
4417;91.1385417
4418;34.1385417
4419;45.1385417
4420;91.1385417
4421;23.1385417
4422;57.1385417
4423;80.1385417
4424;11.1385417
4425;68.1385417
4426;91.1385417
4427;0
4428;80.1385417
4429;57.1385417
4430;23.1385417
4431;80.1385417
4432;57.1385417
4433;23.1385417
4434;91.1385417
4435;57.1385417
4436;23.1385417
4437;80.1385417
4438;68.1385417
4439;68.1385417
4440;45.1385417
4441;23.1385417
4442;80.1385417
4443;68.1385417
4444;23.1385417
4445;80.1385417
4446;57.1385417
4447;23.1385417
4448;80.1385417
4449;57.1385417
4450;34.1385417
4451;91.1385417
4452;57.1385417
4453;23.1385417
4454;80.1385417
4455;57.1385417
4456;23.1385417
4457;91.1385417
4458;57.1385417
4459;23.1385417
4460;80.1385417
4461;68.1385417
4462;45.1385417
4463;57.1385417
4464;80.1385417
4465;68.1385417
4466;68.1385417
4467;80.1385417
4468;101.1
4469;101.1
4470;34.1385417
4471;80.1385417
4472;57.1385417
4473;23.1385417
4474;80.1385417
4475;57.1385417
4476;34.1385417
4477;80.1385417
4478;68.1385417
4479;23.1385417
4480;101.1
4481;57.1385417
4482;57.1385417
4483;80.1385417
4484;91.1385417
4485;91.1385417
4486;101.1
4487;101.1
4488;101.1
4489;80.1385417
4490;57.1385417
4491;57.1385417
4492;34.1385417
4493;0
4494;0
4495;0
4496;0
4497;11.1385417
4498;11.1385417
4499;0
4500;23.1385417
4501;91.1385417
4502;34.1385417
4503;0
4504;0
4505;0
4506;0
4507;0
4508;68.1385417
4509;80.1385417
4510;91.1385417
4511;101.1
4512;68.1385417
4513;91.1385417
4514;68.1385417
4515;11.1385417
4516;68.1385417
4517;91.1385417
4518;0
4519;80.1385417
4520;68.1385417
4521;23.1385417
4522;80.1385417
4523;68.1385417
4524;23.1385417
4525;80.1385417
4526;57.1385417
4527;23.1385417
4528;91.1385417
4529;57.1385417
4530;23.1385417
4531;80.1385417
4532;57.1385417
4533;45.1385417
4534;68.1385417
4535;91.1385417
4536;80.1385417
4537;23.1385417
4538;57.1385417
4539;91.1385417
4540;11.1385417
4541;68.1385417
4542;91.1385417
4543;11.1385417
4544;68.1385417
4545;80.1385417
4546;57.1385417
4547;23.1385417
4548;80.1385417
4549;57.1385417
4550;23.1385417
4551;80.1385417
4552;57.1385417
4553;23.1385417
4554;91.1385417
4555;80.1385417
4556;11.1385417
4557;80.1385417
4558;80.1385417
4559;57.1385417
4560;23.1385417
4561;80.1385417
4562;57.1385417
4563;23.1385417
4564;80.1385417
4565;80.1385417
4566;0
4567;80.1385417
4568;45.1385417
4569;23.1385417
4570;80.1385417
4571;45.1385417
4572;34.1385417
4573;68.1385417
4574;0
4575;80.1385417
4576;80.1385417
4577;11.1385417
4578;80.1385417
4579;57.1385417
4580;23.1385417
4581;80.1385417
4582;57.1385417
4583;23.1385417
4584;91.1385417
4585;45.1385417
4586;34.1385417
4587;80.1385417
4588;57.1385417
4589;23.1385417
4590;80.1385417
4591;57.1385417
4592;23.1385417
4593;80.1385417
4594;23.1385417
4595;57.1385417
4596;80.1385417
4597;0
4598;80.1385417
4599;57.1385417
4600;23.1385417
4601;80.1385417
4602;57.1385417
4603;23.1385417
4604;80.1385417
4605;57.1385417
4606;23.1385417
4607;68.1385417
4608;80.1385417
4609;34.1385417
4610;45.1385417
4611;80.1385417
4612;0
4613;80.1385417
4614;80.1385417
4615;0
4616;91.1385417
4617;57.1385417
4618;23.1385417
4619;80.1385417
4620;57.1385417
4621;34.1385417
4622;80.1385417
4623;57.1385417
4624;23.1385417
4625;80.1385417
4626;57.1385417
4627;80.1385417
4628;57.1385417
4629;45.1385417
4630;101.1
4631;34.1385417
4632;57.1385417
4633;80.1385417
4634;45.1385417
4635;34.1385417
4636;80.1385417
4637;45.1385417
4638;34.1385417
4639;80.1385417
4640;11.1385417
4641;68.1385417
4642;80.1385417
4643;0
4644;91.1385417
4645;57.1385417
4646;23.1385417
4647;80.1385417
4648;57.1385417
4649;23.1385417
4650;80.1385417
4651;57.1385417
4652;23.1385417
4653;80.1385417
4654;68.1385417
4655;57.1385417
4656;23.1385417
4657;80.1385417
4658;57.1385417
4659;23.1385417
4660;80.1385417
4661;57.1385417
4662;23.1385417
4663;80.1385417
4664;23.1385417
4665;68.1385417
4666;68.1385417
4667;0
4668;80.1385417
4669;68.1385417
4670;23.1385417
4671;80.1385417
4672;57.1385417
4673;23.1385417
4674;91.1385417
4675;80.1385417
4676;68.1385417
4677;45.1385417
4678;57.1385417
4679;68.1385417
4680;57.1385417
4681;23.1385417
4682;80.1385417
4683;57.1385417
4684;23.1385417
4685;80.1385417
4686;57.1385417
4687;23.1385417
4688;80.1385417
4689;57.1385417
4690;34.1385417
4691;80.1385417
4692;57.1385417
4693;23.1385417
4694;80.1385417
4695;57.1385417
4696;23.1385417
4697;91.1385417
4698;80.1385417
4699;68.1385417
4700;34.1385417
4701;80.1385417
4702;101.1
4703;91.1385417
4704;80.1385417
4705;23.1385417
4706;80.1385417
4707;57.1385417
4708;23.1385417
4709;91.1385417
4710;57.1385417
4711;23.1385417
4712;80.1385417
4713;34.1385417
4714;57.1385417
4715;80.1385417
4716;0
4717;80.1385417
4718;68.1385417
4719;11.1385417
4720;80.1385417
4721;57.1385417
4722;34.1385417
4723;80.1385417
4724;57.1385417
4725;23.1385417
4726;80.1385417
4727;57.1385417
4728;23.1385417
4729;80.1385417
4730;57.1385417
4731;23.1385417
4732;91.1385417
4733;57.1385417
4734;23.1385417
4735;80.1385417
4736;68.1385417
4737;23.1385417
4738;80.1385417
4739;57.1385417
4740;23.1385417
4741;91.1385417
4742;23.1385417
4743;57.1385417
4744;91.1385417
4745;80.1385417
4746;91.1385417
4747;68.1385417
4748;57.1385417
4749;101.1
4750;101.1
4751;101.1
4752;57.1385417
4753;23.1385417
4754;80.1385417
4755;57.1385417
4756;23.1385417
4757;91.1385417
4758;57.1385417
4759;23.1385417
4760;57.1385417
4761;91.1385417
4762;23.1385417
4763;57.1385417
4764;101.1
4765;0
4766;80.1385417
4767;68.1385417
4768;23.1385417
4769;101.1
4770;91.1385417
4771;80.1385417
4772;91.1385417
4773;101.1
4774;101.1
4775;101.1
4776;80.1385417
4777;57.1385417
4778;80.1385417
4779;34.1385417
4780;23.1385417
4781;68.1385417
4782;80.1385417
4783;68.1385417
4784;57.1385417
4785;34.1385417
4786;80.1385417
4787;45.1385417
4788;23.1385417
4789;80.1385417
4790;80.1385417
4791;11.1385417
4792;91.1385417
4793;57.1385417
4794;34.1385417
4795;101.1
4796;68.1385417
4797;101.1
4798;101.1
4799;101.1
4800;91.1385417
4801;45.1385417
4802;80.1385417
4803;34.1385417
4804;34.1385417
4805;57.1385417
4806;91.1385417
4807;57.1385417
4808;57.1385417
4809;11.1385417
4810;57.1385417
4811;68.1385417
4812;57.1385417
4813;68.1385417
4814;57.1385417
4815;23.1385417
4816;91.1385417
4817;57.1385417
4818;23.1385417
4819;91.1385417
4820;57.1385417
4821;45.1385417
4822;91.1385417
4823;80.1385417
4824;68.1385417
4825;0
4826;91.1385417
4827;68.1385417
4828;23.1385417
4829;80.1385417
4830;68.1385417
4831;23.1385417
4832;57.1385417
4833;68.1385417
4834;80.1385417
4835;0
4836;57.1385417
4837;80.1385417
4838;68.1385417
4839;23.1385417
4840;80.1385417
4841;57.1385417
4842;23.1385417
4843;91.1385417
4844;45.1385417
4845;45.1385417
4846;68.1385417
4847;68.1385417
4848;68.1385417
4849;68.1385417
4850;57.1385417
4851;23.1385417
4852;91.1385417
4853;57.1385417
4854;45.1385417
4855;23.1385417
4856;57.1385417
4857;91.1385417
4858;68.1385417
4859;57.1385417
4860;23.1385417
4861;101.1
4862;57.1385417
4863;23.1385417
4864;101.1
4865;34.1385417
4866;57.1385417
4867;68.1385417
4868;91.1385417
4869;80.1385417
4870;80.1385417
4871;91.1385417
4872;101.1
4873;101.1
4874;101.1
4875;101.1
4876;101.1
4877;80.1385417
4878;68.1385417
4879;80.1385417
4880;91.1385417
4881;80.1385417
4882;68.1385417
4883;101.1
4884;101.1
4885;101.1
4886;80.1385417
4887;101.1
4888;101.1
4889;101.1
4890;91.1385417
4891;91.1385417
4892;101.1
4893;101.1
4894;101.1
4895;101.1
4896;101.1
4897;101.1
4898;101.1
4899;68.1385417
4900;68.1385417
4901;68.1385417
4902;23.1385417
4903;101.1
4904;57.1385417
4905;23.1385417
4906;91.1385417
4907;57.1385417
4908;23.1385417
4909;91.1385417
4910;80.1385417
4911;101.1
4912;45.1385417
4913;101.1
4914;101.1
4915;101.1
4916;101.1
4917;101.1
4918;101.1
4919;101.1
4920;0
4921;101.1
4922;68.1385417
4923;23.1385417
4924;101.1
4925;57.1385417
4926;23.1385417
4927;68.1385417
4928;91.1385417
4929;45.1385417
4930;23.1385417
4931;80.1385417
4932;68.1385417
4933;101.1
4934;80.1385417
4935;91.1385417
4936;101.1
4937;68.1385417
4938;101.1
4939;101.1
4940;101.1
4941;101.1
4942;101.1
4943;101.1
4944;101.1
4945;101.1
4946;101.1
4947;101.1
4948;91.1385417
4949;23.1385417
4950;80.1385417
4951;91.1385417
4952;91.1385417
4953;68.1385417
4954;101.1
4955;101.1
4956;101.1
4957;101.1
4958;80.1385417
4959;101.1
4960;101.1
4961;101.1
4962;101.1
4963;101.1
4964;101.1
4965;101.1
4966;101.1
4967;101.1
4968;101.1
4969;91.1385417
4970;101.1
4971;101.1
4972;91.1385417
4973;91.1385417
4974;80.1385417
4975;68.1385417
4976;80.1385417
4977;80.1385417
4978;68.1385417
4979;68.1385417
4980;68.1385417
4981;34.1385417
4982;101.1
4983;101.1
4984;101.1
4985;101.1
4986;101.1
4987;101.1
4988;101.1
4989;101.1
4990;101.1
4991;101.1
4992;101.1
4993;101.1
4994;101.1
4995;101.1
4996;101.1
4997;101.1
4998;91.1385417
4999;101.1
5000;91.1385417
5001;91.1385417
5002;80.1385417
5003;91.1385417
5004;57.1385417
5005;34.1385417
5006;101.1
5007;57.1385417
5008;91.1385417
5009;101.1
5010;80.1385417
5011;91.1385417
5012;101.1
5013;101.1
5014;101.1
5015;101.1
5016;101.1
5017;101.1
5018;101.1
5019;101.1
5020;91.1385417
5021;101.1
5022;101.1
5023;91.1385417
5024;101.1
5025;91.1385417
5026;101.1
5027;80.1385417
5028;91.1385417
5029;101.1
5030;101.1
5031;91.1385417
5032;101.1
5033;101.1
5034;101.1
5035;101.1
5036;101.1
5037;101.1
5038;101.1
5039;101.1
5040;101.1
5041;101.1
5042;101.1
5043;101.1
5044;91.1385417
5045;91.1385417
5046;91.1385417
5047;68.1385417
5048;34.1385417
5049;91.1385417
5050;80.1385417
5051;91.1385417
5052;57.1385417
5053;34.1385417
5054;101.1
5055;101.1
5056;101.1
5057;101.1
5058;101.1
5059;101.1
5060;101.1
5061;101.1
5062;101.1
5063;101.1
5064;80.1385417
5065;68.1385417
5066;23.1385417
5067;101.1
5068;68.1385417
5069;23.1385417
5070;80.1385417
5071;68.1385417
5072;23.1385417
5073;91.1385417
5074;57.1385417
5075;23.1385417
5076;91.1385417
5077;68.1385417
5078;45.1385417
5079;34.1385417
5080;91.1385417
5081;101.1
5082;80.1385417
5083;68.1385417
5084;91.1385417
5085;101.1
5086;68.1385417
5087;79.1385417
5088;45.1385417
5089;68.1385417
5090;79.1385417
5091;68.1385417
5092;23.1385417
5093;79.1385417
5094;57.1385417
5095;34.1385417
5096;79.1385417
5097;45.1385417
5098;34.1385417
5099;79.1385417
5100;34.1385417
5101;57.1385417
5102;79.1385417
5103;11.1385417
5104;79.1385417
5105;79.1385417
5106;11.1385417
5107;79.1385417
5108;101.1
5109;68.1385417
5110;91.1385417
5111;91.1385417
5112;91.1385417
5113;79.1385417
5114;57.1385417
5115;79.1385417
5116;45.1385417
5117;57.1385417
5118;79.1385417
5119;79.1385417
5120;79.1385417
5121;68.1385417
5122;79.1385417
5123;57.1385417
5124;57.1385417
5125;79.1385417
5126;79.1385417
5127;101.1
5128;68.1385417
5129;101.1
5130;91.1385417
5131;101.1
5132;101.1
5133;101.1
5134;101.1
5135;101.1
5136;101.1
5137;101.1
5138;101.1
5139;79.1385417
5140;101.1
5141;91.1385417
5142;91.1385417
5143;91.1385417
5144;68.1385417
5145;79.1385417
5146;79.1385417
5147;79.1385417
5148;45.1385417
5149;79.1385417
5150;101.1
5151;79.1385417
5152;91.1385417
5153;101.1
5154;101.1
5155;101.1
5156;101.1
5157;101.1
5158;101.1
5159;101.1
5160;101.1
5161;101.1
5162;101.1
5163;101.1
5164;79.1385417
5165;79.1385417
5166;79.1385417
5167;68.1385417
5168;79.1385417
5169;57.1385417
5170;79.1385417
5171;79.1385417
5172;34.1385417
5173;68.1385417
5174;68.1385417
5175;68.1385417
5176;68.1385417
5177;91.1385417
5178;101.1
5179;68.1385417
5180;91.1385417
5181;101.1
5182;101.1
5183;101.1
5184;101.1
5185;101.1
5186;101.1
5187;101.1
5188;91.1385417
5189;101.1
5190;79.1385417
5191;79.1385417
5192;91.1385417
5193;91.1385417
5194;101.1
5195;101.1
5196;101.1
5197;91.1385417
5198;101.1
5199;101.1
5200;101.1
5201;101.1
5202;91.1385417
5203;101.1
5204;101.1
5205;91.1385417
5206;101.1
5207;101.1
5208;101.1
5209;91.1385417
5210;101.1
5211;101.1
5212;101.1
5213;91.1385417
5214;101.1
5215;91.1385417
5216;79.1385417
5217;91.1385417
5218;91.1385417
5219;91.1385417
5220;34.1385417
5221;91.1385417
5222;101.1
5223;101.1
5224;101.1
5225;101.1
5226;101.1
5227;101.1
5228;101.1
5229;101.1
5230;101.1
5231;101.1
5232;101.1
5233;101.1
5234;101.1
5235;23.1385417
5236;79.1385417
5237;68.1385417
5238;79.1385417
5239;79.1385417
5240;45.1385417
5241;45.1385417
5242;57.1385417
5243;101.1
5244;23.1385417
5245;57.1385417
5246;91.1385417
5247;23.1385417
5248;101.1
5249;79.1385417
5250;34.1385417
5251;101.1
5252;101.1
5253;68.1385417
5254;91.1385417
5255;101.1
5256;91.1385417
5257;45.1385417
5258;57.1385417
5259;101.1
5260;57.1385417
5261;23.1385417
5262;91.1385417
5263;68.1385417
5264;23.1385417
5265;91.1385417
5266;57.1385417
5267;34.1385417
5268;79.1385417
5269;79.1385417
5270;23.1385417
5271;91.1385417
5272;91.1385417
5273;91.1385417
5274;101.1
5275;101.1
5276;101.1
5277;101.1
5278;101.1
5279;101.1
5280;101.1
5281;101.1
5282;91.1385417
5283;91.1385417
5284;45.1385417
5285;91.1385417
5286;79.1385417
5287;57.1385417
5288;45.1385417
5289;57.1385417
5290;91.1385417
5291;45.1385417
5292;45.1385417
5293;91.1385417
5294;68.1385417
5295;79.1385417
5296;101.1
5297;101.1
5298;91.1385417
5299;101.1
5300;101.1
5301;101.1
5302;101.1
5303;101.1
5304;101.1
5305;91.1385417
5306;79.1385417
5307;79.1385417
5308;45.1385417
5309;91.1385417
5310;79.1385417
5311;34.1385417
5312;57.1385417
5313;91.1385417
5314;11.1385417
5315;68.1385417
5316;91.1385417
5317;0
5318;91.1385417
5319;79.1385417
5320;0
5321;91.1385417
5322;79.1385417
5323;0
5324;91.1385417
5325;79.1385417
5326;79.1385417
5327;79.1385417
5328;91.1385417
5329;79.1385417
5330;57.1385417
5331;91.1385417
5332;45.1385417
5333;79.1385417
5334;68.1385417
5335;57.1385417
5336;23.1385417
5337;101.1
5338;57.1385417
5339;34.1385417
5340;79.1385417
5341;68.1385417
5342;23.1385417
5343;79.1385417
5344;68.1385417
5345;23.1385417
5346;79.1385417
5347;79.1385417
5348;79.1385417
5349;91.1385417
5350;101.1
5351;101.1
5352;101.1
5353;91.1385417
5354;91.1385417
5355;68.1385417
5356;91.1385417
5357;91.1385417
5358;91.1385417
5359;91.1385417
5360;79.1385417
5361;79.1385417
5362;91.1385417
5363;79.1385417
5364;34.1385417
5365;79.1385417
5366;101.1
5367;68.1385417
5368;79.1385417
5369;79.1385417
5370;101.1
5371;101.1
5372;101.1
5373;101.1
5374;101.1
5375;101.1
5376;101.1
5377;101.1
5378;101.1
5379;91.1385417
5380;68.1385417
5381;101.1
5382;91.1385417
5383;57.1385417
5384;68.1385417
5385;91.1385417
5386;57.1385417
5387;45.1385417
5388;79.1385417
5389;79.1385417
5390;79.1385417
5391;101.1
5392;101.1
5393;101.1
5394;91.1385417
5395;101.1
5396;101.1
5397;101.1
5398;101.1
5399;101.1
5400;101.1
5401;101.1
5402;79.1385417
5403;34.1385417
5404;79.1385417
5405;68.1385417
5406;68.1385417
5407;45.1385417
5408;79.1385417
5409;23.1385417
5410;68.1385417
5411;68.1385417
5412;68.1385417
5413;23.1385417
5414;101.1
5415;57.1385417
5416;23.1385417
5417;91.1385417
5418;101.1
5419;68.1385417
5420;91.1385417
5421;101.1
5422;91.1385417
5423;101.1
5424;91.1385417
5425;79.1385417
5426;79.1385417
5427;68.1385417
5428;11.1385417
5429;79.1385417
5430;91.1385417
5431;23.1385417
5432;57.1385417
5433;91.1385417
5434;101.1
5435;23.1385417
5436;91.1385417
5437;91.1385417
5438;101.1
5439;101.1
5440;101.1
5441;101.1
5442;101.1
5443;91.1385417
5444;101.1
5445;101.1
5446;101.1
5447;79.1385417
5448;101.1
5449;101.1
5450;101.1
5451;101.1
5452;101.1
5453;101.1
5454;101.1
5455;101.1
5456;101.1
5457;101.1
5458;101.1
5459;101.1
5460;101.1
5461;91.1385417
5462;101.1
5463;101.1
5464;101.1
5465;101.1
5466;101.1
5467;79.1385417
5468;101.1
5469;101.1
5470;101.1
5471;101.1
5472;101.1
5473;101.1
5474;101.1
5475;101.1
5476;101.1
5477;101.1
5478;101.1
5479;101.1
5480;101.1
5481;101.1
5482;101.1
5483;101.1
5484;57.1385417
5485;91.1385417
5486;101.1
5487;101.1
5488;79.1385417
5489;91.1385417
5490;101.1
5491;101.1
5492;68.1385417
5493;91.1385417
5494;101.1
5495;101.1
5496;101.1
5497;101.1
5498;101.1
5499;101.1
5500;101.1
5501;101.1
5502;101.1
5503;101.1
5504;101.1
5505;91.1385417
5506;101.1
5507;91.1385417
5508;57.1385417
5509;68.1385417
5510;101.1
5511;101.1
5512;91.1385417
5513;91.1385417
5514;57.1385417
5515;101.1
5516;91.1385417
5517;101.1
5518;91.1385417
5519;101.1
5520;101.1
5521;101.1
5522;101.1
5523;101.1
5524;34.1385417
5525;101.1
5526;101.1
5527;101.1
5528;57.1385417
5529;79.1385417
5530;79.1385417
5531;68.1385417
5532;79.1385417
5533;23.1385417
5534;101.1
5535;101.1
5536;101.1
5537;101.1
5538;68.1385417
5539;91.1385417
5540;101.1
5541;101.1
5542;101.1
5543;101.1
5544;101.1
5545;101.1
5546;101.1
5547;91.1385417
5548;79.1385417
5549;79.1385417
5550;57.1385417
5551;23.1385417
5552;91.1385417
5553;57.1385417
5554;23.1385417
5555;91.1385417
5556;57.1385417
5557;34.1385417
5558;91.1385417
5559;57.1385417
5560;91.1385417
5561;79.1385417
5562;68.1385417
5563;101.1
5564;101.1
5565;68.1385417
5566;101.1
5567;91.1385417
5568;23.1385417
5569;101.1
5570;57.1385417
5571;34.1385417
5572;79.1385417
5573;57.1385417
5574;34.1385417
5575;79.1385417
5576;45.1385417
5577;34.1385417
5578;91.1385417
5579;23.1385417
5580;68.1385417
5581;91.1385417
5582;0
5583;79.1385417
5584;91.1385417
5585;0
5586;79.1385417
5587;79.1385417
5588;11.1385417
5589;79.1385417
5590;91.1385417
5591;91.1385417
5592;68.1385417
5593;57.1385417
5594;34.1385417
5595;79.1385417
5596;34.1385417
5597;57.1385417
5598;79.1385417
5599;11.1385417
5600;79.1385417
5601;79.1385417
5602;0
5603;91.1385417
5604;57.1385417
5605;34.1385417
5606;91.1385417
5607;57.1385417
5608;79.1385417
5609;79.1385417
5610;57.1385417
5611;91.1385417
5612;68.1385417
5613;68.1385417
5614;68.1385417
5615;68.1385417
5616;91.1385417
5617;79.1385417
5618;91.1385417
5619;34.1385417
5620;68.1385417
5621;91.1385417
5622;45.1385417
5623;34.1385417
5624;91.1385417
5625;45.1385417
5626;45.1385417
5627;79.1385417
5628;34.1385417
5629;57.1385417
5630;79.1385417
5631;34.1385417
5632;57.1385417
5633;79.1385417
5634;23.1385417
5635;68.1385417
5636;79.1385417
5637;23.1385417
5638;101.1
5639;91.1385417
5640;91.1385417
5641;101.1
5642;101.1
5643;101.1
5644;101.1
5645;91.1385417
5646;101.1
5647;91.1385417
5648;79.1385417
5649;91.1385417
5650;79.1385417
5651;91.1385417
5652;23.1385417
5653;101.1
5654;91.1385417
5655;101.1
5656;101.1
5657;101.1
5658;91.1385417
5659;101.1
5660;101.1
5661;101.1
5662;101.1
5663;101.1
5664;101.1
5665;101.1
5666;101.1
5667;101.1
5668;101.1
5669;91.1385417
5670;79.1385417
5671;57.1385417
5672;79.1385417
5673;68.1385417
5674;57.1385417
5675;68.1385417
5676;79.1385417
5677;34.1385417
5678;91.1385417
5679;101.1
5680;91.1385417
5681;68.1385417
5682;79.1385417
5683;101.1
5684;57.1385417
5685;91.1385417
5686;101.1
5687;68.1385417
5688;101.1
5689;79.1385417
5690;45.1385417
5691;57.1385417
5692;101.1
5693;57.1385417
5694;23.1385417
5695;91.1385417
5696;45.1385417
5697;45.1385417
5698;79.1385417
5699;34.1385417
5700;57.1385417
5701;79.1385417
5702;23.1385417
5703;68.1385417
5704;79.1385417
5705;11.1385417
5706;79.1385417
5707;79.1385417
5708;11.1385417
5709;79.1385417
5710;91.1385417
5711;23.1385417
5712;57.1385417
5713;79.1385417
5714;91.1385417
5715;57.1385417
5716;79.1385417
5717;79.1385417
5718;45.1385417
5719;23.1385417
5720;91.1385417
5721;68.1385417
5722;79.1385417
5723;101.1
5724;101.1
5725;91.1385417
5726;79.1385417
5727;68.1385417
5728;91.1385417
5729;101.1
5730;101.1
5731;91.1385417
5732;91.1385417
5733;101.1
5734;101.1
5735;101.1
5736;79.1385417
5737;101.1
5738;101.1
5739;101.1
5740;57.1385417
5741;68.1385417
5742;101.1
5743;57.1385417
5744;91.1385417
5745;101.1
5746;11.1385417
5747;68.1385417
5748;101.1
5749;101.1
5750;101.1
5751;101.1
5752;101.1
5753;101.1
5754;101.1
5755;101.1
5756;101.1
5757;101.1
5758;101.1
5759;101.1
5760;101.1
5761;101.1
5762;68.1385417
5763;101.1
5764;68.1385417
5765;79.1385417
5766;79.1385417
5767;91.1385417
5768;57.1385417
5769;101.1
5770;79.1385417
5771;91.1385417
5772;101.1
5773;101.1
5774;101.1
5775;101.1
5776;101.1
5777;101.1
5778;101.1
5779;101.1
5780;101.1
5781;101.1
5782;101.1
5783;101.1
5784;101.1
5785;101.1
5786;101.1
5787;101.1
5788;101.1
5789;101.1
5790;101.1
5791;101.1
5792;101.1
5793;101.1
5794;101.1
5795;101.1
5796;91.1385417
5797;101.1
5798;101.1
5799;101.1
5800;101.1
5801;101.1
5802;101.1
5803;101.1
5804;101.1
5805;101.1
5806;101.1
5807;101.1
5808;101.1
5809;101.1
5810;101.1
5811;101.1
5812;101.1
5813;101.1
5814;101.1
5815;101.1
5816;101.1
5817;101.1
5818;101.1
5819;101.1
5820;101.1
5821;91.1385417
5822;101.1
5823;101.1
5824;101.1
5825;101.1
5826;101.1
5827;101.1
5828;101.1
5829;101.1
5830;101.1
5831;101.1
5832;101.1
5833;101.1
5834;101.1
5835;101.1
5836;101.1
5837;101.1
5838;101.1
5839;91.1385417
5840;101.1
5841;91.1385417
5842;91.1385417
5843;101.1
5844;57.1385417
5845;101.1
5846;101.1
5847;101.1
5848;101.1
5849;101.1
5850;101.1
5851;101.1
5852;101.1
5853;101.1
5854;101.1
5855;101.1
5856;101.1
5857;101.1
5858;101.1
5859;101.1
5860;101.1
5861;69.1385417
5862;91.1385417
5863;91.1385417
5864;91.1385417
5865;101.1
5866;80.1385417
5867;91.1385417
5868;101.1
5869;91.1385417
5870;101.1
5871;101.1
5872;101.1
5873;101.1
5874;80.1385417
5875;101.1
5876;101.1
5877;101.1
5878;101.1
5879;101.1
5880;101.1
5881;101.1
5882;101.1
5883;101.1
5884;101.1
5885;80.1385417
5886;91.1385417
5887;91.1385417
5888;91.1385417
5889;91.1385417
5890;80.1385417
5891;80.1385417
5892;57.1385417
5893;101.1
5894;34.1385417
5895;101.1
5896;101.1
5897;101.1
5898;101.1
5899;91.1385417
5900;101.1
5901;101.1
5902;101.1
5903;101.1
5904;101.1
5905;101.1
5906;57.1385417
5907;91.1385417
5908;80.1385417
5909;57.1385417
5910;34.1385417
5911;69.1385417
5912;69.1385417
5913;69.1385417
5914;57.1385417
5915;57.1385417
5916;34.1385417
5917;101.1
5918;101.1
5919;101.1
5920;91.1385417
5921;101.1
5922;101.1
5923;101.1
5924;101.1
5925;101.1
5926;101.1
5927;101.1
5928;91.1385417
5929;101.1
5930;91.1385417
5931;101.1
5932;57.1385417
5933;91.1385417
5934;69.1385417
5935;34.1385417
5936;80.1385417
5937;23.1385417
5938;69.1385417
5939;69.1385417
5940;69.1385417
5941;80.1385417
5942;101.1
5943;101.1
5944;101.1
5945;101.1
5946;101.1
5947;101.1
5948;101.1
5949;101.1
5950;101.1
5951;101.1
5952;101.1
5953;101.1
5954;101.1
5955;101.1
5956;101.1
5957;101.1
5958;101.1
5959;91.1385417
5960;46.1385417
5961;0
5962;0
5963;0
5964;0
5965;0
5966;0
5967;0
5968;0
5969;0
5970;0
5971;0
5972;0
5973;0
5974;0
5975;0
5976;0
5977;0
5978;101.1
5979;101.1
5980;101.1
5981;101.1
5982;101.1
5983;57.1385417
5984;101.1
5985;101.1
5986;101.1
5987;101.1
5988;101.1
5989;101.1
5990;101.1
5991;101.1
5992;101.1
5993;101.1
5994;101.1
5995;101.1
5996;101.1
5997;101.1
5998;101.1
5999;101.1
6000;101.1
6001;101.1
6002;101.1
6003;101.1
6004;101.1
6005;101.1
6006;101.1
6007;101.1
6008;101.1
6009;101.1
6010;101.1
6011;101.1
6012;101.1
6013;101.1
6014;101.1
6015;101.1
6016;101.1
6017;101.1
6018;101.1
6019;101.1
6020;101.1
6021;101.1
6022;101.1
6023;101.1
6024;101.1
6025;101.1
6026;101.1
6027;101.1
6028;101.1
6029;101.1
6030;101.1
6031;101.1
6032;101.1
6033;101.1
6034;101.1
6035;101.1
6036;101.1
6037;101.1
6038;101.1
6039;101.1
6040;101.1
6041;101.1
6042;101.1
6043;101.1
6044;101.1
6045;101.1
6046;101.1
6047;101.1
6048;101.1
6049;101.1
6050;101.1
6051;101.1
6052;101.1
6053;101.1
6054;101.1
6055;101.1
6056;101.1
6057;101.1
6058;101.1
6059;101.1
6060;101.1
6061;101.1
6062;101.1
6063;101.1
6064;101.1
6065;101.1
6066;101.1
6067;101.1
6068;101.1
6069;101.1
6070;101.1
6071;101.1
6072;101.1
6073;101.1
6074;101.1
6075;101.1
6076;101.1
6077;80.1385417
6078;101.1
6079;101.1
6080;101.1
6081;91.1385417
6082;101.1
6083;91.1385417
6084;101.1
6085;101.1
6086;101.1
6087;101.1
6088;101.1
6089;101.1
6090;101.1
6091;101.1
6092;101.1
6093;101.1
6094;101.1
6095;101.1
6096;101.1
6097;101.1
6098;101.1
6099;101.1
6100;101.1
6101;101.1
6102;101.1
6103;101.1
6104;101.1
6105;91.1385417
6106;101.1
6107;91.1385417
6108;101.1
6109;101.1
6110;101.1
6111;101.1
6112;101.1
6113;101.1
6114;101.1
6115;101.1
6116;101.1
6117;101.1
6118;101.1
6119;101.1
6120;101.1
6121;101.1
6122;101.1
6123;101.1
6124;101.1
6125;101.1
6126;101.1
6127;101.1
6128;101.1
6129;101.1
6130;101.1
6131;101.1
6132;101.1
6133;101.1
6134;101.1
6135;101.1
6136;101.1
6137;101.1
6138;101.1
6139;101.1
6140;101.1
6141;101.1
6142;101.1
6143;101.1
6144;101.1
6145;101.1
6146;101.1
6147;101.1
6148;101.1
6149;101.1
6150;101.1
6151;91.1385417
6152;101.1
6153;101.1
6154;101.1
6155;101.1
6156;101.1
6157;101.1
6158;101.1
6159;101.1
6160;101.1
6161;91.1385417
6162;101.1
6163;91.1385417
6164;101.1
6165;101.1
6166;101.1
6167;101.1
6168;101.1
6169;101.1
6170;101.1
6171;101.1
6172;101.1
6173;101.1
6174;101.1
6175;101.1
6176;101.1
6177;101.1
6178;101.1
6179;101.1
6180;101.1
6181;101.1
6182;101.1
6183;101.1
6184;101.1
6185;101.1
6186;101.1
6187;101.1
6188;101.1
6189;101.1
6190;101.1
6191;101.1
6192;101.1
6193;101.1
6194;101.1
6195;101.1
6196;101.1
6197;101.1
6198;101.1
6199;101.1
6200;101.1
6201;101.1
6202;101.1
6203;101.1
6204;101.1
6205;101.1
6206;101.1
6207;101.1
6208;101.1
6209;101.1
6210;101.1
6211;101.1
6212;101.1
6213;101.1
6214;101.1
6215;101.1
6216;101.1
6217;101.1
6218;101.1
6219;101.1
6220;101.1
6221;101.1
6222;101.1
6223;101.1
6224;101.1
6225;101.1
6226;101.1
6227;101.1
6228;101.1
6229;101.1
6230;101.1
6231;101.1
6232;101.1
6233;101.1
6234;101.1
6235;101.1
6236;101.1
6237;101.1
6238;101.1
6239;101.1
6240;101.1
6241;101.1
6242;101.1
6243;101.1
6244;101.1
6245;101.1
6246;101.1
6247;101.1
6248;101.1
6249;101.1
6250;101.1
6251;101.1
6252;101.1
6253;101.1
6254;101.1
6255;101.1
6256;101.1
6257;101.1
6258;101.1
6259;101.1
6260;101.1
6261;101.1
6262;101.1
6263;101.1
6264;101.1
6265;101.1
6266;101.1
6267;101.1
6268;101.1
6269;101.1
6270;101.1
6271;101.1
6272;101.1
6273;101.1
6274;91.1385417
6275;101.1
6276;101.1
6277;101.1
6278;101.1
6279;101.1
6280;101.1
6281;101.1
6282;101.1
6283;101.1
6284;101.1
6285;101.1
6286;101.1
6287;101.1
6288;101.1
6289;101.1
6290;101.1
6291;101.1
6292;101.1
6293;101.1
6294;101.1
6295;101.1
6296;101.1
6297;101.1
6298;101.1
6299;101.1
6300;101.1
6301;101.1
6302;101.1
6303;101.1
6304;101.1
6305;101.1
6306;101.1
6307;101.1
6308;101.1
6309;101.1
6310;101.1
6311;101.1
6312;101.1
6313;101.1
6314;101.1
6315;101.1
6316;101.1
6317;101.1
6318;101.1
6319;101.1
6320;101.1
6321;101.1
6322;101.1
6323;101.1
6324;101.1
6325;101.1
6326;101.1
6327;101.1
6328;101.1
6329;101.1
6330;101.1
6331;101.1
6332;101.1
6333;101.1
6334;101.1
6335;101.1
6336;101.1
6337;101.1
6338;101.1
6339;101.1
6340;101.1
6341;101.1
6342;101.1
6343;101.1
6344;101.1
6345;101.1
6346;101.1
6347;101.1
6348;101.1
6349;101.1
6350;101.1
6351;101.1
6352;101.1
6353;101.1
6354;101.1
6355;101.1
6356;101.1
6357;101.1
6358;101.1
6359;101.1
6360;101.1
6361;101.1
6362;101.1
6363;101.1
6364;101.1
6365;101.1
6366;101.1
6367;101.1
6368;91.1385417
6369;101.1
6370;101.1
6371;101.1
6372;101.1
6373;101.1
6374;101.1
6375;101.1
6376;101.1
6377;101.1
6378;101.1
6379;101.1
6380;101.1
6381;101.1
6382;101.1
6383;101.1
6384;101.1
6385;101.1
6386;101.1
6387;101.1
6388;101.1
6389;101.1
6390;101.1
6391;101.1
6392;101.1
6393;101.1
6394;101.1
6395;101.1
6396;101.1
6397;101.1
6398;101.1
6399;101.1
6400;101.1
6401;101.1
6402;101.1
6403;101.1
6404;101.1
6405;101.1
6406;101.1
6407;101.1
6408;101.1
6409;101.1
6410;101.1
6411;101.1
6412;101.1
6413;101.1
6414;101.1
6415;101.1
6416;101.1
6417;101.1
6418;101.1
6419;101.1
6420;101.1
6421;101.1
6422;101.1
6423;101.1
6424;101.1
6425;101.1
6426;101.1
6427;101.1
6428;101.1
6429;101.1
6430;101.1
6431;101.1
6432;101.1
6433;101.1
6434;101.1
6435;101.1
6436;101.1
6437;101.1
6438;101.1
6439;101.1
6440;101.1
6441;101.1
6442;101.1
6443;101.1
6444;101.1
6445;101.1
6446;101.1
6447;101.1
6448;101.1
6449;101.1
6450;101.1
6451;101.1
6452;101.1
6453;101.1
6454;101.1
6455;101.1
6456;101.1
6457;101.1
6458;101.1
6459;101.1
6460;101.1
6461;101.1
6462;101.1
6463;101.1
6464;101.1
6465;101.1
6466;101.1
6467;101.1
6468;101.1
6469;101.1
6470;101.1
6471;101.1
6472;101.1
6473;101.1
6474;101.1
6475;101.1
6476;101.1
6477;101.1
6478;101.1
6479;101.1
6480;101.1
6481;101.1
6482;101.1
6483;101.1
6484;101.1
6485;101.1
6486;101.1
6487;101.1
6488;101.1
6489;101.1
6490;101.1
6491;101.1
6492;101.1
6493;101.1
6494;101.1
6495;101.1
6496;101.1
6497;101.1
6498;101.1
6499;101.1
6500;101.1
6501;101.1
6502;101.1
6503;101.1
6504;101.1
6505;101.1
6506;101.1
6507;101.1
6508;101.1
6509;101.1
6510;101.1
6511;101.1
6512;101.1
6513;101.1
6514;101.1
6515;101.1
6516;101.1
6517;101.1
6518;101.1
6519;101.1
6520;101.1
6521;101.1
6522;101.1
6523;101.1
6524;101.1
6525;101.1
6526;101.1
6527;101.1
6528;101.1
6529;101.1
6530;101.1
6531;101.1
6532;101.1
6533;101.1
6534;101.1
6535;101.1
6536;101.1
6537;101.1
6538;101.1
6539;101.1
6540;101.1
6541;101.1
6542;101.1
6543;101.1
6544;101.1
6545;101.1
6546;101.1
6547;101.1
6548;101.1
6549;101.1
6550;101.1
6551;101.1
6552;101.1
6553;101.1
6554;101.1
6555;101.1
6556;101.1
6557;101.1
6558;101.1
6559;101.1
6560;101.1
6561;101.1
6562;101.1
6563;101.1
6564;101.1
6565;101.1
6566;101.1
6567;101.1
6568;101.1
6569;101.1
6570;101.1
6571;101.1
6572;101.1
6573;101.1
6574;101.1
6575;101.1
6576;101.1
6577;101.1
6578;101.1
6579;101.1
6580;101.1
6581;101.1
6582;101.1
6583;101.1
6584;101.1
6585;101.1
6586;101.1
6587;101.1
6588;101.1
6589;101.1
6590;101.1
6591;101.1
6592;101.1
6593;101.1
6594;101.1
6595;101.1
6596;101.1
6597;101.1
6598;101.1
6599;101.1
6600;101.1
6601;101.1
6602;101.1
6603;101.1
6604;101.1
6605;101.1
6606;101.1
6607;101.1
6608;101.1
6609;101.1
6610;101.1
6611;101.1
6612;101.1
6613;101.1
6614;101.1
6615;101.1
6616;101.1
6617;101.1
6618;101.1
6619;101.1
6620;101.1
6621;101.1
6622;101.1
6623;101.1
6624;101.1
6625;101.1
6626;101.1
6627;101.1
6628;101.1
6629;101.1
6630;101.1
6631;101.1
6632;101.1
6633;101.1
6634;101.1
6635;101.1
6636;101.1
6637;101.1
6638;101.1
6639;101.1
6640;101.1
6641;101.1
6642;101.1
6643;101.1
6644;101.1
6645;101.1
6646;101.1
6647;101.1
6648;101.1
6649;101.1
6650;101.1
6651;101.1
6652;101.1
6653;101.1
6654;91.1385417
6655;101.1
6656;101.1
6657;101.1
6658;101.1
6659;101.1
6660;101.1
6661;101.1
6662;101.1
6663;101.1
6664;101.1
6665;101.1
6666;101.1
6667;101.1
6668;101.1
6669;101.1
6670;101.1
6671;101.1
6672;101.1
6673;101.1
6674;101.1
6675;101.1
6676;101.1
6677;101.1
6678;101.1
6679;101.1
6680;101.1
6681;91.1385417
6682;101.1
6683;101.1
6684;101.1
6685;101.1
6686;101.1
6687;101.1
6688;101.1
6689;101.1
6690;101.1
6691;101.1
6692;101.1
6693;101.1
6694;101.1
6695;101.1
6696;101.1
6697;101.1
6698;101.1
6699;101.1
6700;101.1
6701;101.1
6702;101.1
6703;101.1
6704;101.1
6705;101.1
6706;101.1
6707;101.1
6708;101.1
6709;101.1
6710;101.1
6711;101.1
6712;101.1
6713;101.1
6714;101.1
6715;101.1
6716;101.1
6717;101.1
6718;101.1
6719;101.1
6720;101.1
6721;101.1
6722;101.1
6723;101.1
6724;101.1
6725;101.1
6726;101.1
6727;101.1
6728;101.1
6729;101.1
6730;101.1
6731;101.1
6732;101.1
6733;101.1
6734;101.1
6735;101.1
6736;101.1
6737;101.1
6738;101.1
6739;101.1
6740;101.1
6741;101.1
6742;101.1
6743;101.1
6744;101.1
6745;101.1
6746;101.1
6747;101.1
6748;101.1
6749;101.1
6750;101.1
6751;101.1
6752;101.1
6753;101.1
6754;101.1
6755;101.1
6756;101.1
6757;101.1
6758;101.1
6759;101.1
6760;101.1
6761;101.1
6762;101.1
6763;101.1
6764;101.1
6765;101.1
6766;101.1
6767;101.1
6768;101.1
6769;101.1
6770;101.1
6771;101.1
6772;101.1
6773;101.1
6774;101.1
6775;101.1
6776;101.1
6777;101.1
6778;101.1
6779;101.1
6780;101.1
6781;101.1
6782;101.1
6783;101.1
6784;101.1
6785;101.1
6786;101.1
6787;101.1
6788;101.1
6789;101.1
6790;101.1
6791;101.1
6792;101.1
6793;101.1
6794;101.1
6795;101.1
6796;101.1
6797;101.1
6798;101.1
6799;101.1
6800;101.1
6801;101.1
6802;101.1
6803;101.1
6804;101.1
6805;101.1
6806;101.1
6807;101.1
6808;101.1
6809;101.1
6810;101.1
6811;101.1
6812;101.1
6813;101.1
6814;101.1
6815;101.1
6816;101.1
6817;101.1
6818;101.1
6819;101.1
6820;101.1
6821;101.1
6822;101.1
6823;101.1
6824;101.1
6825;101.1
6826;101.1
6827;101.1
6828;101.1
6829;101.1
6830;101.1
6831;101.1
6832;101.1
6833;101.1
6834;101.1
6835;101.1
6836;101.1
6837;101.1
6838;101.1
6839;101.1
6840;101.1
6841;101.1
6842;101.1
6843;101.1
6844;101.1
6845;101.1
6846;101.1
6847;101.1
6848;101.1
6849;101.1
6850;101.1
6851;101.1
6852;101.1
6853;101.1
6854;101.1
6855;101.1
6856;101.1
6857;101.1
6858;101.1
6859;101.1
6860;101.1
6861;101.1
6862;101.1
6863;101.1
6864;101.1
6865;101.1
6866;101.1
6867;101.1
6868;101.1
6869;101.1
6870;101.1
6871;101.1
6872;101.1
6873;101.1
6874;101.1
6875;101.1
6876;101.1
6877;101.1
6878;101.1
6879;101.1
6880;101.1
6881;101.1
6882;101.1
6883;101.1
6884;101.1
6885;101.1
6886;101.1
6887;101.1
6888;101.1
6889;101.1
6890;101.1
6891;101.1
6892;101.1
6893;101.1
6894;101.1
6895;101.1
6896;101.1
6897;101.1
6898;101.1
6899;101.1
6900;101.1
6901;101.1
6902;101.1
6903;101.1
6904;101.1
6905;101.1
6906;101.1
6907;101.1
6908;101.1
6909;101.1
6910;101.1
6911;101.1
6912;101.1
6913;101.1
6914;101.1
6915;101.1
6916;101.1
6917;101.1
6918;101.1
6919;101.1
6920;101.1
6921;101.1
6922;101.1
6923;101.1
6924;101.1
6925;101.1
6926;101.1
6927;101.1
6928;101.1
6929;101.1
6930;101.1
6931;101.1
6932;101.1
6933;101.1
6934;101.1
6935;101.1
6936;101.1
6937;101.1
6938;101.1
6939;101.1
6940;101.1
6941;101.1
6942;101.1
6943;101.1
6944;101.1
6945;101.1
6946;101.1
6947;101.1
6948;101.1
6949;101.1
6950;101.1
6951;101.1
6952;101.1
6953;101.1
6954;101.1
6955;101.1
6956;101.1
6957;101.1
6958;101.1
6959;101.1
6960;101.1
6961;101.1
6962;101.1
6963;101.1
6964;101.1
6965;101.1
6966;101.1
6967;101.1
6968;101.1
6969;101.1
6970;101.1
6971;101.1
6972;101.1
6973;101.1
6974;101.1
6975;101.1
6976;101.1
6977;101.1
6978;101.1
6979;101.1
6980;101.1
6981;101.1
6982;101.1
6983;101.1
6984;101.1
6985;101.1
6986;101.1
6987;101.1
6988;101.1
6989;101.1
6990;101.1
6991;101.1
6992;101.1
6993;101.1
6994;101.1
6995;101.1
6996;101.1
6997;101.1
6998;101.1
6999;101.1
7000;101.1
7001;101.1
7002;101.1
7003;101.1
7004;101.1
7005;101.1
7006;101.1
7007;101.1
7008;101.1
7009;101.1
7010;101.1
7011;101.1
7012;101.1
7013;101.1
7014;101.1
7015;101.1
7016;101.1
7017;101.1
7018;101.1
7019;101.1
7020;101.1
7021;101.1
7022;101.1
7023;101.1
7024;101.1
7025;101.1
7026;101.1
7027;101.1
7028;101.1
7029;101.1
7030;101.1
7031;101.1
7032;101.1
7033;101.1
7034;101.1
7035;101.1
7036;101.1
7037;101.1
7038;101.1
7039;101.1
7040;101.1
7041;101.1
7042;101.1
7043;101.1
7044;101.1
7045;101.1
7046;101.1
7047;101.1
7048;101.1
7049;101.1
7050;101.1
7051;101.1
7052;101.1
7053;101.1
7054;101.1
7055;101.1
7056;101.1
7057;101.1
7058;101.1
7059;101.1
7060;101.1
7061;101.1
7062;101.1
7063;101.1
7064;101.1
7065;101.1
7066;101.1
7067;101.1
7068;101.1
7069;101.1
7070;101.1
7071;101.1
7072;101.1
7073;101.1
7074;101.1
7075;101.1
7076;101.1
7077;101.1
7078;101.1
7079;101.1
7080;101.1
7081;101.1
7082;101.1
7083;101.1
7084;101.1
7085;101.1
7086;101.1
7087;101.1
7088;101.1
7089;101.1
7090;101.1
7091;101.1
7092;101.1
7093;101.1
7094;101.1
7095;101.1
7096;101.1
7097;101.1
7098;101.1
7099;101.1
7100;101.1
7101;101.1
7102;101.1
7103;101.1
7104;101.1
7105;101.1
7106;101.1
7107;101.1
7108;101.1
7109;101.1
7110;101.1
7111;101.1
7112;101.1
7113;101.1
7114;101.1
7115;101.1
7116;101.1
7117;101.1
7118;101.1
7119;101.1
7120;101.1
7121;101.1
7122;101.1
7123;101.1
7124;101.1
7125;101.1
7126;101.1
7127;101.1
7128;101.1
7129;101.1
7130;101.1
7131;101.1
7132;101.1
7133;101.1
7134;101.1
7135;101.1
7136;101.1
7137;101.1
7138;101.1
7139;101.1
7140;101.1
7141;101.1
7142;101.1
7143;101.1
7144;101.1
7145;101.1
7146;101.1
7147;101.1
7148;101.1
7149;101.1
7150;101.1
7151;101.1
7152;101.1
7153;101.1
7154;101.1
7155;101.1
7156;101.1
7157;101.1
7158;101.1
7159;101.1
7160;101.1
7161;101.1
7162;101.1
7163;101.1
7164;101.1
7165;101.1
7166;101.1
7167;101.1
7168;101.1
7169;101.1
7170;101.1
7171;101.1
7172;101.1
7173;101.1
7174;101.1
7175;101.1
7176;101.1
7177;101.1
7178;101.1
7179;101.1
7180;101.1
7181;101.1
7182;101.1
7183;101.1
7184;101.1
7185;101.1
7186;101.1
7187;101.1
7188;101.1
7189;101.1
7190;101.1
7191;101.1
7192;101.1
7193;101.1
7194;101.1
7195;101.1
7196;101.1
7197;101.1
7198;101.1
7199;101.1
7200;101.1
7201;101.1
7202;101.1
7203;101.1
7204;101.1
7205;101.1
7206;101.1
7207;101.1
7208;101.1
7209;101.1
7210;101.1
7211;101.1
7212;101.1
7213;101.1
7214;101.1
7215;101.1
7216;101.1
7217;101.1
7218;101.1
7219;101.1
7220;101.1
7221;101.1
7222;101.1
7223;101.1
7224;101.1
7225;101.1
7226;101.1
7227;101.1
7228;101.1
7229;101.1
7230;101.1
7231;101.1
7232;101.1
7233;101.1
7234;101.1
7235;101.1
7236;101.1
7237;101.1
7238;101.1
7239;101.1
7240;101.1
7241;101.1
7242;101.1
7243;101.1
7244;101.1
7245;101.1
7246;101.1
7247;101.1
7248;101.1
7249;101.1
7250;101.1
7251;101.1
7252;101.1
7253;101.1
7254;101.1
7255;101.1
7256;101.1
7257;101.1
7258;101.1
7259;101.1
7260;101.1
7261;101.1
7262;101.1
7263;101.1
7264;101.1
7265;101.1
7266;101.1
7267;101.1
7268;101.1
7269;101.1
7270;101.1
7271;101.1
7272;101.1
7273;101.1
7274;101.1
7275;101.1
7276;101.1
7277;101.1
7278;101.1
7279;101.1
7280;101.1
7281;101.1
7282;101.1
7283;101.1
7284;101.1
7285;101.1
7286;101.1
7287;101.1
7288;101.1
7289;101.1
7290;101.1
7291;101.1
7292;101.1
7293;101.1
7294;101.1
7295;101.1
7296;101.1
7297;101.1
7298;101.1
7299;101.1
7300;101.1
7301;101.1
7302;101.1
7303;101.1
7304;101.1
7305;101.1
7306;101.1
7307;101.1
7308;101.1
7309;101.1
7310;101.1
7311;101.1
7312;101.1
7313;101.1
7314;101.1
7315;101.1
7316;101.1
7317;101.1
7318;101.1
7319;101.1
7320;101.1
7321;101.1
7322;101.1
7323;101.1
7324;101.1
7325;101.1
7326;101.1
7327;101.1
7328;101.1
7329;101.1
7330;101.1
7331;101.1
7332;101.1
7333;101.1
7334;101.1
7335;101.1
7336;101.1
7337;101.1
7338;101.1
7339;101.1
7340;101.1
7341;101.1
7342;101.1
7343;101.1
7344;101.1
7345;101.1
7346;101.1
7347;101.1
7348;101.1
7349;101.1
7350;101.1
7351;101.1
7352;101.1
7353;101.1
7354;101.1
7355;101.1
7356;101.1
7357;101.1
7358;101.1
7359;101.1
7360;101.1
7361;101.1
7362;101.1
7363;101.1
7364;101.1
7365;101.1
7366;101.1
7367;101.1
7368;101.1
7369;101.1
7370;101.1
7371;101.1
7372;101.1
7373;101.1
7374;101.1
7375;101.1
7376;101.1
7377;101.1
7378;101.1
7379;101.1
7380;101.1
7381;101.1
7382;101.1
7383;101.1
7384;101.1
7385;101.1
7386;101.1
7387;101.1
7388;101.1
7389;101.1
7390;101.1
7391;101.1
7392;101.1
7393;101.1
7394;101.1
7395;101.1
7396;101.1
7397;101.1
7398;101.1
7399;101.1
7400;101.1
7401;101.1
7402;101.1
7403;101.1
7404;101.1
7405;101.1
7406;101.1
7407;101.1
7408;101.1
7409;101.1
7410;101.1
7411;101.1
7412;101.1
7413;101.1
7414;101.1
7415;101.1
7416;101.1
7417;101.1
7418;101.1
7419;101.1
7420;101.1
7421;101.1
7422;101.1
7423;101.1
7424;101.1
7425;101.1
7426;101.1
7427;101.1
7428;101.1
7429;101.1
7430;101.1
7431;101.1
7432;101.1
7433;101.1
7434;101.1
7435;101.1
7436;101.1
7437;101.1
7438;101.1
7439;101.1
7440;101.1
7441;101.1
7442;101.1
7443;101.1
7444;101.1
7445;101.1
7446;101.1
7447;101.1
7448;101.1
7449;101.1
7450;101.1
7451;101.1
7452;101.1
7453;101.1
7454;101.1
7455;101.1
7456;101.1
7457;101.1
7458;101.1
7459;101.1
7460;101.1
7461;101.1
7462;101.1
7463;101.1
7464;101.1
7465;101.1
7466;101.1
7467;101.1
7468;101.1
7469;101.1
7470;101.1
7471;101.1
7472;101.1
7473;101.1
7474;101.1
7475;101.1
7476;101.1
7477;101.1
7478;101.1
7479;101.1
7480;101.1
7481;101.1
7482;101.1
7483;101.1
7484;101.1
7485;101.1
7486;101.1
7487;101.1
7488;101.1
7489;101.1
7490;101.1
7491;101.1
7492;101.1
7493;101.1
7494;101.1
7495;101.1
7496;101.1
7497;101.1
7498;101.1
7499;101.1
7500;101.1
7501;101.1
7502;101.1
7503;101.1
7504;101.1
7505;101.1
7506;101.1
7507;101.1
7508;101.1
7509;101.1
7510;101.1
7511;101.1
7512;101.1
7513;101.1
7514;101.1
7515;101.1
7516;101.1
7517;101.1
7518;101.1
7519;101.1
7520;101.1
7521;101.1
7522;101.1
7523;101.1
7524;101.1
7525;101.1
7526;101.1
7527;101.1
7528;101.1
7529;101.1
7530;101.1
7531;101.1
7532;101.1
7533;101.1
7534;101.1
7535;101.1
7536;101.1
7537;101.1
7538;101.1
7539;101.1
7540;101.1
7541;101.1
7542;101.1
7543;101.1
7544;101.1
7545;101.1
7546;101.1
7547;101.1
7548;101.1
7549;101.1
7550;101.1
7551;101.1
7552;101.1
7553;101.1
7554;101.1
7555;101.1
7556;101.1
7557;101.1
7558;101.1
7559;101.1
7560;101.1
7561;101.1
7562;101.1
7563;101.1
7564;101.1
7565;101.1
7566;101.1
7567;101.1
7568;101.1
7569;101.1
7570;101.1
7571;101.1
7572;101.1
7573;101.1
7574;101.1
7575;101.1
7576;101.1
7577;101.1
7578;101.1
7579;101.1
7580;101.1
7581;101.1
7582;101.1
7583;101.1
7584;101.1
7585;101.1
7586;101.1
7587;101.1
7588;101.1
7589;101.1
7590;101.1
7591;101.1
7592;101.1
7593;101.1
7594;101.1
7595;101.1
7596;101.1
7597;101.1
7598;101.1
7599;101.1
7600;101.1
7601;101.1
7602;101.1
7603;101.1
7604;101.1
7605;101.1
7606;101.1
7607;101.1
7608;101.1
7609;101.1
7610;101.1
7611;101.1
7612;101.1
7613;101.1
7614;101.1
7615;101.1
7616;101.1
7617;101.1
7618;101.1
7619;101.1
7620;101.1
7621;101.1
7622;101.1
7623;101.1
7624;101.1
7625;101.1
7626;101.1
7627;101.1
7628;101.1
7629;101.1
7630;101.1
7631;101.1
7632;101.1
7633;101.1
7634;101.1
7635;101.1
7636;101.1
7637;101.1
7638;101.1
7639;101.1
7640;101.1
7641;101.1
7642;101.1
7643;101.1
7644;101.1
7645;101.1
7646;101.1
7647;101.1
7648;101.1
7649;101.1
7650;101.1
7651;101.1
7652;101.1
7653;101.1
7654;101.1
7655;101.1
7656;101.1
7657;101.1
7658;101.1
7659;101.1
7660;101.1
7661;101.1
7662;101.1
7663;101.1
7664;101.1
7665;101.1
7666;101.1
7667;101.1
7668;101.1
7669;101.1
7670;101.1
7671;101.1
7672;101.1
7673;101.1
7674;101.1
7675;101.1
7676;101.1
7677;101.1
7678;101.1
7679;101.1
7680;101.1
7681;101.1
7682;101.1
7683;101.1
7684;101.1
7685;101.1
7686;101.1
7687;101.1
7688;101.1
7689;101.1
7690;101.1
7691;101.1
7692;101.1
7693;101.1
7694;101.1
7695;101.1
7696;101.1
7697;101.1
7698;101.1
7699;101.1
7700;101.1
7701;101.1
7702;101.1
7703;101.1
7704;101.1
7705;101.1
7706;101.1
7707;101.1
7708;101.1
7709;101.1
7710;101.1
7711;101.1
7712;101.1
7713;101.1
7714;101.1
7715;101.1
7716;101.1
7717;101.1
7718;101.1
7719;101.1
7720;101.1
7721;101.1
7722;101.1
7723;101.1
7724;101.1
7725;101.1
7726;101.1
7727;101.1
7728;101.1
7729;101.1
7730;101.1
7731;101.1
7732;101.1
7733;101.1
7734;101.1
7735;101.1
7736;101.1
7737;101.1
7738;101.1
7739;101.1
7740;101.1
7741;101.1
7742;101.1
7743;101.1
7744;101.1
7745;101.1
7746;101.1
7747;101.1
7748;101.1
7749;101.1
7750;101.1
7751;101.1
7752;101.1
7753;101.1
7754;101.1
7755;101.1
7756;101.1
7757;101.1
7758;101.1
7759;101.1
7760;101.1
7761;101.1
7762;101.1
7763;101.1
7764;101.1
7765;101.1
7766;101.1
7767;101.1
7768;101.1
7769;101.1
7770;101.1
7771;101.1
7772;101.1
7773;101.1
7774;101.1
7775;101.1
7776;101.1
7777;101.1
7778;101.1
7779;101.1
7780;101.1
7781;101.1
7782;101.1
7783;101.1
7784;101.1
7785;101.1
7786;101.1
7787;101.1
7788;101.1
7789;101.1
7790;101.1
7791;101.1
7792;101.1
7793;101.1
7794;101.1
7795;101.1
7796;101.1
7797;101.1
7798;101.1
7799;101.1
7800;101.1
7801;101.1
7802;101.1
7803;101.1
7804;101.1
7805;101.1
7806;101.1
7807;101.1
7808;101.1
7809;101.1
7810;101.1
7811;101.1
7812;101.1
7813;101.1
7814;101.1
7815;101.1
7816;101.1
7817;101.1
7818;101.1
7819;101.1
7820;101.1
7821;101.1
7822;101.1
7823;101.1
7824;101.1
7825;101.1
7826;101.1
7827;101.1
7828;101.1
7829;101.1
7830;101.1
7831;101.1
7832;101.1
7833;101.1
7834;101.1
7835;101.1
7836;101.1
7837;101.1
7838;101.1
7839;101.1
7840;101.1
7841;101.1
7842;101.1
7843;101.1
7844;101.1
7845;101.1
7846;101.1
7847;101.1
7848;101.1
7849;101.1
7850;101.1
7851;101.1
7852;101.1
7853;101.1
7854;101.1
7855;101.1
7856;101.1
7857;101.1
7858;101.1
7859;101.1
7860;101.1
7861;101.1
7862;101.1
7863;101.1
7864;101.1
7865;101.1
7866;101.1
7867;101.1
7868;101.1
7869;101.1
7870;101.1
7871;101.1
7872;101.1
7873;101.1
7874;101.1
7875;101.1
7876;101.1
7877;101.1
7878;101.1
7879;101.1
7880;101.1
7881;101.1
7882;101.1
7883;101.1
7884;101.1
7885;101.1
7886;101.1
7887;101.1
7888;101.1
7889;101.1
7890;101.1
7891;101.1
7892;101.1
7893;101.1
7894;101.1
7895;101.1
7896;101.1
7897;101.1
7898;101.1
7899;101.1
7900;101.1
7901;101.1
7902;101.1
7903;101.1
7904;101.1
7905;101.1
7906;101.1
7907;101.1
7908;101.1
7909;101.1
7910;101.1
7911;101.1
7912;101.1
7913;101.1
7914;101.1
7915;101.1
7916;101.1
7917;101.1
7918;101.1
7919;101.1
7920;101.1
7921;101.1
7922;101.1
7923;101.1
7924;101.1
7925;101.1
7926;101.1
7927;101.1
7928;101.1
7929;101.1
7930;101.1
7931;101.1
7932;101.1
7933;101.1
7934;101.1
7935;101.1
7936;101.1
7937;101.1
7938;101.1
7939;101.1
7940;101.1
7941;101.1
7942;101.1
7943;101.1
7944;101.1
7945;101.1
7946;101.1
7947;101.1
7948;101.1
7949;101.1
7950;101.1
7951;101.1
7952;101.1
7953;101.1
7954;101.1
7955;101.1
7956;101.1
7957;101.1
7958;101.1
7959;101.1
7960;101.1
7961;101.1
7962;101.1
7963;101.1
7964;101.1
7965;101.1
7966;101.1
7967;101.1
7968;101.1
7969;101.1
7970;101.1
7971;101.1
7972;101.1
7973;101.1
7974;101.1
7975;101.1
7976;101.1
7977;101.1
7978;101.1
7979;101.1
7980;101.1
7981;101.1
7982;101.1
7983;101.1
7984;101.1
7985;101.1
7986;101.1
7987;101.1
7988;101.1
7989;101.1
7990;101.1
7991;101.1
7992;101.1
7993;101.1
7994;101.1
7995;101.1
7996;101.1
7997;101.1
7998;101.1
7999;101.1
8000;101.1
8001;101.1
8002;101.1
8003;101.1
8004;101.1
8005;101.1
8006;101.1
8007;101.1
8008;101.1
8009;101.1
8010;101.1
8011;101.1
8012;101.1
8013;101.1
8014;101.1
8015;101.1
8016;101.1
8017;101.1
8018;101.1
8019;101.1
8020;101.1
8021;101.1
8022;101.1
8023;101.1
8024;101.1
8025;101.1
8026;101.1
8027;101.1
8028;101.1
8029;101.1
8030;101.1
8031;101.1
8032;101.1
8033;101.1
8034;101.1
8035;101.1
8036;101.1
8037;101.1
8038;101.1
8039;101.1
8040;101.1
8041;101.1
8042;101.1
8043;101.1
8044;101.1
8045;101.1
8046;101.1
8047;101.1
8048;101.1
8049;101.1
8050;101.1
8051;101.1
8052;101.1
8053;101.1
8054;101.1
8055;101.1
8056;101.1
8057;101.1
8058;101.1
8059;101.1
8060;101.1
8061;101.1
8062;101.1
8063;101.1
8064;101.1
8065;101.1
8066;101.1
8067;101.1
8068;101.1
8069;101.1
8070;101.1
8071;101.1
8072;101.1
8073;101.1
8074;101.1
8075;101.1
8076;101.1
8077;101.1
8078;101.1
8079;101.1
8080;101.1
8081;101.1
8082;101.1
8083;101.1
8084;101.1
8085;101.1
8086;101.1
8087;101.1
8088;101.1
8089;101.1
8090;101.1
8091;101.1
8092;101.1
8093;101.1
8094;101.1
8095;101.1
8096;101.1
8097;101.1
8098;101.1
8099;101.1
8100;101.1
8101;101.1
8102;101.1
8103;101.1
8104;101.1
8105;101.1
8106;101.1
8107;101.1
8108;101.1
8109;101.1
8110;101.1
8111;101.1
8112;101.1
8113;101.1
8114;101.1
8115;101.1
8116;101.1
8117;101.1
8118;101.1
8119;101.1
8120;101.1
8121;101.1
8122;101.1
8123;101.1
8124;101.1
8125;101.1
8126;101.1
8127;101.1
8128;101.1
8129;101.1
8130;101.1
8131;101.1
8132;101.1
8133;101.1
8134;101.1
8135;101.1
8136;101.1
8137;101.1
8138;101.1
8139;101.1
8140;101.1
8141;101.1
8142;101.1
8143;101.1
8144;101.1
8145;101.1
8146;101.1
8147;101.1
8148;101.1
8149;101.1
8150;101.1
8151;101.1
8152;101.1
8153;101.1
8154;101.1
8155;101.1
8156;101.1
8157;101.1
8158;101.1
8159;101.1
8160;101.1
8161;101.1
8162;101.1
8163;101.1
8164;101.1
8165;101.1
8166;101.1
8167;101.1
8168;101.1
8169;101.1
8170;101.1
8171;101.1
8172;101.1
8173;101.1
8174;101.1
8175;101.1
8176;101.1
8177;101.1
8178;101.1
8179;101.1
8180;101.1
8181;101.1
8182;101.1
8183;101.1
8184;101.1
8185;101.1
8186;101.1
8187;101.1
8188;101.1
8189;101.1
8190;101.1
8191;101.1
8192;101.1
8193;101.1
8194;101.1
8195;101.1
8196;101.1
8197;101.1
8198;101.1
8199;101.1
8200;101.1
8201;101.1
8202;101.1
8203;101.1
8204;101.1
8205;101.1
8206;101.1
8207;101.1
8208;101.1
8209;101.1
8210;101.1
8211;101.1
8212;101.1
8213;101.1
8214;101.1
8215;101.1
8216;101.1
8217;101.1
8218;101.1
8219;101.1
8220;101.1
8221;101.1
8222;101.1
8223;101.1
8224;101.1
8225;101.1
8226;101.1
8227;101.1
8228;101.1
8229;101.1
8230;101.1
8231;101.1
8232;101.1
8233;101.1
8234;101.1
8235;101.1
8236;101.1
8237;101.1
8238;101.1
8239;101.1
8240;101.1
8241;101.1
8242;101.1
8243;101.1
8244;101.1
8245;101.1
8246;101.1
8247;101.1
8248;101.1
8249;101.1
8250;101.1
8251;101.1
8252;101.1
8253;101.1
8254;101.1
8255;101.1
8256;101.1
8257;101.1
8258;101.1
8259;101.1
8260;101.1
8261;101.1
8262;101.1
8263;101.1
8264;101.1
8265;101.1
8266;101.1
8267;101.1
8268;101.1
8269;101.1
8270;101.1
8271;101.1
8272;101.1
8273;101.1
8274;101.1
8275;101.1
8276;101.1
8277;101.1
8278;101.1
8279;101.1
8280;101.1
8281;101.1
8282;101.1
8283;101.1
8284;101.1
8285;101.1
8286;101.1
8287;101.1
8288;101.1
8289;101.1
8290;101.1
8291;101.1
8292;101.1
8293;101.1
8294;101.1
8295;101.1
8296;101.1
8297;101.1
8298;101.1
8299;101.1
8300;101.1
8301;101.1
8302;101.1
8303;101.1
8304;101.1
8305;101.1
8306;101.1
8307;101.1
8308;101.1
8309;101.1
8310;101.1
8311;101.1
8312;101.1
8313;101.1
8314;101.1
8315;101.1
8316;101.1
8317;101.1
8318;101.1
8319;101.1
8320;101.1
8321;101.1
8322;101.1
8323;101.1
8324;101.1
8325;101.1
8326;101.1
8327;101.1
8328;101.1
8329;101.1
8330;101.1
8331;101.1
8332;101.1
8333;101.1
8334;101.1
8335;101.1
8336;101.1
8337;101.1
8338;101.1
8339;101.1
8340;101.1
8341;101.1
8342;101.1
8343;101.1
8344;101.1
8345;101.1
8346;101.1
8347;101.1
8348;101.1
8349;101.1
8350;101.1
8351;101.1
8352;101.1
8353;101.1
8354;101.1
8355;101.1
8356;101.1
8357;101.1
8358;101.1
8359;101.1
8360;101.1
8361;101.1
8362;101.1
8363;101.1
8364;101.1
8365;101.1
8366;101.1
8367;101.1
8368;101.1
8369;101.1
8370;101.1
8371;101.1
8372;101.1
8373;101.1
8374;101.1
8375;101.1
8376;101.1
8377;101.1
8378;101.1
8379;101.1
8380;101.1
8381;101.1
8382;101.1
8383;101.1
8384;101.1
8385;101.1
8386;101.1
8387;101.1
8388;101.1
8389;101.1
8390;101.1
8391;101.1
8392;101.1
8393;101.1
8394;101.1
8395;101.1
8396;101.1
8397;101.1
8398;101.1
8399;101.1
8400;101.1
8401;101.1
8402;101.1
8403;101.1
8404;101.1
8405;101.1
8406;101.1
8407;101.1
8408;101.1
8409;101.1
8410;101.1
8411;101.1
8412;101.1
8413;101.1
8414;101.1
8415;101.1
8416;101.1
8417;101.1
8418;101.1
8419;101.1
8420;101.1
8421;101.1
8422;101.1
8423;101.1
8424;101.1
8425;101.1
8426;101.1
8427;101.1
8428;101.1
8429;101.1
8430;101.1
8431;101.1
8432;101.1
8433;101.1
8434;101.1
8435;101.1
8436;101.1
8437;101.1
8438;101.1
8439;101.1
8440;101.1
8441;101.1
8442;101.1
8443;101.1
8444;101.1
8445;101.1
8446;101.1
8447;101.1
8448;101.1
8449;101.1
8450;101.1
8451;101.1
8452;101.1
8453;101.1
8454;101.1
8455;101.1
8456;101.1
8457;101.1
8458;101.1
8459;101.1
8460;101.1
8461;101.1
8462;101.1
8463;101.1
8464;101.1
8465;101.1
8466;101.1
8467;101.1
8468;101.1
8469;101.1
8470;101.1
8471;101.1
8472;101.1
8473;101.1
8474;101.1
8475;101.1
8476;101.1
8477;101.1
8478;101.1
8479;101.1
8480;101.1
8481;101.1
8482;101.1
8483;101.1
8484;101.1
8485;101.1
8486;101.1
8487;101.1
8488;101.1
8489;101.1
8490;101.1
8491;101.1
8492;101.1
8493;101.1
8494;101.1
8495;101.1
8496;101.1
8497;101.1
8498;101.1
8499;101.1
8500;101.1
8501;101.1
8502;101.1
8503;101.1
8504;101.1
8505;101.1
8506;101.1
8507;101.1
8508;101.1
8509;101.1
8510;101.1
8511;101.1
8512;101.1
8513;101.1
8514;101.1
8515;101.1
8516;101.1
8517;101.1
8518;101.1
8519;101.1
8520;101.1
8521;101.1
8522;101.1
8523;101.1
8524;101.1
8525;101.1
8526;101.1
8527;101.1
8528;101.1
8529;101.1
8530;101.1
8531;101.1
8532;101.1
8533;101.1
8534;101.1
8535;101.1
8536;101.1
8537;101.1
8538;101.1
8539;101.1
8540;101.1
8541;101.1
8542;101.1
8543;101.1
8544;101.1
8545;101.1
8546;101.1
8547;101.1
8548;101.1
8549;101.1
8550;101.1
8551;101.1
8552;101.1
8553;101.1
8554;101.1
8555;101.1
8556;101.1
8557;101.1
8558;101.1
8559;101.1
8560;101.1
8561;101.1
8562;101.1
8563;101.1
8564;101.1
8565;101.1
8566;101.1
8567;101.1
8568;101.1
8569;101.1
8570;101.1
8571;101.1
8572;101.1
8573;101.1
8574;101.1
8575;101.1
8576;101.1
8577;101.1
8578;101.1
8579;101.1
8580;101.1
8581;101.1
8582;101.1
8583;101.1
8584;101.1
8585;101.1
8586;101.1
8587;101.1
8588;101.1
8589;101.1
8590;101.1
8591;101.1
8592;101.1
8593;101.1
8594;101.1
8595;101.1
8596;101.1
8597;101.1
8598;101.1
8599;101.1
8600;101.1
8601;101.1
8602;101.1
8603;101.1
8604;101.1
8605;101.1
8606;101.1
8607;101.1
8608;101.1
8609;101.1
8610;101.1
8611;101.1
8612;101.1
8613;101.1
8614;101.1
8615;101.1
8616;101.1
8617;101.1
8618;101.1
8619;101.1
8620;101.1
8621;101.1
8622;101.1
8623;101.1
8624;101.1
8625;101.1
8626;101.1
8627;101.1
8628;101.1
8629;101.1
8630;101.1
8631;101.1
8632;101.1
8633;101.1
8634;101.1
8635;101.1
8636;101.1
8637;101.1
8638;101.1
8639;101.1
8640;101.1
8641;101.1
8642;101.1
8643;101.1
8644;101.1
8645;101.1
8646;101.1
8647;101.1
8648;101.1
8649;101.1
8650;101.1
8651;101.1
8652;101.1
8653;101.1
8654;101.1
8655;101.1
8656;101.1
8657;101.1
8658;101.1
8659;101.1
8660;101.1
8661;101.1
8662;101.1
8663;101.1
8664;101.1
8665;101.1
8666;101.1
8667;101.1
8668;101.1
8669;101.1
8670;101.1
8671;101.1
8672;101.1
8673;101.1
8674;101.1
8675;101.1
8676;101.1
8677;101.1
8678;101.1
8679;101.1
8680;101.1
8681;101.1
8682;101.1
8683;101.1
8684;101.1
8685;101.1
8686;101.1
8687;101.1
8688;101.1
8689;101.1
8690;101.1
8691;101.1
8692;101.1
8693;101.1
8694;101.1
8695;101.1
8696;101.1
8697;101.1
8698;101.1
8699;101.1
8700;101.1
8701;101.1
8702;101.1
8703;101.1
8704;101.1
8705;101.1
8706;101.1
8707;101.1
8708;101.1
8709;101.1
8710;101.1
8711;101.1
8712;101.1
8713;101.1
8714;101.1
8715;101.1
8716;101.1
8717;101.1
8718;101.1
8719;101.1
8720;101.1
8721;101.1
8722;101.1
8723;101.1
8724;101.1
8725;101.1
8726;101.1
8727;101.1
8728;101.1
8729;101.1
8730;101.1
8731;101.1
8732;101.1
8733;101.1
8734;101.1
8735;101.1
8736;101.1
8737;101.1
8738;101.1
8739;101.1
8740;101.1
8741;101.1
8742;101.1
8743;101.1
8744;101.1
8745;101.1
8746;101.1
8747;101.1
8748;101.1
8749;101.1
8750;101.1
8751;101.1
8752;101.1
8753;101.1
8754;101.1
8755;101.1
8756;101.1
8757;101.1
8758;101.1
8759;101.1
