Index;Wert
0;0.920561254
1;0.876727641
2;0.876727641
3;0.876727641
4;0.920561254
5;1.05206203
6;2.45473695
7;3.55057716
8;3.55057716
9;3.5944109
10;3.06840777
11;2.71773911
12;2.45473695
13;2.49857092
14;2.45473695
15;2.41090369
16;2.41090369
17;2.54240441
18;3.156075
19;3.156075
20;2.93690681
21;2.84923959
22;2.06023479
23;0.964394927
24;0.990812182
25;0.943633497
26;0.943633497
27;0.943633497
28;0.990812182
29;1.13234818
30;2.642066
31;3.82153273
32;3.82153273
33;3.86871171
34;3.30256748
35;2.925138
36;2.642066
37;2.68924475
38;2.642066
39;2.5948875
40;2.5948875
41;2.73642325
42;3.39692473
43;3.39692473
44;3.16103125
45;3.06667399
46;2.21745801
47;1.03799081
48;0.872784555
49;0.831225872
50;0.831225872
51;0.831225872
52;0.872784555
53;0.997460485
54;2.3273375
55;3.36630368
56;3.36630368
57;3.40786266
58;2.90915871
59;2.57668948
60;2.3273375
61;2.36889601
62;2.3273375
63;2.28577876
64;2.28577876
65;2.41045475
66;2.99227619
67;2.99227619
68;2.78448272
69;2.70136523
70;1.95330966
71;0.914343178
72;0.874190271
73;0.832564652
74;0.832564652
75;0.832564652
76;0.874190271
77;0.999066949
78;2.33108568
79;3.37172556
80;3.37172556
81;3.4133513
82;2.91384435
83;2.5808394
84;2.33108568
85;2.37271142
86;2.33108568
87;2.28946042
88;2.28946042
89;2.41433692
90;2.99709535
91;2.99709535
92;2.78896737
93;2.70571613
94;1.95645571
95;0.91581583
96;0.857575953
97;0.816741467
98;0.816741467
99;0.816741467
100;0.857575953
101;0.980079353
102;2.28678274
103;3.30764461
104;3.30764461
105;3.34847927
106;2.85846567
107;2.53178954
108;2.28678274
109;2.32761717
110;2.28678274
111;2.24594831
112;2.24594831
113;2.3684516
114;2.94013453
115;2.94013453
116;2.73596191
117;2.65429306
118;1.91927242
119;0.898410439
120;0.96386683
121;0.917971194
122;0.917971194
123;0.917971194
124;0.96386683
125;1.10155368
126;2.57021427
127;3.71760535
128;3.71760535
129;3.76350141
130;3.21275353
131;2.84558845
132;2.57021427
133;2.61611009
134;2.57021427
135;2.52431893
136;2.52431893
137;2.66200566
138;3.30454493
139;3.30454493
140;3.07506633
141;2.98327518
142;2.15715384
143;1.00976253
144;1.05958962
145;1.00913596
146;1.00913596
147;1.00913596
148;1.05958962
149;1.21095049
150;2.82546568
151;4.08680534
152;4.08680534
153;4.13725948
154;3.53181601
155;3.12818718
156;2.82546568
157;2.8759191
158;2.82546568
159;2.77501202
160;2.77501202
161;2.92637277
162;3.63272309
163;3.63272309
164;3.38045502
165;3.27954793
166;2.37138319
167;1.11004317
168;1.06287527
169;1.01226521
170;1.01226521
171;1.01226521
172;1.06287527
173;1.21470535
174;2.83422685
175;4.09947824
176;4.09947824
177;4.15008831
178;3.54276752
179;3.13788724
180;2.83422685
181;2.88483691
182;2.83422685
183;2.78361702
184;2.78361702
185;2.93544674
186;3.64398789
187;3.64398789
188;3.39093733
189;3.2897172
190;2.3787365
191;1.11348534
192;1.09214091
193;1.04013717
194;1.04013717
195;1.04013717
196;1.09214091
197;1.24815154
198;2.9122653
199;4.21235466
200;4.21235466
201;4.26435804
202;3.64031529
203;3.22428679
204;2.9122653
205;2.96426868
206;2.9122653
207;2.86026192
208;2.86026192
209;3.01627254
210;3.74432254
211;3.74432254
212;3.48430443
213;3.38029742
214;2.44423342
215;1.14414442
216;0.932450354
217;0.888050675
218;0.888050675
219;0.888050675
220;0.932450354
221;1.06564951
222;2.48644042
223;3.59643316
224;3.59643316
225;3.6408329
226;3.10803628
227;2.75283885
228;2.48644042
229;2.53084016
230;2.48644042
231;2.44204068
232;2.44204068
233;2.57523966
234;3.19683599
235;3.19683599
236;2.97483706
237;2.88603783
238;2.08684301
239;0.976850152
240;0.896359622
241;0.853678346
242;0.853678346
243;0.853678346
244;0.896359622
245;1.02440321
246;2.39020181
247;3.457232
248;3.457232
249;3.49991322
250;2.98773885
251;2.64628935
252;2.39020181
253;2.43288302
254;2.39020181
255;2.34752083
256;2.34752083
257;2.47556424
258;3.07310128
259;3.07310128
260;2.85969496
261;2.77433276
262;2.00607109
263;0.93904084
264;1.13610697
265;1.08200979
266;1.08200979
267;1.08200979
268;1.13610697
269;1.29839802
270;3.02950382
271;4.38193035
272;4.38193035
273;4.43602753
274;3.78686285
275;3.3540864
276;3.02950382
277;3.08360076
278;3.02950382
279;2.97540689
280;2.97540689
281;3.13769794
282;3.89505696
283;3.89505696
284;3.62457156
285;3.51637721
286;2.54263067
287;1.19020402
288;1.09855962
289;1.04625034
290;1.04625034
291;1.04625034
292;1.09855962
293;1.2554872
294;2.92938137
295;4.23711109
296;4.23711109
297;4.28942108
298;3.66171026
299;3.24323678
300;2.92938137
301;2.98169065
302;2.92938137
303;2.87707257
304;2.87707257
305;3.03399968
306;3.76632881
307;3.76632881
308;3.50478268
309;3.40016437
310;2.45859885
311;1.15086877
312;1.13531089
313;1.08125174
314;1.08125174
315;1.08125174
316;1.13531089
317;1.29748833
318;3.02738118
319;4.37886
320;4.37886
321;4.4329195
322;3.78420949
323;3.35173631
324;3.02738118
325;3.08144045
326;3.02738118
327;2.97332215
328;2.97332215
329;3.13549948
330;3.89232779
331;3.89232779
332;3.62203193
333;3.51391363
334;2.54084921
335;1.18937016
336;1.06856585
337;1.0176847
338;1.0176847
339;1.0176847
340;1.06856585
341;1.22120869
342;2.849401
343;4.12142611
344;4.12142611
345;4.17230701
346;3.56173515
347;3.15468693
348;2.849401
349;2.90028191
350;2.849401
351;2.79852009
352;2.79852009
353;2.95116305
354;3.66349721
355;3.66349721
356;3.40909195
357;3.30733013
358;2.3914721
359;1.11944675
360;1.03130639
361;0.98219949
362;0.98219949
363;0.98219949
364;1.03130639
365;1.17862689
366;2.75004649
367;3.97771788
368;3.97771788
369;4.02682447
370;3.43754244
371;3.04468751
372;2.75004649
373;2.79915309
374;2.75004649
375;2.70093966
376;2.70093966
377;2.84825993
378;3.53575611
379;3.53575611
380;3.29022169
381;3.19200802
382;2.30808473
383;1.08041322
384;1.24422693
385;1.18498158
386;1.18498158
387;1.18498158
388;1.24422693
389;1.42196274
390;3.31781292
391;4.7989459
392;4.7989459
393;4.85819149
394;4.14724779
395;3.67328501
396;3.31781292
397;3.37705827
398;3.31781292
399;3.25856781
400;3.25856781
401;3.43630362
402;4.26573849
403;4.26573849
404;3.96951151
405;3.85102081
406;2.78460526
407;1.30347228
408;1.13769889
409;1.08352602
410;1.08352602
411;1.08352602
412;1.13769889
413;1.30021739
414;3.0337491
415;4.38807011
416;4.38807011
417;4.44224358
418;3.79216909
419;3.35878634
420;3.0337491
421;3.08792186
422;3.0337491
423;2.97957635
424;2.97957635
425;3.14209461
426;3.90051484
427;3.90051484
428;3.62965035
429;3.52130461
430;2.54619336
431;1.19187188
432;1.19318151
433;1.13636684
434;1.13636684
435;1.13636684
436;1.19318151
437;1.36362576
438;3.18169713
439;4.60206556
440;4.60206556
441;4.65888023
442;3.97710347
443;3.52258563
444;3.18169713
445;3.2385118
446;3.18169713
447;3.12488246
448;3.12488246
449;3.29532671
450;4.09073305
451;4.09073305
452;3.80665922
453;3.69302964
454;2.67036486
455;1.2499963
456;1.28595746
457;1.22472513
458;1.22472513
459;1.22472513
460;1.28595746
461;1.46965456
462;3.42909002
463;4.95989943
464;4.95989943
465;5.02113199
466;4.2863431
467;3.79648471
468;3.42909002
469;3.49032259
470;3.42909002
471;3.36785793
472;3.36785793
473;3.55155492
474;4.40880823
475;4.40880823
476;4.10264587
477;3.98018146
478;2.87799907
479;1.34718978
480;1.19782197
481;1.14078629
482;1.14078629
483;1.14078629
484;1.19782197
485;1.36892903
486;3.19407129
487;4.61996317
488;4.61996317
489;4.67699957
490;3.99257112
491;3.53628564
492;3.19407129
493;3.25110698
494;3.19407129
495;3.13703561
496;3.13703561
497;3.30814266
498;4.10664272
499;4.10664272
500;3.82146382
501;3.70739269
502;2.68075013
503;1.25485778
504;1.01450574
505;0.966198862
506;0.966198862
507;0.966198862
508;1.01450574
509;1.15942645
510;2.70524645
511;3.91291833
512;3.91291833
513;3.96122527
514;3.38154268
515;2.99508786
516;2.70524645
517;2.75355315
518;2.70524645
519;2.65693974
520;2.65693974
521;2.80186009
522;3.47815657
523;3.47815657
524;3.2366221
525;3.14000821
526;2.27048469
527;1.06281257
528;0.891295731
529;0.848855615
530;0.848855615
531;0.848855615
532;0.891295731
533;1.01861596
534;2.37669849
535;3.43770075
536;3.43770075
537;3.48014116
538;2.97085977
539;2.63133931
540;2.37669849
541;2.41913867
542;2.37669849
543;2.33425879
544;2.33425879
545;2.46157885
546;3.05574012
547;3.05574012
548;2.84353948
549;2.75865936
550;1.99473798
551;0.933735788
552;0.533452988
553;0.508051991
554;0.508051991
555;0.508051991
556;0.533452988
557;0.609655917
558;1.4224875
559;2.05751228
560;2.05751228
561;2.0829134
562;1.77810144
563;1.57489359
564;1.4224875
565;1.44788849
566;1.4224875
567;1.39708662
568;1.39708662
569;1.47328961
570;1.82890344
571;1.82890344
572;1.70189846
573;1.65109646
574;1.19387877
575;0.558853984
576;0.734772325
577;0.699785292
578;0.699785292
579;0.699785292
580;0.734772325
581;0.839733481
582;1.95931876
583;2.83399487
584;2.83399487
585;2.86898184
586;2.44913745
587;2.16924119
588;1.95931876
589;1.99430573
590;1.95931876
591;1.9243319
592;1.9243319
593;2.02929282
594;2.51911163
595;2.51911163
596;2.34417629
597;2.27420211
598;1.64443552
599;0.769759417
600;0.877509713
601;0.835726082
602;0.835726082
603;0.835726082
604;0.877509713
605;1.00286067
606;2.33993745
607;3.38452864
608;3.38452864
609;3.42631245
610;2.92490864
611;2.59063935
612;2.33993745
613;2.38172102
614;2.33993745
615;2.29815388
616;2.29815388
617;2.42350459
618;3.00847602
619;3.00847602
620;2.79955769
621;2.7159903
622;1.96388471
623;0.919293404
624;0.91392231
625;0.87040478
626;0.87040478
627;0.87040478
628;0.91392231
629;1.04447472
630;2.43703389
631;3.52497101
632;3.52497101
633;3.5684886
634;3.04627872
635;2.69813895
636;2.43703389
637;2.48055148
638;2.43703389
639;2.39351654
640;2.39351654
641;2.52406907
642;3.13331366
643;3.13331366
644;2.91572642
645;2.82869148
646;2.04537678
647;0.95743984
648;0.68956989
649;0.656735241
650;0.656735241
651;0.656735241
652;0.68956989
653;0.788073897
654;1.83878362
655;2.65965033
656;2.65965033
657;2.69248533
658;2.29846907
659;2.03579164
660;1.83878362
661;1.87161815
662;1.83878362
663;1.80594897
664;1.80594897
665;1.90445292
666;2.36413836
667;2.36413836
668;2.199965
669;2.1342957
670;1.54327166
671;0.722404599
672;0.765562117
673;0.729108989
674;0.729108989
675;0.729108989
676;0.765562117
677;0.874921501
678;2.04142189
679;2.95275021
680;2.95275021
681;2.98920369
682;2.55176592
683;2.2601409
684;2.04142189
685;2.0778749
686;2.04142189
687;2.00496888
688;2.00496888
689;2.11432815
690;2.62467217
691;2.62467217
692;2.44240642
693;2.36949992
694;1.71334374
695;0.802015305
696;0.866501272
697;0.825241745
698;0.825241745
699;0.825241745
700;0.866501272
701;0.990279675
702;2.31058264
703;3.34206939
704;3.34206939
705;3.38332915
706;2.8882153
707;2.55813956
708;2.31058264
709;2.35184193
710;2.31058264
711;2.26932335
712;2.26932335
713;2.39310145
714;2.97073436
715;2.97073436
716;2.76443672
717;2.68191767
718;1.93924761
719;0.907760739
720;0.918376505
721;0.874646902
722;0.874646902
723;0.874646902
724;0.918376505
725;1.0495652
726;2.44891143
727;3.54215074
728;3.54215074
729;3.58588028
730;3.06112552
731;2.71128893
732;2.44891143
733;2.49264097
734;2.44891143
735;2.40518188
736;2.40518188
737;2.53637052
738;3.1485846
739;3.1485846
740;2.92993689
741;2.84247756
742;2.05534554
743;0.962106109
744;1.25555718
745;1.19577229
746;1.19577229
747;1.19577229
748;1.25555718
749;1.43491161
750;3.34802556
751;4.84264612
752;4.84264612
753;4.90243101
754;4.18501329
755;3.7067349
756;3.34802556
757;3.40781045
758;3.34802556
759;3.28824115
760;3.28824115
761;3.46759558
762;4.30458307
763;4.30458307
764;4.0056591
765;3.88608909
766;2.80996275
767;1.31534207
768;1.37968171
769;1.31398654
770;1.31398654
771;1.31398654
772;1.37968171
773;1.57676721
774;3.6790123
775;5.32139111
776;5.32139111
777;5.38708639
778;4.59874439
779;4.07318354
780;3.6790123
781;3.74470758
782;3.6790123
783;3.61331749
784;3.61331749
785;3.81040263
786;4.73013496
787;4.73013496
788;4.40165901
789;4.27026844
790;3.08775616
791;1.44537699
792;1.3205409
793;1.25766182
794;1.25766182
795;1.25766182
796;1.3205409
797;1.50917828
798;3.52130938
799;5.09328651
800;5.09328651
801;5.15616608
802;4.40161657
803;3.89858389
804;3.52130938
805;3.58418846
806;3.52130938
807;3.45843053
808;3.45843053
809;3.64706755
810;4.52737522
811;4.52737522
812;4.21297932
813;4.08722115
814;2.95539761
815;1.38341999
816;1.37925839
817;1.31358337
818;1.31358337
819;1.31358337
820;1.37925839
821;1.57628334
822;3.67788315
823;5.31975842
824;5.31975842
825;5.38543367
826;4.59733343
827;4.07193327
828;3.67788315
829;3.74355817
830;3.67788315
831;3.6122086
832;3.6122086
833;3.80923319
834;4.72868347
835;4.72868347
836;4.40030813
837;4.26895809
838;3.08680868
839;1.4449333
840;1.41169107
841;1.34447169
842;1.34447169
843;1.34447169
844;1.41169107
845;1.61334884
846;3.76436687
847;5.44484949
848;5.44484949
849;5.51206923
850;4.70543766
851;4.16768312
852;3.76436687
853;3.83158612
854;3.76436687
855;3.69714785
856;3.69714785
857;3.89880562
858;4.83987617
859;4.83987617
860;4.50377941
861;4.3693409
862;3.15939331
863;1.47891033
864;1.13852882
865;1.08431637
866;1.08431637
867;1.08431637
868;1.13852882
869;1.30116594
870;3.03596187
871;4.39127111
872;4.39127111
873;4.44548368
874;3.79493523
875;3.36123633
876;3.03596187
877;3.0901742
878;3.03596187
879;2.98174977
880;2.98174977
881;3.14438677
882;3.90336013
883;3.90336013
884;3.63229799
885;3.52387333
886;2.54805088
887;1.19274116
888;1.20776355
889;1.15025437
890;1.15025437
891;1.15025437
892;1.20776355
893;1.38029063
894;3.22058082
895;4.65830755
896;4.65830755
897;4.71581697
898;4.0257082
899;3.56563544
900;3.22058082
901;3.27808976
902;3.22058082
903;3.16307211
904;3.16307211
905;3.33559918
906;4.14072609
907;4.14072609
908;3.85318065
909;3.73816252
910;2.70299959
911;1.26527262
912;1.09075212
913;1.03881454
914;1.03881454
915;1.03881454
916;1.09075212
917;1.24656439
918;2.90856194
919;4.20699787
920;4.20699787
921;4.25893545
922;3.6356864
923;3.22018671
924;2.90856194
925;2.96049953
926;2.90856194
927;2.85662484
928;2.85662484
929;3.01243711
930;3.73956132
931;3.73956132
932;3.47987413
933;3.37599897
934;2.44112539
935;1.14268947
936;1.00095689
937;0.953295112
938;0.953295112
939;0.953295112
940;1.00095689
941;1.143942
942;2.66911745
943;3.86066055
944;3.86066055
945;3.90832281
946;3.33638191
947;2.9550879
948;2.66911745
949;2.71677899
950;2.66911745
951;2.62145591
952;2.62145591
953;2.76444101
954;3.43170524
955;3.43170524
956;3.19339657
957;3.09807301
958;2.24016213
959;1.04861867
960;0.935939193
961;0.891373336
962;0.891373336
963;0.891373336
964;0.935939193
965;1.0696367
966;2.49574375
967;3.60988951
968;3.60988951
969;3.65445566
970;3.11966562
971;2.76313877
972;2.49574375
973;2.54030943
974;2.49574375
975;2.45117807
976;2.45117807
977;2.58487535
978;3.20879722
979;3.20879722
980;2.98596787
981;2.89683628
982;2.09465122
983;0.980505109
984;1.09300447
985;1.04095984
986;1.04095984
987;1.04095984
988;1.09300447
989;1.24913859
990;2.91456866
991;4.21568537
992;4.21568537
993;4.26773024
994;3.64319444
995;3.22683692
996;2.91456866
997;2.96661329
998;2.91456866
999;2.86252427
1000;2.86252427
1001;3.01865792
1002;3.7472837
1003;3.7472837
1004;3.48706007
1005;3.38297081
1006;2.44616652
1007;1.14504933
1008;1.08065808
1009;1.02920127
1010;1.02920127
1011;1.02920127
1012;1.08065808
1013;1.23502839
1014;2.88164592
1015;4.16806602
1016;4.16806602
1017;4.21952295
1018;3.60204124
1019;3.19038701
1020;2.88164592
1021;2.93310285
1022;2.88164592
1023;2.83018947
1024;2.83018947
1025;2.98455954
1026;3.7049551
1027;3.7049551
1028;3.44767094
1029;3.34475732
1030;2.41853523
1031;1.13211501
1032;0.756094873
1033;0.720092535
1034;0.720092535
1035;0.720092535
1036;0.756094873
1037;0.864101887
1038;2.0161767
1039;2.91623521
1040;2.91623521
1041;2.95223784
1042;2.52020979
1043;2.23219085
1044;2.0161767
1045;2.0521791
1046;2.0161767
1047;1.98017454
1048;1.98017454
1049;2.0881815
1050;2.59221435
1051;2.59221435
1052;2.4122026
1053;2.3401978
1054;1.69215572
1055;0.792097211
1056;0.740191877
1057;0.704946756
1058;0.704946756
1059;0.704946756
1060;0.740191877
1061;0.845927179
1062;1.97377038
1063;2.85489798
1064;2.85489798
1065;2.89014316
1066;2.46720195
1067;2.18524098
1068;1.97377038
1069;2.00901556
1070;1.97377038
1071;1.93852544
1072;1.93852544
1073;2.0442605
1074;2.53769207
1075;2.53769207
1076;2.36146665
1077;2.29097629
1078;1.65656459
1079;0.775436997
1080;0.798604488
1081;0.760577917
1082;0.760577917
1083;0.760577917
1084;0.798604488
1085;0.912683904
1086;2.12953115
1087;3.08019328
1088;3.08019328
1089;3.11822033
1090;2.66190243
1091;2.35769033
1092;2.12953115
1093;2.16755795
1094;2.12953115
1095;2.09150505
1096;2.09150505
1097;2.20558453
1098;2.73795533
1099;2.73795533
1100;2.54782271
1101;2.47176981
1102;1.7872932
1103;0.836631
1104;0.897731364
1105;0.854984879
1106;0.854984879
1107;0.854984879
1108;0.897731364
1109;1.02597094
1110;2.39385986
1111;3.46252322
1112;3.46252322
1113;3.50526977
1114;2.99231148
1115;2.65033913
1116;2.39385986
1117;2.43660641
1118;2.39385986
1119;2.35111356
1120;2.35111356
1121;2.47935295
1122;3.07780433
1123;3.07780433
1124;2.86407185
1125;2.77857852
1126;2.00914121
1127;0.940477967
1128;1.1582762
1129;1.10312355
1130;1.10312355
1131;1.10312355
1132;1.1582762
1133;1.32373428
1134;3.08861995
1135;4.46743631
1136;4.46743631
1137;4.52258968
1138;3.86075735
1139;3.41953611
1140;3.08861995
1141;3.14377236
1142;3.08861995
1143;3.03346729
1144;3.03346729
1145;3.19892526
1146;3.97106266
1147;3.97106266
1148;3.69529939
1149;3.58499384
1150;2.59224582
1151;1.21342897
1152;1.23247325
1153;1.17378759
1154;1.17378759
1155;1.17378759
1156;1.23247325
1157;1.40853012
1158;3.28647089
1159;4.75361252
1160;4.75361252
1161;4.8122983
1162;4.10807037
1163;3.63858509
1164;3.28647089
1165;3.34515667
1166;3.28647089
1167;3.22778559
1168;3.22778559
1169;3.40384221
1170;4.22544193
1171;4.22544193
1172;3.93201327
1173;3.81464195
1174;2.7583003
1175;1.29115891
1176;0.893649817
1177;0.851097584
1178;0.851097584
1179;0.851097584
1180;0.893649817
1181;1.02130628
1182;2.38297606
1183;3.44678044
1184;3.44678044
1185;3.48933268
1186;2.9787066
1187;2.63828921
1188;2.38297606
1189;2.42552829
1190;2.38297606
1191;2.34042406
1192;2.34042406
1193;2.46808028
1194;3.06381106
1195;3.06381106
1196;2.85105014
1197;2.76594567
1198;2.00000668
1199;0.936202049
1200;0.987154007
1201;0.940149486
1202;0.940149486
1203;0.940149486
1204;0.987154007
1205;1.12816739
1206;2.63231111
1207;3.80742335
1208;3.80742335
1209;3.85442805
1210;3.29037404
1211;2.91433811
1212;2.63231111
1213;2.67931533
1214;2.63231111
1215;2.58530664
1216;2.58530664
1217;2.72632003
1218;3.38438296
1219;3.38438296
1220;3.14936042
1221;3.05535126
1222;2.20927072
1223;1.03415847
1224;0.917648256
1225;0.873953342
1226;0.873953342
1227;0.873953342
1228;0.917648256
1229;1.04873288
1230;2.44696951
1231;3.53934169
1232;3.53934169
1233;3.5830369
1234;3.05869794
1235;2.70913887
1236;2.44696951
1237;2.49066424
1238;2.44696951
1239;2.40327477
1240;2.40327477
1241;2.53435946
1242;3.14608788
1243;3.14608788
1244;2.92761326
1245;2.84022331
1246;2.05371547
1247;0.961343229
1248;1.08330011
1249;1.03171754
1250;1.03171754
1251;1.03171754
1252;1.08330011
1253;1.23804796
1254;2.88869119
1255;4.17825651
1256;4.17825651
1257;4.22983885
1258;3.61084771
1259;3.19818711
1260;2.88869119
1261;2.94027376
1262;2.88869119
1263;2.83710885
1264;2.83710885
1265;2.99185634
1266;3.71401286
1267;3.71401286
1268;3.45609975
1269;3.3529346
1270;2.42444801
1271;1.13488281
1272;0.966610491
1273;0.920584142
1274;0.920584142
1275;0.920584142
1276;0.966610491
1277;1.10468936
1278;2.57753062
1279;3.7281878
1280;3.7281878
1281;3.77421403
1282;3.22189879
1283;2.85368824
1284;2.57753062
1285;2.62355685
1286;2.57753062
1287;2.53150439
1288;2.53150439
1289;2.66958308
1290;3.31395125
1291;3.31395125
1292;3.08381963
1293;2.99176717
1294;2.16329408
1295;1.0126369
1296;0.941003084
1297;0.896196187
1298;0.896196187
1299;0.896196187
1300;0.941003084
1301;1.07542396
1302;2.50924683
1303;3.629421
1304;3.629421
1305;3.67422795
1306;3.13654447
1307;2.77808857
1308;2.50924683
1309;2.55405378
1310;2.50924683
1311;2.46443987
1312;2.46443987
1313;2.5988605
1314;3.22615814
1315;3.22615814
1316;3.00212336
1317;2.91250944
1318;2.10598445
1319;0.985810101
1320;0.791118741
1321;0.753448665
1322;0.753448665
1323;0.753448665
1324;0.791118741
1325;0.90412879
1326;2.10957003
1327;3.05132103
1328;3.05132103
1329;3.0889914
1330;2.63695073
1331;2.3355906
1332;2.10957003
1333;2.14724016
1334;2.10957003
1335;2.07190013
1336;2.07190013
1337;2.18491006
1338;2.712291
1339;2.712291
1340;2.52394056
1341;2.44860053
1342;1.77053988
1343;0.828788757
1344;0.713653028
1345;0.679671586
1346;0.679671586
1347;0.679671586
1348;0.713653028
1349;0.815597296
1350;1.90300286
1351;2.75253844
1352;2.75253844
1353;2.78652
1354;2.37874269
1355;2.10689139
1356;1.90300286
1357;1.9369843
1358;1.90300286
1359;1.86902153
1360;1.86902153
1361;1.97096562
1362;2.44670558
1363;2.44670558
1364;2.27679825
1365;2.20883536
1366;1.59717
1367;0.74763447
1368;0.821688354
1369;0.782562673
1370;0.782562673
1371;0.782562673
1372;0.821688354
1373;0.939065337
1374;2.19108629
1375;3.16922736
1376;3.16922736
1377;3.20835328
1378;2.73884511
1379;2.42584014
1380;2.19108629
1381;2.23021173
1382;2.19108629
1383;2.15196061
1384;2.15196061
1385;2.26933742
1386;2.81709671
1387;2.81709671
1388;2.62146831
1389;2.54321694
1390;1.83895528
1391;0.860814035
1392;0.761632979
1393;0.72536695
1394;0.72536695
1395;0.72536695
1396;0.761632979
1397;0.870431066
1398;2.03094435
1399;2.93759537
1400;2.93759537
1401;2.97386193
1402;2.53866911
1403;2.24854088
1404;2.03094435
1405;2.06721044
1406;2.03094435
1407;1.99467862
1408;1.99467862
1409;2.10347652
1410;2.61120129
1411;2.61120129
1412;2.42987084
1413;2.35733891
1414;1.70455015
1415;0.797899067
1416;0.88521564
1417;0.843065083
1418;0.843065083
1419;0.843065083
1420;0.88521564
1421;1.01166737
1422;2.36048579
1423;3.41425014
1424;3.41425014
1425;3.45640087
1426;2.95059395
1427;2.61338949
1428;2.36048579
1429;2.40263629
1430;2.36048579
1431;2.31833553
1432;2.31833553
1433;2.44478679
1434;3.03489494
1435;3.03489494
1436;2.82414198
1437;2.73984075
1438;1.98113072
1439;0.927366197
1440;0.659965634
1441;0.628540576
1442;0.628540576
1443;0.628540576
1444;0.659965634
1445;0.754240751
1446;1.7598418
1447;2.54546762
1448;2.54546762
1449;2.57689285
1450;2.19979215
1451;1.94839203
1452;1.7598418
1453;1.7912668
1454;1.7598418
1455;1.72841692
1456;1.72841692
1457;1.82269192
1458;2.26264238
1459;2.26264238
1460;2.10551715
1461;2.04266691
1462;1.47701657
1463;0.691390693
1464;0.607480645
1465;0.578554749
1466;0.578554749
1467;0.578554749
1468;0.607480645
1469;0.694258332
1470;1.61988723
1471;2.34303474
1472;2.34303474
1473;2.37196064
1474;2.02484989
1475;1.79344261
1476;1.61988723
1477;1.64881313
1478;1.61988723
1479;1.59096146
1480;1.59096146
1481;1.67773902
1482;2.08270168
1483;2.08270168
1484;1.93807209
1485;1.88022029
1486;1.35955417
1487;0.6364066
1488;0.52901572
1489;0.503826022
1490;0.503826022
1491;0.503826022
1492;0.52901572
1493;0.604584813
1494;1.41065526
1495;2.04039788
1496;2.04039788
1497;2.06558776
1498;1.76331127
1499;1.56179357
1500;1.41065526
1501;1.43584514
1502;1.41065526
1503;1.38546574
1504;1.38546574
1505;1.46103477
1506;1.81369066
1507;1.81369066
1508;1.68774211
1509;1.63736272
1510;1.18394816
1511;0.554205477
1512;0.656510711
1513;0.625250101
1514;0.625250101
1515;0.625250101
1516;0.656510711
1517;0.750292182
1518;1.75062895
1519;2.53214192
1520;2.53214192
1521;2.56340265
1522;2.18827629
1523;1.93819213
1524;1.75062895
1525;1.78188944
1526;1.75062895
1527;1.71936846
1528;1.71936846
1529;1.81314993
1530;2.25079727
1531;2.25079727
1532;2.09449458
1533;2.0319736
1534;1.4692843
1535;0.687771201
1536;0.630361319
1537;0.600345969
1538;0.600345969
1539;0.600345969
1540;0.630361319
1541;0.720407486
1542;1.68089986
1543;2.43128467
1544;2.43128467
1545;2.46130037
1546;2.10111547
1547;1.86099243
1548;1.68089986
1549;1.71091545
1550;1.68089986
1551;1.65088463
1552;1.65088463
1553;1.7409308
1554;2.16114616
1555;2.16114616
1556;2.0110693
1557;1.95103848
1558;1.41076159
1559;0.660376787
1560;0.505576193
1561;0.481502593
1562;0.481502593
1563;0.481502593
1564;0.505576193
1565;0.577796996
1566;1.34815228
1567;1.9499923
1568;1.9499923
1569;1.9740659
1570;1.68518269
1571;1.49259388
1572;1.34815228
1573;1.37222588
1574;1.34815228
1575;1.32407868
1576;1.32407868
1577;1.39629948
1578;1.73333001
1579;1.73333001
1580;1.61296189
1581;1.56481469
1582;1.13148987
1583;0.529649854
1584;0.510419905
1585;0.486115694
1586;0.486115694
1587;0.486115694
1588;0.510419905
1589;0.583332658
1590;1.36106837
1591;1.9686743
1592;1.9686743
1593;1.99297881
1594;1.7013278
1595;1.50689375
1596;1.36106837
1597;1.38537252
1598;1.36106837
1599;1.33676422
1600;1.33676422
1601;1.40967691
1602;1.74993622
1603;1.74993622
1604;1.62841499
1605;1.57980657
1606;1.14233017
1607;0.534724176
1608;0.7261011
1609;0.69152689
1610;0.69152689
1611;0.69152689
1612;0.7261011
1613;0.829823494
1614;1.93619633
1615;2.80054998
1616;2.80054998
1617;2.83512425
1618;2.42023444
1619;2.14364147
1620;1.93619633
1621;1.97077036
1622;1.93619633
1623;1.90162218
1624;1.90162218
1625;2.00534463
1626;2.48938274
1627;2.48938274
1628;2.31651187
1629;2.24736357
1630;1.62502909
1631;0.760675251
1632;0.893412709
1633;0.850871801
1634;0.850871801
1635;0.850871801
1636;0.893412709
1637;1.02103531
1638;2.38234377
1639;3.44586587
1640;3.44586587
1641;3.4884069
1642;2.97791624
1643;2.63758922
1644;2.38234377
1645;2.4248848
1646;2.38234377
1647;2.33980298
1648;2.33980298
1649;2.46742558
1650;3.06299806
1651;3.06299806
1652;2.85029364
1653;2.76521158
1654;1.99947596
1655;0.935953617
1656;0.942832232
1657;0.897938192
1658;0.897938192
1659;0.897938192
1660;0.942832232
1661;1.07751441
1662;2.51412416
1663;3.63647556
1664;3.63647556
1665;3.68136978
1666;3.14264107
1667;2.78348851
1668;2.51412416
1669;2.55901837
1670;2.51412416
1671;2.46923018
1672;2.46923018
1673;2.60391235
1674;3.23242927
1675;3.23242927
1676;3.00795865
1677;2.91817069
1678;2.11007786
1679;0.987726331
1680;0.756924748
1681;0.720882893
1682;0.720882893
1683;0.720882893
1684;0.756924748
1685;0.865050316
1686;2.0183897
1687;2.91943598
1688;2.91943598
1689;2.95547795
1690;2.52297592
1691;2.23464084
1692;2.0183897
1693;2.05443144
1694;2.0183897
1695;1.98234785
1696;1.98234785
1697;2.09047341
1698;2.59505963
1699;2.59505963
1700;2.41485
1701;2.34276628
1702;1.69401312
1703;0.792966604
1704;0.910755277
1705;0.867388546
1706;0.867388546
1707;0.867388546
1708;0.910755277
1709;1.04085517
1710;2.42858887
1711;3.51275563
1712;3.51275563
1713;3.55612254
1714;3.03572249
1715;2.68878913
1716;2.42858887
1717;2.47195554
1718;2.42858887
1719;2.38522243
1720;2.38522243
1721;2.51532221
1722;3.12245584
1723;3.12245584
1724;2.90562224
1725;2.8188889
1726;2.03828883
1727;0.954121947
1728;0.86194545
1729;0.820902884
1730;0.820902884
1731;0.820902884
1732;0.86194545
1733;0.98507303
1734;2.29843426
1735;3.3244977
1736;3.3244977
1737;3.3655405
1738;2.87302995
1739;2.54468966
1740;2.29843426
1741;2.33947682
1742;2.29843426
1743;2.25739193
1744;2.25739193
1745;2.38051939
1746;2.95511508
1747;2.95511508
1748;2.74990225
1749;2.66781712
1750;1.92905152
1751;0.902988017
1752;0.70530355
1753;0.67171967
1754;0.67171967
1755;0.67171967
1756;0.70530355
1757;0.806055069
1758;1.88073826
1759;2.72033453
1760;2.72033453
1761;2.75391865
1762;2.35091233
1763;2.08224154
1764;1.88073826
1765;1.91432214
1766;1.88073826
1767;1.8471545
1768;1.8471545
1769;1.94790602
1770;2.41808009
1771;2.41808009
1772;2.25016069
1773;2.18299294
1774;1.57848382
1775;0.73888737
1776;0.668094993
1777;0.636282861
1778;0.636282861
1779;0.636282861
1780;0.668094993
1781;0.763531327
1782;1.78151917
1783;2.57682204
1784;2.57682204
1785;2.60863447
1786;2.2268889
1787;1.97239196
1788;1.78151917
1789;1.81333125
1790;1.78151917
1791;1.7497071
1792;1.7497071
1793;1.84514344
1794;2.29051328
1795;2.29051328
1796;2.13145232
1797;2.06782818
1798;1.49521017
1799;0.699907124
1800;0.568764746
1801;0.541682363
1802;0.541682363
1803;0.541682363
1804;0.568764746
1805;0.650011957
1806;1.51664865
1807;2.19370866
1808;2.19370866
1809;2.22079134
1810;1.89580238
1811;1.67914319
1812;1.51664865
1813;1.54373109
1814;1.51664865
1815;1.48956645
1816;1.48956645
1817;1.57081342
1818;1.94996715
1819;1.94996715
1820;1.81455505
1821;1.76039028
1822;1.27290726
1823;0.595847189
1824;0.606007278
1825;0.577151477
1826;0.577151477
1827;0.577151477
1828;0.606007278
1829;0.692574441
1830;1.61595809
1831;2.3373518
1832;2.3373518
1833;2.3662076
1834;2.01993871
1835;1.78909266
1836;1.61595809
1837;1.64481401
1838;1.61595809
1839;1.58710253
1840;1.58710253
1841;1.6736697
1842;2.07765007
1843;2.07765007
1844;1.93337131
1845;1.87565982
1846;1.3562566
1847;0.634862959
1848;0.594118118
1849;0.565828443
1850;0.565828443
1851;0.565828443
1852;0.594118118
1853;0.678986967
1854;1.58425498
1855;2.29149556
1856;2.29149556
1857;2.31978536
1858;1.98030984
1859;1.7539928
1860;1.58425498
1861;1.61254466
1862;1.58425498
1863;1.55596542
1864;1.55596542
1865;1.64083421
1866;2.03688908
1867;2.03688908
1868;1.89544094
1869;1.8388617
1870;1.32964849
1871;0.622407734
1872;0.676715374
1873;0.644492805
1874;0.644492805
1875;0.644492805
1876;0.676715374
1877;0.7733832
1878;1.80450618
1879;2.61007094
1880;2.61007094
1881;2.64229369
1882;2.25562263
1883;1.99784184
1884;1.80450618
1885;1.83672881
1886;1.80450618
1887;1.77228367
1888;1.77228367
1889;1.86895144
1890;2.32006788
1891;2.32006788
1892;2.15895486
1893;2.0945096
1894;1.51450288
1895;0.708938062
1896;0.31140393
1897;0.296576053
1898;0.296576053
1899;0.296576053
1900;0.31140393
1901;0.355887473
1902;0.830379009
1903;1.20107555
1904;1.20107555
1905;1.2159034
1906;1.03796911
1907;0.919346273
1908;0.830379009
1909;0.845206916
1910;0.830379009
1911;0.815551221
1912;0.815551221
1913;0.860034764
1914;1.06762493
1915;1.06762493
1916;0.99348551
1917;0.963829756
1918;0.696928322
1919;0.326231778
1920;0.226842016
1921;0.216040671
1922;0.216040671
1923;0.216040671
1924;0.226842016
1925;0.259246022
1926;0.604889154
1927;0.874922872
1928;0.874922872
1929;0.885724247
1930;0.756108046
1931;0.669697285
1932;0.604889154
1933;0.61569047
1934;0.604889154
1935;0.594087839
1936;0.594087839
1937;0.626491904
1938;0.777710736
1939;0.777710736
1940;0.72370398
1941;0.702101231
1942;0.507677078
1943;0.237643376
1944;0.643266678
1945;0.612636745
1946;0.612636745
1947;0.612636745
1948;0.643266678
1949;0.735156298
1950;1.71531272
1951;2.48106003
1952;2.48106003
1953;2.51169014
1954;2.14413142
1955;1.89909232
1956;1.71531272
1957;1.74594271
1958;1.71531272
1959;1.68468297
1960;1.68468297
1961;1.77657259
1962;2.20539117
1963;2.20539117
1964;2.0522418
1965;1.99098182
1966;1.43964398
1967;0.673896551
1968;0.485828727
1969;0.46269539
1970;0.46269539
1971;0.46269539
1972;0.485828727
1973;0.555228651
1974;1.29549432
1975;1.87382674
1976;1.87382674
1977;1.89696026
1978;1.61936057
1979;1.43429422
1980;1.29549432
1981;1.3186276
1982;1.29549432
1983;1.27236104
1984;1.27236104
1985;1.34176087
1986;1.66562724
1987;1.66562724
1988;1.54996061
1989;1.50369394
1990;1.0872947
1991;0.508962035
1992;0.521513045
1993;0.496680617
1994;0.496680617
1995;0.496680617
1996;0.521513045
1997;0.596010447
1998;1.39064896
1999;2.0114603
2000;2.0114603
2001;2.03629279
2002;1.7383033
2003;1.53964365
2004;1.39064896
2005;1.41548133
2006;1.39064896
2007;1.36581647
2008;1.36581647
2009;1.44031382
2010;1.78796828
2011;1.78796828
2012;1.66380596
2013;1.61414099
2014;1.16715693
2015;0.546345532
2016;0.732604504
2017;0.697720706
2018;0.697720706
2019;0.697720706
2020;0.732604504
2021;0.837255955
2022;1.95353806
2023;2.82563353
2024;2.82563353
2025;2.8605175
2026;2.4419117
2027;2.16284108
2028;1.95353806
2029;1.98842204
2030;1.95353806
2031;1.91865444
2032;1.91865444
2033;2.02330589
2034;2.51167941
2035;2.51167941
2036;2.33726025
2037;2.26749253
2038;1.63958383
2039;0.76748836
2040;0.463015795
2041;0.440968752
2042;0.440968752
2043;0.440968752
2044;0.463015795
2045;0.529156923
2046;1.23466206
2047;1.78583801
2048;1.78583801
2049;1.80788529
2050;1.54332066
2051;1.36694443
2052;1.23466206
2053;1.2567091
2054;1.23466206
2055;1.21261513
2056;1.21261513
2057;1.27875626
2058;1.58741474
2059;1.58741474
2060;1.47717953
2061;1.43308544
2062;1.03623891
2063;0.485062867
2064;0.451211363
2065;0.429726392
2066;0.429726392
2067;0.429726392
2068;0.451211363
2069;0.515666187
2070;1.20318484
2071;1.74030864
2072;1.74030864
2073;1.76179373
2074;1.5039742
2075;1.33209455
2076;1.20318484
2077;1.22466969
2078;1.20318484
2079;1.18169999
2080;1.18169999
2081;1.24615467
2082;1.54694414
2083;1.54694414
2084;1.43951929
2085;1.39654934
2086;1.00982022
2087;0.472696334
2088;0.253143758
2089;0.241090029
2090;0.241090029
2091;0.241090029
2092;0.253143758
2093;0.289304972
2094;0.67502445
2095;0.976367831
2096;0.976367831
2097;0.988421679
2098;0.843776882
2099;0.747346938
2100;0.67502445
2101;0.687078238
2102;0.67502445
2103;0.662970841
2104;0.662970841
2105;0.699131966
2106;0.867884338
2107;0.867884338
2108;0.807615578
2109;0.783508122
2110;0.566540956
2111;0.265197515
2112;0.24460797
2113;0.232960671
2114;0.232960671
2115;0.232960671
2116;0.24460797
2117;0.279549837
2118;0.652263224
2119;0.943445623
2120;0.943445623
2121;0.955092967
2122;0.815325379
2123;0.722147048
2124;0.652263224
2125;0.663910508
2126;0.652263224
2127;0.640616
2128;0.640616
2129;0.675557852
2130;0.838620007
2131;0.838620007
2132;0.780383468
2133;0.7570889
2134;0.547437608
2135;0.256255269
2136;0.420269102
2137;0.400257498
2138;0.400257498
2139;0.400257498
2140;0.420269102
2141;0.480303913
2142;1.12067533
2143;1.62096536
2144;1.62096536
2145;1.64097703
2146;1.40083778
2147;1.24074495
2148;1.12067533
2149;1.14068687
2150;1.12067533
2151;1.10066366
2152;1.10066366
2153;1.16069853
2154;1.44086099
2155;1.44086099
2156;1.34080303
2157;1.3007797
2158;0.940570891
2159;0.440280735
2160;0.371510088
2161;0.353820235
2162;0.353820235
2163;0.353820235
2164;0.371510088
2165;0.424579769
2166;0.990656137
2167;1.43290329
2168;1.43290329
2169;1.45059323
2170;1.23831463
2171;1.09679556
2172;0.990656137
2173;1.00834596
2174;0.990656137
2175;0.972966313
2176;0.972966313
2177;1.0260359
2178;1.27369452
2179;1.27369452
2180;1.18524492
2181;1.14986515
2182;0.831447184
2183;0.389200002
2184;0.243947461
2185;0.232331619
2186;0.232331619
2187;0.232331619
2188;0.243947461
2189;0.278794974
2190;0.650501966
2191;0.940898061
2192;0.940898061
2193;0.952513933
2194;0.813123763
2195;0.720197082
2196;0.650501966
2197;0.662117779
2198;0.650501966
2199;0.638886154
2200;0.638886154
2201;0.673733652
2202;0.836355507
2203;0.836355507
2204;0.778276265
2205;0.75504458
2206;0.545959413
2207;0.255563319
2208;0.170207724
2209;0.162103072
2210;0.162103072
2211;0.162103072
2212;0.170207724
2213;0.194521636
2214;0.453870088
2215;0.656486094
2216;0.656486094
2217;0.664590776
2218;0.567335069
2219;0.502497971
2220;0.453870088
2221;0.46197474
2222;0.453870088
2223;0.445765465
2224;0.445765465
2225;0.470079362
2226;0.583544374
2227;0.583544374
2228;0.543021142
2229;0.526811838
2230;0.380928367
2231;0.178312361
2232;0.277260751
2233;0.26405865
2234;0.26405865
2235;0.26405865
2236;0.277260751
2237;0.316867024
2238;0.739334047
2239;1.06938636
2240;1.06938636
2241;1.08258867
2242;0.924163401
2243;0.818546653
2244;0.739334047
2245;0.752536118
2246;0.739334047
2247;0.726132035
2248;0.726132035
2249;0.765738249
2250;0.950567603
2251;0.950567603
2252;0.884557128
2253;0.858152866
2254;0.620515287
2255;0.290462852
2256;0.27023226
2257;0.257364839
2258;0.257364839
2259;0.257364839
2260;0.27023226
2261;0.308834523
2262;0.720592141
2263;1.04227781
2264;1.04227781
2265;1.05514526
2266;0.900736153
2267;0.797796726
2268;0.720592141
2269;0.733459592
2270;0.720592141
2271;0.70772481
2272;0.70772481
2273;0.746327043
2274;0.926470995
2275;0.926470995
2276;0.862133861
2277;0.836398959
2278;0.604785383
2279;0.283099711
2280;0.177947506
2281;0.169474334
2282;0.169474334
2283;0.169474334
2284;0.177947506
2285;0.203367054
2286;0.474508762
2287;0.686338186
2288;0.686338186
2289;0.694811463
2290;0.59313333
2291;0.525347829
2292;0.474508762
2293;0.48298192
2294;0.474508762
2295;0.466035604
2296;0.466035604
2297;0.491455108
2298;0.610079646
2299;0.610079646
2300;0.567713737
2301;0.550767422
2302;0.398250192
2303;0.186420694
2304;0.15196754
2305;0.144731432
2306;0.144731432
2307;0.144731432
2308;0.15196754
2309;0.173675895
2310;0.405231476
2311;0.586134255
2312;0.586134255
2313;0.593370438
2314;0.50653708
2315;0.448648155
2316;0.405231476
2317;0.412467599
2318;0.405231476
2319;0.397995383
2320;0.397995383
2321;0.419703692
2322;0.521009266
2323;0.521009266
2324;0.484828711
2325;0.470356464
2326;0.340106487
2327;0.159203678
2328;0.252703428
2329;0.240670651
2330;0.240670651
2331;0.240670651
2332;0.252703428
2333;0.28880173
2334;0.673850298
2335;0.974669516
2336;0.974669516
2337;0.986702323
2338;0.842309058
2339;0.74604696
2340;0.673850298
2341;0.685883045
2342;0.673850298
2343;0.661817551
2344;0.661817551
2345;0.697915852
2346;0.866374612
2347;0.866374612
2348;0.806210756
2349;0.782145202
2350;0.565555394
2351;0.264736205
2352;0.197593391
2353;0.188184738
2354;0.188184738
2355;0.188184738
2356;0.197593391
2357;0.22581929
2358;0.526895761
2359;0.762111783
2360;0.762111783
2361;0.771520436
2362;0.658616781
2363;0.583347619
2364;0.526895761
2365;0.536304355
2366;0.526895761
2367;0.517487109
2368;0.517487109
2369;0.545713007
2370;0.677434027
2371;0.677434027
2372;0.630390823
2373;0.611573458
2374;0.442218035
2375;0.207002029
2376;0.0855103284
2377;0.0814386532
2378;0.0814386532
2379;0.0814386532
2380;0.0855103284
2381;0.0977253467
2382;0.22801891
2383;0.329810768
2384;0.329810768
2385;0.333882451
2386;0.285022378
2387;0.252448976
2388;0.22801891
2389;0.232090592
2390;0.22801891
2391;0.223947257
2392;0.223947257
2393;0.23616226
2394;0.293165714
2395;0.293165714
2396;0.27280733
2397;0.264663965
2398;0.191373855
2399;0.0895820037
2400;0.0310777277
2401;0.029597925
2402;0.029597925
2403;0.029597925
2404;0.0310777277
2405;0.0355171338
2406;0.0828708038
2407;0.119865865
2408;0.119865865
2409;0.121345669
2410;0.103588045
2411;0.0917496234
2412;0.0828708038
2413;0.0843506083
2414;0.0828708038
2415;0.0813910142
2416;0.0813910142
2417;0.0858304128
2418;0.106547654
2419;0.106547654
2420;0.0991486385
2421;0.0961890295
2422;0.0695525929
2423;0.0325575322
2424;0.0246250778
2425;0.0234525241
2426;0.0234525241
2427;0.0234525241
2428;0.0246250778
2429;0.0281427335
2430;0.0656643882
2431;0.0949781835
2432;0.0949781835
2433;0.096150741
2434;0.0820801184
2435;0.0726996958
2436;0.0656643882
2437;0.0668369457
2438;0.0656643882
2439;0.0644918457
2440;0.0644918457
2441;0.0680094883
2442;0.0844252259
2443;0.0844252259
2444;0.0785624608
2445;0.0762173533
2446;0.0551114269
2447;0.0257976297
2448;0.0682524517
2449;0.0650025234
2450;0.0650025234
2451;0.0650025234
2452;0.0682524517
2453;0.078002207
2454;0.181999654
2455;0.263247639
2456;0.263247639
2457;0.266497582
2458;0.227498531
2459;0.201499179
2460;0.181999654
2461;0.185249567
2462;0.181999654
2463;0.17874974
2464;0.17874974
2465;0.188499495
2466;0.233998388
2467;0.233998388
2468;0.217748761
2469;0.211248934
2470;0.152750388
2471;0.0715023726
2472;0.109102301
2473;0.103907265
2474;0.103907265
2475;0.103907265
2476;0.109102301
2477;0.124687403
2478;0.290928453
2479;0.420804292
2480;0.420804292
2481;0.425999373
2482;0.363658965
2483;0.322098702
2484;0.290928453
2485;0.296123505
2486;0.290928453
2487;0.285733461
2488;0.285733461
2489;0.301318556
2490;0.374049008
2491;0.374049008
2492;0.34807384
2493;0.337683767
2494;0.244173184
2495;0.114297338
2496;0.0517736338
2497;0.0493083671
2498;0.0493083671
2499;0.0493083671
2500;0.0517736338
2501;0.0591694191
2502;0.138057798
2503;0.199689344
2504;0.199689344
2505;0.202154621
2506;0.172571465
2507;0.152849376
2508;0.138057798
2509;0.140523061
2510;0.138057798
2511;0.13559255
2512;0.13559255
2513;0.142988324
2514;0.177502006
2515;0.177502006
2516;0.165175676
2517;0.16024515
2518;0.115870453
2519;0.0542388968
2520;0.0392409265
2521;0.0373724215
2522;0.0373724215
2523;0.0373724215
2524;0.0392409265
2525;0.0448464304
2526;0.104638502
2527;0.151351079
2528;0.151351079
2529;0.153219581
2530;0.13079755
2531;0.115849525
2532;0.104638502
2533;0.106507011
2534;0.104638502
2535;0.102770016
2536;0.102770016
2537;0.108375512
2538;0.134534553
2539;0.134534553
2540;0.125192031
2541;0.121455029
2542;0.0878219903
2543;0.0411094278
2544;0.117316306
2545;0.111730151
2546;0.111730151
2547;0.111730151
2548;0.117316306
2549;0.134074762
2550;0.31283167
2551;0.452485472
2552;0.452485472
2553;0.458071649
2554;0.391037822
2555;0.346348584
2556;0.31283167
2557;0.318417817
2558;0.31283167
2559;0.307245523
2560;0.307245523
2561;0.324003965
2562;0.402210116
2563;0.402210116
2564;0.37427932
2565;0.363107026
2566;0.262556314
2567;0.122902468
2568;0.540921807
2569;0.51516521
2570;0.51516521
2571;0.51516521
2572;0.540921807
2573;0.618191719
2574;1.44240367
2575;2.08631945
2576;2.08631945
2577;2.11207604
2578;1.80299652
2579;1.5969435
2580;1.44240367
2581;1.46816027
2582;1.44240367
2583;1.41664708
2584;1.41664708
2585;1.49391687
2586;1.85450971
2587;1.85450971
2588;1.7257266
2589;1.67421329
2590;1.21059406
2591;0.566678464
2592;0.490062743
2593;0.466727823
2594;0.466727823
2595;0.466727823
2596;0.490062743
2597;0.560067415
2598;1.30678451
2599;1.89015734
2600;1.89015734
2601;1.91349232
2602;1.6334734
2603;1.44679403
2604;1.30678451
2605;1.33011949
2606;1.30678451
2607;1.28344965
2608;1.28344965
2609;1.35345435
2610;1.68014324
2611;1.68014324
2612;1.56346858
2613;1.51679873
2614;1.09677052
2615;0.513397634
2616;0.156269312
2617;0.148828372
2618;0.148828372
2619;0.148828372
2620;0.156269312
2621;0.178592145
2622;0.41670242
2623;0.602726102
2624;0.602726102
2625;0.610167027
2626;0.520875692
2627;0.461348116
2628;0.41670242
2629;0.424143374
2630;0.41670242
2631;0.409261495
2632;0.409261495
2633;0.431584328
2634;0.535757542
2635;0.535757542
2636;0.498552829
2637;0.48367092
2638;0.349733949
2639;0.163710266
2640;0.133879811
2641;0.12750496
2642;0.12750496
2643;0.12750496
2644;0.133879811
2645;0.153004333
2646;0.356999308
2647;0.516370356
2648;0.516370356
2649;0.522745252
2650;0.446247131
2651;0.395248383
2652;0.356999308
2653;0.363374144
2654;0.356999308
2655;0.350624472
2656;0.350624472
2657;0.36974898
2658;0.458996832
2659;0.458996832
2660;0.427122593
2661;0.414372891
2662;0.299625725
2663;0.140254647
2664;0.266777307
2665;0.254074395
2666;0.254074395
2667;0.254074395
2668;0.266777307
2669;0.304886043
2670;0.71137929
2671;1.02895212
2672;1.02895212
2673;1.04165506
2674;0.889220119
2675;0.787596822
2676;0.71137929
2677;0.724082172
2678;0.71137929
2679;0.698676407
2680;0.698676407
2681;0.736785114
2682;0.914625943
2683;0.914625943
2684;0.851111352
2685;0.825705528
2686;0.597053111
2687;0.279480219
2688;0.294789612
2689;0.280752838
2690;0.280752838
2691;0.280752838
2692;0.294789612
2693;0.336899877
2694;0.78607589
2695;1.1369946
2696;1.1369946
2697;1.15103149
2698;0.982590437
2699;0.870296419
2700;0.78607589
2701;0.800112665
2702;0.78607589
2703;0.772039175
2704;0.772039175
2705;0.814149439
2706;1.01066399
2707;1.01066399
2708;0.940480173
2709;0.912406683
2710;0.659745157
2711;0.308826387
2712;0.199202314
2713;0.189717054
2714;0.189717054
2715;0.189717054
2716;0.199202314
2717;0.227658048
2718;0.531186044
2719;0.768317342
2720;0.768317342
2721;0.777802587
2722;0.66397959
2723;0.588097572
2724;0.531186044
2725;0.540671349
2726;0.531186044
2727;0.521700859
2728;0.521700859
2729;0.550156534
2730;0.682950139
2731;0.682950139
2732;0.635523796
2733;0.616553366
2734;0.445818841
2735;0.208687559
2736;0.136742011
2737;0.130230859
2738;0.130230859
2739;0.130230859
2740;0.136742011
2741;0.156275392
2742;0.364631563
2743;0.527409792
2744;0.527409792
2745;0.533920944
2746;0.45578739
2747;0.403698355
2748;0.364631563
2749;0.371142656
2750;0.364631563
2751;0.358120441
2752;0.358120441
2753;0.377653807
2754;0.468809664
2755;0.468809664
2756;0.436253995
2757;0.423231721
2758;0.306031406
2759;0.143253148
2760;0.085205473
2761;0.0811483189
2762;0.0811483189
2763;0.0811483189
2764;0.085205473
2765;0.0973769501
2766;0.227206007
2767;0.328634977
2768;0.328634977
2769;0.332692146
2770;0.284006238
2771;0.251548976
2772;0.227206007
2773;0.231263176
2774;0.227206007
2775;0.223148867
2776;0.223148867
2777;0.23532033
2778;0.292120546
2779;0.292120546
2780;0.271834761
2781;0.263720423
2782;0.190691605
2783;0.0892626345
2784;0.117265493
2785;0.111681759
2786;0.111681759
2787;0.111681759
2788;0.117265493
2789;0.134016693
2790;0.312696159
2791;0.452289522
2792;0.452289522
2793;0.457873255
2794;0.390868455
2795;0.346198589
2796;0.312696159
2797;0.318279922
2798;0.312696159
2799;0.307112455
2800;0.307112455
2801;0.323863655
2802;0.402035922
2803;0.402035922
2804;0.374117255
2805;0.362949759
2806;0.262442589
2807;0.122849233
2808;0.327679515
2809;0.312076658
2810;0.312076658
2811;0.312076658
2812;0.327679515
2813;0.374487996
2814;0.873778939
2815;1.26384997
2816;1.26384997
2817;1.27945292
2818;1.09221876
2819;0.96739608
2820;0.873778939
2821;0.889381766
2822;0.873778939
2823;0.858176172
2824;0.858176172
2825;0.904984593
2826;1.12342441
2827;1.12342441
2828;1.04541028
2829;1.0142045
2830;0.733353436
2831;0.343282342
2832;0.247233063
2833;0.235460773
2834;0.235460773
2835;0.235460773
2836;0.247233063
2837;0.282549918
2838;0.659263253
2839;0.953570485
2840;0.953570485
2841;0.96534282
2842;0.824075341
2843;0.729897022
2844;0.659263253
2845;0.671035528
2846;0.659263253
2847;0.647490978
2848;0.647490978
2849;0.682807803
2850;0.847619951
2851;0.847619951
2852;0.788758397
2853;0.765213847
2854;0.553312659
2855;0.259005368
2856;0.228535607
2857;0.217653632
2858;0.217653632
2859;0.217653632
2860;0.228535607
2861;0.261181593
2862;0.609405279
2863;0.881455004
2864;0.881455004
2865;0.892337084
2866;0.761753201
2867;0.67469728
2868;0.609405279
2869;0.620287299
2870;0.609405279
2871;0.598523319
2872;0.598523319
2873;0.63116926
2874;0.783517122
2875;0.783517122
2876;0.729107201
2877;0.707343221
2878;0.511467397
2879;0.239417613
2880;0.126529545
2881;0.120504685
2882;0.120504685
2883;0.120504685
2884;0.126529545
2885;0.144604102
2886;0.337399364
2887;0.488020629
2888;0.488020629
2889;0.494045526
2890;0.421747297
2891;0.373548448
2892;0.337399364
2893;0.343424201
2894;0.337399364
2895;0.331374526
2896;0.331374526
2897;0.349449068
2898;0.433797002
2899;0.433797002
2900;0.403672725
2901;0.39162302
2902;0.283175677
2903;0.132554397
2904;0.0739599168
2905;0.0704382211
2906;0.0704382211
2907;0.0704382211
2908;0.0739599168
2909;0.0845249742
2910;0.197218984
2911;0.285261184
2912;0.285261184
2913;0.288782865
2914;0.24652262
2915;0.218349099
2916;0.197218984
2917;0.200740665
2918;0.197218984
2919;0.193697304
2920;0.193697304
2921;0.204262346
2922;0.253565997
2923;0.253565997
2924;0.235957533
2925;0.228914157
2926;0.165523797
2927;0.0774816051
2928;0.0477089696
2929;0.0454372503
2930;0.0454372503
2931;0.0454372503
2932;0.0477089696
2933;0.0545241237
2934;0.127219111
2935;0.18401207
2936;0.18401207
2937;0.186283797
2938;0.159023181
2939;0.140849426
2940;0.127219111
2941;0.129490823
2942;0.127219111
2943;0.124947399
2944;0.124947399
2945;0.131762549
2946;0.163566604
2947;0.163566604
2948;0.152208
2949;0.147664562
2950;0.106773652
2951;0.0499806888
2952;0
2953;0
2954;0
2955;0
2956;0
2957;0
2958;0
2959;0
2960;0
2961;0
2962;0
2963;0
2964;0
2965;0
2966;0
2967;0
2968;0
2969;0
2970;0
2971;0
2972;0
2973;0
2974;0
2975;0
2976;0
2977;0
2978;0
2979;0
2980;0
2981;0
2982;0
2983;0
2984;0
2985;0
2986;0
2987;0
2988;0
2989;0
2990;0
2991;0
2992;0
2993;0
2994;0
2995;0
2996;0
2997;0
2998;0
2999;0
3000;0.0852393508
3001;0.0811805725
3002;0.0811805725
3003;0.0811805725
3004;0.0852393508
3005;0.0974156559
3006;0.227296323
3007;0.328765631
3008;0.328765631
3009;0.332824409
3010;0.284119129
3011;0.251648962
3012;0.227296323
3013;0.231355101
3014;0.227296323
3015;0.223237574
3016;0.223237574
3017;0.235413879
3018;0.292236686
3019;0.292236686
3020;0.271942824
3021;0.263825297
3022;0.190767407
3023;0.0892981291
3024;0.231363952
3025;0.22034727
3026;0.22034727
3027;0.22034727
3028;0.231363952
3029;0.264413953
3030;0.616947234
3031;0.892363787
3032;0.892363787
3033;0.903380513
3034;0.77118057
3035;0.683047235
3036;0.616947234
3037;0.627963841
3038;0.616947234
3039;0.605930567
3040;0.605930567
3041;0.638980508
3042;0.793213844
3043;0.793213844
3044;0.73813051
3045;0.716097176
3046;0.517797232
3047;0.242380619
3048;0.181707323
3049;0.173055112
3050;0.173055112
3051;0.173055112
3052;0.181707323
3053;0.207663938
3054;0.484534532
3055;0.700839698
3056;0.700839698
3057;0.709491968
3058;0.605665445
3059;0.536447823
3060;0.484534532
3061;0.493186772
3062;0.484534532
3063;0.475882381
3064;0.475882381
3065;0.501838982
3066;0.622969925
3067;0.622969925
3068;0.579708815
3069;0.562404394
3070;0.406664729
3071;0.190359548
3072;0.172409415
3073;0.164199933
3074;0.164199933
3075;0.164199933
3076;0.172409415
3077;0.197037846
3078;0.459741026
3079;0.664977908
3080;0.664977908
3081;0.673187435
3082;0.574673712
3083;0.508997917
3084;0.459741026
3085;0.467950523
3086;0.459741026
3087;0.451531589
3088;0.451531589
3089;0.47615999
3090;0.591092706
3091;0.591092706
3092;0.550045311
3093;0.533626318
3094;0.385855794
3095;0.180618897
3096;0.139519513
3097;0.132876128
3098;0.132876128
3099;0.132876128
3100;0.139519513
3101;0.159449682
3102;0.372038007
3103;0.538122594
3104;0.538122594
3105;0.544766068
3106;0.465045422
3107;0.411898315
3108;0.372038007
3109;0.378681362
3110;0.372038007
3111;0.365394622
3112;0.365394622
3113;0.385324776
3114;0.478332192
3115;0.478332192
3116;0.445115238
3117;0.431828469
3118;0.312247545
3119;0.146162912
3120;0.240441695
3121;0.22899279
3122;0.22899279
3123;0.22899279
3124;0.240441695
3125;0.274788409
3126;0.641153574
3127;0.92737639
3128;0.92737639
3129;0.938825369
3130;0.801438391
3131;0.709847093
3132;0.641153574
3133;0.652602553
3134;0.641153574
3135;0.629704714
3136;0.629704714
3137;0.664051473
3138;0.824336231
3139;0.824336231
3140;0.767091632
3141;0.744193792
3142;0.538113475
3143;0.2518906
3144;0.166888252
3145;0.158941671
3146;0.158941671
3147;0.158941671
3148;0.166888252
3149;0.190727979
3150;0.4450185
3151;0.643682957
3152;0.643682957
3153;0.651629567
3154;0.556270659
3155;0.492697984
3156;0.4450185
3157;0.452965081
3158;0.4450185
3159;0.437071919
3160;0.437071919
3161;0.460911661
3162;0.572163761
3163;0.572163761
3164;0.532430828
3165;0.516537726
3166;0.373499334
3167;0.174834818
3168;0.088778995
3169;0.0845516771
3170;0.0845516771
3171;0.0845516771
3172;0.088778995
3173;0.101460941
3174;0.236735031
3175;0.342417896
3176;0.342417896
3177;0.346645236
3178;0.295917451
3179;0.262098938
3180;0.236735031
3181;0.240962341
3182;0.236735031
3183;0.232507721
3184;0.232507721
3185;0.245189667
3186;0.304372102
3187;0.304372102
3188;0.28323549
3189;0.27478084
3190;0.198689207
3191;0.0930063128
3192;0.0682016462
3193;0.0649541393
3194;0.0649541393
3195;0.0649541393
3196;0.0682016462
3197;0.0779441446
3198;0.181864172
3199;0.263051659
3200;0.263051659
3201;0.266299188
3202;0.22732918
3203;0.201349184
3204;0.181864172
3205;0.185111657
3206;0.181864172
3207;0.178616673
3208;0.178616673
3209;0.188359156
3210;0.233824193
3211;0.233824193
3212;0.217586666
3213;0.211091667
3214;0.152636677
3215;0.0714491457
3216;0.14939326
3217;0.142279729
3218;0.142279729
3219;0.142279729
3220;0.14939326
3221;0.170733869
3222;0.398366988
3223;0.576205313
3224;0.576205313
3225;0.583318889
3226;0.497956485
3227;0.441048175
3228;0.398366988
3229;0.405480504
3230;0.398366988
3231;0.391253442
3232;0.391253442
3233;0.41259405
3234;0.512183547
3235;0.512183547
3236;0.476615846
3237;0.462388784
3238;0.334345192
3239;0.156506807
3240;0.214986756
3241;0.204749897
3242;0.204749897
3243;0.204749897
3244;0.214986756
3245;0.245697275
3246;0.573276281
3247;0.829197466
3248;0.829197466
3249;0.839434326
3250;0.716592193
3251;0.634697378
3252;0.573276281
3253;0.5835132
3254;0.573276281
3255;0.563039482
3256;0.563039482
3257;0.59375
3258;0.737065852
3259;0.737065852
3260;0.685881615
3261;0.665407896
3262;0.481144756
3263;0.225223601
3264;0.252042919
3265;0.240041599
3266;0.240041599
3267;0.240041599
3268;0.252042919
3269;0.288046867
3270;0.672088981
3271;0.972121954
3272;0.972121954
3273;0.984123349
3274;0.840107501
3275;0.744096994
3276;0.672088981
3277;0.684090316
3278;0.672088981
3279;0.660087764
3280;0.660087764
3281;0.696091652
3282;0.864110172
3283;0.864110172
3284;0.804103494
3285;0.780100882
3286;0.564077199
3287;0.264044255
3288;0.16436477
3289;0.156538352
3290;0.156538352
3291;0.156538352
3292;0.16436477
3293;0.187844023
3294;0.438289464
3295;0.633949935
3296;0.633949935
3297;0.641776443
3298;0.547859371
3299;0.485248029
3300;0.438289464
3301;0.446115911
3302;0.438289464
3303;0.430463076
3304;0.430463076
3305;0.453942329
3306;0.563512206
3307;0.563512206
3308;0.524380147
3309;0.508727252
3310;0.367851704
3311;0.172191188
3312;0.0646958724
3313;0.0616152994
3314;0.0616152994
3315;0.0616152994
3316;0.0646958724
3317;0.07393758
3318;0.172515795
3319;0.249530032
3320;0.249530032
3321;0.252610624
3322;0.215643764
3323;0.190999225
3324;0.172515795
3325;0.175596356
3326;0.172515795
3327;0.169435248
3328;0.169435248
3329;0.178676948
3330;0.221804917
3331;0.221804917
3332;0.206402048
3333;0.200240925
3334;0.144790679
3335;0.0677764416
3336;0.0230330843
3337;0.0219363365
3338;0.0219363365
3339;0.0219363365
3340;0.0230330843
3341;0.0263233259
3342;0.0614192337
3343;0.0888379142
3344;0.0888379142
3345;0.0899346694
3346;0.0767736956
3347;0.067999728
3348;0.0614192337
3349;0.0625159815
3350;0.0614192337
3351;0.0603224933
3352;0.0603224933
3353;0.0636127293
3354;0.0789671913
3355;0.0789671913
3356;0.0734834597
3357;0.071289964
3358;0.0515485145
3359;0.024129834
3360;0
3361;0
3362;0
3363;0
3364;0
3365;0
3366;0
3367;0
3368;0
3369;0
3370;0
3371;0
3372;0
3373;0
3374;0
3375;0
3376;0
3377;0
3378;0
3379;0
3380;0
3381;0
3382;0
3383;0
3384;0
3385;0
3386;0
3387;0
3388;0
3389;0
3390;0
3391;0
3392;0
3393;0
3394;0
3395;0
3396;0
3397;0
3398;0
3399;0
3400;0
3401;0
3402;0
3403;0
3404;0
3405;0
3406;0
3407;0
3408;0
3409;0
3410;0
3411;0
3412;0
3413;0
3414;0
3415;0
3416;0
3417;0
3418;0
3419;0
3420;0
3421;0
3422;0
3423;0
3424;0
3425;0
3426;0
3427;0
3428;0
3429;0
3430;0
3431;0
3432;0
3433;0
3434;0
3435;0
3436;0
3437;0
3438;0
3439;0
3440;0
3441;0
3442;0
3443;0
3444;0
3445;0
3446;0
3447;0
3448;0
3449;0
3450;0
3451;0
3452;0
3453;0
3454;0
3455;0
3456;0
3457;0
3458;0
3459;0
3460;0
3461;0
3462;0
3463;0
3464;0
3465;0
3466;0
3467;0
3468;0
3469;0
3470;0
3471;0
3472;0
3473;0
3474;0
3475;0
3476;0
3477;0
3478;0
3479;0
3480;0
3481;0
3482;0
3483;0
3484;0
3485;0
3486;0
3487;0
3488;0
3489;0
3490;0
3491;0
3492;0
3493;0
3494;0
3495;0
3496;0
3497;0
3498;0
3499;0
3500;0
3501;0
3502;0
3503;0
3504;0.0133287041
3505;0.0126940422
3506;0.0126940422
3507;0.0126940422
3508;0.0133287041
3509;0.0152326887
3510;0.035541866
3511;0.0514084138
3512;0.0514084138
3513;0.0520430766
3514;0.0444271341
3515;0.0393498391
3516;0.035541866
3517;0.0361765288
3518;0.035541866
3519;0.0349072069
3520;0.0349072069
3521;0.0368111916
3522;0.045696456
3523;0.045696456
3524;0.0425231494
3525;0.0412538238
3526;0.0298299119
3527;0.0139633669
3528;0.16509302
3529;0.157231912
3530;0.157231912
3531;0.157231912
3532;0.16509302
3533;0.188676298
3534;0.440231413
3535;0.636758864
3536;0.636758864
3537;0.644619942
3538;0.550286829
3539;0.487397999
3540;0.440231413
3541;0.44809249
3542;0.440231413
3543;0.432370335
3544;0.432370335
3545;0.455953628
3546;0.566008985
3547;0.566008985
3548;0.526703477
3549;0.510981262
3550;0.369481564
3551;0.172954112
3552;0.367089778
3553;0.349610388
3554;0.349610388
3555;0.349610388
3556;0.367089778
3557;0.419528008
3558;0.978869081
3559;1.41585422
3560;1.41585422
3561;1.43333375
3562;1.22358084
3563;1.0837456
3564;0.978869081
3565;0.9963485
3566;0.978869081
3567;0.96138972
3568;0.96138972
3569;1.01382792
3570;1.25853968
3571;1.25853968
3572;1.17114258
3573;1.13618374
3574;0.821554422
3575;0.384569228
3576;0.16280666
3577;0.15505442
3578;0.15505442
3579;0.15505442
3580;0.16280666
3581;0.186063319
3582;0.434134632
3583;0.627940357
3584;0.627940357
3585;0.635692656
3586;0.542665899
3587;0.480648041
3588;0.434134632
3589;0.441886872
3590;0.434134632
3591;0.426382452
3592;0.426382452
3593;0.449639112
3594;0.558170378
3595;0.558170378
3596;0.51940918
3597;0.5039047
3598;0.364364624
3599;0.170558885
3600;0.108882137
3601;0.103697576
3602;0.103697576
3603;0.103697576
3604;0.108882137
3605;0.124435782
3606;0.290341377
3607;0.419955105
3608;0.419955105
3609;0.425139666
3610;0.362925082
3611;0.321448714
3612;0.290341377
3613;0.295525908
3614;0.290341377
3615;0.285156816
3616;0.285156816
3617;0.300710469
3618;0.373294175
3619;0.373294175
3620;0.347371429
3621;0.337002307
3622;0.243680447
3623;0.11406669
3624;0.097890608
3625;0.0932294279
3626;0.0932294279
3627;0.0932294279
3628;0.097890608
3629;0.111874133
3630;0.261031747
3631;0.377561122
3632;0.377561122
3633;0.382222354
3634;0.326288253
3635;0.288998812
3636;0.261031747
3637;0.265692919
3638;0.261031747
3639;0.256370604
3640;0.256370604
3641;0.270354092
3642;0.335610598
3643;0.335610598
3644;0.312304676
3645;0.30298233
3646;0.219081193
3647;0.102551788
3648;0.0786003992
3649;0.074857749
3650;0.074857749
3651;0.074857749
3652;0.0786003992
3653;0.0898283496
3654;0.209593147
3655;0.303159386
3656;0.303159386
3657;0.306902081
3658;0.261990279
3659;0.232049063
3660;0.209593147
3661;0.213335797
3662;0.209593147
3663;0.205850512
3664;0.205850512
3665;0.217078447
3666;0.269475549
3667;0.269475549
3668;0.250762284
3669;0.243276998
3670;0.175909296
3671;0.0823430568
3672;0.0439830273
3673;0.041888725
3674;0.041888725
3675;0.041888725
3676;0.0439830273
3677;0.050265938
3678;0.117283642
3679;0.169641227
3680;0.169641227
3681;0.17173554
3682;0.146603897
3683;0.129849479
3684;0.117283642
3685;0.119377948
3686;0.117283642
3687;0.115189344
3688;0.115189344
3689;0.121472254
3690;0.150792509
3691;0.150792509
3692;0.140320987
3693;0.136132374
3694;0.0984349176
3695;0.0460773371
3696;0.0132609596
3697;0.0126295229
3698;0.0126295229
3699;0.0126295229
3700;0.0132609596
3701;0.0151552679
3702;0.0353612229
3703;0.0511471257
3704;0.0511471257
3705;0.0517785661
3706;0.0442013294
3707;0.0391498432
3708;0.0353612229
3709;0.0359926559
3710;0.0353612229
3711;0.0347297899
3712;0.0347297899
3713;0.0366240963
3714;0.0454642028
3715;0.0454642028
3716;0.0423070192
3717;0.0410441458
3718;0.0296782982
3719;0.0138923964
3720;0
3721;0
3722;0
3723;0
3724;0
3725;0
3726;0
3727;0
3728;0
3729;0
3730;0
3731;0
3732;0
3733;0
3734;0
3735;0
3736;0
3737;0
3738;0
3739;0
3740;0
3741;0
3742;0
3743;0
3744;0
3745;0
3746;0
3747;0
3748;0
3749;0
3750;0
3751;0
3752;0
3753;0
3754;0
3755;0
3756;0
3757;0
3758;0
3759;0
3760;0
3761;0
3762;0
3763;0
3764;0
3765;0
3766;0
3767;0
3768;0
3769;0
3770;0
3771;0
3772;0
3773;0
3774;0
3775;0
3776;0
3777;0
3778;0
3779;0
3780;0
3781;0
3782;0
3783;0
3784;0
3785;0
3786;0
3787;0
3788;0
3789;0
3790;0
3791;0
3792;0
3793;0
3794;0
3795;0
3796;0
3797;0
3798;0
3799;0
3800;0
3801;0
3802;0
3803;0
3804;0
3805;0
3806;0
3807;0
3808;0
3809;0
3810;0
3811;0
3812;0
3813;0
3814;0
3815;0
3816;0
3817;0
3818;0
3819;0
3820;0
3821;0
3822;0
3823;0
3824;0
3825;0
3826;0
3827;0
3828;0
3829;0
3830;0
3831;0
3832;0
3833;0
3834;0
3835;0
3836;0
3837;0
3838;0
3839;0
3840;0
3841;0
3842;0
3843;0
3844;0
3845;0
3846;0
3847;0
3848;0
3849;0
3850;0
3851;0
3852;0
3853;0
3854;0
3855;0
3856;0
3857;0
3858;0
3859;0
3860;0
3861;0
3862;0
3863;0
3864;0
3865;0
3866;0
3867;0
3868;0
3869;0
3870;0
3871;0
3872;0
3873;0
3874;0
3875;0
3876;0
3877;0
3878;0
3879;0
3880;0
3881;0
3882;0
3883;0
3884;0
3885;0
3886;0
3887;0
3888;0
3889;0
3890;0
3891;0
3892;0
3893;0
3894;0
3895;0
3896;0
3897;0
3898;0
3899;0
3900;0
3901;0
3902;0
3903;0
3904;0
3905;0
3906;0
3907;0
3908;0
3909;0
3910;0
3911;0
3912;0.109525703
3913;0.104310505
3914;0.104310505
3915;0.104310505
3916;0.109525703
3917;0.125171289
3918;0.292057484
3919;0.42243734
3920;0.42243734
3921;0.427652597
3922;0.365070224
3923;0.323348701
3924;0.292057484
3925;0.297272712
3926;0.292057484
3927;0.286842316
3928;0.286842316
3929;0.30248788
3930;0.375500649
3931;0.375500649
3932;0.34942466
3933;0.338994235
3934;0.245120779
3935;0.114740908
3936;0.06549187
3937;0.0623733923
3938;0.0623733923
3939;0.0623733923
3940;0.06549187
3941;0.074847281
3942;0.174638361
3943;0.252600163
3944;0.252600163
3945;0.255718648
3946;0.218296975
3947;0.193349212
3948;0.174638361
3949;0.177756846
3950;0.174638361
3951;0.171519905
3952;0.171519905
3953;0.180875316
3954;0.22453393
3955;0.22453393
3956;0.208941564
3957;0.202704623
3958;0.146572143
3959;0.0686103329
3960;0.0690823197
3961;0.0657928884
3962;0.0657928884
3963;0.0657928884
3964;0.0690823197
3965;0.0789506212
3966;0.184212536
3967;0.266448438
3968;0.266448438
3969;0.269737899
3970;0.230264649
3971;0.203949168
3972;0.184212536
3973;0.187501982
3974;0.184212536
3975;0.180923119
3976;0.180923119
3977;0.190791413
3978;0.236843526
3979;0.236843526
3980;0.220396325
3981;0.213817462
3982;0.154607639
3983;0.0723717585
3984;0.0739937797
3985;0.0704704821
3986;0.0704704821
3987;0.0704704821
3988;0.0739937797
3989;0.08456368
3990;0.1973093
3991;0.285391808
3992;0.285391808
3993;0.288915128
3994;0.246635512
3995;0.218449116
3996;0.1973093
3997;0.20083259
3998;0.1973093
3999;0.19378601
4000;0.19378601
4001;0.204355896
4002;0.253682107
4003;0.253682107
4004;0.236065596
4005;0.229019001
4006;0.165599614
4007;0.0775170922
4008;0
4009;0
4010;0
4011;0
4012;0
4013;0
4014;0
4015;0
4016;0
4017;0
4018;0
4019;0
4020;0
4021;0
4022;0
4023;0
4024;0
4025;0
4026;0
4027;0
4028;0
4029;0
4030;0
4031;0
4032;0.0415272973
4033;0.0395499282
4034;0.0395499282
4035;0.0395499282
4036;0.0415272973
4037;0.0474594086
4038;0.110735267
4039;0.160169542
4040;0.160169542
4041;0.162146911
4042;0.138418466
4043;0.122599505
4044;0.110735267
4045;0.112712637
4046;0.110735267
4047;0.108757906
4048;0.108757906
4049;0.114690013
4050;0.142373219
4051;0.142373219
4052;0.132486343
4053;0.128531605
4054;0.0929389447
4055;0.0435046703
4056;0.157691956
4057;0.15018326
4058;0.15018326
4059;0.15018326
4060;0.157691956
4061;0.180217996
4062;0.420495957
4063;0.608213127
4064;0.608213127
4065;0.615721881
4066;0.525617599
4067;0.465548098
4068;0.420495957
4069;0.428004652
4070;0.420495957
4071;0.412987292
4072;0.412987292
4073;0.435513347
4074;0.54063493
4075;0.54063493
4076;0.503091514
4077;0.488074124
4078;0.35291782
4079;0.165200636
4080;0.187939808
4081;0.178990826
4082;0.178990826
4083;0.178990826
4084;0.187939808
4085;0.214786723
4086;0.501153886
4087;0.724878192
4088;0.724878192
4089;0.733827233
4090;0.626439512
4091;0.554847717
4092;0.501153886
4093;0.510102868
4094;0.501153886
4095;0.492204934
4096;0.492204934
4097;0.51905179
4098;0.644337475
4099;0.644337475
4100;0.599592566
4101;0.581694663
4102;0.42061314
4103;0.19688879
4104;0.18585667
4105;0.177006885
4106;0.177006885
4107;0.177006885
4108;0.18585667
4109;0.212406009
4110;0.495599031
4111;0.716843545
4112;0.716843545
4113;0.725693405
4114;0.619496047
4115;0.54869777
4116;0.495599031
4117;0.504448831
4118;0.495599031
4119;0.486749291
4120;0.486749291
4121;0.513298571
4122;0.637195647
4123;0.637195647
4124;0.592946649
4125;0.575247049
4126;0.415951014
4127;0.194706455
4128;0.10117621
4129;0.0963585898
4130;0.0963585898
4131;0.0963585898
4132;0.10117621
4133;0.115629084
4134;0.269793034
4135;0.390233606
4136;0.390233606
4137;0.395051271
4138;0.337239772
4139;0.298698783
4140;0.269793034
4141;0.274610668
4142;0.269793034
4143;0.264975429
4144;0.264975429
4145;0.279428273
4146;0.346875042
4147;0.346875042
4148;0.322786897
4149;0.313151628
4150;0.226434439
4151;0.105993837
4152;0
4153;0
4154;0
4155;0
4156;0
4157;0
4158;0
4159;0
4160;0
4161;0
4162;0
4163;0
4164;0
4165;0
4166;0
4167;0
4168;0
4169;0
4170;0
4171;0
4172;0
4173;0
4174;0
4175;0
4176;0
4177;0
4178;0
4179;0
4180;0
4181;0
4182;0
4183;0
4184;0
4185;0
4186;0
4187;0
4188;0
4189;0
4190;0
4191;0
4192;0
4193;0
4194;0
4195;0
4196;0
4197;0
4198;0
4199;0
4200;0
4201;0
4202;0
4203;0
4204;0
4205;0
4206;0
4207;0
4208;0
4209;0
4210;0
4211;0
4212;0
4213;0
4214;0
4215;0
4216;0
4217;0
4218;0
4219;0
4220;0
4221;0
4222;0
4223;0
4224;0
4225;0
4226;0
4227;0
4228;0
4229;0
4230;0
4231;0
4232;0
4233;0
4234;0
4235;0
4236;0
4237;0
4238;0
4239;0
4240;0
4241;0
4242;0
4243;0
4244;0
4245;0
4246;0
4247;0
4248;0
4249;0
4250;0
4251;0
4252;0
4253;0
4254;0
4255;0
4256;0
4257;0
4258;0
4259;0
4260;0
4261;0
4262;0
4263;0
4264;0
4265;0
4266;0
4267;0
4268;0
4269;0
4270;0
4271;0
4272;0
4273;0
4274;0
4275;0
4276;0
4277;0
4278;0
4279;0
4280;0
4281;0
4282;0
4283;0
4284;0
4285;0
4286;0
4287;0
4288;0
4289;0
4290;0
4291;0
4292;0
4293;0
4294;0
4295;0
4296;0
4297;0
4298;0
4299;0
4300;0
4301;0
4302;0
4303;0
4304;0
4305;0
4306;0
4307;0
4308;0
4309;0
4310;0
4311;0
4312;0
4313;0
4314;0
4315;0
4316;0
4317;0
4318;0
4319;0
4320;0
4321;0
4322;0
4323;0
4324;0
4325;0
4326;0
4327;0
4328;0
4329;0
4330;0
4331;0
4332;0
4333;0
4334;0
4335;0
4336;0
4337;0
4338;0
4339;0
4340;0
4341;0
4342;0
4343;0
4344;0
4345;0
4346;0
4347;0
4348;0
4349;0
4350;0
4351;0
4352;0
4353;0
4354;0
4355;0
4356;0
4357;0
4358;0
4359;0
4360;0
4361;0
4362;0
4363;0
4364;0
4365;0
4366;0
4367;0
4368;0
4369;0
4370;0
4371;0
4372;0
4373;0
4374;0
4375;0
4376;0
4377;0
4378;0
4379;0
4380;0
4381;0
4382;0
4383;0
4384;0
4385;0
4386;0
4387;0
4388;0
4389;0
4390;0
4391;0
4392;0
4393;0
4394;0
4395;0
4396;0
4397;0
4398;0
4399;0
4400;0
4401;0
4402;0
4403;0
4404;0
4405;0
4406;0
4407;0
4408;0
4409;0
4410;0
4411;0
4412;0
4413;0
4414;0
4415;0
4416;0
4417;0
4418;0
4419;0
4420;0
4421;0
4422;0
4423;0
4424;0
4425;0
4426;0
4427;0
4428;0
4429;0
4430;0
4431;0
4432;0
4433;0
4434;0
4435;0
4436;0
4437;0
4438;0
4439;0
4440;0
4441;0
4442;0
4443;0
4444;0
4445;0
4446;0
4447;0
4448;0
4449;0
4450;0
4451;0
4452;0
4453;0
4454;0
4455;0
4456;0
4457;0
4458;0
4459;0
4460;0
4461;0
4462;0
4463;0
4464;0
4465;0
4466;0
4467;0
4468;0
4469;0
4470;0
4471;0
4472;0
4473;0
4474;0
4475;0
4476;0
4477;0
4478;0
4479;0
4480;0
4481;0
4482;0
4483;0
4484;0
4485;0
4486;0
4487;0
4488;0
4489;0
4490;0
4491;0
4492;0
4493;0
4494;0
4495;0
4496;0
4497;0
4498;0
4499;0
4500;0
4501;0
4502;0
4503;0
4504;0
4505;0
4506;0
4507;0
4508;0
4509;0
4510;0
4511;0
4512;0
4513;0
4514;0
4515;0
4516;0
4517;0
4518;0
4519;0
4520;0
4521;0
4522;0
4523;0
4524;0
4525;0
4526;0
4527;0
4528;0
4529;0
4530;0
4531;0
4532;0
4533;0
4534;0
4535;0
4536;0
4537;0
4538;0
4539;0
4540;0
4541;0
4542;0
4543;0
4544;0
4545;0
4546;0
4547;0
4548;0
4549;0
4550;0
4551;0
4552;0
4553;0
4554;0
4555;0
4556;0
4557;0
4558;0
4559;0
4560;0
4561;0
4562;0
4563;0
4564;0
4565;0
4566;0
4567;0
4568;0
4569;0
4570;0
4571;0
4572;0
4573;0
4574;0
4575;0
4576;0
4577;0
4578;0
4579;0
4580;0
4581;0
4582;0
4583;0
4584;0.023642784
4585;0.0225170031
4586;0.0225170031
4587;0.0225170031
4588;0.023642784
4589;0.0270201191
4590;0.0630450398
4591;0.0911895037
4592;0.0911895037
4593;0.0923152938
4594;0.0788059458
4595;0.0697997138
4596;0.0630450398
4597;0.0641708151
4598;0.0630450398
4599;0.0619192645
4600;0.0619192645
4601;0.0652965978
4602;0.0810575038
4603;0.0810575038
4604;0.0754286051
4605;0.0731770471
4606;0.0529130362
4607;0.0247685649
4608;0.0693532974
4609;0.0660509542
4610;0.0660509542
4611;0.0660509542
4612;0.0693532974
4613;0.0792603046
4614;0.184935123
4615;0.267493606
4616;0.267493606
4617;0.270795941
4618;0.231167868
4619;0.204749167
4620;0.184935123
4621;0.188237458
4622;0.184935123
4623;0.181632802
4624;0.181632802
4625;0.191539809
4626;0.237772554
4627;0.237772554
4628;0.221260846
4629;0.214656174
4630;0.155214101
4631;0.0726556331
4632;0.0734179616
4633;0.0699220747
4634;0.0699220747
4635;0.0699220747
4636;0.0734179616
4637;0.0839056
4638;0.195773825
4639;0.283170879
4640;0.283170879
4641;0.286666751
4642;0.244716167
4643;0.216749117
4644;0.195773825
4645;0.199269697
4646;0.195773825
4647;0.192277938
4648;0.192277938
4649;0.202765584
4650;0.251707941
4651;0.251707941
4652;0.234228522
4653;0.227236763
4654;0.164310902
4655;0.0769138411
4656;0.0837828442
4657;0.0797934234
4658;0.0797934234
4659;0.0797934234
4660;0.0837828442
4661;0.0957510993
4662;0.223412469
4663;0.323147923
4664;0.323147923
4665;0.327137351
4666;0.279264331
4667;0.247348979
4668;0.223412469
4669;0.227401882
4670;0.223412469
4671;0.219423071
4672;0.219423071
4673;0.231391311
4674;0.287243158
4675;0.287243158
4676;0.267296076
4677;0.259317219
4678;0.187507719
4679;0.0877722651
4680;0.0998382568
4681;0.0950843394
4682;0.0950843394
4683;0.0950843394
4684;0.0998382568
4685;0.114100009
4686;0.266225278
4687;0.385073185
4688;0.385073185
4689;0.389827132
4690;0.332780123
4691;0.294748813
4692;0.266225278
4693;0.270979226
4694;0.266225278
4695;0.261471391
4696;0.261471391
4697;0.275733113
4698;0.342287958
4699;0.342287958
4700;0.31851837
4701;0.309010535
4702;0.223440081
4703;0.104592182
4704;0.104834408
4705;0.0998425931
4706;0.0998425931
4707;0.0998425931
4708;0.104834408
4709;0.119809844
4710;0.27954784
4711;0.404343158
4712;0.404343158
4713;0.409334987
4714;0.349433213
4715;0.309498757
4716;0.27954784
4717;0.28453967
4718;0.27954784
4719;0.274556071
4720;0.274556071
4721;0.289531469
4722;0.359416872
4723;0.359416872
4724;0.334457785
4725;0.324474156
4726;0.234621555
4727;0.109826222
4728;0.0675242022
4729;0.0643089488
4730;0.0643089488
4731;0.0643089488
4732;0.0675242022
4733;0.0771699324
4734;0.180057704
4735;0.2604388
4736;0.2604388
4737;0.263654053
4738;0.225071132
4739;0.19934918
4740;0.180057704
4741;0.183272958
4742;0.180057704
4743;0.176842481
4744;0.176842481
4745;0.186488211
4746;0.231501624
4747;0.231501624
4748;0.215425402
4749;0.20899491
4750;0.151120543
4751;0.0707394406
4752;0
4753;0
4754;0
4755;0
4756;0
4757;0
4758;0
4759;0
4760;0
4761;0
4762;0
4763;0
4764;0
4765;0
4766;0
4767;0
4768;0
4769;0
4770;0
4771;0
4772;0
4773;0
4774;0
4775;0
4776;0
4777;0
4778;0
4779;0
4780;0
4781;0
4782;0
4783;0
4784;0
4785;0
4786;0
4787;0
4788;0
4789;0
4790;0
4791;0
4792;0
4793;0
4794;0
4795;0
4796;0
4797;0
4798;0
4799;0
4800;0.062426433
4801;0.059453927
4802;0.059453927
4803;0.059453927
4804;0.062426433
4805;0.0713439584
4806;0.166464195
4807;0.240776882
4808;0.240776882
4809;0.24374941
4810;0.208079293
4811;0.184299245
4812;0.166464195
4813;0.169436708
4814;0.166464195
4815;0.163491696
4816;0.163491696
4817;0.172409207
4818;0.21402432
4819;0.21402432
4820;0.199161768
4821;0.193216771
4822;0.139711633
4823;0.065398939
4824;0.0957397223
4825;0.0911809653
4826;0.0911809653
4827;0.0911809653
4828;0.0957397223
4829;0.109416001
4830;0.25529629
4831;0.369265258
4832;0.369265258
4833;0.37382403
4834;0.319118917
4835;0.282648832
4836;0.25529629
4837;0.259855032
4838;0.25529629
4839;0.250737548
4840;0.250737548
4841;0.264413774
4842;0.328236461
4843;0.328236461
4844;0.305442631
4845;0.296325117
4846;0.214267477
4847;0.100298487
4848;0.0839691386
4849;0.0799708515
4850;0.0799708515
4851;0.0799708515
4852;0.0839691386
4853;0.0959640071
4854;0.223909244
4855;0.323866457
4856;0.323866457
4857;0.327864766
4858;0.279885292
4859;0.247898981
4860;0.223909244
4861;0.227907538
4862;0.223909244
4863;0.219910964
4864;0.219910964
4865;0.231905818
4866;0.287881881
4867;0.287881881
4868;0.267890424
4869;0.259893835
4870;0.187924668
4871;0.087967433
4872;0
4873;0
4874;0
4875;0
4876;0
4877;0
4878;0
4879;0
4880;0
4881;0
4882;0
4883;0
4884;0
4885;0
4886;0
4887;0
4888;0
4889;0
4890;0
4891;0
4892;0
4893;0
4894;0
4895;0
4896;0
4897;0
4898;0
4899;0
4900;0
4901;0
4902;0
4903;0
4904;0
4905;0
4906;0
4907;0
4908;0
4909;0
4910;0
4911;0
4912;0
4913;0
4914;0
4915;0
4916;0
4917;0
4918;0
4919;0
4920;0
4921;0
4922;0
4923;0
4924;0
4925;0
4926;0
4927;0
4928;0
4929;0
4930;0
4931;0
4932;0
4933;0
4934;0
4935;0
4936;0
4937;0
4938;0
4939;0
4940;0
4941;0
4942;0
4943;0
4944;0
4945;0
4946;0
4947;0
4948;0
4949;0
4950;0
4951;0
4952;0
4953;0
4954;0
4955;0
4956;0
4957;0
4958;0
4959;0
4960;0
4961;0
4962;0
4963;0
4964;0
4965;0
4966;0
4967;0
4968;0
4969;0
4970;0
4971;0
4972;0
4973;0
4974;0
4975;0
4976;0
4977;0
4978;0
4979;0
4980;0
4981;0
4982;0
4983;0
4984;0
4985;0
4986;0
4987;0
4988;0
4989;0
4990;0
4991;0
4992;0
4993;0
4994;0
4995;0
4996;0
4997;0
4998;0
4999;0
5000;0
5001;0
5002;0
5003;0
5004;0
5005;0
5006;0
5007;0
5008;0
5009;0
5010;0
5011;0
5012;0
5013;0
5014;0
5015;0
5016;0
5017;0
5018;0
5019;0
5020;0
5021;0
5022;0
5023;0
5024;0
5025;0
5026;0
5027;0
5028;0
5029;0
5030;0
5031;0
5032;0
5033;0
5034;0
5035;0
5036;0
5037;0
5038;0
5039;0
5040;0.0190192312
5041;0.0181136075
5042;0.0181136075
5043;0.0181136075
5044;0.0190192312
5045;0.0217360985
5046;0.0507160313
5047;0.0733566061
5048;0.0733566061
5049;0.0742622316
5050;0.0633947551
5051;0.0561497733
5052;0.0507160313
5053;0.0516216531
5054;0.0507160313
5055;0.0498104095
5056;0.0498104095
5057;0.0525272787
5058;0.0652059987
5059;0.0652059987
5060;0.0606778823
5061;0.0588666387
5062;0.0425654314
5063;0.0199248549
5064;0.0434072055
5065;0.0413403176
5066;0.0413403176
5067;0.0413403176
5068;0.0434072055
5069;0.0496078581
5070;0.11574816
5071;0.167420268
5072;0.167420268
5073;0.169487163
5074;0.144684553
5075;0.12814948
5076;0.11574816
5077;0.117815048
5078;0.11574816
5079;0.113681287
5080;0.113681287
5081;0.119881935
5082;0.148818329
5083;0.148818329
5084;0.138483897
5085;0.134350121
5086;0.0971462131
5087;0.0454740897
5088;0
5089;0
5090;0
5091;0
5092;0
5093;0
5094;0
5095;0
5096;0
5097;0
5098;0
5099;0
5100;0
5101;0
5102;0
5103;0
5104;0
5105;0
5106;0
5107;0
5108;0
5109;0
5110;0
5111;0
5112;0
5113;0
5114;0
5115;0
5116;0
5117;0
5118;0
5119;0
5120;0
5121;0
5122;0
5123;0
5124;0
5125;0
5126;0
5127;0
5128;0
5129;0
5130;0
5131;0
5132;0
5133;0
5134;0
5135;0
5136;0
5137;0
5138;0
5139;0
5140;0
5141;0
5142;0
5143;0
5144;0
5145;0
5146;0
5147;0
5148;0
5149;0
5150;0
5151;0
5152;0
5153;0
5154;0
5155;0
5156;0
5157;0
5158;0
5159;0
5160;0
5161;0
5162;0
5163;0
5164;0
5165;0
5166;0
5167;0
5168;0
5169;0
5170;0
5171;0
5172;0
5173;0
5174;0
5175;0
5176;0
5177;0
5178;0
5179;0
5180;0
5181;0
5182;0
5183;0
5184;0
5185;0
5186;0
5187;0
5188;0
5189;0
5190;0
5191;0
5192;0
5193;0
5194;0
5195;0
5196;0
5197;0
5198;0
5199;0
5200;0
5201;0
5202;0
5203;0
5204;0
5205;0
5206;0
5207;0
5208;0
5209;0
5210;0
5211;0
5212;0
5213;0
5214;0
5215;0
5216;0
5217;0
5218;0
5219;0
5220;0
5221;0
5222;0
5223;0
5224;0
5225;0
5226;0
5227;0
5228;0
5229;0
5230;0
5231;0
5232;0
5233;0
5234;0
5235;0
5236;0
5237;0
5238;0
5239;0
5240;0
5241;0
5242;0
5243;0
5244;0
5245;0
5246;0
5247;0
5248;0
5249;0
5250;0
5251;0
5252;0
5253;0
5254;0
5255;0
5256;0
5257;0
5258;0
5259;0
5260;0
5261;0
5262;0
5263;0
5264;0
5265;0
5266;0
5267;0
5268;0
5269;0
5270;0
5271;0
5272;0
5273;0
5274;0
5275;0
5276;0
5277;0
5278;0
5279;0
5280;0
5281;0
5282;0
5283;0
5284;0
5285;0
5286;0
5287;0
5288;0
5289;0
5290;0
5291;0
5292;0
5293;0
5294;0
5295;0
5296;0
5297;0
5298;0
5299;0
5300;0
5301;0
5302;0
5303;0
5304;0
5305;0
5306;0
5307;0
5308;0
5309;0
5310;0
5311;0
5312;0
5313;0
5314;0
5315;0
5316;0
5317;0
5318;0
5319;0
5320;0
5321;0
5322;0
5323;0
5324;0
5325;0
5326;0
5327;0
5328;0
5329;0
5330;0
5331;0
5332;0
5333;0
5334;0
5335;0
5336;0
5337;0
5338;0
5339;0
5340;0
5341;0
5342;0
5343;0
5344;0
5345;0
5346;0
5347;0
5348;0
5349;0
5350;0
5351;0
5352;0
5353;0
5354;0
5355;0
5356;0
5357;0
5358;0
5359;0
5360;0
5361;0
5362;0
5363;0
5364;0
5365;0
5366;0
5367;0
5368;0
5369;0
5370;0
5371;0
5372;0
5373;0
5374;0
5375;0
5376;0
5377;0
5378;0
5379;0
5380;0
5381;0
5382;0
5383;0
5384;0
5385;0
5386;0
5387;0
5388;0
5389;0
5390;0
5391;0
5392;0
5393;0
5394;0
5395;0
5396;0
5397;0
5398;0
5399;0
5400;0
5401;0
5402;0
5403;0
5404;0
5405;0
5406;0
5407;0
5408;0
5409;0
5410;0
5411;0
5412;0
5413;0
5414;0
5415;0
5416;0
5417;0
5418;0
5419;0
5420;0
5421;0
5422;0
5423;0
5424;0
5425;0
5426;0
5427;0
5428;0
5429;0
5430;0
5431;0
5432;0
5433;0
5434;0
5435;0
5436;0
5437;0
5438;0
5439;0
5440;0
5441;0
5442;0
5443;0
5444;0
5445;0
5446;0
5447;0
5448;0
5449;0
5450;0
5451;0
5452;0
5453;0
5454;0
5455;0
5456;0
5457;0
5458;0
5459;0
5460;0
5461;0
5462;0
5463;0
5464;0
5465;0
5466;0
5467;0
5468;0
5469;0
5470;0
5471;0
5472;0
5473;0
5474;0
5475;0
5476;0
5477;0
5478;0
5479;0
5480;0
5481;0
5482;0
5483;0
5484;0
5485;0
5486;0
5487;0
5488;0
5489;0
5490;0
5491;0
5492;0
5493;0
5494;0
5495;0
5496;0
5497;0
5498;0
5499;0
5500;0
5501;0
5502;0
5503;0
5504;0
5505;0
5506;0
5507;0
5508;0
5509;0
5510;0
5511;0
5512;0
5513;0
5514;0
5515;0
5516;0
5517;0
5518;0
5519;0
5520;0
5521;0
5522;0
5523;0
5524;0
5525;0
5526;0
5527;0
5528;0
5529;0
5530;0
5531;0
5532;0
5533;0
5534;0
5535;0
5536;0
5537;0
5538;0
5539;0
5540;0
5541;0
5542;0
5543;0
5544;0
5545;0
5546;0
5547;0
5548;0
5549;0
5550;0
5551;0
5552;0
5553;0
5554;0
5555;0
5556;0
5557;0
5558;0
5559;0
5560;0
5561;0
5562;0
5563;0
5564;0
5565;0
5566;0
5567;0
5568;0
5569;0
5570;0
5571;0
5572;0
5573;0
5574;0
5575;0
5576;0
5577;0
5578;0
5579;0
5580;0
5581;0
5582;0
5583;0
5584;0
5585;0
5586;0
5587;0
5588;0
5589;0
5590;0
5591;0
5592;0
5593;0
5594;0
5595;0
5596;0
5597;0
5598;0
5599;0
5600;0
5601;0
5602;0
5603;0
5604;0
5605;0
5606;0
5607;0
5608;0
5609;0
5610;0
5611;0
5612;0
5613;0
5614;0
5615;0
5616;0
5617;0
5618;0
5619;0
5620;0
5621;0
5622;0
5623;0
5624;0
5625;0
5626;0
5627;0
5628;0
5629;0
5630;0
5631;0
5632;0
5633;0
5634;0
5635;0
5636;0
5637;0
5638;0
5639;0
5640;0
5641;0
5642;0
5643;0
5644;0
5645;0
5646;0
5647;0
5648;0
5649;0
5650;0
5651;0
5652;0
5653;0
5654;0
5655;0
5656;0
5657;0
5658;0
5659;0
5660;0
5661;0
5662;0
5663;0
5664;0
5665;0
5666;0
5667;0
5668;0
5669;0
5670;0
5671;0
5672;0
5673;0
5674;0
5675;0
5676;0
5677;0
5678;0
5679;0
5680;0
5681;0
5682;0
5683;0
5684;0
5685;0
5686;0
5687;0
5688;0
5689;0
5690;0
5691;0
5692;0
5693;0
5694;0
5695;0
5696;0
5697;0
5698;0
5699;0
5700;0
5701;0
5702;0
5703;0
5704;0
5705;0
5706;0
5707;0
5708;0
5709;0
5710;0
5711;0
5712;0
5713;0
5714;0
5715;0
5716;0
5717;0
5718;0
5719;0
5720;0
5721;0
5722;0
5723;0
5724;0
5725;0
5726;0
5727;0
5728;0
5729;0
5730;0
5731;0
5732;0
5733;0
5734;0
5735;0
5736;0
5737;0
5738;0
5739;0
5740;0
5741;0
5742;0
5743;0
5744;0
5745;0
5746;0
5747;0
5748;0
5749;0
5750;0
5751;0
5752;0
5753;0
5754;0
5755;0
5756;0
5757;0
5758;0
5759;0
5760;0
5761;0
5762;0
5763;0
5764;0
5765;0
5766;0
5767;0
5768;0
5769;0
5770;0
5771;0
5772;0
5773;0
5774;0
5775;0
5776;0
5777;0
5778;0
5779;0
5780;0
5781;0
5782;0
5783;0
5784;0.0576673932
5785;0.0549214892
5786;0.0549214892
5787;0.0549214892
5788;0.0576673932
5789;0.0659050867
5790;0.153773889
5791;0.222421408
5792;0.222421408
5793;0.225167319
5794;0.192216501
5795;0.170249298
5796;0.153773889
5797;0.156519786
5798;0.153773889
5799;0.151028007
5800;0.151028007
5801;0.159265697
5802;0.197708309
5803;0.197708309
5804;0.183978811
5805;0.178487003
5806;0.129060805
5807;0.0604132973
5808;0
5809;0
5810;0
5811;0
5812;0
5813;0
5814;0
5815;0
5816;0
5817;0
5818;0
5819;0
5820;0
5821;0
5822;0
5823;0
5824;0
5825;0
5826;0
5827;0
5828;0
5829;0
5830;0
5831;0
5832;0
5833;0
5834;0
5835;0
5836;0
5837;0
5838;0
5839;0
5840;0
5841;0
5842;0
5843;0
5844;0
5845;0
5846;0
5847;0
5848;0
5849;0
5850;0
5851;0
5852;0
5853;0
5854;0
5855;0
5856;0.0879829973
5857;0.0837935805
5858;0.0837935805
5859;0.0837935805
5860;0.0879829973
5861;0.100551233
5862;0.234612435
5863;0.33934778
5864;0.33934778
5865;0.343537211
5866;0.29326424
5867;0.259748936
5868;0.234612435
5869;0.238801867
5870;0.234612435
5871;0.230423048
5872;0.230423048
5873;0.242991269
5874;0.301643074
5875;0.301643074
5876;0.280695975
5877;0.272317171
5878;0.196907744
5879;0.0921724066
5880;0.101565741
5881;0.0967295691
5882;0.0967295691
5883;0.0967295691
5884;0.101565741
5885;0.116074249
5886;0.270831734
5887;0.391736031
5888;0.391736031
5889;0.396572202
5890;0.33853814
5891;0.299848795
5892;0.270831734
5893;0.275667906
5894;0.270831734
5895;0.265995562
5896;0.265995562
5897;0.280504078
5898;0.348210484
5899;0.348210484
5900;0.324029624
5901;0.314357281
5902;0.227306217
5903;0.106401913
5904;0.0398167521
5905;0.0379208289
5906;0.0379208289
5907;0.0379208289
5908;0.0398167521
5909;0.0455045141
5910;0.106173985
5911;0.153572023
5912;0.153572023
5913;0.155467942
5914;0.132716894
5915;0.117549524
5916;0.106173985
5917;0.108069912
5918;0.106173985
5919;0.104278073
5920;0.104278073
5921;0.109965831
5922;0.136508733
5923;0.136508733
5924;0.127029121
5925;0.123237275
5926;0.0891107023
5927;0.0417126715
5928;0
5929;0
5930;0
5931;0
5932;0
5933;0
5934;0
5935;0
5936;0
5937;0
5938;0
5939;0
5940;0
5941;0
5942;0
5943;0
5944;0
5945;0
5946;0
5947;0
5948;0
5949;0
5950;0
5951;0
5952;0
5953;0
5954;0
5955;0
5956;0
5957;0
5958;0
5959;0
5960;0
5961;0
5962;0
5963;0
5964;0
5965;0
5966;0
5967;0
5968;0
5969;0
5970;0
5971;0
5972;0
5973;0
5974;0
5975;0
5976;0.0303494763
5977;0.0289043505
5978;0.0289043505
5979;0.0289043505
5980;0.0303494763
5981;0.0346848518
5982;0.080928877
5983;0.117057025
5984;0.117057025
5985;0.118502155
5986;0.101160638
5987;0.0895996317
5988;0.080928877
5989;0.0823739991
5990;0.080928877
5991;0.0794837549
5992;0.0794837549
5993;0.0838191286
5994;0.104050897
5995;0.104050897
5996;0.0968252569
5997;0.0939350054
5998;0.0679227561
5999;0.0317946039
6000;0.143821284
6001;0.136973068
6002;0.136973068
6003;0.136973068
6004;0.143821284
6005;0.164365932
6006;0.38350895
6007;0.554714441
6008;0.554714441
6009;0.561562598
6010;0.479384005
6011;0.424598277
6012;0.38350895
6013;0.390357137
6014;0.38350895
6015;0.376660734
6016;0.376660734
6017;0.397205383
6018;0.493080437
6019;0.493080437
6020;0.458839357
6021;0.445142925
6022;0.321875006
6023;0.150669515
6024;0.142534152
6025;0.135747209
6026;0.135747209
6027;0.135747209
6028;0.142534152
6029;0.162894934
6030;0.380076677
6031;0.549749911
6032;0.549749911
6033;0.556536853
6034;0.475093722
6035;0.420798272
6036;0.380076677
6037;0.386863619
6038;0.380076677
6039;0.373289764
6040;0.373289764
6041;0.393650532
6042;0.488667578
6043;0.488667578
6044;0.454732925
6045;0.44115907
6046;0.318994343
6047;0.149321079
6048;0.114200063
6049;0.108762294
6050;0.108762294
6051;0.108762294
6052;0.114200063
6053;0.13051337
6054;0.304522008
6055;0.440466225
6056;0.440466225
6057;0.445904016
6058;0.380650789
6059;0.337148607
6060;0.304522008
6061;0.309959739
6062;0.304522008
6063;0.299084216
6064;0.299084216
6065;0.315397531
6066;0.391526341
6067;0.391526341
6068;0.364337474
6069;0.353461921
6070;0.255582094
6071;0.119637839
6072;0.0816150308
6073;0.0777288303
6074;0.0777288303
6075;0.0777288303
6076;0.0816150308
6077;0.0932736024
6078;0.217631832
6079;0.314786702
6080;0.314786702
6081;0.318672925
6082;0.272038579
6083;0.24094902
6084;0.217631832
6085;0.22151804
6086;0.217631832
6087;0.213745654
6088;0.213745654
6089;0.225404233
6090;0.279810965
6091;0.279810965
6092;0.26037997
6093;0.252607584
6094;0.182656094
6095;0.0855012238
6096;0.0839013979
6097;0.079906337
6098;0.079906337
6099;0.079906337
6100;0.0839013979
6101;0.0958865806
6102;0.223728597
6103;0.32360515
6104;0.32360515
6105;0.327600241
6106;0.27965948
6107;0.247698992
6108;0.223728597
6109;0.227723658
6110;0.223728597
6111;0.219733551
6112;0.219733551
6113;0.231718734
6114;0.287649632
6115;0.287649632
6116;0.267674297
6117;0.259684175
6118;0.187773034
6119;0.0878964588
6120;0.0975518897
6121;0.0929068401
6122;0.0929068401
6123;0.0929068401
6124;0.0975518897
6125;0.111487031
6126;0.260128528
6127;0.376254708
6128;0.376254708
6129;0.380899787
6130;0.325159222
6131;0.287998796
6132;0.260128528
6133;0.264773577
6134;0.260128528
6135;0.255483508
6136;0.255483508
6137;0.269418627
6138;0.334449321
6139;0.334449321
6140;0.311224073
6141;0.301933974
6142;0.218323126
6143;0.102196939
6144;0.19484973
6145;0.18557173
6146;0.18557173
6147;0.18557173
6148;0.19484973
6149;0.222683713
6150;0.519579649
6151;0.751529574
6152;0.751529574
6153;0.760807633
6154;0.649471641
6155;0.575247705
6156;0.519579649
6157;0.528857648
6158;0.519579649
6159;0.51030165
6160;0.51030165
6161;0.538135648
6162;0.668027639
6163;0.668027639
6164;0.621637642
6165;0.603081584
6166;0.436077684
6167;0.204127729
6168;0.207162276
6169;0.19729799
6170;0.19729799
6171;0.19729799
6172;0.207162276
6173;0.236755088
6174;0.552411795
6175;0.799018681
6176;0.799018681
6177;0.808883011
6178;0.690511703
6179;0.611597478
6180;0.552411795
6181;0.562276125
6182;0.552411795
6183;0.542547584
6184;0.542547584
6185;0.572140396
6186;0.710240245
6187;0.710240245
6188;0.660918832
6189;0.64119029
6190;0.463633418
6191;0.217026547
6192;0.249434754
6193;0.237557635
6194;0.237557635
6195;0.237557635
6196;0.249434754
6197;0.285066128
6198;0.665134192
6199;0.962062359
6200;0.962062359
6201;0.973939598
6202;0.831413984
6203;0.736396968
6204;0.665134192
6205;0.677011371
6206;0.665134192
6207;0.653257132
6208;0.653257132
6209;0.68888849
6210;0.855168283
6211;0.855168283
6212;0.795782566
6213;0.772028327
6214;0.558240116
6215;0.261311889
6216;0.222066045
6217;0.211492091
6218;0.211492091
6219;0.211492091
6220;0.222066045
6221;0.253787816
6222;0.592153668
6223;0.856501997
6224;0.856501997
6225;0.86707598
6226;0.740188777
6227;0.655597329
6228;0.592153668
6229;0.602727592
6230;0.592153668
6231;0.581579745
6232;0.581579745
6233;0.613301575
6234;0.761336684
6235;0.761336684
6236;0.708467007
6237;0.6873191
6238;0.496988356
6239;0.232639968
6240;0.398184448
6241;0.37922442
6242;0.37922442
6243;0.37922442
6244;0.398184448
6245;0.455064476
6246;1.06178498
6247;1.53578556
6248;1.53578556
6249;1.55474555
6250;1.32722533
6251;1.17554522
6252;1.06178498
6253;1.0807451
6254;1.06178498
6255;1.0428251
6256;1.0428251
6257;1.0997051
6258;1.36514544
6259;1.36514544
6260;1.27034521
6261;1.23242521
6262;0.891144931
6263;0.417144477
6264;0.272789657
6265;0.259800404
6266;0.259800404
6267;0.259800404
6268;0.272789657
6269;0.311757207
6270;0.727411509
6271;1.05214131
6272;1.05214131
6273;1.06513059
6274;0.909260273
6275;0.805346727
6276;0.727411509
6277;0.740400672
6278;0.727411509
6279;0.714422345
6280;0.714422345
6281;0.753389895
6282;0.935238719
6283;0.935238719
6284;0.870292664
6285;0.844314277
6286;0.6105088
6287;0.28577885
6288;0.18687284
6289;0.177974671
6290;0.177974671
6291;0.177974671
6292;0.18687284
6293;0.213567331
6294;0.498308718
6295;0.720762968
6296;0.720762968
6297;0.729661107
6298;0.622883141
6299;0.551697731
6300;0.498308718
6301;0.507206857
6302;0.498308718
6303;0.489410579
6304;0.489410579
6305;0.516105056
6306;0.640679419
6307;0.640679419
6308;0.596188605
6309;0.578392208
6310;0.418225229
6311;0.195771009
6312;0.152441755
6313;0.145183057
6314;0.145183057
6315;0.145183057
6316;0.152441755
6317;0.174217835
6318;0.406495959
6319;0.587963343
6320;0.587963343
6321;0.595222056
6322;0.508117735
6323;0.450048149
6324;0.406495959
6325;0.413754672
6326;0.406495959
6327;0.399237335
6328;0.399237335
6329;0.421013355
6330;0.522635043
6331;0.522635043
6332;0.486341625
6333;0.471824229
6334;0.341167778
6335;0.159700453
6336;0.0993979201
6337;0.0946649686
6338;0.0946649686
6339;0.0946649686
6340;0.0993979201
6341;0.113596767
6342;0.265051097
6343;0.38337478
6344;0.38337478
6345;0.388107747
6346;0.331312388
6347;0.293448806
6348;0.265051097
6349;0.269784063
6350;0.265051097
6351;0.26031819
6352;0.26031819
6353;0.274517
6354;0.340778291
6355;0.340778291
6356;0.317113519
6357;0.307647645
6358;0.222454593
6359;0.104130872
6360;0.1144033
6361;0.108955845
6362;0.108955845
6363;0.108955845
6364;0.1144033
6365;0.130745634
6366;0.305063933
6367;0.441250086
6368;0.441250086
6369;0.446697563
6370;0.381328195
6371;0.337748617
6372;0.305063933
6373;0.31051138
6374;0.305063933
6375;0.299616486
6376;0.299616486
6377;0.315958828
6378;0.39222309
6379;0.39222309
6380;0.364985853
6381;0.354090929
6382;0.256036937
6383;0.119850747
6384;0.120872885
6385;0.115117379
6386;0.115117379
6387;0.115117379
6388;0.120872885
6389;0.138139382
6390;0.322315484
6391;0.466203094
6392;0.466203094
6393;0.471958607
6394;0.40289259
6395;0.356848538
6396;0.322315484
6397;0.328071028
6398;0.322315484
6399;0.31656003
6400;0.31656003
6401;0.333826512
6402;0.414403588
6403;0.414403588
6404;0.385626048
6405;0.37411505
6406;0.270515978
6407;0.126628399
6408;0.102802075
6409;0.0979070365
6410;0.0979070365
6411;0.0979070365
6412;0.102802075
6413;0.1174872
6414;0.274128497
6415;0.396504521
6416;0.396504521
6417;0.401399583
6418;0.342659086
6419;0.303498745
6420;0.274128497
6421;0.279023528
6422;0.274128497
6423;0.269233495
6424;0.269233495
6425;0.283918589
6426;0.352449179
6427;0.352449179
6428;0.327973962
6429;0.318183869
6430;0.230073154
6431;0.107697122
6432;0.116960645
6433;0.111391425
6434;0.111391425
6435;0.111391425
6436;0.116960645
6437;0.133668303
6438;0.311883271
6439;0.451113701
6440;0.451113701
6441;0.45668295
6442;0.389852315
6443;0.345298588
6444;0.311883271
6445;0.31745249
6446;0.311883271
6447;0.306314051
6448;0.306314051
6449;0.32302171
6450;0.400990784
6451;0.400990784
6452;0.373144686
6453;0.362006217
6454;0.261760324
6455;0.122529872
6456;0.118823618
6457;0.113165684
6458;0.113165684
6459;0.113165684
6460;0.118823618
6461;0.135797396
6462;0.31685099
6463;0.45829913
6464;0.45829913
6465;0.463957101
6466;0.396061987
6467;0.350798547
6468;0.31685099
6469;0.322508901
6470;0.31685099
6471;0.311193079
6472;0.311193079
6473;0.328166842
6474;0.407377839
6475;0.407377839
6476;0.379088193
6477;0.367772341
6478;0.265929699
6479;0.124481544
6480;0.0488267504
6481;0.0465018079
6482;0.0465018079
6483;0.0465018079
6484;0.0488267504
6485;0.0558015779
6486;0.13019976
6487;0.188323319
6488;0.188323319
6489;0.190648273
6490;0.162748948
6491;0.144149408
6492;0.13019976
6493;0.132524684
6494;0.13019976
6495;0.127874821
6496;0.127874821
6497;0.134849638
6498;0.16739884
6499;0.16739884
6500;0.155774131
6501;0.151124239
6502;0.109275267
6503;0.0511516966
6504;0.0319245309
6505;0.0304044075
6506;0.0304044075
6507;0.0304044075
6508;0.0319245309
6509;0.0364849046
6510;0.0851288661
6511;0.123131968
6512;0.123131968
6513;0.124652095
6514;0.106410608
6515;0.094249621
6516;0.0851288661
6517;0.0866489932
6518;0.0851288661
6519;0.0836087465
6520;0.0836087465
6521;0.0881691128
6522;0.109450862
6523;0.109450862
6524;0.101850234
6525;0.0988099799
6526;0.0714477599
6527;0.0334446579
6528;0.175322413
6529;0.166974232
6530;0.166974232
6531;0.166974232
6532;0.175322413
6533;0.200366959
6534;0.467508763
6535;0.676213324
6536;0.676213324
6537;0.684561551
6538;0.584383368
6539;0.517597914
6540;0.467508763
6541;0.47585696
6542;0.467508763
6543;0.459160626
6544;0.459160626
6545;0.484205127
6546;0.601079702
6547;0.601079702
6548;0.559338808
6549;0.542642415
6550;0.392375171
6551;0.18367061
6552;0.387108237
6553;0.368675619
6554;0.368675619
6555;0.368675619
6556;0.387108237
6557;0.442406058
6558;1.03224969
6559;1.493065
6560;1.493065
6561;1.51149762
6562;1.29030633
6563;1.14284539
6564;1.03224969
6565;1.05068231
6566;1.03224969
6567;1.01381707
6568;1.01381707
6569;1.06911492
6570;1.32717156
6571;1.32717156
6572;1.23500836
6573;1.19814312
6574;0.866356194
6575;0.405540854
6576;0.308389276
6577;0.293704957
6578;0.293704957
6579;0.293704957
6580;0.308389276
6581;0.352442235
6582;0.82234031
6583;1.18944824
6584;1.18944824
6585;1.20413268
6586;1.02792072
6587;0.910446286
6588;0.82234031
6589;0.837024629
6590;0.82234031
6591;0.80765605
6592;0.80765605
6593;0.851709008
6594;1.05728948
6595;1.05728948
6596;0.983867884
6597;0.954499185
6598;0.690181553
6599;0.323073596
6600;0.177913651
6601;0.169442073
6602;0.169442073
6603;0.169442073
6604;0.177913651
6605;0.203328341
6606;0.474418432
6607;0.686207592
6608;0.686207592
6609;0.694679201
6610;0.59302038
6611;0.525247872
6612;0.474418432
6613;0.48289001
6614;0.474418432
6615;0.465946913
6616;0.465946913
6617;0.491361558
6618;0.609963477
6619;0.609963477
6620;0.567605674
6621;0.550662518
6622;0.398174375
6623;0.186385214
6624;0.123464115
6625;0.117585219
6626;0.117585219
6627;0.117585219
6628;0.123464115
6629;0.141100764
6630;0.329225153
6631;0.476197362
6632;0.476197362
6633;0.482076257
6634;0.411529601
6635;0.364498496
6636;0.329225153
6637;0.335104078
6638;0.329225153
6639;0.323346317
6640;0.323346317
6641;0.340982944
6642;0.423287392
6643;0.423287392
6644;0.393892944
6645;0.382135153
6646;0.276315212
6647;0.129343003
6648;0.243998274
6649;0.232380003
6650;0.232380003
6651;0.232380003
6652;0.243998274
6653;0.278853059
6654;0.650637448
6655;0.941093981
6656;0.941093981
6657;0.952712357
6658;0.813293159
6659;0.720347047
6660;0.650637448
6661;0.662255764
6662;0.650637448
6663;0.639019251
6664;0.639019251
6665;0.673873961
6666;0.836529732
6667;0.836529732
6668;0.77843833
6669;0.755201757
6670;0.546073139
6671;0.255616546
6672;0.193969056
6673;0.184732988
6674;0.184732988
6675;0.184732988
6676;0.193969056
6677;0.221677244
6678;0.517231286
6679;0.748132825
6680;0.748132825
6681;0.757368982
6682;0.646536171
6683;0.572647631
6684;0.517231286
6685;0.526467323
6686;0.517231286
6687;0.507995248
6688;0.507995248
6689;0.535703361
6690;0.665008307
6691;0.665008307
6692;0.618827939
6693;0.600355864
6694;0.434106708
6695;0.203205124
6696;0.202454045
6697;0.192813948
6698;0.192813948
6699;0.192813948
6700;0.202454045
6701;0.231374279
6702;0.53985697
6703;0.780859113
6704;0.780859113
6705;0.79049927
6706;0.674818218
6707;0.597697556
6708;0.53985697
6709;0.549497128
6710;0.53985697
6711;0.530216992
6712;0.530216992
6713;0.559137225
6714;0.694098473
6715;0.694098473
6716;0.645897925
6717;0.626617789
6718;0.453096271
6719;0.212094128
6720;0.253533304
6721;0.241460994
6722;0.241460994
6723;0.241460994
6724;0.253533304
6725;0.289750129
6726;0.67606324
6727;0.977870286
6728;0.977870286
6729;0.98994261
6730;0.84507519
6731;0.74849695
6732;0.67606324
6733;0.688135505
6734;0.67606324
6735;0.663990974
6736;0.663990974
6737;0.70020777
6738;0.86921978
6739;0.86921978
6740;0.808858335
6741;0.784713745
6742;0.567412734
6743;0.265605599
6744;0.248791188
6745;0.236944705
6746;0.236944705
6747;0.236944705
6748;0.248791188
6749;0.284330636
6750;0.663418114
6751;0.959580123
6752;0.959580123
6753;0.971426725
6754;0.829268873
6755;0.734497011
6756;0.663418114
6757;0.675264537
6758;0.663418114
6759;0.651571631
6760;0.651571631
6761;0.68711102
6762;0.852961838
6763;0.852961838
6764;0.793729365
6765;0.770036459
6766;0.556799769
6767;0.260637671
6768;0.174814329
6769;0.166490346
6770;0.166490346
6771;0.166490346
6772;0.174814329
6773;0.199786305
6774;0.46615392
6775;0.674253643
6776;0.674253643
6777;0.68257767
6778;0.582689822
6779;0.516097903
6780;0.46615392
6781;0.474477947
6782;0.46615392
6783;0.457829982
6784;0.457829982
6785;0.482801914
6786;0.599337757
6787;0.599337757
6788;0.55771786
6789;0.541069806
6790;0.391238064
6791;0.183138341
6792;0.18060647
6793;0.172006682
6794;0.172006682
6795;0.172006682
6796;0.18060647
6797;0.206405833
6798;0.481599063
6799;0.696593761
6800;0.696593761
6801;0.705193579
6802;0.601996183
6803;0.53319782
6804;0.481599063
6805;0.490198851
6806;0.481599063
6807;0.472999305
6808;0.472999305
6809;0.498798639
6810;0.619195759
6811;0.619195759
6812;0.57619679
6813;0.558997214
6814;0.404201031
6815;0.189206272
6816;0.246013671
6817;0.234299436
6818;0.234299436
6819;0.234299436
6820;0.246013671
6821;0.281156331
6822;0.656011641
6823;0.948867321
6824;0.948867321
6825;0.960581601
6826;0.820010841
6827;0.726297081
6828;0.656011641
6829;0.667725921
6830;0.656011641
6831;0.644297421
6832;0.644297421
6833;0.679440141
6834;0.843439341
6835;0.843439341
6836;0.784868181
6837;0.761439681
6838;0.550583601
6839;0.257727891
6840;0.216748103
6841;0.20642738
6842;0.20642738
6843;0.20642738
6844;0.216748103
6845;0.247710243
6846;0.577973068
6847;0.835990906
6848;0.835990906
6849;0.846311688
6850;0.722463071
6851;0.639897406
6852;0.577973068
6853;0.588293791
6854;0.577973068
6855;0.567652404
6856;0.567652404
6857;0.598614514
6858;0.743104577
6859;0.743104577
6860;0.691500902
6861;0.670859516
6862;0.485086709
6863;0.227068812
6864;0.242135301
6865;0.230605736
6866;0.230605736
6867;0.230605736
6868;0.242135301
6869;0.276723981
6870;0.645669758
6871;0.933908582
6872;0.933908582
6873;0.945438206
6874;0.807083488
6875;0.714847088
6876;0.645669758
6877;0.657199264
6878;0.645669758
6879;0.634140193
6880;0.634140193
6881;0.668728828
6882;0.830142617
6883;0.830142617
6884;0.772494793
6885;0.749435723
6886;0.541903734
6887;0.253664881
6888;0.194511011
6889;0.18524915
6890;0.18524915
6891;0.18524915
6892;0.194511011
6893;0.22229661
6894;0.5186764
6895;0.75022316
6896;0.75022316
6897;0.759485066
6898;0.648342609
6899;0.574247658
6900;0.5186764
6901;0.527938306
6902;0.5186764
6903;0.509414554
6904;0.509414554
6905;0.537200153
6906;0.666866362
6907;0.666866362
6908;0.62055701
6909;0.602033257
6910;0.435319632
6911;0.203772888
6912;0.121228546
6913;0.115456097
6914;0.115456097
6915;0.115456097
6916;0.121228546
6917;0.138545856
6918;0.323263884
6919;0.467574865
6920;0.467574865
6921;0.473347306
6922;0.404078037
6923;0.357898533
6924;0.323263884
6925;0.329036325
6926;0.323263884
6927;0.317491472
6928;0.317491472
6929;0.334808767
6930;0.41562292
6931;0.41562292
6932;0.386760712
6933;0.375215858
6934;0.271311939
6935;0.127000988
6936;0.29865104
6937;0.284430414
6938;0.284430414
6939;0.284430414
6940;0.29865104
6941;0.341312885
6942;0.796372592
6943;1.15188801
6944;1.15188801
6945;1.16610873
6946;0.995461345
6947;0.881696403
6948;0.796372592
6949;0.810593247
6950;0.796372592
6951;0.782152116
6952;0.782152116
6953;0.824813902
6954;1.02390254
6955;1.02390254
6956;0.952799439
6957;0.924358189
6958;0.668387175
6959;0.312871665
6960;0.416085899
6961;0.396273464
6962;0.396273464
6963;0.396273464
6964;0.416085899
6965;0.475523144
6966;1.10952044
6967;1.60483086
6968;1.60483086
6969;1.62464333
6970;1.38689435
6971;1.22839499
6972;1.10952044
6973;1.1293329
6974;1.10952044
6975;1.08970809
6976;1.08970809
6977;1.14914525
6978;1.42651916
6979;1.42651916
6980;1.32745707
6981;1.28783214
6982;0.93120873
6983;0.435898304
6984;0.600502968
6985;0.571909368
6986;0.571909368
6987;0.571909368
6988;0.600502968
6989;0.686283946
6990;1.60128081
6991;2.31612206
6992;2.31612206
6993;2.34471583
6994;2.00159192
6995;1.77284276
6996;1.60128081
6997;1.62987435
6998;1.60128081
6999;1.57268727
7000;1.57268727
7001;1.65846813
7002;2.05877924
7003;2.05877924
7004;1.91581094
7005;1.85862362
7006;1.34393799
7007;0.629096687
7008;0.53995651
7009;0.514245808
7010;0.514245808
7011;0.514245808
7012;0.53995651
7013;0.617088437
7014;1.43982947
7015;2.08259606
7016;2.08259606
7017;2.10830665
7018;1.79977882
7019;1.59409356
7020;1.43982947
7021;1.46554017
7022;1.43982947
7023;1.41411889
7024;1.41411889
7025;1.49125087
7026;1.8512001
7027;1.8512001
7028;1.72264671
7029;1.67122531
7030;1.20843363
7031;0.565667152
7032;0.769948602
7033;0.73328656
7034;0.73328656
7035;0.73328656
7036;0.769948602
7037;0.879934549
7038;2.05311871
7039;2.96966863
7040;2.96966863
7041;3.00633073
7042;2.5663867
7043;2.27309084
7044;2.05311871
7045;2.08978057
7046;2.05311871
7047;2.01645684
7048;2.01645684
7049;2.12644267
7050;2.63971066
7051;2.63971066
7052;2.45640063
7053;2.38307667
7054;1.72316074
7055;0.806610584
7056;0.613001823
7057;0.583813071
7058;0.583813071
7059;0.583813071
7060;0.613001823
7061;0.700568259
7062;1.6346097
7063;2.36432958
7064;2.36432958
7065;2.39351845
7066;2.04325294
7067;1.80974257
7068;1.6346097
7069;1.66379857
7070;1.6346097
7071;1.60542107
7072;1.60542107
7073;1.69298732
7074;2.10163069
7075;2.10163069
7076;1.95568657
7077;1.89730895
7078;1.37191069
7079;0.642190695
7080;0.668518364
7081;0.636686027
7082;0.636686027
7083;0.636686027
7084;0.668518364
7085;0.764015198
7086;1.78264821
7087;2.57845497
7088;2.57845497
7089;2.61028767
7090;2.22830033
7091;1.97364199
7092;1.78264821
7093;1.81448042
7094;1.78264821
7095;1.75081599
7096;1.75081599
7097;1.84631276
7098;2.29196477
7099;2.29196477
7100;2.1328032
7101;2.06913877
7102;1.49615777
7103;0.700350642
7104;0.792151809
7105;0.754432559
7106;0.754432559
7107;0.754432559
7108;0.792151809
7109;0.905309498
7110;2.11232495
7111;3.05530572
7112;3.05530572
7113;3.09302521
7114;2.64039421
7115;2.33864045
7116;2.11232495
7117;2.1500442
7118;2.11232495
7119;2.07460594
7120;2.07460594
7121;2.18776345
7122;2.71583271
7123;2.71583271
7124;2.52723646
7125;2.4517982
7126;1.77285194
7127;0.829871118
7128;0.752487481
7129;0.716656923
7130;0.716656923
7131;0.716656923
7132;0.752487481
7133;0.859979212
7134;2.00655746
7135;2.90232158
7136;2.90232158
7137;2.93815231
7138;2.50818563
7139;2.22154093
7140;2.00655746
7141;2.04238796
7142;2.00655746
7143;1.97072697
7144;1.97072697
7145;2.07821846
7146;2.57984662
7147;2.57984662
7148;2.40069366
7149;2.32903242
7150;1.68408239
7151;0.788318038
7152;0.728726149
7153;0.694027007
7154;0.694027007
7155;0.694027007
7156;0.728726149
7157;0.832823575
7158;1.94319618
7159;2.81067491
7160;2.81067491
7161;2.84537435
7162;2.4289844
7163;2.15139103
7164;1.94319618
7165;1.97789538
7166;1.94319618
7167;1.90849721
7168;1.90849721
7169;2.0125947
7170;2.49838281
7171;2.49838281
7172;2.32488704
7173;2.25548863
7174;1.63090408
7175;0.763425291
7176;0.722934008
7177;0.688510597
7178;0.688510597
7179;0.688510597
7180;0.722934008
7181;0.826204062
7182;1.92775106
7183;2.78833461
7184;2.78833461
7185;2.8227582
7186;2.40967798
7187;2.13429117
7188;1.92775106
7189;1.96217442
7190;1.92775106
7191;1.89332783
7192;1.89332783
7193;1.99659777
7194;2.47852492
7195;2.47852492
7196;2.30640793
7197;2.23756123
7198;1.61794114
7199;0.757357359
7200;0.447959632
7201;0.426629484
7202;0.426629484
7203;0.426629484
7204;0.447959632
7205;0.511949956
7206;1.1945138
7207;1.72776687
7208;1.72776687
7209;1.74909699
7210;1.49313545
7211;1.32249463
7212;1.1945138
7213;1.21584404
7214;1.1945138
7215;1.17318368
7216;1.17318368
7217;1.23717403
7218;1.53579581
7219;1.53579581
7220;1.4291451
7221;1.38648486
7222;1.00254273
7223;0.46928975
7224;0.698529124
7225;0.665267825
7226;0.665267825
7227;0.665267825
7228;0.698529124
7229;0.798312902
7230;1.86267388
7231;2.69420576
7232;2.69420576
7233;2.7274673
7234;2.32833171
7235;2.06224179
7236;1.86267388
7237;1.89593506
7238;1.86267388
7239;1.82941258
7240;1.82941258
7241;1.92919636
7242;2.39485455
7243;2.39485455
7244;2.22854781
7245;2.16202545
7246;1.56332242
7247;0.731790423
7248;0.487217486
7249;0.464018047
7250;0.464018047
7251;0.464018047
7252;0.487217486
7253;0.556815743
7254;1.29919755
7255;1.87918317
7256;1.87918317
7257;1.90238285
7258;1.62398946
7259;1.43839419
7260;1.29919755
7261;1.32239699
7262;1.29919755
7263;1.27599812
7264;1.27599812
7265;1.34559631
7266;1.67038846
7267;1.67038846
7268;1.55439126
7269;1.50799227
7270;1.09040272
7271;0.510416925
7272;0.635594606
7273;0.60532999
7274;0.60532999
7275;0.60532999
7276;0.635594606
7277;0.726388335
7278;1.69485474
7279;2.45146918
7280;2.45146918
7281;2.4817338
7282;2.11855888
7283;1.87644243
7284;1.69485474
7285;1.72511935
7286;1.69485474
7287;1.66459036
7288;1.66459036
7289;1.75538397
7290;2.17908812
7291;2.17908812
7292;2.02776504
7293;1.96723592
7294;1.42247379
7295;0.665859163
7296;0.528219759
7297;0.50306797
7298;0.50306797
7299;0.50306797
7300;0.528219759
7301;0.603675187
7302;1.40853274
7303;2.03732777
7304;2.03732777
7305;2.06247973
7306;1.76065803
7307;1.55944359
7308;1.40853274
7309;1.43368459
7310;1.40853274
7311;1.38338113
7312;1.38338113
7313;1.45883644
7314;1.81096172
7315;1.81096172
7316;1.6852026
7317;1.6348989
7318;1.18216658
7319;0.553371608
7320;0.55931443
7321;0.532682002
7322;0.532682002
7323;0.532682002
7324;0.55931443
7325;0.639211595
7326;1.49144876
7327;2.15725899
7328;2.15725899
7329;2.18389153
7330;1.86430252
7331;1.65124333
7332;1.49144876
7333;1.51808119
7334;1.49144876
7335;1.46481645
7336;1.46481645
7337;1.54471362
7338;1.91756737
7339;1.91756737
7340;1.78440523
7341;1.73114038
7342;1.25175714
7343;0.585946858
7344;0.778755367
7345;0.741674006
7346;0.741674006
7347;0.741674006
7348;0.778755367
7349;0.88999939
7350;2.07660222
7351;3.00363588
7352;3.00363588
7353;3.0407176
7354;2.59574151
7355;2.29909062
7356;2.07660222
7357;2.11368394
7358;2.07660222
7359;2.03952122
7360;2.03952122
7361;2.15076518
7362;2.66990399
7363;2.66990399
7364;2.48449731
7365;2.41033459
7366;1.74287045
7367;0.815836728
7368;0.597335935
7369;0.568893075
7370;0.568893075
7371;0.568893075
7372;0.597335935
7373;0.682664514
7374;1.59283555
7375;2.30390668
7376;2.30390668
7377;2.33234978
7378;1.99103558
7379;1.76349282
7380;1.59283555
7381;1.62127841
7382;1.59283555
7383;1.56439281
7384;1.56439281
7385;1.64972126
7386;2.04792118
7387;2.04792118
7388;1.905707
7389;1.84882128
7390;1.33685005
7391;0.625778794
7392;0.744002521
7393;0.708575904
7394;0.708575904
7395;0.708575904
7396;0.744002521
7397;0.850282133
7398;1.98393166
7399;2.86959529
7400;2.86959529
7401;2.90502191
7402;2.47990322
7403;2.196491
7404;1.98393166
7405;2.01935816
7406;1.98393166
7407;1.94850528
7408;1.94850528
7409;2.05478477
7410;2.55075669
7411;2.55075669
7412;2.37362385
7413;2.30277061
7414;1.66509295
7415;0.779429078
7416;0.856932402
7417;0.816128552
7418;0.816128552
7419;0.816128552
7420;0.856932402
7421;0.979343891
7422;2.28506637
7423;3.30516243
7424;3.30516243
7425;3.34596658
7426;2.85632038
7427;2.52988958
7428;2.28506637
7429;2.32587028
7430;2.28506637
7431;2.24426293
7432;2.24426293
7433;2.36667442
7434;2.93792796
7435;2.93792796
7436;2.73390865
7437;2.65230107
7438;1.91783214
7439;0.897736192
7440;1.06180823
7441;1.01124907
7442;1.01124907
7443;1.01124907
7444;1.06180823
7445;1.21348596
7446;2.83138156
7447;4.09536266
7448;4.09536266
7449;4.14592171
7450;3.53921127
7451;3.13473725
7452;2.83138156
7453;2.88194084
7454;2.83138156
7455;2.78082252
7456;2.78082252
7457;2.93250036
7458;3.6403296
7459;3.6403296
7460;3.38753319
7461;3.28641486
7462;2.37634873
7463;1.11236751
7464;1.14835167
7465;1.09367156
7466;1.09367156
7467;1.09367156
7468;1.14835167
7469;1.312392
7470;3.06215525
7471;4.42915821
7472;4.42915821
7473;4.48383856
7474;3.82767701
7475;3.39023614
7476;3.06215525
7477;3.11683536
7478;3.06215525
7479;3.00747538
7480;3.00747538
7481;3.1715157
7482;3.93703747
7483;3.93703747
7484;3.66363645
7485;3.55427647
7486;2.57003474
7487;1.2030319
7488;1.2005657
7489;1.14339924
7490;1.14339924
7491;1.14339924
7492;1.2005657
7493;1.37206471
7494;3.20138717
7495;4.63054609
7496;4.63054609
7497;4.68771219
7498;4.00171614
7499;3.54438543
7500;3.20138717
7501;3.25855374
7502;3.20138717
7503;3.14422131
7504;3.14422131
7505;3.31572008
7506;4.11604881
7507;4.11604881
7508;3.83021712
7509;3.71588421
7510;2.6868906
7511;1.25773203
7512;1.17152023
7513;1.11573696
7514;1.11573696
7515;1.11573696
7516;1.17152023
7517;1.33887017
7518;3.1239357
7519;4.51851845
7520;4.51851845
7521;4.5743022
7522;3.90490246
7523;3.45863605
7524;3.1239357
7525;3.17971921
7526;3.1239357
7527;3.0681529
7528;3.0681529
7529;3.23550248
7530;4.016469
7531;4.016469
7532;3.73755217
7533;3.62598562
7534;2.62188649
7535;1.22730362
7536;1.01572514
7537;0.967360139
7538;0.967360139
7539;0.967360139
7540;1.01572514
7541;1.16081989
7542;2.708498
7543;3.91762137
7544;3.91762137
7545;3.96598649
7546;3.38560724
7547;2.99868774
7548;2.708498
7549;2.75686312
7550;2.708498
7551;2.66013336
7552;2.66013336
7553;2.80522776
7554;3.48233724
7555;3.48233724
7556;3.24051237
7557;3.14378238
7558;2.27321362
7559;1.06409013
7560;0.976822913
7561;0.930310369
7562;0.930310369
7563;0.930310369
7564;0.976822913
7565;1.11636055
7566;2.60476279
7567;3.76757693
7568;3.76757693
7569;3.81408954
7570;3.25593877
7571;2.88383818
7572;2.60476279
7573;2.6512754
7574;2.60476279
7575;2.55825019
7576;2.55825019
7577;2.69778776
7578;3.34896398
7579;3.34896398
7580;3.11640096
7581;3.02337575
7582;2.18614984
7583;1.02333558
7584;1.18086898
7585;1.12464046
7586;1.12464046
7587;1.12464046
7588;1.18086898
7589;1.3495543
7590;3.14886475
7591;4.5545764
7592;4.5545764
7593;4.61080503
7594;3.93606353
7595;3.48623586
7596;3.14886475
7597;3.20509315
7598;3.14886475
7599;3.09263682
7600;3.09263682
7601;3.26132178
7602;4.04852009
7603;4.04852009
7604;3.76737785
7605;3.65492082
7606;2.64280915
7607;1.2370975
7608;1.19075966
7609;1.13406014
7610;1.13406014
7611;1.13406014
7612;1.19075966
7613;1.36085796
7614;3.17523909
7615;4.59272432
7616;4.59272432
7617;4.6494236
7618;3.9690311
7619;3.51543546
7620;3.17523909
7621;3.23193836
7622;3.17523909
7623;3.11853981
7624;3.11853981
7625;3.28863788
7626;4.08242989
7627;4.08242989
7628;3.79893255
7629;3.68553376
7630;2.66494465
7631;1.24745905
7632;0.802957058
7633;0.764723241
7634;0.764723241
7635;0.764723241
7636;0.802957058
7637;0.91765821
7638;2.1411376
7639;3.09698129
7640;3.09698129
7641;3.13521504
7642;2.6764102
7643;2.37054038
7644;2.1411376
7645;2.1793716
7646;2.1411376
7647;2.10290432
7648;2.10290432
7649;2.21760511
7650;2.75287771
7651;2.75287771
7652;2.56170893
7653;2.48524141
7654;1.79703426
7655;0.841190815
7656;0.531606972
7657;0.506293893
7658;0.506293893
7659;0.506293893
7660;0.531606972
7661;0.60754621
7662;1.41756499
7663;2.05039215
7664;2.05039215
7665;2.07570529
7666;1.77194822
7667;1.56944358
7668;1.41756499
7669;1.44287801
7670;1.41756499
7671;1.39225197
7672;1.39225197
7673;1.46819115
7674;1.8225745
7675;1.8225745
7676;1.69600904
7677;1.64538276
7678;1.18974733
7679;0.556920111
7680;0.550422966
7681;0.52421391
7682;0.52421391
7683;0.52421391
7684;0.550422966
7685;0.629050076
7686;1.46773911
7687;2.12296486
7688;2.12296486
7689;2.14917397
7690;1.83466566
7691;1.62499344
7692;1.46773911
7693;1.4939481
7694;1.46773911
7695;1.44153011
7696;1.44153011
7697;1.52015722
7698;1.88708377
7699;1.88708377
7700;1.75603843
7701;1.70362031
7702;1.2318579
7703;0.576632023
7704;0.698698461
7705;0.665429056
7706;0.665429056
7707;0.665429056
7708;0.698698461
7709;0.798506498
7710;1.86312532
7711;2.69485879
7712;2.69485879
7713;2.72812843
7714;2.32889628
7715;2.06274176
7716;1.86312532
7717;1.89639473
7718;1.86312532
7719;1.82985616
7720;1.82985616
7721;1.92966413
7722;2.39543509
7723;2.39543509
7724;2.22908807
7725;2.1625495
7726;1.56370139
7727;0.731967807
7728;0.903726816
7729;0.860694766
7730;0.860694766
7731;0.860694766
7732;0.903726816
7733;1.03282273
7734;2.40984702
7735;3.48564696
7736;3.48564696
7737;3.52867913
7738;3.01229525
7739;2.66803908
7740;2.40984702
7741;2.45287895
7742;2.40984702
7743;2.36681509
7744;2.36681509
7745;2.49591088
7746;3.09835911
7747;3.09835911
7748;2.88319898
7749;2.79713511
7750;2.02255917
7751;0.946758807
7752;0.66782397
7753;0.636024714
7754;0.636024714
7755;0.636024714
7756;0.66782397
7757;0.763221622
7758;1.78079653
7759;2.57577705
7760;2.57577705
7761;2.60757637
7762;2.22598553
7763;1.97159195
7764;1.78079653
7765;1.81259584
7766;1.78079653
7767;1.74899745
7768;1.74899745
7769;1.84439504
7770;2.28958416
7771;2.28958416
7772;2.13058782
7773;2.06698942
7774;1.49460375
7775;0.699623227
7776;0.494262904
7777;0.47072801
7778;0.47072801
7779;0.47072801
7780;0.494262904
7781;0.564867616
7782;1.31798446
7783;1.90635717
7784;1.90635717
7785;1.92989218
7786;1.64747322
7787;1.45919406
7788;1.31798446
7789;1.34151936
7790;1.31798446
7791;1.29444969
7792;1.29444969
7793;1.36505437
7794;1.69454312
7795;1.69454312
7796;1.57686853
7797;1.52979875
7798;1.10617054
7799;0.517797768
7800;0.474921882
7801;0.45230791
7802;0.45230791
7803;0.45230791
7804;0.474921882
7805;0.54276371
7806;1.26641035
7807;1.83175945
7808;1.83175945
7809;1.85437357
7810;1.58300602
7811;1.40209424
7812;1.26641035
7813;1.28902447
7814;1.26641035
7815;1.24379659
7816;1.24379659
7817;1.31163847
7818;1.62823391
7819;1.62823391
7820;1.51516402
7821;1.46993601
7822;1.06288493
7823;0.497535855
7824;0.585446835
7825;0.55757004
7826;0.55757004
7827;0.55757004
7828;0.585446835
7829;0.669077039
7830;1.56113243
7831;2.25805068
7832;2.25805068
7833;2.28592777
7834;1.95140684
7835;1.72839296
7836;1.56113243
7837;1.58900917
7838;1.56113243
7839;1.53325582
7840;1.53325582
7841;1.61688602
7842;2.00716019
7843;2.00716019
7844;1.86777663
7845;1.81202304
7846;1.31024194
7847;0.613323569
7848;0.77880615
7849;0.741722405
7850;0.741722405
7851;0.741722405
7852;0.77880615
7853;0.890057445
7854;2.07673788
7855;3.0038321
7856;3.0038321
7857;3.04091597
7858;2.59591055
7859;2.29924083
7860;2.07673788
7861;2.11382174
7862;2.07673788
7863;2.03965425
7864;2.03965425
7865;2.15090561
7866;2.67007828
7867;2.67007828
7868;2.48465943
7869;2.4104917
7870;1.74298418
7871;0.815889955
7872;0.876205623
7873;0.834484041
7874;0.834484041
7875;0.834484041
7876;0.876205623
7877;1.00137031
7878;2.33645988
7879;3.37949872
7880;3.37949872
7881;3.42122078
7882;2.92056179
7883;2.58678961
7884;2.33645988
7885;2.3781817
7886;2.33645988
7887;2.29473853
7888;2.29473853
7889;2.41990304
7890;3.00400519
7891;3.00400519
7892;2.79539728
7893;2.71195388
7894;1.96096623
7895;0.917927265
7896;1.17212999
7897;1.11631763
7898;1.11631763
7899;1.11631763
7900;1.17212999
7901;1.33956695
7902;3.12556171
7903;4.52087021
7904;4.52087021
7905;4.57668257
7906;3.9069345
7907;3.46043587
7908;3.12556171
7909;3.18137407
7910;3.12556171
7911;3.06974959
7912;3.06974959
7913;3.23718643
7914;4.01855946
7915;4.01855946
7916;3.73949766
7917;3.62787271
7918;2.62325096
7919;1.22794235
7920;0.979414165
7921;0.93277818
7922;0.93277818
7923;0.93277818
7924;0.979414165
7925;1.11932206
7926;2.6116724
7927;3.77757096
7928;3.77757096
7929;3.82420731
7930;3.26457572
7931;2.89148831
7932;2.6116724
7933;2.65830827
7934;2.6116724
7935;2.56503654
7936;2.56503654
7937;2.70494437
7938;3.35784769
7939;3.35784769
7940;3.12466788
7941;3.03139591
7942;2.19194889
7943;1.02605021
7944;1.17097831
7945;1.11522079
7946;1.11522079
7947;1.11522079
7948;1.17097831
7949;1.33825076
7950;3.12249064
7951;4.51642799
7952;4.51642799
7953;4.57218599
7954;3.90309596
7955;3.45703578
7956;3.12249064
7957;3.17824841
7958;3.12249064
7959;3.06673336
7960;3.06673336
7961;3.23400593
7962;4.01461077
7963;4.01461077
7964;3.73582315
7965;3.62430811
7966;2.62067342
7967;1.22673583
7968;1.32870412
7969;1.26543629
7970;1.26543629
7971;1.26543629
7972;1.32870412
7973;1.51850748
7974;3.54307699
7975;5.12477207
7976;5.12477207
7977;5.18804026
7978;4.42882633
7979;3.92268419
7980;3.54307699
7981;3.6063447
7982;3.54307699
7983;3.47980928
7984;3.47980928
7985;3.66961265
7986;4.55536175
7987;4.55536175
7988;4.23902273
7989;4.11248732
7990;2.97366691
7991;1.39197195
7992;1.39190972
7993;1.32563221
7994;1.32563221
7995;1.32563221
7996;1.39190972
7997;1.59074187
7998;3.71161866
7999;5.36855364
8000;5.36855364
8001;5.43483162
8002;4.63950253
8003;4.10928297
8004;3.71161866
8005;3.77789593
8006;3.71161866
8007;3.64534163
8008;3.64534163
8009;3.84417367
8010;4.77205706
8011;4.77205706
8012;4.44067001
8013;4.30811501
8014;3.11512232
8015;1.45818698
8016;1.06118166
8017;1.01065218
8018;1.01065218
8019;1.01065218
8020;1.06118166
8021;1.21276975
8022;2.82971072
8023;4.09294558
8024;4.09294558
8025;4.14347506
8026;3.53712225
8027;3.13288713
8028;2.82971072
8029;2.88023996
8030;2.82971072
8031;2.77918148
8032;2.77918148
8033;2.93076944
8034;3.63818121
8035;3.63818121
8036;3.38553429
8037;3.28447533
8038;2.37494636
8039;1.11171103
8040;0.83962363
8041;0.799643993
8042;0.799643993
8043;0.799643993
8044;0.83962363
8045;0.9595626
8046;2.23891187
8047;3.23840332
8048;3.23840332
8049;3.27838326
8050;2.79862714
8051;2.47878981
8052;2.23891187
8053;2.27889132
8054;2.23891187
8055;2.19893241
8056;2.19893241
8057;2.31887102
8058;2.87858653
8059;2.87858653
8060;2.67868829
8061;2.59872866
8062;1.87909496
8063;0.879603386
8064;1.1668967
8065;1.11133349
8066;1.11133349
8067;1.11133349
8068;1.1668967
8069;1.33358622
8070;3.11160684
8071;4.50068569
8072;4.50068569
8073;4.55624914
8074;3.88949132
8075;3.44498587
8076;3.11160684
8077;3.16716981
8078;3.11160684
8079;3.05604386
8080;3.05604386
8081;3.22273326
8082;4.0006175
8083;4.0006175
8084;3.72280145
8085;3.61167526
8086;2.61153889
8087;1.22245979
8088;1.27616835
8089;1.21540213
8090;1.21540213
8091;1.21540213
8092;1.27616835
8093;1.45846701
8094;3.40298676
8095;4.92214298
8096;4.92214298
8097;4.98290968
8098;4.25371456
8099;3.7675848
8100;3.40298676
8101;3.46375322
8102;3.40298676
8103;3.34222102
8104;3.34222102
8105;3.52451944
8106;4.375247
8107;4.375247
8108;4.0714159
8109;3.94988298
8110;2.85609102
8111;1.33693469
8112;1.27154481
8113;1.21099865
8114;1.21099865
8115;1.21099865
8116;1.27154481
8117;1.45318305
8118;3.3906579
8119;4.90431023
8120;4.90431023
8121;4.96485662
8122;4.23830318
8123;3.75393462
8124;3.3906579
8125;3.45120406
8126;3.3906579
8127;3.33011198
8128;3.33011198
8129;3.51175022
8130;4.3593955
8131;4.3593955
8132;4.05666494
8133;3.93557286
8134;2.84574342
8135;1.33209097
8136;1.26831007
8137;1.20791793
8138;1.20791793
8139;1.20791793
8140;1.26831007
8141;1.44948626
8142;3.38203216
8143;4.89183331
8144;4.89183331
8145;4.95222616
8146;4.22752094
8147;3.74438477
8148;3.38203216
8149;3.4424243
8150;3.38203216
8151;3.32164049
8152;3.32164049
8153;3.50281644
8154;4.34830523
8155;4.34830523
8156;4.04634476
8157;3.92556071
8158;2.83850384
8159;1.32870209
8160;1.12978983
8161;1.07599342
8162;1.07599342
8163;1.07599342
8164;1.12978983
8165;1.29117846
8166;3.0126586
8167;4.35756493
8168;4.35756493
8169;4.41136169
8170;3.76580644
8171;3.33543634
8172;3.0126586
8173;3.06645489
8174;3.0126586
8175;2.95886254
8176;2.95886254
8177;3.12025118
8178;3.87339902
8179;3.87339902
8180;3.60441756
8181;3.49682498
8182;2.52849269
8183;1.183586
8184;0.881896198
8185;0.839903653
8186;0.839903653
8187;0.839903653
8188;0.881896198
8189;1.00787365
8190;2.35163403
8191;3.40144706
8192;3.40144706
8193;3.44343972
8194;2.93952966
8195;2.6035893
8196;2.35163403
8197;2.39362669
8198;2.35163403
8199;2.30964184
8200;2.30964184
8201;2.43561912
8202;3.02351475
8203;3.02351475
8204;2.81355166
8205;2.72956681
8206;1.97370172
8207;0.923888743
8208;0.797300398
8209;0.759335995
8210;0.759335995
8211;0.759335995
8212;0.797300398
8213;0.91119355
8214;2.12605405
8215;3.0751636
8216;3.0751636
8217;3.11312819
8218;2.65755534
8219;2.35384035
8220;2.12605405
8221;2.16401839
8222;2.12605405
8223;2.0880897
8224;2.0880897
8225;2.20198274
8226;2.73348427
8227;2.73348427
8228;2.54366231
8229;2.46773338
8230;1.78437459
8231;0.835264742
8232;0.85071677
8233;0.810208917
8234;0.810208917
8235;0.810208917
8236;0.85071677
8237;0.972240388
8238;2.26849246
8239;3.2811892
8240;3.2811892
8241;3.32169724
8242;2.83560276
8243;2.5115397
8244;2.26849246
8245;2.30900025
8246;2.26849246
8247;2.22798467
8248;2.22798467
8249;2.34950805
8250;2.91661835
8251;2.91661835
8252;2.71407914
8253;2.63306332
8254;1.9039216
8255;0.891224742
8256;0.792913914
8257;0.755158365
8258;0.755158365
8259;0.755158365
8260;0.792913914
8261;0.906180501
8262;2.11435723
8263;3.05824542
8264;3.05824542
8265;3.09600091
8266;2.64293456
8267;2.34089041
8268;2.11435723
8269;2.15211272
8270;2.11435723
8271;2.07660174
8272;2.07660174
8273;2.18986821
8274;2.71844578
8275;2.71844578
8276;2.52966785
8277;2.45415688
8278;1.77455759
8279;0.830669522
8280;0.958244085
8281;0.912616134
8282;0.912616134
8283;0.912616134
8284;0.958244085
8285;1.09512782
8286;2.55522084
8287;3.6959188
8288;3.6959188
8289;3.74154663
8290;3.19401169
8291;2.82898855
8292;2.55522084
8293;2.60084891
8294;2.55522084
8295;2.50959301
8296;2.50959301
8297;2.64647675
8298;3.28526759
8299;3.28526759
8300;3.05712795
8301;2.96587205
8302;2.14456987
8303;1.00387204
8304;0.993776023
8305;0.946456194
8306;0.946456194
8307;0.946456194
8308;0.993776023
8309;1.13573539
8310;2.6499691
8311;3.83296418
8312;3.83296418
8313;3.88028407
8314;3.31244659
8315;2.93388796
8316;2.6499691
8317;2.69728875
8318;2.6499691
8319;2.60264945
8320;2.60264945
8321;2.74460864
8322;3.40708613
8323;3.40708613
8324;3.17048717
8325;3.07584739
8326;2.22409105
8327;1.04109585
8328;0.837489724
8329;0.797611654
8330;0.797611654
8331;0.797611654
8332;0.837489724
8333;0.957123816
8334;2.23322153
8335;3.23017287
8336;3.23017287
8337;3.270051
8338;2.7915144
8339;2.47249007
8340;2.23322153
8341;2.27309966
8342;2.23322153
8343;2.1933434
8344;2.1933434
8345;2.31297755
8346;2.87127042
8347;2.87127042
8348;2.67188025
8349;2.59212399
8350;1.8743192
8351;0.877367795
8352;0.945626736
8353;0.900599539
8354;0.900599539
8355;0.900599539
8356;0.945626736
8357;1.08070803
8358;2.52157569
8359;3.64725375
8360;3.64725375
8361;3.69228101
8362;3.1519556
8363;2.79173851
8364;2.52157569
8365;2.56660271
8366;2.52157569
8367;2.47654891
8368;2.47654891
8369;2.6116302
8370;3.24200988
8371;3.24200988
8372;3.01687407
8373;2.9268198
8374;2.11633182
8375;0.990653813
8376;0.915683627
8377;0.872082293
8378;0.872082293
8379;0.872082293
8380;0.915683627
8381;1.04648769
8382;2.44173074
8383;3.53176451
8384;3.53176451
8385;3.57536602
8386;3.05214977
8387;2.70333886
8388;2.44173074
8389;2.48533201
8390;2.44173074
8391;2.3981297
8392;2.3981297
8393;2.52893353
8394;3.13935256
8395;3.13935256
8396;2.92134571
8397;2.83414292
8398;2.04931879
8399;0.959285021
8400;1.06380677
8401;1.01315224
8402;1.01315224
8403;1.01315224
8404;1.06380677
8405;1.21576989
8406;2.83671069
8407;4.10307074
8408;4.10307074
8409;4.15372515
8410;3.54587221
8411;3.14063716
8412;2.83671069
8413;2.8873651
8414;2.83671069
8415;2.78605628
8416;2.78605628
8417;2.93801951
8418;3.64718103
8419;3.64718103
8420;3.39390922
8421;3.29260039
8422;2.38082123
8423;1.11446118
8424;0.938293338
8425;0.893615425
8426;0.893615425
8427;0.893615425
8428;0.938293338
8429;1.07232714
8430;2.50202107
8431;3.6189692
8432;3.6189692
8433;3.66364741
8434;3.12751222
8435;2.77008867
8436;2.50202107
8437;2.54669905
8438;2.50202107
8439;2.45734334
8440;2.45734334
8441;2.59137702
8442;3.21686816
8443;3.21686816
8444;2.9934783
8445;2.90412235
8446;2.0999198
8447;0.982971311
8448;0.98017633
8449;0.933504045
8450;0.933504045
8451;0.933504045
8452;0.98017633
8453;1.120193
8454;2.61370468
8455;3.78051043
8456;3.78051043
8457;3.82718301
8458;3.26711607
8459;2.89373827
8460;2.61370468
8461;2.66037703
8462;2.61370468
8463;2.56703258
8464;2.56703258
8465;2.70704913
8466;3.36046076
8467;3.36046076
8468;3.12709928
8469;3.03375483
8470;2.19365454
8471;1.02684867
8472;1.15487206
8473;1.09988141
8474;1.09988141
8475;1.09988141
8476;1.15487206
8477;1.31984377
8478;3.0795424
8479;4.45430708
8480;4.45430708
8481;4.50929785
8482;3.84941053
8483;3.40948606
8484;3.0795424
8485;3.13453293
8486;3.0795424
8487;3.02455211
8488;3.02455211
8489;3.1895237
8490;3.95939183
8491;3.95939183
8492;3.68443894
8493;3.57445765
8494;2.58462739
8495;1.20986271
8496;1.11845946
8497;1.06520271
8498;1.06520271
8499;1.06520271
8500;1.11845946
8501;1.27822971
8502;2.98244572
8503;4.31386471
8504;4.31386471
8505;4.3671217
8506;3.72804046
8507;3.30198646
8508;2.98244572
8509;3.03570271
8510;2.98244572
8511;2.92918921
8512;2.92918921
8513;3.08895946
8514;3.8345542
8515;3.8345542
8516;3.56827021
8517;3.46175671
8518;2.5031352
8519;1.17171633
8520;1.01118624
8521;0.963037491
8522;0.963037491
8523;0.963037491
8524;1.01118624
8525;1.15563273
8526;2.69639468
8527;3.90011525
8528;3.90011525
8529;3.94826412
8530;3.37047815
8531;2.9852879
8532;2.69639468
8533;2.74454379
8534;2.69639468
8535;2.64824605
8536;2.64824605
8537;2.79269242
8538;3.46677613
8539;3.46677613
8540;3.22603178
8541;3.12973404
8542;2.26305556
8543;1.05933511
8544;0.966085434
8545;0.920084178
8546;0.920084178
8547;0.920084178
8548;0.966085434
8549;1.10408938
8550;2.57613039
8551;3.72616267
8552;3.72616267
8553;3.77216434
8554;3.22014856
8555;2.85213852
8556;2.57613039
8557;2.62213182
8558;2.57613039
8559;2.53012943
8560;2.53012943
8561;2.66813302
8562;3.31215143
8563;3.31215143
8564;3.08214474
8565;2.99014211
8566;2.16211915
8567;1.01208675
8568;0.748558283
8569;0.712914824
8570;0.712914824
8571;0.712914824
8572;0.748558283
8573;0.855488718
8574;1.99607992
8575;2.88716698
8576;2.88716698
8577;2.92281055
8578;2.49508882
8579;2.20994091
8580;1.99607992
8581;2.0317235
8582;1.99607992
8583;1.9604367
8584;1.9604367
8585;2.06736684
8586;2.56637573
8587;2.56637573
8588;2.38815832
8589;2.3168714
8590;1.6752888
8591;0.78420186
8592;0.759566784
8593;0.723399103
8594;0.723399103
8595;0.723399103
8596;0.759566784
8597;0.868069708
8598;2.02543473
8599;2.92962623
8600;2.92962623
8601;2.96579409
8602;2.53178215
8603;2.24244094
8604;2.02543473
8605;2.06160259
8606;2.02543473
8607;1.98926723
8608;1.98926723
8609;2.09776998
8610;2.60411739
8611;2.60411739
8612;2.42327905
8613;2.35094357
8614;1.69992602
8615;0.795734465
8616;0.754841626
8617;0.718898952
8618;0.718898952
8619;0.718898952
8620;0.754841626
8621;0.862669528
8622;2.01283479
8623;2.91140127
8624;2.91140127
8625;2.9473443
8626;2.51603222
8627;2.22849107
8628;2.01283479
8629;2.04877758
8630;2.01283479
8631;1.97689235
8632;1.97689235
8633;2.08472013
8634;2.58791757
8635;2.58791757
8636;2.40820408
8637;2.33631873
8638;1.68935096
8639;0.790784299
8640;0.758601427
8641;0.722479761
8642;0.722479761
8643;0.722479761
8644;0.758601427
8645;0.866966486
8646;2.02286053
8647;2.92590284
8648;2.92590284
8649;2.96202469
8650;2.52856445
8651;2.23959088
8652;2.02286053
8653;2.05898213
8654;2.02286053
8655;1.98673904
8656;1.98673904
8657;2.09510398
8658;2.60080791
8659;2.60080791
8660;2.42019916
8661;2.3479557
8662;1.69776547
8663;0.794723153
8664;1.10416543
8665;1.05158925
8666;1.05158925
8667;1.05158925
8668;1.10416543
8669;1.26189375
8670;2.94432974
8671;4.2587328
8672;4.2587328
8673;4.31130886
8674;3.68039584
8675;3.25978661
8676;2.94432974
8677;2.99690604
8678;2.94432974
8679;2.89175391
8680;2.89175391
8681;3.04948211
8682;3.78554821
8683;3.78554821
8684;3.52266717
8685;3.4175148
8686;2.47114468
8687;1.15674162
8688;1.14205146
8689;1.0876714
8690;1.0876714
8691;1.0876714
8692;1.14205146
8693;1.30519176
8694;3.04535556
8695;4.40485859
8696;4.40485859
8697;4.45923901
8698;3.80667734
8699;3.37163615
8700;3.04535556
8701;3.0997355
8702;3.04535556
8703;2.99097562
8704;2.99097562
8705;3.15411568
8706;3.91543746
8707;3.91543746
8708;3.64353657
8709;3.53477645
8710;2.55593467
8711;1.19643164
8712;1.25769114
8713;1.19780469
8714;1.19780469
8715;1.19780469
8716;1.25769114
8717;1.43735039
8718;3.35371614
8719;4.85087681
8720;4.85087681
8721;4.91076374
8722;4.19212627
8723;3.71303487
8724;3.35371614
8725;3.41360259
8726;3.35371614
8727;3.29382992
8728;3.29382992
8729;3.47348905
8730;4.31189919
8731;4.31189919
8732;4.01246691
8733;3.89269376
8734;2.81473851
8735;1.31757748
8736;1.4830935
8737;1.41247427
8738;1.41247427
8739;1.41247427
8740;1.4830935
8741;1.69495118
8742;3.95476651
8743;5.72024727
8744;5.72024727
8745;5.79086685
8746;4.94343615
8747;4.37848186
8748;3.95476651
8749;4.02538586
8750;3.95476651
8751;3.88414741
8752;3.88414741
8753;4.09600496
8754;5.08467436
8755;5.08467436
8756;4.73157835
8757;4.59033966
8758;3.31919384
8759;1.55371273
