Index;Wert
0;11.194
1;0.691908333
2;0.691908333
3;0.691908333
4;0.691908333
5;10.0746
6;0.691908333
7;0.691908333
8;0.691908333
9;10.0746
10;10.0746
11;6.16733083
12;6.16733083
13;6.16733083
14;8.17903833
15;10.0746
16;10.0746
17;10.0746
18;0.691908333
19;0.691908333
20;0.691908333
21;0.691908333
22;0.691908333
23;10.0746
24;10.0746
25;10.0746
26;10.0746
27;10.0746
28;10.0746
29;10.0746
30;10.0746
31;10.0746
32;10.0746
33;10.0746
34;10.0746
35;6.37148784
36;6.37148784
37;6.37148784
38;8.45124768
39;10.0746
40;10.0746
41;10.0746
42;10.0746
43;10.0746
44;10.0746
45;10.0746
46;10.0746
47;10.0746
48;10.0746
49;9.68037915
50;9.68037915
51;9.68037915
52;9.68037915
53;10.0746
54;10.0746
55;10.0746
56;10.0746
57;10.0746
58;10.0746
59;10.0746
60;9.68037915
61;9.68037915
62;10.0746
63;10.0746
64;10.0746
65;10.0746
66;10.0746
67;10.0746
68;10.0746
69;10.0746
70;10.0746
71;10.0746
72;9.75963182
73;8.15506124
74;8.15506124
75;8.15506124
76;8.15506124
77;9.75963182
78;10.0746
79;10.0746
80;10.0746
81;10.0746
82;10.0746
83;10.0746
84;8.15506124
85;8.15506124
86;9.75963182
87;10.0746
88;10.0746
89;0.691908333
90;10.0746
91;0.691908333
92;0.691908333
93;10.0746
94;10.0746
95;10.0746
96;10.0746
97;9.51750785
98;9.51750785
99;10.0746
100;10.0746
101;10.0746
102;10.0746
103;10.0746
104;10.0746
105;10.0746
106;9.51750785
107;5.76338804
108;5.76338804
109;5.76338804
110;7.64044794
111;9.51750785
112;10.0746
113;10.0746
114;10.0746
115;10.0746
116;10.0746
117;10.0746
118;10.0746
119;10.0746
120;10.0746
121;9.30937162
122;9.30937162
123;10.0746
124;10.0746
125;10.0746
126;0.691908333
127;10.0746
128;10.0746
129;10.0746
130;9.30937162
131;5.6385063
132;5.6385063
133;5.6385063
134;7.47393896
135;9.30937162
136;10.0746
137;10.0746
138;0.691908333
139;10.0746
140;10.0746
141;0.691908333
142;0.691908333
143;0.691908333
144;0.691908333
145;7.42998326
146;7.42998326
147;8.88953825
148;10.0746
149;10.0746
150;10.0746
151;10.0746
152;10.0746
153;10.0746
154;7.42998326
155;4.51087329
156;4.51087329
157;4.51087329
158;5.97042828
159;7.42998326
160;10.0746
161;10.0746
162;10.0746
163;10.0746
164;10.0746
165;10.0746
166;10.0746
167;10.0746
168;8.16393082
169;6.8253104
170;6.8253104
171;8.16393082
172;9.50255123
173;10.0746
174;10.0746
175;0.691908333
176;9.50255123
177;9.50255123
178;6.8253104
179;4.14806958
180;4.14806958
181;4.14806958
182;5.48668999
183;6.8253104
184;9.50255123
185;10.0746
186;10.0746
187;0.691908333
188;10.0746
189;10.0746
190;10.0746
191;10.0746
192;10.062485
193;8.40743892
194;8.40743892
195;10.062485
196;10.0746
197;10.0746
198;0.691908333
199;10.0746
200;0.691908333
201;10.0746
202;8.40743892
203;5.09734668
204;5.09734668
205;5.09734668
206;6.7523928
207;8.40743892
208;10.0746
209;10.0746
210;0.691908333
211;10.0746
212;0.691908333
213;0.691908333
214;0.691908333
215;10.0746
216;10.0746
217;8.62461448
218;8.62461448
219;8.62461448
220;8.62461448
221;10.0746
222;10.0746
223;10.0746
224;0.691908333
225;10.0746
226;0.691908333
227;10.0746
228;8.62461448
229;8.62461448
230;10.0746
231;10.0746
232;10.0746
233;10.0746
234;10.0746
235;10.0746
236;0.691908333
237;10.0746
238;10.0746
239;10.0746
240;9.52151849
241;7.95663346
242;7.95663346
243;7.95663346
244;7.95663346
245;9.52151849
246;10.0746
247;10.0746
248;10.0746
249;10.0746
250;10.0746
251;10.0746
252;7.95663346
253;7.95663346
254;9.52151849
255;10.0746
256;10.0746
257;0.691908333
258;10.0746
259;0.691908333
260;0.691908333
261;10.0746
262;10.0746
263;10.0746
264;9.72620956
265;8.12720935
266;8.12720935
267;9.72620956
268;10.0746
269;10.0746
270;10.0746
271;0.691908333
272;0.691908333
273;10.0746
274;8.12720935
275;4.92920895
276;4.92920895
277;4.92920895
278;6.52820915
279;8.12720935
280;10.0746
281;10.0746
282;10.0746
283;0.691908333
284;10.0746
285;10.0746
286;10.0746
287;10.0746
288;10.0746
289;10.0746
290;10.0746
291;10.0746
292;10.0746
293;10.0746
294;10.0746
295;10.0746
296;10.0746
297;10.0746
298;10.0746
299;6.10209077
300;6.10209077
301;6.10209077
302;8.09205159
303;10.0746
304;10.0746
305;10.0746
306;10.0746
307;10.0746
308;10.0746
309;10.0746
310;10.0746
311;10.0746
312;0.691908333
313;0.691908333
314;7.07461204
315;8.46309278
316;9.85157352
317;10.0746
318;10.0746
319;0.691908333
320;0.691908333
321;9.85157352
322;7.07461204
323;4.29765056
324;4.29765056
325;4.29765056
326;5.6861313
327;7.07461204
328;9.85157352
329;10.0746
330;10.0746
331;0.691908333
332;10.0746
333;10.0746
334;10.0746
335;10.0746
336;10.0746
337;10.0746
338;10.0746
339;10.0746
340;10.0746
341;10.0746
342;10.0746
343;10.0746
344;10.0746
345;10.0746
346;10.0746
347;6.30678215
348;6.30678215
349;6.30678215
350;8.36497342
351;10.0746
352;10.0746
353;10.0746
354;10.0746
355;10.0746
356;10.0746
357;10.0746
358;10.0746
359;10.0746
360;10.0746
361;10.0746
362;10.0746
363;10.0746
364;10.0746
365;0.691908333
366;0.691908333
367;0.691908333
368;10.0746
369;0.691908333
370;0.691908333
371;7.134436
372;7.134436
373;7.134436
374;9.46851189
375;10.0746
376;10.0746
377;0.691908333
378;0.691908333
379;0.691908333
380;0.691908333
381;10.0746
382;10.0746
383;0.691908333
384;0.691908333
385;0.691908333
386;10.0746
387;10.0746
388;10.0746
389;10.0746
390;10.0746
391;0.691908333
392;10.0746
393;10.0746
394;0.691908333
395;0.691908333
396;10.0746
397;10.0746
398;10.0746
399;10.0746
400;0.691908333
401;0.691908333
402;0.691908333
403;0.691908333
404;10.0746
405;0.691908333
406;10.0746
407;0.691908333
408;10.0746
409;10.0746
410;10.0746
411;10.0746
412;10.0746
413;10.0746
414;10.0746
415;0.691908333
416;0.691908333
417;10.0746
418;10.0746
419;0.691908333
420;0.691908333
421;10.0746
422;10.0746
423;10.0746
424;0.691908333
425;10.0746
426;10.0746
427;0.691908333
428;0.691908333
429;10.0746
430;10.0746
431;0.691908333
432;0.691908333
433;10.0746
434;10.0746
435;10.0746
436;0.691908333
437;0.691908333
438;10.0746
439;1.86146376
440;10.0746
441;0.691908333
442;0.691908333
443;8.09522592
444;8.09522592
445;8.09522592
446;10.0746
447;10.0746
448;10.0746
449;0.691908333
450;10.0746
451;1.86146376
452;3.01647897
453;10.0746
454;10.0746
455;0.691908333
456;0.691908333
457;10.0746
458;10.0746
459;10.0746
460;10.0746
461;10.0746
462;0.691908333
463;10.0746
464;0.691908333
465;10.0746
466;10.0746
467;7.1110415
468;7.1110415
469;7.1110415
470;9.43731922
471;10.0746
472;10.0746
473;10.0746
474;0.691908333
475;10.0746
476;10.0746
477;0.691908333
478;0.691908333
479;10.0746
480;10.0746
481;0.691908333
482;0.691908333
483;0.691908333
484;0.691908333
485;0.691908333
486;0.691908333
487;1.42307963
488;0.691908333
489;0.691908333
490;0.691908333
491;0.691908333
492;0.691908333
493;0.691908333
494;0.691908333
495;0.691908333
496;0.691908333
497;0.691908333
498;0.691908333
499;1.42307963
500;2.14516081
501;0.691908333
502;0.691908333
503;0.691908333
504;0.691908333
505;9.75619155
506;9.75619155
507;10.0746
508;10.0746
509;10.0746
510;10.0746
511;10.0746
512;10.0746
513;10.0746
514;9.75619155
515;5.90659826
516;5.90659826
517;5.90659826
518;7.83139491
519;9.75619155
520;10.0746
521;10.0746
522;10.0746
523;10.0746
524;10.0746
525;10.0746
526;10.0746
527;10.0746
528;10.0746
529;10.0471991
530;10.0471991
531;10.0746
532;10.0746
533;10.0746
534;10.0746
535;10.0746
536;10.0746
537;10.0746
538;10.0471991
539;6.08120281
540;6.08120281
541;6.08120281
542;8.06420097
543;10.0471991
544;10.0746
545;10.0746
546;10.0746
547;10.0746
548;10.0746
549;10.0746
550;10.0746
551;10.0746
552;8.87358948
553;7.41669262
554;7.41669262
555;7.41669262
556;7.41669262
557;8.87358948
558;10.0746
559;10.0746
560;10.0746
561;10.0746
562;10.0746
563;10.0746
564;7.41669262
565;7.41669262
566;8.87358948
567;10.0746
568;10.0746
569;10.0746
570;10.0746
571;10.0746
572;0.691908333
573;10.0746
574;10.0746
575;10.0746
576;5.86832091
577;4.91230214
578;4.91230214
579;4.91230214
580;4.91230214
581;5.86832091
582;7.78035843
583;9.69239596
584;9.69239596
585;9.69239596
586;7.78035843
587;6.82433967
588;4.91230214
589;4.91230214
590;5.86832091
591;7.78035843
592;10.0746
593;10.0746
594;10.0746
595;10.0746
596;9.69239596
597;8.73637719
598;7.78035843
599;6.82433967
600;5.99310577
601;5.01628953
602;5.01628953
603;5.99310577
604;6.96992201
605;9.90037073
606;10.0746
607;9.90037073
608;6.96992201
609;6.96992201
610;5.01628953
611;3.06265705
612;3.06265705
613;3.06265705
614;4.03947329
615;5.01628953
616;6.96992201
617;9.90037073
618;10.0746
619;10.0746
620;9.90037073
621;9.90037073
622;7.94673825
623;7.94673825
624;6.17845895
625;5.17075051
626;5.17075051
627;6.17845895
628;7.18616738
629;10.0746
630;10.0746
631;10.0746
632;7.18616738
633;7.18616738
634;5.17075051
635;3.15533364
636;3.15533364
637;3.15533364
638;4.16304208
639;5.17075051
640;7.18616738
641;10.0746
642;10.0746
643;10.0746
644;10.0746
645;10.0746
646;8.19387582
647;8.19387582
648;7.93572174
649;6.63513617
650;6.63513617
651;7.93572174
652;9.2363073
653;10.0746
654;10.0746
655;10.0746
656;9.2363073
657;9.2363073
658;6.63513617
659;4.03396503
660;4.03396503
661;4.03396503
662;5.3345506
663;6.63513617
664;9.2363073
665;10.0746
666;10.0746
667;10.0746
668;10.0746
669;10.0746
670;10.0746
671;10.0746
672;6.4957533
673;5.43516247
674;5.43516247
675;6.4957533
676;7.55634413
677;10.0746
678;10.0746
679;10.0746
680;7.55634413
681;7.55634413
682;5.43516247
683;3.31398082
684;3.31398082
685;3.31398082
686;4.37457164
687;5.43516247
688;7.55634413
689;10.0746
690;10.0746
691;10.0746
692;10.0746
693;10.0746
694;8.61693495
695;8.61693495
696;5.03455938
697;4.21750087
698;4.21750087
699;5.03455938
700;5.85161789
701;8.30279341
702;9.93691042
703;8.30279341
704;5.85161789
705;5.85161789
706;4.21750087
707;2.58338386
708;2.58338386
709;2.58338386
710;3.40044236
711;4.21750087
712;5.85161789
713;8.30279341
714;9.93691042
715;9.93691042
716;8.30279341
717;8.30279341
718;6.66867639
719;6.66867639
720;9.94837002
721;8.31234307
722;8.31234307
723;8.31234307
724;8.31234307
725;9.94837002
726;10.0746
727;10.0746
728;0.691908333
729;10.0746
730;0.691908333
731;10.0746
732;8.31234307
733;8.31234307
734;9.94837002
735;10.0746
736;10.0746
737;0.691908333
738;10.0746
739;0.691908333
740;0.691908333
741;0.691908333
742;0.691908333
743;10.0746
744;5.38501877
745;4.50955036
746;4.50955036
747;4.50955036
748;4.50955036
749;5.38501877
750;7.13595558
751;8.88689239
752;8.88689239
753;8.88689239
754;7.13595558
755;6.26048717
756;4.50955036
757;4.50955036
758;5.38501877
759;7.13595558
760;10.0746
761;10.0746
762;10.0746
763;9.7623608
764;8.88689239
765;8.01142398
766;7.13595558
767;6.26048717
768;3.68780749
769;3.09520763
770;3.09520763
771;3.68780749
772;4.28040735
773;6.05820693
774;7.24340665
775;6.05820693
776;4.28040735
777;4.28040735
778;3.09520763
779;1.91000791
780;1.91000791
781;1.91000791
782;2.50260777
783;3.09520763
784;4.28040735
785;6.05820693
786;7.24340665
787;7.24340665
788;6.05820693
789;6.05820693
790;4.87300721
791;4.87300721
792;10.0746
793;8.79544738
794;8.79544738
795;10.0746
796;10.0746
797;10.0746
798;0.691908333
799;0.691908333
800;0.691908333
801;10.0746
802;8.79544738
803;5.33015176
804;5.33015176
805;5.33015176
806;7.06279957
807;8.79544738
808;10.0746
809;10.0746
810;0.691908333
811;0.691908333
812;10.0746
813;0.691908333
814;0.691908333
815;10.0746
816;10.0746
817;9.79595892
818;9.79595892
819;10.0746
820;10.0746
821;10.0746
822;0.691908333
823;10.0746
824;0.691908333
825;10.0746
826;9.79595892
827;5.93045868
828;5.93045868
829;5.93045868
830;7.8632088
831;9.79595892
832;10.0746
833;10.0746
834;0.691908333
835;10.0746
836;10.0746
837;0.691908333
838;0.691908333
839;10.0746
840;10.0746
841;8.62395127
842;8.62395127
843;10.0746
844;10.0746
845;10.0746
846;0.691908333
847;0.691908333
848;0.691908333
849;0.691908333
850;0.691908333
851;0.691908333
852;5.22725409
853;5.22725409
854;6.92560268
855;8.62395127
856;10.0746
857;10.0746
858;0.691908333
859;0.691908333
860;10.0746
861;0.691908333
862;0.691908333
863;10.0746
864;6.18622623
865;5.17722325
866;5.17722325
867;6.18622623
868;7.19522921
869;10.0746
870;10.0746
871;10.0746
872;7.19522921
873;7.19522921
874;5.17722325
875;3.15921728
876;3.15921728
877;3.15921728
878;4.16822027
879;5.17722325
880;7.19522921
881;10.0746
882;10.0746
883;10.0746
884;10.0746
885;10.0746
886;8.2042322
887;8.2042322
888;7.75495519
889;6.48449738
890;6.48449738
891;6.48449738
892;6.48449738
893;7.75495519
894;10.0746
895;10.0746
896;10.0746
897;10.0746
898;10.0746
899;9.02541301
900;6.48449738
901;6.48449738
902;7.75495519
903;10.0746
904;10.0746
905;10.0746
906;10.0746
907;10.0746
908;10.0746
909;10.0746
910;10.0746
911;9.02541301
912;5.65210103
913;4.73211892
914;4.73211892
915;4.73211892
916;4.73211892
917;5.65210103
918;7.49206527
919;9.3320295
920;9.3320295
921;9.3320295
922;7.49206527
923;6.57208315
924;4.73211892
925;4.73211892
926;5.65210103
927;7.49206527
928;10.0746
929;10.0746
930;10.0746
931;10.0746
932;9.3320295
933;8.41204738
934;7.49206527
935;6.57208315
936;6.67921216
937;5.58804486
938;5.58804486
939;6.67921216
940;7.77037946
941;10.0746
942;10.0746
943;10.0746
944;7.77037946
945;7.77037946
946;5.58804486
947;3.40571025
948;3.40571025
949;3.40571025
950;4.49687755
951;5.58804486
952;7.77037946
953;10.0746
954;10.0746
955;10.0746
956;10.0746
957;10.0746
958;8.86154677
959;8.86154677
960;9.88643274
961;8.26072867
962;8.26072867
963;9.88643274
964;10.0746
965;10.0746
966;10.0746
967;0.691908333
968;0.691908333
969;0.691908333
970;0.691908333
971;5.00932054
972;5.00932054
973;5.00932054
974;6.6350246
975;8.26072867
976;10.0746
977;10.0746
978;10.0746
979;0.691908333
980;10.0746
981;10.0746
982;10.0746
983;10.0746
984;8.22434736
985;6.87565753
986;6.87565753
987;8.22434736
988;9.5730372
989;10.0746
990;10.0746
991;0.691908333
992;0.691908333
993;9.5730372
994;6.87565753
995;4.17827785
996;4.17827785
997;4.17827785
998;5.52696769
999;6.87565753
1000;9.5730372
1001;10.0746
1002;10.0746
1003;0.691908333
1004;10.0746
1005;10.0746
1006;10.0746
1007;10.0746
1008;6.4275801
1009;5.37835148
1010;5.37835148
1011;6.4275801
1012;7.47680873
1013;10.0746
1014;10.0746
1015;10.0746
1016;7.47680873
1017;7.47680873
1018;5.37835148
1019;3.27989422
1020;3.27989422
1021;3.27989422
1022;4.32912285
1023;5.37835148
1024;7.47680873
1025;10.0746
1026;10.0746
1027;10.0746
1028;10.0746
1029;10.0746
1030;8.52603736
1031;8.52603736
1032;9.13095379
1033;7.63116288
1034;7.63116288
1035;9.13095379
1036;10.0746
1037;10.0746
1038;10.0746
1039;0.691908333
1040;10.0746
1041;10.0746
1042;7.63116288
1043;4.63158106
1044;4.63158106
1045;4.63158106
1046;6.13137197
1047;7.63116288
1048;10.0746
1049;10.0746
1050;10.0746
1051;0.691908333
1052;10.0746
1053;10.0746
1054;10.0746
1055;10.0746
1056;7.23338859
1057;6.04985855
1058;6.04985855
1059;6.04985855
1060;6.04985855
1061;7.23338859
1062;9.60044868
1063;10.0746
1064;10.0746
1065;10.0746
1066;9.60044868
1067;8.41691864
1068;6.04985855
1069;6.04985855
1070;7.23338859
1071;9.60044868
1072;10.0746
1073;10.0746
1074;10.0746
1075;10.0746
1076;10.0746
1077;10.0746
1078;9.60044868
1079;8.41691864
1080;7.95220014
1081;6.64886817
1082;6.64886817
1083;6.64886817
1084;6.64886817
1085;7.95220014
1086;10.0746
1087;10.0746
1088;10.0746
1089;10.0746
1090;10.0746
1091;9.25553211
1092;6.64886817
1093;6.64886817
1094;7.95220014
1095;10.0746
1096;10.0746
1097;10.0746
1098;10.0746
1099;10.0746
1100;10.0746
1101;10.0746
1102;10.0746
1103;9.25553211
1104;10.0746
1105;9.84861675
1106;9.84861675
1107;10.0746
1108;10.0746
1109;10.0746
1110;0.691908333
1111;0.691908333
1112;0.691908333
1113;0.691908333
1114;0.691908333
1115;0.691908333
1116;0.691908333
1117;0.691908333
1118;0.691908333
1119;0.691908333
1120;0.691908333
1121;0.691908333
1122;0.691908333
1123;0.691908333
1124;0.691908333
1125;0.691908333
1126;0.691908333
1127;0.691908333
1128;0.691908333
1129;9.32026489
1130;9.32026489
1131;10.0746
1132;10.0746
1133;10.0746
1134;0.691908333
1135;0.691908333
1136;0.691908333
1137;10.0746
1138;9.32026489
1139;5.64504227
1140;5.64504227
1141;5.64504227
1142;7.48265358
1143;9.32026489
1144;10.0746
1145;10.0746
1146;0.691908333
1147;0.691908333
1148;10.0746
1149;0.691908333
1150;0.691908333
1151;10.0746
1152;10.0746
1153;9.15045624
1154;9.15045624
1155;10.0746
1156;10.0746
1157;10.0746
1158;0.691908333
1159;10.0746
1160;0.691908333
1161;10.0746
1162;9.15045624
1163;5.54315708
1164;5.54315708
1165;5.54315708
1166;7.34680666
1167;9.15045624
1168;10.0746
1169;10.0746
1170;0.691908333
1171;10.0746
1172;10.0746
1173;0.691908333
1174;0.691908333
1175;10.0746
1176;10.0746
1177;9.75074455
1178;9.75074455
1179;10.0746
1180;10.0746
1181;10.0746
1182;10.0746
1183;0.691908333
1184;0.691908333
1185;0.691908333
1186;0.691908333
1187;5.90333006
1188;5.90333006
1189;5.90333006
1190;7.82703731
1191;9.75074455
1192;10.0746
1193;10.0746
1194;10.0746
1195;0.691908333
1196;0.691908333
1197;10.0746
1198;10.0746
1199;10.0746
1200;10.0746
1201;9.01904331
1202;9.01904331
1203;10.0746
1204;10.0746
1205;10.0746
1206;10.0746
1207;10.0746
1208;10.0746
1209;10.0746
1210;9.01904331
1211;5.46430932
1212;5.46430932
1213;5.46430932
1214;7.24167631
1215;9.01904331
1216;10.0746
1217;10.0746
1218;10.0746
1219;10.0746
1220;10.0746
1221;10.0746
1222;10.0746
1223;10.0746
1224;5.07791533
1225;4.25363083
1226;4.25363083
1227;4.25363083
1228;4.25363083
1229;5.07791533
1230;6.72648433
1231;8.37505333
1232;8.37505333
1233;8.37505333
1234;6.72648433
1235;5.90219983
1236;4.25363083
1237;4.25363083
1238;5.07791533
1239;6.72648433
1240;10.0236223
1241;10.0236223
1242;10.0236223
1243;9.19933783
1244;8.37505333
1245;7.55076883
1246;6.72648433
1247;5.90219983
1248;2.28789639
1249;1.92861505
1250;1.92861505
1251;1.92861505
1252;1.92861505
1253;2.28789639
1254;3.00645908
1255;3.72502177
1256;3.72502177
1257;3.72502177
1258;3.00645908
1259;2.64717774
1260;1.92861505
1261;1.92861505
1262;2.28789639
1263;3.00645908
1264;4.44358446
1265;4.44358446
1266;4.44358446
1267;4.08430311
1268;3.72502177
1269;3.36574043
1270;3.00645908
1271;2.64717774
1272;6.43884788
1273;5.38774129
1274;5.38774129
1275;6.43884788
1276;7.48995447
1277;10.0746
1278;10.0746
1279;10.0746
1280;7.48995447
1281;7.48995447
1282;5.38774129
1283;3.28552811
1284;3.28552811
1285;3.28552811
1286;4.3366347
1287;5.38774129
1288;7.48995447
1289;10.0746
1290;10.0746
1291;10.0746
1292;10.0746
1293;10.0746
1294;8.54106106
1295;8.54106106
1296;9.01346538
1297;7.53325588
1298;7.53325588
1299;9.01346538
1300;10.0746
1301;10.0746
1302;10.0746
1303;0.691908333
1304;0.691908333
1305;10.0746
1306;7.53325588
1307;4.57283686
1308;4.57283686
1309;4.57283686
1310;6.05304637
1311;7.53325588
1312;10.0746
1313;10.0746
1314;10.0746
1315;0.691908333
1316;10.0746
1317;0.691908333
1318;0.691908333
1319;10.0746
1320;10.0746
1321;10.0360508
1322;10.0360508
1323;10.0746
1324;10.0746
1325;10.0746
1326;10.0746
1327;10.0746
1328;10.0746
1329;10.0746
1330;10.0360508
1331;6.07451381
1332;6.07451381
1333;6.07451381
1334;8.05528231
1335;10.0360508
1336;10.0746
1337;10.0746
1338;10.0746
1339;10.0746
1340;10.0746
1341;10.0746
1342;10.0746
1343;10.0746
1344;8.90165704
1345;7.44008225
1346;7.44008225
1347;8.90165704
1348;10.0746
1349;10.0746
1350;10.0746
1351;0.691908333
1352;0.691908333
1353;10.0746
1354;7.44008225
1355;4.51693268
1356;4.51693268
1357;4.51693268
1358;5.97850747
1359;7.44008225
1360;10.0746
1361;10.0746
1362;10.0746
1363;0.691908333
1364;10.0746
1365;10.0746
1366;10.0746
1367;10.0746
1368;8.201568
1369;6.85667472
1370;6.85667472
1371;8.201568
1372;9.54646127
1373;10.0746
1374;10.0746
1375;0.691908333
1376;9.54646127
1377;9.54646127
1378;6.85667472
1379;4.16688817
1380;4.16688817
1381;4.16688817
1382;5.51178144
1383;6.85667472
1384;9.54646127
1385;10.0746
1386;10.0746
1387;0.691908333
1388;10.0746
1389;10.0746
1390;10.0746
1391;10.0746
1392;9.79661219
1393;8.18587821
1394;8.18587821
1395;8.18587821
1396;8.18587821
1397;9.79661219
1398;10.0746
1399;10.0746
1400;0.691908333
1401;10.0746
1402;0.691908333
1403;0.691908333
1404;0.691908333
1405;8.18587821
1406;9.79661219
1407;10.0746
1408;10.0746
1409;10.0746
1410;10.0746
1411;10.0746
1412;10.0746
1413;0.691908333
1414;0.691908333
1415;0.691908333
1416;0.691908333
1417;0.691908333
1418;0.691908333
1419;0.691908333
1420;0.691908333
1421;0.691908333
1422;0.691908333
1423;0.691908333
1424;8.61200916
1425;8.61200916
1426;6.91604899
1427;6.06806891
1428;4.37210875
1429;4.37210875
1430;5.22008883
1431;6.91604899
1432;10.0746
1433;10.0746
1434;10.0746
1435;9.45998924
1436;8.61200916
1437;7.76402907
1438;6.91604899
1439;6.06806891
1440;5.95847417
1441;4.98742986
1442;4.98742986
1443;5.95847417
1444;6.92951847
1445;9.84265139
1446;10.0746
1447;9.84265139
1448;6.92951847
1449;6.92951847
1450;4.98742986
1451;3.04534125
1452;3.04534125
1453;3.04534125
1454;4.01638556
1455;4.98742986
1456;6.92951847
1457;9.84265139
1458;10.0746
1459;10.0746
1460;9.84265139
1461;9.84265139
1462;7.90056278
1463;7.90056278
1464;9.8230919
1465;8.20794464
1466;8.20794464
1467;9.8230919
1468;10.0746
1469;10.0746
1470;10.0746
1471;10.0746
1472;10.0746
1473;10.0746
1474;8.20794464
1475;4.97765012
1476;4.97765012
1477;4.97765012
1478;6.59279738
1479;8.20794464
1480;10.0746
1481;10.0746
1482;10.0746
1483;10.0746
1484;10.0746
1485;10.0746
1486;10.0746
1487;10.0746
1488;9.2579039
1489;7.73695464
1490;7.73695464
1491;9.2579039
1492;10.0746
1493;10.0746
1494;0.691908333
1495;10.0746
1496;10.0746
1497;10.0746
1498;7.73695464
1499;4.69505612
1500;4.69505612
1501;4.69505612
1502;6.21600538
1503;7.73695464
1504;10.0746
1505;10.0746
1506;0.691908333
1507;10.0746
1508;10.0746
1509;10.0746
1510;0.691908333
1511;10.0746
1512;9.26018872
1513;7.73885865
1514;7.73885865
1515;9.26018872
1516;10.0746
1517;10.0746
1518;10.0746
1519;10.0746
1520;10.0746
1521;10.0746
1522;7.73885865
1523;4.69619852
1524;4.69619852
1525;4.69619852
1526;6.21752859
1527;7.73885865
1528;10.0746
1529;10.0746
1530;10.0746
1531;10.0746
1532;10.0746
1533;10.0746
1534;10.0746
1535;10.0746
1536;7.32143557
1537;6.12323103
1538;6.12323103
1539;7.32143557
1540;8.51964011
1541;10.0746
1542;10.0746
1543;10.0746
1544;8.51964011
1545;8.51964011
1546;6.12323103
1547;3.72682195
1548;3.72682195
1549;3.72682195
1550;4.92502649
1551;6.12323103
1552;8.51964011
1553;10.0746
1554;10.0746
1555;10.0746
1556;10.0746
1557;10.0746
1558;9.71784465
1559;9.71784465
1560;8.54892861
1561;7.1461419
1562;7.1461419
1563;7.1461419
1564;7.1461419
1565;8.54892861
1566;10.0746
1567;10.0746
1568;10.0746
1569;10.0746
1570;10.0746
1571;9.95171533
1572;7.1461419
1573;7.1461419
1574;8.54892861
1575;10.0746
1576;10.0746
1577;10.0746
1578;10.0746
1579;10.0746
1580;0.691908333
1581;10.0746
1582;10.0746
1583;9.95171533
1584;5.17881152
1585;4.33771098
1586;4.33771098
1587;4.33771098
1588;4.33771098
1589;5.17881152
1590;6.86101258
1591;8.54321364
1592;8.54321364
1593;8.54321364
1594;6.86101258
1595;6.01991205
1596;4.33771098
1597;4.33771098
1598;5.17881152
1599;6.86101258
1600;10.0746
1601;10.0746
1602;10.0746
1603;9.38431417
1604;8.54321364
1605;7.70211311
1606;6.86101258
1607;6.01991205
1608;8.80073753
1609;7.35598267
1610;7.35598267
1611;8.80073753
1612;10.0746
1613;10.0746
1614;10.0746
1615;0.691908333
1616;10.0746
1617;10.0746
1618;7.35598267
1619;4.46647293
1620;4.46647293
1621;4.46647293
1622;5.9112278
1623;7.35598267
1624;10.0746
1625;10.0746
1626;10.0746
1627;0.691908333
1628;10.0746
1629;10.0746
1630;10.0746
1631;10.0746
1632;9.50800408
1633;7.94537146
1634;7.94537146
1635;9.50800408
1636;10.0746
1637;10.0746
1638;0.691908333
1639;10.0746
1640;10.0746
1641;10.0746
1642;7.94537146
1643;4.82010621
1644;4.82010621
1645;4.82010621
1646;6.38273883
1647;7.94537146
1648;10.0746
1649;10.0746
1650;0.691908333
1651;10.0746
1652;10.0746
1653;10.0746
1654;0.691908333
1655;10.0746
1656;2.68303776
1657;2.25789952
1658;2.25789952
1659;2.68303776
1660;3.108176
1661;4.38359071
1662;5.23386719
1663;4.38359071
1664;3.108176
1665;3.108176
1666;2.25789952
1667;1.40762305
1668;1.40762305
1669;1.40762305
1670;1.83276129
1671;2.25789952
1672;3.108176
1673;4.38359071
1674;5.23386719
1675;5.23386719
1676;4.38359071
1677;4.38359071
1678;3.53331424
1679;3.53331424
1680;2.38749006
1681;2.01160977
1682;2.01160977
1683;2.38749006
1684;2.76337035
1685;3.89101122
1686;4.64277179
1687;3.89101122
1688;2.76337035
1689;2.76337035
1690;2.01160977
1691;1.2598492
1692;1.2598492
1693;1.2598492
1694;1.63572949
1695;2.01160977
1696;2.76337035
1697;3.89101122
1698;4.64277179
1699;4.64277179
1700;3.89101122
1701;3.89101122
1702;3.13925064
1703;3.13925064
1704;5.95488995
1705;4.98444302
1706;4.98444302
1707;5.95488995
1708;6.92533689
1709;9.8366777
1710;10.0746
1711;9.8366777
1712;6.92533689
1713;6.92533689
1714;4.98444302
1715;3.04354914
1716;3.04354914
1717;3.04354914
1718;4.01399608
1719;4.98444302
1720;6.92533689
1721;9.8366777
1722;10.0746
1723;10.0746
1724;9.8366777
1725;9.8366777
1726;7.89578383
1727;7.89578383
1728;5.44628531
1729;4.56060581
1730;4.56060581
1731;4.56060581
1732;4.56060581
1733;5.44628531
1734;7.2176443
1735;8.9890033
1736;8.9890033
1737;8.9890033
1738;7.2176443
1739;6.33196481
1740;4.56060581
1741;4.56060581
1742;5.44628531
1743;7.2176443
1744;10.0746
1745;10.0746
1746;10.0746
1747;9.87468279
1748;8.9890033
1749;8.1033238
1750;7.2176443
1751;6.33196481
1752;4.38186228
1753;3.67358662
1754;3.67358662
1755;3.67358662
1756;3.67358662
1757;4.38186228
1758;5.7984136
1759;7.21496491
1760;7.21496491
1761;7.21496491
1762;5.7984136
1763;5.09013794
1764;3.67358662
1765;3.67358662
1766;4.38186228
1767;5.7984136
1768;8.63151623
1769;8.63151623
1770;8.63151623
1771;7.92324057
1772;7.21496491
1773;6.50668925
1774;5.7984136
1775;5.09013794
1776;3.56869278
1777;2.99594537
1778;2.99594537
1779;3.56869278
1780;4.14144019
1781;5.85968241
1782;7.00517722
1783;5.85968241
1784;4.14144019
1785;4.14144019
1786;2.99594537
1787;1.85045056
1788;1.85045056
1789;1.85045056
1790;2.42319796
1791;2.99594537
1792;4.14144019
1793;5.85968241
1794;7.00517722
1795;7.00517722
1796;5.85968241
1797;5.85968241
1798;4.71418759
1799;4.71418759
1800;5.24487054
1801;4.39276017
1802;4.39276017
1803;5.24487054
1804;6.09698091
1805;8.65331202
1806;10.0746
1807;8.65331202
1808;6.09698091
1809;6.09698091
1810;4.39276017
1811;2.68853944
1812;2.68853944
1813;2.68853944
1814;3.54064981
1815;4.39276017
1816;6.09698091
1817;8.65331202
1818;10.0746
1819;10.0746
1820;8.65331202
1821;8.65331202
1822;6.94909128
1823;6.94909128
1824;2.77517696
1825;2.33468219
1826;2.33468219
1827;2.77517696
1828;3.21567173
1829;4.53715604
1830;5.41814558
1831;4.53715604
1832;3.21567173
1833;3.21567173
1834;2.33468219
1835;1.45369265
1836;1.45369265
1837;1.45369265
1838;1.89418742
1839;2.33468219
1840;3.21567173
1841;4.53715604
1842;5.41814558
1843;5.41814558
1844;4.53715604
1845;4.53715604
1846;3.6561665
1847;3.6561665
1848;2.25484429
1849;1.90107163
1850;1.90107163
1851;2.25484429
1852;2.60861695
1853;3.66993493
1854;4.37748025
1855;3.66993493
1856;2.60861695
1857;2.60861695
1858;1.90107163
1859;1.19352631
1860;1.19352631
1861;1.19352631
1862;1.54729897
1863;1.90107163
1864;2.60861695
1865;3.66993493
1866;4.37748025
1867;4.37748025
1868;3.66993493
1869;3.66993493
1870;2.96238961
1871;2.96238961
1872;2.22080068
1873;1.87270196
1874;1.87270196
1875;2.22080068
1876;2.56889941
1877;3.61319558
1878;4.30939303
1879;3.61319558
1880;2.56889941
1881;2.56889941
1882;1.87270196
1883;1.17650451
1884;1.17650451
1885;1.17650451
1886;1.52460323
1887;1.87270196
1888;2.56889941
1889;3.61319558
1890;4.30939303
1891;4.30939303
1892;3.61319558
1893;3.61319558
1894;2.91699813
1895;2.91699813
1896;8.59380972
1897;7.18354282
1898;7.18354282
1899;7.18354282
1900;7.18354282
1901;8.59380972
1902;10.0746
1903;10.0746
1904;10.0746
1905;10.0746
1906;10.0746
1907;10.0040766
1908;7.18354282
1909;7.18354282
1910;8.59380972
1911;10.0746
1912;10.0746
1913;0.691908333
1914;10.0746
1915;0.691908333
1916;0.691908333
1917;0.691908333
1918;10.0746
1919;10.0040766
1920;5.85676244
1921;4.90267009
1922;4.90267009
1923;4.90267009
1924;4.90267009
1925;5.85676244
1926;7.76494714
1927;9.67313184
1928;9.67313184
1929;9.67313184
1930;7.76494714
1931;6.81085479
1932;4.90267009
1933;4.90267009
1934;5.85676244
1935;7.76494714
1936;10.0746
1937;10.0746
1938;10.0746
1939;10.0746
1940;9.67313184
1941;8.71903949
1942;7.76494714
1943;6.81085479
1944;7.53449167
1945;6.30077778
1946;6.30077778
1947;7.53449167
1948;8.76820555
1949;10.0746
1950;10.0746
1951;10.0746
1952;8.76820555
1953;8.76820555
1954;6.30077778
1955;3.83335
1956;3.83335
1957;3.83335
1958;5.06706389
1959;6.30077778
1960;8.76820555
1961;10.0746
1962;10.0746
1963;10.0746
1964;10.0746
1965;10.0746
1966;10.0019194
1967;10.0019194
1968;7.40679989
1969;6.19436797
1970;6.19436797
1971;7.40679989
1972;8.61923182
1973;10.0746
1974;10.0746
1975;10.0746
1976;8.61923182
1977;8.61923182
1978;6.19436797
1979;3.76950411
1980;3.76950411
1981;3.76950411
1982;4.98193604
1983;6.19436797
1984;8.61923182
1985;10.0746
1986;10.0746
1987;10.0746
1988;10.0746
1989;10.0746
1990;9.83166374
1991;9.83166374
1992;7.20120454
1993;6.0230385
1994;6.0230385
1995;7.20120454
1996;8.37937057
1997;10.0746
1998;10.0746
1999;10.0746
2000;8.37937057
2001;8.37937057
2002;6.0230385
2003;3.66670644
2004;3.66670644
2005;3.66670644
2006;4.84487247
2007;6.0230385
2008;8.37937057
2009;10.0746
2010;10.0746
2011;10.0746
2012;10.0746
2013;10.0746
2014;9.5575366
2015;9.5575366
2016;8.05801627
2017;6.73704828
2018;6.73704828
2019;8.05801627
2020;9.37898426
2021;10.0746
2022;10.0746
2023;10.0746
2024;9.37898426
2025;9.37898426
2026;6.73704828
2027;4.0951123
2028;4.0951123
2029;4.0951123
2030;5.41608029
2031;6.73704828
2032;9.37898426
2033;10.0746
2034;10.0746
2035;10.0746
2036;10.0746
2037;10.0746
2038;10.0746
2039;10.0746
2040;3.76196899
2041;3.15700888
2042;3.15700888
2043;3.76196899
2044;4.3669291
2045;6.18180943
2046;7.39172965
2047;6.18180943
2048;4.3669291
2049;4.3669291
2050;3.15700888
2051;1.94708866
2052;1.94708866
2053;1.94708866
2054;2.55204877
2055;3.15700888
2056;4.3669291
2057;6.18180943
2058;7.39172965
2059;7.39172965
2060;6.18180943
2061;6.18180943
2062;4.97188921
2063;4.97188921
2064;3.1668741
2065;2.66109648
2066;2.66109648
2067;2.66109648
2068;2.66109648
2069;3.1668741
2070;4.17842936
2071;5.18998462
2072;5.18998462
2073;5.18998462
2074;4.17842936
2075;3.67265173
2076;2.66109648
2077;2.66109648
2078;3.1668741
2079;4.17842936
2080;6.20153988
2081;6.20153988
2082;6.20153988
2083;5.69576225
2084;5.18998462
2085;4.68420699
2086;4.17842936
2087;3.67265173
2088;6.28126626
2089;5.25642327
2090;5.25642327
2091;5.25642327
2092;5.25642327
2093;6.28126626
2094;8.33095224
2095;10.0746
2096;10.0746
2097;10.0746
2098;8.33095224
2099;7.30610925
2100;5.25642327
2101;5.25642327
2102;6.28126626
2103;8.33095224
2104;10.0746
2105;10.0746
2106;10.0746
2107;10.0746
2108;10.0746
2109;9.35579522
2110;8.33095224
2111;7.30610925
2112;8.77331887
2113;7.33313378
2114;7.33313378
2115;8.77331887
2116;10.0746
2117;10.0746
2118;10.0746
2119;0.691908333
2120;10.0746
2121;10.0746
2122;7.33313378
2123;4.4527636
2124;4.4527636
2125;4.4527636
2126;5.89294869
2127;7.33313378
2128;10.0746
2129;10.0746
2130;10.0746
2131;0.691908333
2132;10.0746
2133;10.0746
2134;10.0746
2135;10.0746
2136;7.18188367
2137;6.00693778
2138;6.00693778
2139;7.18188367
2140;8.35682956
2141;10.0746
2142;10.0746
2143;10.0746
2144;8.35682956
2145;8.35682956
2146;6.00693778
2147;3.657046
2148;3.657046
2149;3.657046
2150;4.83199189
2151;6.00693778
2152;8.35682956
2153;10.0746
2154;10.0746
2155;10.0746
2156;10.0746
2157;10.0746
2158;9.53177545
2159;9.53177545
2160;2.47661086
2161;2.47661086
2162;2.47661086
2163;4.82101339
2164;4.82101339
2165;10.0746
2166;10.0746
2167;10.0746
2168;10.0746
2169;9.50981844
2170;4.82101339
2171;4.82101339
2172;2.47661086
2173;2.47661086
2174;7.16541591
2175;10.0746
2176;10.0746
2177;10.0746
2178;0.691908333
2179;10.0746
2180;0.691908333
2181;10.0746
2182;7.16541591
2183;4.82101339
2184;1.18159236
2185;1.18159236
2186;1.18159236
2187;2.23097638
2188;2.23097638
2189;5.37912846
2190;7.47789651
2191;7.47789651
2192;6.42851248
2193;4.32974443
2194;2.23097638
2195;2.23097638
2196;1.18159236
2197;1.18159236
2198;3.28036041
2199;5.37912846
2200;7.47789651
2201;8.52728054
2202;9.57666456
2203;9.57666456
2204;5.37912846
2205;5.37912846
2206;3.28036041
2207;2.23097638
2208;0.756309237
2209;0.756309237
2210;0.756309237
2211;1.38041014
2212;1.38041014
2213;3.25271285
2214;4.50091466
2215;4.50091466
2216;3.87681375
2217;2.62861195
2218;1.38041014
2219;1.38041014
2220;0.756309237
2221;0.756309237
2222;2.00451104
2223;3.25271285
2224;4.50091466
2225;5.12501556
2226;5.74911646
2227;5.74911646
2228;3.25271285
2229;3.25271285
2230;2.00451104
2231;1.38041014
2232;0.477184025
2233;0.477184025
2234;0.477184025
2235;0.477184025
2236;0.477184025
2237;0.822159717
2238;1.85708679
2239;2.20206248
2240;1.85708679
2241;1.5121111
2242;1.5121111
2243;0.822159717
2244;0.822159717
2245;1.16713541
2246;1.5121111
2247;2.20206248
2248;2.54703818
2249;2.54703818
2250;2.20206248
2251;1.85708679
2252;1.5121111
2253;1.16713541
2254;1.16713541
2255;0.822159717
2256;0.786294807
2257;0.786294807
2258;0.786294807
2259;0.786294807
2260;0.786294807
2261;1.44038128
2262;3.4026407
2263;4.05672718
2264;3.4026407
2265;2.74855423
2266;2.74855423
2267;1.44038128
2268;1.44038128
2269;2.09446775
2270;2.74855423
2271;4.05672718
2272;4.71081365
2273;4.71081365
2274;4.05672718
2275;3.4026407
2276;2.74855423
2277;2.09446775
2278;2.09446775
2279;1.44038128
2280;1.01822127
2281;1.01822127
2282;1.01822127
2283;1.9042342
2284;1.9042342
2285;4.56227301
2286;6.33429888
2287;6.33429888
2288;5.44828595
2289;3.67626008
2290;1.9042342
2291;1.9042342
2292;1.01822127
2293;1.01822127
2294;2.79024714
2295;4.56227301
2296;6.33429888
2297;7.22031182
2298;8.10632475
2299;8.10632475
2300;4.56227301
2301;4.56227301
2302;2.79024714
2303;1.9042342
2304;0.889004951
2305;0.889004951
2306;0.889004951
2307;1.64580157
2308;1.64580157
2309;3.91619142
2310;5.42978466
2311;5.42978466
2312;4.67298804
2313;3.15939481
2314;1.64580157
2315;1.64580157
2316;0.889004951
2317;0.889004951
2318;2.40259819
2319;3.91619142
2320;5.42978466
2321;6.18658128
2322;6.9433779
2323;6.9433779
2324;3.91619142
2325;3.91619142
2326;2.40259819
2327;1.64580157
2328;0.616246969
2329;0.616246969
2330;0.616246969
2331;1.10028561
2332;1.10028561
2333;2.55240151
2334;3.52047879
2335;3.52047879
2336;3.03644015
2337;2.06836288
2338;1.10028561
2339;1.10028561
2340;0.616246969
2341;0.616246969
2342;1.58432424
2343;2.55240151
2344;3.52047879
2345;4.00451742
2346;4.48855606
2347;4.48855606
2348;2.55240151
2349;2.55240151
2350;1.58432424
2351;1.10028561
2352;0.461156802
2353;0.461156802
2354;0.461156802
2355;0.79010527
2356;0.79010527
2357;1.77695067
2358;2.43484761
2359;2.43484761
2360;2.10589914
2361;1.44800221
2362;0.79010527
2363;0.79010527
2364;0.461156802
2365;0.461156802
2366;1.11905374
2367;1.77695067
2368;2.43484761
2369;2.76379608
2370;3.09274455
2371;3.09274455
2372;1.77695067
2373;1.77695067
2374;1.11905374
2375;0.79010527
2376;0.448020678
2377;0.448020678
2378;0.448020678
2379;0.763833022
2380;0.763833022
2381;1.71127005
2382;2.34289474
2383;2.34289474
2384;2.0270824
2385;1.39545771
2386;0.763833022
2387;0.763833022
2388;0.448020678
2389;0.448020678
2390;1.07964537
2391;1.71127005
2392;2.34289474
2393;2.65870709
2394;2.97451943
2395;2.97451943
2396;1.71127005
2397;1.71127005
2398;1.07964537
2399;0.763833022
2400;0.682388353
2401;0.682388353
2402;0.682388353
2403;0.682388353
2404;0.682388353
2405;1.23256837
2406;2.88310843
2407;3.43328845
2408;2.88310843
2409;2.33292841
2410;2.33292841
2411;1.23256837
2412;1.23256837
2413;1.78274839
2414;2.33292841
2415;3.43328845
2416;3.98346847
2417;3.98346847
2418;3.43328845
2419;2.88310843
2420;2.33292841
2421;1.78274839
2422;1.78274839
2423;1.23256837
2424;0.465295338
2425;0.465295338
2426;0.465295338
2427;0.465295338
2428;0.465295338
2429;0.798382343
2430;1.79764336
2431;2.13073036
2432;1.79764336
2433;1.46455635
2434;1.46455635
2435;0.798382343
2436;0.798382343
2437;1.13146935
2438;1.46455635
2439;2.13073036
2440;2.46381737
2441;2.46381737
2442;2.13073036
2443;1.79764336
2444;1.46455635
2445;1.13146935
2446;1.13146935
2447;0.798382343
2448;0.482641851
2449;0.482641851
2450;0.482641851
2451;0.833075369
2452;0.833075369
2453;1.88437592
2454;2.58524296
2455;2.58524296
2456;2.23480944
2457;1.5339424
2458;0.833075369
2459;0.833075369
2460;0.482641851
2461;0.482641851
2462;1.18350889
2463;1.88437592
2464;2.58524296
2465;2.93567647
2466;3.28610999
2467;3.28610999
2468;1.88437592
2469;1.88437592
2470;1.18350889
2471;0.833075369
2472;0.615064116
2473;0.615064116
2474;0.615064116
2475;1.0979199
2476;1.0979199
2477;2.54648725
2478;3.51219881
2479;3.51219881
2480;3.02934303
2481;2.06363146
2482;1.0979199
2483;1.0979199
2484;0.615064116
2485;0.615064116
2486;1.58077568
2487;2.54648725
2488;3.51219881
2489;3.99505459
2490;4.47791038
2491;4.47791038
2492;2.54648725
2493;2.54648725
2494;1.58077568
2495;1.0979199
2496;0.486397947
2497;0.486397947
2498;0.486397947
2499;0.84058756
2500;0.84058756
2501;1.9031564
2502;2.61153563
2503;2.61153563
2504;2.25734601
2505;1.54896679
2506;0.84058756
2507;0.84058756
2508;0.486397947
2509;0.486397947
2510;1.19477717
2511;1.9031564
2512;2.61153563
2513;2.96572524
2514;3.31991485
2515;3.31991485
2516;1.9031564
2517;1.9031564
2518;1.19477717
2519;0.84058756
2520;0.944981641
2521;0.944981641
2522;0.944981641
2523;1.75775495
2524;1.75775495
2525;4.19607487
2526;5.82162149
2527;5.82162149
2528;5.00884818
2529;3.38330156
2530;1.75775495
2531;1.75775495
2532;0.944981641
2533;0.944981641
2534;2.57052826
2535;4.19607487
2536;5.82162149
2537;6.63439479
2538;7.4471681
2539;7.4471681
2540;4.19607487
2541;4.19607487
2542;2.57052826
2543;1.75775495
2544;0.660480935
2545;0.660480935
2546;0.660480935
2547;1.18875354
2548;1.18875354
2549;2.77357134
2550;3.83011654
2551;3.83011654
2552;3.30184394
2553;2.24529874
2554;1.18875354
2555;1.18875354
2556;0.660480935
2557;0.660480935
2558;1.71702614
2559;2.77357134
2560;3.83011654
2561;4.35838915
2562;4.88666175
2563;4.88666175
2564;2.77357134
2565;2.77357134
2566;1.71702614
2567;1.18875354
2568;0.341988185
2569;0.341988185
2570;0.341988185
2571;0.341988185
2572;0.341988185
2573;0.551768037
2574;1.18110759
2575;1.39088745
2576;1.18110759
2577;0.971327741
2578;0.971327741
2579;0.551768037
2580;0.551768037
2581;0.761547889
2582;0.971327741
2583;1.39088745
2584;1.6006673
2585;1.6006673
2586;1.39088745
2587;1.18110759
2588;0.971327741
2589;0.761547889
2590;0.761547889
2591;0.551768037
2592;0.132208333
2593;0.132208333
2594;0.132208333
2595;0.132208333
2596;0.132208333
2597;0.132208333
2598;0.132208333
2599;0.132208333
2600;0.132208333
2601;0.132208333
2602;0.132208333
2603;0.132208333
2604;0.132208333
2605;0.132208333
2606;0.132208333
2607;0.132208333
2608;0.132208333
2609;0.132208333
2610;0.132208333
2611;0.132208333
2612;0.132208333
2613;0.132208333
2614;0.132208333
2615;0.132208333
2616;0.132208333
2617;0.132208333
2618;0.132208333
2619;0.132208333
2620;0.132208333
2621;0.132208333
2622;0.132208333
2623;0.132208333
2624;0.132208333
2625;0.132208333
2626;0.132208333
2627;0.132208333
2628;0.132208333
2629;0.132208333
2630;0.132208333
2631;0.132208333
2632;0.132208333
2633;0.132208333
2634;0.132208333
2635;0.132208333
2636;0.132208333
2637;0.132208333
2638;0.132208333
2639;0.132208333
2640;0.132208333
2641;0.132208333
2642;0.132208333
2643;0.132208333
2644;0.132208333
2645;0.132208333
2646;0.132208333
2647;0.132208333
2648;0.132208333
2649;0.132208333
2650;0.132208333
2651;0.132208333
2652;0.132208333
2653;0.132208333
2654;0.132208333
2655;0.132208333
2656;0.132208333
2657;0.132208333
2658;0.132208333
2659;0.132208333
2660;0.132208333
2661;0.132208333
2662;0.132208333
2663;0.132208333
2664;0.132208333
2665;0.132208333
2666;0.132208333
2667;0.132208333
2668;0.132208333
2669;0.132208333
2670;0.132208333
2671;0.132208333
2672;0.132208333
2673;0.132208333
2674;0.132208333
2675;0.132208333
2676;0.132208333
2677;0.132208333
2678;0.132208333
2679;0.132208333
2680;0.132208333
2681;0.132208333
2682;0.132208333
2683;0.132208333
2684;0.132208333
2685;0.132208333
2686;0.132208333
2687;0.132208333
2688;0.132208333
2689;0.132208333
2690;0.132208333
2691;0.132208333
2692;0.132208333
2693;0.132208333
2694;0.132208333
2695;0.132208333
2696;0.132208333
2697;0.132208333
2698;0.132208333
2699;0.132208333
2700;0.132208333
2701;0.132208333
2702;0.132208333
2703;0.132208333
2704;0.132208333
2705;0.132208333
2706;0.132208333
2707;0.132208333
2708;0.132208333
2709;0.132208333
2710;0.132208333
2711;0.132208333
2712;0.132208333
2713;0.132208333
2714;0.132208333
2715;0.132208333
2716;0.132208333
2717;0.132208333
2718;0.132208333
2719;0.132208333
2720;0.132208333
2721;0.132208333
2722;0.132208333
2723;0.132208333
2724;0.132208333
2725;0.132208333
2726;0.132208333
2727;0.132208333
2728;0.132208333
2729;0.132208333
2730;0.132208333
2731;0.132208333
2732;0.132208333
2733;0.132208333
2734;0.132208333
2735;0.132208333
2736;0.132208333
2737;0.132208333
2738;0.132208333
2739;0.132208333
2740;0.132208333
2741;0.132208333
2742;0.132208333
2743;0.132208333
2744;0.132208333
2745;0.132208333
2746;0.132208333
2747;0.132208333
2748;0.132208333
2749;0.132208333
2750;0.132208333
2751;0.132208333
2752;0.132208333
2753;0.132208333
2754;0.132208333
2755;0.132208333
2756;0.132208333
2757;0.132208333
2758;0.132208333
2759;0.132208333
2760;0.678438545
2761;0.678438545
2762;0.678438545
2763;0.678438545
2764;0.678438545
2765;1.22466876
2766;2.86335939
2767;3.4095896
2768;2.86335939
2769;2.31712918
2770;2.31712918
2771;1.22466876
2772;1.22466876
2773;1.77089897
2774;2.31712918
2775;3.4095896
2776;3.95581982
2777;3.95581982
2778;3.4095896
2779;2.86335939
2780;2.31712918
2781;1.77089897
2782;1.77089897
2783;1.22466876
2784;0.638699438
2785;0.638699438
2786;0.638699438
2787;1.14519054
2788;1.14519054
2789;2.66466386
2790;3.67764607
2791;3.67764607
2792;3.17115496
2793;2.15817275
2794;1.14519054
2795;1.14519054
2796;0.638699438
2797;0.638699438
2798;1.65168165
2799;2.66466386
2800;3.67764607
2801;4.18413717
2802;4.69062828
2803;4.69062828
2804;2.66466386
2805;2.66466386
2806;1.65168165
2807;1.14519054
2808;0.132208333
2809;0.132208333
2810;0.132208333
2811;0.132208333
2812;0.132208333
2813;0.132208333
2814;0.132208333
2815;0.132208333
2816;0.132208333
2817;0.132208333
2818;0.132208333
2819;0.132208333
2820;0.132208333
2821;0.132208333
2822;0.132208333
2823;0.132208333
2824;0.132208333
2825;0.132208333
2826;0.132208333
2827;0.132208333
2828;0.132208333
2829;0.132208333
2830;0.132208333
2831;0.132208333
2832;0.132208333
2833;0.132208333
2834;0.132208333
2835;0.132208333
2836;0.132208333
2837;0.132208333
2838;0.132208333
2839;0.132208333
2840;0.132208333
2841;0.132208333
2842;0.132208333
2843;0.132208333
2844;0.132208333
2845;0.132208333
2846;0.132208333
2847;0.132208333
2848;0.132208333
2849;0.132208333
2850;0.132208333
2851;0.132208333
2852;0.132208333
2853;0.132208333
2854;0.132208333
2855;0.132208333
2856;0.132208333
2857;0.132208333
2858;0.132208333
2859;0.132208333
2860;0.132208333
2861;0.132208333
2862;0.132208333
2863;0.132208333
2864;0.132208333
2865;0.132208333
2866;0.132208333
2867;0.132208333
2868;0.132208333
2869;0.132208333
2870;0.132208333
2871;0.132208333
2872;0.132208333
2873;0.132208333
2874;0.132208333
2875;0.132208333
2876;0.132208333
2877;0.132208333
2878;0.132208333
2879;0.132208333
2880;0.181811133
2881;0.181811133
2882;0.181811133
2883;0.231413934
2884;0.231413934
2885;0.380222334
2886;0.479427934
2887;0.479427934
2888;0.429825134
2889;0.330619534
2890;0.231413934
2891;0.231413934
2892;0.181811133
2893;0.181811133
2894;0.281016734
2895;0.380222334
2896;0.479427934
2897;0.529030734
2898;0.578633534
2899;0.578633534
2900;0.380222334
2901;0.380222334
2902;0.281016734
2903;0.231413934
2904;0.132208333
2905;0.132208333
2906;0.132208333
2907;0.132208333
2908;0.132208333
2909;0.132208333
2910;0.132208333
2911;0.132208333
2912;0.132208333
2913;0.132208333
2914;0.132208333
2915;0.132208333
2916;0.132208333
2917;0.132208333
2918;0.132208333
2919;0.132208333
2920;0.132208333
2921;0.132208333
2922;0.132208333
2923;0.132208333
2924;0.132208333
2925;0.132208333
2926;0.132208333
2927;0.132208333
2928;0.197203724
2929;0.197203724
2930;0.197203724
2931;0.197203724
2932;0.197203724
2933;0.262199115
2934;0.457185288
2935;0.522180678
2936;0.457185288
2937;0.392189897
2938;0.392189897
2939;0.262199115
2940;0.262199115
2941;0.327194506
2942;0.392189897
2943;0.522180678
2944;0.587176069
2945;0.587176069
2946;0.522180678
2947;0.457185288
2948;0.392189897
2949;0.327194506
2950;0.327194506
2951;0.262199115
2952;0.280479994
2953;0.280479994
2954;0.280479994
2955;0.428751654
2956;0.428751654
2957;0.873566635
2958;1.17010996
2959;1.17010996
2960;1.0218383
2961;0.725294975
2962;0.428751654
2963;0.428751654
2964;0.280479994
2965;0.280479994
2966;0.577023314
2967;0.873566635
2968;1.17010996
2969;1.31838162
2970;1.46665328
2971;1.46665328
2972;0.873566635
2973;0.873566635
2974;0.577023314
2975;0.428751654
2976;0.545451164
2977;0.545451164
2978;0.545451164
2979;0.958693995
2980;0.958693995
2981;2.19842249
2982;3.02490815
2983;3.02490815
2984;2.61166532
2985;1.78517966
2986;0.958693995
2987;0.958693995
2988;0.545451164
2989;0.545451164
2990;1.37193683
2991;2.19842249
2992;3.02490815
2993;3.43815098
2994;3.85139381
2995;3.85139381
2996;2.19842249
2997;2.19842249
2998;1.37193683
2999;0.958693995
3000;1.47074776
3001;1.47074776
3002;1.47074776
3003;2.80928719
3004;2.80928719
3005;6.82490546
3006;9.50198432
3007;9.50198432
3008;8.16344489
3009;5.48636604
3010;2.80928719
3011;2.80928719
3012;1.47074776
3013;1.47074776
3014;4.14782661
3015;6.82490546
3016;9.50198432
3017;10.0746
3018;10.0746
3019;10.0746
3020;6.82490546
3021;6.82490546
3022;4.14782661
3023;2.80928719
3024;0.799709805
3025;0.799709805
3026;0.799709805
3027;1.46721128
3028;1.46721128
3029;3.46971569
3030;4.80471864
3031;4.80471864
3032;4.13721716
3033;2.80221422
3034;1.46721128
3035;1.46721128
3036;0.799709805
3037;0.799709805
3038;2.13471275
3039;3.46971569
3040;4.80471864
3041;5.47222011
3042;6.13972158
3043;6.13972158
3044;3.46971569
3045;3.46971569
3046;2.13471275
3047;1.46721128
3048;0.47000195
3049;0.47000195
3050;0.47000195
3051;0.807795567
3052;0.807795567
3053;1.82117642
3054;2.49676365
3055;2.49676365
3056;2.15897004
3057;1.4833828
3058;0.807795567
3059;0.807795567
3060;0.47000195
3061;0.47000195
3062;1.14558918
3063;1.82117642
3064;2.49676365
3065;2.83455727
3066;3.17235089
3067;3.17235089
3068;1.82117642
3069;1.82117642
3070;1.14558918
3071;0.807795567
3072;0.187023792
3073;0.187023792
3074;0.187023792
3075;0.187023792
3076;0.187023792
3077;0.24183925
3078;0.406285625
3079;0.461101083
3080;0.406285625
3081;0.351470166
3082;0.351470166
3083;0.24183925
3084;0.24183925
3085;0.296654708
3086;0.351470166
3087;0.461101083
3088;0.515916541
3089;0.515916541
3090;0.461101083
3091;0.406285625
3092;0.351470166
3093;0.296654708
3094;0.296654708
3095;0.24183925
3096;0.132208333
3097;0.132208333
3098;0.132208333
3099;0.132208333
3100;0.132208333
3101;0.132208333
3102;0.132208333
3103;0.132208333
3104;0.132208333
3105;0.132208333
3106;0.132208333
3107;0.132208333
3108;0.132208333
3109;0.132208333
3110;0.132208333
3111;0.132208333
3112;0.132208333
3113;0.132208333
3114;0.132208333
3115;0.132208333
3116;0.132208333
3117;0.132208333
3118;0.132208333
3119;0.132208333
3120;0.132208333
3121;0.132208333
3122;0.132208333
3123;0.132208333
3124;0.132208333
3125;0.132208333
3126;0.132208333
3127;0.132208333
3128;0.132208333
3129;0.132208333
3130;0.132208333
3131;0.132208333
3132;0.132208333
3133;0.132208333
3134;0.132208333
3135;0.132208333
3136;0.132208333
3137;0.132208333
3138;0.132208333
3139;0.132208333
3140;0.132208333
3141;0.132208333
3142;0.132208333
3143;0.132208333
3144;0.492722414
3145;0.492722414
3146;0.492722414
3147;0.853236494
3148;0.853236494
3149;1.93477873
3150;2.6558069
3151;2.6558069
3152;2.29529282
3153;1.57426465
3154;0.853236494
3155;0.853236494
3156;0.492722414
3157;0.492722414
3158;1.21375057
3159;1.93477873
3160;2.6558069
3161;3.01632098
3162;3.37683506
3163;3.37683506
3164;1.93477873
3165;1.93477873
3166;1.21375057
3167;0.853236494
3168;0.949447695
3169;0.949447695
3170;0.949447695
3171;1.76668706
3172;1.76668706
3173;4.21840514
3174;5.85288386
3175;5.85288386
3176;5.0356445
3177;3.40116578
3178;1.76668706
3179;1.76668706
3180;0.949447695
3181;0.949447695
3182;2.58392642
3183;4.21840514
3184;5.85288386
3185;6.67012322
3186;7.48736259
3187;7.48736259
3188;4.21840514
3189;4.21840514
3190;2.58392642
3191;1.76668706
3192;0.981242048
3193;0.981242048
3194;0.981242048
3195;1.83027576
3196;1.83027576
3197;4.37737691
3198;6.07544434
3199;6.07544434
3200;5.22641062
3201;3.52834319
3202;1.83027576
3203;1.83027576
3204;0.981242048
3205;0.981242048
3206;2.67930948
3207;4.37737691
3208;6.07544434
3209;6.92447805
3210;7.77351177
3211;7.77351177
3212;4.37737691
3213;4.37737691
3214;2.67930948
3215;1.83027576
3216;0.937842283
3217;0.937842283
3218;0.937842283
3219;1.74347623
3220;1.74347623
3221;4.16037808
3222;5.77164598
3223;5.77164598
3224;4.96601203
3225;3.35474413
3226;1.74347623
3227;1.74347623
3228;0.937842283
3229;0.937842283
3230;2.54911018
3231;4.16037808
3232;5.77164598
3233;6.57727993
3234;7.38291388
3235;7.38291388
3236;4.16037808
3237;4.16037808
3238;2.54911018
3239;1.74347623
3240;2.11604053
3241;2.11604053
3242;2.11604053
3243;2.11604053
3244;2.11604053
3245;4.09987272
3246;10.0513693
3247;10.0746
3248;10.0513693
3249;8.06753711
3250;8.06753711
3251;4.09987272
3252;4.09987272
3253;6.08370491
3254;8.06753711
3255;10.0746
3256;10.0746
3257;10.0746
3258;10.0746
3259;10.0513693
3260;8.06753711
3261;6.08370491
3262;6.08370491
3263;4.09987272
3264;1.33994085
3265;1.33994085
3266;1.33994085
3267;1.33994085
3268;1.33994085
3269;2.54767336
3270;6.17087089
3271;7.3786034
3272;6.17087089
3273;4.96313838
3274;4.96313838
3275;2.54767336
3276;2.54767336
3277;3.75540587
3278;4.96313838
3279;7.3786034
3280;8.58633592
3281;8.58633592
3282;7.3786034
3283;6.17087089
3284;4.96313838
3285;3.75540587
3286;3.75540587
3287;2.54767336
3288;0.868275776
3289;0.868275776
3290;0.868275776
3291;1.60434322
3292;1.60434322
3293;3.81254555
3294;5.28468043
3295;5.28468043
3296;4.54861299
3297;3.0764781
3298;1.60434322
3299;1.60434322
3300;0.868275776
3301;0.868275776
3302;2.34041066
3303;3.81254555
3304;5.28468043
3305;6.02074787
3306;6.75681532
3307;6.75681532
3308;3.81254555
3309;3.81254555
3310;2.34041066
3311;1.60434322
3312;0.325379903
3313;0.325379903
3314;0.325379903
3315;0.518551474
3316;0.518551474
3317;1.09806618
3318;1.48440932
3319;1.48440932
3320;1.29123775
3321;0.904894614
3322;0.518551474
3323;0.518551474
3324;0.325379903
3325;0.325379903
3326;0.711723044
3327;1.09806618
3328;1.48440932
3329;1.67758089
3330;1.87075246
3331;1.87075246
3332;1.09806618
3333;1.09806618
3334;0.711723044
3335;0.518551474
3336;0.132208333
3337;0.132208333
3338;0.132208333
3339;0.132208333
3340;0.132208333
3341;0.132208333
3342;0.132208333
3343;0.132208333
3344;0.132208333
3345;0.132208333
3346;0.132208333
3347;0.132208333
3348;0.132208333
3349;0.132208333
3350;0.132208333
3351;0.132208333
3352;0.132208333
3353;0.132208333
3354;0.132208333
3355;0.132208333
3356;0.132208333
3357;0.132208333
3358;0.132208333
3359;0.132208333
3360;0.132208333
3361;0.132208333
3362;0.132208333
3363;0.132208333
3364;0.132208333
3365;0.132208333
3366;0.132208333
3367;0.132208333
3368;0.132208333
3369;0.132208333
3370;0.132208333
3371;0.132208333
3372;0.132208333
3373;0.132208333
3374;0.132208333
3375;0.132208333
3376;0.132208333
3377;0.132208333
3378;0.132208333
3379;0.132208333
3380;0.132208333
3381;0.132208333
3382;0.132208333
3383;0.132208333
3384;0.132208333
3385;0.132208333
3386;0.132208333
3387;0.132208333
3388;0.132208333
3389;0.132208333
3390;0.132208333
3391;0.132208333
3392;0.132208333
3393;0.132208333
3394;0.132208333
3395;0.132208333
3396;0.132208333
3397;0.132208333
3398;0.132208333
3399;0.132208333
3400;0.132208333
3401;0.132208333
3402;0.132208333
3403;0.132208333
3404;0.132208333
3405;0.132208333
3406;0.132208333
3407;0.132208333
3408;0.132208333
3409;0.132208333
3410;0.132208333
3411;0.132208333
3412;0.132208333
3413;0.132208333
3414;0.132208333
3415;0.132208333
3416;0.132208333
3417;0.132208333
3418;0.132208333
3419;0.132208333
3420;0.132208333
3421;0.132208333
3422;0.132208333
3423;0.132208333
3424;0.132208333
3425;0.132208333
3426;0.132208333
3427;0.132208333
3428;0.132208333
3429;0.132208333
3430;0.132208333
3431;0.132208333
3432;0.132208333
3433;0.132208333
3434;0.132208333
3435;0.132208333
3436;0.132208333
3437;0.132208333
3438;0.132208333
3439;0.132208333
3440;0.132208333
3441;0.132208333
3442;0.132208333
3443;0.132208333
3444;0.132208333
3445;0.132208333
3446;0.132208333
3447;0.132208333
3448;0.132208333
3449;0.132208333
3450;0.132208333
3451;0.132208333
3452;0.132208333
3453;0.132208333
3454;0.132208333
3455;0.132208333
3456;0.132208333
3457;0.132208333
3458;0.132208333
3459;0.132208333
3460;0.132208333
3461;0.132208333
3462;0.132208333
3463;0.132208333
3464;0.132208333
3465;0.132208333
3466;0.132208333
3467;0.132208333
3468;0.132208333
3469;0.132208333
3470;0.132208333
3471;0.132208333
3472;0.132208333
3473;0.132208333
3474;0.132208333
3475;0.132208333
3476;0.132208333
3477;0.132208333
3478;0.132208333
3479;0.132208333
3480;0.132208333
3481;0.132208333
3482;0.132208333
3483;0.132208333
3484;0.132208333
3485;0.132208333
3486;0.132208333
3487;0.132208333
3488;0.132208333
3489;0.132208333
3490;0.132208333
3491;0.132208333
3492;0.132208333
3493;0.132208333
3494;0.132208333
3495;0.132208333
3496;0.132208333
3497;0.132208333
3498;0.132208333
3499;0.132208333
3500;0.132208333
3501;0.132208333
3502;0.132208333
3503;0.132208333
3504;0.132208333
3505;0.132208333
3506;0.132208333
3507;0.132208333
3508;0.132208333
3509;0.132208333
3510;0.132208333
3511;0.132208333
3512;0.132208333
3513;0.132208333
3514;0.132208333
3515;0.132208333
3516;0.132208333
3517;0.132208333
3518;0.132208333
3519;0.132208333
3520;0.132208333
3521;0.132208333
3522;0.132208333
3523;0.132208333
3524;0.132208333
3525;0.132208333
3526;0.132208333
3527;0.132208333
3528;0.132208333
3529;0.132208333
3530;0.132208333
3531;0.132208333
3532;0.132208333
3533;0.132208333
3534;0.132208333
3535;0.132208333
3536;0.132208333
3537;0.132208333
3538;0.132208333
3539;0.132208333
3540;0.132208333
3541;0.132208333
3542;0.132208333
3543;0.132208333
3544;0.132208333
3545;0.132208333
3546;0.132208333
3547;0.132208333
3548;0.132208333
3549;0.132208333
3550;0.132208333
3551;0.132208333
3552;0.132208333
3553;0.132208333
3554;0.132208333
3555;0.132208333
3556;0.132208333
3557;0.132208333
3558;0.132208333
3559;0.132208333
3560;0.132208333
3561;0.132208333
3562;0.132208333
3563;0.132208333
3564;0.132208333
3565;0.132208333
3566;0.132208333
3567;0.132208333
3568;0.132208333
3569;0.132208333
3570;0.132208333
3571;0.132208333
3572;0.132208333
3573;0.132208333
3574;0.132208333
3575;0.132208333
3576;0.132208333
3577;0.132208333
3578;0.132208333
3579;0.132208333
3580;0.132208333
3581;0.132208333
3582;0.132208333
3583;0.132208333
3584;0.132208333
3585;0.132208333
3586;0.132208333
3587;0.132208333
3588;0.132208333
3589;0.132208333
3590;0.132208333
3591;0.132208333
3592;0.132208333
3593;0.132208333
3594;0.132208333
3595;0.132208333
3596;0.132208333
3597;0.132208333
3598;0.132208333
3599;0.132208333
3600;0.132208333
3601;0.132208333
3602;0.132208333
3603;0.132208333
3604;0.132208333
3605;0.132208333
3606;0.132208333
3607;0.132208333
3608;0.132208333
3609;0.132208333
3610;0.132208333
3611;0.132208333
3612;0.132208333
3613;0.132208333
3614;0.132208333
3615;0.132208333
3616;0.132208333
3617;0.132208333
3618;0.132208333
3619;0.132208333
3620;0.132208333
3621;0.132208333
3622;0.132208333
3623;0.132208333
3624;0.978719032
3625;0.978719032
3626;0.978719032
3627;1.82522973
3628;1.82522973
3629;4.36476183
3630;6.05778322
3631;6.05778322
3632;5.21127252
3633;3.51825113
3634;1.82522973
3635;1.82522973
3636;0.978719032
3637;0.978719032
3638;2.67174043
3639;4.36476183
3640;6.05778322
3641;6.90429392
3642;7.75080462
3643;7.75080462
3644;4.36476183
3645;4.36476183
3646;2.67174043
3647;1.82522973
3648;1.59584128
3649;1.59584128
3650;1.59584128
3651;3.05947422
3652;3.05947422
3653;7.45037306
3654;10.0746
3655;10.0746
3656;8.914006
3657;5.98674011
3658;3.05947422
3659;3.05947422
3660;1.59584128
3661;1.59584128
3662;4.52310717
3663;7.45037306
3664;10.0746
3665;10.0746
3666;10.0746
3667;10.0746
3668;7.45037306
3669;7.45037306
3670;4.52310717
3671;3.05947422
3672;1.40819982
3673;1.40819982
3674;1.40819982
3675;2.68419132
3676;2.68419132
3677;6.51216579
3678;9.06414877
3679;9.06414877
3680;7.78815728
3681;5.2361743
3682;2.68419132
3683;2.68419132
3684;1.40819982
3685;1.40819982
3686;3.96018281
3687;6.51216579
3688;9.06414877
3689;10.0746
3690;10.0746
3691;10.0746
3692;6.51216579
3693;6.51216579
3694;3.96018281
3695;2.68419132
3696;0.502446955
3697;0.502446955
3698;0.502446955
3699;0.872685576
3700;0.872685576
3701;1.98340144
3702;2.72387868
3703;2.72387868
3704;2.35364006
3705;1.61316282
3706;0.872685576
3707;0.872685576
3708;0.502446955
3709;0.502446955
3710;1.2429242
3711;1.98340144
3712;2.72387868
3713;3.0941173
3714;3.46435593
3715;3.46435593
3716;1.98340144
3717;1.98340144
3718;1.2429242
3719;0.872685576
3720;0.132208333
3721;0.132208333
3722;0.132208333
3723;0.132208333
3724;0.132208333
3725;0.132208333
3726;0.132208333
3727;0.132208333
3728;0.132208333
3729;0.132208333
3730;0.132208333
3731;0.132208333
3732;0.132208333
3733;0.132208333
3734;0.132208333
3735;0.132208333
3736;0.132208333
3737;0.132208333
3738;0.132208333
3739;0.132208333
3740;0.132208333
3741;0.132208333
3742;0.132208333
3743;0.132208333
3744;0.132208333
3745;0.132208333
3746;0.132208333
3747;0.132208333
3748;0.132208333
3749;0.132208333
3750;0.132208333
3751;0.132208333
3752;0.132208333
3753;0.132208333
3754;0.132208333
3755;0.132208333
3756;0.132208333
3757;0.132208333
3758;0.132208333
3759;0.132208333
3760;0.132208333
3761;0.132208333
3762;0.132208333
3763;0.132208333
3764;0.132208333
3765;0.132208333
3766;0.132208333
3767;0.132208333
3768;0.132208333
3769;0.132208333
3770;0.132208333
3771;0.132208333
3772;0.132208333
3773;0.132208333
3774;0.132208333
3775;0.132208333
3776;0.132208333
3777;0.132208333
3778;0.132208333
3779;0.132208333
3780;0.132208333
3781;0.132208333
3782;0.132208333
3783;0.132208333
3784;0.132208333
3785;0.132208333
3786;0.132208333
3787;0.132208333
3788;0.132208333
3789;0.132208333
3790;0.132208333
3791;0.132208333
3792;0.132208333
3793;0.132208333
3794;0.132208333
3795;0.132208333
3796;0.132208333
3797;0.132208333
3798;0.132208333
3799;0.132208333
3800;0.132208333
3801;0.132208333
3802;0.132208333
3803;0.132208333
3804;0.132208333
3805;0.132208333
3806;0.132208333
3807;0.132208333
3808;0.132208333
3809;0.132208333
3810;0.132208333
3811;0.132208333
3812;0.132208333
3813;0.132208333
3814;0.132208333
3815;0.132208333
3816;0.132208333
3817;0.132208333
3818;0.132208333
3819;0.132208333
3820;0.132208333
3821;0.132208333
3822;0.132208333
3823;0.132208333
3824;0.132208333
3825;0.132208333
3826;0.132208333
3827;0.132208333
3828;0.132208333
3829;0.132208333
3830;0.132208333
3831;0.132208333
3832;0.132208333
3833;0.132208333
3834;0.132208333
3835;0.132208333
3836;0.132208333
3837;0.132208333
3838;0.132208333
3839;0.132208333
3840;0.132208333
3841;0.132208333
3842;0.132208333
3843;0.132208333
3844;0.132208333
3845;0.132208333
3846;0.132208333
3847;0.132208333
3848;0.132208333
3849;0.132208333
3850;0.132208333
3851;0.132208333
3852;0.132208333
3853;0.132208333
3854;0.132208333
3855;0.132208333
3856;0.132208333
3857;0.132208333
3858;0.132208333
3859;0.132208333
3860;0.132208333
3861;0.132208333
3862;0.132208333
3863;0.132208333
3864;0.132208333
3865;0.132208333
3866;0.132208333
3867;0.132208333
3868;0.132208333
3869;0.132208333
3870;0.132208333
3871;0.132208333
3872;0.132208333
3873;0.132208333
3874;0.132208333
3875;0.132208333
3876;0.132208333
3877;0.132208333
3878;0.132208333
3879;0.132208333
3880;0.132208333
3881;0.132208333
3882;0.132208333
3883;0.132208333
3884;0.132208333
3885;0.132208333
3886;0.132208333
3887;0.132208333
3888;0.132208333
3889;0.132208333
3890;0.132208333
3891;0.132208333
3892;0.132208333
3893;0.132208333
3894;0.132208333
3895;0.132208333
3896;0.132208333
3897;0.132208333
3898;0.132208333
3899;0.132208333
3900;0.132208333
3901;0.132208333
3902;0.132208333
3903;0.132208333
3904;0.132208333
3905;0.132208333
3906;0.132208333
3907;0.132208333
3908;0.132208333
3909;0.132208333
3910;0.132208333
3911;0.132208333
3912;0.132208333
3913;0.132208333
3914;0.132208333
3915;0.132208333
3916;0.132208333
3917;0.132208333
3918;0.132208333
3919;0.132208333
3920;0.132208333
3921;0.132208333
3922;0.132208333
3923;0.132208333
3924;0.132208333
3925;0.132208333
3926;0.132208333
3927;0.132208333
3928;0.132208333
3929;0.132208333
3930;0.132208333
3931;0.132208333
3932;0.132208333
3933;0.132208333
3934;0.132208333
3935;0.132208333
3936;0.132208333
3937;0.132208333
3938;0.132208333
3939;0.132208333
3940;0.132208333
3941;0.132208333
3942;0.132208333
3943;0.132208333
3944;0.132208333
3945;0.132208333
3946;0.132208333
3947;0.132208333
3948;0.132208333
3949;0.132208333
3950;0.132208333
3951;0.132208333
3952;0.132208333
3953;0.132208333
3954;0.132208333
3955;0.132208333
3956;0.132208333
3957;0.132208333
3958;0.132208333
3959;0.132208333
3960;0.132208333
3961;0.132208333
3962;0.132208333
3963;0.132208333
3964;0.132208333
3965;0.132208333
3966;0.132208333
3967;0.132208333
3968;0.132208333
3969;0.132208333
3970;0.132208333
3971;0.132208333
3972;0.132208333
3973;0.132208333
3974;0.132208333
3975;0.132208333
3976;0.132208333
3977;0.132208333
3978;0.132208333
3979;0.132208333
3980;0.132208333
3981;0.132208333
3982;0.132208333
3983;0.132208333
3984;0.87596455
3985;0.87596455
3986;0.87596455
3987;1.61972077
3988;1.61972077
3989;3.85098942
3990;5.33850185
3991;5.33850185
3992;4.59474563
3993;3.1072332
3994;1.61972077
3995;1.61972077
3996;0.87596455
3997;0.87596455
3998;2.36347698
3999;3.85098942
4000;5.33850185
4001;6.08225807
4002;6.82601428
4003;6.82601428
4004;3.85098942
4005;3.85098942
4006;2.36347698
4007;1.61972077
4008;0.467262112
4009;0.467262112
4010;0.467262112
4011;0.80231589
4012;0.80231589
4013;1.80747722
4014;2.47758478
4015;2.47758478
4016;2.142531
4017;1.47242345
4018;0.80231589
4019;0.80231589
4020;0.467262112
4021;0.467262112
4022;1.13736967
4023;1.80747722
4024;2.47758478
4025;2.81263856
4026;3.14769234
4027;3.14769234
4028;1.80747722
4029;1.80747722
4030;1.13736967
4031;0.80231589
4032;0.574050204
4033;0.574050204
4034;0.574050204
4035;1.01589208
4036;1.01589208
4037;2.34141769
4038;3.22510143
4039;3.22510143
4040;2.78325956
4041;1.89957582
4042;1.01589208
4043;1.01589208
4044;0.574050204
4045;0.574050204
4046;1.45773395
4047;2.34141769
4048;3.22510143
4049;3.6669433
4050;4.10878517
4051;4.10878517
4052;2.34141769
4053;2.34141769
4054;1.45773395
4055;1.01589208
4056;1.17717465
4057;1.17717465
4058;1.17717465
4059;2.22214097
4060;2.22214097
4061;5.35703992
4062;7.44697255
4063;7.44697255
4064;6.40200624
4065;4.3120736
4066;2.22214097
4067;2.22214097
4068;1.17717465
4069;1.17717465
4070;3.26710728
4071;5.35703992
4072;7.44697255
4073;8.49193887
4074;9.53690519
4075;9.53690519
4076;5.35703992
4077;5.35703992
4078;3.26710728
4079;2.22214097
4080;1.65314125
4081;1.65314125
4082;1.65314125
4083;1.65314125
4084;1.65314125
4085;3.17407417
4086;7.73687292
4087;9.25780584
4088;7.73687292
4089;6.21594
4090;6.21594
4091;3.17407417
4092;3.17407417
4093;4.69500708
4094;6.21594
4095;9.25780584
4096;10.0746
4097;10.0746
4098;9.25780584
4099;7.73687292
4100;6.21594
4101;4.69500708
4102;4.69500708
4103;3.17407417
4104;1.24956648
4105;1.24956648
4106;1.24956648
4107;1.24956648
4108;1.24956648
4109;2.36692462
4110;5.71899906
4111;6.83635721
4112;5.71899906
4113;4.60164092
4114;4.60164092
4115;2.36692462
4116;2.36692462
4117;3.48428277
4118;4.60164092
4119;6.83635721
4120;7.95371535
4121;7.95371535
4122;6.83635721
4123;5.71899906
4124;4.60164092
4125;3.48428277
4126;3.48428277
4127;2.36692462
4128;0.672060521
4129;0.672060521
4130;0.672060521
4131;1.21191271
4132;1.21191271
4133;2.83146927
4134;3.91117364
4135;3.91117364
4136;3.37132146
4137;2.29161708
4138;1.21191271
4139;1.21191271
4140;0.672060521
4141;0.672060521
4142;1.7517649
4143;2.83146927
4144;3.91117364
4145;4.45102583
4146;4.99087802
4147;4.99087802
4148;2.83146927
4149;2.83146927
4150;1.7517649
4151;1.21191271
4152;0.457427323
4153;0.457427323
4154;0.457427323
4155;0.782646312
4156;0.782646312
4157;1.75830328
4158;2.40874126
4159;2.40874126
4160;2.08352227
4161;1.43308429
4162;0.782646312
4163;0.782646312
4164;0.457427323
4165;0.457427323
4166;1.1078653
4167;1.75830328
4168;2.40874126
4169;2.73396025
4170;3.05917924
4171;3.05917924
4172;1.75830328
4173;1.75830328
4174;1.1078653
4175;0.782646312
4176;0.132208333
4177;0.132208333
4178;0.132208333
4179;0.132208333
4180;0.132208333
4181;0.132208333
4182;0.132208333
4183;0.132208333
4184;0.132208333
4185;0.132208333
4186;0.132208333
4187;0.132208333
4188;0.132208333
4189;0.132208333
4190;0.132208333
4191;0.132208333
4192;0.132208333
4193;0.132208333
4194;0.132208333
4195;0.132208333
4196;0.132208333
4197;0.132208333
4198;0.132208333
4199;0.132208333
4200;0.132208333
4201;0.132208333
4202;0.132208333
4203;0.132208333
4204;0.132208333
4205;0.132208333
4206;0.132208333
4207;0.132208333
4208;0.132208333
4209;0.132208333
4210;0.132208333
4211;0.132208333
4212;0.132208333
4213;0.132208333
4214;0.132208333
4215;0.132208333
4216;0.132208333
4217;0.132208333
4218;0.132208333
4219;0.132208333
4220;0.132208333
4221;0.132208333
4222;0.132208333
4223;0.132208333
4224;0.132208333
4225;0.132208333
4226;0.132208333
4227;0.132208333
4228;0.132208333
4229;0.132208333
4230;0.132208333
4231;0.132208333
4232;0.132208333
4233;0.132208333
4234;0.132208333
4235;0.132208333
4236;0.132208333
4237;0.132208333
4238;0.132208333
4239;0.132208333
4240;0.132208333
4241;0.132208333
4242;0.132208333
4243;0.132208333
4244;0.132208333
4245;0.132208333
4246;0.132208333
4247;0.132208333
4248;0.132208333
4249;0.132208333
4250;0.132208333
4251;0.132208333
4252;0.132208333
4253;0.132208333
4254;0.132208333
4255;0.132208333
4256;0.132208333
4257;0.132208333
4258;0.132208333
4259;0.132208333
4260;0.132208333
4261;0.132208333
4262;0.132208333
4263;0.132208333
4264;0.132208333
4265;0.132208333
4266;0.132208333
4267;0.132208333
4268;0.132208333
4269;0.132208333
4270;0.132208333
4271;0.132208333
4272;0.132208333
4273;0.132208333
4274;0.132208333
4275;0.132208333
4276;0.132208333
4277;0.132208333
4278;0.132208333
4279;0.132208333
4280;0.132208333
4281;0.132208333
4282;0.132208333
4283;0.132208333
4284;0.132208333
4285;0.132208333
4286;0.132208333
4287;0.132208333
4288;0.132208333
4289;0.132208333
4290;0.132208333
4291;0.132208333
4292;0.132208333
4293;0.132208333
4294;0.132208333
4295;0.132208333
4296;0.132208333
4297;0.132208333
4298;0.132208333
4299;0.132208333
4300;0.132208333
4301;0.132208333
4302;0.132208333
4303;0.132208333
4304;0.132208333
4305;0.132208333
4306;0.132208333
4307;0.132208333
4308;0.132208333
4309;0.132208333
4310;0.132208333
4311;0.132208333
4312;0.132208333
4313;0.132208333
4314;0.132208333
4315;0.132208333
4316;0.132208333
4317;0.132208333
4318;0.132208333
4319;0.132208333
4320;0.132208333
4321;0.132208333
4322;0.132208333
4323;0.132208333
4324;0.132208333
4325;0.132208333
4326;0.132208333
4327;0.132208333
4328;0.132208333
4329;0.132208333
4330;0.132208333
4331;0.132208333
4332;0.132208333
4333;0.132208333
4334;0.132208333
4335;0.132208333
4336;0.132208333
4337;0.132208333
4338;0.132208333
4339;0.132208333
4340;0.132208333
4341;0.132208333
4342;0.132208333
4343;0.132208333
4344;0.132208333
4345;0.132208333
4346;0.132208333
4347;0.132208333
4348;0.132208333
4349;0.132208333
4350;0.132208333
4351;0.132208333
4352;0.132208333
4353;0.132208333
4354;0.132208333
4355;0.132208333
4356;0.132208333
4357;0.132208333
4358;0.132208333
4359;0.132208333
4360;0.132208333
4361;0.132208333
4362;0.132208333
4363;0.132208333
4364;0.132208333
4365;0.132208333
4366;0.132208333
4367;0.132208333
4368;0.132208333
4369;0.132208333
4370;0.132208333
4371;0.132208333
4372;0.132208333
4373;0.132208333
4374;0.132208333
4375;0.132208333
4376;0.132208333
4377;0.132208333
4378;0.132208333
4379;0.132208333
4380;0.132208333
4381;0.132208333
4382;0.132208333
4383;0.132208333
4384;0.132208333
4385;0.132208333
4386;0.132208333
4387;0.132208333
4388;0.132208333
4389;0.132208333
4390;0.132208333
4391;0.132208333
4392;0.132208333
4393;0.132208333
4394;0.132208333
4395;0.132208333
4396;0.132208333
4397;0.132208333
4398;0.132208333
4399;0.132208333
4400;0.132208333
4401;0.132208333
4402;0.132208333
4403;0.132208333
4404;0.132208333
4405;0.132208333
4406;0.132208333
4407;0.132208333
4408;0.132208333
4409;0.132208333
4410;0.132208333
4411;0.132208333
4412;0.132208333
4413;0.132208333
4414;0.132208333
4415;0.132208333
4416;0.132208333
4417;0.132208333
4418;0.132208333
4419;0.132208333
4420;0.132208333
4421;0.132208333
4422;0.132208333
4423;0.132208333
4424;0.132208333
4425;0.132208333
4426;0.132208333
4427;0.132208333
4428;0.132208333
4429;0.132208333
4430;0.132208333
4431;0.132208333
4432;0.132208333
4433;0.132208333
4434;0.132208333
4435;0.132208333
4436;0.132208333
4437;0.132208333
4438;0.132208333
4439;0.132208333
4440;0.132208333
4441;0.132208333
4442;0.132208333
4443;0.132208333
4444;0.132208333
4445;0.132208333
4446;0.132208333
4447;0.132208333
4448;0.132208333
4449;0.132208333
4450;0.132208333
4451;0.132208333
4452;0.132208333
4453;0.132208333
4454;0.132208333
4455;0.132208333
4456;0.132208333
4457;0.132208333
4458;0.132208333
4459;0.132208333
4460;0.132208333
4461;0.132208333
4462;0.132208333
4463;0.132208333
4464;0.132208333
4465;0.132208333
4466;0.132208333
4467;0.132208333
4468;0.132208333
4469;0.132208333
4470;0.132208333
4471;0.132208333
4472;0.132208333
4473;0.132208333
4474;0.132208333
4475;0.132208333
4476;0.132208333
4477;0.132208333
4478;0.132208333
4479;0.132208333
4480;0.132208333
4481;0.132208333
4482;0.132208333
4483;0.132208333
4484;0.132208333
4485;0.132208333
4486;0.132208333
4487;0.132208333
4488;0.132208333
4489;0.132208333
4490;0.132208333
4491;0.132208333
4492;0.132208333
4493;0.132208333
4494;0.132208333
4495;0.132208333
4496;0.132208333
4497;0.132208333
4498;0.132208333
4499;0.132208333
4500;0.132208333
4501;0.132208333
4502;0.132208333
4503;0.132208333
4504;0.132208333
4505;0.132208333
4506;0.132208333
4507;0.132208333
4508;0.132208333
4509;0.132208333
4510;0.132208333
4511;0.132208333
4512;0.132208333
4513;0.132208333
4514;0.132208333
4515;0.132208333
4516;0.132208333
4517;0.132208333
4518;0.132208333
4519;0.132208333
4520;0.132208333
4521;0.132208333
4522;0.132208333
4523;0.132208333
4524;0.132208333
4525;0.132208333
4526;0.132208333
4527;0.132208333
4528;0.132208333
4529;0.132208333
4530;0.132208333
4531;0.132208333
4532;0.132208333
4533;0.132208333
4534;0.132208333
4535;0.132208333
4536;0.132208333
4537;0.132208333
4538;0.132208333
4539;0.132208333
4540;0.132208333
4541;0.132208333
4542;0.132208333
4543;0.132208333
4544;0.132208333
4545;0.132208333
4546;0.132208333
4547;0.132208333
4548;0.132208333
4549;0.132208333
4550;0.132208333
4551;0.132208333
4552;0.132208333
4553;0.132208333
4554;0.132208333
4555;0.132208333
4556;0.132208333
4557;0.132208333
4558;0.132208333
4559;0.132208333
4560;0.132208333
4561;0.132208333
4562;0.132208333
4563;0.132208333
4564;0.132208333
4565;0.132208333
4566;0.132208333
4567;0.132208333
4568;0.132208333
4569;0.132208333
4570;0.132208333
4571;0.132208333
4572;0.132208333
4573;0.132208333
4574;0.132208333
4575;0.132208333
4576;0.132208333
4577;0.132208333
4578;0.132208333
4579;0.132208333
4580;0.132208333
4581;0.132208333
4582;0.132208333
4583;0.132208333
4584;0.132208333
4585;0.132208333
4586;0.132208333
4587;0.132208333
4588;0.132208333
4589;0.132208333
4590;0.132208333
4591;0.132208333
4592;0.132208333
4593;0.132208333
4594;0.132208333
4595;0.132208333
4596;0.132208333
4597;0.132208333
4598;0.132208333
4599;0.132208333
4600;0.132208333
4601;0.132208333
4602;0.132208333
4603;0.132208333
4604;0.132208333
4605;0.132208333
4606;0.132208333
4607;0.132208333
4608;0.132208333
4609;0.132208333
4610;0.132208333
4611;0.132208333
4612;0.132208333
4613;0.132208333
4614;0.132208333
4615;0.132208333
4616;0.132208333
4617;0.132208333
4618;0.132208333
4619;0.132208333
4620;0.132208333
4621;0.132208333
4622;0.132208333
4623;0.132208333
4624;0.132208333
4625;0.132208333
4626;0.132208333
4627;0.132208333
4628;0.132208333
4629;0.132208333
4630;0.132208333
4631;0.132208333
4632;0.132208333
4633;0.132208333
4634;0.132208333
4635;0.132208333
4636;0.132208333
4637;0.132208333
4638;0.132208333
4639;0.132208333
4640;0.132208333
4641;0.132208333
4642;0.132208333
4643;0.132208333
4644;0.132208333
4645;0.132208333
4646;0.132208333
4647;0.132208333
4648;0.132208333
4649;0.132208333
4650;0.132208333
4651;0.132208333
4652;0.132208333
4653;0.132208333
4654;0.132208333
4655;0.132208333
4656;0.132208333
4657;0.132208333
4658;0.132208333
4659;0.132208333
4660;0.132208333
4661;0.132208333
4662;0.132208333
4663;0.132208333
4664;0.132208333
4665;0.132208333
4666;0.132208333
4667;0.132208333
4668;0.132208333
4669;0.132208333
4670;0.132208333
4671;0.132208333
4672;0.132208333
4673;0.132208333
4674;0.132208333
4675;0.132208333
4676;0.132208333
4677;0.132208333
4678;0.132208333
4679;0.132208333
4680;0.132208333
4681;0.132208333
4682;0.132208333
4683;0.132208333
4684;0.132208333
4685;0.132208333
4686;0.132208333
4687;0.132208333
4688;0.132208333
4689;0.132208333
4690;0.132208333
4691;0.132208333
4692;0.132208333
4693;0.132208333
4694;0.132208333
4695;0.132208333
4696;0.132208333
4697;0.132208333
4698;0.132208333
4699;0.132208333
4700;0.132208333
4701;0.132208333
4702;0.132208333
4703;0.132208333
4704;0.244413321
4705;0.137021927
4706;0.136797517
4707;0.136247713
4708;0.581028283
4709;0.69323327
4710;0.69323327
4711;0.581028283
4712;0.581028283
4713;0.356618308
4714;0.356618308
4715;0.356618308
4716;0.244413321
4717;0.356618308
4718;0.356618308
4719;0.69323327
4720;0.805438257
4721;0.805438257
4722;0.917643244
4723;0.917643244
4724;1.02984823
4725;1.02984823
4726;0.917643244
4727;0.581028283
4728;0.132208333
4729;0.132208333
4730;0.132208333
4731;0.132208333
4732;0.132208333
4733;0.132208333
4734;0.132208333
4735;0.132208333
4736;0.132208333
4737;0.132208333
4738;0.132208333
4739;0.132208333
4740;0.132208333
4741;0.132208333
4742;0.132208333
4743;0.132208333
4744;0.132208333
4745;0.132208333
4746;0.132208333
4747;0.132208333
4748;0.132208333
4749;0.132208333
4750;0.132208333
4751;0.132208333
4752;0.132208333
4753;0.132208333
4754;0.132208333
4755;0.132208333
4756;0.132208333
4757;0.132208333
4758;0.132208333
4759;0.132208333
4760;0.132208333
4761;0.132208333
4762;0.132208333
4763;0.132208333
4764;0.132208333
4765;0.132208333
4766;0.132208333
4767;0.132208333
4768;0.132208333
4769;0.132208333
4770;0.132208333
4771;0.132208333
4772;0.132208333
4773;0.132208333
4774;0.132208333
4775;0.132208333
4776;0.132208333
4777;0.132208333
4778;0.132208333
4779;0.132208333
4780;0.132208333
4781;0.132208333
4782;0.132208333
4783;0.132208333
4784;0.132208333
4785;0.132208333
4786;0.132208333
4787;0.132208333
4788;0.132208333
4789;0.132208333
4790;0.132208333
4791;0.132208333
4792;0.132208333
4793;0.132208333
4794;0.132208333
4795;0.132208333
4796;0.132208333
4797;0.132208333
4798;0.132208333
4799;0.132208333
4800;0.132208333
4801;0.132208333
4802;0.132208333
4803;0.132208333
4804;0.132208333
4805;0.132208333
4806;0.132208333
4807;0.132208333
4808;0.132208333
4809;0.132208333
4810;0.132208333
4811;0.132208333
4812;0.132208333
4813;0.132208333
4814;0.132208333
4815;0.132208333
4816;0.132208333
4817;0.132208333
4818;0.132208333
4819;0.132208333
4820;0.132208333
4821;0.132208333
4822;0.132208333
4823;0.132208333
4824;0.132208333
4825;0.132208333
4826;0.132208333
4827;0.132208333
4828;0.132208333
4829;0.132208333
4830;0.132208333
4831;0.132208333
4832;0.132208333
4833;0.132208333
4834;0.132208333
4835;0.132208333
4836;0.132208333
4837;0.132208333
4838;0.132208333
4839;0.132208333
4840;0.132208333
4841;0.132208333
4842;0.132208333
4843;0.132208333
4844;0.132208333
4845;0.132208333
4846;0.132208333
4847;0.132208333
4848;0.38895215
4849;0.143222643
4850;0.142709155
4851;0.14145111
4852;1.1591836
4853;1.41592741
4854;1.41592741
4855;1.1591836
4856;1.1591836
4857;0.645695966
4858;0.645695966
4859;0.645695966
4860;0.38895215
4861;0.645695966
4862;0.645695966
4863;1.41592741
4864;1.67267123
4865;1.67267123
4866;1.92941505
4867;1.92941505
4868;2.18615886
4869;2.18615886
4870;1.92941505
4871;1.1591836
4872;0.195642449
4873;0.134929657
4874;0.134802789
4875;0.134491961
4876;0.385944795
4877;0.449378911
4878;0.449378911
4879;0.385944795
4880;0.385944795
4881;0.259076564
4882;0.259076564
4883;0.259076564
4884;0.195642449
4885;0.259076564
4886;0.259076564
4887;0.449378911
4888;0.512813026
4889;0.512813026
4890;0.576247142
4891;0.576247142
4892;0.639681257
4893;0.639681257
4894;0.576247142
4895;0.385944795
4896;0.132208333
4897;0.132208333
4898;0.132208333
4899;0.132208333
4900;0.132208333
4901;0.132208333
4902;0.132208333
4903;0.132208333
4904;0.132208333
4905;0.132208333
4906;0.132208333
4907;0.132208333
4908;0.132208333
4909;0.132208333
4910;0.132208333
4911;0.132208333
4912;0.132208333
4913;0.132208333
4914;0.132208333
4915;0.132208333
4916;0.132208333
4917;0.132208333
4918;0.132208333
4919;0.132208333
4920;0.132208333
4921;0.132208333
4922;0.132208333
4923;0.132208333
4924;0.132208333
4925;0.132208333
4926;0.132208333
4927;0.132208333
4928;0.132208333
4929;0.132208333
4930;0.132208333
4931;0.132208333
4932;0.132208333
4933;0.132208333
4934;0.132208333
4935;0.132208333
4936;0.132208333
4937;0.132208333
4938;0.132208333
4939;0.132208333
4940;0.132208333
4941;0.132208333
4942;0.132208333
4943;0.132208333
4944;0.132208333
4945;0.132208333
4946;0.132208333
4947;0.132208333
4948;0.132208333
4949;0.132208333
4950;0.132208333
4951;0.132208333
4952;0.132208333
4953;0.132208333
4954;0.132208333
4955;0.132208333
4956;0.132208333
4957;0.132208333
4958;0.132208333
4959;0.132208333
4960;0.132208333
4961;0.132208333
4962;0.132208333
4963;0.132208333
4964;0.132208333
4965;0.132208333
4966;0.132208333
4967;0.132208333
4968;0.132208333
4969;0.132208333
4970;0.132208333
4971;0.132208333
4972;0.132208333
4973;0.132208333
4974;0.132208333
4975;0.132208333
4976;0.132208333
4977;0.132208333
4978;0.132208333
4979;0.132208333
4980;0.132208333
4981;0.132208333
4982;0.132208333
4983;0.132208333
4984;0.132208333
4985;0.132208333
4986;0.132208333
4987;0.132208333
4988;0.132208333
4989;0.132208333
4990;0.132208333
4991;0.132208333
4992;0.132208333
4993;0.132208333
4994;0.132208333
4995;0.132208333
4996;0.132208333
4997;0.132208333
4998;0.132208333
4999;0.132208333
5000;0.132208333
5001;0.132208333
5002;0.132208333
5003;0.132208333
5004;0.132208333
5005;0.132208333
5006;0.132208333
5007;0.132208333
5008;0.132208333
5009;0.132208333
5010;0.132208333
5011;0.132208333
5012;0.132208333
5013;0.132208333
5014;0.132208333
5015;0.132208333
5016;0.132208333
5017;0.132208333
5018;0.132208333
5019;0.132208333
5020;0.132208333
5021;0.132208333
5022;0.132208333
5023;0.132208333
5024;0.132208333
5025;0.132208333
5026;0.132208333
5027;0.132208333
5028;0.132208333
5029;0.132208333
5030;0.132208333
5031;0.132208333
5032;0.132208333
5033;0.132208333
5034;0.132208333
5035;0.132208333
5036;0.132208333
5037;0.132208333
5038;0.132208333
5039;0.132208333
5040;0.132208333
5041;0.132208333
5042;0.132208333
5043;0.132208333
5044;0.132208333
5045;0.132208333
5046;0.132208333
5047;0.132208333
5048;0.132208333
5049;0.132208333
5050;0.132208333
5051;0.132208333
5052;0.132208333
5053;0.132208333
5054;0.132208333
5055;0.132208333
5056;0.132208333
5057;0.132208333
5058;0.132208333
5059;0.132208333
5060;0.132208333
5061;0.132208333
5062;0.132208333
5063;0.132208333
5064;0.132208333
5065;0.132208333
5066;0.132208333
5067;0.132208333
5068;0.132208333
5069;0.132208333
5070;0.132208333
5071;0.132208333
5072;0.132208333
5073;0.132208333
5074;0.132208333
5075;0.132208333
5076;0.132208333
5077;0.132208333
5078;0.132208333
5079;0.132208333
5080;0.132208333
5081;0.132208333
5082;0.132208333
5083;0.132208333
5084;0.132208333
5085;0.132208333
5086;0.132208333
5087;0.132208333
5088;0.132208333
5089;0.132208333
5090;0.132208333
5091;0.132208333
5092;0.132208333
5093;0.132208333
5094;0.132208333
5095;0.132208333
5096;0.132208333
5097;0.132208333
5098;0.132208333
5099;0.132208333
5100;0.132208333
5101;0.132208333
5102;0.132208333
5103;0.132208333
5104;0.132208333
5105;0.132208333
5106;0.132208333
5107;0.132208333
5108;0.132208333
5109;0.132208333
5110;0.132208333
5111;0.132208333
5112;0.132208333
5113;0.132208333
5114;0.132208333
5115;0.132208333
5116;0.132208333
5117;0.132208333
5118;0.132208333
5119;0.132208333
5120;0.132208333
5121;0.132208333
5122;0.132208333
5123;0.132208333
5124;0.132208333
5125;0.132208333
5126;0.132208333
5127;0.132208333
5128;0.132208333
5129;0.132208333
5130;0.132208333
5131;0.132208333
5132;0.132208333
5133;0.132208333
5134;0.132208333
5135;0.132208333
5136;0.132208333
5137;0.132208333
5138;0.132208333
5139;0.132208333
5140;0.132208333
5141;0.132208333
5142;0.132208333
5143;0.132208333
5144;0.132208333
5145;0.132208333
5146;0.132208333
5147;0.132208333
5148;0.132208333
5149;0.132208333
5150;0.132208333
5151;0.132208333
5152;0.132208333
5153;0.132208333
5154;0.132208333
5155;0.132208333
5156;0.132208333
5157;0.132208333
5158;0.132208333
5159;0.132208333
5160;0.132208333
5161;0.132208333
5162;0.132208333
5163;0.132208333
5164;0.132208333
5165;0.132208333
5166;0.132208333
5167;0.132208333
5168;0.132208333
5169;0.132208333
5170;0.132208333
5171;0.132208333
5172;0.132208333
5173;0.132208333
5174;0.132208333
5175;0.132208333
5176;0.132208333
5177;0.132208333
5178;0.132208333
5179;0.132208333
5180;0.132208333
5181;0.132208333
5182;0.132208333
5183;0.132208333
5184;0.132208333
5185;0.132208333
5186;0.132208333
5187;0.132208333
5188;0.132208333
5189;0.132208333
5190;0.132208333
5191;0.132208333
5192;0.132208333
5193;0.132208333
5194;0.132208333
5195;0.132208333
5196;0.132208333
5197;0.132208333
5198;0.132208333
5199;0.132208333
5200;0.132208333
5201;0.132208333
5202;0.132208333
5203;0.132208333
5204;0.132208333
5205;0.132208333
5206;0.132208333
5207;0.132208333
5208;0.132208333
5209;0.132208333
5210;0.132208333
5211;0.132208333
5212;0.132208333
5213;0.132208333
5214;0.132208333
5215;0.132208333
5216;0.132208333
5217;0.132208333
5218;0.132208333
5219;0.132208333
5220;0.132208333
5221;0.132208333
5222;0.132208333
5223;0.132208333
5224;0.132208333
5225;0.132208333
5226;0.132208333
5227;0.132208333
5228;0.132208333
5229;0.132208333
5230;0.132208333
5231;0.132208333
5232;0.132208333
5233;0.132208333
5234;0.132208333
5235;0.132208333
5236;0.132208333
5237;0.132208333
5238;0.132208333
5239;0.132208333
5240;0.132208333
5241;0.132208333
5242;0.132208333
5243;0.132208333
5244;0.132208333
5245;0.132208333
5246;0.132208333
5247;0.132208333
5248;0.132208333
5249;0.132208333
5250;0.132208333
5251;0.132208333
5252;0.132208333
5253;0.132208333
5254;0.132208333
5255;0.132208333
5256;0.132208333
5257;0.132208333
5258;0.132208333
5259;0.132208333
5260;0.132208333
5261;0.132208333
5262;0.132208333
5263;0.132208333
5264;0.132208333
5265;0.132208333
5266;0.132208333
5267;0.132208333
5268;0.132208333
5269;0.132208333
5270;0.132208333
5271;0.132208333
5272;0.132208333
5273;0.132208333
5274;0.132208333
5275;0.132208333
5276;0.132208333
5277;0.132208333
5278;0.132208333
5279;0.132208333
5280;0.132208333
5281;0.132208333
5282;0.132208333
5283;0.132208333
5284;0.132208333
5285;0.132208333
5286;0.132208333
5287;0.132208333
5288;0.132208333
5289;0.132208333
5290;0.132208333
5291;0.132208333
5292;0.132208333
5293;0.132208333
5294;0.132208333
5295;0.132208333
5296;0.132208333
5297;0.132208333
5298;0.132208333
5299;0.132208333
5300;0.132208333
5301;0.132208333
5302;0.132208333
5303;0.132208333
5304;0.132208333
5305;0.132208333
5306;0.132208333
5307;0.132208333
5308;0.132208333
5309;0.132208333
5310;0.132208333
5311;0.132208333
5312;0.132208333
5313;0.132208333
5314;0.132208333
5315;0.132208333
5316;0.132208333
5317;0.132208333
5318;0.132208333
5319;0.132208333
5320;0.132208333
5321;0.132208333
5322;0.132208333
5323;0.132208333
5324;0.132208333
5325;0.132208333
5326;0.132208333
5327;0.132208333
5328;0.132208333
5329;0.132208333
5330;0.132208333
5331;0.132208333
5332;0.132208333
5333;0.132208333
5334;0.132208333
5335;0.132208333
5336;0.132208333
5337;0.132208333
5338;0.132208333
5339;0.132208333
5340;0.132208333
5341;0.132208333
5342;0.132208333
5343;0.132208333
5344;0.132208333
5345;0.132208333
5346;0.132208333
5347;0.132208333
5348;0.132208333
5349;0.132208333
5350;0.132208333
5351;0.132208333
5352;0.132208333
5353;0.132208333
5354;0.132208333
5355;0.132208333
5356;0.132208333
5357;0.132208333
5358;0.132208333
5359;0.132208333
5360;0.132208333
5361;0.132208333
5362;0.132208333
5363;0.132208333
5364;0.132208333
5365;0.132208333
5366;0.132208333
5367;0.132208333
5368;0.132208333
5369;0.132208333
5370;0.132208333
5371;0.132208333
5372;0.132208333
5373;0.132208333
5374;0.132208333
5375;0.132208333
5376;0.132208333
5377;0.132208333
5378;0.132208333
5379;0.132208333
5380;0.132208333
5381;0.132208333
5382;0.132208333
5383;0.132208333
5384;0.132208333
5385;0.132208333
5386;0.132208333
5387;0.132208333
5388;0.132208333
5389;0.132208333
5390;0.132208333
5391;0.132208333
5392;0.132208333
5393;0.132208333
5394;0.132208333
5395;0.132208333
5396;0.132208333
5397;0.132208333
5398;0.132208333
5399;0.132208333
5400;0.132208333
5401;0.132208333
5402;0.132208333
5403;0.132208333
5404;0.132208333
5405;0.132208333
5406;0.132208333
5407;0.132208333
5408;0.132208333
5409;0.132208333
5410;0.132208333
5411;0.132208333
5412;0.132208333
5413;0.132208333
5414;0.132208333
5415;0.132208333
5416;0.132208333
5417;0.132208333
5418;0.132208333
5419;0.132208333
5420;0.132208333
5421;0.132208333
5422;0.132208333
5423;0.132208333
5424;0.132208333
5425;0.132208333
5426;0.132208333
5427;0.132208333
5428;0.132208333
5429;0.132208333
5430;0.132208333
5431;0.132208333
5432;0.132208333
5433;0.132208333
5434;0.132208333
5435;0.132208333
5436;0.132208333
5437;0.132208333
5438;0.132208333
5439;0.132208333
5440;0.132208333
5441;0.132208333
5442;0.132208333
5443;0.132208333
5444;0.132208333
5445;0.132208333
5446;0.132208333
5447;0.132208333
5448;0.132208333
5449;0.132208333
5450;0.132208333
5451;0.132208333
5452;0.132208333
5453;0.132208333
5454;0.132208333
5455;0.132208333
5456;0.132208333
5457;0.132208333
5458;0.132208333
5459;0.132208333
5460;0.132208333
5461;0.132208333
5462;0.132208333
5463;0.132208333
5464;0.132208333
5465;0.132208333
5466;0.132208333
5467;0.132208333
5468;0.132208333
5469;0.132208333
5470;0.132208333
5471;0.132208333
5472;0.132208333
5473;0.132208333
5474;0.132208333
5475;0.132208333
5476;0.132208333
5477;0.132208333
5478;0.132208333
5479;0.132208333
5480;0.132208333
5481;0.132208333
5482;0.132208333
5483;0.132208333
5484;0.132208333
5485;0.132208333
5486;0.132208333
5487;0.132208333
5488;0.132208333
5489;0.132208333
5490;0.132208333
5491;0.132208333
5492;0.132208333
5493;0.132208333
5494;0.132208333
5495;0.132208333
5496;0.132208333
5497;0.132208333
5498;0.132208333
5499;0.132208333
5500;0.132208333
5501;0.132208333
5502;0.132208333
5503;0.132208333
5504;0.132208333
5505;0.132208333
5506;0.132208333
5507;0.132208333
5508;0.132208333
5509;0.132208333
5510;0.132208333
5511;0.132208333
5512;0.132208333
5513;0.132208333
5514;0.132208333
5515;0.132208333
5516;0.132208333
5517;0.132208333
5518;0.132208333
5519;0.132208333
5520;0.132208333
5521;0.132208333
5522;0.132208333
5523;0.132208333
5524;0.132208333
5525;0.132208333
5526;0.132208333
5527;0.132208333
5528;0.132208333
5529;0.132208333
5530;0.132208333
5531;0.132208333
5532;0.132208333
5533;0.132208333
5534;0.132208333
5535;0.132208333
5536;0.132208333
5537;0.132208333
5538;0.132208333
5539;0.132208333
5540;0.132208333
5541;0.132208333
5542;0.132208333
5543;0.132208333
5544;0.132208333
5545;0.132208333
5546;0.132208333
5547;0.132208333
5548;0.132208333
5549;0.132208333
5550;0.132208333
5551;0.132208333
5552;0.132208333
5553;0.132208333
5554;0.132208333
5555;0.132208333
5556;0.132208333
5557;0.132208333
5558;0.132208333
5559;0.132208333
5560;0.132208333
5561;0.132208333
5562;0.132208333
5563;0.132208333
5564;0.132208333
5565;0.132208333
5566;0.132208333
5567;0.132208333
5568;0.132208333
5569;0.132208333
5570;0.132208333
5571;0.132208333
5572;0.132208333
5573;0.132208333
5574;0.132208333
5575;0.132208333
5576;0.132208333
5577;0.132208333
5578;0.132208333
5579;0.132208333
5580;0.132208333
5581;0.132208333
5582;0.132208333
5583;0.132208333
5584;0.132208333
5585;0.132208333
5586;0.132208333
5587;0.132208333
5588;0.132208333
5589;0.132208333
5590;0.132208333
5591;0.132208333
5592;0.132208333
5593;0.132208333
5594;0.132208333
5595;0.132208333
5596;0.132208333
5597;0.132208333
5598;0.132208333
5599;0.132208333
5600;0.132208333
5601;0.132208333
5602;0.132208333
5603;0.132208333
5604;0.132208333
5605;0.132208333
5606;0.132208333
5607;0.132208333
5608;0.132208333
5609;0.132208333
5610;0.132208333
5611;0.132208333
5612;0.132208333
5613;0.132208333
5614;0.132208333
5615;0.132208333
5616;0.132208333
5617;0.132208333
5618;0.132208333
5619;0.132208333
5620;0.132208333
5621;0.132208333
5622;0.132208333
5623;0.132208333
5624;0.132208333
5625;0.132208333
5626;0.132208333
5627;0.132208333
5628;0.132208333
5629;0.132208333
5630;0.132208333
5631;0.132208333
5632;0.132208333
5633;0.132208333
5634;0.132208333
5635;0.132208333
5636;0.132208333
5637;0.132208333
5638;0.132208333
5639;0.132208333
5640;0.132208333
5641;0.132208333
5642;0.132208333
5643;0.132208333
5644;0.132208333
5645;0.132208333
5646;0.132208333
5647;0.132208333
5648;0.132208333
5649;0.132208333
5650;0.132208333
5651;0.132208333
5652;0.132208333
5653;0.132208333
5654;0.132208333
5655;0.132208333
5656;0.132208333
5657;0.132208333
5658;0.132208333
5659;0.132208333
5660;0.132208333
5661;0.132208333
5662;0.132208333
5663;0.132208333
5664;0.132208333
5665;0.132208333
5666;0.132208333
5667;0.132208333
5668;0.132208333
5669;0.132208333
5670;0.132208333
5671;0.132208333
5672;0.132208333
5673;0.132208333
5674;0.132208333
5675;0.132208333
5676;0.132208333
5677;0.132208333
5678;0.132208333
5679;0.132208333
5680;0.132208333
5681;0.132208333
5682;0.132208333
5683;0.132208333
5684;0.132208333
5685;0.132208333
5686;0.132208333
5687;0.132208333
5688;0.525478834
5689;0.149079638
5690;0.148293097
5691;0.146366071
5692;1.70529034
5693;2.09856084
5694;2.09856084
5695;1.70529034
5696;1.70529034
5697;0.918749335
5698;0.918749335
5699;0.918749335
5700;0.525478834
5701;0.918749335
5702;0.918749335
5703;2.09856084
5704;2.49183134
5705;2.49183134
5706;2.88510184
5707;2.88510184
5708;3.27837234
5709;3.27837234
5710;2.88510184
5711;1.70529034
5712;0.223933739
5713;0.136143353
5714;0.135959902
5715;0.135510448
5716;0.499109958
5717;0.590835364
5718;0.590835364
5719;0.499109958
5720;0.499109958
5721;0.315659146
5722;0.315659146
5723;0.315659146
5724;0.223933739
5725;0.315659146
5726;0.315659146
5727;0.590835364
5728;0.68256077
5729;0.68256077
5730;0.774286176
5731;0.774286176
5732;0.866011582
5733;0.866011582
5734;0.774286176
5735;0.499109958
5736;0.514369574
5737;0.14860305
5738;0.147838728
5739;0.145966137
5740;1.6608533
5741;2.04301454
5742;2.04301454
5743;1.6608533
5744;1.6608533
5745;0.896530815
5746;0.896530815
5747;0.896530815
5748;0.514369574
5749;0.896530815
5750;0.896530815
5751;2.04301454
5752;2.42517578
5753;2.42517578
5754;2.80733702
5755;2.80733702
5756;3.18949826
5757;3.18949826
5758;2.80733702
5759;1.6608533
5760;0.238613692
5761;0.135102559
5762;0.135826116
5763;0.136549672
5764;0.136549672
5765;0.451424408
5766;0.770640482
5767;0.877045841
5768;0.664235124
5769;0.664235124
5770;0.557829766
5771;0.34501905
5772;0.238613692
5773;0.34501905
5774;0.557829766
5775;0.664235124
5776;0.770640482
5777;0.983451199
5778;0.983451199
5779;0.983451199
5780;0.770640482
5781;0.664235124
5782;0.664235124
5783;0.34501905
5784;0.132208333
5785;0.132208333
5786;0.132208333
5787;0.132208333
5788;0.132208333
5789;0.132208333
5790;0.132208333
5791;0.132208333
5792;0.132208333
5793;0.132208333
5794;0.132208333
5795;0.132208333
5796;0.132208333
5797;0.132208333
5798;0.132208333
5799;0.132208333
5800;0.132208333
5801;0.132208333
5802;0.132208333
5803;0.132208333
5804;0.132208333
5805;0.132208333
5806;0.132208333
5807;0.132208333
5808;0.132208333
5809;0.132208333
5810;0.132208333
5811;0.132208333
5812;0.132208333
5813;0.132208333
5814;0.132208333
5815;0.132208333
5816;0.132208333
5817;0.132208333
5818;0.132208333
5819;0.132208333
5820;0.132208333
5821;0.132208333
5822;0.132208333
5823;0.132208333
5824;0.132208333
5825;0.132208333
5826;0.132208333
5827;0.132208333
5828;0.132208333
5829;0.132208333
5830;0.132208333
5831;0.132208333
5832;0.132208333
5833;0.132208333
5834;0.132208333
5835;0.132208333
5836;0.132208333
5837;0.132208333
5838;0.132208333
5839;0.132208333
5840;0.132208333
5841;0.132208333
5842;0.132208333
5843;0.132208333
5844;0.132208333
5845;0.132208333
5846;0.132208333
5847;0.132208333
5848;0.132208333
5849;0.132208333
5850;0.132208333
5851;0.132208333
5852;0.132208333
5853;0.132208333
5854;0.132208333
5855;0.132208333
5856;0.132208333
5857;0.132208333
5858;0.132208333
5859;0.132208333
5860;0.132208333
5861;0.132208333
5862;0.132208333
5863;0.132208333
5864;0.132208333
5865;0.132208333
5866;0.132208333
5867;0.132208333
5868;0.132208333
5869;0.132208333
5870;0.132208333
5871;0.132208333
5872;0.132208333
5873;0.132208333
5874;0.132208333
5875;0.132208333
5876;0.132208333
5877;0.132208333
5878;0.132208333
5879;0.132208333
5880;0.509511579
5881;0.148394642
5882;0.147640036
5883;0.14579125
5884;1.64142132
5885;2.01872456
5886;2.01872456
5887;1.64142132
5888;1.64142132
5889;0.886814825
5890;0.886814825
5891;0.886814825
5892;0.509511579
5893;0.886814825
5894;0.886814825
5895;2.01872456
5896;2.39602781
5897;2.39602781
5898;2.77333105
5899;2.77333105
5900;3.1506343
5901;3.1506343
5902;2.77333105
5903;1.64142132
5904;0.463498306
5905;0.146420673
5906;0.145758093
5907;0.144134772
5908;1.45736822
5909;1.7886582
5910;1.7886582
5911;1.45736822
5912;1.45736822
5913;0.794788278
5914;0.794788278
5915;0.794788278
5916;0.463498306
5917;0.794788278
5918;0.794788278
5919;1.7886582
5920;2.11994817
5921;2.11994817
5922;2.45123814
5923;2.45123814
5924;2.78252811
5925;2.78252811
5926;2.45123814
5927;1.45736822
5928;0.287875646
5929;0.136442484
5930;0.137501022
5931;0.13855956
5932;0.13855956
5933;0.599210272
5934;1.06621221
5935;1.22187952
5936;0.910544898
5937;0.910544898
5938;0.754877585
5939;0.443542959
5940;0.287875646
5941;0.443542959
5942;0.754877585
5943;0.910544898
5944;1.06621221
5945;1.37754684
5946;1.37754684
5947;1.37754684
5948;1.06621221
5949;0.910544898
5950;0.910544898
5951;0.443542959
5952;0.940776007
5953;0.154201374
5954;0.159699636
5955;0.165197896
5956;0.165197896
5957;2.55791135
5958;4.98361437
5959;5.79218205
5960;4.1750467
5961;4.1750467
5962;3.36647903
5963;1.74934368
5964;0.940776007
5965;1.74934368
5966;3.36647903
5967;4.1750467
5968;4.98361437
5969;6.60074972
5970;6.60074972
5971;6.60074972
5972;4.98361437
5973;4.1750467
5974;4.1750467
5975;1.74934368
5976;0.921876623
5977;0.166085103
5978;0.164505766
5979;0.160636391
5980;3.29088149
5981;4.08054978
5982;4.08054978
5983;3.29088149
5984;3.29088149
5985;1.71154491
5986;1.71154491
5987;1.71154491
5988;0.921876623
5989;1.71154491
5990;1.71154491
5991;4.08054978
5992;4.87021807
5993;4.87021807
5994;5.65988636
5995;5.65988636
5996;6.44955465
5997;6.44955465
5998;5.65988636
5999;3.29088149
6000;0.735433045
6001;0.158086673
6002;0.156880224
6003;0.153924422
6004;2.54510718
6005;3.14833189
6006;3.14833189
6007;2.54510718
6008;2.54510718
6009;1.33865776
6010;1.33865776
6011;1.33865776
6012;0.735433045
6013;1.33865776
6014;1.33865776
6015;3.14833189
6016;3.7515566
6017;3.7515566
6018;4.35478131
6019;4.35478131
6020;4.95800602
6021;4.95800602
6022;4.35478131
6023;2.54510718
6024;0.462758126
6025;0.146388919
6026;0.14572782
6027;0.144108125
6028;1.4544075
6029;1.7849573
6030;1.7849573
6031;1.4544075
6032;1.4544075
6033;0.793307919
6034;0.793307919
6035;0.793307919
6036;0.462758126
6037;0.793307919
6038;0.793307919
6039;1.7849573
6040;2.11550709
6041;2.11550709
6042;2.44605688
6043;2.44605688
6044;2.77660667
6045;2.77660667
6046;2.44605688
6047;1.4544075
6048;0.546603851
6049;0.149985901
6050;0.14915711
6051;0.147126571
6052;1.7897904
6053;2.20418592
6054;2.20418592
6055;1.7897904
6056;1.7897904
6057;0.960999368
6058;0.960999368
6059;0.960999368
6060;0.546603851
6061;0.960999368
6062;0.960999368
6063;2.20418592
6064;2.61858144
6065;2.61858144
6066;3.03297696
6067;3.03297696
6068;3.44737247
6069;3.44737247
6070;3.03297696
6071;1.7897904
6072;0.712040591
6073;0.157083137
6074;0.155923472
6075;0.153082294
6076;2.45153736
6077;3.03136962
6078;3.03136962
6079;2.45153736
6080;2.45153736
6081;1.29187285
6082;1.29187285
6083;1.29187285
6084;0.712040591
6085;1.29187285
6086;1.29187285
6087;3.03136962
6088;3.61120188
6089;3.61120188
6090;4.19103414
6091;4.19103414
6092;4.7708664
6093;4.7708664
6094;4.19103414
6095;2.45153736
6096;0.132208333
6097;0.132208333
6098;0.132208333
6099;0.132208333
6100;0.132208333
6101;0.132208333
6102;0.132208333
6103;0.132208333
6104;0.132208333
6105;0.132208333
6106;0.132208333
6107;0.132208333
6108;0.132208333
6109;0.132208333
6110;0.132208333
6111;0.132208333
6112;0.132208333
6113;0.132208333
6114;0.132208333
6115;0.132208333
6116;0.132208333
6117;0.132208333
6118;0.132208333
6119;0.132208333
6120;0.132208333
6121;0.132208333
6122;0.132208333
6123;0.132208333
6124;0.132208333
6125;0.132208333
6126;0.132208333
6127;0.132208333
6128;0.132208333
6129;0.132208333
6130;0.132208333
6131;0.132208333
6132;0.132208333
6133;0.132208333
6134;0.132208333
6135;0.132208333
6136;0.132208333
6137;0.132208333
6138;0.132208333
6139;0.132208333
6140;0.132208333
6141;0.132208333
6142;0.132208333
6143;0.132208333
6144;0.132208333
6145;0.132208333
6146;0.132208333
6147;0.132208333
6148;0.132208333
6149;0.132208333
6150;0.132208333
6151;0.132208333
6152;0.132208333
6153;0.132208333
6154;0.132208333
6155;0.132208333
6156;0.132208333
6157;0.132208333
6158;0.132208333
6159;0.132208333
6160;0.132208333
6161;0.132208333
6162;0.132208333
6163;0.132208333
6164;0.132208333
6165;0.132208333
6166;0.132208333
6167;0.132208333
6168;0.504225778
6169;0.148167882
6170;0.147423847
6171;0.145600961
6172;1.62027811
6173;1.99229556
6174;1.99229556
6175;1.62027811
6176;1.62027811
6177;0.876243223
6178;0.876243223
6179;0.876243223
6180;0.504225778
6181;0.876243223
6182;0.876243223
6183;1.99229556
6184;2.364313
6185;2.364313
6186;2.73633045
6187;2.73633045
6188;3.10834789
6189;3.10834789
6190;2.73633045
6191;1.62027811
6192;0.132208333
6193;0.132208333
6194;0.132208333
6195;0.132208333
6196;0.132208333
6197;0.132208333
6198;0.132208333
6199;0.132208333
6200;0.132208333
6201;0.132208333
6202;0.132208333
6203;0.132208333
6204;0.132208333
6205;0.132208333
6206;0.132208333
6207;0.132208333
6208;0.132208333
6209;0.132208333
6210;0.132208333
6211;0.132208333
6212;0.132208333
6213;0.132208333
6214;0.132208333
6215;0.132208333
6216;0.132208333
6217;0.132208333
6218;0.132208333
6219;0.132208333
6220;0.132208333
6221;0.132208333
6222;0.132208333
6223;0.132208333
6224;0.132208333
6225;0.132208333
6226;0.132208333
6227;0.132208333
6228;0.132208333
6229;0.132208333
6230;0.132208333
6231;0.132208333
6232;0.132208333
6233;0.132208333
6234;0.132208333
6235;0.132208333
6236;0.132208333
6237;0.132208333
6238;0.132208333
6239;0.132208333
6240;0.132208333
6241;0.132208333
6242;0.132208333
6243;0.132208333
6244;0.132208333
6245;0.132208333
6246;0.132208333
6247;0.132208333
6248;0.132208333
6249;0.132208333
6250;0.132208333
6251;0.132208333
6252;0.132208333
6253;0.132208333
6254;0.132208333
6255;0.132208333
6256;0.132208333
6257;0.132208333
6258;0.132208333
6259;0.132208333
6260;0.132208333
6261;0.132208333
6262;0.132208333
6263;0.132208333
6264;0.422315124
6265;0.140099238
6266;0.142071965
6267;0.144044691
6268;0.144044691
6269;1.0025287
6270;1.87284908
6271;2.16295587
6272;1.58274229
6273;1.58274229
6274;1.29263549
6275;0.712421914
6276;0.422315124
6277;0.712421914
6278;1.29263549
6279;1.58274229
6280;1.87284908
6281;2.45306266
6282;2.45306266
6283;2.45306266
6284;1.87284908
6285;1.58274229
6286;1.58274229
6287;0.712421914
6288;0.447523528
6289;0.140784907
6290;0.142929051
6291;0.145073194
6292;0.145073194
6293;1.07815392
6294;2.0240995
6295;2.33941469
6296;1.7087843
6297;1.7087843
6298;1.39346911
6299;0.762838722
6300;0.447523528
6301;0.762838722
6302;1.39346911
6303;1.7087843
6304;2.0240995
6305;2.65472989
6306;2.65472989
6307;2.65472989
6308;2.0240995
6309;1.7087843
6310;1.7087843
6311;0.762838722
6312;0.729900021
6313;0.157849307
6314;0.156653923
6315;0.153725233
6316;2.52297509
6317;3.12066677
6318;3.12066677
6319;2.52297509
6320;2.52297509
6321;1.32759171
6322;1.32759171
6323;1.32759171
6324;0.729900021
6325;1.32759171
6326;1.32759171
6327;3.12066677
6328;3.71835846
6329;3.71835846
6330;4.31605015
6331;4.31605015
6332;4.91374184
6333;4.91374184
6334;4.31605015
6335;2.52297509
6336;0.424801865
6337;0.144760596
6338;0.144175409
6339;0.1427417
6340;1.30258246
6341;1.59517599
6342;1.59517599
6343;1.30258246
6344;1.30258246
6345;0.717395396
6346;0.717395396
6347;0.717395396
6348;0.424801865
6349;0.717395396
6350;0.717395396
6351;1.59517599
6352;1.88776952
6353;1.88776952
6354;2.18036305
6355;2.18036305
6356;2.47295659
6357;2.47295659
6358;2.18036305
6359;1.30258246
6360;1.17766658
6361;0.177058492
6362;0.174967575
6363;0.169844829
6364;4.31404132
6365;5.35949956
6366;5.35949956
6367;4.31404132
6368;4.31404132
6369;2.22312482
6370;2.22312482
6371;2.22312482
6372;1.17766658
6373;2.22312482
6374;2.22312482
6375;5.35949956
6376;6.40495781
6377;6.40495781
6378;7.45041605
6379;7.45041605
6380;8.4958743
6381;8.4958743
6382;7.45041605
6383;4.31404132
6384;1.31257444
6385;0.182846039
6386;0.180485306
6387;0.174701511
6388;4.85367275
6389;6.03403885
6390;6.03403885
6391;4.85367275
6392;4.85367275
6393;2.49294054
6394;2.49294054
6395;2.49294054
6396;1.31257444
6397;2.49294054
6398;2.49294054
6399;6.03403885
6400;7.21440495
6401;7.21440495
6402;8.39477105
6403;8.39477105
6404;9.57513716
6405;9.57513716
6406;8.39477105
6407;4.85367275
6408;0.763772674
6409;0.159302443
6410;0.158039315
6411;0.154944649
6412;2.6584657
6413;3.29003004
6414;3.29003004
6415;2.6584657
6416;2.6584657
6417;1.39533701
6418;1.39533701
6419;1.39533701
6420;0.763772674
6421;1.39533701
6422;1.39533701
6423;3.29003004
6424;3.92159438
6425;3.92159438
6426;4.55315872
6427;4.55315872
6428;5.18472306
6429;5.18472306
6430;4.55315872
6431;2.6584657
6432;0.871144066
6433;0.152307386
6434;0.15733215
6435;0.162356912
6436;0.162356912
6437;2.34901553
6438;4.56582273
6439;5.30475846
6440;3.82688699
6441;3.82688699
6442;3.08795126
6443;1.6100798
6444;0.871144066
6445;1.6100798
6446;3.08795126
6447;3.82688699
6448;4.56582273
6449;6.04369419
6450;6.04369419
6451;6.04369419
6452;4.56582273
6453;3.82688699
6454;3.82688699
6455;1.6100798
6456;0.784163077
6457;0.149941503
6458;0.154374796
6459;0.158808088
6460;0.158808088
6461;2.08807257
6462;4.0439368
6463;4.69589154
6464;3.39198205
6465;3.39198205
6466;2.74002731
6467;1.43611782
6468;0.784163077
6469;1.43611782
6470;2.74002731
6471;3.39198205
6472;4.0439368
6473;5.34784629
6474;5.34784629
6475;5.34784629
6476;4.0439368
6477;3.39198205
6478;3.39198205
6479;1.43611782
6480;1.18177143
6481;0.17723459
6482;0.175135463
6483;0.169992603
6484;4.3304607
6485;5.38002379
6486;5.38002379
6487;4.3304607
6488;4.3304607
6489;2.23133452
6490;2.23133452
6491;2.23133452
6492;1.18177143
6493;2.23133452
6494;2.23133452
6495;5.38002379
6496;6.42958689
6497;6.42958689
6498;7.47914998
6499;7.47914998
6500;8.52871307
6501;8.52871307
6502;7.47914998
6503;4.3304607
6504;0.931572268
6505;0.166501046
6506;0.164902318
6507;0.160985434
6508;3.32966407
6509;4.12902801
6510;4.12902801
6511;3.32966407
6512;3.32966407
6513;1.7309362
6514;1.7309362
6515;1.7309362
6516;0.931572268
6517;1.7309362
6518;1.7309362
6519;4.12902801
6520;4.92839194
6521;4.92839194
6522;5.72775587
6523;5.72775587
6524;6.52711981
6525;6.52711981
6526;5.72775587
6527;3.32966407
6528;0.820938499
6529;0.161754857
6530;0.160377397
6531;0.157002618
6532;2.887129
6533;3.57585916
6534;3.57585916
6535;2.887129
6536;2.887129
6537;1.50966867
6538;1.50966867
6539;1.50966867
6540;0.820938499
6541;1.50966867
6542;1.50966867
6543;3.57585916
6544;4.26458933
6545;4.26458933
6546;4.9533195
6547;4.9533195
6548;5.64204966
6549;5.64204966
6550;4.9533195
6551;2.887129
6552;1.08678857
6553;1.08678857
6554;1.08678857
6555;1.08678857
6556;2.0413688
6557;2.99594904
6558;3.47323916
6559;3.47323916
6560;2.99594904
6561;2.51865892
6562;2.0413688
6563;1.56407869
6564;1.56407869
6565;0.609498451
6566;0.609498451
6567;1.56407869
6568;2.0413688
6569;2.51865892
6570;2.99594904
6571;3.95052928
6572;3.95052928
6573;3.47323916
6574;2.99594904
6575;2.0413688
6576;0.520503475
6577;0.520503475
6578;0.520503475
6579;0.520503475
6580;0.908798617
6581;1.29709376
6582;1.49124133
6583;1.49124133
6584;1.29709376
6585;1.10294619
6586;0.908798617
6587;0.714651046
6588;0.714651046
6589;0.326355904
6590;0.326355904
6591;0.714651046
6592;0.908798617
6593;1.10294619
6594;1.29709376
6595;1.6853889
6596;1.6853889
6597;1.49124133
6598;1.29709376
6599;0.908798617
6600;1.52922644
6601;1.52922644
6602;1.52922644
6603;1.52922644
6604;2.2277355
6605;2.92624456
6606;3.62475361
6607;4.32326267
6608;4.32326267
6609;4.32326267
6610;4.32326267
6611;3.62475361
6612;2.92624456
6613;2.2277355
6614;1.52922644
6615;1.52922644
6616;2.92624456
6617;4.32326267
6618;5.02177172
6619;5.02177172
6620;5.02177172
6621;3.62475361
6622;3.62475361
6623;2.2277355
6624;1.44190986
6625;1.44190986
6626;1.44190986
6627;1.44190986
6628;2.09676062
6629;2.75161139
6630;3.40646215
6631;4.06131291
6632;4.06131291
6633;4.06131291
6634;4.06131291
6635;3.40646215
6636;2.75161139
6637;2.09676062
6638;1.44190986
6639;1.44190986
6640;2.75161139
6641;4.06131291
6642;4.71616368
6643;4.71616368
6644;4.71616368
6645;3.40646215
6646;3.40646215
6647;2.09676062
6648;1.69885102
6649;1.69885102
6650;1.69885102
6651;1.69885102
6652;3.26549371
6653;4.8321364
6654;5.61545775
6655;5.61545775
6656;4.8321364
6657;4.04881506
6658;3.26549371
6659;2.48217237
6660;2.48217237
6661;0.915529678
6662;0.915529678
6663;2.48217237
6664;3.26549371
6665;4.04881506
6666;4.8321364
6667;6.39877909
6668;6.39877909
6669;5.61545775
6670;4.8321364
6671;3.26549371
6672;2.06208478
6673;2.06208478
6674;2.06208478
6675;2.06208478
6676;3.99196123
6677;5.92183767
6678;6.88677589
6679;6.88677589
6680;5.92183767
6681;4.95689945
6682;3.99196123
6683;3.027023
6684;3.027023
6685;1.09714656
6686;1.09714656
6687;3.027023
6688;3.99196123
6689;4.95689945
6690;5.92183767
6691;7.85171412
6692;7.85171412
6693;6.88677589
6694;5.92183767
6695;3.99196123
6696;2.15188484
6697;2.15188484
6698;2.15188484
6699;2.15188484
6700;4.17156134
6701;6.19123785
6702;7.2010761
6703;7.2010761
6704;6.19123785
6705;5.18139959
6706;4.17156134
6707;3.16172309
6708;3.16172309
6709;1.14204659
6710;1.14204659
6711;3.16172309
6712;4.17156134
6713;5.18139959
6714;6.19123785
6715;8.21091435
6716;8.21091435
6717;7.2010761
6718;6.19123785
6719;4.17156134
6720;1.34753571
6721;1.34753571
6722;1.34753571
6723;1.34753571
6724;2.56286309
6725;3.77819047
6726;4.38585416
6727;4.38585416
6728;3.77819047
6729;3.17052678
6730;2.56286309
6731;1.9551994
6732;1.9551994
6733;0.739872022
6734;0.739872022
6735;1.9551994
6736;2.56286309
6737;3.17052678
6738;3.77819047
6739;4.99351785
6740;4.99351785
6741;4.38585416
6742;3.77819047
6743;2.56286309
6744;0.714237603
6745;0.714237603
6746;0.714237603
6747;0.714237603
6748;1.29626687
6749;1.87829614
6750;2.16931078
6751;2.16931078
6752;1.87829614
6753;1.58728151
6754;1.29626687
6755;1.00525224
6756;1.00525224
6757;0.423222968
6758;0.423222968
6759;1.00525224
6760;1.29626687
6761;1.58728151
6762;1.87829614
6763;2.46032541
6764;2.46032541
6765;2.16931078
6766;1.87829614
6767;1.29626687
6768;2.7273927
6769;2.7273927
6770;2.7273927
6771;2.7273927
6772;4.02498488
6773;5.32257706
6774;6.62016924
6775;7.91776142
6776;7.91776142
6777;7.91776142
6778;7.91776142
6779;6.62016924
6780;5.32257706
6781;4.02498488
6782;2.7273927
6783;2.7273927
6784;5.32257706
6785;7.91776142
6786;9.2153536
6787;9.2153536
6788;9.2153536
6789;6.62016924
6790;6.62016924
6791;4.02498488
6792;3.63384219
6793;3.63384219
6794;3.63384219
6795;3.63384219
6796;5.38465912
6797;7.13547604
6798;8.88629297
6799;10.0746
6800;10.0746
6801;10.0746
6802;10.0746
6803;8.88629297
6804;7.13547604
6805;5.38465912
6806;3.63384219
6807;3.63384219
6808;7.13547604
6809;10.0746
6810;10.0746
6811;10.0746
6812;10.0746
6813;8.88629297
6814;8.88629297
6815;5.38465912
6816;3.86833595
6817;3.86833595
6818;3.86833595
6819;3.86833595
6820;7.60446356
6821;10.0746
6822;10.0746
6823;10.0746
6824;10.0746
6825;9.47252737
6826;7.60446356
6827;5.73639976
6828;5.73639976
6829;2.00027214
6830;2.00027214
6831;5.73639976
6832;7.60446356
6833;9.47252737
6834;10.0746
6835;10.0746
6836;10.0746
6837;10.0746
6838;10.0746
6839;7.60446356
6840;4.35866035
6841;4.35866035
6842;4.35866035
6843;4.35866035
6844;8.58511238
6845;10.0746
6846;10.0746
6847;10.0746
6848;10.0746
6849;10.0746
6850;8.58511238
6851;6.47188636
6852;6.47188636
6853;2.24543434
6854;2.24543434
6855;6.47188636
6856;8.58511238
6857;10.0746
6858;10.0746
6859;10.0746
6860;10.0746
6861;10.0746
6862;10.0746
6863;8.58511238
6864;4.50741025
6865;4.50741025
6866;4.50741025
6867;4.50741025
6868;8.88261216
6869;10.0746
6870;10.0746
6871;10.0746
6872;10.0746
6873;10.0746
6874;8.88261216
6875;6.69501121
6876;6.69501121
6877;2.31980929
6878;2.31980929
6879;6.69501121
6880;8.88261216
6881;10.0746
6882;10.0746
6883;10.0746
6884;10.0746
6885;10.0746
6886;10.0746
6887;8.88261216
6888;4.30964359
6889;4.30964359
6890;4.30964359
6891;4.30964359
6892;8.48707886
6893;10.0746
6894;10.0746
6895;10.0746
6896;10.0746
6897;10.0746
6898;8.48707886
6899;6.39836122
6900;6.39836122
6901;2.22092596
6902;2.22092596
6903;6.39836122
6904;8.48707886
6905;10.0746
6906;10.0746
6907;10.0746
6908;10.0746
6909;10.0746
6910;10.0746
6911;8.48707886
6912;4.48577259
6913;4.48577259
6914;4.48577259
6915;4.48577259
6916;8.83933685
6917;10.0746
6918;10.0746
6919;10.0746
6920;10.0746
6921;10.0746
6922;8.83933685
6923;6.66255472
6924;6.66255472
6925;2.30899046
6926;2.30899046
6927;6.66255472
6928;8.83933685
6929;10.0746
6930;10.0746
6931;10.0746
6932;10.0746
6933;10.0746
6934;10.0746
6935;8.83933685
6936;4.29790932
6937;4.29790932
6938;4.29790932
6939;4.29790932
6940;6.38075982
6941;8.46361032
6942;10.0746
6943;10.0746
6944;10.0746
6945;10.0746
6946;10.0746
6947;10.0746
6948;8.46361032
6949;6.38075982
6950;4.29790932
6951;4.29790932
6952;8.46361032
6953;10.0746
6954;10.0746
6955;10.0746
6956;10.0746
6957;10.0746
6958;10.0746
6959;6.38075982
6960;3.01250352
6961;3.01250352
6962;3.01250352
6963;3.01250352
6964;4.45265112
6965;5.89279871
6966;7.33294631
6967;8.7730939
6968;8.7730939
6969;8.7730939
6970;8.7730939
6971;7.33294631
6972;5.89279871
6973;4.45265112
6974;3.01250352
6975;3.01250352
6976;5.89279871
6977;8.7730939
6978;10.0746
6979;10.0746
6980;10.0746
6981;7.33294631
6982;7.33294631
6983;4.45265112
6984;2.02004538
6985;2.02004538
6986;2.02004538
6987;2.02004538
6988;3.90788243
6989;5.79571948
6990;6.73963801
6991;6.73963801
6992;5.79571948
6993;4.85180096
6994;3.90788243
6995;2.96396391
6996;2.96396391
6997;1.07612686
6998;1.07612686
6999;2.96396391
7000;3.90788243
7001;4.85180096
7002;5.79571948
7003;7.68355653
7004;7.68355653
7005;6.73963801
7006;5.79571948
7007;3.90788243
7008;2.31583865
7009;2.31583865
7010;2.31583865
7011;2.31583865
7012;4.49946897
7013;6.68309928
7014;7.77491444
7015;7.77491444
7016;6.68309928
7017;5.59128413
7018;4.49946897
7019;3.40765381
7020;3.40765381
7021;1.22402349
7022;1.22402349
7023;3.40765381
7024;4.49946897
7025;5.59128413
7026;6.68309928
7027;8.8667296
7028;8.8667296
7029;7.77491444
7030;6.68309928
7031;4.49946897
7032;1.45373684
7033;1.45373684
7034;1.45373684
7035;1.45373684
7036;2.77526534
7037;4.09679384
7038;4.75755809
7039;4.75755809
7040;4.09679384
7041;3.43602959
7042;2.77526534
7043;2.11450109
7044;2.11450109
7045;0.792972584
7046;0.792972584
7047;2.11450109
7048;2.77526534
7049;3.43602959
7050;4.09679384
7051;5.41832234
7052;5.41832234
7053;4.75755809
7054;4.09679384
7055;2.77526534
7056;1.79486972
7057;1.79486972
7058;1.79486972
7059;1.79486972
7060;3.45753111
7061;5.1201925
7062;5.95152319
7063;5.95152319
7064;5.1201925
7065;4.2888618
7066;3.45753111
7067;2.62620042
7068;2.62620042
7069;0.963539027
7070;0.963539027
7071;2.62620042
7072;3.45753111
7073;4.2888618
7074;5.1201925
7075;6.78285389
7076;6.78285389
7077;5.95152319
7078;5.1201925
7079;3.45753111
7080;1.11186907
7081;1.11186907
7082;1.11186907
7083;1.11186907
7084;2.09152982
7085;3.07119056
7086;3.56102093
7087;3.56102093
7088;3.07119056
7089;2.58136019
7090;2.09152982
7091;1.60169944
7092;1.60169944
7093;0.622038704
7094;0.622038704
7095;1.60169944
7096;2.09152982
7097;2.58136019
7098;3.07119056
7099;4.0508513
7100;4.0508513
7101;3.56102093
7102;3.07119056
7103;2.09152982
7104;2.23601383
7105;2.23601383
7106;2.23601383
7107;2.23601383
7108;3.28791658
7109;4.33981933
7110;5.39172207
7111;6.44362482
7112;6.44362482
7113;6.44362482
7114;6.44362482
7115;5.39172207
7116;4.33981933
7117;3.28791658
7118;2.23601383
7119;2.23601383
7120;4.33981933
7121;6.44362482
7122;7.49552757
7123;7.49552757
7124;7.49552757
7125;5.39172207
7126;5.39172207
7127;3.28791658
7128;1.69473163
7129;1.69473163
7130;1.69473163
7131;1.69473163
7132;2.47599329
7133;3.25725494
7134;4.03851659
7135;4.81977824
7136;4.81977824
7137;4.81977824
7138;4.81977824
7139;4.03851659
7140;3.25725494
7141;2.47599329
7142;1.69473163
7143;1.69473163
7144;3.25725494
7145;4.81977824
7146;5.60103989
7147;5.60103989
7148;5.60103989
7149;4.03851659
7150;4.03851659
7151;2.47599329
7152;4.59770108
7153;4.59770108
7154;4.59770108
7155;4.59770108
7156;9.06319383
7157;10.0746
7158;10.0746
7159;10.0746
7160;10.0746
7161;10.0746
7162;9.06319383
7163;6.83044746
7164;6.83044746
7165;2.36495471
7166;2.36495471
7167;6.83044746
7168;9.06319383
7169;10.0746
7170;10.0746
7171;10.0746
7172;10.0746
7173;10.0746
7174;10.0746
7175;9.06319383
7176;4.09709638
7177;4.09709638
7178;4.09709638
7179;4.09709638
7180;8.06198442
7181;10.0746
7182;10.0746
7183;10.0746
7184;10.0746
7185;10.0444284
7186;8.06198442
7187;6.0795404
7188;6.0795404
7189;2.11465236
7190;2.11465236
7191;6.0795404
7192;8.06198442
7193;10.0444284
7194;10.0746
7195;10.0746
7196;10.0746
7197;10.0746
7198;10.0746
7199;8.06198442
7200;3.44614248
7201;3.44614248
7202;3.44614248
7203;3.44614248
7204;6.76007664
7205;10.0740108
7206;10.0746
7207;10.0746
7208;10.0740108
7209;8.41704371
7210;6.76007664
7211;5.10310956
7212;5.10310956
7213;1.78917541
7214;1.78917541
7215;5.10310956
7216;6.76007664
7217;8.41704371
7218;10.0740108
7219;10.0746
7220;10.0746
7221;10.0746
7222;10.0740108
7223;6.76007664
7224;3.64173839
7225;3.64173839
7226;3.64173839
7227;3.64173839
7228;7.15126844
7229;10.0746
7230;10.0746
7231;10.0746
7232;10.0746
7233;8.90603347
7234;7.15126844
7235;5.39650342
7236;5.39650342
7237;1.88697336
7238;1.88697336
7239;5.39650342
7240;7.15126844
7241;8.90603347
7242;10.0746
7243;10.0746
7244;10.0746
7245;10.0746
7246;10.0746
7247;7.15126844
7248;2.41863103
7249;2.41863103
7250;2.41863103
7251;2.41863103
7252;4.70505374
7253;6.99147644
7254;8.13468779
7255;8.13468779
7256;6.99147644
7257;5.84826509
7258;4.70505374
7259;3.56184239
7260;3.56184239
7261;1.27541968
7262;1.27541968
7263;3.56184239
7264;4.70505374
7265;5.84826509
7266;6.99147644
7267;9.27789914
7268;9.27789914
7269;8.13468779
7270;6.99147644
7271;4.70505374
7272;1.66226634
7273;1.66226634
7274;1.66226634
7275;1.66226634
7276;2.42729534
7277;3.19232434
7278;3.95735334
7279;4.72238234
7280;4.72238234
7281;4.72238234
7282;4.72238234
7283;3.95735334
7284;3.19232434
7285;2.42729534
7286;1.66226634
7287;1.66226634
7288;3.19232434
7289;4.72238234
7290;5.48741134
7291;5.48741134
7292;5.48741134
7293;3.95735334
7294;3.95735334
7295;2.42729534
7296;1.81503417
7297;1.81503417
7298;1.81503417
7299;1.81503417
7300;2.65644709
7301;3.49786001
7302;4.33927292
7303;5.18068584
7304;5.18068584
7305;5.18068584
7306;5.18068584
7307;4.33927292
7308;3.49786001
7309;2.65644709
7310;1.81503417
7311;1.81503417
7312;3.49786001
7313;5.18068584
7314;6.02209876
7315;6.02209876
7316;6.02209876
7317;4.33927292
7318;4.33927292
7319;2.65644709
7320;2.11026792
7321;2.11026792
7322;2.11026792
7323;2.11026792
7324;4.0883275
7325;6.06638708
7326;7.05541687
7327;7.05541687
7328;6.06638708
7329;5.07735729
7330;4.0883275
7331;3.09929771
7332;3.09929771
7333;1.12123812
7334;1.12123812
7335;3.09929771
7336;4.0883275
7337;5.07735729
7338;6.06638708
7339;8.04444667
7340;8.04444667
7341;7.05541687
7342;6.06638708
7343;4.0883275
7344;1.61134725
7345;1.61134725
7346;1.61134725
7347;1.61134725
7348;3.09048617
7349;4.56962509
7350;5.30919455
7351;5.30919455
7352;4.56962509
7353;3.83005563
7354;3.09048617
7355;2.35091671
7356;2.35091671
7357;0.871777792
7358;0.871777792
7359;2.35091671
7360;3.09048617
7361;3.83005563
7362;4.56962509
7363;6.048764
7364;6.048764
7365;5.30919455
7366;4.56962509
7367;3.09048617
7368;2.07495474
7369;2.07495474
7370;2.07495474
7371;2.07495474
7372;4.01770114
7373;5.96044754
7374;6.93182074
7375;6.93182074
7376;5.96044754
7377;4.98907434
7378;4.01770114
7379;3.04632794
7380;3.04632794
7381;1.10358153
7382;1.10358153
7383;3.04632794
7384;4.01770114
7385;4.98907434
7386;5.96044754
7387;7.90319394
7388;7.90319394
7389;6.93182074
7390;5.96044754
7391;4.01770114
7392;1.34199088
7393;1.34199088
7394;1.34199088
7395;1.34199088
7396;2.55177343
7397;3.76155598
7398;4.36644726
7399;4.36644726
7400;3.76155598
7401;3.15666471
7402;2.55177343
7403;1.94688216
7404;1.94688216
7405;0.737099608
7406;0.737099608
7407;1.94688216
7408;2.55177343
7409;3.15666471
7410;3.76155598
7411;4.97133853
7412;4.97133853
7413;4.36644726
7414;3.76155598
7415;2.55177343
7416;3.07286816
7417;3.07286816
7418;3.07286816
7419;3.07286816
7420;6.01352799
7421;8.95418781
7422;10.0746
7423;10.0746
7424;8.95418781
7425;7.4838579
7426;6.01352799
7427;4.54319807
7428;4.54319807
7429;1.60253825
7430;1.60253825
7431;4.54319807
7432;6.01352799
7433;7.4838579
7434;8.95418781
7435;10.0746
7436;10.0746
7437;10.0746
7438;8.95418781
7439;6.01352799
7440;4.21161607
7441;4.21161607
7442;4.21161607
7443;4.21161607
7444;6.25131994
7445;8.29102381
7446;10.0746
7447;10.0746
7448;10.0746
7449;10.0746
7450;10.0746
7451;10.0746
7452;8.29102381
7453;6.25131994
7454;4.21161607
7455;4.21161607
7456;8.29102381
7457;10.0746
7458;10.0746
7459;10.0746
7460;10.0746
7461;10.0746
7462;10.0746
7463;6.25131994
7464;3.4753012
7465;3.4753012
7466;3.4753012
7467;3.4753012
7468;5.14684763
7469;6.81839406
7470;8.48994049
7471;10.0746
7472;10.0746
7473;10.0746
7474;10.0746
7475;8.48994049
7476;6.81839406
7477;5.14684763
7478;3.4753012
7479;3.4753012
7480;6.81839406
7481;10.0746
7482;10.0746
7483;10.0746
7484;10.0746
7485;8.48994049
7486;8.48994049
7487;5.14684763
7488;2.01702626
7489;2.01702626
7490;2.01702626
7491;2.01702626
7492;3.90184419
7493;5.78666211
7494;6.72907107
7495;6.72907107
7496;5.78666211
7497;4.84425315
7498;3.90184419
7499;2.95943522
7500;2.95943522
7501;1.0746173
7502;1.0746173
7503;2.95943522
7504;3.90184419
7505;4.84425315
7506;5.78666211
7507;7.67148004
7508;7.67148004
7509;6.72907107
7510;5.78666211
7511;3.90184419
7512;2.57174209
7513;2.57174209
7514;2.57174209
7515;2.57174209
7516;5.01127584
7517;7.45080959
7518;8.67057646
7519;8.67057646
7520;7.45080959
7521;6.23104271
7522;5.01127584
7523;3.79150896
7524;3.79150896
7525;1.35197521
7526;1.35197521
7527;3.79150896
7528;5.01127584
7529;6.23104271
7530;7.45080959
7531;9.89034334
7532;9.89034334
7533;8.67057646
7534;7.45080959
7535;5.01127584
7536;1.892645
7537;1.892645
7538;1.892645
7539;1.892645
7540;3.65308166
7541;5.41351832
7542;6.29373666
7543;6.29373666
7544;5.41351832
7545;4.53329999
7546;3.65308166
7547;2.77286333
7548;2.77286333
7549;1.01242667
7550;1.01242667
7551;2.77286333
7552;3.65308166
7553;4.53329999
7554;5.41351832
7555;7.17395499
7556;7.17395499
7557;6.29373666
7558;5.41351832
7559;3.65308166
7560;4.81287258
7561;4.81287258
7562;4.81287258
7563;4.81287258
7564;9.49353683
7565;10.0746
7566;10.0746
7567;0.691908333
7568;10.0746
7569;10.0746
7570;9.49353683
7571;7.1532047
7572;7.1532047
7573;2.47254046
7574;2.47254046
7575;7.1532047
7576;9.49353683
7577;10.0746
7578;10.0746
7579;10.0746
7580;0.691908333
7581;10.0746
7582;0.691908333
7583;9.49353683
7584;5.20373957
7585;5.20373957
7586;5.20373957
7587;5.20373957
7588;10.0746
7589;10.0746
7590;10.0746
7591;10.0746
7592;10.0746
7593;10.0746
7594;10.0746
7595;7.73950519
7596;7.73950519
7597;2.66797395
7598;2.66797395
7599;7.73950519
7600;10.0746
7601;10.0746
7602;10.0746
7603;10.0746
7604;0.691908333
7605;10.0746
7606;10.0746
7607;10.0746
7608;5.47462081
7609;5.47462081
7610;5.47462081
7611;5.47462081
7612;8.14582705
7613;10.0746
7614;10.0746
7615;10.0746
7616;10.0746
7617;10.0746
7618;10.0746
7619;10.0746
7620;10.0746
7621;8.14582705
7622;5.47462081
7623;5.47462081
7624;10.0746
7625;10.0746
7626;10.0746
7627;0.691908333
7628;10.0746
7629;0.691908333
7630;10.0746
7631;8.14582705
7632;4.68362579
7633;4.68362579
7634;4.68362579
7635;4.68362579
7636;6.95933452
7637;9.23504324
7638;10.0746
7639;10.0746
7640;10.0746
7641;10.0746
7642;10.0746
7643;10.0746
7644;9.23504324
7645;6.95933452
7646;4.68362579
7647;4.68362579
7648;9.23504324
7649;10.0746
7650;10.0746
7651;10.0746
7652;0.691908333
7653;10.0746
7654;10.0746
7655;6.95933452
7656;5.3548416
7657;5.3548416
7658;5.3548416
7659;5.3548416
7660;10.0746
7661;10.0746
7662;10.0746
7663;10.0746
7664;10.0746
7665;10.0746
7666;10.0746
7667;7.96615823
7668;7.96615823
7669;2.74352497
7670;2.74352497
7671;7.96615823
7672;10.0746
7673;10.0746
7674;10.0746
7675;10.0746
7676;0.691908333
7677;0.691908333
7678;10.0746
7679;10.0746
7680;4.78659081
7681;4.78659081
7682;4.78659081
7683;4.78659081
7684;9.44097328
7685;10.0746
7686;10.0746
7687;0.691908333
7688;10.0746
7689;10.0746
7690;9.44097328
7691;7.11378204
7692;7.11378204
7693;2.45939957
7694;2.45939957
7695;7.11378204
7696;9.44097328
7697;10.0746
7698;10.0746
7699;10.0746
7700;0.691908333
7701;10.0746
7702;0.691908333
7703;9.44097328
7704;6.27183246
7705;6.27183246
7706;6.27183246
7707;6.27183246
7708;10.0746
7709;10.0746
7710;0.691908333
7711;10.0746
7712;10.0746
7713;0.691908333
7714;0.691908333
7715;0.691908333
7716;0.691908333
7717;0.691908333
7718;3.2020204
7719;9.34164453
7720;10.0746
7721;10.0746
7722;10.0746
7723;0.691908333
7724;0.691908333
7725;0.691908333
7726;10.0746
7727;0.691908333
7728;0.691908333
7729;5.61418308
7730;5.61418308
7731;5.61418308
7732;10.0746
7733;10.0746
7734;10.0746
7735;0.691908333
7736;10.0746
7737;10.0746
7738;10.0746
7739;8.35517045
7740;8.35517045
7741;2.87319571
7742;2.87319571
7743;8.35517045
7744;10.0746
7745;10.0746
7746;10.0746
7747;10.0746
7748;0.691908333
7749;0.691908333
7750;0.691908333
7751;10.0746
7752;3.41787759
7753;3.41787759
7754;3.41787759
7755;3.41787759
7756;6.70354686
7757;9.98921612
7758;10.0746
7759;10.0746
7760;9.98921612
7761;8.34638149
7762;6.70354686
7763;5.06071223
7764;5.06071223
7765;1.77504296
7766;1.77504296
7767;5.06071223
7768;6.70354686
7769;8.34638149
7770;9.98921612
7771;10.0746
7772;10.0746
7773;10.0746
7774;9.98921612
7775;6.70354686
7776;6.0583921
7777;6.0583921
7778;6.0583921
7779;6.0583921
7780;9.02148398
7781;10.0746
7782;10.0746
7783;10.0746
7784;10.0746
7785;10.0746
7786;10.0746
7787;10.0746
7788;10.0746
7789;9.02148398
7790;6.0583921
7791;6.0583921
7792;10.0746
7793;10.0746
7794;10.0746
7795;0.691908333
7796;10.0746
7797;0.691908333
7798;10.0746
7799;9.02148398
7800;7.31948136
7801;7.31948136
7802;7.31948136
7803;7.31948136
7804;10.0746
7805;10.0746
7806;10.0746
7807;10.0746
7808;0.691908333
7809;10.0746
7810;10.0746
7811;0.691908333
7812;10.0746
7813;10.0746
7814;7.31948136
7815;7.31948136
7816;10.0746
7817;10.0746
7818;0.691908333
7819;10.0746
7820;10.0746
7821;0.691908333
7822;10.0746
7823;10.0746
7824;7.03569125
7825;7.03569125
7826;7.03569125
7827;7.03569125
7828;10.0746
7829;10.0746
7830;0.691908333
7831;0.691908333
7832;10.0746
7833;0.691908333
7834;10.0746
7835;10.0746
7836;10.0746
7837;3.58394979
7838;3.58394979
7839;10.0746
7840;10.0746
7841;10.0746
7842;10.0746
7843;0.691908333
7844;0.691908333
7845;0.691908333
7846;10.0746
7847;0.691908333
7848;0.691908333
7849;0.691908333
7850;0.691908333
7851;0.691908333
7852;0.691908333
7853;10.0746
7854;10.0746
7855;0.691908333
7856;0.691908333
7857;10.0746
7858;10.0746
7859;10.0746
7860;10.0746
7861;3.78260746
7862;3.78260746
7863;10.0746
7864;10.0746
7865;10.0746
7866;10.0746
7867;10.0746
7868;0.691908333
7869;10.0746
7870;0.691908333
7871;10.0746
7872;7.7732344
7873;7.7732344
7874;7.7732344
7875;7.7732344
7876;10.0746
7877;10.0746
7878;0.691908333
7879;0.691908333
7880;0.691908333
7881;0.691908333
7882;0.691908333
7883;0.691908333
7884;10.0746
7885;3.95272137
7886;3.95272137
7887;10.0746
7888;10.0746
7889;10.0746
7890;0.691908333
7891;10.0746
7892;10.0746
7893;0.691908333
7894;0.691908333
7895;0.691908333
7896;0.691908333
7897;7.34300517
7898;7.34300517
7899;7.34300517
7900;10.0746
7901;10.0746
7902;10.0746
7903;0.691908333
7904;0.691908333
7905;10.0746
7906;10.0746
7907;10.0746
7908;10.0746
7909;3.73760675
7910;3.73760675
7911;10.0746
7912;10.0746
7913;10.0746
7914;10.0746
7915;10.0746
7916;0.691908333
7917;0.691908333
7918;0.691908333
7919;10.0746
7920;5.68819002
7921;5.68819002
7922;5.68819002
7923;5.68819002
7924;10.0746
7925;10.0746
7926;10.0746
7927;10.0746
7928;10.0746
7929;10.0746
7930;10.0746
7931;8.46618087
7932;8.46618087
7933;2.91019918
7934;2.91019918
7935;8.46618087
7936;10.0746
7937;10.0746
7938;10.0746
7939;10.0746
7940;10.0746
7941;10.0746
7942;10.0746
7943;10.0746
7944;7.78890464
7945;7.78890464
7946;7.78890464
7947;7.78890464
7948;10.0746
7949;10.0746
7950;10.0746
7951;0.691908333
7952;0.691908333
7953;10.0746
7954;10.0746
7955;10.0746
7956;0.691908333
7957;10.0746
7958;7.78890464
7959;7.78890464
7960;10.0746
7961;10.0746
7962;10.0746
7963;0.691908333
7964;10.0746
7965;10.0746
7966;0.691908333
7967;0.691908333
7968;6.4409785
7969;6.4409785
7970;6.4409785
7971;6.4409785
7972;9.59536358
7973;10.0746
7974;10.0746
7975;10.0746
7976;10.0746
7977;10.0746
7978;10.0746
7979;10.0746
7980;10.0746
7981;9.59536358
7982;6.4409785
7983;6.4409785
7984;10.0746
7985;10.0746
7986;10.0746
7987;10.0746
7988;10.0746
7989;10.0746
7990;10.0746
7991;9.59536358
7992;5.19404033
7993;5.19404033
7994;5.19404033
7995;5.19404033
7996;10.0746
7997;10.0746
7998;0.691908333
7999;0.691908333
8000;0.691908333
8001;10.0746
8002;10.0746
8003;7.72495632
8004;7.72495632
8005;2.66312433
8006;2.66312433
8007;7.72495632
8008;10.0746
8009;10.0746
8010;10.0746
8011;0.691908333
8012;10.0746
8013;10.0746
8014;0.691908333
8015;10.0746
8016;5.23904803
8017;5.23904803
8018;5.23904803
8019;5.23904803
8020;10.0746
8021;10.0746
8022;10.0746
8023;0.691908333
8024;10.0746
8025;0.691908333
8026;10.0746
8027;7.79246787
8028;7.79246787
8029;2.68562818
8030;2.68562818
8031;7.79246787
8032;10.0746
8033;10.0746
8034;10.0746
8035;10.0746
8036;10.0746
8037;10.0746
8038;0.691908333
8039;0.691908333
8040;5.83085866
8041;5.83085866
8042;5.83085866
8043;5.83085866
8044;10.0746
8045;10.0746
8046;0.691908333
8047;10.0746
8048;0.691908333
8049;0.691908333
8050;10.0746
8051;8.68018382
8052;8.68018382
8053;2.9815335
8054;2.9815335
8055;8.68018382
8056;10.0746
8057;10.0746
8058;10.0746
8059;0.691908333
8060;10.0746
8061;10.0746
8062;0.691908333
8063;0.691908333
8064;2.448785
8065;2.448785
8066;2.448785
8067;2.448785
8068;4.76536167
8069;7.08193834
8070;8.24022668
8071;8.24022668
8072;7.08193834
8073;5.92365001
8074;4.76536167
8075;3.60707334
8076;3.60707334
8077;1.29049667
8078;1.29049667
8079;3.60707334
8080;4.76536167
8081;5.92365001
8082;7.08193834
8083;9.39851501
8084;9.39851501
8085;8.24022668
8086;7.08193834
8087;4.76536167
8088;4.02260739
8089;4.02260739
8090;4.02260739
8091;4.02260739
8092;7.91300644
8093;10.0746
8094;10.0746
8095;10.0746
8096;10.0746
8097;9.85820597
8098;7.91300644
8099;5.96780692
8100;5.96780692
8101;2.07740786
8102;2.07740786
8103;5.96780692
8104;7.91300644
8105;9.85820597
8106;10.0746
8107;10.0746
8108;10.0746
8109;10.0746
8110;10.0746
8111;7.91300644
8112;5.83243651
8113;5.83243651
8114;5.83243651
8115;5.83243651
8116;8.68255059
8117;10.0746
8118;10.0746
8119;10.0746
8120;10.0746
8121;10.0746
8122;10.0746
8123;10.0746
8124;10.0746
8125;8.68255059
8126;5.83243651
8127;5.83243651
8128;10.0746
8129;10.0746
8130;10.0746
8131;10.0746
8132;10.0746
8133;10.0746
8134;10.0746
8135;8.68255059
8136;4.44395587
8137;4.44395587
8138;4.44395587
8139;4.44395587
8140;6.59982964
8141;8.75570341
8142;10.0746
8143;10.0746
8144;10.0746
8145;10.0746
8146;10.0746
8147;10.0746
8148;8.75570341
8149;6.59982964
8150;4.44395587
8151;4.44395587
8152;8.75570341
8153;10.0746
8154;10.0746
8155;10.0746
8156;10.0746
8157;10.0746
8158;10.0746
8159;6.59982964
8160;2.95847839
8161;2.95847839
8162;2.95847839
8163;2.95847839
8164;5.78474844
8165;8.61101849
8166;10.0241535
8167;10.0241535
8168;8.61101849
8169;7.19788347
8170;5.78474844
8171;4.37161341
8172;4.37161341
8173;1.54534336
8174;1.54534336
8175;4.37161341
8176;5.78474844
8177;7.19788347
8178;8.61101849
8179;10.0746
8180;10.0746
8181;10.0241535
8182;8.61101849
8183;5.78474844
8184;3.76331934
8185;3.76331934
8186;3.76331934
8187;3.76331934
8188;7.39443035
8189;10.0746
8190;10.0746
8191;10.0746
8192;10.0746
8193;9.20998586
8194;7.39443035
8195;5.57887485
8196;5.57887485
8197;1.94776384
8198;1.94776384
8199;5.57887485
8200;7.39443035
8201;9.20998586
8202;10.0746
8203;10.0746
8204;10.0746
8205;10.0746
8206;10.0746
8207;7.39443035
8208;4.53241413
8209;4.53241413
8210;4.53241413
8211;4.53241413
8212;8.93261992
8213;10.0746
8214;10.0746
8215;0.691908333
8216;10.0746
8217;10.0746
8218;8.93261992
8219;6.73251703
8220;6.73251703
8221;2.33231123
8222;2.33231123
8223;6.73251703
8224;8.93261992
8225;10.0746
8226;10.0746
8227;10.0746
8228;0.691908333
8229;10.0746
8230;10.0746
8231;8.93261992
8232;6.17956471
8233;6.17956471
8234;6.17956471
8235;6.17956471
8236;10.0746
8237;10.0746
8238;10.0746
8239;0.691908333
8240;10.0746
8241;10.0746
8242;10.0746
8243;9.20324291
8244;9.20324291
8245;3.15588652
8246;3.15588652
8247;9.20324291
8248;10.0746
8249;10.0746
8250;10.0746
8251;10.0746
8252;0.691908333
8253;0.691908333
8254;0.691908333
8255;10.0746
8256;6.62541552
8257;6.62541552
8258;6.62541552
8259;6.62541552
8260;10.0746
8261;10.0746
8262;0.691908333
8263;10.0746
8264;10.0746
8265;0.691908333
8266;10.0746
8267;9.87201912
8268;9.87201912
8269;3.37881193
8270;3.37881193
8271;9.87201912
8272;10.0746
8273;10.0746
8274;10.0746
8275;0.691908333
8276;10.0746
8277;10.0746
8278;0.691908333
8279;0.691908333
8280;7.81037449
8281;7.81037449
8282;7.81037449
8283;7.81037449
8284;10.0746
8285;10.0746
8286;0.691908333
8287;0.691908333
8288;0.691908333
8289;0.691908333
8290;0.691908333
8291;0.691908333
8292;0.691908333
8293;10.0746
8294;7.81037449
8295;7.81037449
8296;10.0746
8297;0.691908333
8298;0.691908333
8299;0.691908333
8300;0.691908333
8301;0.691908333
8302;0.691908333
8303;0.691908333
8304;8.29146586
8305;8.29146586
8306;8.29146586
8307;8.29146586
8308;10.0746
8309;10.0746
8310;0.691908333
8311;0.691908333
8312;10.0746
8313;10.0746
8314;10.0746
8315;10.0746
8316;10.0746
8317;0.691908333
8318;8.29146586
8319;8.29146586
8320;10.0746
8321;0.691908333
8322;0.691908333
8323;10.0746
8324;10.0746
8325;10.0746
8326;10.0746
8327;10.0746
8328;8.34801372
8329;8.34801372
8330;8.34801372
8331;8.34801372
8332;10.0746
8333;10.0746
8334;10.0746
8335;0.691908333
8336;0.691908333
8337;10.0746
8338;10.0746
8339;10.0746
8340;10.0746
8341;4.24011103
8342;4.24011103
8343;10.0746
8344;10.0746
8345;10.0746
8346;10.0746
8347;10.0746
8348;2.86004406
8349;5.00122498
8350;3.05895398
8351;10.0746
8352;8.6560676
8353;8.6560676
8354;8.6560676
8355;8.6560676
8356;10.0746
8357;10.0746
8358;0.691908333
8359;10.0746
8360;10.0746
8361;0.691908333
8362;0.691908333
8363;10.0746
8364;10.0746
8365;4.39413797
8366;4.39413797
8367;10.0746
8368;10.0746
8369;10.0746
8370;0.691908333
8371;0.691908333
8372;4.07694038
8373;7.41988884
8374;6.51233267
8375;1.40711524
8376;0.691908333
8377;8.3414109
8378;8.3414109
8379;8.3414109
8380;10.0746
8381;0.691908333
8382;10.0746
8383;0.691908333
8384;0.691908333
8385;10.0746
8386;10.0746
8387;0.691908333
8388;10.0746
8389;4.23680961
8390;4.23680961
8391;10.0746
8392;10.0746
8393;0.691908333
8394;0.691908333
8395;10.0746
8396;2.83396113
8397;4.94938337
8398;2.98493431
8399;10.0746
8400;0.691908333
8401;0.691908333
8402;0.691908333
8403;0.691908333
8404;0.691908333
8405;10.0746
8406;10.0746
8407;0.691908333
8408;10.0746
8409;0.691908333
8410;10.0746
8411;10.0746
8412;10.0746
8413;3.4593624
8414;3.4593624
8415;10.0746
8416;10.0746
8417;10.0746
8418;10.0746
8419;10.0746
8420;0.691908333
8421;10.0746
8422;0.691908333
8423;10.0746
8424;4.80525096
8425;4.80525096
8426;4.80525096
8427;4.80525096
8428;9.47829358
8429;10.0746
8430;10.0746
8431;10.0746
8432;10.0746
8433;10.0746
8434;9.47829358
8435;7.14177227
8436;7.14177227
8437;2.46872965
8438;2.46872965
8439;7.14177227
8440;9.47829358
8441;10.0746
8442;10.0746
8443;10.0746
8444;10.0746
8445;10.0746
8446;10.0746
8447;9.47829358
8448;7.32067255
8449;7.32067255
8450;7.32067255
8451;7.32067255
8452;10.0746
8453;10.0746
8454;10.0746
8455;10.0746
8456;0.691908333
8457;10.0746
8458;10.0746
8459;0.691908333
8460;10.0746
8461;10.0746
8462;7.32067255
8463;7.32067255
8464;10.0746
8465;10.0746
8466;0.691908333
8467;0.691908333
8468;0.691908333
8469;0.691908333
8470;10.0746
8471;10.0746
8472;4.3361269
8473;4.3361269
8474;4.3361269
8475;4.3361269
8476;6.43808618
8477;8.54004547
8478;10.0746
8479;10.0746
8480;10.0746
8481;10.0746
8482;10.0746
8483;10.0746
8484;8.54004547
8485;6.43808618
8486;4.3361269
8487;4.3361269
8488;8.54004547
8489;10.0746
8490;10.0746
8491;10.0746
8492;10.0746
8493;10.0746
8494;10.0746
8495;6.43808618
8496;5.92532002
8497;5.92532002
8498;5.92532002
8499;5.92532002
8500;10.0746
8501;10.0746
8502;0.691908333
8503;10.0746
8504;0.691908333
8505;0.691908333
8506;10.0746
8507;8.82187586
8508;8.82187586
8509;3.02876418
8510;3.02876418
8511;8.82187586
8512;10.0746
8513;10.0746
8514;10.0746
8515;0.691908333
8516;10.0746
8517;10.0746
8518;0.691908333
8519;0.691908333
8520;3.96238489
8521;3.96238489
8522;3.96238489
8523;3.96238489
8524;7.79256145
8525;10.0746
8526;10.0746
8527;10.0746
8528;10.0746
8529;9.70764973
8530;7.79256145
8531;5.87747317
8532;5.87747317
8533;2.04729661
8534;2.04729661
8535;5.87747317
8536;7.79256145
8537;9.70764973
8538;10.0746
8539;10.0746
8540;10.0746
8541;10.0746
8542;10.0746
8543;7.79256145
8544;4.31307577
8545;4.31307577
8546;4.31307577
8547;4.31307577
8548;8.49394321
8549;10.0746
8550;10.0746
8551;10.0746
8552;10.0746
8553;10.0746
8554;8.49394321
8555;6.40350949
8556;6.40350949
8557;2.22264205
8558;2.22264205
8559;6.40350949
8560;8.49394321
8561;10.0746
8562;10.0746
8563;10.0746
8564;0.691908333
8565;10.0746
8566;10.0746
8567;8.49394321
8568;5.49130867
8569;5.49130867
8570;5.49130867
8571;5.49130867
8572;10.0746
8573;10.0746
8574;10.0746
8575;0.691908333
8576;10.0746
8577;10.0746
8578;10.0746
8579;8.17085884
8580;8.17085884
8581;2.8117585
8582;2.8117585
8583;8.17085884
8584;10.0746
8585;10.0746
8586;10.0746
8587;10.0746
8588;10.0746
8589;10.0746
8590;0.691908333
8591;0.691908333
8592;7.13786254
8593;7.13786254
8594;7.13786254
8595;7.13786254
8596;10.0746
8597;10.0746
8598;0.691908333
8599;10.0746
8600;10.0746
8601;0.691908333
8602;10.0746
8603;10.0746
8604;10.0746
8605;3.63503544
8606;3.63503544
8607;10.0746
8608;10.0746
8609;10.0746
8610;10.0746
8611;0.691908333
8612;10.0746
8613;10.0746
8614;0.691908333
8615;0.691908333
8616;4.89133093
8617;4.89133093
8618;4.89133093
8619;4.89133093
8620;7.27089223
8621;9.65045353
8622;10.0746
8623;10.0746
8624;10.0746
8625;10.0746
8626;10.0746
8627;10.0746
8628;9.65045353
8629;7.27089223
8630;4.89133093
8631;4.89133093
8632;9.65045353
8633;10.0746
8634;10.0746
8635;0.691908333
8636;10.0746
8637;0.691908333
8638;0.691908333
8639;0.691908333
8640;0.691908333
8641;5.79464496
8642;5.79464496
8643;5.79464496
8644;8.62586328
8645;10.0746
8646;10.0746
8647;10.0746
8648;0.691908333
8649;10.0746
8650;0.691908333
8651;0.691908333
8652;10.0746
8653;8.62586328
8654;5.79464496
8655;5.79464496
8656;10.0746
8657;10.0746
8658;0.691908333
8659;0.691908333
8660;10.0746
8661;10.0746
8662;10.0746
8663;8.62586328
8664;4.83280727
8665;4.83280727
8666;4.83280727
8667;4.83280727
8668;9.53340621
8669;10.0746
8670;10.0746
8671;0.691908333
8672;10.0746
8673;10.0746
8674;9.53340621
8675;7.18310674
8676;7.18310674
8677;2.4825078
8678;2.4825078
8679;7.18310674
8680;9.53340621
8681;10.0746
8682;10.0746
8683;10.0746
8684;10.0746
8685;10.0746
8686;0.691908333
8687;0.691908333
8688;7.05901127
8689;7.05901127
8690;7.05901127
8691;7.05901127
8692;10.0746
8693;10.0746
8694;0.691908333
8695;10.0746
8696;10.0746
8697;0.691908333
8698;0.691908333
8699;10.0746
8700;10.0746
8701;3.5956098
8702;3.5956098
8703;10.0746
8704;10.0746
8705;10.0746
8706;0.691908333
8707;10.0746
8708;10.0746
8709;10.0746
8710;10.0746
8711;0.691908333
8712;6.64813277
8713;6.64813277
8714;6.64813277
8715;6.64813277
8716;10.0746
8717;10.0746
8718;10.0746
8719;10.0746
8720;10.0746
8721;10.0746
8722;0.691908333
8723;0.691908333
8724;9.90609499
8725;3.39017055
8726;3.39017055
8727;9.90609499
8728;10.0746
8729;10.0746
8730;0.691908333
8731;0.691908333
8732;0.691908333
8733;0.691908333
8734;10.0746
8735;10.0746
8736;6.70174203
8737;6.70174203
8738;6.70174203
8739;6.70174203
8740;10.0746
8741;10.0746
8742;0.691908333
8743;10.0746
8744;10.0746
8745;0.691908333
8746;10.0746
8747;9.98650888
8748;9.98650888
8749;3.41697518
8750;3.41697518
8751;9.98650888
8752;10.0746
8753;10.0746
8754;10.0746
8755;0.691908333
8756;10.0746
8757;10.0746
8758;0.691908333
8759;0.691908333
