Index;Wert
0;7.35934111
1;8.31868223
2;9.27802334
3;10.2373645
4;10.2373645
5;10.2373645
6;10.2373645
7;10.2373645
8;10.2373645
9;10.2373645
10;10.2373645
11;10.2373645
12;10.2373645
13;10.2373645
14;10.2373645
15;10.2373645
16;10.2373645
17;10.2373645
18;10.2373645
19;10.2373645
20;10.2373645
21;10.2373645
22;10.2373645
23;10.2373645
24;10.2373645
25;10.2373645
26;10.2373645
27;10.2373645
28;10.2373645
29;10.2373645
30;10.2373645
31;10.2373645
32;10.2373645
33;10.2373645
34;10.2373645
35;10.2373645
36;10.2373645
37;10.2373645
38;10.2373645
39;10.2373645
40;10.2373645
41;10.2373645
42;10.2373645
43;10.2373645
44;10.2373645
45;10.2373645
46;10.2373645
47;10.2373645
48;10.2373645
49;10.2373645
50;10.2373645
51;10.2373645
52;10.2373645
53;10.2373645
54;10.2373645
55;10.2373645
56;10.2373645
57;10.2373645
58;10.2373645
59;10.2373645
60;10.2373645
61;10.2373645
62;10.2373645
63;10.2373645
64;10.2373645
65;10.2373645
66;10.2373645
67;10.2373645
68;10.2373645
69;10.2373645
70;10.2373645
71;10.2373645
72;10.2373645
73;10.2373645
74;10.2373645
75;10.2373645
76;10.2373645
77;10.2373645
78;10.2373645
79;10.2373645
80;10.2373645
81;10.2373645
82;10.2373645
83;10.2373645
84;10.2373645
85;10.2373645
86;10.2373645
87;10.2373645
88;10.2373645
89;10.2373645
90;10.2373645
91;10.2530824
92;11.3915553
93;12.5300281
94;13.668501
95;14.4
96;14.4
97;14.4
98;14.4
99;14.4
100;14.4
101;14.4
102;14.4
103;14.4
104;14.4
105;14.4
106;14.4
107;14.4
108;14.4
109;14.4
110;14.4
111;14.4
112;14.4
113;14.4
114;14.4
115;14.4
116;14.4
117;14.4
118;14.4
119;14.4
120;14.1720476
121;13.9440952
122;13.7161428
123;13.4881904
124;13.1400987
125;12.7920071
126;12.4439154
127;12.0958238
128;11.6878264
129;11.279829
130;10.8718317
131;10.4638343
132;10.1313331
133;9.79883198
134;9.46633082
135;9.13382967
136;8.78060028
137;8.42737089
138;8.07414151
139;7.72091212
140;7.42536199
141;7.12981186
142;6.83426173
143;6.53871159
144;6.40104033
145;6.26336907
146;6.12569781
147;5.98802655
148;5.99906948
149;6.01011242
150;6.02115535
151;6.03219829
152;5.91318203
153;5.79416577
154;5.6751495
155;5.55613324
156;5.40097515
157;5.24581705
158;5.09065896
159;4.93550087
160;5.04496778
161;5.1544347
162;5.26390162
163;5.37336853
164;5.56393728
165;5.75450602
166;5.94507477
167;6.13564351
168;6.50699844
169;6.87835337
170;7.2497083
171;7.62106322
172;8.09124351
173;8.56142379
174;9.03160408
175;9.50178436
176;9.99332877
177;10.4848732
178;10.9764176
179;11.467962
180;11.9656071
181;12.4632523
182;12.9608975
183;13.4585426
184;14.4
185;14.4
186;14.4
187;14.4
188;14.4
189;14.4
190;14.4
191;14.4
192;14.4
193;14.4
194;14.4
195;14.4
196;14.4
197;14.4
198;14.4
199;14.4
200;14.4
201;14.4
202;14.4
203;14.4
204;14.4
205;14.4
206;14.4
207;14.4
208;14.4
209;14.4
210;14.4
211;14.4
212;14.4
213;14.4
214;14.4
215;14.4
216;14.4
217;14.4
218;14.4
219;14.4
220;14.4
221;14.4
222;14.4
223;14.4
224;14.4
225;14.4
226;14.4
227;14.4
228;14.4
229;14.4
230;14.4
231;14.4
232;14.4
233;14.4
234;14.4
235;14.4
236;14.4
237;14.4
238;14.4
239;14.4
240;14.4
241;14.4
242;14.4
243;14.4
244;14.4
245;14.4
246;14.4
247;14.4
248;14.4
249;14.4
250;14.4
251;14.4
252;14.4
253;14.4
254;14.4
255;14.4
256;14.4
257;14.4
258;14.4
259;14.4
260;14.4
261;14.4
262;14.4
263;14.4
264;14.4
265;14.4
266;14.4
267;14.4
268;14.4
269;14.4
270;14.4
271;14.4
272;14.4
273;14.4
274;14.4
275;14.4
276;14.4
277;14.4
278;14.4
279;14.4
280;14.4
281;14.4
282;14.4
283;14.4
284;14.4
285;14.4
286;14.4
287;14.4
288;14.4
289;14.4
290;14.4
291;14.4
292;14.4
293;14.4
294;14.4
295;14.4
296;14.4
297;14.4
298;14.4
299;14.4
300;14.4
301;14.4
302;14.4
303;14.4
304;14.4
305;14.4
306;14.4
307;14.4
308;14.4
309;14.4
310;14.4
311;14.4
312;14.4
313;14.4
314;14.4
315;14.4
316;14.4
317;14.4
318;14.4
319;14.4
320;14.4
321;14.4
322;14.4
323;14.4
324;14.4
325;14.4
326;14.4
327;14.4
328;14.4
329;14.4
330;14.4
331;14.4
332;14.4
333;14.4
334;14.4
335;14.4
336;14.4
337;14.4
338;14.4
339;14.4
340;14.4
341;14.4
342;14.4
343;14.4
344;14.4
345;14.4
346;14.4
347;14.4
348;14.4
349;14.4
350;14.4
351;14.4
352;14.4
353;14.4
354;14.4
355;14.4
356;14.4
357;14.4
358;14.4
359;14.4
360;14.4
361;14.4
362;14.4
363;14.4
364;14.4
365;14.4
366;14.4
367;14.4
368;14.4
369;14.4
370;14.4
371;14.4
372;14.2871811
373;14.1743621
374;14.0615432
375;13.9487243
376;14.4
377;14.4
378;14.4
379;14.4
380;14.4
381;14.4
382;14.4
383;14.4
384;14.4
385;14.4
386;14.4
387;14.4
388;14.4
389;14.4
390;14.4
391;14.4
392;14.4
393;14.4
394;14.4
395;14.4
396;14.4
397;14.4
398;14.4
399;14.4
400;14.4
401;14.4
402;14.4
403;14.4
404;14.4
405;14.4
406;14.4
407;14.4
408;14.4
409;14.4
410;14.4
411;14.4
412;14.4
413;14.4
414;14.4
415;14.4
416;14.4
417;14.4
418;14.4
419;14.4
420;14.4
421;14.4
422;14.4
423;14.4
424;14.4
425;14.4
426;14.4
427;14.4
428;14.4
429;14.4
430;14.4
431;14.4
432;14.4
433;14.4
434;14.4
435;14.4
436;14.4
437;14.4
438;14.4
439;14.4
440;14.4
441;14.4
442;14.4
443;14.4
444;14.4
445;14.4
446;14.4
447;14.4
448;14.4
449;14.4
450;14.4
451;14.4
452;14.4
453;14.4
454;14.4
455;14.4
456;14.4
457;14.4
458;14.4
459;14.4
460;14.4
461;14.4
462;14.4
463;14.4
464;14.4
465;14.4
466;14.4
467;14.4
468;14.4
469;14.4
470;14.4
471;14.4
472;14.4
473;14.4
474;14.4
475;14.4
476;14.4
477;14.4
478;14.4
479;14.4
480;14.4
481;14.4
482;14.4
483;14.4
484;14.4
485;14.4
486;14.4
487;14.4
488;14.4
489;14.4
490;14.4
491;14.4
492;14.4
493;14.4
494;14.4
495;14.4
496;14.4
497;14.4
498;14.4
499;14.4
500;14.3332905
501;14.2665809
502;14.1998714
503;14.1331619
504;13.6296015
505;13.126041
506;12.6224806
507;12.1189202
508;11.2900412
509;10.4611621
510;9.632283
511;8.80340393
512;7.94932269
513;7.09524146
514;6.24116022
515;5.38707899
516;4.69611896
517;4.00515894
518;3.31419891
519;2.62323889
520;2.1265471
521;1.62985531
522;1.6
523;1.6
524;1.6
525;1.6
526;1.6
527;1.6
528;1.92681647
529;2.25363293
530;2.5804494
531;2.90726586
532;2.9227584
533;2.93825094
534;2.95374348
535;2.96923602
536;3.21337828
537;3.45752055
538;3.70166281
539;3.94580508
540;3.57365425
541;3.20150341
542;2.82935258
543;2.45720175
544;1.83412436
545;1.6
546;1.6
547;1.6
548;1.6
549;1.6
550;1.6
551;1.6
552;1.6
553;1.6
554;1.6
555;1.6
556;1.6
557;1.6
558;1.6
559;1.6
560;1.6
561;1.6
562;1.6
563;1.6
564;1.6
565;1.6
566;1.6
567;1.6
568;2.89213393
569;4.18426785
570;5.47640178
571;6.7685357
572;7.20706032
573;7.64558495
574;8.08410957
575;8.52263419
576;8.81790247
577;9.11317075
578;9.40843903
579;9.70370731
580;9.70370731
581;9.70370731
582;9.70370731
583;9.70370731
584;9.70370731
585;9.70370731
586;9.70370731
587;9.70370731
588;9.70370731
589;9.70370731
590;9.70370731
591;9.70370731
592;9.70370731
593;9.70370731
594;9.70370731
595;9.70370731
596;9.70370731
597;9.70370731
598;9.70370731
599;9.70370731
600;9.70370731
601;9.70370731
602;9.70370731
603;9.70370731
604;9.70370731
605;9.70370731
606;9.70370731
607;9.70370731
608;9.70370731
609;9.70370731
610;9.70370731
611;9.70370731
612;9.70370731
613;9.70370731
614;9.70370731
615;9.70370731
616;9.70370731
617;9.70370731
618;9.70370731
619;9.70370731
620;9.70370731
621;9.70370731
622;9.70370731
623;9.70370731
624;9.70370731
625;9.70370731
626;9.70370731
627;9.70370731
628;9.70370731
629;9.70370731
630;9.70370731
631;9.70370731
632;9.70370731
633;9.70370731
634;9.70370731
635;9.70370731
636;9.70370731
637;9.70370731
638;9.70370731
639;9.70370731
640;9.70370731
641;9.70370731
642;9.70370731
643;9.70370731
644;9.70370731
645;9.70370731
646;9.70370731
647;9.70370731
648;9.70370731
649;9.70370731
650;9.70370731
651;9.70370731
652;9.70370731
653;9.70370731
654;9.70370731
655;9.70370731
656;9.70370731
657;9.70370731
658;9.70370731
659;9.70370731
660;9.70370731
661;9.70370731
662;9.70370731
663;9.70370731
664;9.78099249
665;9.85827768
666;9.93556286
667;10.012848
668;10.012848
669;10.012848
670;10.012848
671;10.058962
672;11.453962
673;12.848962
674;14.243962
675;14.4
676;14.4
677;14.4
678;14.4
679;14.4
680;14.4
681;14.4
682;14.4
683;14.4
684;14.4
685;14.4
686;14.4
687;14.4
688;14.4
689;14.4
690;14.4
691;14.4
692;14.4
693;14.4
694;14.4
695;14.4
696;14.1075371
697;13.8150742
698;13.5226113
699;13.2301484
700;12.6371572
701;12.0441661
702;11.451175
703;10.8581838
704;10.2868574
705;9.71553094
706;9.1442045
707;8.57287806
708;8.18271133
709;7.79254461
710;7.40237789
711;7.01221117
712;7.1900234
713;7.36783563
714;7.54564786
715;7.72346009
716;8.69671236
717;9.66996463
718;10.6432169
719;11.6164692
720;12.6967942
721;13.7771192
722;14.4
723;14.4
724;14.4
725;14.4
726;14.4
727;14.4
728;14.4
729;14.4
730;14.4
731;14.4
732;14.4
733;14.4
734;14.4
735;14.4
736;14.4
737;14.4
738;14.4
739;14.4
740;14.4
741;14.4
742;14.4
743;14.4
744;14.4
745;14.4
746;14.4
747;14.4
748;14.4
749;14.4
750;14.4
751;14.4
752;14.4
753;14.4
754;14.4
755;14.4
756;14.4
757;14.4
758;14.4
759;14.4
760;14.4
761;14.4
762;14.4
763;14.4
764;14.4
765;14.4
766;14.4
767;14.4
768;14.4
769;14.4
770;14.4
771;14.4
772;14.4
773;14.4
774;14.4
775;14.4
776;14.4
777;14.4
778;14.4
779;14.4
780;14.4
781;14.4
782;14.4
783;14.4
784;14.4
785;14.4
786;14.4
787;14.4
788;14.4
789;14.4
790;14.4
791;14.4
792;14.4
793;14.4
794;14.4
795;14.4
796;14.4
797;14.4
798;14.4
799;14.4
800;14.4
801;14.4
802;14.4
803;14.4
804;14.4
805;14.4
806;14.4
807;14.4
808;14.4
809;14.4
810;14.4
811;14.4
812;14.4
813;14.4
814;14.4
815;14.4
816;14.4
817;14.4
818;14.4
819;14.4
820;14.4
821;14.4
822;14.4
823;14.4
824;14.4
825;14.4
826;14.4
827;14.4
828;14.4
829;14.4
830;14.4
831;14.4
832;14.4
833;14.4
834;14.4
835;14.4
836;14.4
837;14.4
838;14.4
839;14.4
840;14.4
841;14.4
842;14.4
843;14.4
844;14.4
845;14.4
846;14.4
847;14.4
848;14.4
849;14.4
850;14.4
851;14.4
852;14.4
853;14.4
854;14.4
855;14.4
856;14.4
857;14.4
858;14.4
859;14.4
860;14.4
861;14.4
862;14.4
863;14.4
864;14.4
865;14.4
866;14.4
867;14.4
868;14.4
869;14.4
870;14.4
871;14.4
872;14.4
873;14.4
874;14.4
875;14.4
876;14.4
877;14.4
878;14.4
879;14.4
880;14.4
881;14.4
882;14.4
883;14.4
884;14.4
885;14.4
886;14.4
887;14.4
888;14.4
889;14.4
890;14.4
891;14.4
892;14.4
893;14.4
894;14.4
895;14.4
896;14.4
897;14.4
898;14.4
899;14.4
900;14.4
901;14.4
902;14.4
903;14.4
904;14.4
905;14.4
906;14.4
907;14.4
908;14.4
909;14.4
910;14.4
911;14.4
912;14.4
913;14.4
914;14.4
915;14.4
916;14.4
917;14.4
918;14.4
919;14.4
920;14.4
921;14.4
922;14.4
923;14.4
924;14.4
925;14.4
926;14.4
927;14.4
928;14.4
929;14.4
930;14.4
931;14.4
932;14.4
933;14.4
934;14.4
935;14.4
936;14.4
937;14.4
938;14.4
939;14.4
940;14.4
941;14.4
942;14.4
943;14.4
944;14.4
945;14.4
946;14.4
947;14.4
948;14.4
949;14.4
950;14.4
951;14.4
952;14.4
953;14.4
954;14.4
955;14.4
956;14.4
957;14.4
958;14.4
959;14.4
960;14.4
961;14.4
962;14.4
963;14.4
964;14.4
965;14.4
966;14.4
967;14.4
968;14.4
969;14.4
970;14.4
971;14.4
972;14.4
973;14.4
974;14.4
975;14.4
976;14.4
977;14.4
978;14.4
979;14.4
980;14.4
981;14.4
982;14.4
983;14.4
984;14.4
985;14.4
986;14.4
987;14.4
988;14.4
989;14.4
990;14.4
991;14.4
992;14.4
993;14.4
994;14.4
995;14.4
996;14.4
997;14.4
998;14.4
999;14.4
1000;14.4
1001;14.4
1002;14.4
1003;14.4
1004;14.4
1005;14.4
1006;14.4
1007;14.4
1008;14.4
1009;14.4
1010;14.4
1011;14.4
1012;14.4
1013;14.4
1014;14.4
1015;14.4
1016;14.4
1017;14.4
1018;14.4
1019;14.4
1020;14.4
1021;14.4
1022;14.4
1023;14.4
1024;14.4
1025;14.4
1026;14.4
1027;14.4
1028;14.4
1029;14.4
1030;14.4
1031;14.4
1032;14.4
1033;14.4
1034;14.4
1035;14.4
1036;14.4
1037;14.4
1038;14.4
1039;14.4
1040;14.4
1041;14.4
1042;14.4
1043;14.4
1044;14.4
1045;14.4
1046;14.4
1047;14.4
1048;14.4
1049;14.4
1050;14.4
1051;14.4
1052;14.4
1053;14.4
1054;14.4
1055;14.4
1056;14.4
1057;14.4
1058;14.4
1059;14.4
1060;14.4
1061;14.4
1062;14.4
1063;14.4
1064;14.4
1065;14.4
1066;14.4
1067;14.4
1068;14.4
1069;14.4
1070;14.4
1071;14.4
1072;14.4
1073;14.4
1074;14.4
1075;14.4
1076;14.4
1077;14.4
1078;14.4
1079;14.4
1080;14.1123462
1081;13.8246924
1082;13.5370387
1083;13.2493849
1084;12.7652558
1085;12.2811267
1086;11.7969976
1087;11.3128685
1088;10.7469882
1089;10.1811079
1090;9.61522754
1091;9.04934723
1092;8.47951058
1093;7.90967394
1094;7.3398373
1095;6.77000065
1096;6.24786917
1097;5.72573768
1098;5.20360619
1099;4.68147471
1100;4.15298744
1101;3.62450017
1102;3.09601291
1103;2.56752564
1104;2.01162752
1105;1.6
1106;1.6
1107;1.6
1108;1.6
1109;1.6
1110;1.6
1111;1.6
1112;1.7196596
1113;1.8393192
1114;1.95897881
1115;2.07863841
1116;2.3235511
1117;2.5684638
1118;2.81337649
1119;3.05828919
1120;3.17717882
1121;3.29606845
1122;3.41495808
1123;3.53384771
1124;3.34556733
1125;3.15728696
1126;2.96900658
1127;2.78072621
1128;2.71194359
1129;2.64316098
1130;2.57437837
1131;2.50559575
1132;2.45294568
1133;2.4002956
1134;2.34764552
1135;2.29499544
1136;2.22601358
1137;2.15703173
1138;2.08804988
1139;2.01906802
1140;2.00994354
1141;2.00081905
1142;1.99169457
1143;1.98257008
1144;3.37757008
1145;4.77257008
1146;6.16757008
1147;7.56257008
1148;8.63338193
1149;9.70419377
1150;10.7750056
1151;11.8458175
1152;12.5543588
1153;13.2629002
1154;13.9714416
1155;14.4
1156;14.4
1157;14.4
1158;14.4
1159;14.4
1160;14.4
1161;14.4
1162;14.4
1163;14.4
1164;14.4
1165;14.4
1166;14.4
1167;14.4
1168;14.4
1169;14.4
1170;14.4
1171;14.4
1172;14.4
1173;14.4
1174;14.4
1175;14.4
1176;14.4
1177;14.4
1178;14.4
1179;14.4
1180;14.4
1181;14.4
1182;14.4
1183;14.4
1184;14.4
1185;14.4
1186;14.4
1187;14.4
1188;14.4
1189;14.4
1190;14.4
1191;14.4
1192;14.4
1193;14.4
1194;14.4
1195;14.4
1196;14.4
1197;14.4
1198;14.4
1199;14.4
1200;14.4
1201;14.4
1202;14.4
1203;14.4
1204;14.4
1205;14.4
1206;14.4
1207;14.4
1208;14.4
1209;14.4
1210;14.4
1211;14.4
1212;14.4
1213;14.4
1214;14.4
1215;14.4
1216;14.4
1217;14.1664984
1218;13.5579598
1219;12.9494212
1220;12.8087873
1221;12.6681535
1222;12.5275196
1223;12.3868858
1224;12.3432514
1225;12.2996171
1226;12.2559827
1227;12.2123484
1228;12.1810948
1229;12.1498413
1230;12.1185878
1231;12.0873342
1232;12.0722637
1233;12.0571932
1234;12.0421227
1235;12.0270522
1236;11.9850888
1237;11.9431255
1238;11.9011621
1239;11.8591987
1240;11.8591987
1241;11.8591987
1242;11.8591987
1243;11.8591987
1244;11.8591987
1245;11.8591987
1246;11.8591987
1247;11.8591987
1248;11.8591987
1249;11.8591987
1250;11.8591987
1251;11.8591987
1252;11.7808209
1253;11.702443
1254;11.6240652
1255;11.5456874
1256;11.5358228
1257;11.5259582
1258;11.5160936
1259;11.506229
1260;11.5043659
1261;11.5025027
1262;11.5006396
1263;11.4987764
1264;11.4869693
1265;11.4751623
1266;11.4633552
1267;11.4515481
1268;11.3784634
1269;11.3053788
1270;11.2322941
1271;11.1592094
1272;10.7484292
1273;10.3376489
1274;9.92686863
1275;9.51608836
1276;8.74442801
1277;7.97276766
1278;7.20110731
1279;6.42944696
1280;5.67510393
1281;4.9207609
1282;4.16641787
1283;3.41207484
1284;2.86799145
1285;2.32390805
1286;1.77982466
1287;1.6
1288;1.6
1289;1.6
1290;1.6
1291;1.6
1292;1.6
1293;1.6
1294;1.6
1295;1.6
1296;1.89207883
1297;2.18415765
1298;2.47623648
1299;2.7683153
1300;3.29746902
1301;3.82662275
1302;4.35577647
1303;4.88493019
1304;5.64912997
1305;6.41332974
1306;7.17752952
1307;7.94172929
1308;8.5643752
1309;9.1870211
1310;9.80966701
1311;10.4323129
1312;10.268798
1313;10.1052831
1314;9.94176824
1315;9.77825335
1316;9.6269125
1317;9.47557165
1318;9.32423081
1319;9.17288996
1320;9.11073724
1321;9.04858452
1322;8.9864318
1323;8.92427908
1324;8.88161454
1325;8.83895001
1326;8.79628548
1327;8.75362095
1328;8.67523221
1329;8.59684348
1330;8.51845474
1331;8.44006601
1332;8.41984198
1333;8.39961795
1334;8.37939392
1335;8.35916989
1336;9.62301231
1337;10.8868547
1338;12.1506971
1339;13.4145395
1340;14.1198105
1341;14.4
1342;14.4
1343;14.4
1344;14.4
1345;14.4
1346;14.4
1347;14.4
1348;14.4
1349;14.4
1350;14.4
1351;14.4
1352;14.4
1353;14.4
1354;14.4
1355;14.4
1356;14.4
1357;14.4
1358;14.4
1359;14.4
1360;14.4
1361;14.4
1362;14.4
1363;14.4
1364;14.4
1365;14.4
1366;14.4
1367;14.4
1368;14.4
1369;14.4
1370;14.4
1371;14.4
1372;14.4
1373;14.4
1374;14.4
1375;14.4
1376;14.4
1377;14.4
1378;14.4
1379;14.4
1380;14.4
1381;14.4
1382;14.4
1383;14.4
1384;14.4
1385;14.4
1386;14.4
1387;14.4
1388;14.4
1389;14.4
1390;14.4
1391;14.4
1392;14.4
1393;14.4
1394;14.2913298
1395;13.8790355
1396;13.3347097
1397;12.790384
1398;12.2460583
1399;11.7017326
1400;11.2843665
1401;10.8670004
1402;10.4496343
1403;10.0322681
1404;9.61556996
1405;9.19887178
1406;8.7821736
1407;8.36547542
1408;8.13538064
1409;7.90528585
1410;7.67519107
1411;7.44509628
1412;7.27761446
1413;7.11013263
1414;6.94265081
1415;6.77516898
1416;6.68306838
1417;6.59096777
1418;6.49886716
1419;6.40676655
1420;6.33555146
1421;6.26433636
1422;6.19312127
1423;6.12190617
1424;6.12190617
1425;6.12190617
1426;6.12190617
1427;6.12190617
1428;6.12190617
1429;6.12190617
1430;6.12190617
1431;6.12190617
1432;6.12190617
1433;6.12190617
1434;6.12190617
1435;6.12190617
1436;6.12190617
1437;6.12190617
1438;6.12190617
1439;6.12190617
1440;6.12190617
1441;6.12190617
1442;6.12190617
1443;6.12190617
1444;6.08171565
1445;6.04152513
1446;6.00133461
1447;5.96114409
1448;5.89802612
1449;5.83490815
1450;5.77179018
1451;5.70867221
1452;5.69621501
1453;5.68375781
1454;5.67130061
1455;5.65884341
1456;5.65676301
1457;5.65468261
1458;5.65260221
1459;5.6505218
1460;5.58751282
1461;5.52450384
1462;5.46149485
1463;5.39848587
1464;5.13280894
1465;4.86713201
1466;4.60145508
1467;4.33577815
1468;3.94691264
1469;3.55804713
1470;3.16918162
1471;2.78031611
1472;2.33216349
1473;1.88401086
1474;1.6
1475;1.6
1476;1.6
1477;1.6
1478;1.6
1479;1.6
1480;1.6
1481;1.6
1482;1.6
1483;1.6
1484;1.6
1485;1.6
1486;1.6
1487;1.6
1488;1.6
1489;1.6
1490;1.6
1491;1.6
1492;1.6
1493;1.6
1494;1.6
1495;1.6
1496;1.6
1497;1.6
1498;1.6
1499;1.6
1500;1.6
1501;1.6
1502;1.6
1503;1.6
1504;1.6
1505;1.6
1506;1.6
1507;1.6
1508;1.62137082
1509;1.64274164
1510;1.66411246
1511;1.68548328
1512;1.88542797
1513;2.08537266
1514;2.28531735
1515;2.48526204
1516;2.79436919
1517;3.10347634
1518;3.41258349
1519;3.72169063
1520;4.03343848
1521;4.34518632
1522;4.65693417
1523;4.96868201
1524;5.26538743
1525;5.56209285
1526;5.85879826
1527;6.15550368
1528;7.06926896
1529;7.98303424
1530;8.89679952
1531;9.8105648
1532;9.94028022
1533;10.0699956
1534;10.1997111
1535;10.3294265
1536;10.2476643
1537;10.1659022
1538;10.08414
1539;10.0023778
1540;9.95113247
1541;9.8998871
1542;9.84864173
1543;9.79739635
1544;9.74559162
1545;9.69378689
1546;9.64198216
1547;9.59017742
1548;9.55024967
1549;9.51032191
1550;9.47039415
1551;9.43046639
1552;9.43046639
1553;9.43046639
1554;9.43046639
1555;9.43046639
1556;9.43046639
1557;9.43046639
1558;9.43046639
1559;9.43046639
1560;9.43046639
1561;9.43046639
1562;9.43046639
1563;9.43046639
1564;9.43046639
1565;9.43046639
1566;9.43046639
1567;9.43046639
1568;9.43046639
1569;9.43046639
1570;9.43046639
1571;9.43046639
1572;9.43046639
1573;9.43046639
1574;9.43046639
1575;9.43046639
1576;9.43046639
1577;9.43046639
1578;9.43046639
1579;9.43046639
1580;9.43046639
1581;9.43046639
1582;9.43046639
1583;9.43046639
1584;9.43046639
1585;9.43046639
1586;9.43046639
1587;9.43046639
1588;9.43046639
1589;9.43046639
1590;9.43046639
1591;9.43046639
1592;9.43046639
1593;9.43046639
1594;9.43046639
1595;9.43046639
1596;9.43046639
1597;9.43046639
1598;9.43046639
1599;9.43046639
1600;9.43046639
1601;9.43046639
1602;9.43046639
1603;9.43046639
1604;9.43046639
1605;9.43046639
1606;9.43046639
1607;9.43046639
1608;9.43046639
1609;9.43046639
1610;9.65006436
1611;9.942086
1612;10.226247
1613;10.5104081
1614;10.7945691
1615;11.0787301
1616;11.3391927
1617;11.5996553
1618;11.8601178
1619;12.1205804
1620;12.4094904
1621;12.6984005
1622;12.9873105
1623;13.2762205
1624;13.6589957
1625;14.0417709
1626;14.4
1627;14.4
1628;14.4
1629;14.4
1630;14.4
1631;14.4
1632;14.4
1633;14.4
1634;14.4
1635;14.4
1636;14.4
1637;14.4
1638;14.4
1639;14.4
1640;14.4
1641;14.4
1642;14.4
1643;14.4
1644;14.4
1645;14.4
1646;14.4
1647;14.4
1648;14.4
1649;14.4
1650;14.4
1651;14.4
1652;14.4
1653;14.4
1654;14.4
1655;14.4
1656;14.4
1657;14.4
1658;14.4
1659;14.4
1660;14.4
1661;14.4
1662;14.4
1663;14.4
1664;14.4
1665;14.4
1666;14.4
1667;14.4
1668;14.4
1669;14.4
1670;14.4
1671;14.4
1672;14.4
1673;14.4
1674;14.4
1675;14.4
1676;14.4
1677;14.4
1678;14.4
1679;14.4
1680;14.4
1681;14.4
1682;14.4
1683;14.4
1684;14.4
1685;14.4
1686;14.4
1687;14.4
1688;14.4
1689;14.4
1690;14.4
1691;14.4
1692;14.4
1693;14.4
1694;14.4
1695;14.4
1696;14.4
1697;14.4
1698;14.4
1699;14.4
1700;14.4
1701;14.4
1702;14.4
1703;14.4
1704;14.4
1705;14.4
1706;14.4
1707;14.4
1708;14.4
1709;14.4
1710;14.4
1711;14.4
1712;14.4
1713;14.4
1714;14.4
1715;14.4
1716;14.1969764
1717;13.9939528
1718;13.7909292
1719;13.5879055
1720;13.3107039
1721;13.0335023
1722;12.7563007
1723;12.4790991
1724;12.1993619
1725;11.9196247
1726;11.6398875
1727;11.3601503
1728;11.2416178
1729;11.1230853
1730;11.0045528
1731;10.8860203
1732;10.8860203
1733;10.8860203
1734;10.8860203
1735;10.8860203
1736;10.8860203
1737;10.8860203
1738;10.8860203
1739;10.8860203
1740;10.8860203
1741;10.8860203
1742;10.8860203
1743;10.8860203
1744;10.8860203
1745;10.8860203
1746;10.8860203
1747;10.8860203
1748;10.8860203
1749;10.8860203
1750;10.8860203
1751;10.8860203
1752;10.8860203
1753;10.8860203
1754;10.8860203
1755;10.8860203
1756;10.8860203
1757;10.8860203
1758;10.8860203
1759;10.8860203
1760;10.8860203
1761;10.8860203
1762;10.8860203
1763;10.8860203
1764;10.8860203
1765;10.8860203
1766;10.8860203
1767;10.8860203
1768;10.8860203
1769;10.8860203
1770;10.8860203
1771;10.8860203
1772;10.8860203
1773;10.8860203
1774;10.8860203
1775;10.8860203
1776;10.8860203
1777;10.8860203
1778;10.8860203
1779;10.8860203
1780;10.8860203
1781;10.8860203
1782;10.8860203
1783;10.8860203
1784;10.8860203
1785;10.8860203
1786;10.8860203
1787;10.8860203
1788;10.7810426
1789;10.2583662
1790;9.73568989
1791;9.21301355
1792;8.72810596
1793;8.24319837
1794;7.75829078
1795;7.27338319
1796;6.96215069
1797;6.65091819
1798;6.33968569
1799;6.02845319
1800;5.92034583
1801;5.81223847
1802;5.70413112
1803;5.59602376
1804;5.49765862
1805;5.39929349
1806;5.30092836
1807;5.20256323
1808;5.06798899
1809;4.93341475
1810;4.79884052
1811;4.66426628
1812;4.5845973
1813;4.50492832
1814;4.42525934
1815;4.34559036
1816;4.34559036
1817;4.34559036
1818;4.34559036
1819;4.34559036
1820;4.34559036
1821;4.34559036
1822;4.34559036
1823;4.34559036
1824;4.34559036
1825;4.34559036
1826;4.30566882
1827;4.15563785
1828;4.04019307
1829;3.92474829
1830;3.80930351
1831;3.69385873
1832;3.61372356
1833;3.53358838
1834;3.4534532
1835;3.37331802
1836;3.32287919
1837;3.27244035
1838;3.22200152
1839;3.17156269
1840;3.13857664
1841;3.1055906
1842;3.07260455
1843;3.03961851
1844;2.82975816
1845;2.61989781
1846;2.41003747
1847;2.20017712
1848;1.60413121
1849;1.6
1850;1.6
1851;1.6
1852;1.6
1853;1.6
1854;1.6
1855;1.6
1856;1.6
1857;1.6
1858;1.6
1859;1.6
1860;1.6
1861;1.6
1862;1.6
1863;1.6
1864;1.6
1865;1.6
1866;1.6
1867;1.6
1868;1.6
1869;1.6
1870;1.6
1871;1.6
1872;1.6
1873;1.6
1874;1.6
1875;1.6
1876;1.6
1877;1.6
1878;1.6
1879;1.6
1880;1.6
1881;1.6
1882;1.6
1883;1.6
1884;1.6
1885;1.6
1886;1.6
1887;1.6
1888;1.6
1889;1.6
1890;1.6
1891;1.6
1892;1.6
1893;1.6
1894;1.6
1895;1.6
1896;1.6
1897;1.6
1898;1.6
1899;1.6
1900;1.6
1901;1.6
1902;1.6
1903;1.6
1904;1.6
1905;1.6
1906;1.6
1907;1.6
1908;1.6
1909;1.6
1910;1.6
1911;1.6
1912;1.6
1913;1.6
1914;1.6
1915;1.6
1916;1.6
1917;1.6
1918;1.6
1919;1.6
1920;1.6
1921;1.6
1922;1.6
1923;1.6
1924;1.6
1925;1.6
1926;1.6
1927;1.6
1928;1.6
1929;1.6
1930;1.6
1931;1.6
1932;1.6
1933;1.6
1934;1.6
1935;1.6
1936;1.6
1937;1.6
1938;1.6
1939;1.6
1940;1.6
1941;1.6
1942;1.6
1943;1.6
1944;1.6
1945;1.6
1946;1.6
1947;1.6
1948;1.6
1949;1.6
1950;1.6
1951;1.6
1952;1.6
1953;1.6
1954;1.6
1955;1.6
1956;1.6
1957;1.6
1958;1.6
1959;1.6
1960;1.6
1961;1.6
1962;1.6
1963;1.6
1964;1.6
1965;1.6
1966;1.6
1967;1.6
1968;1.6
1969;1.6
1970;1.6
1971;1.6
1972;1.6
1973;1.6
1974;1.6
1975;1.6
1976;1.6
1977;1.6
1978;1.6
1979;1.6
1980;1.6
1981;1.6
1982;1.6
1983;1.6
1984;1.6
1985;1.6
1986;1.6
1987;1.6
1988;1.6
1989;1.6
1990;1.6
1991;1.6
1992;1.6
1993;1.6
1994;1.6
1995;1.6
1996;1.6
1997;1.6
1998;1.6
1999;1.6
2000;1.6
2001;1.6
2002;1.6
2003;1.6
2004;1.6
2005;1.6
2006;1.6
2007;1.6
2008;1.6
2009;1.6
2010;1.6
2011;1.6
2012;1.6
2013;1.6
2014;1.6
2015;1.6
2016;1.6
2017;1.6
2018;1.6
2019;1.6
2020;1.6
2021;1.6
2022;1.6
2023;1.6
2024;1.6
2025;1.6
2026;1.6
2027;1.6
2028;1.6
2029;1.6
2030;1.6
2031;1.6
2032;1.6
2033;1.6
2034;1.6
2035;1.6
2036;1.6
2037;1.6
2038;1.6
2039;1.6
2040;1.6
2041;1.6
2042;1.6
2043;1.6
2044;1.6
2045;1.6
2046;1.6
2047;1.6
2048;1.6
2049;1.6
2050;1.6
2051;1.6
2052;1.6
2053;1.6
2054;1.6
2055;1.6
2056;1.6
2057;1.6
2058;1.6
2059;1.6
2060;1.6
2061;1.6
2062;1.6
2063;1.6
2064;1.6
2065;1.6
2066;1.6
2067;1.6
2068;1.6
2069;1.6
2070;1.6
2071;1.6
2072;1.6
2073;1.6
2074;1.6
2075;1.6
2076;1.6
2077;1.6
2078;1.6
2079;1.6
2080;1.6
2081;1.6
2082;1.6
2083;1.6
2084;1.6
2085;1.6
2086;1.6
2087;1.6
2088;1.6
2089;1.6
2090;1.6
2091;1.6
2092;1.6
2093;1.6
2094;1.6
2095;1.6
2096;1.60823875
2097;1.6164775
2098;1.62471625
2099;1.632955
2100;1.63201035
2101;1.63106569
2102;1.63012104
2103;1.62917638
2104;1.9051444
2105;2.18111242
2106;2.45708044
2107;2.73304845
2108;2.69451772
2109;2.65598698
2110;2.61745624
2111;2.5789255
2112;2.50129385
2113;2.42366219
2114;2.34603054
2115;2.26839888
2116;2.24818747
2117;2.22797606
2118;2.20776466
2119;2.18755325
2120;2.18755325
2121;2.18755325
2122;2.18755325
2123;2.18755325
2124;2.18755325
2125;2.18755325
2126;2.18755325
2127;2.18755325
2128;2.18755325
2129;2.18755325
2130;2.18755325
2131;2.18755325
2132;2.18755325
2133;2.18755325
2134;2.18755325
2135;2.18755325
2136;2.18755325
2137;2.18755325
2138;2.18755325
2139;2.18755325
2140;2.18755325
2141;2.18755325
2142;2.18755325
2143;2.18755325
2144;2.18755325
2145;2.18755325
2146;2.18755325
2147;2.17207921
2148;1.89551156
2149;1.61894391
2150;1.6
2151;1.6
2152;1.6
2153;1.6
2154;1.6
2155;1.6
2156;1.6
2157;1.6
2158;1.6
2159;1.6
2160;1.6
2161;1.6
2162;1.6
2163;1.6
2164;1.6
2165;1.6
2166;1.6
2167;1.6
2168;1.6
2169;1.6
2170;1.6
2171;1.6
2172;1.6
2173;1.6
2174;1.6
2175;1.6
2176;1.6
2177;1.6
2178;1.6
2179;1.6
2180;1.6
2181;1.6
2182;1.6
2183;1.6
2184;1.6
2185;1.6
2186;1.6
2187;1.6
2188;1.6
2189;1.6
2190;1.6
2191;1.6
2192;1.6
2193;1.6
2194;1.6
2195;1.6
2196;1.6
2197;1.6
2198;1.6
2199;1.6
2200;1.6
2201;1.6
2202;1.6
2203;1.6
2204;1.6
2205;1.6
2206;1.6
2207;1.6
2208;1.6
2209;1.6
2210;1.6
2211;1.6
2212;1.6
2213;1.6
2214;1.6
2215;1.6
2216;1.6
2217;1.6
2218;1.6
2219;1.6
2220;1.6
2221;1.6
2222;1.6
2223;1.6
2224;1.64967582
2225;1.69935164
2226;1.74902745
2227;1.79870327
2228;2.04522367
2229;2.29174406
2230;2.53826446
2231;2.78478486
2232;3.04847667
2233;3.31216849
2234;3.57586031
2235;3.83955212
2236;4.13939915
2237;4.43924619
2238;4.73909322
2239;5.03894025
2240;5.35731155
2241;5.67568284
2242;5.99405414
2243;6.31242543
2244;6.74489856
2245;7.17737168
2246;7.6098448
2247;8.04231793
2248;8.46833834
2249;8.89435876
2250;9.32037918
2251;9.7463996
2252;10.3591028
2253;10.971806
2254;11.5845093
2255;12.1972125
2256;12.7734368
2257;13.3496611
2258;13.9258855
2259;14.4
2260;14.4
2261;14.4
2262;14.4
2263;14.4
2264;14.4
2265;14.4
2266;14.4
2267;14.4
2268;14.4
2269;14.4
2270;14.4
2271;14.4
2272;14.4
2273;14.4
2274;14.4
2275;14.4
2276;14.4
2277;14.4
2278;14.4
2279;14.4
2280;14.4
2281;14.4
2282;14.4
2283;14.4
2284;14.4
2285;14.4
2286;14.4
2287;14.4
2288;14.4
2289;14.4
2290;14.4
2291;14.4
2292;14.4
2293;14.4
2294;14.4
2295;14.4
2296;14.4
2297;14.4
2298;14.4
2299;14.4
2300;14.4
2301;14.4
2302;14.4
2303;14.4
2304;14.4
2305;14.4
2306;14.4
2307;14.4
2308;14.4
2309;14.4
2310;14.4
2311;14.4
2312;14.4
2313;14.4
2314;14.4
2315;14.4
2316;14.4
2317;14.4
2318;14.4
2319;14.4
2320;14.4
2321;14.4
2322;14.4
2323;14.4
2324;14.4
2325;14.4
2326;14.4
2327;14.4
2328;14.4
2329;14.4
2330;14.4
2331;14.4
2332;14.4
2333;14.4
2334;14.4
2335;14.4
2336;14.4
2337;14.4
2338;14.4
2339;14.4
2340;14.4
2341;14.4
2342;14.4
2343;14.4
2344;14.4
2345;14.4
2346;14.4
2347;14.4
2348;14.4
2349;14.4
2350;14.4
2351;14.4
2352;14.4
2353;14.4
2354;14.4
2355;14.4
2356;14.4
2357;14.4
2358;14.4
2359;14.4
2360;14.4
2361;14.4
2362;14.4
2363;14.4
2364;14.4
2365;14.4
2366;14.4
2367;14.4
2368;14.4
2369;14.4
2370;14.4
2371;14.4
2372;14.4
2373;14.4
2374;14.4
2375;14.4
2376;14.4
2377;14.4
2378;14.4
2379;14.4
2380;14.4
2381;14.4
2382;14.4
2383;14.4
2384;14.4
2385;14.4
2386;14.4
2387;14.4
2388;14.4
2389;14.4
2390;14.4
2391;14.4
2392;14.4
2393;14.4
2394;14.4
2395;14.4
2396;14.4
2397;14.4
2398;14.4
2399;14.4
2400;14.4
2401;14.4
2402;14.4
2403;14.4
2404;14.4
2405;14.4
2406;14.4
2407;14.4
2408;14.4
2409;14.4
2410;14.4
2411;14.4
2412;14.4
2413;14.4
2414;14.4
2415;14.4
2416;14.4
2417;14.4
2418;14.4
2419;14.4
2420;14.4
2421;14.4
2422;14.4
2423;14.4
2424;14.1128955
2425;13.825791
2426;13.5386864
2427;13.2515819
2428;12.768149
2429;12.284716
2430;11.8012831
2431;11.3178502
2432;10.7528948
2433;10.1879395
2434;9.62298417
2435;9.05802884
2436;9.14932087
2437;9.24061291
2438;9.33190494
2439;9.42319698
2440;10.7019658
2441;11.9807347
2442;13.2595036
2443;14.4
2444;14.4
2445;14.4
2446;14.4
2447;14.4
2448;14.4
2449;14.4
2450;14.4
2451;14.4
2452;14.4
2453;14.4
2454;14.4
2455;14.4
2456;14.4
2457;14.4
2458;14.4
2459;14.4
2460;14.4
2461;14.4
2462;14.4
2463;14.4
2464;14.4
2465;14.4
2466;14.4
2467;14.4
2468;14.4
2469;14.4
2470;14.4
2471;14.4
2472;14.4
2473;14.4
2474;14.4
2475;14.4
2476;14.4
2477;14.4
2478;14.4
2479;14.4
2480;14.4
2481;14.4
2482;14.4
2483;14.4
2484;14.4
2485;14.4
2486;14.4
2487;14.4
2488;14.4
2489;14.4
2490;14.4
2491;14.4
2492;14.4
2493;14.4
2494;14.4
2495;14.4
2496;14.4
2497;14.4
2498;14.4
2499;14.4
2500;14.4
2501;14.4
2502;14.4
2503;14.4
2504;14.4
2505;14.4
2506;14.4
2507;14.4
2508;14.4
2509;14.4
2510;14.4
2511;14.4
2512;14.4
2513;14.4
2514;14.4
2515;14.4
2516;14.4
2517;14.4
2518;14.4
2519;14.4
2520;14.4
2521;14.4
2522;14.4
2523;14.4
2524;14.4
2525;14.4
2526;14.4
2527;14.4
2528;14.4
2529;14.4
2530;14.4
2531;14.4
2532;14.4
2533;14.4
2534;14.4
2535;14.4
2536;14.4
2537;14.4
2538;14.4
2539;14.4
2540;14.4
2541;14.4
2542;14.4
2543;14.4
2544;14.4
2545;14.4
2546;14.4
2547;14.4
2548;14.4
2549;14.4
2550;14.4
2551;14.4
2552;14.4
2553;14.4
2554;14.4
2555;14.4
2556;14.4
2557;14.4
2558;14.4
2559;14.4
2560;14.4
2561;14.4
2562;14.4
2563;14.4
2564;14.4
2565;14.4
2566;14.4
2567;14.4
2568;14.4
2569;14.4
2570;14.4
2571;14.4
2572;14.4
2573;14.4
2574;14.4
2575;14.4
2576;14.4
2577;14.4
2578;14.4
2579;14.4
2580;14.4
2581;14.4
2582;14.4
2583;14.4
2584;14.4
2585;14.4
2586;14.4
2587;14.4
2588;14.4
2589;14.4
2590;14.4
2591;14.4
2592;14.4
2593;14.4
2594;14.4
2595;14.4
2596;14.4
2597;14.4
2598;14.4
2599;14.4
2600;14.4
2601;14.4
2602;14.4
2603;14.4
2604;14.4
2605;14.4
2606;14.4
2607;14.4
2608;14.4
2609;14.4
2610;14.4
2611;14.4
2612;14.4
2613;14.4
2614;14.4
2615;14.4
2616;14.0801437
2617;13.7602873
2618;13.440431
2619;13.1205747
2620;13.0559973
2621;12.9914199
2622;12.9268426
2623;12.8622652
2624;13.2649805
2625;13.6676959
2626;14.0704112
2627;14.4
2628;14.4
2629;14.4
2630;14.4
2631;14.4
2632;14.4
2633;14.4
2634;14.4
2635;14.4
2636;14.4
2637;14.4
2638;14.4
2639;14.4
2640;14.4
2641;14.4
2642;14.4
2643;14.4
2644;14.4
2645;14.4
2646;14.4
2647;14.4
2648;14.4
2649;14.4
2650;14.4
2651;14.4
2652;14.4
2653;14.4
2654;14.4
2655;14.4
2656;14.4
2657;14.4
2658;14.4
2659;14.4
2660;14.4
2661;14.4
2662;14.4
2663;14.4
2664;14.4
2665;14.4
2666;14.4
2667;14.4
2668;14.4
2669;14.4
2670;14.4
2671;14.4
2672;14.4
2673;14.4
2674;14.4
2675;14.4
2676;14.4
2677;14.4
2678;14.4
2679;14.4
2680;14.4
2681;14.4
2682;14.4
2683;14.4
2684;14.4
2685;14.4
2686;14.4
2687;14.4
2688;14.4
2689;14.4
2690;14.4
2691;14.4
2692;14.4
2693;14.4
2694;14.4
2695;14.4
2696;14.4
2697;14.4
2698;14.4
2699;14.4
2700;14.4
2701;14.4
2702;14.4
2703;14.4
2704;14.4
2705;14.4
2706;14.4
2707;14.4
2708;14.4
2709;14.4
2710;14.4
2711;14.4
2712;14.4
2713;14.4
2714;14.4
2715;14.4
2716;14.4
2717;14.4
2718;14.4
2719;14.4
2720;14.4
2721;14.4
2722;14.4
2723;14.4
2724;14.4
2725;14.4
2726;14.4
2727;14.4
2728;14.4
2729;14.4
2730;14.4
2731;14.4
2732;14.4
2733;14.4
2734;14.4
2735;14.4
2736;14.4
2737;14.4
2738;14.4
2739;14.4
2740;14.4
2741;14.4
2742;14.4
2743;14.4
2744;14.4
2745;14.4
2746;14.4
2747;14.4
2748;14.4
2749;14.4
2750;14.4
2751;14.4
2752;14.4
2753;14.4
2754;14.4
2755;14.4
2756;14.4
2757;14.4
2758;14.4
2759;14.4
2760;14.4
2761;14.4
2762;14.4
2763;14.4
2764;14.4
2765;14.4
2766;14.4
2767;14.4
2768;14.4
2769;14.4
2770;14.4
2771;14.4
2772;14.4
2773;14.4
2774;14.4
2775;14.4
2776;14.4
2777;14.4
2778;14.4
2779;14.4
2780;14.4
2781;14.4
2782;14.4
2783;14.4
2784;14.4
2785;14.4
2786;14.4
2787;14.4
2788;14.4
2789;14.4
2790;14.4
2791;14.4
2792;14.4
2793;14.4
2794;14.4
2795;14.4
2796;14.4
2797;14.4
2798;14.4
2799;14.4
2800;14.4
2801;14.4
2802;14.4
2803;14.4
2804;14.4
2805;14.4
2806;14.4
2807;14.4
2808;14.1729471
2809;13.9458943
2810;13.7188414
2811;13.4917885
2812;13.1446131
2813;12.7974377
2814;12.4502623
2815;12.1030869
2816;11.6958341
2817;11.2885813
2818;10.8813285
2819;10.4740758
2820;10.2227889
2821;9.971502
2822;9.72021513
2823;9.46892825
2824;9.34065015
2825;9.21237204
2826;9.08409394
2827;8.95581583
2828;9.41066358
2829;9.86551132
2830;10.3203591
2831;10.7752068
2832;11.3589181
2833;11.9426293
2834;12.5263405
2835;13.1100518
2836;14.1924862
2837;14.4
2838;14.4
2839;14.4
2840;14.4
2841;14.4
2842;14.4
2843;14.4
2844;14.4
2845;14.4
2846;14.4
2847;14.4
2848;14.4
2849;14.4
2850;14.4
2851;14.4
2852;14.4
2853;14.4
2854;14.4
2855;14.4
2856;14.4
2857;14.4
2858;14.4
2859;14.4
2860;14.4
2861;14.4
2862;14.4
2863;14.4
2864;14.4
2865;14.4
2866;14.4
2867;14.4
2868;14.4
2869;14.4
2870;14.4
2871;14.4
2872;14.4
2873;14.4
2874;14.4
2875;14.4
2876;14.4
2877;14.4
2878;14.4
2879;14.4
2880;14.4
2881;14.4
2882;14.4
2883;14.4
2884;14.4
2885;14.4
2886;14.4
2887;14.4
2888;14.4
2889;14.4
2890;14.4
2891;14.4
2892;14.4
2893;14.4
2894;14.4
2895;14.4
2896;14.4
2897;14.4
2898;14.4
2899;14.4
2900;14.4
2901;14.4
2902;14.4
2903;14.4
2904;14.4
2905;14.4
2906;14.4
2907;14.4
2908;14.4
2909;14.4
2910;14.4
2911;14.4
2912;14.4
2913;14.4
2914;14.4
2915;14.4
2916;14.4
2917;14.4
2918;14.4
2919;14.4
2920;14.4
2921;14.4
2922;14.4
2923;14.4
2924;14.4
2925;14.4
2926;14.4
2927;14.4
2928;14.4
2929;14.4
2930;14.4
2931;14.4
2932;14.4
2933;14.4
2934;14.4
2935;14.4
2936;14.4
2937;14.4
2938;14.4
2939;14.4
2940;14.4
2941;14.4
2942;14.4
2943;14.4
2944;14.4
2945;14.4
2946;14.4
2947;14.4
2948;14.4
2949;14.4
2950;14.4
2951;14.4
2952;14.4
2953;14.4
2954;14.4
2955;14.4
2956;14.4
2957;14.4
2958;14.4
2959;14.4
2960;14.4
2961;14.4
2962;14.4
2963;14.4
2964;14.4
2965;14.4
2966;14.4
2967;14.4
2968;14.4
2969;14.4
2970;14.4
2971;14.4
2972;14.4
2973;14.4
2974;14.4
2975;14.4
2976;14.4
2977;14.4
2978;14.4
2979;14.4
2980;14.4
2981;14.4
2982;14.4
2983;14.4
2984;14.4
2985;14.4
2986;14.4
2987;14.4
2988;14.4
2989;14.4
2990;14.4
2991;14.4
2992;14.4
2993;14.4
2994;14.4
2995;14.4
2996;14.4
2997;14.4
2998;14.4
2999;14.4
3000;14.4
3001;14.4
3002;14.4
3003;14.4
3004;14.4
3005;14.4
3006;14.4
3007;14.4
3008;14.4
3009;14.4
3010;14.4
3011;14.4
3012;14.4
3013;14.4
3014;14.4
3015;14.4
3016;14.4
3017;14.4
3018;14.4
3019;14.4
3020;14.4
3021;14.4
3022;14.4
3023;14.4
3024;14.4
3025;14.4
3026;14.4
3027;14.4
3028;14.4
3029;14.4
3030;14.4
3031;14.4
3032;14.4
3033;14.4
3034;14.4
3035;14.4
3036;14.4
3037;14.4
3038;14.4
3039;14.4
3040;14.4
3041;14.4
3042;14.4
3043;14.4
3044;14.4
3045;14.4
3046;14.4
3047;14.4
3048;14.4
3049;14.4
3050;14.4
3051;14.4
3052;14.4
3053;14.4
3054;14.4
3055;14.4
3056;14.4
3057;14.4
3058;14.4
3059;14.4
3060;14.2780809
3061;14.1561619
3062;14.0342428
3063;13.9123237
3064;14.4
3065;14.4
3066;14.4
3067;14.4
3068;14.4
3069;14.4
3070;14.4
3071;14.4
3072;14.4
3073;14.4
3074;14.4
3075;14.4
3076;14.4
3077;14.4
3078;14.4
3079;14.4
3080;14.4
3081;14.4
3082;14.4
3083;14.4
3084;14.4
3085;14.4
3086;14.4
3087;14.4
3088;14.4
3089;14.4
3090;14.4
3091;14.4
3092;14.4
3093;14.4
3094;14.4
3095;14.4
3096;14.4
3097;14.4
3098;14.4
3099;14.4
3100;14.4
3101;14.4
3102;14.4
3103;14.4
3104;14.4
3105;14.4
3106;14.4
3107;14.4
3108;14.4
3109;14.4
3110;14.4
3111;14.4
3112;14.4
3113;14.4
3114;14.4
3115;14.4
3116;14.4
3117;14.4
3118;14.4
3119;14.4
3120;14.4
3121;14.4
3122;14.4
3123;14.4
3124;14.4
3125;14.4
3126;14.4
3127;14.4
3128;14.4
3129;14.4
3130;14.4
3131;14.4
3132;14.4
3133;14.4
3134;14.4
3135;14.4
3136;14.4
3137;14.4
3138;14.4
3139;14.4
3140;14.4
3141;14.4
3142;14.4
3143;14.4
3144;14.4
3145;14.4
3146;14.4
3147;14.4
3148;14.4
3149;14.4
3150;14.4
3151;14.4
3152;14.4
3153;14.4
3154;14.4
3155;14.4
3156;14.4
3157;14.4
3158;14.4
3159;14.4
3160;14.4
3161;14.4
3162;14.4
3163;14.4
3164;14.4
3165;14.4
3166;14.4
3167;14.4
3168;14.4
3169;14.4
3170;14.4
3171;14.4
3172;14.3984998
3173;14.3969996
3174;14.3954994
3175;14.3939992
3176;14.3820053
3177;14.3700114
3178;14.3580175
3179;14.3460236
3180;14.3634648
3181;14.3809059
3182;14.398347
3183;14.4
3184;14.4
3185;14.4
3186;14.4
3187;14.4
3188;14.2750385
3189;14.1500771
3190;14.0251156
3191;13.9001542
3192;13.3871092
3193;12.8740641
3194;12.3610191
3195;11.8479741
3196;11.005652
3197;10.16333
3198;9.32100791
3199;8.47868585
3200;7.62854077
3201;6.7783957
3202;5.92825062
3203;5.07810554
3204;4.37429555
3205;3.67048555
3206;2.96667556
3207;2.26286556
3208;1.7491679
3209;1.6
3210;1.6
3211;1.6
3212;1.6
3213;1.6
3214;1.6
3215;1.6
3216;1.6
3217;1.6
3218;1.6
3219;1.6
3220;1.6
3221;1.6
3222;1.6
3223;1.6
3224;1.6
3225;1.6
3226;1.6
3227;1.6
3228;1.6
3229;1.6
3230;1.6
3231;1.6
3232;1.6
3233;1.6
3234;1.6
3235;1.6
3236;1.6
3237;1.6
3238;1.6
3239;1.6
3240;1.6
3241;1.6
3242;1.6
3243;1.6
3244;1.6
3245;1.6
3246;1.6
3247;1.6
3248;1.6
3249;1.6
3250;1.6
3251;1.6
3252;1.6
3253;1.6
3254;1.6
3255;1.6
3256;2.49151575
3257;3.38303151
3258;4.27454726
3259;5.16606301
3260;5.19546451
3261;5.22486601
3262;5.25426751
3263;5.28366901
3264;5.1762412
3265;5.0688134
3266;4.9613856
3267;4.8539578
3268;4.77107807
3269;4.68819835
3270;4.60531863
3271;4.5224389
3272;4.51008834
3273;4.49773777
3274;4.4853872
3275;4.47303664
3276;4.47303664
3277;4.47303664
3278;4.47303664
3279;4.47303664
3280;4.47096834
3281;4.46754216
3282;4.46411597
3283;4.46068979
3284;4.40281756
3285;4.34494532
3286;4.28707308
3287;4.22920084
3288;3.84041158
3289;3.45162232
3290;3.06283305
3291;2.67404379
3292;1.9265967
3293;1.6
3294;1.6
3295;1.6
3296;1.6
3297;1.6
3298;1.6
3299;1.6
3300;1.6
3301;1.6
3302;1.6
3303;1.6
3304;1.6
3305;1.6
3306;1.6
3307;1.6
3308;1.6
3309;1.6
3310;1.6
3311;1.6
3312;1.6
3313;1.6
3314;1.6
3315;1.6
3316;1.6
3317;1.6
3318;1.6
3319;1.6
3320;1.6
3321;1.6
3322;1.6
3323;1.6
3324;1.6
3325;1.6
3326;1.6
3327;1.6
3328;1.6
3329;1.6
3330;1.6
3331;1.6
3332;1.6
3333;1.6
3334;1.6
3335;1.6
3336;1.6
3337;1.6
3338;1.6
3339;1.6
3340;1.6
3341;1.6
3342;1.6
3343;1.6
3344;1.6
3345;1.6
3346;1.6
3347;1.6
3348;1.6
3349;1.6
3350;1.6
3351;1.6
3352;1.6
3353;1.6
3354;1.6
3355;1.6
3356;1.6
3357;1.6
3358;1.6
3359;1.6
3360;1.6
3361;1.6
3362;1.6
3363;1.6
3364;1.6
3365;1.6
3366;1.6
3367;1.6
3368;1.6
3369;1.6
3370;1.6
3371;1.6
3372;1.6
3373;1.6
3374;1.6
3375;1.6
3376;1.6
3377;1.6
3378;1.6
3379;1.6
3380;1.6
3381;1.6
3382;1.6
3383;1.6
3384;1.6
3385;1.6
3386;1.6
3387;1.6
3388;1.6
3389;1.6
3390;1.6
3391;1.6
3392;1.6
3393;1.6
3394;1.6
3395;1.6
3396;1.6
3397;1.6
3398;1.6
3399;1.6
3400;1.6
3401;1.6
3402;1.6
3403;1.6
3404;1.6
3405;1.6
3406;1.6
3407;1.6
3408;1.63288756
3409;1.66577511
3410;1.69866267
3411;1.73155023
3412;1.92832379
3413;2.12509735
3414;2.32187091
3415;2.51864447
3416;3.20929082
3417;3.89993718
3418;4.59058353
3419;5.28122989
3420;6.1738727
3421;7.0665155
3422;7.95915831
3423;8.85180111
3424;9.34728242
3425;9.84276373
3426;10.338245
3427;10.8337263
3428;10.6975487
3429;10.5613711
3430;10.4251935
3431;10.2890159
3432;10.2197037
3433;10.1503915
3434;10.0810793
3435;10.0117671
3436;9.95428061
3437;9.8967941
3438;9.83930758
3439;9.78182106
3440;9.82413657
3441;9.86645208
3442;9.90876759
3443;9.95108309
3444;9.98000616
3445;10.0089292
3446;10.0378523
3447;10.0667754
3448;10.8400925
3449;11.6134096
3450;12.3867267
3451;13.1600439
3452;13.129632
3453;13.0992202
3454;13.0688084
3455;13.0383965
3456;12.9519882
3457;12.8655798
3458;12.7791715
3459;12.6927631
3460;12.6469284
3461;12.6010937
3462;12.5552591
3463;12.5094244
3464;12.4388187
3465;12.3682129
3466;12.2976072
3467;12.2270015
3468;12.203373
3469;12.1797446
3470;12.1561161
3471;12.1324877
3472;12.1187021
3473;12.1049165
3474;12.0911309
3475;12.0773453
3476;12.0045856
3477;11.9318259
3478;11.8590663
3479;11.7863066
3480;11.5119287
3481;11.2375508
3482;10.9631729
3483;10.688795
3484;10.2943042
3485;9.89981336
3486;9.50532256
3487;9.11083176
3488;8.66258772
3489;8.21434367
3490;7.76609963
3491;7.31785558
3492;7.13707831
3493;6.95630105
3494;6.77552378
3495;6.59474651
3496;6.57797901
3497;6.56121151
3498;6.54444401
3499;6.52767651
3500;6.47158277
3501;6.41548902
3502;6.35939528
3503;6.30330154
3504;6.30330154
3505;6.30330154
3506;6.30330154
3507;6.30330154
3508;6.30330154
3509;6.30330154
3510;6.30330154
3511;6.30330154
3512;6.30330154
3513;6.30330154
3514;6.30330154
3515;6.30330154
3516;6.30330154
3517;6.30330154
3518;6.30330154
3519;6.30330154
3520;6.30330154
3521;6.30330154
3522;7.16583601
3523;8.56083601
3524;9.09617529
3525;9.63151456
3526;10.1668538
3527;10.7021931
3528;10.9283878
3529;11.1545826
3530;11.3807773
3531;11.606972
3532;11.9316753
3533;12.2563785
3534;12.5810817
3535;12.905785
3536;13.2183292
3537;13.5308734
3538;13.8434176
3539;14.1559618
3540;14.4
3541;14.4
3542;14.4
3543;14.4
3544;14.4
3545;14.4
3546;14.4
3547;14.4
3548;14.4
3549;14.4
3550;14.4
3551;14.4
3552;14.4
3553;14.4
3554;14.4
3555;14.4
3556;14.3480641
3557;14.2961281
3558;14.2441922
3559;14.1922562
3560;14.1548626
3561;14.1174689
3562;14.0800752
3563;14.0426815
3564;14.0221428
3565;14.0016042
3566;13.9810655
3567;13.9605269
3568;14.0246053
3569;14.0886837
3570;14.1527621
3571;14.2168405
3572;14.4
3573;14.4
3574;14.4
3575;14.4
3576;14.4
3577;14.4
3578;14.4
3579;14.4
3580;14.4
3581;14.4
3582;14.4
3583;14.4
3584;14.4
3585;14.4
3586;14.4
3587;14.4
3588;14.4
3589;14.4
3590;14.4
3591;14.4
3592;14.4
3593;14.4
3594;14.4
3595;14.4
3596;14.4
3597;14.4
3598;14.4
3599;14.4
3600;14.4
3601;14.4
3602;14.4
3603;14.4
3604;14.4
3605;14.4
3606;14.4
3607;14.4
3608;14.4
3609;14.4
3610;14.4
3611;14.4
3612;14.4
3613;14.4
3614;14.4
3615;14.4
3616;14.4
3617;14.4
3618;14.4
3619;14.4
3620;14.4
3621;14.4
3622;14.4
3623;14.4
3624;14.4
3625;14.4
3626;14.4
3627;14.4
3628;14.4
3629;14.4
3630;14.4
3631;14.4
3632;14.4
3633;14.4
3634;14.4
3635;14.4
3636;14.4
3637;14.4
3638;14.4
3639;14.4
3640;14.4
3641;14.4
3642;14.4
3643;14.4
3644;14.4
3645;14.4
3646;14.4
3647;14.4
3648;14.4
3649;14.4
3650;14.4
3651;14.4
3652;14.4
3653;14.4
3654;14.4
3655;14.4
3656;14.4
3657;14.4
3658;14.4
3659;14.4
3660;14.4
3661;14.4
3662;14.4
3663;14.4
3664;14.4
3665;14.4
3666;14.4
3667;14.4
3668;14.4
3669;14.4
3670;14.4
3671;14.4
3672;14.4
3673;14.4
3674;14.4
3675;14.4
3676;14.4
3677;14.4
3678;14.4
3679;14.4
3680;14.4
3681;14.4
3682;14.4
3683;14.4
3684;14.4
3685;14.4
3686;14.4
3687;14.4
3688;14.4
3689;14.4
3690;14.4
3691;14.4
3692;14.4
3693;14.4
3694;14.4
3695;14.4
3696;14.4
3697;14.4
3698;14.4
3699;14.4
3700;14.4
3701;14.4
3702;14.4
3703;14.4
3704;14.4
3705;14.4
3706;14.4
3707;14.4
3708;14.4
3709;14.4
3710;14.4
3711;14.4
3712;14.4
3713;14.4
3714;14.4
3715;14.4
3716;14.4
3717;14.4
3718;14.4
3719;14.4
3720;14.4
3721;14.4
3722;14.4
3723;14.4
3724;14.4
3725;14.4
3726;14.4
3727;14.4
3728;14.4
3729;14.4
3730;14.4
3731;14.4
3732;14.4
3733;14.4
3734;14.4
3735;14.4
3736;14.4
3737;14.4
3738;14.4
3739;14.4
3740;14.4
3741;14.4
3742;14.4
3743;14.4
3744;14.4
3745;14.4
3746;14.4
3747;14.4
3748;14.3493164
3749;14.2986328
3750;14.2479492
3751;14.1972657
3752;14.1992016
3753;14.2011375
3754;14.2030735
3755;14.2050094
3756;14.1939489
3757;14.1828885
3758;14.171828
3759;14.1607676
3760;14.0501297
3761;13.9394919
3762;13.8288541
3763;13.7182162
3764;13.5637613
3765;13.4093063
3766;13.2548513
3767;13.1003964
3768;12.7647623
3769;12.4291283
3770;12.0934943
3771;11.7578603
3772;11.222115
3773;10.6863697
3774;10.1506244
3775;9.61487908
3776;9.03437218
3777;8.45386527
3778;7.87335837
3779;7.29285147
3780;6.76130604
3781;6.22976062
3782;5.6982152
3783;5.16666978
3784;4.61855062
3785;4.07043146
3786;3.5223123
3787;2.97419314
3788;2.43639603
3789;1.89859892
3790;1.6
3791;1.6
3792;1.6
3793;1.6
3794;1.6
3795;1.6
3796;1.6
3797;1.6
3798;1.6
3799;1.6
3800;1.6
3801;1.6
3802;1.6
3803;1.6
3804;1.61131568
3805;1.62263137
3806;1.63394705
3807;1.64526274
3808;1.71180279
3809;1.77834284
3810;1.84488289
3811;1.91142295
3812;1.64633009
3813;1.6
3814;1.6
3815;1.6
3816;1.6
3817;1.6
3818;1.6
3819;1.6
3820;1.6
3821;1.6
3822;1.6
3823;1.6
3824;1.6
3825;1.6
3826;1.6
3827;1.6
3828;1.6
3829;1.6
3830;1.6
3831;1.6
3832;2.64743598
3833;3.69487197
3834;4.74230795
3835;5.78974394
3836;5.93504228
3837;6.08034063
3838;6.22563897
3839;6.37093732
3840;6.25742596
3841;6.1439146
3842;6.03040324
3843;5.91689188
3844;5.91689188
3845;5.91689188
3846;5.91689188
3847;5.91689188
3848;5.91689188
3849;5.91689188
3850;5.91689188
3851;5.91689188
3852;5.91689188
3853;5.91689188
3854;5.91689188
3855;5.91689188
3856;5.91689188
3857;5.91689188
3858;5.91689188
3859;5.91689188
3860;5.91689188
3861;5.91689188
3862;5.91689188
3863;5.91689188
3864;5.91689188
3865;5.91689188
3866;5.91689188
3867;5.91689188
3868;5.91689188
3869;5.91689188
3870;5.91689188
3871;5.91689188
3872;5.91689188
3873;5.91689188
3874;5.91689188
3875;5.91689188
3876;5.91689188
3877;5.91689188
3878;5.91689188
3879;5.91689188
3880;5.91689188
3881;5.91689188
3882;5.91689188
3883;5.56225595
3884;5.01505183
3885;4.4678477
3886;3.92064358
3887;3.37343946
3888;2.92758805
3889;2.48173664
3890;2.03588523
3891;1.6
3892;1.6
3893;1.6
3894;1.6
3895;1.6
3896;1.6
3897;1.6
3898;1.6
3899;1.6
3900;1.6
3901;1.6
3902;1.6
3903;1.6
3904;1.6
3905;1.6
3906;1.6
3907;1.6
3908;1.6
3909;1.6
3910;1.6
3911;1.6
3912;1.6
3913;1.6
3914;1.6
3915;1.6
3916;1.6
3917;1.6
3918;1.6
3919;1.6
3920;1.6
3921;1.6
3922;1.6
3923;1.6
3924;1.6
3925;1.6
3926;1.6
3927;1.6
3928;1.6
3929;1.6
3930;1.6
3931;1.6
3932;1.6
3933;1.6
3934;1.6
3935;1.6
3936;1.6
3937;1.6
3938;1.6
3939;1.6
3940;1.6
3941;1.6
3942;1.6
3943;1.6
3944;1.6
3945;1.6
3946;1.6
3947;1.6
3948;1.60206597
3949;1.60413193
3950;1.6061979
3951;1.60826387
3952;1.60635266
3953;1.60444145
3954;1.60253025
3955;1.60061904
3956;1.6
3957;1.6
3958;1.6
3959;1.6
3960;1.6
3961;1.6
3962;1.6
3963;1.6
3964;1.6
3965;1.6
3966;1.6
3967;1.6
3968;1.6
3969;1.6
3970;1.6
3971;1.6
3972;1.6
3973;1.6
3974;1.6
3975;1.6
3976;1.6
3977;1.6
3978;1.6
3979;1.6
3980;1.6
3981;1.6
3982;1.6
3983;1.6
3984;1.6
3985;1.6
3986;1.6
3987;1.6
3988;1.6
3989;1.6
3990;1.6
3991;1.6
3992;1.6
3993;1.6
3994;1.6
3995;1.6
3996;1.6
3997;1.6
3998;1.6
3999;1.6
4000;1.6
4001;1.6
4002;1.6
4003;1.6
4004;1.6
4005;1.6
4006;1.6
4007;1.6
4008;1.6
4009;1.6
4010;1.6
4011;1.6
4012;1.6
4013;1.6
4014;1.6
4015;1.6
4016;1.6
4017;1.6
4018;1.6
4019;1.6
4020;1.6
4021;1.6
4022;1.6
4023;1.6
4024;2.87478843
4025;4.14957686
4026;5.4243653
4027;6.69915373
4028;7.46623216
4029;8.2333106
4030;9.00038903
4031;9.76746747
4032;10.2652551
4033;10.7630427
4034;11.2608304
4035;11.758618
4036;11.758618
4037;11.758618
4038;11.758618
4039;11.758618
4040;11.758618
4041;11.758618
4042;11.758618
4043;11.758618
4044;11.758618
4045;11.758618
4046;11.758618
4047;11.758618
4048;11.758618
4049;11.758618
4050;11.758618
4051;11.758618
4052;11.758618
4053;11.758618
4054;11.758618
4055;11.758618
4056;11.758618
4057;11.758618
4058;11.758618
4059;11.758618
4060;11.5831066
4061;10.9684746
4062;10.3538426
4063;9.73921057
4064;9.17250789
4065;8.60580522
4066;8.03910254
4067;7.47239987
4068;7.21915756
4069;6.96591525
4070;6.71267295
4071;6.45943064
4072;6.30003305
4073;6.14063545
4074;5.98123785
4075;5.82184025
4076;5.78430502
4077;5.7467698
4078;5.70923457
4079;5.67169934
4080;5.44172462
4081;5.2117499
4082;4.98177517
4083;4.75180045
4084;4.65604362
4085;4.5602868
4086;4.46452997
4087;4.36877314
4088;3.93881227
4089;3.50885139
4090;3.07889052
4091;2.64892964
4092;2.35823382
4093;2.067538
4094;1.77684218
4095;1.6
4096;1.6
4097;1.6
4098;1.6
4099;1.6
4100;1.6
4101;1.6
4102;1.6
4103;1.6
4104;1.6
4105;1.6
4106;1.6
4107;1.6
4108;1.6
4109;1.6
4110;1.6
4111;1.6
4112;1.6
4113;1.6
4114;1.6
4115;1.6
4116;1.6
4117;1.6
4118;1.6
4119;1.6
4120;1.6
4121;1.6
4122;1.6
4123;1.6
4124;1.6
4125;1.6
4126;1.6
4127;1.6
4128;1.6
4129;1.6
4130;1.6
4131;1.6
4132;1.6
4133;1.6
4134;1.6
4135;1.6
4136;1.6
4137;1.6
4138;1.6
4139;1.6
4140;1.6
4141;1.6
4142;1.6
4143;1.6
4144;1.6
4145;1.6
4146;1.6
4147;1.6
4148;1.6
4149;1.6
4150;1.6
4151;1.6
4152;1.6
4153;1.6
4154;1.6
4155;1.6
4156;1.6
4157;1.6
4158;1.6
4159;1.6
4160;1.6
4161;1.6
4162;1.6
4163;1.6
4164;1.6
4165;1.6
4166;1.6
4167;1.6
4168;1.67812306
4169;1.75624612
4170;1.83436918
4171;1.91249225
4172;2.1900075
4173;2.46752276
4174;2.74503801
4175;3.02255327
4176;3.43480324
4177;3.84705321
4178;4.25930319
4179;4.67155316
4180;5.60255259
4181;6.53355201
4182;7.46455144
4183;8.39555087
4184;9.71604172
4185;11.0365326
4186;12.3570234
4187;13.6775143
4188;14.4
4189;14.4
4190;14.4
4191;14.4
4192;14.4
4193;14.4
4194;14.4
4195;14.4
4196;14.4
4197;14.4
4198;14.4
4199;14.4
4200;14.4
4201;14.4
4202;14.4
4203;14.4
4204;14.4
4205;14.4
4206;14.4
4207;14.4
4208;14.4
4209;14.4
4210;14.4
4211;14.4
4212;14.4
4213;14.4
4214;14.4
4215;14.4
4216;14.4
4217;14.4
4218;14.4
4219;14.4
4220;14.3638118
4221;14.3276236
4222;14.2914354
4223;14.2552472
4224;14.1579099
4225;14.0605725
4226;13.9632351
4227;13.8658978
4228;13.8658978
4229;13.8658978
4230;13.8658978
4231;13.8658978
4232;13.8658978
4233;13.8658978
4234;13.8658978
4235;13.8658978
4236;13.8658978
4237;13.8658978
4238;13.8658978
4239;13.8658978
4240;13.8658978
4241;13.8658978
4242;13.8658978
4243;13.8658978
4244;13.8658978
4245;13.8658978
4246;13.8658978
4247;13.8658978
4248;13.8658978
4249;13.8658978
4250;13.8658978
4251;13.8658978
4252;13.8658978
4253;14.0904661
4254;14.3793072
4255;14.4
4256;14.4
4257;14.4
4258;14.4
4259;14.4
4260;14.4
4261;14.4
4262;14.4
4263;14.4
4264;14.4
4265;14.4
4266;14.4
4267;14.4
4268;14.4
4269;14.4
4270;14.4
4271;14.4
4272;14.4
4273;14.4
4274;14.4
4275;14.4
4276;14.4
4277;14.4
4278;14.4
4279;14.4
4280;14.4
4281;14.4
4282;14.4
4283;14.4
4284;14.4
4285;14.4
4286;14.4
4287;14.4
4288;14.4
4289;14.4
4290;14.4
4291;14.4
4292;14.4
4293;14.4
4294;14.4
4295;14.4
4296;14.4
4297;14.4
4298;14.4
4299;14.4
4300;14.4
4301;14.4
4302;14.4
4303;14.4
4304;14.4
4305;14.4
4306;14.4
4307;14.4
4308;14.4
4309;14.4
4310;14.4
4311;14.4
4312;14.4
4313;14.4
4314;14.4
4315;14.4
4316;14.4
4317;14.4
4318;14.4
4319;14.4
4320;14.4
4321;14.4
4322;14.4
4323;14.4
4324;14.4
4325;14.4
4326;14.4
4327;14.4
4328;14.4
4329;14.4
4330;14.4
4331;14.4
4332;14.4
4333;14.4
4334;14.4
4335;14.4
4336;14.4
4337;14.4
4338;14.4
4339;14.4
4340;14.4
4341;14.4
4342;14.4
4343;14.4
4344;14.4
4345;14.4
4346;14.4
4347;14.4
4348;14.4
4349;14.4
4350;14.4
4351;14.4
4352;14.4
4353;14.4
4354;14.4
4355;14.4
4356;14.4
4357;14.4
4358;14.4
4359;14.4
4360;14.4
4361;14.4
4362;14.4
4363;14.4
4364;14.4
4365;14.4
4366;14.4
4367;14.4
4368;14.4
4369;14.4
4370;14.4
4371;14.4
4372;14.4
4373;14.4
4374;14.4
4375;14.4
4376;14.4
4377;14.4
4378;14.4
4379;14.4
4380;14.4
4381;14.4
4382;14.4
4383;14.4
4384;14.4
4385;14.4
4386;14.4
4387;14.4
4388;14.4
4389;14.4
4390;14.4
4391;14.4
4392;14.4
4393;14.4
4394;14.4
4395;14.4
4396;14.4
4397;14.4
4398;14.4
4399;14.4
4400;14.4
4401;14.4
4402;14.4
4403;14.4
4404;14.2947107
4405;14.1894214
4406;14.084132
4407;13.9788427
4408;14.4
4409;14.4
4410;14.4
4411;14.4
4412;14.4
4413;14.4
4414;14.4
4415;14.4
4416;14.4
4417;14.4
4418;14.4
4419;14.4
4420;14.4
4421;14.4
4422;14.4
4423;14.4
4424;14.4
4425;14.4
4426;14.4
4427;14.4
4428;14.4
4429;14.4
4430;14.4
4431;14.4
4432;14.4
4433;14.4
4434;14.4
4435;14.4
4436;14.4
4437;14.4
4438;14.4
4439;14.4
4440;14.4
4441;14.4
4442;14.4
4443;14.4
4444;14.4
4445;14.4
4446;14.4
4447;14.4
4448;14.4
4449;14.4
4450;14.4
4451;14.4
4452;14.4
4453;14.4
4454;14.4
4455;14.4
4456;14.4
4457;14.4
4458;14.4
4459;14.4
4460;14.4
4461;14.4
4462;14.4
4463;14.4
4464;14.4
4465;14.4
4466;14.4
4467;14.4
4468;14.4
4469;14.4
4470;14.4
4471;14.4
4472;14.4
4473;14.4
4474;14.4
4475;14.4
4476;14.4
4477;14.4
4478;14.4
4479;14.4
4480;14.4
4481;14.4
4482;14.4
4483;14.4
4484;14.4
4485;14.4
4486;14.4
4487;14.4
4488;14.4
4489;14.4
4490;14.4
4491;14.4
4492;14.4
4493;14.4
4494;14.4
4495;14.4
4496;14.4
4497;14.4
4498;14.4
4499;14.4
4500;14.4
4501;14.4
4502;14.4
4503;14.4
4504;14.4
4505;14.4
4506;14.4
4507;14.4
4508;14.4
4509;14.4
4510;14.4
4511;14.4
4512;14.4
4513;14.4
4514;14.4
4515;14.4
4516;14.3424993
4517;14.2849985
4518;14.2274978
4519;14.169997
4520;14.1571704
4521;14.1443438
4522;14.1315172
4523;14.1186906
4524;14.1391925
4525;14.1596944
4526;14.1801963
4527;14.2006982
4528;14.2420172
4529;14.2833361
4530;14.3246551
4531;14.365974
4532;14.2445134
4533;14.1230528
4534;14.0015922
4535;13.8801316
4536;13.372772
4537;12.8654123
4538;12.3580526
4539;11.850693
4540;11.0172055
4541;10.1837181
4542;9.35023061
4543;8.51674315
4544;7.67134432
4545;6.82594549
4546;5.98054665
4547;5.13514782
4548;4.4313377
4549;3.72752759
4550;3.02371747
4551;2.31990735
4552;1.76426486
4553;1.6
4554;1.6
4555;1.6
4556;1.6
4557;1.6
4558;1.6
4559;1.6
4560;1.6
4561;1.6
4562;1.6
4563;1.6
4564;1.6
4565;1.6
4566;1.6
4567;1.6
4568;1.6
4569;1.6
4570;1.6
4571;1.6
4572;1.6
4573;1.6
4574;1.6
4575;1.6
4576;1.6
4577;1.6
4578;1.6
4579;1.6
4580;1.6
4581;1.6
4582;1.6
4583;1.6
4584;1.6
4585;1.6
4586;1.6
4587;1.6
4588;1.6
4589;1.6
4590;1.6
4591;1.6
4592;1.6
4593;1.6
4594;1.6
4595;1.6
4596;1.6
4597;1.6
4598;1.6
4599;1.6
4600;2.57679463
4601;3.55358927
4602;4.5303839
4603;5.50717854
4604;5.63227844
4605;5.75737834
4606;5.88247824
4607;6.00757815
4608;5.90446989
4609;5.80136164
4610;5.69825338
4611;5.59514512
4612;5.59514512
4613;5.59514512
4614;5.59514512
4615;5.59514512
4616;5.59514512
4617;5.59514512
4618;5.59514512
4619;5.59514512
4620;5.59514512
4621;5.59514512
4622;5.59514512
4623;5.59514512
4624;5.59514512
4625;5.59514512
4626;5.59514512
4627;5.59514512
4628;5.59514512
4629;5.59514512
4630;5.59514512
4631;5.59514512
4632;5.59514512
4633;5.59514512
4634;5.59514512
4635;5.59514512
4636;5.59514512
4637;5.59514512
4638;5.59514512
4639;5.39349934
4640;4.66017276
4641;3.92684618
4642;3.1935196
4643;2.46019301
4644;1.94593393
4645;1.6
4646;1.6
4647;1.6
4648;1.6
4649;1.6
4650;1.6
4651;1.6
4652;1.6
4653;1.6
4654;1.6
4655;1.6
4656;1.6
4657;1.6
4658;1.6
4659;1.6
4660;1.6
4661;1.6
4662;1.6
4663;1.6
4664;1.6
4665;1.6
4666;1.6
4667;1.6
4668;1.6
4669;1.6
4670;1.6
4671;1.6
4672;1.6
4673;1.6
4674;1.6
4675;1.6
4676;1.6
4677;1.6
4678;1.6
4679;1.6
4680;1.6
4681;1.6
4682;1.6
4683;1.6
4684;1.6
4685;1.6
4686;1.6
4687;1.6
4688;1.6
4689;1.6
4690;1.6
4691;1.6
4692;1.6
4693;1.6
4694;1.6
4695;1.6
4696;1.6
4697;1.6
4698;1.6
4699;1.6
4700;1.6
4701;1.6
4702;1.6
4703;1.6
4704;1.6
4705;1.6
4706;1.6
4707;1.6
4708;1.6
4709;1.6
4710;1.6
4711;1.6
4712;1.6
4713;1.6
4714;1.6
4715;1.6
4716;1.6
4717;1.6
4718;1.6
4719;1.6
4720;1.6
4721;1.6
4722;1.6
4723;1.6
4724;1.6
4725;1.6
4726;1.6
4727;1.6
4728;1.6
4729;1.6
4730;1.6
4731;1.6
4732;1.6
4733;1.6
4734;1.6
4735;1.6
4736;1.6
4737;1.6
4738;1.6
4739;1.6
4740;1.6
4741;1.6
4742;1.6
4743;1.6
4744;1.6
4745;1.6
4746;1.6
4747;1.6
4748;1.6
4749;1.6
4750;1.6
4751;1.6
4752;1.6
4753;1.6
4754;1.6
4755;1.6
4756;1.6
4757;1.6
4758;1.6
4759;1.6
4760;1.6
4761;1.6
4762;1.6
4763;1.6
4764;1.6
4765;1.6
4766;1.6
4767;1.6
4768;1.6
4769;1.6
4770;1.6
4771;1.6
4772;1.6
4773;1.6
4774;1.6
4775;1.6
4776;1.6
4777;1.6
4778;1.6
4779;1.6
4780;1.6
4781;1.6
4782;1.6
4783;1.6
4784;1.63028362
4785;1.66056724
4786;1.69085086
4787;1.72113448
4788;1.74373148
4789;1.76632847
4790;1.78892547
4791;1.81152246
4792;2.39603085
4793;2.98053924
4794;3.56504763
4795;4.14955602
4796;4.11715237
4797;4.08474872
4798;4.05234508
4799;4.01994143
4800;3.93030079
4801;3.84066016
4802;3.75101953
4803;3.66137889
4804;3.61103601
4805;3.56069312
4806;3.51035024
4807;3.46000735
4808;3.38587977
4809;3.31175218
4810;3.2376246
4811;3.16349702
4812;3.13632533
4813;3.10915363
4814;3.08198194
4815;3.05481025
4816;3.03770053
4817;3.02059082
4818;3.00348111
4819;2.9863714
4820;2.91109942
4821;2.83582743
4822;2.76055545
4823;2.68528347
4824;2.40643038
4825;2.12757729
4826;1.84872421
4827;1.6
4828;1.6
4829;1.6
4830;1.6
4831;1.6
4832;1.6
4833;1.6
4834;1.6
4835;1.6
4836;1.6
4837;1.6
4838;1.6
4839;1.6
4840;1.6
4841;1.6
4842;1.6
4843;1.6
4844;1.6
4845;1.6
4846;1.6
4847;1.6
4848;1.6
4849;1.6
4850;1.6
4851;1.6
4852;1.6
4853;1.6
4854;1.6
4855;1.6
4856;1.6
4857;1.6
4858;1.6
4859;1.6
4860;1.6
4861;1.6
4862;1.6
4863;1.6
4864;1.6
4865;1.6
4866;1.6
4867;1.6
4868;1.6
4869;1.6
4870;1.6
4871;1.6
4872;1.6
4873;1.6
4874;1.6
4875;1.6
4876;1.6
4877;1.6
4878;1.6
4879;1.6
4880;1.6
4881;1.6
4882;1.6
4883;1.6
4884;1.6
4885;1.6
4886;1.6
4887;1.6
4888;1.6
4889;1.6
4890;1.6
4891;1.6
4892;1.6
4893;1.6
4894;1.6
4895;1.6
4896;1.6
4897;1.6
4898;1.6
4899;1.6
4900;1.6
4901;1.6
4902;1.6
4903;1.6
4904;1.6
4905;1.6
4906;1.6
4907;1.6
4908;1.6
4909;1.6
4910;1.6
4911;1.6
4912;1.6189749
4913;1.63794979
4914;1.65692469
4915;1.67589959
4916;1.90517865
4917;2.1344577
4918;2.36373676
4919;2.59301581
4920;2.84875372
4921;3.10449162
4922;3.36022952
4923;3.61596742
4924;3.90807525
4925;4.20018308
4926;4.49229091
4927;4.78439874
4928;5.1325422
4929;5.48068565
4930;5.8288291
4931;6.17697256
4932;6.6688749
4933;7.16077724
4934;7.65267958
4935;8.14458192
4936;8.77432054
4937;9.40405916
4938;10.0337978
4939;10.6635364
4940;11.4386126
4941;12.2136888
4942;12.988765
4943;13.7638412
4944;14.3527707
4945;14.4
4946;14.4
4947;14.4
4948;14.4
4949;14.4
4950;14.4
4951;14.4
4952;14.4
4953;14.4
4954;14.4
4955;14.4
4956;14.4
4957;14.4
4958;14.4
4959;14.4
4960;14.4
4961;14.4
4962;14.4
4963;14.4
4964;14.4
4965;14.4
4966;14.4
4967;14.4
4968;14.4
4969;14.4
4970;14.4
4971;14.4
4972;14.4
4973;14.4
4974;14.4
4975;14.4
4976;14.4
4977;14.4
4978;14.4
4979;14.4
4980;14.4
4981;14.4
4982;14.4
4983;14.4
4984;14.4
4985;14.4
4986;14.4
4987;14.4
4988;14.4
4989;14.4
4990;14.4
4991;14.4
4992;14.4
4993;14.4
4994;14.4
4995;14.4
4996;14.4
4997;14.4
4998;14.4
4999;14.4
5000;14.4
5001;14.4
5002;14.4
5003;14.4
5004;14.4
5005;14.4
5006;14.4
5007;14.4
5008;14.4
5009;14.4
5010;14.4
5011;14.4
5012;14.4
5013;14.4
5014;14.4
5015;14.4
5016;14.4
5017;14.4
5018;14.4
5019;14.4
5020;14.4
5021;14.4
5022;14.4
5023;14.4
5024;14.4
5025;14.4
5026;14.4
5027;14.4
5028;14.4
5029;14.4
5030;14.4
5031;14.4
5032;14.4
5033;14.4
5034;14.4
5035;14.4
5036;14.4
5037;14.4
5038;14.4
5039;14.4
5040;14.4
5041;14.4
5042;14.4
5043;14.4
5044;14.4
5045;14.4
5046;14.4
5047;14.4
5048;14.4
5049;14.4
5050;14.4
5051;14.4
5052;14.4
5053;14.4
5054;14.4
5055;14.4
5056;14.4
5057;14.4
5058;14.4
5059;14.4
5060;14.4
5061;14.4
5062;14.4
5063;14.4
5064;14.4
5065;14.4
5066;14.4
5067;14.4
5068;14.4
5069;14.4
5070;14.4
5071;14.4
5072;14.4
5073;14.4
5074;14.4
5075;14.4
5076;14.4
5077;14.4
5078;14.4
5079;14.4
5080;14.4
5081;14.4
5082;14.4
5083;14.4
5084;14.4
5085;14.4
5086;14.4
5087;14.4
5088;14.4
5089;14.4
5090;14.4
5091;14.4
5092;14.3432369
5093;14.2864737
5094;14.2297106
5095;14.1729474
5096;14.1691293
5097;14.1653111
5098;14.1614929
5099;14.1576748
5100;14.1365069
5101;14.1153391
5102;14.0941712
5103;14.0730034
5104;13.9573547
5105;13.8417059
5106;13.7260572
5107;13.6104085
5108;13.4475098
5109;13.2846111
5110;13.1217125
5111;12.9588138
5112;12.6097386
5113;12.2606634
5114;11.9115882
5115;11.562513
5116;11.0156676
5117;10.4688222
5118;9.92197677
5119;9.37513137
5120;8.83642013
5121;8.29770889
5122;7.75899766
5123;7.22028642
5124;6.7452182
5125;6.27014998
5126;5.79508176
5127;5.32001354
5128;4.86417632
5129;4.4083391
5130;3.95250189
5131;3.49666467
5132;2.9984009
5133;2.50013713
5134;2.00187336
5135;1.6
5136;1.6
5137;1.6
5138;1.6
5139;1.6
5140;1.6
5141;1.6
5142;1.6
5143;1.6
5144;1.6
5145;1.6
5146;1.6
5147;1.6
5148;1.6
5149;1.6
5150;1.6
5151;1.6
5152;1.6
5153;1.6
5154;1.6
5155;1.6
5156;1.6
5157;1.6
5158;1.6
5159;1.6
5160;1.6
5161;1.6
5162;1.6
5163;1.6
5164;1.6
5165;1.6
5166;1.6
5167;1.6
5168;1.6
5169;1.6
5170;1.6
5171;1.6
5172;1.6
5173;1.6
5174;1.6
5175;1.6
5176;2.28165048
5177;2.96330097
5178;3.64495145
5179;4.32660194
5180;4.2588207
5181;4.19103946
5182;4.12325822
5183;4.05547698
5184;3.9371932
5185;3.81890942
5186;3.70062564
5187;3.58234186
5188;3.58234186
5189;3.58234186
5190;3.58234186
5191;3.58234186
5192;3.58234186
5193;3.58234186
5194;3.58234186
5195;3.58234186
5196;3.58234186
5197;3.58234186
5198;3.58234186
5199;3.58234186
5200;3.58234186
5201;3.58234186
5202;3.58234186
5203;3.58234186
5204;3.58234186
5205;3.58234186
5206;3.58234186
5207;3.58234186
5208;3.58234186
5209;3.58234186
5210;3.58234186
5211;3.58234186
5212;3.58234186
5213;3.58234186
5214;3.58234186
5215;3.58234186
5216;3.58234186
5217;3.58234186
5218;3.58234186
5219;3.30676586
5220;2.81880439
5221;2.33084292
5222;1.84288144
5223;1.6
5224;1.6
5225;1.6
5226;1.6
5227;1.6
5228;1.6
5229;1.6
5230;1.6
5231;1.6
5232;1.6
5233;1.6
5234;1.6
5235;1.6
5236;1.6
5237;1.6
5238;1.6
5239;1.6
5240;1.6
5241;1.6
5242;1.6
5243;1.6
5244;1.6
5245;1.6
5246;1.6
5247;1.6
5248;1.6
5249;1.6
5250;1.6
5251;1.6
5252;1.6
5253;1.6
5254;1.6
5255;1.6
5256;1.6
5257;1.6
5258;1.6
5259;1.6
5260;1.6
5261;1.6
5262;1.6
5263;1.6
5264;1.6
5265;1.6
5266;1.6
5267;1.6
5268;1.6
5269;1.6
5270;1.6
5271;1.6
5272;1.6
5273;1.6
5274;1.6
5275;1.6
5276;1.6
5277;1.6
5278;1.6
5279;1.6
5280;1.6
5281;1.6
5282;1.6
5283;1.6
5284;1.6
5285;1.6
5286;1.6
5287;1.6
5288;1.6
5289;1.6
5290;1.6
5291;1.6
5292;1.6
5293;1.6
5294;1.6
5295;1.6
5296;1.6
5297;1.6
5298;1.6
5299;1.6
5300;1.6
5301;1.6
5302;1.6
5303;1.6
5304;1.6
5305;1.6
5306;1.6
5307;1.6
5308;1.6
5309;1.6
5310;1.6
5311;1.6
5312;1.6
5313;1.6
5314;1.6
5315;1.6
5316;1.6
5317;1.6
5318;1.6
5319;1.6
5320;1.6
5321;1.6
5322;1.6
5323;1.6
5324;1.6
5325;1.6
5326;1.6
5327;1.6
5328;1.71277809
5329;1.82555618
5330;1.93833427
5331;2.05111236
5332;2.10119573
5333;2.15127911
5334;2.20136249
5335;2.25144587
5336;2.21806311
5337;2.18468035
5338;2.1512976
5339;2.11791484
5340;2.00208764
5341;1.88626044
5342;1.77043324
5343;1.65460604
5344;1.6
5345;1.6
5346;1.6
5347;1.6
5348;1.6
5349;1.6
5350;1.6
5351;1.6
5352;1.6
5353;1.6
5354;1.6
5355;1.6
5356;1.6
5357;1.6
5358;1.6
5359;1.6
5360;1.6
5361;1.6
5362;1.6
5363;1.6
5364;1.6
5365;1.6
5366;1.6
5367;1.6
5368;1.6
5369;1.6
5370;1.6
5371;1.6
5372;1.6
5373;1.6
5374;1.6
5375;1.6
5376;1.6
5377;1.6
5378;1.6
5379;1.6
5380;1.6
5381;1.6
5382;1.6
5383;1.6
5384;1.6
5385;1.6
5386;1.6
5387;1.6
5388;1.6
5389;1.6
5390;1.6
5391;1.6
5392;1.6
5393;1.6
5394;1.6
5395;1.6
5396;1.6
5397;1.6
5398;1.6
5399;1.6
5400;1.6
5401;1.6
5402;1.6
5403;1.6
5404;1.6
5405;1.6
5406;1.6
5407;1.6
5408;1.6
5409;1.6
5410;1.6
5411;1.6
5412;1.6
5413;1.6
5414;1.6
5415;1.6
5416;1.6
5417;1.6
5418;1.6
5419;1.6
5420;1.6
5421;1.6
5422;1.6
5423;1.6
5424;1.6
5425;1.6
5426;1.6
5427;1.6
5428;1.6
5429;1.6
5430;1.6
5431;1.6
5432;1.6
5433;1.6
5434;1.6
5435;1.6
5436;1.6
5437;1.6
5438;1.6
5439;1.6
5440;1.6
5441;1.6
5442;1.6
5443;1.6
5444;1.6
5445;1.6
5446;1.6
5447;1.6
5448;1.6
5449;1.6
5450;1.6
5451;1.6
5452;1.6
5453;1.6
5454;1.6
5455;1.6
5456;1.6
5457;1.6
5458;1.6
5459;1.6
5460;1.6
5461;1.6
5462;1.6
5463;1.6
5464;1.6
5465;1.6
5466;1.6
5467;1.6
5468;1.6
5469;1.6
5470;1.6
5471;1.6
5472;1.6
5473;1.6
5474;1.6
5475;1.6
5476;1.6
5477;1.6
5478;1.6
5479;1.6
5480;1.6
5481;1.6
5482;1.6
5483;1.6
5484;1.6
5485;1.6
5486;1.6
5487;1.6
5488;1.6
5489;1.6
5490;1.6
5491;1.6
5492;1.6
5493;1.6
5494;1.6
5495;1.6
5496;1.6
5497;1.6
5498;1.6
5499;1.6
5500;1.6
5501;1.6
5502;1.6
5503;1.6
5504;1.6
5505;1.6
5506;1.6
5507;1.6
5508;1.6
5509;1.6
5510;1.6
5511;1.6
5512;1.61681906
5513;1.63363812
5514;1.65045718
5515;1.66727625
5516;1.66632401
5517;1.66537176
5518;1.66441952
5519;1.66346728
5520;1.78237317
5521;1.90127906
5522;2.02018495
5523;2.13909083
5524;2.359663
5525;2.58023517
5526;2.80080734
5527;3.02137951
5528;3.22560615
5529;3.4298328
5530;3.63405944
5531;3.83828609
5532;4.0068769
5533;4.17546771
5534;4.34405852
5535;4.51264933
5536;4.62993706
5537;4.74722479
5538;4.86451253
5539;4.98180026
5540;5.0532097
5541;5.12461915
5542;5.19602859
5543;5.26743804
5544;5.41172262
5545;5.55600721
5546;5.70029179
5547;5.84457637
5548;6.10414506
5549;6.36371374
5550;6.62328242
5551;6.88285111
5552;7.13932435
5553;7.3957976
5554;7.65227085
5555;7.90874409
5556;8.1520512
5557;8.3953583
5558;8.63866541
5559;8.88197251
5560;8.84554637
5561;8.80912023
5562;8.77269408
5563;8.73626794
5564;8.67556048
5565;8.61485303
5566;8.55414557
5567;8.49343812
5568;8.39707195
5569;8.30070579
5570;8.20433963
5571;8.10797346
5572;8.05132776
5573;7.99468205
5574;7.93803634
5575;7.88139064
5576;7.83241017
5577;7.7834297
5578;7.73444923
5579;7.68546876
5580;7.65646541
5581;7.62746206
5582;7.59845871
5583;7.56945536
5584;7.56945536
5585;7.56945536
5586;7.56945536
5587;7.56945536
5588;7.56945536
5589;7.56945536
5590;7.56945536
5591;7.56945536
5592;7.56945536
5593;7.56945536
5594;7.56945536
5595;7.56945536
5596;7.56945536
5597;7.56945536
5598;7.56945536
5599;7.56945536
5600;7.56945536
5601;7.56945536
5602;7.56945536
5603;7.56945536
5604;7.56945536
5605;7.56945536
5606;7.56945536
5607;7.56945536
5608;7.56945536
5609;7.56945536
5610;7.56945536
5611;7.56945536
5612;7.56945536
5613;7.56945536
5614;7.56945536
5615;7.56945536
5616;7.56945536
5617;7.56945536
5618;7.56945536
5619;7.56945536
5620;7.56945536
5621;8.06447068
5622;9.08129946
5623;10.0981282
5624;11.0664732
5625;12.0348181
5626;13.003163
5627;13.9715079
5628;14.4
5629;14.4
5630;14.4
5631;14.4
5632;14.4
5633;14.4
5634;14.4
5635;14.4
5636;14.4
5637;14.4
5638;14.4
5639;14.4
5640;14.4
5641;14.4
5642;14.4
5643;14.4
5644;14.4
5645;14.4
5646;14.4
5647;14.4
5648;14.4
5649;14.4
5650;14.4
5651;14.4
5652;14.4
5653;14.4
5654;14.4
5655;14.4
5656;14.4
5657;14.4
5658;14.4
5659;14.4
5660;14.4
5661;14.4
5662;14.4
5663;14.4
5664;14.4
5665;14.4
5666;14.4
5667;14.4
5668;14.4
5669;14.4
5670;14.4
5671;14.4
5672;14.4
5673;14.4
5674;14.4
5675;14.4
5676;14.4
5677;14.4
5678;14.4
5679;14.4
5680;14.4
5681;14.4
5682;14.4
5683;14.4
5684;14.4
5685;14.4
5686;14.4
5687;14.4
5688;14.4
5689;14.4
5690;14.4
5691;14.4
5692;14.4
5693;14.4
5694;14.4
5695;14.4
5696;14.4
5697;14.4
5698;14.4
5699;14.4
5700;14.4
5701;14.4
5702;14.4
5703;14.4
5704;14.4
5705;14.4
5706;14.4
5707;14.4
5708;14.4
5709;14.4
5710;14.4
5711;14.4
5712;14.4
5713;14.4
5714;14.4
5715;14.4
5716;14.4
5717;14.4
5718;14.4
5719;14.4
5720;14.4
5721;14.4
5722;14.4
5723;14.4
5724;14.4
5725;14.4
5726;14.4
5727;14.4
5728;14.4
5729;14.4
5730;14.4
5731;14.4
5732;14.4
5733;14.4
5734;14.4
5735;14.4
5736;14.4
5737;14.4
5738;14.4
5739;14.4
5740;14.4
5741;14.4
5742;14.4
5743;14.4
5744;14.4
5745;14.4
5746;14.4
5747;14.4
5748;14.3731505
5749;14.3463009
5750;14.3194514
5751;14.2926018
5752;14.2024231
5753;14.1122445
5754;14.0220658
5755;13.9318872
5756;13.830004
5757;13.7281208
5758;13.6262376
5759;13.5243544
5760;13.5421136
5761;13.5598728
5762;13.577632
5763;13.5953912
5764;13.6340087
5765;13.6726263
5766;13.7112439
5767;13.7498614
5768;13.826828
5769;13.9037946
5770;13.9807611
5771;14.0577277
5772;14.1246132
5773;14.1914987
5774;14.2583842
5775;14.3252696
5776;14.3298596
5777;14.3344495
5778;14.3390395
5779;14.3436294
5780;14.3436294
5781;14.3436294
5782;14.3436294
5783;14.3436294
5784;14.3436294
5785;14.3436294
5786;14.3436294
5787;14.3436294
5788;14.3436294
5789;14.3436294
5790;14.3436294
5791;14.3436294
5792;14.3436294
5793;14.3436294
5794;14.3436294
5795;14.3436294
5796;14.3436294
5797;14.3436294
5798;14.3436294
5799;14.3436294
5800;14.3436294
5801;14.3436294
5802;14.3436294
5803;14.3436294
5804;14.3436294
5805;14.3436294
5806;14.3436294
5807;14.3436294
5808;14.3436294
5809;14.3436294
5810;14.3436294
5811;14.3436294
5812;14.3436294
5813;14.3436294
5814;14.3436294
5815;14.3436294
5816;14.3436294
5817;14.3436294
5818;14.3436294
5819;14.3436294
5820;14.3436294
5821;14.3436294
5822;14.3436294
5823;14.3436294
5824;14.3436294
5825;14.3436294
5826;14.3436294
5827;14.3436294
5828;14.3436294
5829;14.3436294
5830;14.3436294
5831;14.3436294
5832;14.3436294
5833;14.3436294
5834;14.3436294
5835;14.3436294
5836;14.3436294
5837;14.3436294
5838;14.3436294
5839;14.3436294
5840;14.3436294
5841;14.3436294
5842;14.3436294
5843;14.3436294
5844;14.3436294
5845;14.3436294
5846;14.3436294
5847;14.3436294
5848;14.3436294
5849;14.3436294
5850;14.3436294
5851;14.4
5852;14.4
5853;14.4
5854;14.4
5855;14.4
5856;14.4
5857;14.4
5858;14.4
5859;14.4
5860;14.4
5861;14.4
5862;14.4
5863;14.4
5864;14.4
5865;14.4
5866;14.4
5867;14.4
5868;14.4
5869;14.4
5870;14.4
5871;14.4
5872;14.4
5873;14.4
5874;14.4
5875;14.4
5876;14.3653459
5877;14.3306919
5878;14.2960378
5879;14.2613838
5880;13.9189861
5881;13.5765885
5882;13.2341908
5883;12.8917932
5884;12.2872551
5885;11.682717
5886;11.078179
5887;10.4736409
5888;10.0124204
5889;9.55119994
5890;9.08997945
5891;8.62875896
5892;8.37571799
5893;8.12267702
5894;7.86963605
5895;7.61659509
5896;7.73350147
5897;7.85040786
5898;7.96731425
5899;8.08422063
5900;8.61036136
5901;9.13650209
5902;9.66264282
5903;10.1887835
5904;11.2677912
5905;12.3467989
5906;13.4258065
5907;14.4
5908;14.4
5909;14.4
5910;14.4
5911;14.4
5912;14.4
5913;14.4
5914;14.4
5915;14.4
5916;14.4
5917;14.4
5918;14.4
5919;14.4
5920;14.4
5921;14.4
5922;14.4
5923;14.4
5924;14.4
5925;14.4
5926;14.4
5927;14.4
5928;14.4
5929;14.4
5930;14.4
5931;14.4
5932;14.4
5933;14.4
5934;14.4
5935;14.4
5936;14.4
5937;14.4
5938;14.4
5939;14.4
5940;14.4
5941;14.4
5942;14.4
5943;14.4
5944;14.4
5945;14.4
5946;14.4
5947;14.4
5948;14.4
5949;14.4
5950;14.4
5951;14.4
5952;14.4
5953;14.4
5954;14.4
5955;14.4
5956;14.4
5957;14.4
5958;14.4
5959;14.4
5960;14.4
5961;14.4
5962;14.4
5963;14.4
5964;14.4
5965;14.4
5966;14.4
5967;14.4
5968;14.4
5969;14.4
5970;14.4
5971;14.4
5972;14.4
5973;14.4
5974;14.4
5975;14.4
5976;14.4
5977;14.4
5978;14.4
5979;14.4
5980;14.4
5981;14.4
5982;14.4
5983;14.4
5984;14.4
5985;14.4
5986;14.4
5987;14.4
5988;14.4
5989;14.4
5990;14.4
5991;14.4
5992;14.4
5993;14.4
5994;14.4
5995;14.4
5996;14.4
5997;14.4
5998;14.4
5999;14.4
6000;14.4
6001;14.4
6002;14.4
6003;14.4
6004;14.4
6005;14.4
6006;14.4
6007;14.4
6008;14.4
6009;14.4
6010;14.4
6011;14.4
6012;14.4
6013;14.4
6014;14.4
6015;14.4
6016;14.4
6017;14.4
6018;14.4
6019;14.4
6020;14.4
6021;14.4
6022;14.4
6023;14.4
6024;14.4
6025;14.4
6026;14.4
6027;14.4
6028;14.4
6029;14.4
6030;14.4
6031;14.4
6032;14.4
6033;14.4
6034;14.4
6035;14.4
6036;14.4
6037;14.4
6038;14.4
6039;14.4
6040;14.4
6041;14.4
6042;14.4
6043;14.4
6044;14.4
6045;14.4
6046;14.4
6047;14.4
6048;14.4
6049;14.4
6050;14.4
6051;14.4
6052;14.4
6053;14.4
6054;14.4
6055;14.4
6056;14.4
6057;14.4
6058;14.4
6059;14.4
6060;14.4
6061;14.4
6062;14.4
6063;14.4
6064;14.4
6065;14.4
6066;14.4
6067;14.4
6068;14.4
6069;14.4
6070;14.4
6071;14.4
6072;14.2930953
6073;14.1861906
6074;14.0792859
6075;13.9723812
6076;13.6147888
6077;13.2571965
6078;12.8996042
6079;12.5420119
6080;12.3607144
6081;12.1794168
6082;11.9981193
6083;11.8168218
6084;11.9295896
6085;12.0423574
6086;12.1551252
6087;12.267893
6088;13.5790586
6089;14.4
6090;14.4
6091;14.4
6092;14.4
6093;14.4
6094;14.4
6095;14.4
6096;14.4
6097;14.4
6098;14.4
6099;14.4
6100;14.4
6101;14.4
6102;14.4
6103;14.4
6104;14.4
6105;14.4
6106;14.4
6107;14.4
6108;14.4
6109;14.4
6110;14.4
6111;14.4
6112;14.4
6113;14.4
6114;14.4
6115;14.4
6116;14.4
6117;14.4
6118;14.4
6119;14.4
6120;14.4
6121;14.4
6122;14.4
6123;14.4
6124;14.4
6125;14.4
6126;14.4
6127;14.4
6128;14.4
6129;14.4
6130;14.4
6131;14.4
6132;14.4
6133;14.4
6134;14.4
6135;14.4
6136;14.4
6137;14.4
6138;14.4
6139;14.4
6140;14.4
6141;14.4
6142;14.4
6143;14.4
6144;14.4
6145;14.4
6146;14.4
6147;14.4
6148;14.4
6149;14.4
6150;14.4
6151;14.4
6152;14.4
6153;14.4
6154;14.4
6155;14.4
6156;14.4
6157;14.4
6158;14.4
6159;14.4
6160;14.4
6161;14.4
6162;14.4
6163;14.4
6164;14.4
6165;14.4
6166;14.4
6167;14.4
6168;14.4
6169;14.4
6170;14.4
6171;14.4
6172;14.4
6173;14.4
6174;14.4
6175;14.4
6176;14.4
6177;14.4
6178;14.4
6179;14.4
6180;14.4
6181;14.4
6182;14.4
6183;14.4
6184;14.4
6185;14.4
6186;14.4
6187;14.4
6188;14.4
6189;14.4
6190;14.4
6191;14.4
6192;14.4
6193;14.4
6194;14.4
6195;14.4
6196;14.4
6197;14.4
6198;14.4
6199;14.4
6200;14.4
6201;14.4
6202;14.4
6203;14.4
6204;14.4
6205;14.4
6206;14.4
6207;14.4
6208;14.4
6209;14.4
6210;14.4
6211;14.4
6212;14.4
6213;14.4
6214;14.4
6215;14.4
6216;14.4
6217;14.4
6218;14.4
6219;14.4
6220;14.4
6221;14.4
6222;14.4
6223;14.4
6224;14.4
6225;14.4
6226;14.4
6227;14.4
6228;14.4
6229;14.4
6230;14.4
6231;14.4
6232;14.4
6233;14.4
6234;14.4
6235;14.4
6236;14.4
6237;14.4
6238;14.4
6239;14.4
6240;14.4
6241;14.4
6242;14.4
6243;14.4
6244;14.4
6245;14.4
6246;14.4
6247;14.4
6248;14.4
6249;14.4
6250;14.4
6251;14.4
6252;14.4
6253;14.4
6254;14.4
6255;14.4
6256;14.4
6257;14.4
6258;14.4
6259;14.4
6260;14.4
6261;14.4
6262;14.4
6263;14.4
6264;14.4
6265;14.4
6266;14.4
6267;14.4
6268;14.4
6269;14.4
6270;14.4
6271;14.4
6272;14.4
6273;14.4
6274;14.4
6275;14.4
6276;14.4
6277;14.4
6278;14.4
6279;14.4
6280;14.4
6281;14.4
6282;14.4
6283;14.4
6284;14.4
6285;14.4
6286;14.4
6287;14.4
6288;14.4
6289;14.4
6290;14.4
6291;14.4
6292;14.4
6293;14.4
6294;14.4
6295;14.4
6296;14.4
6297;14.4
6298;14.4
6299;14.4
6300;14.4
6301;14.4
6302;14.4
6303;14.4
6304;14.4
6305;14.4
6306;14.4
6307;14.4
6308;14.4
6309;14.4
6310;14.4
6311;14.4
6312;14.4
6313;14.4
6314;14.4
6315;14.4
6316;14.4
6317;14.4
6318;14.4
6319;14.4
6320;14.4
6321;14.4
6322;14.4
6323;14.4
6324;14.4
6325;14.4
6326;14.4
6327;14.4
6328;14.4
6329;14.4
6330;14.4
6331;14.4
6332;14.4
6333;14.4
6334;14.4
6335;14.4
6336;14.4
6337;14.4
6338;14.4
6339;14.4
6340;14.4
6341;14.4
6342;14.4
6343;14.4
6344;14.4
6345;14.4
6346;14.4
6347;14.4
6348;14.4
6349;14.4
6350;14.4
6351;14.4
6352;14.4
6353;14.4
6354;14.4
6355;14.4
6356;14.4
6357;14.4
6358;14.4
6359;14.4
6360;14.4
6361;14.4
6362;14.4
6363;14.4
6364;14.4
6365;14.4
6366;14.4
6367;14.4
6368;14.4
6369;14.4
6370;14.4
6371;14.4
6372;14.4
6373;14.4
6374;14.4
6375;14.4
6376;14.4
6377;14.4
6378;14.4
6379;14.4
6380;14.4
6381;14.4
6382;14.4
6383;14.4
6384;14.4
6385;14.4
6386;14.4
6387;14.4
6388;14.4
6389;14.4
6390;14.4
6391;14.4
6392;14.4
6393;14.4
6394;14.4
6395;14.4
6396;14.4
6397;14.4
6398;14.4
6399;14.4
6400;14.4
6401;14.4
6402;14.4
6403;14.4
6404;14.4
6405;14.4
6406;14.4
6407;14.4
6408;14.4
6409;14.4
6410;14.4
6411;14.4
6412;14.4
6413;14.4
6414;14.4
6415;14.4
6416;14.4
6417;14.4
6418;14.4
6419;14.4
6420;14.4
6421;14.4
6422;14.4
6423;14.4
6424;14.4
6425;14.4
6426;14.4
6427;14.4
6428;14.4
6429;14.4
6430;14.4
6431;14.4
6432;14.4
6433;14.4
6434;14.4
6435;14.4
6436;14.4
6437;14.4
6438;14.4
6439;14.4
6440;14.4
6441;14.4
6442;14.4
6443;14.4
6444;14.4
6445;14.4
6446;14.4
6447;14.4
6448;14.4
6449;14.4
6450;14.4
6451;14.4
6452;14.4
6453;14.4
6454;14.4
6455;14.4
6456;14.310928
6457;14.2218559
6458;14.1327839
6459;14.0437119
6460;13.8170024
6461;13.5902929
6462;13.3635834
6463;13.1368738
6464;12.9172061
6465;12.6975384
6466;12.4778707
6467;12.258203
6468;12.1410132
6469;12.0238234
6470;11.9066337
6471;11.7894439
6472;12.2586752
6473;12.7279065
6474;13.1971378
6475;13.6663692
6476;14.355193
6477;14.4
6478;14.4
6479;14.4
6480;14.4
6481;14.4
6482;14.4
6483;14.4
6484;14.4
6485;14.4
6486;14.4
6487;14.4
6488;14.4
6489;14.4
6490;14.4
6491;14.4
6492;14.4
6493;14.4
6494;14.4
6495;14.4
6496;14.4
6497;14.4
6498;14.4
6499;14.4
6500;14.4
6501;14.4
6502;14.4
6503;14.4
6504;14.4
6505;14.4
6506;14.4
6507;14.4
6508;14.4
6509;14.4
6510;14.4
6511;14.4
6512;14.4
6513;14.4
6514;14.4
6515;14.4
6516;14.4
6517;14.4
6518;14.4
6519;14.4
6520;14.4
6521;14.4
6522;14.4
6523;14.4
6524;14.4
6525;14.4
6526;14.4
6527;14.4
6528;14.4
6529;14.4
6530;14.4
6531;14.4
6532;14.4
6533;14.4
6534;14.4
6535;14.4
6536;14.4
6537;14.4
6538;14.4
6539;14.4
6540;14.4
6541;14.4
6542;14.4
6543;14.4
6544;14.4
6545;14.4
6546;14.4
6547;14.4
6548;14.4
6549;14.4
6550;14.4
6551;14.4
6552;14.4
6553;14.4
6554;14.4
6555;14.4
6556;14.4
6557;14.4
6558;14.4
6559;14.4
6560;14.4
6561;14.4
6562;14.4
6563;14.4
6564;14.4
6565;14.4
6566;14.4
6567;14.4
6568;14.4
6569;14.4
6570;14.4
6571;14.4
6572;14.4
6573;14.4
6574;14.4
6575;14.4
6576;14.4
6577;14.4
6578;14.4
6579;14.4
6580;14.4
6581;14.4
6582;14.4
6583;14.4
6584;14.4
6585;14.4
6586;14.4
6587;14.4
6588;14.4
6589;14.4
6590;14.4
6591;14.4
6592;14.4
6593;14.4
6594;14.4
6595;14.4
6596;14.4
6597;14.4
6598;14.4
6599;14.4
6600;14.4
6601;14.4
6602;14.4
6603;14.4
6604;14.4
6605;14.4
6606;14.4
6607;14.4
6608;14.4
6609;14.4
6610;14.4
6611;14.4
6612;14.4
6613;14.4
6614;14.4
6615;14.4
6616;14.4
6617;14.4
6618;14.4
6619;14.4
6620;14.4
6621;14.4
6622;14.4
6623;14.4
6624;14.4
6625;14.4
6626;14.4
6627;14.4
6628;14.4
6629;14.4
6630;14.4
6631;14.4
6632;14.4
6633;14.4
6634;14.4
6635;14.4
6636;14.4
6637;14.4
6638;14.4
6639;14.4
6640;14.4
6641;14.4
6642;14.4
6643;14.4
6644;14.4
6645;14.4
6646;14.4
6647;14.4
6648;14.2597385
6649;14.1194771
6650;13.9792156
6651;13.8389542
6652;13.4357128
6653;13.0324715
6654;12.6292302
6655;12.2259889
6656;11.9536317
6657;11.6812745
6658;11.4089173
6659;11.1365601
6660;12.5315601
6661;13.9265601
6662;14.4
6663;14.4
6664;14.4
6665;14.4
6666;14.4
6667;14.4
6668;14.4
6669;14.4
6670;14.4
6671;14.4
6672;14.4
6673;14.4
6674;14.4
6675;14.4
6676;14.4
6677;14.4
6678;14.4
6679;14.4
6680;14.4
6681;14.4
6682;14.4
6683;14.4
6684;14.4
6685;14.4
6686;14.4
6687;14.4
6688;14.4
6689;14.4
6690;14.4
6691;14.4
6692;14.4
6693;14.4
6694;14.4
6695;14.4
6696;14.4
6697;14.4
6698;14.4
6699;14.4
6700;14.4
6701;14.4
6702;14.4
6703;14.4
6704;14.4
6705;14.4
6706;14.4
6707;14.4
6708;14.4
6709;14.4
6710;14.4
6711;14.4
6712;14.4
6713;14.4
6714;14.4
6715;14.4
6716;14.4
6717;14.4
6718;14.4
6719;14.4
6720;14.4
6721;14.4
6722;14.4
6723;14.4
6724;14.4
6725;14.4
6726;14.4
6727;14.4
6728;14.4
6729;14.4
6730;14.4
6731;14.4
6732;14.4
6733;14.4
6734;14.4
6735;14.4
6736;14.4
6737;14.4
6738;14.4
6739;14.4
6740;14.4
6741;14.4
6742;14.4
6743;14.4
6744;14.4
6745;14.4
6746;14.4
6747;14.4
6748;14.4
6749;14.4
6750;14.4
6751;14.4
6752;14.4
6753;14.4
6754;14.4
6755;14.4
6756;14.4
6757;14.4
6758;14.4
6759;14.4
6760;14.4
6761;14.4
6762;14.4
6763;14.4
6764;14.4
6765;14.4
6766;14.4
6767;14.4
6768;14.4
6769;14.4
6770;14.4
6771;14.4
6772;14.4
6773;14.4
6774;14.4
6775;14.4
6776;14.4
6777;14.4
6778;14.4
6779;14.4
6780;14.4
6781;14.4
6782;14.4
6783;14.4
6784;14.4
6785;14.4
6786;14.4
6787;14.4
6788;14.4
6789;14.4
6790;14.4
6791;14.4
6792;14.4
6793;14.4
6794;14.4
6795;14.4
6796;14.4
6797;14.4
6798;14.4
6799;14.4
6800;14.4
6801;14.4
6802;14.4
6803;14.4
6804;14.4
6805;14.4
6806;14.4
6807;14.4
6808;14.4
6809;14.4
6810;14.4
6811;14.4
6812;14.4
6813;14.4
6814;14.4
6815;14.4
6816;14.4
6817;14.4
6818;14.4
6819;14.4
6820;14.4
6821;14.4
6822;14.4
6823;14.4
6824;14.4
6825;14.4
6826;14.4
6827;14.4
6828;14.4
6829;14.4
6830;14.4
6831;14.4
6832;14.4
6833;14.4
6834;14.4
6835;14.4
6836;14.4
6837;14.4
6838;14.4
6839;14.4
6840;14.3682973
6841;14.3365945
6842;14.3048918
6843;14.273189
6844;14.1735748
6845;14.0739606
6846;13.9743465
6847;13.8747323
6848;14.2201142
6849;14.4
6850;14.4
6851;14.4
6852;14.4
6853;14.4
6854;14.4
6855;14.4
6856;14.4
6857;14.4
6858;14.4
6859;14.4
6860;14.4
6861;14.4
6862;14.4
6863;14.4
6864;14.4
6865;14.4
6866;14.4
6867;14.4
6868;14.4
6869;14.4
6870;14.4
6871;14.4
6872;14.4
6873;14.4
6874;14.4
6875;14.4
6876;14.4
6877;14.4
6878;14.4
6879;14.4
6880;14.4
6881;14.4
6882;14.4
6883;14.4
6884;14.4
6885;14.4
6886;14.4
6887;14.4
6888;14.4
6889;14.4
6890;14.4
6891;14.4
6892;14.4
6893;14.4
6894;14.4
6895;14.4
6896;14.4
6897;14.4
6898;14.4
6899;14.4
6900;14.4
6901;14.4
6902;14.4
6903;14.4
6904;14.4
6905;14.4
6906;14.4
6907;14.4
6908;14.4
6909;14.4
6910;14.4
6911;14.4
6912;14.4
6913;14.4
6914;14.4
6915;14.4
6916;14.4
6917;14.4
6918;14.4
6919;14.4
6920;14.4
6921;14.4
6922;14.4
6923;14.4
6924;14.4
6925;14.4
6926;14.4
6927;14.4
6928;14.4
6929;14.4
6930;14.4
6931;14.4
6932;14.4
6933;14.4
6934;14.4
6935;14.4
6936;14.4
6937;14.4
6938;14.4
6939;14.4
6940;14.4
6941;14.4
6942;14.4
6943;14.4
6944;14.4
6945;14.4
6946;14.4
6947;14.4
6948;14.4
6949;14.4
6950;14.4
6951;14.4
6952;14.4
6953;14.4
6954;14.4
6955;14.4
6956;14.4
6957;14.4
6958;14.4
6959;14.4
6960;14.4
6961;14.4
6962;14.4
6963;14.4
6964;14.4
6965;14.4
6966;14.4
6967;14.4
6968;14.4
6969;14.4
6970;14.4
6971;14.4
6972;14.4
6973;14.4
6974;14.4
6975;14.4
6976;14.4
6977;14.4
6978;14.4
6979;14.4
6980;14.4
6981;14.4
6982;14.4
6983;14.4
6984;14.4
6985;14.4
6986;14.4
6987;14.4
6988;14.4
6989;14.4
6990;14.4
6991;14.4
6992;14.4
6993;14.4
6994;14.4
6995;14.4
6996;14.4
6997;14.4
6998;14.4
6999;14.4
7000;14.4
7001;14.4
7002;14.4
7003;14.4
7004;14.4
7005;14.4
7006;14.4
7007;14.4
7008;14.4
7009;14.4
7010;14.4
7011;14.4
7012;14.4
7013;14.4
7014;14.4
7015;14.4
7016;14.4
7017;14.4
7018;14.4
7019;14.4
7020;14.4
7021;14.4
7022;14.4
7023;14.4
7024;14.4
7025;14.4
7026;14.4
7027;14.4
7028;14.4
7029;14.4
7030;14.4
7031;14.4
7032;14.4
7033;14.4
7034;14.4
7035;14.4
7036;14.4
7037;14.4
7038;14.4
7039;14.4
7040;14.4
7041;14.4
7042;14.4
7043;14.4
7044;14.4
7045;14.4
7046;14.4
7047;14.4
7048;14.4
7049;14.4
7050;14.4
7051;14.4
7052;14.4
7053;14.4
7054;14.4
7055;14.4
7056;14.4
7057;14.4
7058;14.4
7059;14.4
7060;14.4
7061;14.4
7062;14.4
7063;14.4
7064;14.4
7065;14.4
7066;14.4
7067;14.4
7068;14.4
7069;14.4
7070;14.4
7071;14.4
7072;14.4
7073;14.4
7074;14.4
7075;14.4
7076;14.4
7077;14.4
7078;14.4
7079;14.4
7080;14.4
7081;14.4
7082;14.4
7083;14.4
7084;14.4
7085;14.4
7086;14.4
7087;14.4
7088;14.4
7089;14.4
7090;14.4
7091;14.4
7092;14.4
7093;14.4
7094;14.4
7095;14.4
7096;14.4
7097;14.4
7098;14.4
7099;14.4
7100;14.4
7101;14.4
7102;14.4
7103;14.4
7104;14.4
7105;14.4
7106;14.4
7107;14.4
7108;14.4
7109;14.4
7110;14.4
7111;14.4
7112;14.4
7113;14.4
7114;14.4
7115;14.4
7116;14.4
7117;14.4
7118;14.4
7119;14.4
7120;14.4
7121;14.4
7122;14.4
7123;14.4
7124;14.4
7125;14.4
7126;14.4
7127;14.4
7128;14.4
7129;14.4
7130;14.4
7131;14.4
7132;14.4
7133;14.4
7134;14.4
7135;14.4
7136;14.4
7137;14.4
7138;14.4
7139;14.4
7140;14.4
7141;14.4
7142;14.4
7143;14.4
7144;14.4
7145;14.4
7146;14.4
7147;14.4
7148;14.4
7149;14.4
7150;14.4
7151;14.4
7152;14.4
7153;14.4
7154;14.4
7155;14.4
7156;14.4
7157;14.4
7158;14.4
7159;14.4
7160;14.4
7161;14.4
7162;14.4
7163;14.4
7164;14.4
7165;14.4
7166;14.4
7167;14.4
7168;14.4
7169;14.4
7170;14.4
7171;14.4
7172;14.4
7173;14.4
7174;14.4
7175;14.4
7176;14.4
7177;14.4
7178;14.4
7179;14.4
7180;14.4
7181;14.4
7182;14.4
7183;14.4
7184;14.4
7185;14.4
7186;14.4
7187;14.4
7188;14.4
7189;14.4
7190;14.4
7191;14.4
7192;14.4
7193;14.4
7194;14.4
7195;14.4
7196;14.4
7197;14.4
7198;14.4
7199;14.4
7200;14.4
7201;14.4
7202;14.4
7203;14.4
7204;14.4
7205;14.4
7206;14.4
7207;14.4
7208;14.4
7209;14.4
7210;14.4
7211;14.4
7212;14.4
7213;14.4
7214;14.4
7215;14.4
7216;14.4
7217;14.4
7218;14.4
7219;14.4
7220;14.4
7221;14.4
7222;14.4
7223;14.4
7224;14.1507391
7225;13.9014783
7226;13.6522174
7227;13.4029566
7228;12.9065755
7229;12.4101944
7230;11.9138133
7231;11.4174322
7232;10.9388861
7233;10.4603401
7234;9.98179401
7235;9.50324796
7236;9.10860751
7237;8.71396706
7238;8.31932662
7239;7.92468617
7240;7.64807916
7241;7.37147215
7242;7.09486514
7243;6.81825813
7244;6.51221842
7245;6.20617872
7246;5.90013902
7247;5.59409932
7248;5.50969328
7249;5.42528724
7250;5.3408812
7251;5.25647516
7252;5.09358552
7253;4.93069588
7254;4.76780624
7255;4.6049166
7256;4.90277249
7257;5.20062839
7258;5.49848428
7259;5.79634017
7260;5.73739484
7261;5.6784495
7262;5.61950417
7263;5.56055883
7264;5.83778309
7265;6.11500734
7266;6.39223159
7267;6.66945584
7268;6.85503024
7269;7.04060464
7270;7.22617904
7271;7.41175344
7272;7.51263269
7273;7.61351195
7274;7.7143912
7275;7.81527046
7276;7.92011475
7277;8.02495904
7278;8.12980334
7279;8.23464763
7280;8.33560428
7281;8.43656094
7282;8.5375176
7283;8.63847425
7284;8.71890752
7285;8.79934079
7286;8.87977406
7287;8.96020733
7288;10.152281
7289;11.3443547
7290;12.5364284
7291;13.7285021
7292;14.0299165
7293;14.3313309
7294;14.4
7295;14.4
7296;14.4
7297;14.4
7298;14.4
7299;14.4
7300;14.4
7301;14.4
7302;14.4
7303;14.4
7304;14.4
7305;14.4
7306;14.4
7307;14.4
7308;14.4
7309;14.4
7310;14.4
7311;14.4
7312;14.4
7313;14.4
7314;14.4
7315;14.4
7316;14.4
7317;14.4
7318;14.4
7319;14.4
7320;14.4
7321;14.4
7322;14.4
7323;14.4
7324;14.4
7325;14.4
7326;14.4
7327;14.4
7328;14.4
7329;14.4
7330;14.4
7331;14.4
7332;14.4
7333;14.4
7334;14.4
7335;14.4
7336;14.4
7337;14.4
7338;14.4
7339;14.4
7340;14.4
7341;14.4
7342;14.4
7343;14.4
7344;14.4
7345;14.4
7346;14.4
7347;14.4
7348;14.4
7349;14.4
7350;14.4
7351;14.4
7352;14.4
7353;14.4
7354;14.4
7355;14.4
7356;14.4
7357;14.4
7358;14.4
7359;14.4
7360;14.4
7361;14.4
7362;14.4
7363;14.4
7364;14.4
7365;14.4
7366;14.4
7367;14.4
7368;14.4
7369;14.4
7370;14.4
7371;14.4
7372;14.4
7373;14.4
7374;14.4
7375;14.4
7376;14.4
7377;14.4
7378;14.4
7379;14.4
7380;14.4
7381;14.4
7382;14.4
7383;14.4
7384;14.4
7385;14.4
7386;14.4
7387;14.4
7388;14.4
7389;14.4
7390;14.4
7391;14.4
7392;14.4
7393;14.4
7394;14.4
7395;14.4
7396;14.4
7397;14.4
7398;14.4
7399;14.4
7400;14.4
7401;14.4
7402;14.4
7403;14.4
7404;14.4
7405;14.4
7406;14.4
7407;14.4
7408;14.4
7409;14.4
7410;14.4
7411;14.4
7412;14.4
7413;14.4
7414;14.4
7415;14.4
7416;14.2571216
7417;14.1142432
7418;13.9713648
7419;13.8284865
7420;13.4989671
7421;13.1694478
7422;12.8399285
7423;12.5104091
7424;12.3521359
7425;12.1938627
7426;12.0355894
7427;11.8773162
7428;11.8677942
7429;11.8582721
7430;11.8487501
7431;11.839228
7432;11.9173789
7433;11.9955297
7434;12.0736806
7435;12.1518314
7436;12.2053717
7437;12.2589119
7438;12.3124522
7439;12.3659925
7440;12.43455
7441;12.5031076
7442;12.5716651
7443;12.6402227
7444;12.6170687
7445;12.5939148
7446;12.5707609
7447;12.547607
7448;12.5985161
7449;12.6494253
7450;12.7003345
7451;12.7512437
7452;12.7320728
7453;12.7129019
7454;12.693731
7455;12.6745601
7456;12.7016394
7457;12.7287187
7458;12.755798
7459;12.7828773
7460;12.8950751
7461;13.007273
7462;13.1194709
7463;13.2316688
7464;13.3138096
7465;13.3959504
7466;13.4780913
7467;13.5602321
7468;13.6366132
7469;13.7129944
7470;13.7893755
7471;13.8657567
7472;14.016459
7473;14.1671613
7474;14.3178636
7475;14.4
7476;14.4
7477;14.4
7478;14.4
7479;14.4
7480;14.4
7481;14.4
7482;14.4
7483;14.4
7484;14.4
7485;14.4
7486;14.4
7487;14.4
7488;14.4
7489;14.4
7490;14.4
7491;14.4
7492;14.4
7493;14.4
7494;14.4
7495;14.4
7496;14.4
7497;14.4
7498;14.4
7499;14.4
7500;14.4
7501;14.4
7502;14.4
7503;14.4
7504;14.4
7505;14.4
7506;14.4
7507;14.4
7508;14.4
7509;14.4
7510;14.4
7511;14.4
7512;14.4
7513;14.4
7514;14.4
7515;14.4
7516;14.4
7517;14.4
7518;14.4
7519;14.4
7520;14.4
7521;14.4
7522;14.4
7523;14.4
7524;14.4
7525;14.4
7526;14.4
7527;14.4
7528;14.4
7529;14.4
7530;14.4
7531;14.4
7532;14.4
7533;14.4
7534;14.4
7535;14.4
7536;14.4
7537;14.4
7538;14.4
7539;14.4
7540;14.4
7541;14.4
7542;14.4
7543;14.4
7544;14.4
7545;14.4
7546;14.4
7547;14.4
7548;14.4
7549;14.4
7550;14.4
7551;14.4
7552;14.4
7553;14.4
7554;14.4
7555;14.4
7556;14.4
7557;14.4
7558;14.4
7559;14.4
7560;14.4
7561;14.4
7562;14.4
7563;14.4
7564;14.4
7565;14.4
7566;14.4
7567;14.4
7568;14.4
7569;14.4
7570;14.4
7571;14.4
7572;14.4
7573;14.4
7574;14.4
7575;14.4
7576;14.4
7577;14.4
7578;14.4
7579;14.4
7580;14.4
7581;14.4
7582;14.4
7583;14.4
7584;14.4
7585;14.4
7586;14.4
7587;14.4
7588;14.4
7589;14.4
7590;14.4
7591;14.4
7592;14.4
7593;14.4
7594;14.4
7595;14.4
7596;14.4
7597;14.4
7598;14.4
7599;14.4
7600;14.4
7601;14.4
7602;14.4
7603;14.4
7604;14.4
7605;14.4
7606;14.4
7607;14.4
7608;14.4
7609;14.4
7610;14.4
7611;14.4
7612;14.4
7613;14.4
7614;14.4
7615;14.4
7616;14.4
7617;14.4
7618;14.4
7619;14.4
7620;14.4
7621;14.4
7622;14.4
7623;14.4
7624;14.4
7625;14.4
7626;14.4
7627;14.4
7628;14.4
7629;14.4
7630;14.4
7631;14.4
7632;14.4
7633;14.4
7634;14.4
7635;14.4
7636;14.4
7637;14.4
7638;14.4
7639;14.4
7640;14.4
7641;14.4
7642;14.4
7643;14.4
7644;14.4
7645;14.4
7646;14.4
7647;14.4
7648;14.4
7649;14.4
7650;14.4
7651;14.4
7652;14.4
7653;14.4
7654;14.4
7655;14.4
7656;14.4
7657;14.4
7658;14.4
7659;14.4
7660;14.4
7661;14.4
7662;14.4
7663;14.4
7664;14.4
7665;14.4
7666;14.4
7667;14.4
7668;14.4
7669;14.4
7670;14.4
7671;14.4
7672;14.4
7673;14.4
7674;14.4
7675;14.4
7676;14.4
7677;14.4
7678;14.4
7679;14.4
7680;14.4
7681;14.4
7682;14.4
7683;14.4
7684;14.4
7685;14.4
7686;14.4
7687;14.4
7688;14.4
7689;14.4
7690;14.4
7691;14.4
7692;14.4
7693;14.4
7694;14.4
7695;14.4
7696;14.4
7697;14.4
7698;14.4
7699;14.4
7700;14.4
7701;14.4
7702;14.4
7703;14.4
7704;14.4
7705;14.4
7706;14.4
7707;14.4
7708;14.4
7709;14.4
7710;14.4
7711;14.4
7712;14.4
7713;14.4
7714;14.4
7715;14.4
7716;14.4
7717;14.4
7718;14.4
7719;14.4
7720;14.4
7721;14.4
7722;14.4
7723;14.4
7724;14.4
7725;14.4
7726;14.4
7727;14.4
7728;14.4
7729;14.4
7730;14.4
7731;14.4
7732;14.4
7733;14.4
7734;14.4
7735;14.4
7736;14.4
7737;14.4
7738;14.4
7739;14.4
7740;14.4
7741;14.4
7742;14.4
7743;14.4
7744;14.4
7745;14.4
7746;14.4
7747;14.4
7748;14.4
7749;14.4
7750;14.4
7751;14.4
7752;14.4
7753;14.4
7754;14.4
7755;14.4
7756;14.4
7757;14.4
7758;14.4
7759;14.4
7760;14.4
7761;14.4
7762;14.4
7763;14.4
7764;14.4
7765;14.4
7766;14.4
7767;14.4
7768;14.4
7769;14.4
7770;14.4
7771;14.4
7772;14.4
7773;14.4
7774;14.4
7775;14.4
7776;14.4
7777;14.4
7778;14.4
7779;14.4
7780;14.4
7781;14.4
7782;14.4
7783;14.4
7784;14.4
7785;14.4
7786;14.4
7787;14.4
7788;14.4
7789;14.4
7790;14.4
7791;14.4
7792;14.4
7793;14.4
7794;14.4
7795;14.4
7796;14.4
7797;14.4
7798;14.4
7799;14.4
7800;14.3011934
7801;14.2023867
7802;14.1035801
7803;14.0047735
7804;13.8168502
7805;13.628927
7806;13.4410037
7807;13.2530804
7808;13.1183708
7809;12.9836612
7810;12.8489516
7811;12.7142419
7812;12.670494
7813;12.6267462
7814;12.5829983
7815;12.5392504
7816;12.4202798
7817;12.3013092
7818;12.1823387
7819;12.0633681
7820;12.0243946
7821;11.9854212
7822;11.9464477
7823;11.9074743
7824;12.201808
7825;12.4961417
7826;12.7904754
7827;13.0848091
7828;14.2694452
7829;14.4
7830;14.4
7831;14.4
7832;14.4
7833;14.4
7834;14.4
7835;14.4
7836;14.4
7837;14.4
7838;14.4
7839;14.4
7840;14.4
7841;14.4
7842;14.4
7843;14.4
7844;14.4
7845;14.4
7846;14.4
7847;14.4
7848;14.4
7849;14.4
7850;14.4
7851;14.4
7852;14.4
7853;14.4
7854;14.4
7855;14.4
7856;14.4
7857;14.4
7858;14.4
7859;14.4
7860;14.4
7861;14.4
7862;14.4
7863;14.4
7864;14.4
7865;14.4
7866;14.4
7867;14.4
7868;14.4
7869;14.4
7870;14.4
7871;14.4
7872;14.4
7873;14.4
7874;14.4
7875;14.4
7876;14.4
7877;14.4
7878;14.4
7879;14.4
7880;14.4
7881;14.4
7882;14.4
7883;14.4
7884;14.4
7885;14.4
7886;14.4
7887;14.4
7888;14.4
7889;14.4
7890;14.4
7891;14.4
7892;14.4
7893;14.4
7894;14.4
7895;14.4
7896;14.4
7897;14.4
7898;14.4
7899;14.4
7900;14.4
7901;14.4
7902;14.4
7903;14.4
7904;14.4
7905;14.4
7906;14.4
7907;14.4
7908;14.4
7909;14.4
7910;14.4
7911;14.4
7912;14.4
7913;14.4
7914;14.4
7915;14.4
7916;14.4
7917;14.4
7918;14.4
7919;14.4
7920;14.4
7921;14.4
7922;14.4
7923;14.4
7924;14.4
7925;14.4
7926;14.4
7927;14.4
7928;14.4
7929;14.4
7930;14.4
7931;14.4
7932;14.4
7933;14.4
7934;14.4
7935;14.4
7936;14.4
7937;14.4
7938;14.4
7939;14.4
7940;14.4
7941;14.4
7942;14.4
7943;14.4
7944;14.4
7945;14.4
7946;14.4
7947;14.4
7948;14.4
7949;14.4
7950;14.4
7951;14.4
7952;14.4
7953;14.4
7954;14.4
7955;14.4
7956;14.4
7957;14.4
7958;14.4
7959;14.4
7960;14.4
7961;14.4
7962;14.4
7963;14.4
7964;14.4
7965;14.4
7966;14.4
7967;14.4
7968;14.4
7969;14.4
7970;14.4
7971;14.4
7972;14.4
7973;14.4
7974;14.4
7975;14.4
7976;14.4
7977;14.4
7978;14.4
7979;14.4
7980;14.4
7981;14.4
7982;14.4
7983;14.4
7984;14.4
7985;14.4
7986;14.4
7987;14.4
7988;14.4
7989;14.4
7990;14.4
7991;14.4
7992;14.2068137
7993;14.0136275
7994;13.8204412
7995;13.6272549
7996;13.2708926
7997;12.9145303
7998;12.5581679
7999;12.2018056
8000;12.1437723
8001;12.085739
8002;12.0277058
8003;11.9696725
8004;13.1930324
8005;14.4
8006;14.4
8007;14.4
8008;14.4
8009;14.4
8010;14.4
8011;14.4
8012;14.4
8013;14.4
8014;14.4
8015;14.4
8016;14.4
8017;14.4
8018;14.4
8019;14.4
8020;14.4
8021;14.4
8022;14.4
8023;14.4
8024;14.4
8025;14.4
8026;14.4
8027;14.4
8028;14.4
8029;14.4
8030;14.4
8031;14.4
8032;14.4
8033;14.4
8034;14.4
8035;14.4
8036;14.4
8037;14.4
8038;14.4
8039;14.4
8040;14.4
8041;14.4
8042;14.4
8043;14.4
8044;14.4
8045;14.4
8046;14.4
8047;14.4
8048;14.4
8049;14.4
8050;14.4
8051;14.4
8052;14.4
8053;14.4
8054;14.4
8055;14.4
8056;14.4
8057;14.4
8058;14.4
8059;14.4
8060;14.4
8061;14.4
8062;14.4
8063;14.4
8064;14.4
8065;14.4
8066;14.4
8067;14.4
8068;14.4
8069;14.4
8070;14.4
8071;14.4
8072;14.4
8073;14.4
8074;14.4
8075;14.4
8076;14.4
8077;14.4
8078;14.4
8079;14.4
8080;14.4
8081;14.4
8082;14.4
8083;14.4
8084;14.4
8085;14.4
8086;14.4
8087;14.4
8088;14.4
8089;14.4
8090;14.4
8091;14.4
8092;14.4
8093;14.4
8094;14.4
8095;14.4
8096;14.4
8097;14.4
8098;14.4
8099;14.4
8100;14.4
8101;14.4
8102;14.4
8103;14.4
8104;14.4
8105;14.4
8106;14.4
8107;14.4
8108;14.4
8109;14.4
8110;14.4
8111;14.4
8112;14.4
8113;14.4
8114;14.4
8115;14.4
8116;14.4
8117;14.4
8118;14.4
8119;14.4
8120;14.4
8121;14.4
8122;14.4
8123;14.4
8124;14.4
8125;14.4
8126;14.4
8127;14.4
8128;14.4
8129;14.4
8130;14.4
8131;14.4
8132;14.4
8133;14.4
8134;14.4
8135;14.4
8136;14.4
8137;14.4
8138;14.4
8139;14.4
8140;14.4
8141;14.4
8142;14.4
8143;14.4
8144;14.4
8145;14.4
8146;14.4
8147;14.4
8148;14.4
8149;14.4
8150;14.4
8151;14.4
8152;14.4
8153;14.4
8154;14.4
8155;14.4
8156;14.4
8157;14.4
8158;14.4
8159;14.4
8160;14.4
8161;14.4
8162;14.4
8163;14.4
8164;14.4
8165;14.4
8166;14.4
8167;14.4
8168;14.4
8169;14.4
8170;14.4
8171;14.4
8172;14.4
8173;14.4
8174;14.4
8175;14.4
8176;14.4
8177;14.4
8178;14.4
8179;14.4
8180;14.4
8181;14.4
8182;14.4
8183;14.4
8184;14.3243458
8185;14.2486917
8186;14.1730375
8187;14.0973834
8188;14.0477589
8189;13.9981344
8190;13.9485099
8191;13.8988854
8192;13.9976066
8193;14.0963279
8194;14.1950492
8195;14.2937704
8196;14.4
8197;14.4
8198;14.4
8199;14.4
8200;14.4
8201;14.4
8202;14.4
8203;14.4
8204;14.4
8205;14.4
8206;14.4
8207;14.4
8208;14.4
8209;14.4
8210;14.4
8211;14.4
8212;14.4
8213;14.4
8214;14.4
8215;14.4
8216;14.4
8217;14.4
8218;14.4
8219;14.4
8220;14.4
8221;14.4
8222;14.4
8223;14.4
8224;14.4
8225;14.4
8226;14.4
8227;14.4
8228;14.4
8229;14.4
8230;14.4
8231;14.4
8232;14.4
8233;14.4
8234;14.4
8235;14.4
8236;14.4
8237;14.4
8238;14.4
8239;14.4
8240;14.4
8241;14.4
8242;14.4
8243;14.4
8244;14.4
8245;14.4
8246;14.4
8247;14.4
8248;14.4
8249;14.4
8250;14.4
8251;14.4
8252;14.4
8253;14.4
8254;14.4
8255;14.4
8256;14.4
8257;14.4
8258;14.4
8259;14.4
8260;14.4
8261;14.4
8262;14.4
8263;14.4
8264;14.4
8265;14.4
8266;14.4
8267;14.4
8268;14.4
8269;14.4
8270;14.4
8271;14.4
8272;14.4
8273;14.4
8274;14.4
8275;14.4
8276;14.4
8277;14.4
8278;14.4
8279;14.4
8280;14.4
8281;14.4
8282;14.4
8283;14.4
8284;14.4
8285;14.4
8286;14.4
8287;14.4
8288;14.4
8289;14.4
8290;14.4
8291;14.4
8292;14.4
8293;14.4
8294;14.4
8295;14.4
8296;14.4
8297;14.4
8298;14.4
8299;14.4
8300;14.4
8301;14.4
8302;14.4
8303;14.4
8304;14.4
8305;14.4
8306;14.4
8307;14.4
8308;14.4
8309;14.4
8310;14.4
8311;14.4
8312;14.4
8313;14.4
8314;14.4
8315;14.4
8316;14.4
8317;14.4
8318;14.4
8319;14.4
8320;14.4
8321;14.4
8322;14.4
8323;14.4
8324;14.4
8325;14.4
8326;14.4
8327;14.4
8328;14.4
8329;14.4
8330;14.4
8331;14.4
8332;14.4
8333;14.4
8334;14.4
8335;14.4
8336;14.4
8337;14.4
8338;14.4
8339;14.4
8340;14.4
8341;14.4
8342;14.4
8343;14.4
8344;14.4
8345;14.4
8346;14.4
8347;14.4
8348;14.4
8349;14.4
8350;14.4
8351;14.4
8352;14.4
8353;14.4
8354;14.4
8355;14.4
8356;14.4
8357;14.4
8358;14.4
8359;14.4
8360;14.4
8361;14.4
8362;14.4
8363;14.4
8364;14.4
8365;14.4
8366;14.4
8367;14.4
8368;14.4
8369;14.4
8370;14.4
8371;14.4
8372;14.4
8373;14.4
8374;14.4
8375;14.4
8376;14.4
8377;14.4
8378;14.4
8379;14.4
8380;14.4
8381;14.4
8382;14.4
8383;14.4
8384;14.4
8385;14.4
8386;14.4
8387;14.4
8388;14.4
8389;14.4
8390;14.4
8391;14.4
8392;14.4
8393;14.4
8394;14.4
8395;14.4
8396;14.4
8397;14.4
8398;14.4
8399;14.4
8400;14.4
8401;14.4
8402;14.4
8403;14.4
8404;14.4
8405;14.4
8406;14.4
8407;14.4
8408;14.4
8409;14.4
8410;14.4
8411;14.4
8412;14.4
8413;14.4
8414;14.4
8415;14.4
8416;14.4
8417;14.4
8418;14.4
8419;14.4
8420;14.4
8421;14.4
8422;14.4
8423;14.4
8424;14.4
8425;14.4
8426;14.4
8427;14.4
8428;14.4
8429;14.4
8430;14.4
8431;14.4
8432;14.4
8433;14.4
8434;14.4
8435;14.4
8436;14.4
8437;14.4
8438;14.4
8439;14.4
8440;14.4
8441;14.4
8442;14.4
8443;14.4
8444;14.4
8445;14.4
8446;14.4
8447;14.4
8448;14.4
8449;14.4
8450;14.4
8451;14.4
8452;14.4
8453;14.4
8454;14.4
8455;14.4
8456;14.4
8457;14.4
8458;14.4
8459;14.4
8460;14.4
8461;14.4
8462;14.4
8463;14.4
8464;14.4
8465;14.4
8466;14.4
8467;14.4
8468;14.4
8469;14.4
8470;14.4
8471;14.4
8472;14.4
8473;14.4
8474;14.4
8475;14.4
8476;14.4
8477;14.4
8478;14.4
8479;14.4
8480;14.4
8481;14.4
8482;14.4
8483;14.4
8484;14.4
8485;14.4
8486;14.4
8487;14.4
8488;14.4
8489;14.4
8490;14.4
8491;14.4
8492;14.4
8493;14.4
8494;14.4
8495;14.4
8496;14.4
8497;14.4
8498;14.4
8499;14.4
8500;14.4
8501;14.4
8502;14.4
8503;14.4
8504;14.4
8505;14.4
8506;14.4
8507;14.4
8508;14.4
8509;14.4
8510;14.4
8511;14.4
8512;14.4
8513;14.4
8514;14.4
8515;14.4
8516;14.4
8517;14.4
8518;14.4
8519;14.4
8520;14.4
8521;14.4
8522;14.4
8523;14.4
8524;14.4
8525;14.4
8526;14.4
8527;14.4
8528;14.4
8529;14.4
8530;14.4
8531;14.4
8532;14.4
8533;14.4
8534;14.4
8535;14.4
8536;14.4
8537;14.4
8538;14.4
8539;14.4
8540;14.4
8541;14.4
8542;14.4
8543;14.4
8544;14.4
8545;14.4
8546;14.4
8547;14.4
8548;14.4
8549;14.4
8550;14.4
8551;14.4
8552;14.4
8553;14.4
8554;14.4
8555;14.4
8556;14.4
8557;14.4
8558;14.4
8559;14.4
8560;14.4
8561;14.4
8562;14.4
8563;14.4
8564;14.4
8565;14.4
8566;14.4
8567;14.4
8568;14.1511674
8569;13.9023348
8570;13.6535021
8571;13.4046695
8572;12.891321
8573;12.3779725
8574;11.864624
8575;11.3512755
8576;10.8791637
8577;10.4070519
8578;9.93494006
8579;9.46282824
8580;9.21869972
8581;8.9745712
8582;8.73044269
8583;8.48631417
8584;9.69973893
8585;10.9131637
8586;12.1265884
8587;13.3400132
8588;14.4
8589;14.4
8590;14.4
8591;14.4
8592;14.4
8593;14.4
8594;14.4
8595;14.4
8596;14.4
8597;14.4
8598;14.4
8599;14.4
8600;14.4
8601;14.4
8602;14.4
8603;14.4
8604;14.4
8605;14.4
8606;14.4
8607;14.4
8608;14.4
8609;14.4
8610;14.4
8611;14.4
8612;14.4
8613;14.4
8614;14.4
8615;14.4
8616;14.4
8617;14.4
8618;14.4
8619;14.4
8620;14.4
8621;14.4
8622;14.4
8623;14.4
8624;14.4
8625;14.4
8626;14.4
8627;14.4
8628;14.4
8629;14.4
8630;14.4
8631;14.4
8632;14.4
8633;14.4
8634;14.4
8635;14.4
8636;14.4
8637;14.4
8638;14.4
8639;14.4
8640;14.4
8641;14.4
8642;14.4
8643;14.4
8644;14.4
8645;14.4
8646;14.4
8647;14.4
8648;14.4
8649;14.4
8650;14.4
8651;14.4
8652;14.4
8653;14.4
8654;14.4
8655;14.4
8656;14.4
8657;14.4
8658;14.4
8659;14.4
8660;14.4
8661;14.4
8662;14.4
8663;14.4
8664;14.4
8665;14.4
8666;14.4
8667;14.4
8668;14.4
8669;14.4
8670;14.4
8671;14.4
8672;14.4
8673;14.4
8674;14.4
8675;14.4
8676;14.4
8677;14.4
8678;14.4
8679;14.4
8680;14.4
8681;14.4
8682;14.4
8683;14.4
8684;14.4
8685;14.4
8686;14.4
8687;14.4
8688;14.4
8689;14.4
8690;14.4
8691;14.4
8692;14.4
8693;14.4
8694;14.4
8695;14.4
8696;14.4
8697;14.4
8698;14.4
8699;14.4
8700;14.4
8701;14.4
8702;14.4
8703;14.4
8704;14.4
8705;14.4
8706;14.4
8707;14.4
8708;14.4
8709;14.4
8710;14.4
8711;14.4
8712;14.4
8713;14.4
8714;14.4
8715;14.4
8716;14.4
8717;14.4
8718;14.4
8719;14.4
8720;14.4
8721;14.4
8722;14.4
8723;14.4
8724;14.4
8725;14.4
8726;14.4
8727;14.4
8728;14.4
8729;14.4
8730;14.4
8731;14.4
8732;14.4
8733;14.4
8734;14.4
8735;14.4
8736;14.4
8737;14.4
8738;14.4
8739;14.4
8740;14.4
8741;14.4
8742;14.4
8743;14.4
8744;14.4
8745;14.4
8746;14.4
8747;14.4
8748;14.4
8749;14.4
8750;14.4
8751;14.4
8752;14.4
8753;14.4
8754;14.4
8755;14.4
8756;14.4
8757;14.4
8758;14.4
8759;14.4
8760;14.3764225
8761;14.3528451
8762;14.3292676
8763;14.3056902
8764;14.05466
8765;13.8036298
8766;13.5525996
8767;13.3015695
8768;13.2583119
8769;13.2150543
8770;13.1717967
8771;13.1285392
8772;13.906121
8773;14.4
8774;14.4
8775;14.4
8776;14.4
8777;14.4
8778;14.4
8779;14.4
8780;14.4
8781;14.4
8782;14.4
8783;14.4
8784;14.4
8785;14.4
8786;14.4
8787;14.4
8788;14.4
8789;14.4
8790;14.4
8791;14.4
8792;14.4
8793;14.4
8794;14.4
8795;14.4
8796;14.4
8797;14.4
8798;14.4
8799;14.4
8800;14.4
8801;14.4
8802;14.4
8803;14.4
8804;14.4
8805;14.4
8806;14.4
8807;14.4
8808;14.4
8809;14.4
8810;14.4
8811;14.4
8812;14.4
8813;14.4
8814;14.4
8815;14.4
8816;14.4
8817;14.4
8818;14.4
8819;14.4
8820;14.4
8821;14.4
8822;14.4
8823;14.4
8824;14.4
8825;14.4
8826;14.4
8827;14.4
8828;14.4
8829;14.4
8830;14.4
8831;14.4
8832;14.4
8833;14.4
8834;14.4
8835;14.4
8836;14.4
8837;14.4
8838;14.4
8839;14.4
8840;14.4
8841;14.4
8842;14.4
8843;14.4
8844;14.4
8845;14.4
8846;14.4
8847;14.4
8848;14.4
8849;14.4
8850;14.4
8851;14.4
8852;14.4
8853;14.4
8854;14.4
8855;14.4
8856;14.4
8857;14.4
8858;14.4
8859;14.4
8860;14.4
8861;14.4
8862;14.4
8863;14.4
8864;14.4
8865;14.4
8866;14.4
8867;14.4
8868;14.4
8869;14.4
8870;14.4
8871;14.4
8872;14.4
8873;14.4
8874;14.4
8875;14.4
8876;14.4
8877;14.4
8878;14.4
8879;14.4
8880;14.4
8881;14.4
8882;14.4
8883;14.4
8884;14.4
8885;14.4
8886;14.4
8887;14.4
8888;14.4
8889;14.4
8890;14.4
8891;14.4
8892;14.4
8893;14.4
8894;14.4
8895;14.4
8896;14.4
8897;14.4
8898;14.4
8899;14.4
8900;14.4
8901;14.4
8902;14.4
8903;14.4
8904;14.4
8905;14.4
8906;14.4
8907;14.4
8908;14.4
8909;14.4
8910;14.4
8911;14.4
8912;14.4
8913;14.4
8914;14.4
8915;14.4
8916;14.4
8917;14.4
8918;14.4
8919;14.4
8920;14.4
8921;14.4
8922;14.4
8923;14.4
8924;14.4
8925;14.4
8926;14.4
8927;14.4
8928;14.4
8929;14.4
8930;14.4
8931;14.4
8932;14.4
8933;14.4
8934;14.4
8935;14.4
8936;14.4
8937;14.4
8938;14.4
8939;14.4
8940;14.4
8941;14.4
8942;14.4
8943;14.4
8944;14.4
8945;14.4
8946;14.4
8947;14.4
8948;14.4
8949;14.4
8950;14.4
8951;14.4
8952;14.4
8953;14.4
8954;14.4
8955;14.4
8956;14.4
8957;14.4
8958;14.4
8959;14.4
8960;14.4
8961;14.4
8962;14.4
8963;14.4
8964;14.4
8965;14.4
8966;14.4
8967;14.4
8968;14.4
8969;14.4
8970;14.4
8971;14.4
8972;14.4
8973;14.4
8974;14.4
8975;14.4
8976;14.4
8977;14.4
8978;14.4
8979;14.4
8980;14.4
8981;14.4
8982;14.4
8983;14.4
8984;14.4
8985;14.4
8986;14.4
8987;14.4
8988;14.4
8989;14.4
8990;14.4
8991;14.4
8992;14.4
8993;14.4
8994;14.4
8995;14.4
8996;14.4
8997;14.4
8998;14.4
8999;14.4
9000;14.4
9001;14.4
9002;14.4
9003;14.4
9004;14.4
9005;14.4
9006;14.4
9007;14.4
9008;14.4
9009;14.4
9010;14.4
9011;14.4
9012;14.4
9013;14.4
9014;14.4
9015;14.4
9016;14.4
9017;14.4
9018;14.4
9019;14.4
9020;14.4
9021;14.4
9022;14.4
9023;14.4
9024;14.4
9025;14.4
9026;14.4
9027;14.4
9028;14.4
9029;14.4
9030;14.4
9031;14.4
9032;14.4
9033;14.4
9034;14.4
9035;14.4
9036;14.4
9037;14.4
9038;14.4
9039;14.4
9040;14.4
9041;14.4
9042;14.4
9043;14.4
9044;14.4
9045;14.4
9046;14.4
9047;14.4
9048;14.4
9049;14.4
9050;14.4
9051;14.4
9052;14.4
9053;14.4
9054;14.4
9055;14.4
9056;14.4
9057;14.4
9058;14.4
9059;14.4
9060;14.4
9061;14.4
9062;14.4
9063;14.4
9064;14.4
9065;14.4
9066;14.4
9067;14.4
9068;14.4
9069;14.4
9070;14.4
9071;14.4
9072;14.4
9073;14.4
9074;14.4
9075;14.4
9076;14.4
9077;14.4
9078;14.4
9079;14.4
9080;14.4
9081;14.4
9082;14.4
9083;14.4
9084;14.4
9085;14.4
9086;14.4
9087;14.4
9088;14.4
9089;14.4
9090;14.4
9091;14.4
9092;14.4
9093;14.4
9094;14.4
9095;14.4
9096;14.4
9097;14.4
9098;14.4
9099;14.4
9100;14.4
9101;14.4
9102;14.4
9103;14.4
9104;14.4
9105;14.4
9106;14.4
9107;14.4
9108;14.4
9109;14.4
9110;14.4
9111;14.4
9112;14.4
9113;14.4
9114;14.4
9115;14.4
9116;14.4
9117;14.4
9118;14.4
9119;14.4
9120;14.4
9121;14.4
9122;14.4
9123;14.4
9124;14.4
9125;14.4
9126;14.4
9127;14.4
9128;14.4
9129;14.4
9130;14.4
9131;14.4
9132;14.4
9133;14.4
9134;14.4
9135;14.4
9136;14.4
9137;14.4
9138;14.4
9139;14.4
9140;14.4
9141;14.4
9142;14.4
9143;14.4
9144;14.3854655
9145;14.3709311
9146;14.3563966
9147;14.3418622
9148;14.1925446
9149;14.043227
9150;13.8939094
9151;13.7445919
9152;13.7552353
9153;13.7658787
9154;13.7765221
9155;13.7871655
9156;14.4
9157;14.4
9158;14.4
9159;14.4
9160;14.4
9161;14.4
9162;14.4
9163;14.4
9164;14.4
9165;14.4
9166;14.4
9167;14.4
9168;14.4
9169;14.4
9170;14.4
9171;14.4
9172;14.4
9173;14.4
9174;14.4
9175;14.4
9176;14.4
9177;14.4
9178;14.4
9179;14.4
9180;14.4
9181;14.4
9182;14.4
9183;14.4
9184;14.4
9185;14.4
9186;14.4
9187;14.4
9188;14.4
9189;14.4
9190;14.4
9191;14.4
9192;14.4
9193;14.4
9194;14.4
9195;14.4
9196;14.4
9197;14.4
9198;14.4
9199;14.4
9200;14.4
9201;14.4
9202;14.4
9203;14.4
9204;14.4
9205;14.4
9206;14.4
9207;14.4
9208;14.4
9209;14.4
9210;14.4
9211;14.4
9212;14.4
9213;14.4
9214;14.4
9215;14.4
9216;14.4
9217;14.4
9218;14.4
9219;14.4
9220;14.4
9221;14.4
9222;14.4
9223;14.4
9224;14.4
9225;14.4
9226;14.4
9227;14.4
9228;14.4
9229;14.4
9230;14.4
9231;14.4
9232;14.4
9233;14.4
9234;14.4
9235;14.4
9236;14.4
9237;14.4
9238;14.4
9239;14.4
9240;14.4
9241;14.4
9242;14.4
9243;14.4
9244;14.4
9245;14.4
9246;14.4
9247;14.4
9248;14.4
9249;14.4
9250;14.4
9251;14.4
9252;14.4
9253;14.4
9254;14.4
9255;14.4
9256;14.4
9257;14.4
9258;14.4
9259;14.4
9260;14.4
9261;14.4
9262;14.4
9263;14.4
9264;14.4
9265;14.4
9266;14.4
9267;14.4
9268;14.4
9269;14.4
9270;14.4
9271;14.4
9272;14.4
9273;14.4
9274;14.4
9275;14.4
9276;14.4
9277;14.4
9278;14.4
9279;14.4
9280;14.4
9281;14.4
9282;14.4
9283;14.4
9284;14.4
9285;14.4
9286;14.4
9287;14.4
9288;14.4
9289;14.4
9290;14.4
9291;14.4
9292;14.4
9293;14.4
9294;14.4
9295;14.4
9296;14.4
9297;14.4
9298;14.4
9299;14.4
9300;14.4
9301;14.4
9302;14.4
9303;14.4
9304;14.4
9305;14.4
9306;14.4
9307;14.4
9308;14.4
9309;14.4
9310;14.4
9311;14.4
9312;14.4
9313;14.4
9314;14.4
9315;14.4
9316;14.4
9317;14.4
9318;14.4
9319;14.4
9320;14.4
9321;14.4
9322;14.4
9323;14.4
9324;14.4
9325;14.4
9326;14.4
9327;14.4
9328;14.4
9329;14.4
9330;14.4
9331;14.4
9332;14.4
9333;14.4
9334;14.4
9335;14.4
9336;14.3450266
9337;14.2900532
9338;14.2350798
9339;14.1801064
9340;13.8864053
9341;13.5927041
9342;13.2990029
9343;13.0053018
9344;13.5938595
9345;14.1824172
9346;14.4
9347;14.4
9348;14.4
9349;14.4
9350;14.4
9351;14.4
9352;14.4
9353;14.4
9354;14.4
9355;14.4
9356;14.4
9357;14.4
9358;14.4
9359;14.4
9360;14.4
9361;14.4
9362;14.4
9363;14.4
9364;14.4
9365;14.4
9366;14.4
9367;14.4
9368;14.4
9369;14.4
9370;14.4
9371;14.4
9372;14.4
9373;14.4
9374;14.4
9375;14.4
9376;14.4
9377;14.4
9378;14.4
9379;14.4
9380;14.4
9381;14.4
9382;14.4
9383;14.4
9384;14.4
9385;14.4
9386;14.4
9387;14.4
9388;14.4
9389;14.4
9390;14.4
9391;14.4
9392;14.4
9393;14.4
9394;14.4
9395;14.4
9396;14.4
9397;14.4
9398;14.4
9399;14.4
9400;14.4
9401;14.4
9402;14.4
9403;14.4
9404;14.4
9405;14.4
9406;14.4
9407;14.4
9408;14.4
9409;14.4
9410;14.4
9411;14.4
9412;14.4
9413;14.4
9414;14.4
9415;14.4
9416;14.4
9417;14.4
9418;14.4
9419;14.4
9420;14.4
9421;14.4
9422;14.4
9423;14.4
9424;14.4
9425;14.4
9426;14.4
9427;14.4
9428;14.4
9429;14.4
9430;14.4
9431;14.4
9432;14.4
9433;14.4
9434;14.4
9435;14.4
9436;14.4
9437;14.4
9438;14.4
9439;14.4
9440;14.4
9441;14.4
9442;14.4
9443;14.4
9444;14.4
9445;14.4
9446;14.4
9447;14.4
9448;14.4
9449;14.4
9450;14.4
9451;14.4
9452;14.4
9453;14.4
9454;14.4
9455;14.4
9456;14.4
9457;14.4
9458;14.4
9459;14.4
9460;14.4
9461;14.4
9462;14.4
9463;14.4
9464;14.4
9465;14.4
9466;14.4
9467;14.4
9468;14.4
9469;14.4
9470;14.4
9471;14.4
9472;14.4
9473;14.4
9474;14.4
9475;14.4
9476;14.4
9477;14.4
9478;14.4
9479;14.4
9480;14.4
9481;14.4
9482;14.4
9483;14.4
9484;14.4
9485;14.4
9486;14.4
9487;14.4
9488;14.4
9489;14.4
9490;14.4
9491;14.4
9492;14.4
9493;14.4
9494;14.4
9495;14.4
9496;14.4
9497;14.4
9498;14.4
9499;14.4
9500;14.4
9501;14.4
9502;14.4
9503;14.4
9504;14.4
9505;14.4
9506;14.4
9507;14.4
9508;14.4
9509;14.4
9510;14.4
9511;14.4
9512;14.4
9513;14.4
9514;14.4
9515;14.4
9516;14.4
9517;14.4
9518;14.4
9519;14.4
9520;14.4
9521;14.4
9522;14.4
9523;14.4
9524;14.4
9525;14.4
9526;14.4
9527;14.4
9528;14.4
9529;14.4
9530;14.4
9531;14.4
9532;14.4
9533;14.4
9534;14.4
9535;14.4
9536;14.4
9537;14.4
9538;14.4
9539;14.4
9540;14.4
9541;14.4
9542;14.4
9543;14.4
9544;14.4
9545;14.4
9546;14.4
9547;14.4
9548;14.4
9549;14.4
9550;14.4
9551;14.4
9552;14.4
9553;14.4
9554;14.4
9555;14.4
9556;14.4
9557;14.4
9558;14.4
9559;14.4
9560;14.4
9561;14.4
9562;14.4
9563;14.4
9564;14.4
9565;14.4
9566;14.4
9567;14.4
9568;14.4
9569;14.4
9570;14.4
9571;14.4
9572;14.4
9573;14.4
9574;14.4
9575;14.4
9576;14.4
9577;14.4
9578;14.4
9579;14.4
9580;14.4
9581;14.4
9582;14.4
9583;14.4
9584;14.4
9585;14.4
9586;14.4
9587;14.4
9588;14.4
9589;14.4
9590;14.4
9591;14.4
9592;14.4
9593;14.4
9594;14.4
9595;14.4
9596;14.4
9597;14.4
9598;14.4
9599;14.4
9600;14.4
9601;14.4
9602;14.4
9603;14.4
9604;14.4
9605;14.4
9606;14.4
9607;14.4
9608;14.4
9609;14.4
9610;14.4
9611;14.4
9612;14.4
9613;14.4
9614;14.4
9615;14.4
9616;14.4
9617;14.4
9618;14.4
9619;14.4
9620;14.4
9621;14.4
9622;14.4
9623;14.4
9624;14.4
9625;14.4
9626;14.4
9627;14.4
9628;14.4
9629;14.4
9630;14.4
9631;14.4
9632;14.4
9633;14.4
9634;14.4
9635;14.4
9636;14.4
9637;14.4
9638;14.4
9639;14.4
9640;14.4
9641;14.4
9642;14.4
9643;14.4
9644;14.4
9645;14.4
9646;14.4
9647;14.4
9648;14.4
9649;14.4
9650;14.4
9651;14.4
9652;14.4
9653;14.4
9654;14.4
9655;14.4
9656;14.4
9657;14.4
9658;14.4
9659;14.4
9660;14.4
9661;14.4
9662;14.4
9663;14.4
9664;14.4
9665;14.4
9666;14.4
9667;14.4
9668;14.4
9669;14.4
9670;14.4
9671;14.4
9672;14.4
9673;14.4
9674;14.4
9675;14.4
9676;14.4
9677;14.4
9678;14.4
9679;14.4
9680;14.4
9681;14.4
9682;14.4
9683;14.4
9684;14.4
9685;14.4
9686;14.4
9687;14.4
9688;14.4
9689;14.4
9690;14.4
9691;14.4
9692;14.4
9693;14.4
9694;14.4
9695;14.4
9696;14.4
9697;14.4
9698;14.4
9699;14.4
9700;14.4
9701;14.4
9702;14.4
9703;14.4
9704;14.4
9705;14.4
9706;14.4
9707;14.4
9708;14.4
9709;14.4
9710;14.4
9711;14.4
9712;14.4
9713;14.4
9714;14.4
9715;14.4
9716;14.4
9717;14.4
9718;14.4
9719;14.4
9720;14.4
9721;14.4
9722;14.4
9723;14.4
9724;14.4
9725;14.4
9726;14.4
9727;14.4
9728;14.4
9729;14.4
9730;14.4
9731;14.4
9732;14.4
9733;14.4
9734;14.4
9735;14.4
9736;14.4
9737;14.4
9738;14.4
9739;14.4
9740;14.4
9741;14.4
9742;14.4
9743;14.4
9744;14.4
9745;14.4
9746;14.4
9747;14.4
9748;14.4
9749;14.4
9750;14.4
9751;14.4
9752;14.4
9753;14.4
9754;14.4
9755;14.4
9756;14.4
9757;14.4
9758;14.4
9759;14.4
9760;14.4
9761;14.4
9762;14.4
9763;14.4
9764;14.4
9765;14.4
9766;14.4
9767;14.4
9768;14.4
9769;14.4
9770;14.4
9771;14.4
9772;14.4
9773;14.4
9774;14.4
9775;14.4
9776;14.4
9777;14.4
9778;14.4
9779;14.4
9780;14.4
9781;14.4
9782;14.4
9783;14.4
9784;14.4
9785;14.4
9786;14.4
9787;14.4
9788;14.4
9789;14.4
9790;14.4
9791;14.4
9792;14.4
9793;14.4
9794;14.4
9795;14.4
9796;14.4
9797;14.4
9798;14.4
9799;14.4
9800;14.4
9801;14.4
9802;14.4
9803;14.4
9804;14.4
9805;14.4
9806;14.4
9807;14.4
9808;14.4
9809;14.4
9810;14.4
9811;14.4
9812;14.4
9813;14.4
9814;14.4
9815;14.4
9816;14.4
9817;14.4
9818;14.4
9819;14.4
9820;14.4
9821;14.4
9822;14.4
9823;14.4
9824;14.4
9825;14.4
9826;14.4
9827;14.4
9828;14.4
9829;14.4
9830;14.4
9831;14.4
9832;14.4
9833;14.4
9834;14.4
9835;14.4
9836;14.4
9837;14.4
9838;14.4
9839;14.4
9840;14.4
9841;14.4
9842;14.4
9843;14.4
9844;14.4
9845;14.4
9846;14.4
9847;14.4
9848;14.4
9849;14.4
9850;14.4
9851;14.4
9852;14.4
9853;14.4
9854;14.4
9855;14.4
9856;14.4
9857;14.4
9858;14.4
9859;14.4
9860;14.4
9861;14.4
9862;14.4
9863;14.4
9864;14.4
9865;14.4
9866;14.4
9867;14.4
9868;14.4
9869;14.4
9870;14.4
9871;14.4
9872;14.4
9873;14.4
9874;14.4
9875;14.4
9876;14.4
9877;14.4
9878;14.4
9879;14.4
9880;14.4
9881;14.4
9882;14.4
9883;14.4
9884;14.4
9885;14.4
9886;14.4
9887;14.4
9888;14.4
9889;14.4
9890;14.4
9891;14.4
9892;14.4
9893;14.4
9894;14.4
9895;14.4
9896;14.4
9897;14.4
9898;14.4
9899;14.4
9900;14.4
9901;14.4
9902;14.4
9903;14.4
9904;14.4
9905;14.4
9906;14.4
9907;14.4
9908;14.4
9909;14.4
9910;14.4
9911;14.4
9912;14.2452556
9913;14.0905113
9914;13.9357669
9915;13.7810226
9916;13.4243961
9917;13.0677696
9918;12.7111432
9919;12.3545167
9920;12.9439555
9921;13.5333943
9922;14.122833
9923;14.4
9924;14.4
9925;14.4
9926;14.4
9927;14.4
9928;14.4
9929;14.4
9930;14.4
9931;14.4
9932;14.4
9933;14.4
9934;14.4
9935;14.4
9936;14.4
9937;14.4
9938;14.4
9939;14.4
9940;14.4
9941;14.4
9942;14.4
9943;14.4
9944;14.4
9945;14.4
9946;14.4
9947;14.4
9948;14.4
9949;14.4
9950;14.4
9951;14.4
9952;14.4
9953;14.4
9954;14.4
9955;14.4
9956;14.4
9957;14.4
9958;14.4
9959;14.4
9960;14.4
9961;14.4
9962;14.4
9963;14.4
9964;14.4
9965;14.4
9966;14.4
9967;14.4
9968;14.4
9969;14.4
9970;14.4
9971;14.4
9972;14.4
9973;14.4
9974;14.4
9975;14.4
9976;14.4
9977;14.4
9978;14.4
9979;14.4
9980;14.4
9981;14.4
9982;14.4
9983;14.4
9984;14.4
9985;14.4
9986;14.4
9987;14.4
9988;14.4
9989;14.4
9990;14.4
9991;14.4
9992;14.4
9993;14.4
9994;14.4
9995;14.4
9996;14.4
9997;14.4
9998;14.4
9999;14.4
10000;14.4
10001;14.4
10002;14.4
10003;14.4
10004;14.4
10005;14.4
10006;14.4
10007;14.4
10008;14.4
10009;14.4
10010;14.4
10011;14.4
10012;14.4
10013;14.4
10014;14.4
10015;14.4
10016;14.4
10017;14.4
10018;14.4
10019;14.4
10020;14.4
10021;14.4
10022;14.4
10023;14.4
10024;14.4
10025;14.4
10026;14.4
10027;14.4
10028;14.4
10029;14.4
10030;14.4
10031;14.4
10032;14.4
10033;14.4
10034;14.4
10035;14.4
10036;14.4
10037;14.4
10038;14.4
10039;14.4
10040;14.4
10041;14.4
10042;14.4
10043;14.4
10044;14.4
10045;14.4
10046;14.4
10047;14.4
10048;14.4
10049;14.4
10050;14.4
10051;14.4
10052;14.4
10053;14.4
10054;14.4
10055;14.4
10056;14.4
10057;14.4
10058;14.4
10059;14.4
10060;14.4
10061;14.4
10062;14.4
10063;14.4
10064;14.4
10065;14.4
10066;14.4
10067;14.4
10068;14.4
10069;14.4
10070;14.4
10071;14.4
10072;14.4
10073;14.4
10074;14.4
10075;14.4
10076;14.4
10077;14.4
10078;14.4
10079;14.4
10080;14.4
10081;14.4
10082;14.4
10083;14.4
10084;14.4
10085;14.4
10086;14.4
10087;14.4
10088;14.4
10089;14.4
10090;14.4
10091;14.4
10092;14.4
10093;14.4
10094;14.4
10095;14.4
10096;14.4
10097;14.4
10098;14.4
10099;14.4
10100;14.4
10101;14.4
10102;14.4
10103;14.4
10104;14.4
10105;14.4
10106;14.4
10107;14.4
10108;14.4
10109;14.4
10110;14.4
10111;14.4
10112;14.4
10113;14.4
10114;14.4
10115;14.4
10116;14.4
10117;14.4
10118;14.4
10119;14.4
10120;14.4
10121;14.4
10122;14.4
10123;14.4
10124;14.4
10125;14.4
10126;14.4
10127;14.4
10128;14.4
10129;14.4
10130;14.4
10131;14.4
10132;14.4
10133;14.4
10134;14.4
10135;14.4
10136;14.4
10137;14.4
10138;14.4
10139;14.4
10140;14.4
10141;14.4
10142;14.4
10143;14.4
10144;14.4
10145;14.4
10146;14.4
10147;14.4
10148;14.4
10149;14.4
10150;14.4
10151;14.4
10152;14.4
10153;14.4
10154;14.4
10155;14.4
10156;14.4
10157;14.4
10158;14.4
10159;14.4
10160;14.4
10161;14.4
10162;14.4
10163;14.4
10164;14.4
10165;14.4
10166;14.4
10167;14.4
10168;14.4
10169;14.4
10170;14.4
10171;14.4
10172;14.4
10173;14.4
10174;14.4
10175;14.4
10176;14.4
10177;14.4
10178;14.4
10179;14.4
10180;14.4
10181;14.4
10182;14.4
10183;14.4
10184;14.4
10185;14.4
10186;14.4
10187;14.4
10188;14.4
10189;14.4
10190;14.4
10191;14.4
10192;14.4
10193;14.4
10194;14.4
10195;14.4
10196;14.4
10197;14.4
10198;14.4
10199;14.4
10200;14.4
10201;14.4
10202;14.4
10203;14.4
10204;14.4
10205;14.4
10206;14.4
10207;14.4
10208;14.4
10209;14.4
10210;14.4
10211;14.4
10212;14.4
10213;14.4
10214;14.4
10215;14.4
10216;14.4
10217;14.4
10218;14.4
10219;14.4
10220;14.4
10221;14.4
10222;14.4
10223;14.4
10224;14.4
10225;14.4
10226;14.4
10227;14.4
10228;14.4
10229;14.4
10230;14.4
10231;14.4
10232;14.4
10233;14.4
10234;14.4
10235;14.4
10236;14.4
10237;14.4
10238;14.4
10239;14.4
10240;14.4
10241;14.4
10242;14.4
10243;14.4
10244;14.4
10245;14.4
10246;14.4
10247;14.4
10248;14.4
10249;14.4
10250;14.4
10251;14.4
10252;14.4
10253;14.4
10254;14.4
10255;14.4
10256;14.4
10257;14.4
10258;14.4
10259;14.4
10260;14.4
10261;14.4
10262;14.4
10263;14.4
10264;14.4
10265;14.4
10266;14.4
10267;14.4
10268;14.4
10269;14.4
10270;14.4
10271;14.4
10272;14.4
10273;14.4
10274;14.4
10275;14.4
10276;14.4
10277;14.4
10278;14.4
10279;14.4
10280;14.4
10281;14.4
10282;14.4
10283;14.4
10284;14.4
10285;14.4
10286;14.4
10287;14.4
10288;14.4
10289;14.4
10290;14.4
10291;14.4
10292;14.4
10293;14.4
10294;14.4
10295;14.4
10296;14.4
10297;14.4
10298;14.4
10299;14.4
10300;14.4
10301;14.4
10302;14.4
10303;14.4
10304;14.4
10305;14.4
10306;14.4
10307;14.4
10308;14.4
10309;14.4
10310;14.4
10311;14.4
10312;14.4
10313;14.4
10314;14.4
10315;14.4
10316;14.4
10317;14.4
10318;14.4
10319;14.4
10320;14.4
10321;14.4
10322;14.4
10323;14.4
10324;14.4
10325;14.4
10326;14.4
10327;14.4
10328;14.4
10329;14.4
10330;14.4
10331;14.4
10332;14.4
10333;14.4
10334;14.4
10335;14.4
10336;14.4
10337;14.4
10338;14.4
10339;14.4
10340;14.4
10341;14.4
10342;14.4
10343;14.4
10344;14.4
10345;14.4
10346;14.4
10347;14.4
10348;14.4
10349;14.4
10350;14.4
10351;14.4
10352;14.4
10353;14.4
10354;14.4
10355;14.4
10356;14.4
10357;14.4
10358;14.4
10359;14.4
10360;14.4
10361;14.4
10362;14.4
10363;14.4
10364;14.4
10365;14.4
10366;14.4
10367;14.4
10368;14.4
10369;14.4
10370;14.4
10371;14.4
10372;14.4
10373;14.4
10374;14.4
10375;14.4
10376;14.4
10377;14.4
10378;14.4
10379;14.4
10380;14.4
10381;14.4
10382;14.4
10383;14.4
10384;14.4
10385;14.4
10386;14.4
10387;14.4
10388;14.4
10389;14.4
10390;14.4
10391;14.4
10392;14.4
10393;14.4
10394;14.4
10395;14.4
10396;14.4
10397;14.4
10398;14.4
10399;14.4
10400;14.4
10401;14.4
10402;14.4
10403;14.4
10404;14.4
10405;14.4
10406;14.4
10407;14.4
10408;14.4
10409;14.4
10410;14.4
10411;14.4
10412;14.4
10413;14.4
10414;14.4
10415;14.4
10416;14.4
10417;14.4
10418;14.4
10419;14.4
10420;14.4
10421;14.4
10422;14.4
10423;14.4
10424;14.4
10425;14.4
10426;14.4
10427;14.4
10428;14.4
10429;14.4
10430;14.4
10431;14.4
10432;14.4
10433;14.4
10434;14.4
10435;14.4
10436;14.4
10437;14.4
10438;14.4
10439;14.4
10440;14.4
10441;14.4
10442;14.4
10443;14.4
10444;14.4
10445;14.4
10446;14.4
10447;14.4
10448;14.4
10449;14.4
10450;14.4
10451;14.4
10452;14.4
10453;14.4
10454;14.4
10455;14.4
10456;14.4
10457;14.4
10458;14.4
10459;14.4
10460;14.4
10461;14.4
10462;14.4
10463;14.4
10464;14.4
10465;14.4
10466;14.4
10467;14.4
10468;14.4
10469;14.4
10470;14.4
10471;14.4
10472;14.4
10473;14.4
10474;14.4
10475;14.4
10476;14.4
10477;14.4
10478;14.4
10479;14.4
10480;14.4
10481;14.4
10482;14.4
10483;14.4
10484;14.4
10485;14.4
10486;14.4
10487;14.4
10488;14.4
10489;14.4
10490;14.4
10491;14.4
10492;14.4
10493;14.4
10494;14.4
10495;14.4
10496;14.4
10497;14.4
10498;14.4
10499;14.4
10500;14.4
10501;14.4
10502;14.4
10503;14.4
10504;14.4
10505;14.4
10506;14.4
10507;14.4
10508;14.4
10509;14.4
10510;14.4
10511;14.4
10512;14.4
10513;14.4
10514;14.4
10515;14.4
10516;14.4
10517;14.4
10518;14.4
10519;14.4
10520;14.4
10521;14.4
10522;14.4
10523;14.4
10524;14.4
10525;14.4
10526;14.4
10527;14.4
10528;14.4
10529;14.4
10530;14.4
10531;14.4
10532;14.4
10533;14.4
10534;14.4
10535;14.4
10536;14.4
10537;14.4
10538;14.4
10539;14.4
10540;14.4
10541;14.4
10542;14.4
10543;14.4
10544;14.4
10545;14.4
10546;14.4
10547;14.4
10548;14.4
10549;14.4
10550;14.4
10551;14.4
10552;14.4
10553;14.4
10554;14.4
10555;14.4
10556;14.4
10557;14.4
10558;14.4
10559;14.4
10560;14.4
10561;14.4
10562;14.4
10563;14.4
10564;14.4
10565;14.4
10566;14.4
10567;14.4
10568;14.4
10569;14.4
10570;14.4
10571;14.4
10572;14.4
10573;14.4
10574;14.4
10575;14.4
10576;14.4
10577;14.4
10578;14.4
10579;14.4
10580;14.4
10581;14.4
10582;14.4
10583;14.4
10584;14.4
10585;14.4
10586;14.4
10587;14.4
10588;14.4
10589;14.4
10590;14.4
10591;14.4
10592;14.4
10593;14.4
10594;14.4
10595;14.4
10596;14.4
10597;14.4
10598;14.4
10599;14.4
10600;14.4
10601;14.4
10602;14.4
10603;14.4
10604;14.4
10605;14.4
10606;14.4
10607;14.4
10608;14.4
10609;14.4
10610;14.4
10611;14.4
10612;14.4
10613;14.4
10614;14.4
10615;14.4
10616;14.4
10617;14.4
10618;14.4
10619;14.4
10620;14.4
10621;14.4
10622;14.4
10623;14.4
10624;14.4
10625;14.4
10626;14.4
10627;14.4
10628;14.4
10629;14.4
10630;14.4
10631;14.4
10632;14.4
10633;14.4
10634;14.4
10635;14.4
10636;14.4
10637;14.4
10638;14.4
10639;14.4
10640;14.4
10641;14.4
10642;14.4
10643;14.4
10644;14.4
10645;14.4
10646;14.4
10647;14.4
10648;14.4
10649;14.4
10650;14.4
10651;14.4
10652;14.4
10653;14.4
10654;14.4
10655;14.4
10656;14.4
10657;14.4
10658;14.4
10659;14.4
10660;14.4
10661;14.4
10662;14.4
10663;14.4
10664;14.4
10665;14.4
10666;14.4
10667;14.4
10668;14.4
10669;14.4
10670;14.4
10671;14.4
10672;14.4
10673;14.4
10674;14.4
10675;14.4
10676;14.4
10677;14.4
10678;14.4
10679;14.4
10680;14.4
10681;14.4
10682;14.4
10683;14.4
10684;14.4
10685;14.4
10686;14.4
10687;14.4
10688;14.4
10689;14.4
10690;14.4
10691;14.4
10692;14.4
10693;14.4
10694;14.4
10695;14.4
10696;14.4
10697;14.4
10698;14.4
10699;14.4
10700;14.4
10701;14.4
10702;14.4
10703;14.4
10704;14.4
10705;14.4
10706;14.4
10707;14.4
10708;14.4
10709;14.4
10710;14.4
10711;14.4
10712;14.4
10713;14.4
10714;14.4
10715;14.4
10716;14.4
10717;14.4
10718;14.4
10719;14.4
10720;14.4
10721;14.4
10722;14.4
10723;14.4
10724;14.4
10725;14.4
10726;14.4
10727;14.4
10728;14.4
10729;14.4
10730;14.4
10731;14.4
10732;14.4
10733;14.4
10734;14.4
10735;14.4
10736;14.4
10737;14.4
10738;14.4
10739;14.4
10740;14.4
10741;14.4
10742;14.4
10743;14.4
10744;14.4
10745;14.4
10746;14.4
10747;14.4
10748;14.4
10749;14.4
10750;14.4
10751;14.4
10752;14.4
10753;14.4
10754;14.4
10755;14.4
10756;14.4
10757;14.4
10758;14.4
10759;14.4
10760;14.4
10761;14.4
10762;14.4
10763;14.4
10764;14.4
10765;14.4
10766;14.4
10767;14.4
10768;14.4
10769;14.4
10770;14.4
10771;14.4
10772;14.4
10773;14.4
10774;14.4
10775;14.4
10776;14.4
10777;14.4
10778;14.4
10779;14.4
10780;14.4
10781;14.4
10782;14.4
10783;14.4
10784;14.4
10785;14.4
10786;14.4
10787;14.4
10788;14.4
10789;14.4
10790;14.4
10791;14.4
10792;14.4
10793;14.4
10794;14.4
10795;14.4
10796;14.4
10797;14.4
10798;14.4
10799;14.4
10800;14.4
10801;14.4
10802;14.4
10803;14.4
10804;14.4
10805;14.4
10806;14.4
10807;14.4
10808;14.4
10809;14.4
10810;14.4
10811;14.4
10812;14.4
10813;14.4
10814;14.4
10815;14.4
10816;14.4
10817;14.4
10818;14.4
10819;14.4
10820;14.4
10821;14.4
10822;14.4
10823;14.4
10824;14.4
10825;14.4
10826;14.4
10827;14.4
10828;14.4
10829;14.4
10830;14.4
10831;14.4
10832;14.4
10833;14.4
10834;14.4
10835;14.4
10836;14.4
10837;14.4
10838;14.4
10839;14.4
10840;14.4
10841;14.4
10842;14.4
10843;14.4
10844;14.4
10845;14.4
10846;14.4
10847;14.4
10848;14.4
10849;14.4
10850;14.4
10851;14.4
10852;14.4
10853;14.4
10854;14.4
10855;14.4
10856;14.4
10857;14.4
10858;14.4
10859;14.4
10860;14.4
10861;14.4
10862;14.4
10863;14.4
10864;14.4
10865;14.4
10866;14.4
10867;14.4
10868;14.4
10869;14.4
10870;14.4
10871;14.4
10872;14.4
10873;14.4
10874;14.4
10875;14.4
10876;14.4
10877;14.4
10878;14.4
10879;14.4
10880;14.4
10881;14.4
10882;14.4
10883;14.4
10884;14.4
10885;14.4
10886;14.4
10887;14.4
10888;14.4
10889;14.4
10890;14.4
10891;14.4
10892;14.4
10893;14.4
10894;14.4
10895;14.4
10896;14.4
10897;14.4
10898;14.4
10899;14.4
10900;14.4
10901;14.4
10902;14.4
10903;14.4
10904;14.4
10905;14.4
10906;14.4
10907;14.4
10908;14.4
10909;14.4
10910;14.4
10911;14.4
10912;14.4
10913;14.4
10914;14.4
10915;14.4
10916;14.4
10917;14.4
10918;14.4
10919;14.4
10920;14.4
10921;14.4
10922;14.4
10923;14.4
10924;14.4
10925;14.4
10926;14.4
10927;14.4
10928;14.4
10929;14.4
10930;14.4
10931;14.4
10932;14.4
10933;14.4
10934;14.4
10935;14.4
10936;14.4
10937;14.4
10938;14.4
10939;14.4
10940;14.4
10941;14.4
10942;14.4
10943;14.4
10944;14.4
10945;14.4
10946;14.4
10947;14.4
10948;14.4
10949;14.4
10950;14.4
10951;14.4
10952;14.4
10953;14.4
10954;14.4
10955;14.4
10956;14.4
10957;14.4
10958;14.4
10959;14.4
10960;14.4
10961;14.4
10962;14.4
10963;14.4
10964;14.4
10965;14.4
10966;14.4
10967;14.4
10968;14.4
10969;14.4
10970;14.4
10971;14.4
10972;14.4
10973;14.4
10974;14.4
10975;14.4
10976;14.4
10977;14.4
10978;14.4
10979;14.4
10980;14.4
10981;14.4
10982;14.4
10983;14.4
10984;14.4
10985;14.4
10986;14.4
10987;14.4
10988;14.4
10989;14.4
10990;14.4
10991;14.4
10992;14.4
10993;14.4
10994;14.4
10995;14.4
10996;14.4
10997;14.4
10998;14.4
10999;14.4
11000;14.4
11001;14.4
11002;14.4
11003;14.4
11004;14.4
11005;14.4
11006;14.4
11007;14.4
11008;14.4
11009;14.4
11010;14.4
11011;14.4
11012;14.4
11013;14.4
11014;14.4
11015;14.4
11016;14.4
11017;14.4
11018;14.4
11019;14.4
11020;14.4
11021;14.4
11022;14.4
11023;14.4
11024;14.4
11025;14.4
11026;14.4
11027;14.4
11028;14.4
11029;14.4
11030;14.4
11031;14.4
11032;14.4
11033;14.4
11034;14.4
11035;14.4
11036;14.4
11037;14.4
11038;14.4
11039;14.4
11040;14.4
11041;14.4
11042;14.4
11043;14.4
11044;14.4
11045;14.4
11046;14.4
11047;14.4
11048;14.4
11049;14.4
11050;14.4
11051;14.4
11052;14.4
11053;14.4
11054;14.4
11055;14.4
11056;14.4
11057;14.4
11058;14.4
11059;14.4
11060;14.4
11061;14.4
11062;14.4
11063;14.4
11064;14.4
11065;14.4
11066;14.4
11067;14.4
11068;14.4
11069;14.4
11070;14.4
11071;14.4
11072;14.4
11073;14.4
11074;14.4
11075;14.4
11076;14.4
11077;14.4
11078;14.4
11079;14.4
11080;14.4
11081;14.4
11082;14.4
11083;14.4
11084;14.4
11085;14.4
11086;14.4
11087;14.4
11088;14.4
11089;14.4
11090;14.4
11091;14.4
11092;14.4
11093;14.4
11094;14.4
11095;14.4
11096;14.4
11097;14.4
11098;14.4
11099;14.4
11100;14.4
11101;14.4
11102;14.4
11103;14.4
11104;14.4
11105;14.4
11106;14.4
11107;14.4
11108;14.4
11109;14.4
11110;14.4
11111;14.4
11112;14.4
11113;14.4
11114;14.4
11115;14.4
11116;14.4
11117;14.4
11118;14.4
11119;14.4
11120;14.4
11121;14.4
11122;14.4
11123;14.4
11124;14.4
11125;14.4
11126;14.4
11127;14.4
11128;14.4
11129;14.4
11130;14.4
11131;14.4
11132;14.4
11133;14.4
11134;14.4
11135;14.4
11136;14.4
11137;14.4
11138;14.4
11139;14.4
11140;14.4
11141;14.4
11142;14.4
11143;14.4
11144;14.4
11145;14.4
11146;14.4
11147;14.4
11148;14.4
11149;14.4
11150;14.4
11151;14.4
11152;14.4
11153;14.4
11154;14.4
11155;14.4
11156;14.4
11157;14.4
11158;14.4
11159;14.4
11160;14.4
11161;14.4
11162;14.4
11163;14.4
11164;14.4
11165;14.4
11166;14.4
11167;14.4
11168;14.4
11169;14.4
11170;14.4
11171;14.4
11172;14.4
11173;14.4
11174;14.4
11175;14.4
11176;14.4
11177;14.4
11178;14.4
11179;14.4
11180;14.4
11181;14.4
11182;14.4
11183;14.4
11184;14.4
11185;14.4
11186;14.4
11187;14.4
11188;14.4
11189;14.4
11190;14.4
11191;14.4
11192;14.4
11193;14.4
11194;14.4
11195;14.4
11196;14.4
11197;14.4
11198;14.4
11199;14.4
11200;14.4
11201;14.4
11202;14.4
11203;14.4
11204;14.4
11205;14.4
11206;14.4
11207;14.4
11208;14.4
11209;14.4
11210;14.4
11211;14.4
11212;14.4
11213;14.4
11214;14.4
11215;14.4
11216;14.4
11217;14.4
11218;14.4
11219;14.4
11220;14.4
11221;14.4
11222;14.4
11223;14.4
11224;14.4
11225;14.4
11226;14.4
11227;14.4
11228;14.4
11229;14.4
11230;14.4
11231;14.4
11232;14.4
11233;14.4
11234;14.4
11235;14.4
11236;14.4
11237;14.4
11238;14.4
11239;14.4
11240;14.4
11241;14.4
11242;14.4
11243;14.4
11244;14.4
11245;14.4
11246;14.4
11247;14.4
11248;14.4
11249;14.4
11250;14.4
11251;14.4
11252;14.4
11253;14.4
11254;14.4
11255;14.4
11256;14.4
11257;14.4
11258;14.4
11259;14.4
11260;14.4
11261;14.4
11262;14.4
11263;14.4
11264;14.4
11265;14.4
11266;14.4
11267;14.4
11268;14.4
11269;14.4
11270;14.4
11271;14.4
11272;14.4
11273;14.4
11274;14.4
11275;14.4
11276;14.4
11277;14.4
11278;14.4
11279;14.4
11280;14.4
11281;14.4
11282;14.4
11283;14.4
11284;14.4
11285;14.4
11286;14.4
11287;14.4
11288;14.4
11289;14.4
11290;14.4
11291;14.4
11292;14.4
11293;14.4
11294;14.4
11295;14.4
11296;14.4
11297;14.4
11298;14.4
11299;14.4
11300;14.4
11301;14.4
11302;14.4
11303;14.4
11304;14.4
11305;14.4
11306;14.4
11307;14.4
11308;14.4
11309;14.4
11310;14.4
11311;14.4
11312;14.4
11313;14.4
11314;14.4
11315;14.4
11316;14.4
11317;14.4
11318;14.4
11319;14.4
11320;14.4
11321;14.4
11322;14.4
11323;14.4
11324;14.4
11325;14.4
11326;14.4
11327;14.4
11328;14.4
11329;14.4
11330;14.4
11331;14.4
11332;14.4
11333;14.4
11334;14.4
11335;14.4
11336;14.4
11337;14.4
11338;14.4
11339;14.4
11340;14.4
11341;14.4
11342;14.4
11343;14.4
11344;14.4
11345;14.4
11346;14.4
11347;14.4
11348;14.4
11349;14.4
11350;14.4
11351;14.4
11352;14.4
11353;14.4
11354;14.4
11355;14.4
11356;14.4
11357;14.4
11358;14.4
11359;14.4
11360;14.4
11361;14.4
11362;14.4
11363;14.4
11364;14.4
11365;14.4
11366;14.4
11367;14.4
11368;14.4
11369;14.4
11370;14.4
11371;14.4
11372;14.4
11373;14.4
11374;14.4
11375;14.4
11376;14.4
11377;14.4
11378;14.4
11379;14.4
11380;14.4
11381;14.4
11382;14.4
11383;14.4
11384;14.4
11385;14.4
11386;14.4
11387;14.4
11388;14.4
11389;14.4
11390;14.4
11391;14.4
11392;14.4
11393;14.4
11394;14.4
11395;14.4
11396;14.4
11397;14.4
11398;14.4
11399;14.4
11400;14.4
11401;14.4
11402;14.4
11403;14.4
11404;14.4
11405;14.4
11406;14.4
11407;14.4
11408;14.4
11409;14.4
11410;14.4
11411;14.4
11412;14.4
11413;14.4
11414;14.4
11415;14.4
11416;14.4
11417;14.4
11418;14.4
11419;14.4
11420;14.4
11421;14.4
11422;14.4
11423;14.4
11424;14.4
11425;14.4
11426;14.4
11427;14.4
11428;14.4
11429;14.4
11430;14.4
11431;14.4
11432;14.4
11433;14.4
11434;14.4
11435;14.4
11436;14.4
11437;14.4
11438;14.4
11439;14.4
11440;14.4
11441;14.4
11442;14.4
11443;14.4
11444;14.4
11445;14.4
11446;14.4
11447;14.4
11448;14.4
11449;14.4
11450;14.4
11451;14.4
11452;14.4
11453;14.4
11454;14.4
11455;14.4
11456;14.4
11457;14.4
11458;14.4
11459;14.4
11460;14.4
11461;14.4
11462;14.4
11463;14.4
11464;14.4
11465;14.4
11466;14.4
11467;14.4
11468;14.4
11469;14.4
11470;14.4
11471;14.4
11472;14.4
11473;14.4
11474;14.4
11475;14.4
11476;14.4
11477;14.4
11478;14.4
11479;14.4
11480;14.4
11481;14.4
11482;14.4
11483;14.4
11484;14.4
11485;14.4
11486;14.4
11487;14.4
11488;14.4
11489;14.4
11490;14.4
11491;14.4
11492;14.4
11493;14.4
11494;14.4
11495;14.4
11496;14.4
11497;14.4
11498;14.4
11499;14.4
11500;14.4
11501;14.4
11502;14.4
11503;14.4
11504;14.4
11505;14.4
11506;14.4
11507;14.4
11508;14.4
11509;14.4
11510;14.4
11511;14.4
11512;14.4
11513;14.4
11514;14.4
11515;14.4
11516;14.4
11517;14.4
11518;14.4
11519;14.4
11520;14.4
11521;14.4
11522;14.4
11523;14.4
11524;14.4
11525;14.4
11526;14.4
11527;14.4
11528;14.4
11529;14.4
11530;14.4
11531;14.4
11532;14.4
11533;14.4
11534;14.4
11535;14.4
11536;14.4
11537;14.4
11538;14.4
11539;14.4
11540;14.4
11541;14.4
11542;14.4
11543;14.4
11544;14.4
11545;14.4
11546;14.4
11547;14.4
11548;14.4
11549;14.4
11550;14.4
11551;14.4
11552;14.4
11553;14.4
11554;14.4
11555;14.4
11556;14.4
11557;14.4
11558;14.4
11559;14.4
11560;14.4
11561;14.4
11562;14.4
11563;14.4
11564;14.4
11565;14.4
11566;14.4
11567;14.4
11568;14.4
11569;14.4
11570;14.4
11571;14.4
11572;14.4
11573;14.4
11574;14.4
11575;14.4
11576;14.4
11577;14.4
11578;14.4
11579;14.4
11580;14.4
11581;14.4
11582;14.4
11583;14.4
11584;14.4
11585;14.4
11586;14.4
11587;14.4
11588;14.4
11589;14.4
11590;14.4
11591;14.4
11592;14.4
11593;14.4
11594;14.4
11595;14.4
11596;14.4
11597;14.4
11598;14.4
11599;14.4
11600;14.4
11601;14.4
11602;14.4
11603;14.4
11604;14.4
11605;14.4
11606;14.4
11607;14.4
11608;14.4
11609;14.4
11610;14.4
11611;14.4
11612;14.4
11613;14.4
11614;14.4
11615;14.4
11616;14.4
11617;14.4
11618;14.4
11619;14.4
11620;14.4
11621;14.4
11622;14.4
11623;14.4
11624;14.4
11625;14.4
11626;14.4
11627;14.4
11628;14.4
11629;14.4
11630;14.4
11631;14.4
11632;14.4
11633;14.4
11634;14.4
11635;14.4
11636;14.4
11637;14.4
11638;14.4
11639;14.4
11640;14.4
11641;14.4
11642;14.4
11643;14.4
11644;14.4
11645;14.4
11646;14.4
11647;14.4
11648;14.4
11649;14.4
11650;14.4
11651;14.4
11652;14.4
11653;14.4
11654;14.4
11655;14.4
11656;14.4
11657;14.4
11658;14.4
11659;14.4
11660;14.4
11661;14.4
11662;14.4
11663;14.4
11664;14.4
11665;14.4
11666;14.4
11667;14.4
11668;14.4
11669;14.4
11670;14.4
11671;14.4
11672;14.4
11673;14.4
11674;14.4
11675;14.4
11676;14.4
11677;14.4
11678;14.4
11679;14.4
11680;14.4
11681;14.4
11682;14.4
11683;14.4
11684;14.4
11685;14.4
11686;14.4
11687;14.4
11688;14.4
11689;14.4
11690;14.4
11691;14.4
11692;14.4
11693;14.4
11694;14.4
11695;14.4
11696;14.4
11697;14.4
11698;14.4
11699;14.4
11700;14.4
11701;14.4
11702;14.4
11703;14.4
11704;14.4
11705;14.4
11706;14.4
11707;14.4
11708;14.4
11709;14.4
11710;14.4
11711;14.4
11712;14.4
11713;14.4
11714;14.4
11715;14.4
11716;14.4
11717;14.4
11718;14.4
11719;14.4
11720;14.4
11721;14.4
11722;14.4
11723;14.4
11724;14.4
11725;14.4
11726;14.4
11727;14.4
11728;14.4
11729;14.4
11730;14.4
11731;14.4
11732;14.4
11733;14.4
11734;14.4
11735;14.4
11736;14.4
11737;14.4
11738;14.4
11739;14.4
11740;14.4
11741;14.4
11742;14.4
11743;14.4
11744;14.4
11745;14.4
11746;14.4
11747;14.4
11748;14.4
11749;14.4
11750;14.4
11751;14.4
11752;14.4
11753;14.4
11754;14.4
11755;14.4
11756;14.4
11757;14.4
11758;14.4
11759;14.4
11760;14.4
11761;14.4
11762;14.4
11763;14.4
11764;14.4
11765;14.4
11766;14.4
11767;14.4
11768;14.4
11769;14.4
11770;14.4
11771;14.4
11772;14.4
11773;14.4
11774;14.4
11775;14.4
11776;14.4
11777;14.4
11778;14.4
11779;14.4
11780;14.4
11781;14.4
11782;14.4
11783;14.4
11784;14.4
11785;14.4
11786;14.4
11787;14.4
11788;14.4
11789;14.4
11790;14.4
11791;14.4
11792;14.4
11793;14.4
11794;14.4
11795;14.4
11796;14.4
11797;14.4
11798;14.4
11799;14.4
11800;14.4
11801;14.4
11802;14.4
11803;14.4
11804;14.4
11805;14.4
11806;14.4
11807;14.4
11808;14.4
11809;14.4
11810;14.4
11811;14.4
11812;14.4
11813;14.4
11814;14.4
11815;14.4
11816;14.4
11817;14.4
11818;14.4
11819;14.4
11820;14.4
11821;14.4
11822;14.4
11823;14.4
11824;14.4
11825;14.4
11826;14.4
11827;14.4
11828;14.4
11829;14.4
11830;14.4
11831;14.4
11832;14.3892634
11833;14.3785267
11834;14.3677901
11835;14.3570535
11836;14.4
11837;14.4
11838;14.4
11839;14.4
11840;14.4
11841;14.4
11842;14.4
11843;14.4
11844;14.4
11845;14.4
11846;14.4
11847;14.4
11848;14.4
11849;14.4
11850;14.4
11851;14.4
11852;14.4
11853;14.4
11854;14.4
11855;14.4
11856;14.4
11857;14.4
11858;14.4
11859;14.4
11860;14.4
11861;14.4
11862;14.4
11863;14.4
11864;14.4
11865;14.4
11866;14.4
11867;14.4
11868;14.4
11869;14.4
11870;14.4
11871;14.4
11872;14.4
11873;14.4
11874;14.4
11875;14.4
11876;14.4
11877;14.4
11878;14.4
11879;14.4
11880;14.4
11881;14.4
11882;14.4
11883;14.4
11884;14.4
11885;14.4
11886;14.4
11887;14.4
11888;14.4
11889;14.4
11890;14.4
11891;14.4
11892;14.4
11893;14.4
11894;14.4
11895;14.4
11896;14.4
11897;14.4
11898;14.4
11899;14.4
11900;14.4
11901;14.4
11902;14.4
11903;14.4
11904;14.4
11905;14.4
11906;14.4
11907;14.4
11908;14.4
11909;14.4
11910;14.4
11911;14.4
11912;14.4
11913;14.4
11914;14.4
11915;14.4
11916;14.4
11917;14.4
11918;14.4
11919;14.4
11920;14.4
11921;14.4
11922;14.4
11923;14.4
11924;14.4
11925;14.4
11926;14.4
11927;14.4
11928;14.4
11929;14.4
11930;14.4
11931;14.4
11932;14.4
11933;14.4
11934;14.4
11935;14.4
11936;14.4
11937;14.4
11938;14.4
11939;14.4
11940;14.4
11941;14.4
11942;14.4
11943;14.4
11944;14.4
11945;14.4
11946;14.4
11947;14.4
11948;14.4
11949;14.4
11950;14.4
11951;14.4
11952;14.4
11953;14.4
11954;14.4
11955;14.4
11956;14.4
11957;14.4
11958;14.4
11959;14.4
11960;14.4
11961;14.4
11962;14.4
11963;14.4
11964;14.4
11965;14.4
11966;14.4
11967;14.4
11968;14.4
11969;14.4
11970;14.4
11971;14.4
11972;14.4
11973;14.4
11974;14.4
11975;14.4
11976;14.4
11977;14.4
11978;14.4
11979;14.4
11980;14.4
11981;14.4
11982;14.4
11983;14.4
11984;14.4
11985;14.4
11986;14.4
11987;14.4
11988;14.4
11989;14.4
11990;14.4
11991;14.4
11992;14.4
11993;14.4
11994;14.4
11995;14.4
11996;14.4
11997;14.4
11998;14.4
11999;14.4
12000;14.4
12001;14.4
12002;14.4
12003;14.4
12004;14.4
12005;14.4
12006;14.4
12007;14.4
12008;14.4
12009;14.4
12010;14.4
12011;14.4
12012;14.4
12013;14.4
12014;14.4
12015;14.4
12016;14.4
12017;14.4
12018;14.4
12019;14.4
12020;14.4
12021;14.4
12022;14.4
12023;14.4
12024;14.3474806
12025;14.2949611
12026;14.2424417
12027;14.1899222
12028;14.3135797
12029;14.4
12030;14.4
12031;14.4
12032;14.4
12033;14.4
12034;14.4
12035;14.4
12036;14.4
12037;14.4
12038;14.4
12039;14.4
12040;14.4
12041;14.4
12042;14.4
12043;14.4
12044;14.4
12045;14.4
12046;14.4
12047;14.4
12048;14.4
12049;14.4
12050;14.4
12051;14.4
12052;14.4
12053;14.4
12054;14.4
12055;14.4
12056;14.4
12057;14.4
12058;14.4
12059;14.4
12060;14.4
12061;14.4
12062;14.4
12063;14.4
12064;14.4
12065;14.4
12066;14.4
12067;14.4
12068;14.4
12069;14.4
12070;14.4
12071;14.4
12072;14.4
12073;14.4
12074;14.4
12075;14.4
12076;14.4
12077;14.4
12078;14.4
12079;14.4
12080;14.4
12081;14.4
12082;14.4
12083;14.4
12084;14.4
12085;14.4
12086;14.4
12087;14.4
12088;14.4
12089;14.4
12090;14.4
12091;14.4
12092;14.4
12093;14.4
12094;14.4
12095;14.4
12096;14.4
12097;14.4
12098;14.4
12099;14.4
12100;14.4
12101;14.4
12102;14.4
12103;14.4
12104;14.4
12105;14.4
12106;14.4
12107;14.4
12108;14.4
12109;14.4
12110;14.4
12111;14.4
12112;14.4
12113;14.4
12114;14.4
12115;14.4
12116;14.4
12117;14.4
12118;14.4
12119;14.4
12120;14.4
12121;14.4
12122;14.4
12123;14.4
12124;14.4
12125;14.4
12126;14.4
12127;14.4
12128;14.4
12129;14.4
12130;14.4
12131;14.4
12132;14.4
12133;14.4
12134;14.4
12135;14.4
12136;14.4
12137;14.4
12138;14.4
12139;14.4
12140;14.4
12141;14.4
12142;14.4
12143;14.4
12144;14.4
12145;14.4
12146;14.4
12147;14.4
12148;14.4
12149;14.4
12150;14.4
12151;14.4
12152;14.4
12153;14.4
12154;14.4
12155;14.4
12156;14.4
12157;14.4
12158;14.4
12159;14.4
12160;14.4
12161;14.4
12162;14.4
12163;14.4
12164;14.4
12165;14.4
12166;14.4
12167;14.4
12168;14.4
12169;14.4
12170;14.4
12171;14.4
12172;14.4
12173;14.4
12174;14.4
12175;14.4
12176;14.4
12177;14.4
12178;14.4
12179;14.4
12180;14.4
12181;14.4
12182;14.4
12183;14.4
12184;14.4
12185;14.4
12186;14.4
12187;14.4
12188;14.4
12189;14.4
12190;14.4
12191;14.4
12192;14.4
12193;14.4
12194;14.4
12195;14.4
12196;14.4
12197;14.4
12198;14.4
12199;14.4
12200;14.4
12201;14.4
12202;14.4
12203;14.4
12204;14.4
12205;14.4
12206;14.4
12207;14.4
12208;14.4
12209;14.4
12210;14.4
12211;14.4
12212;14.4
12213;14.4
12214;14.4
12215;14.4
12216;14.4
12217;14.4
12218;14.4
12219;14.4
12220;14.4
12221;14.4
12222;14.4
12223;14.4
12224;14.4
12225;14.4
12226;14.4
12227;14.4
12228;14.4
12229;14.4
12230;14.4
12231;14.4
12232;14.4
12233;14.4
12234;14.4
12235;14.4
12236;14.4
12237;14.4
12238;14.4
12239;14.4
12240;14.4
12241;14.4
12242;14.4
12243;14.4
12244;14.4
12245;14.4
12246;14.4
12247;14.4
12248;14.4
12249;14.4
12250;14.4
12251;14.4
12252;14.4
12253;14.4
12254;14.4
12255;14.4
12256;14.4
12257;14.4
12258;14.4
12259;14.4
12260;14.4
12261;14.4
12262;14.4
12263;14.4
12264;14.4
12265;14.4
12266;14.4
12267;14.4
12268;14.4
12269;14.4
12270;14.4
12271;14.4
12272;14.4
12273;14.4
12274;14.4
12275;14.4
12276;14.4
12277;14.4
12278;14.4
12279;14.4
12280;14.4
12281;14.4
12282;14.4
12283;14.4
12284;14.4
12285;14.4
12286;14.4
12287;14.4
12288;14.4
12289;14.4
12290;14.4
12291;14.4
12292;14.4
12293;14.4
12294;14.4
12295;14.4
12296;14.4
12297;14.4
12298;14.4
12299;14.4
12300;14.4
12301;14.4
12302;14.4
12303;14.4
12304;14.4
12305;14.4
12306;14.4
12307;14.4
12308;14.4
12309;14.4
12310;14.4
12311;14.4
12312;14.4
12313;14.4
12314;14.4
12315;14.4
12316;14.4
12317;14.4
12318;14.4
12319;14.4
12320;14.4
12321;14.4
12322;14.4
12323;14.4
12324;14.4
12325;14.4
12326;14.4
12327;14.4
12328;14.4
12329;14.4
12330;14.4
12331;14.4
12332;14.4
12333;14.4
12334;14.4
12335;14.4
12336;14.4
12337;14.4
12338;14.4
12339;14.4
12340;14.4
12341;14.4
12342;14.4
12343;14.4
12344;14.4
12345;14.4
12346;14.4
12347;14.4
12348;14.4
12349;14.4
12350;14.4
12351;14.4
12352;14.4
12353;14.4
12354;14.4
12355;14.4
12356;14.4
12357;14.4
12358;14.4
12359;14.4
12360;14.4
12361;14.4
12362;14.4
12363;14.4
12364;14.4
12365;14.4
12366;14.4
12367;14.4
12368;14.4
12369;14.4
12370;14.4
12371;14.4
12372;14.4
12373;14.4
12374;14.4
12375;14.4
12376;14.4
12377;14.4
12378;14.4
12379;14.4
12380;14.4
12381;14.4
12382;14.4
12383;14.4
12384;14.4
12385;14.4
12386;14.4
12387;14.4
12388;14.4
12389;14.4
12390;14.4
12391;14.4
12392;14.4
12393;14.4
12394;14.4
12395;14.4
12396;14.4
12397;14.4
12398;14.4
12399;14.4
12400;14.4
12401;14.4
12402;14.4
12403;14.4
12404;14.4
12405;14.4
12406;14.4
12407;14.4
12408;14.4
12409;14.4
12410;14.4
12411;14.4
12412;14.4
12413;14.4
12414;14.4
12415;14.4
12416;14.4
12417;14.4
12418;14.4
12419;14.4
12420;14.4
12421;14.4
12422;14.4
12423;14.4
12424;14.4
12425;14.4
12426;14.4
12427;14.4
12428;14.4
12429;14.4
12430;14.4
12431;14.4
12432;14.4
12433;14.4
12434;14.4
12435;14.4
12436;14.4
12437;14.4
12438;14.4
12439;14.4
12440;14.4
12441;14.4
12442;14.4
12443;14.4
12444;14.4
12445;14.4
12446;14.4
12447;14.4
12448;14.4
12449;14.4
12450;14.4
12451;14.4
12452;14.4
12453;14.4
12454;14.4
12455;14.4
12456;14.4
12457;14.4
12458;14.4
12459;14.4
12460;14.4
12461;14.4
12462;14.4
12463;14.4
12464;14.4
12465;14.4
12466;14.4
12467;14.4
12468;14.4
12469;14.4
12470;14.4
12471;14.4
12472;14.4
12473;14.4
12474;14.4
12475;14.4
12476;14.4
12477;14.4
12478;14.4
12479;14.4
12480;14.4
12481;14.4
12482;14.4
12483;14.4
12484;14.4
12485;14.4
12486;14.4
12487;14.4
12488;14.4
12489;14.4
12490;14.4
12491;14.4
12492;14.4
12493;14.4
12494;14.4
12495;14.4
12496;14.4
12497;14.4
12498;14.4
12499;14.4
12500;14.4
12501;14.4
12502;14.4
12503;14.4
12504;14.4
12505;14.4
12506;14.4
12507;14.4
12508;14.4
12509;14.4
12510;14.4
12511;14.4
12512;14.4
12513;14.4
12514;14.4
12515;14.4
12516;14.4
12517;14.4
12518;14.4
12519;14.4
12520;14.4
12521;14.4
12522;14.4
12523;14.4
12524;14.4
12525;14.4
12526;14.4
12527;14.4
12528;14.4
12529;14.4
12530;14.4
12531;14.4
12532;14.4
12533;14.4
12534;14.4
12535;14.4
12536;14.4
12537;14.4
12538;14.4
12539;14.4
12540;14.4
12541;14.4
12542;14.4
12543;14.4
12544;14.4
12545;14.4
12546;14.4
12547;14.4
12548;14.4
12549;14.4
12550;14.4
12551;14.4
12552;14.4
12553;14.4
12554;14.4
12555;14.4
12556;14.4
12557;14.4
12558;14.4
12559;14.4
12560;14.4
12561;14.4
12562;14.4
12563;14.4
12564;14.4
12565;14.4
12566;14.4
12567;14.4
12568;14.4
12569;14.4
12570;14.4
12571;14.4
12572;14.4
12573;14.4
12574;14.4
12575;14.4
12576;14.4
12577;14.4
12578;14.4
12579;14.4
12580;14.4
12581;14.4
12582;14.4
12583;14.4
12584;14.4
12585;14.4
12586;14.4
12587;14.4
12588;14.4
12589;14.4
12590;14.4
12591;14.4
12592;14.4
12593;14.4
12594;14.4
12595;14.4
12596;14.4
12597;14.4
12598;14.4
12599;14.4
12600;14.4
12601;14.4
12602;14.4
12603;14.4
12604;14.4
12605;14.4
12606;14.4
12607;14.4
12608;14.4
12609;14.4
12610;14.4
12611;14.4
12612;14.4
12613;14.4
12614;14.4
12615;14.4
12616;14.4
12617;14.4
12618;14.4
12619;14.4
12620;14.4
12621;14.4
12622;14.4
12623;14.4
12624;14.4
12625;14.4
12626;14.4
12627;14.4
12628;14.4
12629;14.4
12630;14.4
12631;14.4
12632;14.4
12633;14.4
12634;14.4
12635;14.4
12636;14.4
12637;14.4
12638;14.4
12639;14.4
12640;14.4
12641;14.4
12642;14.4
12643;14.4
12644;14.4
12645;14.4
12646;14.4
12647;14.4
12648;14.4
12649;14.4
12650;14.4
12651;14.4
12652;14.4
12653;14.4
12654;14.4
12655;14.4
12656;14.4
12657;14.4
12658;14.4
12659;14.4
12660;14.4
12661;14.4
12662;14.4
12663;14.4
12664;14.4
12665;14.4
12666;14.4
12667;14.4
12668;14.4
12669;14.4
12670;14.4
12671;14.4
12672;14.4
12673;14.4
12674;14.4
12675;14.4
12676;14.4
12677;14.4
12678;14.4
12679;14.4
12680;14.4
12681;14.4
12682;14.4
12683;14.4
12684;14.4
12685;14.4
12686;14.4
12687;14.4
12688;14.4
12689;14.4
12690;14.4
12691;14.4
12692;14.4
12693;14.4
12694;14.4
12695;14.4
12696;14.4
12697;14.4
12698;14.4
12699;14.4
12700;14.4
12701;14.4
12702;14.4
12703;14.4
12704;14.4
12705;14.4
12706;14.4
12707;14.4
12708;14.4
12709;14.4
12710;14.4
12711;14.4
12712;14.4
12713;14.4
12714;14.4
12715;14.4
12716;14.4
12717;14.4
12718;14.4
12719;14.4
12720;14.4
12721;14.4
12722;14.4
12723;14.4
12724;14.4
12725;14.4
12726;14.4
12727;14.4
12728;14.4
12729;14.4
12730;14.4
12731;14.4
12732;14.4
12733;14.4
12734;14.4
12735;14.4
12736;14.4
12737;14.4
12738;14.4
12739;14.4
12740;14.4
12741;14.4
12742;14.4
12743;14.4
12744;14.4
12745;14.4
12746;14.4
12747;14.4
12748;14.4
12749;14.4
12750;14.4
12751;14.4
12752;14.4
12753;14.4
12754;14.4
12755;14.4
12756;14.4
12757;14.4
12758;14.4
12759;14.4
12760;14.4
12761;14.4
12762;14.4
12763;14.4
12764;14.4
12765;14.4
12766;14.4
12767;14.4
12768;14.4
12769;14.4
12770;14.4
12771;14.4
12772;14.4
12773;14.4
12774;14.4
12775;14.4
12776;14.4
12777;14.4
12778;14.4
12779;14.4
12780;14.4
12781;14.4
12782;14.4
12783;14.4
12784;14.4
12785;14.4
12786;14.4
12787;14.4
12788;14.4
12789;14.4
12790;14.4
12791;14.4
12792;14.4
12793;14.4
12794;14.4
12795;14.4
12796;14.3957391
12797;14.3914781
12798;14.3872172
12799;14.3829563
12800;14.4
12801;14.4
12802;14.4
12803;14.4
12804;14.4
12805;14.4
12806;14.4
12807;14.4
12808;14.4
12809;14.4
12810;14.4
12811;14.4
12812;14.4
12813;14.4
12814;14.4
12815;14.4
12816;14.4
12817;14.4
12818;14.4
12819;14.4
12820;14.4
12821;14.4
12822;14.4
12823;14.4
12824;14.4
12825;14.4
12826;14.4
12827;14.4
12828;14.4
12829;14.4
12830;14.4
12831;14.4
12832;14.4
12833;14.4
12834;14.4
12835;14.4
12836;14.4
12837;14.4
12838;14.4
12839;14.4
12840;14.4
12841;14.4
12842;14.4
12843;14.4
12844;14.4
12845;14.4
12846;14.4
12847;14.4
12848;14.4
12849;14.4
12850;14.4
12851;14.4
12852;14.4
12853;14.4
12854;14.4
12855;14.4
12856;14.4
12857;14.4
12858;14.4
12859;14.4
12860;14.4
12861;14.4
12862;14.4
12863;14.4
12864;14.4
12865;14.4
12866;14.4
12867;14.4
12868;14.4
12869;14.4
12870;14.4
12871;14.4
12872;14.4
12873;14.4
12874;14.4
12875;14.4
12876;14.4
12877;14.4
12878;14.4
12879;14.4
12880;14.4
12881;14.4
12882;14.4
12883;14.4
12884;14.4
12885;14.4
12886;14.4
12887;14.4
12888;14.4
12889;14.4
12890;14.4
12891;14.4
12892;14.4
12893;14.4
12894;14.4
12895;14.4
12896;14.4
12897;14.4
12898;14.4
12899;14.4
12900;14.4
12901;14.4
12902;14.4
12903;14.4
12904;14.4
12905;14.4
12906;14.4
12907;14.4
12908;14.4
12909;14.4
12910;14.4
12911;14.4
12912;14.4
12913;14.4
12914;14.4
12915;14.4
12916;14.4
12917;14.4
12918;14.4
12919;14.4
12920;14.4
12921;14.4
12922;14.4
12923;14.4
12924;14.4
12925;14.4
12926;14.4
12927;14.4
12928;14.4
12929;14.4
12930;14.4
12931;14.4
12932;14.4
12933;14.4
12934;14.4
12935;14.4
12936;14.4
12937;14.4
12938;14.4
12939;14.4
12940;14.4
12941;14.4
12942;14.4
12943;14.4
12944;14.4
12945;14.4
12946;14.4
12947;14.4
12948;14.4
12949;14.4
12950;14.4
12951;14.4
12952;14.4
12953;14.4
12954;14.4
12955;14.4
12956;14.4
12957;14.4
12958;14.4
12959;14.4
12960;14.4
12961;14.4
12962;14.4
12963;14.4
12964;14.4
12965;14.4
12966;14.4
12967;14.4
12968;14.4
12969;14.4
12970;14.4
12971;14.4
12972;14.4
12973;14.4
12974;14.4
12975;14.4
12976;14.4
12977;14.4
12978;14.4
12979;14.4
12980;14.4
12981;14.4
12982;14.4
12983;14.4
12984;14.4
12985;14.4
12986;14.4
12987;14.4
12988;14.4
12989;14.4
12990;14.4
12991;14.4
12992;14.4
12993;14.4
12994;14.4
12995;14.4
12996;14.4
12997;14.4
12998;14.4
12999;14.4
13000;14.4
13001;14.4
13002;14.4
13003;14.4
13004;14.4
13005;14.4
13006;14.4
13007;14.4
13008;14.4
13009;14.4
13010;14.4
13011;14.4
13012;14.4
13013;14.4
13014;14.4
13015;14.4
13016;14.4
13017;14.4
13018;14.4
13019;14.4
13020;14.4
13021;14.4
13022;14.4
13023;14.4
13024;14.4
13025;14.4
13026;14.4
13027;14.4
13028;14.4
13029;14.4
13030;14.4
13031;14.4
13032;14.4
13033;14.4
13034;14.4
13035;14.4
13036;14.4
13037;14.4
13038;14.4
13039;14.4
13040;14.4
13041;14.4
13042;14.4
13043;14.4
13044;14.4
13045;14.4
13046;14.4
13047;14.4
13048;14.4
13049;14.4
13050;14.4
13051;14.4
13052;14.4
13053;14.4
13054;14.4
13055;14.4
13056;14.4
13057;14.4
13058;14.4
13059;14.4
13060;14.4
13061;14.4
13062;14.4
13063;14.4
13064;14.4
13065;14.4
13066;14.4
13067;14.4
13068;14.4
13069;14.4
13070;14.4
13071;14.4
13072;14.4
13073;14.4
13074;14.4
13075;14.4
13076;14.4
13077;14.4
13078;14.4
13079;14.4
13080;14.4
13081;14.4
13082;14.4
13083;14.4
13084;14.4
13085;14.4
13086;14.4
13087;14.4
13088;14.4
13089;14.4
13090;14.4
13091;14.4
13092;14.4
13093;14.4
13094;14.4
13095;14.4
13096;14.4
13097;14.4
13098;14.4
13099;14.4
13100;14.4
13101;14.4
13102;14.4
13103;14.4
13104;14.4
13105;14.4
13106;14.4
13107;14.4
13108;14.4
13109;14.4
13110;14.4
13111;14.4
13112;14.4
13113;14.4
13114;14.4
13115;14.4
13116;14.4
13117;14.4
13118;14.4
13119;14.4
13120;14.4
13121;14.4
13122;14.4
13123;14.4
13124;14.4
13125;14.4
13126;14.4
13127;14.4
13128;14.4
13129;14.4
13130;14.4
13131;14.4
13132;14.4
13133;14.4
13134;14.4
13135;14.4
13136;14.4
13137;14.4
13138;14.4
13139;14.4
13140;14.4
13141;14.4
13142;14.4
13143;14.4
13144;14.4
13145;14.4
13146;14.4
13147;14.4
13148;14.4
13149;14.4
13150;14.4
13151;14.4
13152;14.4
13153;14.4
13154;14.4
13155;14.4
13156;14.4
13157;14.4
13158;14.4
13159;14.4
13160;14.4
13161;14.4
13162;14.4
13163;14.4
13164;14.4
13165;14.4
13166;14.4
13167;14.4
13168;14.4
13169;14.4
13170;14.4
13171;14.4
13172;14.4
13173;14.4
13174;14.4
13175;14.4
13176;14.3938851
13177;14.3877701
13178;14.3816552
13179;14.3755402
13180;14.4
13181;14.4
13182;14.4
13183;14.4
13184;14.4
13185;14.4
13186;14.4
13187;14.4
13188;14.4
13189;14.4
13190;14.4
13191;14.4
13192;14.4
13193;14.4
13194;14.4
13195;14.4
13196;14.4
13197;14.4
13198;14.4
13199;14.4
13200;14.4
13201;14.4
13202;14.4
13203;14.4
13204;14.4
13205;14.4
13206;14.4
13207;14.4
13208;14.4
13209;14.4
13210;14.4
13211;14.4
13212;14.4
13213;14.4
13214;14.4
13215;14.4
13216;14.4
13217;14.4
13218;14.4
13219;14.4
13220;14.4
13221;14.4
13222;14.4
13223;14.4
13224;14.4
13225;14.4
13226;14.4
13227;14.4
13228;14.4
13229;14.4
13230;14.4
13231;14.4
13232;14.4
13233;14.4
13234;14.4
13235;14.4
13236;14.4
13237;14.4
13238;14.4
13239;14.4
13240;14.4
13241;14.4
13242;14.4
13243;14.4
13244;14.4
13245;14.4
13246;14.4
13247;14.4
13248;14.4
13249;14.4
13250;14.4
13251;14.4
13252;14.4
13253;14.4
13254;14.4
13255;14.4
13256;14.4
13257;14.4
13258;14.4
13259;14.4
13260;14.4
13261;14.4
13262;14.4
13263;14.4
13264;14.4
13265;14.4
13266;14.4
13267;14.4
13268;14.4
13269;14.4
13270;14.4
13271;14.4
13272;14.4
13273;14.4
13274;14.4
13275;14.4
13276;14.4
13277;14.4
13278;14.4
13279;14.4
13280;14.4
13281;14.4
13282;14.4
13283;14.4
13284;14.4
13285;14.4
13286;14.4
13287;14.4
13288;14.4
13289;14.4
13290;14.4
13291;14.4
13292;14.4
13293;14.4
13294;14.4
13295;14.4
13296;14.4
13297;14.4
13298;14.4
13299;14.4
13300;14.4
13301;14.4
13302;14.4
13303;14.4
13304;14.4
13305;14.4
13306;14.4
13307;14.4
13308;14.4
13309;14.4
13310;14.4
13311;14.4
13312;14.4
13313;14.4
13314;14.4
13315;14.4
13316;14.4
13317;14.4
13318;14.4
13319;14.4
13320;14.4
13321;14.4
13322;14.4
13323;14.4
13324;14.4
13325;14.4
13326;14.4
13327;14.4
13328;14.4
13329;14.4
13330;14.4
13331;14.4
13332;14.4
13333;14.4
13334;14.4
13335;14.4
13336;14.4
13337;14.4
13338;14.4
13339;14.4
13340;14.4
13341;14.4
13342;14.4
13343;14.4
13344;14.4
13345;14.4
13346;14.4
13347;14.4
13348;14.4
13349;14.4
13350;14.4
13351;14.4
13352;14.4
13353;14.4
13354;14.4
13355;14.4
13356;14.4
13357;14.4
13358;14.4
13359;14.4
13360;14.4
13361;14.4
13362;14.4
13363;14.4
13364;14.4
13365;14.4
13366;14.4
13367;14.4
13368;14.4
13369;14.4
13370;14.4
13371;14.4
13372;14.4
13373;14.4
13374;14.4
13375;14.4
13376;14.4
13377;14.4
13378;14.4
13379;14.4
13380;14.4
13381;14.4
13382;14.4
13383;14.4
13384;14.4
13385;14.4
13386;14.4
13387;14.4
13388;14.4
13389;14.4
13390;14.4
13391;14.4
13392;14.4
13393;14.4
13394;14.4
13395;14.4
13396;14.4
13397;14.4
13398;14.4
13399;14.4
13400;14.4
13401;14.4
13402;14.4
13403;14.4
13404;14.4
13405;14.4
13406;14.4
13407;14.4
13408;14.4
13409;14.4
13410;14.4
13411;14.4
13412;14.4
13413;14.4
13414;14.4
13415;14.4
13416;14.4
13417;14.4
13418;14.4
13419;14.4
13420;14.4
13421;14.4
13422;14.4
13423;14.4
13424;14.4
13425;14.4
13426;14.4
13427;14.4
13428;14.4
13429;14.4
13430;14.4
13431;14.4
13432;14.4
13433;14.4
13434;14.4
13435;14.4
13436;14.4
13437;14.4
13438;14.4
13439;14.4
13440;14.4
13441;14.4
13442;14.4
13443;14.4
13444;14.4
13445;14.4
13446;14.4
13447;14.4
13448;14.4
13449;14.4
13450;14.4
13451;14.4
13452;14.4
13453;14.4
13454;14.4
13455;14.4
13456;14.4
13457;14.4
13458;14.4
13459;14.4
13460;14.4
13461;14.4
13462;14.4
13463;14.4
13464;14.4
13465;14.4
13466;14.4
13467;14.4
13468;14.4
13469;14.4
13470;14.4
13471;14.4
13472;14.4
13473;14.4
13474;14.4
13475;14.4
13476;14.4
13477;14.4
13478;14.4
13479;14.4
13480;14.4
13481;14.4
13482;14.4
13483;14.4
13484;14.4
13485;14.4
13486;14.4
13487;14.4
13488;14.4
13489;14.4
13490;14.4
13491;14.4
13492;14.4
13493;14.4
13494;14.4
13495;14.4
13496;14.4
13497;14.4
13498;14.4
13499;14.4
13500;14.4
13501;14.4
13502;14.4
13503;14.4
13504;14.4
13505;14.4
13506;14.4
13507;14.4
13508;14.4
13509;14.4
13510;14.4
13511;14.4
13512;14.4
13513;14.4
13514;14.4
13515;14.4
13516;14.4
13517;14.4
13518;14.4
13519;14.4
13520;14.4
13521;14.4
13522;14.4
13523;14.4
13524;14.4
13525;14.4
13526;14.4
13527;14.4
13528;14.4
13529;14.4
13530;14.4
13531;14.4
13532;14.4
13533;14.4
13534;14.4
13535;14.4
13536;14.4
13537;14.4
13538;14.4
13539;14.4
13540;14.4
13541;14.4
13542;14.4
13543;14.4
13544;14.4
13545;14.4
13546;14.4
13547;14.4
13548;14.4
13549;14.4
13550;14.4
13551;14.4
13552;14.4
13553;14.4
13554;14.4
13555;14.4
13556;14.4
13557;14.4
13558;14.4
13559;14.4
13560;14.4
13561;14.4
13562;14.4
13563;14.4
13564;14.4
13565;14.4
13566;14.4
13567;14.4
13568;14.4
13569;14.4
13570;14.4
13571;14.4
13572;14.4
13573;14.4
13574;14.4
13575;14.4
13576;14.4
13577;14.4
13578;14.4
13579;14.4
13580;14.4
13581;14.4
13582;14.4
13583;14.4
13584;14.4
13585;14.4
13586;14.4
13587;14.4
13588;14.4
13589;14.4
13590;14.4
13591;14.4
13592;14.4
13593;14.4
13594;14.4
13595;14.4
13596;14.4
13597;14.4
13598;14.4
13599;14.4
13600;14.4
13601;14.4
13602;14.4
13603;14.4
13604;14.4
13605;14.4
13606;14.4
13607;14.4
13608;14.4
13609;14.4
13610;14.4
13611;14.4
13612;14.4
13613;14.4
13614;14.4
13615;14.4
13616;14.4
13617;14.4
13618;14.4
13619;14.4
13620;14.4
13621;14.4
13622;14.4
13623;14.4
13624;14.4
13625;14.4
13626;14.4
13627;14.4
13628;14.4
13629;14.4
13630;14.4
13631;14.4
13632;14.4
13633;14.4
13634;14.4
13635;14.4
13636;14.4
13637;14.4
13638;14.4
13639;14.4
13640;14.4
13641;14.4
13642;14.4
13643;14.4
13644;14.4
13645;14.4
13646;14.4
13647;14.4
13648;14.4
13649;14.4
13650;14.4
13651;14.4
13652;14.4
13653;14.4
13654;14.4
13655;14.4
13656;14.4
13657;14.4
13658;14.4
13659;14.4
13660;14.4
13661;14.4
13662;14.4
13663;14.4
13664;14.4
13665;14.4
13666;14.4
13667;14.4
13668;14.4
13669;14.4
13670;14.4
13671;14.4
13672;14.4
13673;14.4
13674;14.4
13675;14.4
13676;14.4
13677;14.4
13678;14.4
13679;14.4
13680;14.4
13681;14.4
13682;14.4
13683;14.4
13684;14.4
13685;14.4
13686;14.4
13687;14.4
13688;14.4
13689;14.4
13690;14.4
13691;14.4
13692;14.4
13693;14.4
13694;14.4
13695;14.4
13696;14.4
13697;14.4
13698;14.4
13699;14.4
13700;14.4
13701;14.4
13702;14.4
13703;14.4
13704;14.4
13705;14.4
13706;14.4
13707;14.4
13708;14.4
13709;14.4
13710;14.4
13711;14.4
13712;14.4
13713;14.4
13714;14.4
13715;14.4
13716;14.4
13717;14.4
13718;14.4
13719;14.4
13720;14.4
13721;14.4
13722;14.4
13723;14.4
13724;14.4
13725;14.4
13726;14.4
13727;14.4
13728;14.4
13729;14.4
13730;14.4
13731;14.4
13732;14.4
13733;14.4
13734;14.4
13735;14.4
13736;14.4
13737;14.4
13738;14.4
13739;14.4
13740;14.4
13741;14.4
13742;14.4
13743;14.4
13744;14.4
13745;14.4
13746;14.4
13747;14.4
13748;14.4
13749;14.4
13750;14.4
13751;14.4
13752;14.4
13753;14.4
13754;14.4
13755;14.4
13756;14.4
13757;14.4
13758;14.4
13759;14.4
13760;14.4
13761;14.4
13762;14.4
13763;14.4
13764;14.4
13765;14.4
13766;14.4
13767;14.4
13768;14.4
13769;14.4
13770;14.4
13771;14.4
13772;14.4
13773;14.4
13774;14.4
13775;14.4
13776;14.4
13777;14.4
13778;14.4
13779;14.4
13780;14.4
13781;14.4
13782;14.4
13783;14.4
13784;14.4
13785;14.4
13786;14.4
13787;14.4
13788;14.4
13789;14.4
13790;14.4
13791;14.4
13792;14.4
13793;14.4
13794;14.4
13795;14.4
13796;14.4
13797;14.4
13798;14.4
13799;14.4
13800;14.4
13801;14.4
13802;14.4
13803;14.4
13804;14.4
13805;14.4
13806;14.4
13807;14.4
13808;14.4
13809;14.4
13810;14.4
13811;14.4
13812;14.4
13813;14.4
13814;14.4
13815;14.4
13816;14.4
13817;14.4
13818;14.4
13819;14.4
13820;14.4
13821;14.4
13822;14.4
13823;14.4
13824;14.4
13825;14.4
13826;14.4
13827;14.4
13828;14.4
13829;14.4
13830;14.4
13831;14.4
13832;14.4
13833;14.4
13834;14.4
13835;14.4
13836;14.4
13837;14.4
13838;14.4
13839;14.4
13840;14.4
13841;14.4
13842;14.4
13843;14.4
13844;14.4
13845;14.4
13846;14.4
13847;14.4
13848;14.4
13849;14.4
13850;14.4
13851;14.4
13852;14.4
13853;14.4
13854;14.4
13855;14.4
13856;14.4
13857;14.4
13858;14.4
13859;14.4
13860;14.4
13861;14.4
13862;14.4
13863;14.4
13864;14.4
13865;14.4
13866;14.4
13867;14.4
13868;14.4
13869;14.4
13870;14.4
13871;14.4
13872;14.4
13873;14.4
13874;14.4
13875;14.4
13876;14.4
13877;14.4
13878;14.4
13879;14.4
13880;14.4
13881;14.4
13882;14.4
13883;14.4
13884;14.4
13885;14.4
13886;14.4
13887;14.4
13888;14.4
13889;14.4
13890;14.4
13891;14.4
13892;14.4
13893;14.4
13894;14.4
13895;14.4
13896;14.4
13897;14.4
13898;14.4
13899;14.4
13900;14.4
13901;14.4
13902;14.4
13903;14.4
13904;14.4
13905;14.4
13906;14.4
13907;14.4
13908;14.4
13909;14.4
13910;14.4
13911;14.4
13912;14.4
13913;14.4
13914;14.4
13915;14.4
13916;14.4
13917;14.4
13918;14.4
13919;14.4
13920;14.4
13921;14.4
13922;14.4
13923;14.4
13924;14.4
13925;14.4
13926;14.4
13927;14.4
13928;14.4
13929;14.4
13930;14.4
13931;14.4
13932;14.4
13933;14.4
13934;14.4
13935;14.4
13936;14.4
13937;14.4
13938;14.4
13939;14.4
13940;14.4
13941;14.4
13942;14.4
13943;14.4
13944;14.4
13945;14.4
13946;14.4
13947;14.4
13948;14.4
13949;14.4
13950;14.4
13951;14.4
13952;14.4
13953;14.4
13954;14.4
13955;14.4
13956;14.4
13957;14.4
13958;14.4
13959;14.4
13960;14.4
13961;14.4
13962;14.4
13963;14.4
13964;14.4
13965;14.4
13966;14.4
13967;14.4
13968;14.4
13969;14.4
13970;14.4
13971;14.4
13972;14.4
13973;14.4
13974;14.4
13975;14.4
13976;14.4
13977;14.4
13978;14.4
13979;14.4
13980;14.4
13981;14.4
13982;14.4
13983;14.4
13984;14.4
13985;14.4
13986;14.4
13987;14.4
13988;14.4
13989;14.4
13990;14.4
13991;14.4
13992;14.4
13993;14.4
13994;14.4
13995;14.4
13996;14.4
13997;14.4
13998;14.4
13999;14.4
14000;14.4
14001;14.4
14002;14.4
14003;14.4
14004;14.4
14005;14.4
14006;14.4
14007;14.4
14008;14.4
14009;14.4
14010;14.4
14011;14.4
14012;14.4
14013;14.4
14014;14.4
14015;14.4
14016;14.4
14017;14.4
14018;14.4
14019;14.4
14020;14.4
14021;14.4
14022;14.4
14023;14.4
14024;14.4
14025;14.4
14026;14.4
14027;14.4
14028;14.4
14029;14.4
14030;14.4
14031;14.4
14032;14.4
14033;14.4
14034;14.4
14035;14.4
14036;14.4
14037;14.4
14038;14.4
14039;14.4
14040;14.4
14041;14.4
14042;14.4
14043;14.4
14044;14.4
14045;14.4
14046;14.4
14047;14.4
14048;14.4
14049;14.4
14050;14.4
14051;14.4
14052;14.4
14053;14.4
14054;14.4
14055;14.4
14056;14.4
14057;14.4
14058;14.4
14059;14.4
14060;14.4
14061;14.4
14062;14.4
14063;14.4
14064;14.4
14065;14.4
14066;14.4
14067;14.4
14068;14.4
14069;14.4
14070;14.4
14071;14.4
14072;14.4
14073;14.4
14074;14.4
14075;14.4
14076;14.4
14077;14.4
14078;14.4
14079;14.4
14080;14.4
14081;14.4
14082;14.4
14083;14.4
14084;14.4
14085;14.4
14086;14.4
14087;14.4
14088;14.4
14089;14.4
14090;14.4
14091;14.4
14092;14.4
14093;14.4
14094;14.4
14095;14.4
14096;14.4
14097;14.4
14098;14.4
14099;14.4
14100;14.4
14101;14.4
14102;14.4
14103;14.4
14104;14.4
14105;14.4
14106;14.4
14107;14.4
14108;14.4
14109;14.4
14110;14.4
14111;14.4
14112;14.4
14113;14.4
14114;14.4
14115;14.4
14116;14.4
14117;14.4
14118;14.4
14119;14.4
14120;14.4
14121;14.4
14122;14.4
14123;14.4
14124;14.4
14125;14.4
14126;14.4
14127;14.4
14128;14.4
14129;14.4
14130;14.4
14131;14.4
14132;14.4
14133;14.4
14134;14.4
14135;14.4
14136;14.4
14137;14.4
14138;14.4
14139;14.4
14140;14.4
14141;14.4
14142;14.4
14143;14.4
14144;14.4
14145;14.4
14146;14.4
14147;14.4
14148;14.4
14149;14.4
14150;14.4
14151;14.4
14152;14.4
14153;14.4
14154;14.4
14155;14.4
14156;14.4
14157;14.4
14158;14.4
14159;14.4
14160;14.4
14161;14.4
14162;14.4
14163;14.4
14164;14.4
14165;14.4
14166;14.4
14167;14.4
14168;14.4
14169;14.4
14170;14.4
14171;14.4
14172;14.4
14173;14.4
14174;14.4
14175;14.4
14176;14.4
14177;14.4
14178;14.4
14179;14.4
14180;14.4
14181;14.4
14182;14.4
14183;14.4
14184;14.4
14185;14.4
14186;14.4
14187;14.4
14188;14.4
14189;14.4
14190;14.4
14191;14.4
14192;14.4
14193;14.4
14194;14.4
14195;14.4
14196;14.4
14197;14.4
14198;14.4
14199;14.4
14200;14.4
14201;14.4
14202;14.4
14203;14.4
14204;14.4
14205;14.4
14206;14.4
14207;14.4
14208;14.4
14209;14.4
14210;14.4
14211;14.4
14212;14.4
14213;14.4
14214;14.4
14215;14.4
14216;14.4
14217;14.4
14218;14.4
14219;14.4
14220;14.4
14221;14.4
14222;14.4
14223;14.4
14224;14.4
14225;14.4
14226;14.4
14227;14.4
14228;14.4
14229;14.4
14230;14.4
14231;14.4
14232;14.4
14233;14.4
14234;14.4
14235;14.4
14236;14.4
14237;14.4
14238;14.4
14239;14.4
14240;14.4
14241;14.4
14242;14.4
14243;14.4
14244;14.4
14245;14.4
14246;14.4
14247;14.4
14248;14.4
14249;14.4
14250;14.4
14251;14.4
14252;14.4
14253;14.4
14254;14.4
14255;14.4
14256;14.4
14257;14.4
14258;14.4
14259;14.4
14260;14.4
14261;14.4
14262;14.4
14263;14.4
14264;14.4
14265;14.4
14266;14.4
14267;14.4
14268;14.4
14269;14.4
14270;14.4
14271;14.4
14272;14.4
14273;14.4
14274;14.4
14275;14.4
14276;14.4
14277;14.4
14278;14.4
14279;14.4
14280;14.4
14281;14.4
14282;14.4
14283;14.4
14284;14.4
14285;14.4
14286;14.4
14287;14.4
14288;14.4
14289;14.4
14290;14.4
14291;14.4
14292;14.4
14293;14.4
14294;14.4
14295;14.4
14296;14.4
14297;14.4
14298;14.4
14299;14.4
14300;14.4
14301;14.4
14302;14.4
14303;14.4
14304;14.4
14305;14.4
14306;14.4
14307;14.4
14308;14.4
14309;14.4
14310;14.4
14311;14.4
14312;14.4
14313;14.4
14314;14.4
14315;14.4
14316;14.4
14317;14.4
14318;14.4
14319;14.4
14320;14.4
14321;14.4
14322;14.4
14323;14.4
14324;14.4
14325;14.4
14326;14.4
14327;14.4
14328;14.4
14329;14.4
14330;14.4
14331;14.4
14332;14.4
14333;14.4
14334;14.4
14335;14.4
14336;14.4
14337;14.4
14338;14.4
14339;14.4
14340;14.4
14341;14.4
14342;14.4
14343;14.4
14344;14.4
14345;14.4
14346;14.4
14347;14.4
14348;14.4
14349;14.4
14350;14.4
14351;14.4
14352;14.4
14353;14.4
14354;14.4
14355;14.4
14356;14.4
14357;14.4
14358;14.4
14359;14.4
14360;14.4
14361;14.4
14362;14.4
14363;14.4
14364;14.4
14365;14.4
14366;14.4
14367;14.4
14368;14.4
14369;14.4
14370;14.4
14371;14.4
14372;14.4
14373;14.4
14374;14.4
14375;14.4
14376;14.4
14377;14.4
14378;14.4
14379;14.4
14380;14.4
14381;14.4
14382;14.4
14383;14.4
14384;14.4
14385;14.4
14386;14.4
14387;14.4
14388;14.4
14389;14.4
14390;14.4
14391;14.4
14392;14.4
14393;14.4
14394;14.4
14395;14.4
14396;14.4
14397;14.4
14398;14.4
14399;14.4
14400;14.4
14401;14.4
14402;14.4
14403;14.4
14404;14.4
14405;14.4
14406;14.4
14407;14.4
14408;14.4
14409;14.4
14410;14.4
14411;14.4
14412;14.4
14413;14.4
14414;14.4
14415;14.4
14416;14.4
14417;14.4
14418;14.4
14419;14.4
14420;14.4
14421;14.4
14422;14.4
14423;14.4
14424;14.4
14425;14.4
14426;14.4
14427;14.4
14428;14.4
14429;14.4
14430;14.4
14431;14.4
14432;14.4
14433;14.4
14434;14.4
14435;14.4
14436;14.4
14437;14.4
14438;14.4
14439;14.4
14440;14.4
14441;14.4
14442;14.4
14443;14.4
14444;14.4
14445;14.4
14446;14.4
14447;14.4
14448;14.4
14449;14.4
14450;14.4
14451;14.4
14452;14.4
14453;14.4
14454;14.4
14455;14.4
14456;14.4
14457;14.4
14458;14.4
14459;14.4
14460;14.4
14461;14.4
14462;14.4
14463;14.4
14464;14.4
14465;14.4
14466;14.4
14467;14.4
14468;14.4
14469;14.4
14470;14.4
14471;14.4
14472;14.4
14473;14.4
14474;14.4
14475;14.4
14476;14.4
14477;14.4
14478;14.4
14479;14.4
14480;14.4
14481;14.4
14482;14.4
14483;14.4
14484;14.4
14485;14.4
14486;14.4
14487;14.4
14488;14.4
14489;14.4
14490;14.4
14491;14.4
14492;14.4
14493;14.4
14494;14.4
14495;14.4
14496;14.4
14497;14.4
14498;14.4
14499;14.4
14500;14.4
14501;14.4
14502;14.4
14503;14.4
14504;14.4
14505;14.4
14506;14.4
14507;14.4
14508;14.4
14509;14.4
14510;14.4
14511;14.4
14512;14.4
14513;14.4
14514;14.4
14515;14.4
14516;14.4
14517;14.4
14518;14.4
14519;14.4
14520;14.4
14521;14.4
14522;14.4
14523;14.4
14524;14.4
14525;14.4
14526;14.4
14527;14.4
14528;14.4
14529;14.4
14530;14.4
14531;14.4
14532;14.4
14533;14.4
14534;14.4
14535;14.4
14536;14.4
14537;14.4
14538;14.4
14539;14.4
14540;14.4
14541;14.4
14542;14.4
14543;14.4
14544;14.4
14545;14.4
14546;14.4
14547;14.4
14548;14.4
14549;14.4
14550;14.4
14551;14.4
14552;14.4
14553;14.4
14554;14.4
14555;14.4
14556;14.4
14557;14.4
14558;14.4
14559;14.4
14560;14.4
14561;14.4
14562;14.4
14563;14.4
14564;14.4
14565;14.4
14566;14.4
14567;14.4
14568;14.4
14569;14.4
14570;14.4
14571;14.4
14572;14.4
14573;14.4
14574;14.4
14575;14.4
14576;14.4
14577;14.4
14578;14.4
14579;14.4
14580;14.4
14581;14.4
14582;14.4
14583;14.4
14584;14.4
14585;14.4
14586;14.4
14587;14.4
14588;14.4
14589;14.4
14590;14.4
14591;14.4
14592;14.4
14593;14.4
14594;14.4
14595;14.4
14596;14.4
14597;14.4
14598;14.4
14599;14.4
14600;14.4
14601;14.4
14602;14.4
14603;14.4
14604;14.4
14605;14.4
14606;14.4
14607;14.4
14608;14.4
14609;14.4
14610;14.4
14611;14.4
14612;14.4
14613;14.4
14614;14.4
14615;14.4
14616;14.4
14617;14.4
14618;14.4
14619;14.4
14620;14.4
14621;14.4
14622;14.4
14623;14.4
14624;14.4
14625;14.4
14626;14.4
14627;14.4
14628;14.4
14629;14.4
14630;14.4
14631;14.4
14632;14.4
14633;14.4
14634;14.4
14635;14.4
14636;14.4
14637;14.4
14638;14.4
14639;14.4
14640;14.4
14641;14.4
14642;14.4
14643;14.4
14644;14.4
14645;14.4
14646;14.4
14647;14.4
14648;14.4
14649;14.4
14650;14.4
14651;14.4
14652;14.4
14653;14.4
14654;14.4
14655;14.4
14656;14.4
14657;14.4
14658;14.4
14659;14.4
14660;14.4
14661;14.4
14662;14.4
14663;14.4
14664;14.4
14665;14.4
14666;14.4
14667;14.4
14668;14.4
14669;14.4
14670;14.4
14671;14.4
14672;14.4
14673;14.4
14674;14.4
14675;14.4
14676;14.4
14677;14.4
14678;14.4
14679;14.4
14680;14.4
14681;14.4
14682;14.4
14683;14.4
14684;14.4
14685;14.4
14686;14.4
14687;14.4
14688;14.4
14689;14.4
14690;14.4
14691;14.4
14692;14.4
14693;14.4
14694;14.4
14695;14.4
14696;14.4
14697;14.4
14698;14.4
14699;14.4
14700;14.4
14701;14.4
14702;14.4
14703;14.4
14704;14.4
14705;14.4
14706;14.4
14707;14.4
14708;14.4
14709;14.4
14710;14.4
14711;14.4
14712;14.3752234
14713;14.3504469
14714;14.3256703
14715;14.3008938
14716;14.4
14717;14.4
14718;14.4
14719;14.4
14720;14.4
14721;14.4
14722;14.4
14723;14.4
14724;14.4
14725;14.4
14726;14.4
14727;14.4
14728;14.4
14729;14.4
14730;14.4
14731;14.4
14732;14.4
14733;14.4
14734;14.4
14735;14.4
14736;14.4
14737;14.4
14738;14.4
14739;14.4
14740;14.4
14741;14.4
14742;14.4
14743;14.4
14744;14.4
14745;14.4
14746;14.4
14747;14.4
14748;14.4
14749;14.4
14750;14.4
14751;14.4
14752;14.4
14753;14.4
14754;14.4
14755;14.4
14756;14.4
14757;14.4
14758;14.4
14759;14.4
14760;14.4
14761;14.4
14762;14.4
14763;14.4
14764;14.4
14765;14.4
14766;14.4
14767;14.4
14768;14.4
14769;14.4
14770;14.4
14771;14.4
14772;14.4
14773;14.4
14774;14.4
14775;14.4
14776;14.4
14777;14.4
14778;14.4
14779;14.4
14780;14.4
14781;14.4
14782;14.4
14783;14.4
14784;14.4
14785;14.4
14786;14.4
14787;14.4
14788;14.4
14789;14.4
14790;14.4
14791;14.4
14792;14.4
14793;14.4
14794;14.4
14795;14.4
14796;14.4
14797;14.4
14798;14.4
14799;14.4
14800;14.4
14801;14.4
14802;14.4
14803;14.4
14804;14.4
14805;14.4
14806;14.4
14807;14.4
14808;14.4
14809;14.4
14810;14.4
14811;14.4
14812;14.4
14813;14.4
14814;14.4
14815;14.4
14816;14.4
14817;14.4
14818;14.4
14819;14.4
14820;14.4
14821;14.4
14822;14.4
14823;14.4
14824;14.4
14825;14.4
14826;14.4
14827;14.4
14828;14.4
14829;14.4
14830;14.4
14831;14.4
14832;14.4
14833;14.4
14834;14.4
14835;14.4
14836;14.4
14837;14.4
14838;14.4
14839;14.4
14840;14.4
14841;14.4
14842;14.4
14843;14.4
14844;14.4
14845;14.4
14846;14.4
14847;14.4
14848;14.4
14849;14.4
14850;14.4
14851;14.4
14852;14.4
14853;14.4
14854;14.4
14855;14.4
14856;14.4
14857;14.4
14858;14.4
14859;14.4
14860;14.4
14861;14.4
14862;14.4
14863;14.4
14864;14.4
14865;14.4
14866;14.4
14867;14.4
14868;14.4
14869;14.4
14870;14.4
14871;14.4
14872;14.4
14873;14.4
14874;14.4
14875;14.4
14876;14.4
14877;14.4
14878;14.4
14879;14.4
14880;14.4
14881;14.4
14882;14.4
14883;14.4
14884;14.4
14885;14.4
14886;14.4
14887;14.4
14888;14.4
14889;14.4
14890;14.4
14891;14.4
14892;14.4
14893;14.4
14894;14.4
14895;14.4
14896;14.4
14897;14.4
14898;14.4
14899;14.4
14900;14.4
14901;14.4
14902;14.4
14903;14.4
14904;14.4
14905;14.4
14906;14.4
14907;14.4
14908;14.4
14909;14.4
14910;14.4
14911;14.4
14912;14.4
14913;14.4
14914;14.4
14915;14.4
14916;14.4
14917;14.4
14918;14.4
14919;14.4
14920;14.4
14921;14.4
14922;14.4
14923;14.4
14924;14.4
14925;14.4
14926;14.4
14927;14.4
14928;14.4
14929;14.4
14930;14.4
14931;14.4
14932;14.4
14933;14.4
14934;14.4
14935;14.4
14936;14.4
14937;14.4
14938;14.4
14939;14.4
14940;14.4
14941;14.4
14942;14.4
14943;14.4
14944;14.4
14945;14.4
14946;14.4
14947;14.4
14948;14.4
14949;14.4
14950;14.4
14951;14.4
14952;14.4
14953;14.4
14954;14.4
14955;14.4
14956;14.4
14957;14.4
14958;14.4
14959;14.4
14960;14.4
14961;14.4
14962;14.4
14963;14.4
14964;14.4
14965;14.4
14966;14.4
14967;14.4
14968;14.4
14969;14.4
14970;14.4
14971;14.4
14972;14.4
14973;14.4
14974;14.4
14975;14.4
14976;14.4
14977;14.4
14978;14.4
14979;14.4
14980;14.4
14981;14.4
14982;14.4
14983;14.4
14984;14.4
14985;14.4
14986;14.4
14987;14.4
14988;14.4
14989;14.4
14990;14.4
14991;14.4
14992;14.4
14993;14.4
14994;14.4
14995;14.4
14996;14.4
14997;14.4
14998;14.4
14999;14.4
15000;14.4
15001;14.4
15002;14.4
15003;14.4
15004;14.4
15005;14.4
15006;14.4
15007;14.4
15008;14.4
15009;14.4
15010;14.4
15011;14.4
15012;14.4
15013;14.4
15014;14.4
15015;14.4
15016;14.4
15017;14.4
15018;14.4
15019;14.4
15020;14.4
15021;14.4
15022;14.4
15023;14.4
15024;14.4
15025;14.4
15026;14.4
15027;14.4
15028;14.4
15029;14.4
15030;14.4
15031;14.4
15032;14.4
15033;14.4
15034;14.4
15035;14.4
15036;14.4
15037;14.4
15038;14.4
15039;14.4
15040;14.4
15041;14.4
15042;14.4
15043;14.4
15044;14.4
15045;14.4
15046;14.4
15047;14.4
15048;14.4
15049;14.4
15050;14.4
15051;14.4
15052;14.4
15053;14.4
15054;14.4
15055;14.4
15056;14.4
15057;14.4
15058;14.4
15059;14.4
15060;14.4
15061;14.4
15062;14.4
15063;14.4
15064;14.4
15065;14.4
15066;14.4
15067;14.4
15068;14.4
15069;14.4
15070;14.4
15071;14.4
15072;14.4
15073;14.4
15074;14.4
15075;14.4
15076;14.4
15077;14.4
15078;14.4
15079;14.4
15080;14.4
15081;14.4
15082;14.4
15083;14.4
15084;14.4
15085;14.4
15086;14.4
15087;14.4
15088;14.4
15089;14.4
15090;14.4
15091;14.4
15092;14.4
15093;14.4
15094;14.4
15095;14.4
15096;14.4
15097;14.4
15098;14.4
15099;14.4
15100;14.4
15101;14.4
15102;14.4
15103;14.4
15104;14.4
15105;14.4
15106;14.4
15107;14.4
15108;14.4
15109;14.4
15110;14.4
15111;14.4
15112;14.4
15113;14.4
15114;14.4
15115;14.4
15116;14.4
15117;14.4
15118;14.4
15119;14.4
15120;14.4
15121;14.4
15122;14.4
15123;14.4
15124;14.4
15125;14.4
15126;14.4
15127;14.4
15128;14.4
15129;14.4
15130;14.4
15131;14.4
15132;14.4
15133;14.4
15134;14.4
15135;14.4
15136;14.4
15137;14.4
15138;14.4
15139;14.4
15140;14.4
15141;14.4
15142;14.4
15143;14.4
15144;14.4
15145;14.4
15146;14.4
15147;14.4
15148;14.4
15149;14.4
15150;14.4
15151;14.4
15152;14.4
15153;14.4
15154;14.4
15155;14.4
15156;14.4
15157;14.4
15158;14.4
15159;14.4
15160;14.4
15161;14.4
15162;14.4
15163;14.4
15164;14.4
15165;14.4
15166;14.4
15167;14.4
15168;14.4
15169;14.4
15170;14.4
15171;14.4
15172;14.4
15173;14.4
15174;14.4
15175;14.4
15176;14.4
15177;14.4
15178;14.4
15179;14.4
15180;14.4
15181;14.4
15182;14.4
15183;14.4
15184;14.4
15185;14.4
15186;14.4
15187;14.4
15188;14.4
15189;14.4
15190;14.4
15191;14.4
15192;14.4
15193;14.4
15194;14.4
15195;14.4
15196;14.4
15197;14.4
15198;14.4
15199;14.4
15200;14.4
15201;14.4
15202;14.4
15203;14.4
15204;14.4
15205;14.4
15206;14.4
15207;14.4
15208;14.4
15209;14.4
15210;14.4
15211;14.4
15212;14.4
15213;14.4
15214;14.4
15215;14.4
15216;14.4
15217;14.4
15218;14.4
15219;14.4
15220;14.4
15221;14.4
15222;14.4
15223;14.4
15224;14.4
15225;14.4
15226;14.4
15227;14.4
15228;14.4
15229;14.4
15230;14.4
15231;14.4
15232;14.4
15233;14.4
15234;14.4
15235;14.4
15236;14.4
15237;14.4
15238;14.4
15239;14.4
15240;14.4
15241;14.4
15242;14.4
15243;14.4
15244;14.4
15245;14.4
15246;14.4
15247;14.4
15248;14.4
15249;14.4
15250;14.4
15251;14.4
15252;14.4
15253;14.4
15254;14.4
15255;14.4
15256;14.4
15257;14.4
15258;14.4
15259;14.4
15260;14.4
15261;14.4
15262;14.4
15263;14.4
15264;14.4
15265;14.4
15266;14.4
15267;14.4
15268;14.4
15269;14.4
15270;14.4
15271;14.4
15272;14.4
15273;14.4
15274;14.4
15275;14.4
15276;14.4
15277;14.4
15278;14.4
15279;14.4
15280;14.4
15281;14.4
15282;14.4
15283;14.4
15284;14.4
15285;14.4
15286;14.4
15287;14.4
15288;14.4
15289;14.4
15290;14.4
15291;14.4
15292;14.4
15293;14.4
15294;14.4
15295;14.4
15296;14.4
15297;14.4
15298;14.4
15299;14.4
15300;14.4
15301;14.4
15302;14.4
15303;14.4
15304;14.4
15305;14.4
15306;14.4
15307;14.4
15308;14.4
15309;14.4
15310;14.4
15311;14.4
15312;14.4
15313;14.4
15314;14.4
15315;14.4
15316;14.4
15317;14.4
15318;14.4
15319;14.4
15320;14.4
15321;14.4
15322;14.4
15323;14.4
15324;14.4
15325;14.4
15326;14.4
15327;14.4
15328;14.4
15329;14.4
15330;14.4
15331;14.4
15332;14.4
15333;14.4
15334;14.4
15335;14.4
15336;14.4
15337;14.4
15338;14.4
15339;14.4
15340;14.4
15341;14.4
15342;14.4
15343;14.4
15344;14.4
15345;14.4
15346;14.4
15347;14.4
15348;14.4
15349;14.4
15350;14.4
15351;14.4
15352;14.4
15353;14.4
15354;14.4
15355;14.4
15356;14.4
15357;14.4
15358;14.4
15359;14.4
15360;14.4
15361;14.4
15362;14.4
15363;14.4
15364;14.4
15365;14.4
15366;14.4
15367;14.4
15368;14.4
15369;14.4
15370;14.4
15371;14.4
15372;14.4
15373;14.4
15374;14.4
15375;14.4
15376;14.4
15377;14.4
15378;14.4
15379;14.4
15380;14.4
15381;14.4
15382;14.4
15383;14.4
15384;14.4
15385;14.4
15386;14.4
15387;14.4
15388;14.4
15389;14.4
15390;14.4
15391;14.4
15392;14.4
15393;14.4
15394;14.4
15395;14.4
15396;14.4
15397;14.4
15398;14.4
15399;14.4
15400;14.4
15401;14.4
15402;14.4
15403;14.4
15404;14.4
15405;14.4
15406;14.4
15407;14.4
15408;14.4
15409;14.4
15410;14.4
15411;14.4
15412;14.4
15413;14.4
15414;14.4
15415;14.4
15416;14.4
15417;14.4
15418;14.4
15419;14.4
15420;14.4
15421;14.4
15422;14.4
15423;14.4
15424;14.4
15425;14.4
15426;14.4
15427;14.4
15428;14.4
15429;14.4
15430;14.4
15431;14.4
15432;14.4
15433;14.4
15434;14.4
15435;14.4
15436;14.4
15437;14.4
15438;14.4
15439;14.4
15440;14.4
15441;14.4
15442;14.4
15443;14.4
15444;14.4
15445;14.4
15446;14.4
15447;14.4
15448;14.4
15449;14.4
15450;14.4
15451;14.4
15452;14.4
15453;14.4
15454;14.4
15455;14.4
15456;14.4
15457;14.4
15458;14.4
15459;14.4
15460;14.4
15461;14.4
15462;14.4
15463;14.4
15464;14.4
15465;14.4
15466;14.4
15467;14.4
15468;14.4
15469;14.4
15470;14.4
15471;14.4
15472;14.4
15473;14.4
15474;14.4
15475;14.4
15476;14.4
15477;14.4
15478;14.4
15479;14.4
15480;14.4
15481;14.4
15482;14.4
15483;14.4
15484;14.4
15485;14.4
15486;14.4
15487;14.4
15488;14.4
15489;14.4
15490;14.4
15491;14.4
15492;14.4
15493;14.4
15494;14.4
15495;14.4
15496;14.4
15497;14.4
15498;14.4
15499;14.4
15500;14.4
15501;14.4
15502;14.4
15503;14.4
15504;14.4
15505;14.4
15506;14.4
15507;14.4
15508;14.4
15509;14.4
15510;14.4
15511;14.4
15512;14.4
15513;14.4
15514;14.4
15515;14.4
15516;14.4
15517;14.4
15518;14.4
15519;14.4
15520;14.4
15521;14.4
15522;14.4
15523;14.4
15524;14.4
15525;14.4
15526;14.4
15527;14.4
15528;14.4
15529;14.4
15530;14.4
15531;14.4
15532;14.4
15533;14.4
15534;14.4
15535;14.4
15536;14.4
15537;14.4
15538;14.4
15539;14.4
15540;14.4
15541;14.4
15542;14.4
15543;14.4
15544;14.4
15545;14.4
15546;14.4
15547;14.4
15548;14.4
15549;14.4
15550;14.4
15551;14.4
15552;14.4
15553;14.4
15554;14.4
15555;14.4
15556;14.4
15557;14.4
15558;14.4
15559;14.4
15560;14.4
15561;14.4
15562;14.4
15563;14.4
15564;14.4
15565;14.4
15566;14.4
15567;14.4
15568;14.4
15569;14.4
15570;14.4
15571;14.4
15572;14.4
15573;14.4
15574;14.4
15575;14.4
15576;14.4
15577;14.4
15578;14.4
15579;14.4
15580;14.4
15581;14.4
15582;14.4
15583;14.4
15584;14.4
15585;14.4
15586;14.4
15587;14.4
15588;14.4
15589;14.4
15590;14.4
15591;14.4
15592;14.4
15593;14.4
15594;14.4
15595;14.4
15596;14.4
15597;14.4
15598;14.4
15599;14.4
15600;14.4
15601;14.4
15602;14.4
15603;14.4
15604;14.4
15605;14.4
15606;14.4
15607;14.4
15608;14.4
15609;14.4
15610;14.4
15611;14.4
15612;14.4
15613;14.4
15614;14.4
15615;14.4
15616;14.4
15617;14.4
15618;14.4
15619;14.4
15620;14.4
15621;14.4
15622;14.4
15623;14.4
15624;14.4
15625;14.4
15626;14.4
15627;14.4
15628;14.4
15629;14.4
15630;14.4
15631;14.4
15632;14.4
15633;14.4
15634;14.4
15635;14.4
15636;14.4
15637;14.4
15638;14.4
15639;14.4
15640;14.4
15641;14.4
15642;14.4
15643;14.4
15644;14.4
15645;14.4
15646;14.4
15647;14.4
15648;14.4
15649;14.4
15650;14.4
15651;14.4
15652;14.4
15653;14.4
15654;14.4
15655;14.4
15656;14.4
15657;14.4
15658;14.4
15659;14.4
15660;14.4
15661;14.4
15662;14.4
15663;14.4
15664;14.4
15665;14.4
15666;14.4
15667;14.4
15668;14.4
15669;14.4
15670;14.4
15671;14.4
15672;14.4
15673;14.4
15674;14.4
15675;14.4
15676;14.4
15677;14.4
15678;14.4
15679;14.4
15680;14.4
15681;14.4
15682;14.4
15683;14.4
15684;14.4
15685;14.4
15686;14.4
15687;14.4
15688;14.4
15689;14.4
15690;14.4
15691;14.4
15692;14.4
15693;14.4
15694;14.4
15695;14.4
15696;14.4
15697;14.4
15698;14.4
15699;14.4
15700;14.4
15701;14.4
15702;14.4
15703;14.4
15704;14.4
15705;14.4
15706;14.4
15707;14.4
15708;14.4
15709;14.4
15710;14.4
15711;14.4
15712;14.4
15713;14.4
15714;14.4
15715;14.4
15716;14.4
15717;14.4
15718;14.4
15719;14.4
15720;14.4
15721;14.4
15722;14.4
15723;14.4
15724;14.4
15725;14.4
15726;14.4
15727;14.4
15728;14.4
15729;14.4
15730;14.4
15731;14.4
15732;14.4
15733;14.4
15734;14.4
15735;14.4
15736;14.4
15737;14.4
15738;14.4
15739;14.4
15740;14.4
15741;14.4
15742;14.4
15743;14.4
15744;14.4
15745;14.4
15746;14.4
15747;14.4
15748;14.4
15749;14.4
15750;14.4
15751;14.4
15752;14.4
15753;14.4
15754;14.4
15755;14.4
15756;14.4
15757;14.4
15758;14.4
15759;14.4
15760;14.4
15761;14.4
15762;14.4
15763;14.4
15764;14.4
15765;14.4
15766;14.4
15767;14.4
15768;14.4
15769;14.4
15770;14.4
15771;14.4
15772;14.4
15773;14.4
15774;14.4
15775;14.4
15776;14.4
15777;14.4
15778;14.4
15779;14.4
15780;14.4
15781;14.4
15782;14.4
15783;14.4
15784;14.4
15785;14.4
15786;14.4
15787;14.4
15788;14.4
15789;14.4
15790;14.4
15791;14.4
15792;14.4
15793;14.4
15794;14.4
15795;14.4
15796;14.4
15797;14.4
15798;14.4
15799;14.4
15800;14.4
15801;14.4
15802;14.4
15803;14.4
15804;14.4
15805;14.4
15806;14.4
15807;14.4
15808;14.4
15809;14.4
15810;14.4
15811;14.4
15812;14.4
15813;14.4
15814;14.4
15815;14.4
15816;14.4
15817;14.4
15818;14.4
15819;14.4
15820;14.4
15821;14.4
15822;14.4
15823;14.4
15824;14.4
15825;14.4
15826;14.4
15827;14.4
15828;14.4
15829;14.4
15830;14.4
15831;14.4
15832;14.4
15833;14.4
15834;14.4
15835;14.4
15836;14.4
15837;14.4
15838;14.4
15839;14.4
15840;14.4
15841;14.4
15842;14.4
15843;14.4
15844;14.4
15845;14.4
15846;14.4
15847;14.4
15848;14.4
15849;14.4
15850;14.4
15851;14.4
15852;14.4
15853;14.4
15854;14.4
15855;14.4
15856;14.4
15857;14.4
15858;14.4
15859;14.4
15860;14.4
15861;14.4
15862;14.4
15863;14.4
15864;14.4
15865;14.4
15866;14.4
15867;14.4
15868;14.4
15869;14.4
15870;14.4
15871;14.4
15872;14.4
15873;14.4
15874;14.4
15875;14.4
15876;14.4
15877;14.4
15878;14.4
15879;14.4
15880;14.4
15881;14.4
15882;14.4
15883;14.4
15884;14.4
15885;14.4
15886;14.4
15887;14.4
15888;14.4
15889;14.4
15890;14.4
15891;14.4
15892;14.4
15893;14.4
15894;14.4
15895;14.4
15896;14.4
15897;14.4
15898;14.4
15899;14.4
15900;14.4
15901;14.4
15902;14.4
15903;14.4
15904;14.4
15905;14.4
15906;14.4
15907;14.4
15908;14.4
15909;14.4
15910;14.4
15911;14.4
15912;14.4
15913;14.4
15914;14.4
15915;14.4
15916;14.4
15917;14.4
15918;14.4
15919;14.4
15920;14.4
15921;14.4
15922;14.4
15923;14.4
15924;14.4
15925;14.4
15926;14.4
15927;14.4
15928;14.4
15929;14.4
15930;14.4
15931;14.4
15932;14.4
15933;14.4
15934;14.4
15935;14.4
15936;14.4
15937;14.4
15938;14.4
15939;14.4
15940;14.4
15941;14.4
15942;14.4
15943;14.4
15944;14.4
15945;14.4
15946;14.4
15947;14.4
15948;14.4
15949;14.4
15950;14.4
15951;14.4
15952;14.4
15953;14.4
15954;14.4
15955;14.4
15956;14.4
15957;14.4
15958;14.4
15959;14.4
15960;14.4
15961;14.4
15962;14.4
15963;14.4
15964;14.4
15965;14.4
15966;14.4
15967;14.4
15968;14.4
15969;14.4
15970;14.4
15971;14.4
15972;14.4
15973;14.4
15974;14.4
15975;14.4
15976;14.4
15977;14.4
15978;14.4
15979;14.4
15980;14.4
15981;14.4
15982;14.4
15983;14.4
15984;14.4
15985;14.4
15986;14.4
15987;14.4
15988;14.4
15989;14.4
15990;14.4
15991;14.4
15992;14.4
15993;14.4
15994;14.4
15995;14.4
15996;14.4
15997;14.4
15998;14.4
15999;14.4
16000;14.4
16001;14.4
16002;14.4
16003;14.4
16004;14.4
16005;14.4
16006;14.4
16007;14.4
16008;14.4
16009;14.4
16010;14.4
16011;14.4
16012;14.4
16013;14.4
16014;14.4
16015;14.4
16016;14.4
16017;14.4
16018;14.4
16019;14.4
16020;14.4
16021;14.4
16022;14.4
16023;14.4
16024;14.4
16025;14.4
16026;14.4
16027;14.4
16028;14.4
16029;14.4
16030;14.4
16031;14.4
16032;14.4
16033;14.4
16034;14.4
16035;14.4
16036;14.4
16037;14.4
16038;14.4
16039;14.4
16040;14.4
16041;14.4
16042;14.4
16043;14.4
16044;14.4
16045;14.4
16046;14.4
16047;14.4
16048;14.4
16049;14.4
16050;14.4
16051;14.4
16052;14.4
16053;14.4
16054;14.4
16055;14.4
16056;14.4
16057;14.4
16058;14.4
16059;14.4
16060;14.4
16061;14.4
16062;14.4
16063;14.4
16064;14.4
16065;14.4
16066;14.4
16067;14.4
16068;14.4
16069;14.4
16070;14.4
16071;14.4
16072;14.4
16073;14.4
16074;14.4
16075;14.4
16076;14.4
16077;14.4
16078;14.4
16079;14.4
16080;14.4
16081;14.4
16082;14.4
16083;14.4
16084;14.4
16085;14.4
16086;14.4
16087;14.4
16088;14.4
16089;14.4
16090;14.4
16091;14.4
16092;14.4
16093;14.4
16094;14.4
16095;14.4
16096;14.4
16097;14.4
16098;14.4
16099;14.4
16100;14.4
16101;14.4
16102;14.4
16103;14.4
16104;14.4
16105;14.4
16106;14.4
16107;14.4
16108;14.4
16109;14.4
16110;14.4
16111;14.4
16112;14.4
16113;14.4
16114;14.4
16115;14.4
16116;14.4
16117;14.4
16118;14.4
16119;14.4
16120;14.4
16121;14.4
16122;14.4
16123;14.4
16124;14.4
16125;14.4
16126;14.4
16127;14.4
16128;14.4
16129;14.4
16130;14.4
16131;14.4
16132;14.4
16133;14.4
16134;14.4
16135;14.4
16136;14.4
16137;14.4
16138;14.4
16139;14.4
16140;14.4
16141;14.4
16142;14.4
16143;14.4
16144;14.4
16145;14.4
16146;14.4
16147;14.4
16148;14.4
16149;14.4
16150;14.4
16151;14.4
16152;14.4
16153;14.4
16154;14.4
16155;14.4
16156;14.4
16157;14.4
16158;14.4
16159;14.4
16160;14.4
16161;14.4
16162;14.4
16163;14.4
16164;14.4
16165;14.4
16166;14.4
16167;14.4
16168;14.4
16169;14.4
16170;14.4
16171;14.4
16172;14.4
16173;14.4
16174;14.4
16175;14.4
16176;14.4
16177;14.4
16178;14.4
16179;14.4
16180;14.4
16181;14.4
16182;14.4
16183;14.4
16184;14.4
16185;14.4
16186;14.4
16187;14.4
16188;14.4
16189;14.4
16190;14.4
16191;14.4
16192;14.4
16193;14.4
16194;14.4
16195;14.4
16196;14.4
16197;14.4
16198;14.4
16199;14.4
16200;14.4
16201;14.4
16202;14.4
16203;14.4
16204;14.4
16205;14.4
16206;14.4
16207;14.4
16208;14.4
16209;14.4
16210;14.4
16211;14.4
16212;14.4
16213;14.4
16214;14.4
16215;14.4
16216;14.4
16217;14.4
16218;14.4
16219;14.4
16220;14.4
16221;14.4
16222;14.4
16223;14.4
16224;14.4
16225;14.4
16226;14.4
16227;14.4
16228;14.4
16229;14.4
16230;14.4
16231;14.4
16232;14.4
16233;14.4
16234;14.4
16235;14.4
16236;14.4
16237;14.4
16238;14.4
16239;14.4
16240;14.4
16241;14.4
16242;14.4
16243;14.4
16244;14.4
16245;14.4
16246;14.4
16247;14.4
16248;14.4
16249;14.4
16250;14.4
16251;14.4
16252;14.4
16253;14.4
16254;14.4
16255;14.4
16256;14.4
16257;14.4
16258;14.4
16259;14.4
16260;14.4
16261;14.4
16262;14.4
16263;14.4
16264;14.4
16265;14.4
16266;14.4
16267;14.4
16268;14.4
16269;14.4
16270;14.4
16271;14.4
16272;14.4
16273;14.4
16274;14.4
16275;14.4
16276;14.4
16277;14.4
16278;14.4
16279;14.4
16280;14.4
16281;14.4
16282;14.4
16283;14.4
16284;14.4
16285;14.4
16286;14.4
16287;14.4
16288;14.4
16289;14.4
16290;14.4
16291;14.4
16292;14.4
16293;14.4
16294;14.4
16295;14.4
16296;14.4
16297;14.4
16298;14.4
16299;14.4
16300;14.4
16301;14.4
16302;14.4
16303;14.4
16304;14.4
16305;14.4
16306;14.4
16307;14.4
16308;14.4
16309;14.4
16310;14.4
16311;14.4
16312;14.4
16313;14.4
16314;14.4
16315;14.4
16316;14.4
16317;14.4
16318;14.4
16319;14.4
16320;14.4
16321;14.4
16322;14.4
16323;14.4
16324;14.4
16325;14.4
16326;14.4
16327;14.4
16328;14.4
16329;14.4
16330;14.4
16331;14.4
16332;14.4
16333;14.4
16334;14.4
16335;14.4
16336;14.4
16337;14.4
16338;14.4
16339;14.4
16340;14.4
16341;14.4
16342;14.4
16343;14.4
16344;14.4
16345;14.4
16346;14.4
16347;14.4
16348;14.4
16349;14.4
16350;14.4
16351;14.4
16352;14.4
16353;14.4
16354;14.4
16355;14.4
16356;14.4
16357;14.4
16358;14.4
16359;14.4
16360;14.4
16361;14.4
16362;14.4
16363;14.4
16364;14.4
16365;14.4
16366;14.4
16367;14.4
16368;14.4
16369;14.4
16370;14.4
16371;14.4
16372;14.4
16373;14.4
16374;14.4
16375;14.4
16376;14.4
16377;14.4
16378;14.4
16379;14.4
16380;14.4
16381;14.4
16382;14.4
16383;14.4
16384;14.4
16385;14.4
16386;14.4
16387;14.4
16388;14.4
16389;14.4
16390;14.4
16391;14.4
16392;14.4
16393;14.4
16394;14.4
16395;14.4
16396;14.4
16397;14.4
16398;14.4
16399;14.4
16400;14.4
16401;14.4
16402;14.4
16403;14.4
16404;14.4
16405;14.4
16406;14.4
16407;14.4
16408;14.4
16409;14.4
16410;14.4
16411;14.4
16412;14.4
16413;14.4
16414;14.4
16415;14.4
16416;14.4
16417;14.4
16418;14.4
16419;14.4
16420;14.4
16421;14.4
16422;14.4
16423;14.4
16424;14.4
16425;14.4
16426;14.4
16427;14.4
16428;14.4
16429;14.4
16430;14.4
16431;14.4
16432;14.4
16433;14.4
16434;14.4
16435;14.4
16436;14.4
16437;14.4
16438;14.4
16439;14.4
16440;14.4
16441;14.4
16442;14.4
16443;14.4
16444;14.4
16445;14.4
16446;14.4
16447;14.4
16448;14.4
16449;14.4
16450;14.4
16451;14.4
16452;14.4
16453;14.4
16454;14.4
16455;14.4
16456;14.4
16457;14.4
16458;14.4
16459;14.4
16460;14.4
16461;14.4
16462;14.4
16463;14.4
16464;14.4
16465;14.4
16466;14.4
16467;14.4
16468;14.4
16469;14.4
16470;14.4
16471;14.4
16472;14.4
16473;14.4
16474;14.4
16475;14.4
16476;14.4
16477;14.4
16478;14.4
16479;14.4
16480;14.4
16481;14.4
16482;14.4
16483;14.4
16484;14.4
16485;14.4
16486;14.4
16487;14.4
16488;14.4
16489;14.4
16490;14.4
16491;14.4
16492;14.4
16493;14.4
16494;14.4
16495;14.4
16496;14.4
16497;14.4
16498;14.4
16499;14.4
16500;14.4
16501;14.4
16502;14.4
16503;14.4
16504;14.4
16505;14.4
16506;14.4
16507;14.4
16508;14.4
16509;14.4
16510;14.4
16511;14.4
16512;14.4
16513;14.4
16514;14.4
16515;14.4
16516;14.4
16517;14.4
16518;14.4
16519;14.4
16520;14.4
16521;14.4
16522;14.4
16523;14.4
16524;14.4
16525;14.4
16526;14.4
16527;14.4
16528;14.4
16529;14.4
16530;14.4
16531;14.4
16532;14.4
16533;14.4
16534;14.4
16535;14.4
16536;14.4
16537;14.4
16538;14.4
16539;14.4
16540;14.4
16541;14.4
16542;14.4
16543;14.4
16544;14.4
16545;14.4
16546;14.4
16547;14.4
16548;14.4
16549;14.4
16550;14.4
16551;14.4
16552;14.4
16553;14.4
16554;14.4
16555;14.4
16556;14.4
16557;14.4
16558;14.4
16559;14.4
16560;14.4
16561;14.4
16562;14.4
16563;14.4
16564;14.4
16565;14.4
16566;14.4
16567;14.4
16568;14.4
16569;14.4
16570;14.4
16571;14.4
16572;14.4
16573;14.4
16574;14.4
16575;14.4
16576;14.4
16577;14.4
16578;14.4
16579;14.4
16580;14.4
16581;14.4
16582;14.4
16583;14.4
16584;14.4
16585;14.4
16586;14.4
16587;14.4
16588;14.4
16589;14.4
16590;14.4
16591;14.4
16592;14.4
16593;14.4
16594;14.4
16595;14.4
16596;14.4
16597;14.4
16598;14.4
16599;14.4
16600;14.4
16601;14.4
16602;14.4
16603;14.4
16604;14.4
16605;14.4
16606;14.4
16607;14.4
16608;14.4
16609;14.4
16610;14.4
16611;14.4
16612;14.4
16613;14.4
16614;14.4
16615;14.4
16616;14.4
16617;14.4
16618;14.4
16619;14.4
16620;14.4
16621;14.4
16622;14.4
16623;14.4
16624;14.4
16625;14.4
16626;14.4
16627;14.4
16628;14.4
16629;14.4
16630;14.4
16631;14.4
16632;14.4
16633;14.4
16634;14.4
16635;14.4
16636;14.4
16637;14.4
16638;14.4
16639;14.4
16640;14.4
16641;14.4
16642;14.4
16643;14.4
16644;14.4
16645;14.4
16646;14.4
16647;14.4
16648;14.4
16649;14.4
16650;14.4
16651;14.4
16652;14.4
16653;14.4
16654;14.4
16655;14.4
16656;14.4
16657;14.4
16658;14.4
16659;14.4
16660;14.4
16661;14.4
16662;14.4
16663;14.4
16664;14.4
16665;14.4
16666;14.4
16667;14.4
16668;14.4
16669;14.4
16670;14.4
16671;14.4
16672;14.4
16673;14.4
16674;14.4
16675;14.4
16676;14.4
16677;14.4
16678;14.4
16679;14.4
16680;14.4
16681;14.4
16682;14.4
16683;14.4
16684;14.4
16685;14.4
16686;14.4
16687;14.4
16688;14.4
16689;14.4
16690;14.4
16691;14.4
16692;14.4
16693;14.4
16694;14.4
16695;14.4
16696;14.4
16697;14.4
16698;14.4
16699;14.4
16700;14.4
16701;14.4
16702;14.4
16703;14.4
16704;14.4
16705;14.4
16706;14.4
16707;14.4
16708;14.4
16709;14.4
16710;14.4
16711;14.4
16712;14.4
16713;14.4
16714;14.4
16715;14.4
16716;14.4
16717;14.4
16718;14.4
16719;14.4
16720;14.4
16721;14.4
16722;14.4
16723;14.4
16724;14.4
16725;14.4
16726;14.4
16727;14.4
16728;14.4
16729;14.4
16730;14.4
16731;14.4
16732;14.4
16733;14.4
16734;14.4
16735;14.4
16736;14.4
16737;14.4
16738;14.4
16739;14.4
16740;14.4
16741;14.4
16742;14.4
16743;14.4
16744;14.4
16745;14.4
16746;14.4
16747;14.4
16748;14.4
16749;14.4
16750;14.4
16751;14.4
16752;14.4
16753;14.4
16754;14.4
16755;14.4
16756;14.4
16757;14.4
16758;14.4
16759;14.4
16760;14.4
16761;14.4
16762;14.4
16763;14.4
16764;14.4
16765;14.4
16766;14.4
16767;14.4
16768;14.4
16769;14.4
16770;14.4
16771;14.4
16772;14.4
16773;14.4
16774;14.4
16775;14.4
16776;14.4
16777;14.4
16778;14.4
16779;14.4
16780;14.4
16781;14.4
16782;14.4
16783;14.4
16784;14.4
16785;14.4
16786;14.4
16787;14.4
16788;14.4
16789;14.4
16790;14.4
16791;14.4
16792;14.4
16793;14.4
16794;14.4
16795;14.4
16796;14.4
16797;14.4
16798;14.4
16799;14.4
16800;14.4
16801;14.4
16802;14.4
16803;14.4
16804;14.4
16805;14.4
16806;14.4
16807;14.4
16808;14.4
16809;14.4
16810;14.4
16811;14.4
16812;14.4
16813;14.4
16814;14.4
16815;14.4
16816;14.4
16817;14.4
16818;14.4
16819;14.4
16820;14.4
16821;14.4
16822;14.4
16823;14.4
16824;14.4
16825;14.4
16826;14.4
16827;14.4
16828;14.4
16829;14.4
16830;14.4
16831;14.4
16832;14.4
16833;14.4
16834;14.4
16835;14.4
16836;14.4
16837;14.4
16838;14.4
16839;14.4
16840;14.4
16841;14.4
16842;14.4
16843;14.4
16844;14.4
16845;14.4
16846;14.4
16847;14.4
16848;14.4
16849;14.4
16850;14.4
16851;14.4
16852;14.4
16853;14.4
16854;14.4
16855;14.4
16856;14.4
16857;14.4
16858;14.4
16859;14.4
16860;14.4
16861;14.4
16862;14.4
16863;14.4
16864;14.4
16865;14.4
16866;14.4
16867;14.4
16868;14.4
16869;14.4
16870;14.4
16871;14.4
16872;14.4
16873;14.4
16874;14.4
16875;14.4
16876;14.4
16877;14.4
16878;14.4
16879;14.4
16880;14.4
16881;14.4
16882;14.4
16883;14.4
16884;14.4
16885;14.4
16886;14.4
16887;14.4
16888;14.4
16889;14.4
16890;14.4
16891;14.4
16892;14.4
16893;14.4
16894;14.4
16895;14.4
16896;14.4
16897;14.4
16898;14.4
16899;14.4
16900;14.4
16901;14.4
16902;14.4
16903;14.4
16904;14.4
16905;14.4
16906;14.4
16907;14.4
16908;14.4
16909;14.4
16910;14.4
16911;14.4
16912;14.4
16913;14.4
16914;14.4
16915;14.4
16916;14.4
16917;14.4
16918;14.4
16919;14.4
16920;14.4
16921;14.4
16922;14.4
16923;14.4
16924;14.4
16925;14.4
16926;14.4
16927;14.4
16928;14.4
16929;14.4
16930;14.4
16931;14.4
16932;14.4
16933;14.4
16934;14.4
16935;14.4
16936;14.4
16937;14.4
16938;14.4
16939;14.4
16940;14.4
16941;14.4
16942;14.4
16943;14.4
16944;14.4
16945;14.4
16946;14.4
16947;14.4
16948;14.4
16949;14.4
16950;14.4
16951;14.4
16952;14.4
16953;14.4
16954;14.4
16955;14.4
16956;14.4
16957;14.4
16958;14.4
16959;14.4
16960;14.4
16961;14.4
16962;14.4
16963;14.4
16964;14.4
16965;14.4
16966;14.4
16967;14.4
16968;14.4
16969;14.4
16970;14.4
16971;14.4
16972;14.4
16973;14.4
16974;14.4
16975;14.4
16976;14.4
16977;14.4
16978;14.4
16979;14.4
16980;14.4
16981;14.4
16982;14.4
16983;14.4
16984;14.4
16985;14.4
16986;14.4
16987;14.4
16988;14.4
16989;14.4
16990;14.4
16991;14.4
16992;14.4
16993;14.4
16994;14.4
16995;14.4
16996;14.4
16997;14.4
16998;14.4
16999;14.4
17000;14.4
17001;14.4
17002;14.4
17003;14.4
17004;14.4
17005;14.4
17006;14.4
17007;14.4
17008;14.4
17009;14.4
17010;14.4
17011;14.4
17012;14.4
17013;14.4
17014;14.4
17015;14.4
17016;14.4
17017;14.4
17018;14.4
17019;14.4
17020;14.4
17021;14.4
17022;14.4
17023;14.4
17024;14.4
17025;14.4
17026;14.4
17027;14.4
17028;14.4
17029;14.4
17030;14.4
17031;14.4
17032;14.4
17033;14.4
17034;14.4
17035;14.4
17036;14.4
17037;14.4
17038;14.4
17039;14.4
17040;14.4
17041;14.4
17042;14.4
17043;14.4
17044;14.4
17045;14.4
17046;14.4
17047;14.4
17048;14.4
17049;14.4
17050;14.4
17051;14.4
17052;14.4
17053;14.4
17054;14.4
17055;14.4
17056;14.4
17057;14.4
17058;14.4
17059;14.4
17060;14.4
17061;14.4
17062;14.4
17063;14.4
17064;14.4
17065;14.4
17066;14.4
17067;14.4
17068;14.4
17069;14.4
17070;14.4
17071;14.4
17072;14.4
17073;14.4
17074;14.4
17075;14.4
17076;14.4
17077;14.4
17078;14.4
17079;14.4
17080;14.4
17081;14.4
17082;14.4
17083;14.4
17084;14.4
17085;14.4
17086;14.4
17087;14.4
17088;14.4
17089;14.4
17090;14.4
17091;14.4
17092;14.4
17093;14.4
17094;14.4
17095;14.4
17096;14.4
17097;14.4
17098;14.4
17099;14.4
17100;14.4
17101;14.4
17102;14.4
17103;14.4
17104;14.4
17105;14.4
17106;14.4
17107;14.4
17108;14.4
17109;14.4
17110;14.4
17111;14.4
17112;14.4
17113;14.4
17114;14.4
17115;14.4
17116;14.4
17117;14.4
17118;14.4
17119;14.4
17120;14.4
17121;14.4
17122;14.4
17123;14.4
17124;14.4
17125;14.4
17126;14.4
17127;14.4
17128;14.4
17129;14.4
17130;14.4
17131;14.4
17132;14.4
17133;14.4
17134;14.4
17135;14.4
17136;14.4
17137;14.4
17138;14.4
17139;14.4
17140;14.4
17141;14.4
17142;14.4
17143;14.4
17144;14.4
17145;14.4
17146;14.4
17147;14.4
17148;14.4
17149;14.4
17150;14.4
17151;14.4
17152;14.4
17153;14.4
17154;14.4
17155;14.4
17156;14.4
17157;14.4
17158;14.4
17159;14.4
17160;14.4
17161;14.4
17162;14.4
17163;14.4
17164;14.4
17165;14.4
17166;14.4
17167;14.4
17168;14.4
17169;14.4
17170;14.4
17171;14.4
17172;14.4
17173;14.4
17174;14.4
17175;14.4
17176;14.4
17177;14.4
17178;14.4
17179;14.4
17180;14.4
17181;14.4
17182;14.4
17183;14.4
17184;14.4
17185;14.4
17186;14.4
17187;14.4
17188;14.4
17189;14.4
17190;14.4
17191;14.4
17192;14.4
17193;14.4
17194;14.4
17195;14.4
17196;14.4
17197;14.4
17198;14.4
17199;14.4
17200;14.4
17201;14.4
17202;14.4
17203;14.4
17204;14.4
17205;14.4
17206;14.4
17207;14.4
17208;14.4
17209;14.4
17210;14.4
17211;14.4
17212;14.4
17213;14.4
17214;14.4
17215;14.4
17216;14.4
17217;14.4
17218;14.4
17219;14.4
17220;14.4
17221;14.4
17222;14.4
17223;14.4
17224;14.4
17225;14.4
17226;14.4
17227;14.4
17228;14.4
17229;14.4
17230;14.4
17231;14.4
17232;14.4
17233;14.4
17234;14.4
17235;14.4
17236;14.4
17237;14.4
17238;14.4
17239;14.4
17240;14.4
17241;14.4
17242;14.4
17243;14.4
17244;14.4
17245;14.4
17246;14.4
17247;14.4
17248;14.4
17249;14.4
17250;14.4
17251;14.4
17252;14.4
17253;14.4
17254;14.4
17255;14.4
17256;14.4
17257;14.4
17258;14.4
17259;14.4
17260;14.4
17261;14.4
17262;14.4
17263;14.4
17264;14.4
17265;14.4
17266;14.4
17267;14.4
17268;14.4
17269;14.4
17270;14.4
17271;14.4
17272;14.4
17273;14.4
17274;14.4
17275;14.4
17276;14.4
17277;14.4
17278;14.4
17279;14.4
17280;14.4
17281;14.4
17282;14.4
17283;14.4
17284;14.4
17285;14.4
17286;14.4
17287;14.4
17288;14.4
17289;14.4
17290;14.4
17291;14.4
17292;14.4
17293;14.4
17294;14.4
17295;14.4
17296;14.4
17297;14.4
17298;14.4
17299;14.4
17300;14.4
17301;14.4
17302;14.4
17303;14.4
17304;14.4
17305;14.4
17306;14.4
17307;14.4
17308;14.4
17309;14.4
17310;14.4
17311;14.4
17312;14.4
17313;14.4
17314;14.4
17315;14.4
17316;14.4
17317;14.4
17318;14.4
17319;14.4
17320;14.4
17321;14.4
17322;14.4
17323;14.4
17324;14.4
17325;14.4
17326;14.4
17327;14.4
17328;14.4
17329;14.4
17330;14.4
17331;14.4
17332;14.4
17333;14.4
17334;14.4
17335;14.4
17336;14.4
17337;14.4
17338;14.4
17339;14.4
17340;14.4
17341;14.4
17342;14.4
17343;14.4
17344;14.4
17345;14.4
17346;14.4
17347;14.4
17348;14.4
17349;14.4
17350;14.4
17351;14.4
17352;14.4
17353;14.4
17354;14.4
17355;14.4
17356;14.4
17357;14.4
17358;14.4
17359;14.4
17360;14.4
17361;14.4
17362;14.4
17363;14.4
17364;14.4
17365;14.4
17366;14.4
17367;14.4
17368;14.4
17369;14.4
17370;14.4
17371;14.4
17372;14.4
17373;14.4
17374;14.4
17375;14.4
17376;14.4
17377;14.4
17378;14.4
17379;14.4
17380;14.4
17381;14.4
17382;14.4
17383;14.4
17384;14.4
17385;14.4
17386;14.4
17387;14.4
17388;14.4
17389;14.4
17390;14.4
17391;14.4
17392;14.4
17393;14.4
17394;14.4
17395;14.4
17396;14.4
17397;14.4
17398;14.4
17399;14.4
17400;14.4
17401;14.4
17402;14.4
17403;14.4
17404;14.4
17405;14.4
17406;14.4
17407;14.4
17408;14.4
17409;14.4
17410;14.4
17411;14.4
17412;14.4
17413;14.4
17414;14.4
17415;14.4
17416;14.4
17417;14.4
17418;14.4
17419;14.4
17420;14.4
17421;14.4
17422;14.4
17423;14.4
17424;14.4
17425;14.4
17426;14.4
17427;14.4
17428;14.4
17429;14.4
17430;14.4
17431;14.4
17432;14.4
17433;14.4
17434;14.4
17435;14.4
17436;14.4
17437;14.4
17438;14.4
17439;14.4
17440;14.4
17441;14.4
17442;14.4
17443;14.4
17444;14.4
17445;14.4
17446;14.4
17447;14.4
17448;14.4
17449;14.4
17450;14.4
17451;14.4
17452;14.4
17453;14.4
17454;14.4
17455;14.4
17456;14.4
17457;14.4
17458;14.4
17459;14.4
17460;14.4
17461;14.4
17462;14.4
17463;14.4
17464;14.4
17465;14.4
17466;14.4
17467;14.4
17468;14.4
17469;14.4
17470;14.4
17471;14.4
17472;14.4
17473;14.4
17474;14.4
17475;14.4
17476;14.4
17477;14.4
17478;14.4
17479;14.4
17480;14.4
17481;14.4
17482;14.4
17483;14.4
17484;14.4
17485;14.4
17486;14.4
17487;14.4
17488;14.4
17489;14.4
17490;14.4
17491;14.4
17492;14.4
17493;14.4
17494;14.4
17495;14.4
17496;14.4
17497;14.4
17498;14.4
17499;14.4
17500;14.4
17501;14.4
17502;14.4
17503;14.4
17504;14.4
17505;14.4
17506;14.4
17507;14.4
17508;14.4
17509;14.4
17510;14.4
17511;14.4
17512;14.4
17513;14.4
17514;14.4
17515;14.4
17516;14.4
17517;14.4
17518;14.4
17519;14.4
17520;14.4
17521;14.4
17522;14.4
17523;14.4
17524;14.4
17525;14.4
17526;14.4
17527;14.4
17528;14.4
17529;14.4
17530;14.4
17531;14.4
17532;14.4
17533;14.4
17534;14.4
17535;14.4
17536;14.4
17537;14.4
17538;14.4
17539;14.4
17540;14.4
17541;14.4
17542;14.4
17543;14.4
17544;14.4
17545;14.4
17546;14.4
17547;14.4
17548;14.4
17549;14.4
17550;14.4
17551;14.4
17552;14.4
17553;14.4
17554;14.4
17555;14.4
17556;14.4
17557;14.4
17558;14.4
17559;14.4
17560;14.4
17561;14.4
17562;14.4
17563;14.4
17564;14.4
17565;14.4
17566;14.4
17567;14.4
17568;14.4
17569;14.4
17570;14.4
17571;14.4
17572;14.4
17573;14.4
17574;14.4
17575;14.4
17576;14.4
17577;14.4
17578;14.4
17579;14.4
17580;14.4
17581;14.4
17582;14.4
17583;14.4
17584;14.4
17585;14.4
17586;14.4
17587;14.4
17588;14.4
17589;14.4
17590;14.4
17591;14.4
17592;14.4
17593;14.4
17594;14.4
17595;14.4
17596;14.4
17597;14.4
17598;14.4
17599;14.4
17600;14.4
17601;14.4
17602;14.4
17603;14.4
17604;14.4
17605;14.4
17606;14.4
17607;14.4
17608;14.4
17609;14.4
17610;14.4
17611;14.4
17612;14.4
17613;14.4
17614;14.4
17615;14.4
17616;14.4
17617;14.4
17618;14.4
17619;14.4
17620;14.4
17621;14.4
17622;14.4
17623;14.4
17624;14.4
17625;14.4
17626;14.4
17627;14.4
17628;14.4
17629;14.4
17630;14.4
17631;14.4
17632;14.4
17633;14.4
17634;14.4
17635;14.4
17636;14.4
17637;14.4
17638;14.4
17639;14.4
17640;14.4
17641;14.4
17642;14.4
17643;14.4
17644;14.4
17645;14.4
17646;14.4
17647;14.4
17648;14.4
17649;14.4
17650;14.4
17651;14.4
17652;14.4
17653;14.4
17654;14.4
17655;14.4
17656;14.4
17657;14.4
17658;14.4
17659;14.4
17660;14.4
17661;14.4
17662;14.4
17663;14.4
17664;14.4
17665;14.4
17666;14.4
17667;14.4
17668;14.4
17669;14.4
17670;14.4
17671;14.4
17672;14.4
17673;14.4
17674;14.4
17675;14.4
17676;14.4
17677;14.4
17678;14.4
17679;14.4
17680;14.4
17681;14.4
17682;14.4
17683;14.4
17684;14.4
17685;14.4
17686;14.4
17687;14.4
17688;14.4
17689;14.4
17690;14.4
17691;14.4
17692;14.4
17693;14.4
17694;14.4
17695;14.4
17696;14.4
17697;14.4
17698;14.4
17699;14.4
17700;14.4
17701;14.4
17702;14.4
17703;14.4
17704;14.4
17705;14.4
17706;14.4
17707;14.4
17708;14.4
17709;14.4
17710;14.4
17711;14.4
17712;14.4
17713;14.4
17714;14.4
17715;14.4
17716;14.4
17717;14.4
17718;14.4
17719;14.4
17720;14.4
17721;14.4
17722;14.4
17723;14.4
17724;14.4
17725;14.4
17726;14.4
17727;14.4
17728;14.4
17729;14.4
17730;14.4
17731;14.4
17732;14.4
17733;14.4
17734;14.4
17735;14.4
17736;14.4
17737;14.4
17738;14.4
17739;14.4
17740;14.4
17741;14.4
17742;14.4
17743;14.4
17744;14.4
17745;14.4
17746;14.4
17747;14.4
17748;14.4
17749;14.4
17750;14.4
17751;14.4
17752;14.4
17753;14.4
17754;14.4
17755;14.4
17756;14.4
17757;14.4
17758;14.4
17759;14.4
17760;14.4
17761;14.4
17762;14.4
17763;14.4
17764;14.4
17765;14.4
17766;14.4
17767;14.4
17768;14.4
17769;14.4
17770;14.4
17771;14.4
17772;14.4
17773;14.4
17774;14.4
17775;14.4
17776;14.4
17777;14.4
17778;14.4
17779;14.4
17780;14.4
17781;14.4
17782;14.4
17783;14.4
17784;14.4
17785;14.4
17786;14.4
17787;14.4
17788;14.4
17789;14.4
17790;14.4
17791;14.4
17792;14.4
17793;14.4
17794;14.4
17795;14.4
17796;14.4
17797;14.4
17798;14.4
17799;14.4
17800;14.4
17801;14.4
17802;14.4
17803;14.4
17804;14.4
17805;14.4
17806;14.4
17807;14.4
17808;14.4
17809;14.4
17810;14.4
17811;14.4
17812;14.4
17813;14.4
17814;14.4
17815;14.4
17816;14.4
17817;14.4
17818;14.4
17819;14.4
17820;14.4
17821;14.4
17822;14.4
17823;14.4
17824;14.4
17825;14.4
17826;14.4
17827;14.4
17828;14.4
17829;14.4
17830;14.4
17831;14.4
17832;14.4
17833;14.4
17834;14.4
17835;14.4
17836;14.4
17837;14.4
17838;14.4
17839;14.4
17840;14.4
17841;14.4
17842;14.4
17843;14.4
17844;14.4
17845;14.4
17846;14.4
17847;14.4
17848;14.4
17849;14.4
17850;14.4
17851;14.4
17852;14.4
17853;14.4
17854;14.4
17855;14.4
17856;14.4
17857;14.4
17858;14.4
17859;14.4
17860;14.4
17861;14.4
17862;14.4
17863;14.4
17864;14.4
17865;14.4
17866;14.4
17867;14.4
17868;14.4
17869;14.4
17870;14.4
17871;14.4
17872;14.4
17873;14.4
17874;14.4
17875;14.4
17876;14.4
17877;14.4
17878;14.4
17879;14.4
17880;14.4
17881;14.4
17882;14.4
17883;14.4
17884;14.4
17885;14.4
17886;14.4
17887;14.4
17888;14.4
17889;14.4
17890;14.4
17891;14.4
17892;14.4
17893;14.4
17894;14.4
17895;14.4
17896;14.4
17897;14.4
17898;14.4
17899;14.4
17900;14.4
17901;14.4
17902;14.4
17903;14.4
17904;14.4
17905;14.4
17906;14.4
17907;14.4
17908;14.4
17909;14.4
17910;14.4
17911;14.4
17912;14.4
17913;14.4
17914;14.4
17915;14.4
17916;14.4
17917;14.4
17918;14.4
17919;14.4
17920;14.4
17921;14.4
17922;14.4
17923;14.4
17924;14.4
17925;14.4
17926;14.4
17927;14.4
17928;14.4
17929;14.4
17930;14.4
17931;14.4
17932;14.4
17933;14.4
17934;14.4
17935;14.4
17936;14.4
17937;14.4
17938;14.4
17939;14.4
17940;14.4
17941;14.4
17942;14.4
17943;14.4
17944;14.4
17945;14.4
17946;14.4
17947;14.4
17948;14.4
17949;14.4
17950;14.4
17951;14.4
17952;14.4
17953;14.4
17954;14.4
17955;14.4
17956;14.4
17957;14.4
17958;14.4
17959;14.4
17960;14.4
17961;14.4
17962;14.4
17963;14.4
17964;14.4
17965;14.4
17966;14.4
17967;14.4
17968;14.4
17969;14.4
17970;14.4
17971;14.4
17972;14.4
17973;14.4
17974;14.4
17975;14.4
17976;14.4
17977;14.4
17978;14.4
17979;14.4
17980;14.4
17981;14.4
17982;14.4
17983;14.4
17984;14.4
17985;14.4
17986;14.4
17987;14.4
17988;14.4
17989;14.4
17990;14.4
17991;14.4
17992;14.4
17993;14.4
17994;14.4
17995;14.4
17996;14.4
17997;14.4
17998;14.4
17999;14.4
18000;14.4
18001;14.4
18002;14.4
18003;14.4
18004;14.4
18005;14.4
18006;14.4
18007;14.4
18008;14.4
18009;14.4
18010;14.4
18011;14.4
18012;14.4
18013;14.4
18014;14.4
18015;14.4
18016;14.4
18017;14.4
18018;14.4
18019;14.4
18020;14.4
18021;14.4
18022;14.4
18023;14.4
18024;14.4
18025;14.4
18026;14.4
18027;14.4
18028;14.4
18029;14.4
18030;14.4
18031;14.4
18032;14.4
18033;14.4
18034;14.4
18035;14.4
18036;14.4
18037;14.4
18038;14.4
18039;14.4
18040;14.4
18041;14.4
18042;14.4
18043;14.4
18044;14.4
18045;14.4
18046;14.4
18047;14.4
18048;14.4
18049;14.4
18050;14.4
18051;14.4
18052;14.4
18053;14.4
18054;14.4
18055;14.4
18056;14.4
18057;14.4
18058;14.4
18059;14.4
18060;14.4
18061;14.4
18062;14.4
18063;14.4
18064;14.4
18065;14.4
18066;14.4
18067;14.4
18068;14.4
18069;14.4
18070;14.4
18071;14.4
18072;14.4
18073;14.4
18074;14.4
18075;14.4
18076;14.4
18077;14.4
18078;14.4
18079;14.4
18080;14.4
18081;14.4
18082;14.4
18083;14.4
18084;14.4
18085;14.4
18086;14.4
18087;14.4
18088;14.4
18089;14.4
18090;14.4
18091;14.4
18092;14.4
18093;14.4
18094;14.4
18095;14.4
18096;14.4
18097;14.4
18098;14.4
18099;14.4
18100;14.4
18101;14.4
18102;14.4
18103;14.4
18104;14.4
18105;14.4
18106;14.4
18107;14.4
18108;14.4
18109;14.4
18110;14.4
18111;14.4
18112;14.4
18113;14.4
18114;14.4
18115;14.4
18116;14.4
18117;14.4
18118;14.4
18119;14.4
18120;14.4
18121;14.4
18122;14.4
18123;14.4
18124;14.4
18125;14.4
18126;14.4
18127;14.4
18128;14.4
18129;14.4
18130;14.4
18131;14.4
18132;14.4
18133;14.4
18134;14.4
18135;14.4
18136;14.4
18137;14.4
18138;14.4
18139;14.4
18140;14.4
18141;14.4
18142;14.4
18143;14.4
18144;14.4
18145;14.4
18146;14.4
18147;14.4
18148;14.4
18149;14.4
18150;14.4
18151;14.4
18152;14.4
18153;14.4
18154;14.4
18155;14.4
18156;14.4
18157;14.4
18158;14.4
18159;14.4
18160;14.4
18161;14.4
18162;14.4
18163;14.4
18164;14.4
18165;14.4
18166;14.4
18167;14.4
18168;14.4
18169;14.4
18170;14.4
18171;14.4
18172;14.4
18173;14.4
18174;14.4
18175;14.4
18176;14.4
18177;14.4
18178;14.4
18179;14.4
18180;14.4
18181;14.4
18182;14.4
18183;14.4
18184;14.4
18185;14.4
18186;14.4
18187;14.4
18188;14.4
18189;14.4
18190;14.4
18191;14.4
18192;14.4
18193;14.4
18194;14.4
18195;14.4
18196;14.4
18197;14.4
18198;14.4
18199;14.4
18200;14.4
18201;14.4
18202;14.4
18203;14.4
18204;14.4
18205;14.4
18206;14.4
18207;14.4
18208;14.4
18209;14.4
18210;14.4
18211;14.4
18212;14.4
18213;14.4
18214;14.4
18215;14.4
18216;14.4
18217;14.4
18218;14.4
18219;14.4
18220;14.4
18221;14.4
18222;14.4
18223;14.4
18224;14.4
18225;14.4
18226;14.4
18227;14.4
18228;14.4
18229;14.4
18230;14.4
18231;14.4
18232;14.4
18233;14.4
18234;14.4
18235;14.4
18236;14.4
18237;14.4
18238;14.4
18239;14.4
18240;14.4
18241;14.4
18242;14.4
18243;14.4
18244;14.4
18245;14.4
18246;14.4
18247;14.4
18248;14.4
18249;14.4
18250;14.4
18251;14.4
18252;14.4
18253;14.4
18254;14.4
18255;14.4
18256;14.4
18257;14.4
18258;14.4
18259;14.4
18260;14.4
18261;14.4
18262;14.4
18263;14.4
18264;14.4
18265;14.4
18266;14.4
18267;14.4
18268;14.4
18269;14.4
18270;14.4
18271;14.4
18272;14.4
18273;14.4
18274;14.4
18275;14.4
18276;14.4
18277;14.4
18278;14.4
18279;14.4
18280;14.4
18281;14.4
18282;14.4
18283;14.4
18284;14.4
18285;14.4
18286;14.4
18287;14.4
18288;14.4
18289;14.4
18290;14.4
18291;14.4
18292;14.4
18293;14.4
18294;14.4
18295;14.4
18296;14.4
18297;14.4
18298;14.4
18299;14.4
18300;14.4
18301;14.4
18302;14.4
18303;14.4
18304;14.4
18305;14.4
18306;14.4
18307;14.4
18308;14.4
18309;14.4
18310;14.4
18311;14.4
18312;14.4
18313;14.4
18314;14.4
18315;14.4
18316;14.4
18317;14.4
18318;14.4
18319;14.4
18320;14.4
18321;14.4
18322;14.4
18323;14.4
18324;14.4
18325;14.4
18326;14.4
18327;14.4
18328;14.4
18329;14.4
18330;14.4
18331;14.4
18332;14.4
18333;14.4
18334;14.4
18335;14.4
18336;14.4
18337;14.4
18338;14.4
18339;14.4
18340;14.4
18341;14.4
18342;14.4
18343;14.4
18344;14.4
18345;14.4
18346;14.4
18347;14.4
18348;14.4
18349;14.4
18350;14.4
18351;14.4
18352;14.4
18353;14.4
18354;14.4
18355;14.4
18356;14.4
18357;14.4
18358;14.4
18359;14.4
18360;14.4
18361;14.4
18362;14.4
18363;14.4
18364;14.4
18365;14.4
18366;14.4
18367;14.4
18368;14.4
18369;14.4
18370;14.4
18371;14.4
18372;14.4
18373;14.4
18374;14.4
18375;14.4
18376;14.4
18377;14.4
18378;14.4
18379;14.4
18380;14.4
18381;14.4
18382;14.4
18383;14.4
18384;14.4
18385;14.4
18386;14.4
18387;14.4
18388;14.4
18389;14.4
18390;14.4
18391;14.4
18392;14.4
18393;14.4
18394;14.4
18395;14.4
18396;14.4
18397;14.4
18398;14.4
18399;14.4
18400;14.4
18401;14.4
18402;14.4
18403;14.4
18404;14.4
18405;14.4
18406;14.4
18407;14.4
18408;14.4
18409;14.4
18410;14.4
18411;14.4
18412;14.4
18413;14.4
18414;14.4
18415;14.4
18416;14.4
18417;14.4
18418;14.4
18419;14.4
18420;14.4
18421;14.4
18422;14.4
18423;14.4
18424;14.4
18425;14.4
18426;14.4
18427;14.4
18428;14.4
18429;14.4
18430;14.4
18431;14.4
18432;14.4
18433;14.4
18434;14.4
18435;14.4
18436;14.4
18437;14.4
18438;14.4
18439;14.4
18440;14.4
18441;14.4
18442;14.4
18443;14.4
18444;14.4
18445;14.4
18446;14.4
18447;14.4
18448;14.4
18449;14.4
18450;14.4
18451;14.4
18452;14.4
18453;14.4
18454;14.4
18455;14.4
18456;14.4
18457;14.4
18458;14.4
18459;14.4
18460;14.4
18461;14.4
18462;14.4
18463;14.4
18464;14.4
18465;14.4
18466;14.4
18467;14.4
18468;14.4
18469;14.4
18470;14.4
18471;14.4
18472;14.4
18473;14.4
18474;14.4
18475;14.4
18476;14.4
18477;14.4
18478;14.4
18479;14.4
18480;14.4
18481;14.4
18482;14.4
18483;14.4
18484;14.4
18485;14.4
18486;14.4
18487;14.4
18488;14.4
18489;14.4
18490;14.4
18491;14.4
18492;14.4
18493;14.4
18494;14.4
18495;14.4
18496;14.4
18497;14.4
18498;14.4
18499;14.4
18500;14.4
18501;14.4
18502;14.4
18503;14.4
18504;14.4
18505;14.4
18506;14.4
18507;14.4
18508;14.4
18509;14.4
18510;14.4
18511;14.4
18512;14.4
18513;14.4
18514;14.4
18515;14.4
18516;14.4
18517;14.4
18518;14.4
18519;14.4
18520;14.4
18521;14.4
18522;14.4
18523;14.4
18524;14.4
18525;14.4
18526;14.4
18527;14.4
18528;14.4
18529;14.4
18530;14.4
18531;14.4
18532;14.4
18533;14.4
18534;14.4
18535;14.4
18536;14.4
18537;14.4
18538;14.4
18539;14.4
18540;14.4
18541;14.4
18542;14.4
18543;14.4
18544;14.4
18545;14.4
18546;14.4
18547;14.4
18548;14.4
18549;14.4
18550;14.4
18551;14.4
18552;14.4
18553;14.4
18554;14.4
18555;14.4
18556;14.4
18557;14.4
18558;14.4
18559;14.4
18560;14.4
18561;14.4
18562;14.4
18563;14.4
18564;14.4
18565;14.4
18566;14.4
18567;14.4
18568;14.4
18569;14.4
18570;14.4
18571;14.4
18572;14.4
18573;14.4
18574;14.4
18575;14.4
18576;14.4
18577;14.4
18578;14.4
18579;14.4
18580;14.4
18581;14.4
18582;14.4
18583;14.4
18584;14.4
18585;14.4
18586;14.4
18587;14.4
18588;14.4
18589;14.4
18590;14.4
18591;14.4
18592;14.4
18593;14.4
18594;14.4
18595;14.4
18596;14.4
18597;14.4
18598;14.4
18599;14.4
18600;14.4
18601;14.4
18602;14.4
18603;14.4
18604;14.4
18605;14.4
18606;14.4
18607;14.4
18608;14.4
18609;14.4
18610;14.4
18611;14.4
18612;14.4
18613;14.4
18614;14.4
18615;14.4
18616;14.4
18617;14.4
18618;14.4
18619;14.4
18620;14.4
18621;14.4
18622;14.4
18623;14.4
18624;14.4
18625;14.4
18626;14.4
18627;14.4
18628;14.4
18629;14.4
18630;14.4
18631;14.4
18632;14.4
18633;14.4
18634;14.4
18635;14.4
18636;14.4
18637;14.4
18638;14.4
18639;14.4
18640;14.4
18641;14.4
18642;14.4
18643;14.4
18644;14.4
18645;14.4
18646;14.4
18647;14.4
18648;14.4
18649;14.4
18650;14.4
18651;14.4
18652;14.4
18653;14.4
18654;14.4
18655;14.4
18656;14.4
18657;14.4
18658;14.4
18659;14.4
18660;14.4
18661;14.4
18662;14.4
18663;14.4
18664;14.4
18665;14.4
18666;14.4
18667;14.4
18668;14.4
18669;14.4
18670;14.4
18671;14.4
18672;14.4
18673;14.4
18674;14.4
18675;14.4
18676;14.4
18677;14.4
18678;14.4
18679;14.4
18680;14.4
18681;14.4
18682;14.4
18683;14.4
18684;14.4
18685;14.4
18686;14.4
18687;14.4
18688;14.4
18689;14.4
18690;14.4
18691;14.4
18692;14.4
18693;14.4
18694;14.4
18695;14.4
18696;14.4
18697;14.4
18698;14.4
18699;14.4
18700;14.4
18701;14.4
18702;14.4
18703;14.4
18704;14.4
18705;14.4
18706;14.4
18707;14.4
18708;14.4
18709;14.4
18710;14.4
18711;14.4
18712;14.4
18713;14.4
18714;14.4
18715;14.4
18716;14.4
18717;14.4
18718;14.4
18719;14.4
18720;14.4
18721;14.4
18722;14.4
18723;14.4
18724;14.4
18725;14.4
18726;14.4
18727;14.4
18728;14.4
18729;14.4
18730;14.4
18731;14.4
18732;14.4
18733;14.4
18734;14.4
18735;14.4
18736;14.4
18737;14.4
18738;14.4
18739;14.4
18740;14.4
18741;14.4
18742;14.4
18743;14.4
18744;14.4
18745;14.4
18746;14.4
18747;14.4
18748;14.4
18749;14.4
18750;14.4
18751;14.4
18752;14.4
18753;14.4
18754;14.4
18755;14.4
18756;14.4
18757;14.4
18758;14.4
18759;14.4
18760;14.4
18761;14.4
18762;14.4
18763;14.4
18764;14.4
18765;14.4
18766;14.4
18767;14.4
18768;14.4
18769;14.4
18770;14.4
18771;14.4
18772;14.4
18773;14.4
18774;14.4
18775;14.4
18776;14.4
18777;14.4
18778;14.4
18779;14.4
18780;14.4
18781;14.4
18782;14.4
18783;14.4
18784;14.4
18785;14.4
18786;14.4
18787;14.4
18788;14.4
18789;14.4
18790;14.4
18791;14.4
18792;14.4
18793;14.4
18794;14.4
18795;14.4
18796;14.4
18797;14.4
18798;14.4
18799;14.4
18800;14.4
18801;14.4
18802;14.4
18803;14.4
18804;14.4
18805;14.4
18806;14.4
18807;14.4
18808;14.4
18809;14.4
18810;14.4
18811;14.4
18812;14.4
18813;14.4
18814;14.4
18815;14.4
18816;14.4
18817;14.4
18818;14.4
18819;14.4
18820;14.4
18821;14.4
18822;14.4
18823;14.4
18824;14.4
18825;14.4
18826;14.4
18827;14.4
18828;14.4
18829;14.4
18830;14.4
18831;14.4
18832;14.4
18833;14.4
18834;14.4
18835;14.4
18836;14.4
18837;14.4
18838;14.4
18839;14.4
18840;14.4
18841;14.4
18842;14.4
18843;14.4
18844;14.4
18845;14.4
18846;14.4
18847;14.4
18848;14.4
18849;14.4
18850;14.4
18851;14.4
18852;14.4
18853;14.4
18854;14.4
18855;14.4
18856;14.4
18857;14.4
18858;14.4
18859;14.4
18860;14.4
18861;14.4
18862;14.4
18863;14.4
18864;14.4
18865;14.4
18866;14.4
18867;14.4
18868;14.4
18869;14.4
18870;14.4
18871;14.4
18872;14.4
18873;14.4
18874;14.4
18875;14.4
18876;14.4
18877;14.4
18878;14.4
18879;14.4
18880;14.4
18881;14.4
18882;14.4
18883;14.4
18884;14.4
18885;14.4
18886;14.4
18887;14.4
18888;14.4
18889;14.4
18890;14.4
18891;14.4
18892;14.4
18893;14.4
18894;14.4
18895;14.4
18896;14.4
18897;14.4
18898;14.4
18899;14.4
18900;14.4
18901;14.4
18902;14.4
18903;14.4
18904;14.4
18905;14.4
18906;14.4
18907;14.4
18908;14.4
18909;14.4
18910;14.4
18911;14.4
18912;14.4
18913;14.4
18914;14.4
18915;14.4
18916;14.4
18917;14.4
18918;14.4
18919;14.4
18920;14.4
18921;14.4
18922;14.4
18923;14.4
18924;14.4
18925;14.4
18926;14.4
18927;14.4
18928;14.4
18929;14.4
18930;14.4
18931;14.4
18932;14.4
18933;14.4
18934;14.4
18935;14.4
18936;14.4
18937;14.4
18938;14.4
18939;14.4
18940;14.4
18941;14.4
18942;14.4
18943;14.4
18944;14.4
18945;14.4
18946;14.4
18947;14.4
18948;14.4
18949;14.4
18950;14.4
18951;14.4
18952;14.4
18953;14.4
18954;14.4
18955;14.4
18956;14.4
18957;14.4
18958;14.4
18959;14.4
18960;14.4
18961;14.4
18962;14.4
18963;14.4
18964;14.4
18965;14.4
18966;14.4
18967;14.4
18968;14.4
18969;14.4
18970;14.4
18971;14.4
18972;14.4
18973;14.4
18974;14.4
18975;14.4
18976;14.4
18977;14.4
18978;14.4
18979;14.4
18980;14.4
18981;14.4
18982;14.4
18983;14.4
18984;14.4
18985;14.4
18986;14.4
18987;14.4
18988;14.4
18989;14.4
18990;14.4
18991;14.4
18992;14.4
18993;14.4
18994;14.4
18995;14.4
18996;14.4
18997;14.4
18998;14.4
18999;14.4
19000;14.4
19001;14.4
19002;14.4
19003;14.4
19004;14.4
19005;14.4
19006;14.4
19007;14.4
19008;14.4
19009;14.4
19010;14.4
19011;14.4
19012;14.4
19013;14.4
19014;14.4
19015;14.4
19016;14.4
19017;14.4
19018;14.4
19019;14.4
19020;14.4
19021;14.4
19022;14.4
19023;14.4
19024;14.4
19025;14.4
19026;14.4
19027;14.4
19028;14.4
19029;14.4
19030;14.4
19031;14.4
19032;14.4
19033;14.4
19034;14.4
19035;14.4
19036;14.4
19037;14.4
19038;14.4
19039;14.4
19040;14.4
19041;14.4
19042;14.4
19043;14.4
19044;14.4
19045;14.4
19046;14.4
19047;14.4
19048;14.4
19049;14.4
19050;14.4
19051;14.4
19052;14.4
19053;14.4
19054;14.4
19055;14.4
19056;14.4
19057;14.4
19058;14.4
19059;14.4
19060;14.4
19061;14.4
19062;14.4
19063;14.4
19064;14.4
19065;14.4
19066;14.4
19067;14.4
19068;14.4
19069;14.4
19070;14.4
19071;14.4
19072;14.4
19073;14.4
19074;14.4
19075;14.4
19076;14.4
19077;14.4
19078;14.4
19079;14.4
19080;14.4
19081;14.4
19082;14.4
19083;14.4
19084;14.4
19085;14.4
19086;14.4
19087;14.4
19088;14.4
19089;14.4
19090;14.4
19091;14.4
19092;14.4
19093;14.4
19094;14.4
19095;14.4
19096;14.4
19097;14.4
19098;14.4
19099;14.4
19100;14.4
19101;14.4
19102;14.4
19103;14.4
19104;14.4
19105;14.4
19106;14.4
19107;14.4
19108;14.4
19109;14.4
19110;14.4
19111;14.4
19112;14.4
19113;14.4
19114;14.4
19115;14.4
19116;14.4
19117;14.4
19118;14.4
19119;14.4
19120;14.4
19121;14.4
19122;14.4
19123;14.4
19124;14.4
19125;14.4
19126;14.4
19127;14.4
19128;14.4
19129;14.4
19130;14.4
19131;14.4
19132;14.4
19133;14.4
19134;14.4
19135;14.4
19136;14.4
19137;14.4
19138;14.4
19139;14.4
19140;14.4
19141;14.4
19142;14.4
19143;14.4
19144;14.4
19145;14.4
19146;14.4
19147;14.4
19148;14.4
19149;14.4
19150;14.4
19151;14.4
19152;14.4
19153;14.4
19154;14.4
19155;14.4
19156;14.4
19157;14.4
19158;14.4
19159;14.4
19160;14.4
19161;14.4
19162;14.4
19163;14.4
19164;14.4
19165;14.4
19166;14.4
19167;14.4
19168;14.4
19169;14.4
19170;14.4
19171;14.4
19172;14.4
19173;14.4
19174;14.4
19175;14.4
19176;14.4
19177;14.4
19178;14.4
19179;14.4
19180;14.4
19181;14.4
19182;14.4
19183;14.4
19184;14.4
19185;14.4
19186;14.4
19187;14.4
19188;14.4
19189;14.4
19190;14.4
19191;14.4
19192;14.4
19193;14.4
19194;14.4
19195;14.4
19196;14.4
19197;14.4
19198;14.4
19199;14.4
19200;14.4
19201;14.4
19202;14.4
19203;14.4
19204;14.4
19205;14.4
19206;14.4
19207;14.4
19208;14.4
19209;14.4
19210;14.4
19211;14.4
19212;14.4
19213;14.4
19214;14.4
19215;14.4
19216;14.4
19217;14.4
19218;14.4
19219;14.4
19220;14.4
19221;14.4
19222;14.4
19223;14.4
19224;14.4
19225;14.4
19226;14.4
19227;14.4
19228;14.4
19229;14.4
19230;14.4
19231;14.4
19232;14.4
19233;14.4
19234;14.4
19235;14.4
19236;14.4
19237;14.4
19238;14.4
19239;14.4
19240;14.4
19241;14.4
19242;14.4
19243;14.4
19244;14.4
19245;14.4
19246;14.4
19247;14.4
19248;14.4
19249;14.4
19250;14.4
19251;14.4
19252;14.4
19253;14.4
19254;14.4
19255;14.4
19256;14.4
19257;14.4
19258;14.4
19259;14.4
19260;14.4
19261;14.4
19262;14.4
19263;14.4
19264;14.4
19265;14.4
19266;14.4
19267;14.4
19268;14.4
19269;14.4
19270;14.4
19271;14.4
19272;14.4
19273;14.4
19274;14.4
19275;14.4
19276;14.4
19277;14.4
19278;14.4
19279;14.4
19280;14.4
19281;14.4
19282;14.4
19283;14.4
19284;14.4
19285;14.4
19286;14.4
19287;14.4
19288;14.4
19289;14.4
19290;14.4
19291;14.4
19292;14.4
19293;14.4
19294;14.4
19295;14.4
19296;14.4
19297;14.4
19298;14.4
19299;14.4
19300;14.4
19301;14.4
19302;14.4
19303;14.4
19304;14.4
19305;14.4
19306;14.4
19307;14.4
19308;14.4
19309;14.4
19310;14.4
19311;14.4
19312;14.4
19313;14.4
19314;14.4
19315;14.4
19316;14.4
19317;14.4
19318;14.4
19319;14.4
19320;14.4
19321;14.4
19322;14.4
19323;14.4
19324;14.4
19325;14.4
19326;14.4
19327;14.4
19328;14.4
19329;14.4
19330;14.4
19331;14.4
19332;14.4
19333;14.4
19334;14.4
19335;14.4
19336;14.4
19337;14.4
19338;14.4
19339;14.4
19340;14.4
19341;14.4
19342;14.4
19343;14.4
19344;14.4
19345;14.4
19346;14.4
19347;14.4
19348;14.4
19349;14.4
19350;14.4
19351;14.4
19352;14.4
19353;14.4
19354;14.4
19355;14.4
19356;14.4
19357;14.4
19358;14.4
19359;14.4
19360;14.4
19361;14.4
19362;14.4
19363;14.4
19364;14.4
19365;14.4
19366;14.4
19367;14.4
19368;14.4
19369;14.4
19370;14.4
19371;14.4
19372;14.4
19373;14.4
19374;14.4
19375;14.4
19376;14.4
19377;14.4
19378;14.4
19379;14.4
19380;14.4
19381;14.4
19382;14.4
19383;14.4
19384;14.4
19385;14.4
19386;14.4
19387;14.4
19388;14.4
19389;14.4
19390;14.4
19391;14.4
19392;14.4
19393;14.4
19394;14.4
19395;14.4
19396;14.4
19397;14.4
19398;14.4
19399;14.4
19400;14.4
19401;14.4
19402;14.4
19403;14.4
19404;14.4
19405;14.4
19406;14.4
19407;14.4
19408;14.4
19409;14.4
19410;14.4
19411;14.4
19412;14.4
19413;14.4
19414;14.4
19415;14.4
19416;14.4
19417;14.4
19418;14.4
19419;14.4
19420;14.4
19421;14.4
19422;14.4
19423;14.4
19424;14.4
19425;14.4
19426;14.4
19427;14.4
19428;14.4
19429;14.4
19430;14.4
19431;14.4
19432;14.4
19433;14.4
19434;14.4
19435;14.4
19436;14.4
19437;14.4
19438;14.4
19439;14.4
19440;14.4
19441;14.4
19442;14.4
19443;14.4
19444;14.4
19445;14.4
19446;14.4
19447;14.4
19448;14.4
19449;14.4
19450;14.4
19451;14.4
19452;14.4
19453;14.4
19454;14.4
19455;14.4
19456;14.4
19457;14.4
19458;14.4
19459;14.4
19460;14.4
19461;14.4
19462;14.4
19463;14.4
19464;14.4
19465;14.4
19466;14.4
19467;14.4
19468;14.4
19469;14.4
19470;14.4
19471;14.4
19472;14.4
19473;14.4
19474;14.4
19475;14.4
19476;14.4
19477;14.4
19478;14.4
19479;14.4
19480;14.4
19481;14.4
19482;14.4
19483;14.4
19484;14.4
19485;14.4
19486;14.4
19487;14.4
19488;14.4
19489;14.4
19490;14.4
19491;14.4
19492;14.4
19493;14.4
19494;14.4
19495;14.4
19496;14.4
19497;14.4
19498;14.4
19499;14.4
19500;14.4
19501;14.4
19502;14.4
19503;14.4
19504;14.4
19505;14.4
19506;14.4
19507;14.4
19508;14.4
19509;14.4
19510;14.4
19511;14.4
19512;14.4
19513;14.4
19514;14.4
19515;14.4
19516;14.4
19517;14.4
19518;14.4
19519;14.4
19520;14.4
19521;14.4
19522;14.4
19523;14.4
19524;14.4
19525;14.4
19526;14.4
19527;14.4
19528;14.4
19529;14.4
19530;14.4
19531;14.4
19532;14.4
19533;14.4
19534;14.4
19535;14.4
19536;14.4
19537;14.4
19538;14.4
19539;14.4
19540;14.4
19541;14.4
19542;14.4
19543;14.4
19544;14.4
19545;14.4
19546;14.4
19547;14.4
19548;14.4
19549;14.4
19550;14.4
19551;14.4
19552;14.4
19553;14.4
19554;14.4
19555;14.4
19556;14.4
19557;14.4
19558;14.4
19559;14.4
19560;14.4
19561;14.4
19562;14.4
19563;14.4
19564;14.4
19565;14.4
19566;14.4
19567;14.4
19568;14.4
19569;14.4
19570;14.4
19571;14.4
19572;14.4
19573;14.4
19574;14.4
19575;14.4
19576;14.4
19577;14.4
19578;14.4
19579;14.4
19580;14.4
19581;14.4
19582;14.4
19583;14.4
19584;14.4
19585;14.4
19586;14.4
19587;14.4
19588;14.4
19589;14.4
19590;14.4
19591;14.4
19592;14.4
19593;14.4
19594;14.4
19595;14.4
19596;14.4
19597;14.4
19598;14.4
19599;14.4
19600;14.4
19601;14.4
19602;14.4
19603;14.4
19604;14.4
19605;14.4
19606;14.4
19607;14.4
19608;14.4
19609;14.4
19610;14.4
19611;14.4
19612;14.4
19613;14.4
19614;14.4
19615;14.4
19616;14.4
19617;14.4
19618;14.4
19619;14.4
19620;14.4
19621;14.4
19622;14.4
19623;14.4
19624;14.4
19625;14.4
19626;14.4
19627;14.4
19628;14.4
19629;14.4
19630;14.4
19631;14.4
19632;14.4
19633;14.4
19634;14.4
19635;14.4
19636;14.4
19637;14.4
19638;14.4
19639;14.4
19640;14.4
19641;14.4
19642;14.4
19643;14.4
19644;14.4
19645;14.4
19646;14.4
19647;14.4
19648;14.4
19649;14.4
19650;14.4
19651;14.4
19652;14.4
19653;14.4
19654;14.4
19655;14.4
19656;14.4
19657;14.4
19658;14.4
19659;14.4
19660;14.4
19661;14.4
19662;14.4
19663;14.4
19664;14.4
19665;14.4
19666;14.4
19667;14.4
19668;14.4
19669;14.4
19670;14.4
19671;14.4
19672;14.4
19673;14.4
19674;14.4
19675;14.4
19676;14.4
19677;14.4
19678;14.4
19679;14.4
19680;14.4
19681;14.4
19682;14.4
19683;14.4
19684;14.4
19685;14.4
19686;14.4
19687;14.4
19688;14.4
19689;14.4
19690;14.4
19691;14.4
19692;14.4
19693;14.4
19694;14.4
19695;14.4
19696;14.4
19697;14.4
19698;14.4
19699;14.4
19700;14.4
19701;14.4
19702;14.4
19703;14.4
19704;14.4
19705;14.4
19706;14.4
19707;14.4
19708;14.4
19709;14.4
19710;14.4
19711;14.4
19712;14.4
19713;14.4
19714;14.4
19715;14.4
19716;14.4
19717;14.4
19718;14.4
19719;14.4
19720;14.4
19721;14.4
19722;14.4
19723;14.4
19724;14.4
19725;14.4
19726;14.4
19727;14.4
19728;14.4
19729;14.4
19730;14.4
19731;14.4
19732;14.4
19733;14.4
19734;14.4
19735;14.4
19736;14.4
19737;14.4
19738;14.4
19739;14.4
19740;14.4
19741;14.4
19742;14.4
19743;14.4
19744;14.4
19745;14.4
19746;14.4
19747;14.4
19748;14.4
19749;14.4
19750;14.4
19751;14.4
19752;14.4
19753;14.4
19754;14.4
19755;14.4
19756;14.4
19757;14.4
19758;14.4
19759;14.4
19760;14.4
19761;14.4
19762;14.4
19763;14.4
19764;14.4
19765;14.4
19766;14.4
19767;14.4
19768;14.4
19769;14.4
19770;14.4
19771;14.4
19772;14.4
19773;14.4
19774;14.4
19775;14.4
19776;14.4
19777;14.4
19778;14.4
19779;14.4
19780;14.4
19781;14.4
19782;14.4
19783;14.4
19784;14.4
19785;14.4
19786;14.4
19787;14.4
19788;14.4
19789;14.4
19790;14.4
19791;14.4
19792;14.4
19793;14.4
19794;14.4
19795;14.4
19796;14.4
19797;14.4
19798;14.4
19799;14.4
19800;14.4
19801;14.4
19802;14.4
19803;14.4
19804;14.4
19805;14.4
19806;14.4
19807;14.4
19808;14.4
19809;14.4
19810;14.4
19811;14.4
19812;14.4
19813;14.4
19814;14.4
19815;14.4
19816;14.4
19817;14.4
19818;14.4
19819;14.4
19820;14.4
19821;14.4
19822;14.4
19823;14.4
19824;14.4
19825;14.4
19826;14.4
19827;14.4
19828;14.4
19829;14.4
19830;14.4
19831;14.4
19832;14.4
19833;14.4
19834;14.4
19835;14.4
19836;14.4
19837;14.4
19838;14.4
19839;14.4
19840;14.4
19841;14.4
19842;14.4
19843;14.4
19844;14.4
19845;14.4
19846;14.4
19847;14.4
19848;14.4
19849;14.4
19850;14.4
19851;14.4
19852;14.4
19853;14.4
19854;14.4
19855;14.4
19856;14.4
19857;14.4
19858;14.4
19859;14.4
19860;14.4
19861;14.4
19862;14.4
19863;14.4
19864;14.4
19865;14.4
19866;14.4
19867;14.4
19868;14.4
19869;14.4
19870;14.4
19871;14.4
19872;14.4
19873;14.4
19874;14.4
19875;14.4
19876;14.4
19877;14.4
19878;14.4
19879;14.4
19880;14.4
19881;14.4
19882;14.4
19883;14.4
19884;14.4
19885;14.4
19886;14.4
19887;14.4
19888;14.4
19889;14.4
19890;14.4
19891;14.4
19892;14.4
19893;14.4
19894;14.4
19895;14.4
19896;14.4
19897;14.4
19898;14.4
19899;14.4
19900;14.4
19901;14.4
19902;14.4
19903;14.4
19904;14.4
19905;14.4
19906;14.4
19907;14.4
19908;14.4
19909;14.4
19910;14.4
19911;14.4
19912;14.4
19913;14.4
19914;14.4
19915;14.4
19916;14.4
19917;14.4
19918;14.4
19919;14.4
19920;14.4
19921;14.4
19922;14.4
19923;14.4
19924;14.4
19925;14.4
19926;14.4
19927;14.4
19928;14.4
19929;14.4
19930;14.4
19931;14.4
19932;14.4
19933;14.4
19934;14.4
19935;14.4
19936;14.4
19937;14.4
19938;14.4
19939;14.4
19940;14.4
19941;14.4
19942;14.4
19943;14.4
19944;14.4
19945;14.4
19946;14.4
19947;14.4
19948;14.4
19949;14.4
19950;14.4
19951;14.4
19952;14.4
19953;14.4
19954;14.4
19955;14.4
19956;14.4
19957;14.4
19958;14.4
19959;14.4
19960;14.4
19961;14.4
19962;14.4
19963;14.4
19964;14.4
19965;14.4
19966;14.4
19967;14.4
19968;14.4
19969;14.4
19970;14.4
19971;14.4
19972;14.4
19973;14.4
19974;14.4
19975;14.4
19976;14.4
19977;14.4
19978;14.4
19979;14.4
19980;14.4
19981;14.4
19982;14.4
19983;14.4
19984;14.4
19985;14.4
19986;14.4
19987;14.4
19988;14.4
19989;14.4
19990;14.4
19991;14.4
19992;14.4
19993;14.4
19994;14.4
19995;14.4
19996;14.4
19997;14.4
19998;14.4
19999;14.4
20000;14.4
20001;14.4
20002;14.4
20003;14.4
20004;14.4
20005;14.4
20006;14.4
20007;14.4
20008;14.4
20009;14.4
20010;14.4
20011;14.4
20012;14.4
20013;14.4
20014;14.4
20015;14.4
20016;14.4
20017;14.4
20018;14.4
20019;14.4
20020;14.4
20021;14.4
20022;14.4
20023;14.4
20024;14.4
20025;14.4
20026;14.4
20027;14.4
20028;14.4
20029;14.4
20030;14.4
20031;14.4
20032;14.4
20033;14.4
20034;14.4
20035;14.4
20036;14.4
20037;14.4
20038;14.4
20039;14.4
20040;14.4
20041;14.4
20042;14.4
20043;14.4
20044;14.4
20045;14.4
20046;14.4
20047;14.4
20048;14.4
20049;14.4
20050;14.4
20051;14.4
20052;14.4
20053;14.4
20054;14.4
20055;14.4
20056;14.4
20057;14.4
20058;14.4
20059;14.4
20060;14.4
20061;14.4
20062;14.4
20063;14.4
20064;14.4
20065;14.4
20066;14.4
20067;14.4
20068;14.4
20069;14.4
20070;14.4
20071;14.4
20072;14.4
20073;14.4
20074;14.4
20075;14.4
20076;14.4
20077;14.4
20078;14.4
20079;14.4
20080;14.4
20081;14.4
20082;14.4
20083;14.4
20084;14.4
20085;14.4
20086;14.4
20087;14.4
20088;14.4
20089;14.4
20090;14.4
20091;14.4
20092;14.4
20093;14.4
20094;14.4
20095;14.4
20096;14.4
20097;14.4
20098;14.4
20099;14.4
20100;14.4
20101;14.4
20102;14.4
20103;14.4
20104;14.4
20105;14.4
20106;14.4
20107;14.4
20108;14.4
20109;14.4
20110;14.4
20111;14.4
20112;14.4
20113;14.4
20114;14.4
20115;14.4
20116;14.4
20117;14.4
20118;14.4
20119;14.4
20120;14.4
20121;14.4
20122;14.4
20123;14.4
20124;14.4
20125;14.4
20126;14.4
20127;14.4
20128;14.4
20129;14.4
20130;14.4
20131;14.4
20132;14.4
20133;14.4
20134;14.4
20135;14.4
20136;14.4
20137;14.4
20138;14.4
20139;14.4
20140;14.4
20141;14.4
20142;14.4
20143;14.4
20144;14.4
20145;14.4
20146;14.4
20147;14.4
20148;14.4
20149;14.4
20150;14.4
20151;14.4
20152;14.4
20153;14.4
20154;14.4
20155;14.4
20156;14.4
20157;14.4
20158;14.4
20159;14.4
20160;14.4
20161;14.4
20162;14.4
20163;14.4
20164;14.4
20165;14.4
20166;14.4
20167;14.4
20168;14.4
20169;14.4
20170;14.4
20171;14.4
20172;14.4
20173;14.4
20174;14.4
20175;14.4
20176;14.4
20177;14.4
20178;14.4
20179;14.4
20180;14.4
20181;14.4
20182;14.4
20183;14.4
20184;14.4
20185;14.4
20186;14.4
20187;14.4
20188;14.4
20189;14.4
20190;14.4
20191;14.4
20192;14.4
20193;14.4
20194;14.4
20195;14.4
20196;14.4
20197;14.4
20198;14.4
20199;14.4
20200;14.4
20201;14.4
20202;14.4
20203;14.4
20204;14.4
20205;14.4
20206;14.4
20207;14.4
20208;14.4
20209;14.4
20210;14.4
20211;14.4
20212;14.4
20213;14.4
20214;14.4
20215;14.4
20216;14.4
20217;14.4
20218;14.4
20219;14.4
20220;14.4
20221;14.4
20222;14.4
20223;14.4
20224;14.4
20225;14.4
20226;14.4
20227;14.4
20228;14.4
20229;14.4
20230;14.4
20231;14.4
20232;14.4
20233;14.4
20234;14.4
20235;14.4
20236;14.4
20237;14.4
20238;14.4
20239;14.4
20240;14.4
20241;14.4
20242;14.4
20243;14.4
20244;14.4
20245;14.4
20246;14.4
20247;14.4
20248;14.4
20249;14.4
20250;14.4
20251;14.4
20252;14.4
20253;14.4
20254;14.4
20255;14.4
20256;14.4
20257;14.4
20258;14.4
20259;14.4
20260;14.4
20261;14.4
20262;14.4
20263;14.4
20264;14.4
20265;14.4
20266;14.4
20267;14.4
20268;14.4
20269;14.4
20270;14.4
20271;14.4
20272;14.4
20273;14.4
20274;14.4
20275;14.4
20276;14.4
20277;14.4
20278;14.4
20279;14.4
20280;14.4
20281;14.4
20282;14.4
20283;14.4
20284;14.4
20285;14.4
20286;14.4
20287;14.4
20288;14.4
20289;14.4
20290;14.4
20291;14.4
20292;14.4
20293;14.4
20294;14.4
20295;14.4
20296;14.4
20297;14.4
20298;14.4
20299;14.4
20300;14.4
20301;14.4
20302;14.4
20303;14.4
20304;14.4
20305;14.4
20306;14.4
20307;14.4
20308;14.4
20309;14.4
20310;14.4
20311;14.4
20312;14.4
20313;14.4
20314;14.4
20315;14.4
20316;14.4
20317;14.4
20318;14.4
20319;14.4
20320;14.4
20321;14.4
20322;14.4
20323;14.4
20324;14.4
20325;14.4
20326;14.4
20327;14.4
20328;14.4
20329;14.4
20330;14.4
20331;14.4
20332;14.4
20333;14.4
20334;14.4
20335;14.4
20336;14.4
20337;14.4
20338;14.4
20339;14.4
20340;14.4
20341;14.4
20342;14.4
20343;14.4
20344;14.4
20345;14.4
20346;14.4
20347;14.4
20348;14.4
20349;14.4
20350;14.4
20351;14.4
20352;14.4
20353;14.4
20354;14.4
20355;14.4
20356;14.4
20357;14.4
20358;14.4
20359;14.4
20360;14.4
20361;14.4
20362;14.4
20363;14.4
20364;14.4
20365;14.4
20366;14.4
20367;14.4
20368;14.4
20369;14.4
20370;14.4
20371;14.4
20372;14.4
20373;14.4
20374;14.4
20375;14.4
20376;14.4
20377;14.4
20378;14.4
20379;14.4
20380;14.4
20381;14.4
20382;14.4
20383;14.4
20384;14.4
20385;14.4
20386;14.4
20387;14.4
20388;14.4
20389;14.4
20390;14.4
20391;14.4
20392;14.4
20393;14.4
20394;14.4
20395;14.4
20396;14.4
20397;14.4
20398;14.4
20399;14.4
20400;14.4
20401;14.4
20402;14.4
20403;14.4
20404;14.4
20405;14.4
20406;14.4
20407;14.4
20408;14.4
20409;14.4
20410;14.4
20411;14.4
20412;14.4
20413;14.4
20414;14.4
20415;14.4
20416;14.4
20417;14.4
20418;14.4
20419;14.4
20420;14.4
20421;14.4
20422;14.4
20423;14.4
20424;14.4
20425;14.4
20426;14.4
20427;14.4
20428;14.4
20429;14.4
20430;14.4
20431;14.4
20432;14.4
20433;14.4
20434;14.4
20435;14.4
20436;14.4
20437;14.4
20438;14.4
20439;14.4
20440;14.4
20441;14.4
20442;14.4
20443;14.4
20444;14.4
20445;14.4
20446;14.4
20447;14.4
20448;14.4
20449;14.4
20450;14.4
20451;14.4
20452;14.4
20453;14.4
20454;14.4
20455;14.4
20456;14.4
20457;14.4
20458;14.4
20459;14.4
20460;14.4
20461;14.4
20462;14.4
20463;14.4
20464;14.4
20465;14.4
20466;14.4
20467;14.4
20468;14.4
20469;14.4
20470;14.4
20471;14.4
20472;14.4
20473;14.4
20474;14.4
20475;14.4
20476;14.4
20477;14.4
20478;14.4
20479;14.4
20480;14.4
20481;14.4
20482;14.4
20483;14.4
20484;14.4
20485;14.4
20486;14.4
20487;14.4
20488;14.4
20489;14.4
20490;14.4
20491;14.4
20492;14.4
20493;14.4
20494;14.4
20495;14.4
20496;14.4
20497;14.4
20498;14.4
20499;14.4
20500;14.4
20501;14.4
20502;14.4
20503;14.4
20504;14.4
20505;14.4
20506;14.4
20507;14.4
20508;14.4
20509;14.4
20510;14.4
20511;14.4
20512;14.4
20513;14.4
20514;14.4
20515;14.4
20516;14.4
20517;14.4
20518;14.4
20519;14.4
20520;14.4
20521;14.4
20522;14.4
20523;14.4
20524;14.4
20525;14.4
20526;14.4
20527;14.4
20528;14.4
20529;14.4
20530;14.4
20531;14.4
20532;14.4
20533;14.4
20534;14.4
20535;14.4
20536;14.4
20537;14.4
20538;14.4
20539;14.4
20540;14.4
20541;14.4
20542;14.4
20543;14.4
20544;14.4
20545;14.4
20546;14.4
20547;14.4
20548;14.4
20549;14.4
20550;14.4
20551;14.4
20552;14.4
20553;14.4
20554;14.4
20555;14.4
20556;14.4
20557;14.4
20558;14.4
20559;14.4
20560;14.4
20561;14.4
20562;14.4
20563;14.4
20564;14.4
20565;14.4
20566;14.4
20567;14.4
20568;14.4
20569;14.4
20570;14.4
20571;14.4
20572;14.4
20573;14.4
20574;14.4
20575;14.4
20576;14.4
20577;14.4
20578;14.4
20579;14.4
20580;14.4
20581;14.4
20582;14.4
20583;14.4
20584;14.4
20585;14.4
20586;14.4
20587;14.4
20588;14.4
20589;14.4
20590;14.4
20591;14.4
20592;14.4
20593;14.4
20594;14.4
20595;14.4
20596;14.4
20597;14.4
20598;14.4
20599;14.4
20600;14.4
20601;14.4
20602;14.4
20603;14.4
20604;14.4
20605;14.4
20606;14.4
20607;14.4
20608;14.4
20609;14.4
20610;14.4
20611;14.4
20612;14.4
20613;14.4
20614;14.4
20615;14.4
20616;14.4
20617;14.4
20618;14.4
20619;14.4
20620;14.4
20621;14.4
20622;14.4
20623;14.4
20624;14.4
20625;14.4
20626;14.4
20627;14.4
20628;14.4
20629;14.4
20630;14.4
20631;14.4
20632;14.4
20633;14.4
20634;14.4
20635;14.4
20636;14.4
20637;14.4
20638;14.4
20639;14.4
20640;14.4
20641;14.4
20642;14.4
20643;14.4
20644;14.4
20645;14.4
20646;14.4
20647;14.4
20648;14.4
20649;14.4
20650;14.4
20651;14.4
20652;14.4
20653;14.4
20654;14.4
20655;14.4
20656;14.4
20657;14.4
20658;14.4
20659;14.4
20660;14.4
20661;14.4
20662;14.4
20663;14.4
20664;14.4
20665;14.4
20666;14.4
20667;14.4
20668;14.4
20669;14.4
20670;14.4
20671;14.4
20672;14.4
20673;14.4
20674;14.4
20675;14.4
20676;14.4
20677;14.4
20678;14.4
20679;14.4
20680;14.4
20681;14.4
20682;14.4
20683;14.4
20684;14.4
20685;14.4
20686;14.4
20687;14.4
20688;14.4
20689;14.4
20690;14.4
20691;14.4
20692;14.4
20693;14.4
20694;14.4
20695;14.4
20696;14.4
20697;14.4
20698;14.4
20699;14.4
20700;14.4
20701;14.4
20702;14.4
20703;14.4
20704;14.4
20705;14.4
20706;14.4
20707;14.4
20708;14.4
20709;14.4
20710;14.4
20711;14.4
20712;14.4
20713;14.4
20714;14.4
20715;14.4
20716;14.4
20717;14.4
20718;14.4
20719;14.4
20720;14.4
20721;14.4
20722;14.4
20723;14.4
20724;14.4
20725;14.4
20726;14.4
20727;14.4
20728;14.4
20729;14.4
20730;14.4
20731;14.4
20732;14.4
20733;14.4
20734;14.4
20735;14.4
20736;14.4
20737;14.4
20738;14.4
20739;14.4
20740;14.4
20741;14.4
20742;14.4
20743;14.4
20744;14.4
20745;14.4
20746;14.4
20747;14.4
20748;14.4
20749;14.4
20750;14.4
20751;14.4
20752;14.4
20753;14.4
20754;14.4
20755;14.4
20756;14.4
20757;14.4
20758;14.4
20759;14.4
20760;14.4
20761;14.4
20762;14.4
20763;14.4
20764;14.4
20765;14.4
20766;14.4
20767;14.4
20768;14.4
20769;14.4
20770;14.4
20771;14.4
20772;14.4
20773;14.4
20774;14.4
20775;14.4
20776;14.4
20777;14.4
20778;14.4
20779;14.4
20780;14.4
20781;14.4
20782;14.4
20783;14.4
20784;14.4
20785;14.4
20786;14.4
20787;14.4
20788;14.4
20789;14.4
20790;14.4
20791;14.4
20792;14.4
20793;14.4
20794;14.4
20795;14.4
20796;14.4
20797;14.4
20798;14.4
20799;14.4
20800;14.4
20801;14.4
20802;14.4
20803;14.4
20804;14.4
20805;14.4
20806;14.4
20807;14.4
20808;14.4
20809;14.4
20810;14.4
20811;14.4
20812;14.4
20813;14.4
20814;14.4
20815;14.4
20816;14.4
20817;14.4
20818;14.4
20819;14.4
20820;14.4
20821;14.4
20822;14.4
20823;14.4
20824;14.4
20825;14.4
20826;14.4
20827;14.4
20828;14.4
20829;14.4
20830;14.4
20831;14.4
20832;14.4
20833;14.4
20834;14.4
20835;14.4
20836;14.4
20837;14.4
20838;14.4
20839;14.4
20840;14.4
20841;14.4
20842;14.4
20843;14.4
20844;14.4
20845;14.4
20846;14.4
20847;14.4
20848;14.4
20849;14.4
20850;14.4
20851;14.4
20852;14.4
20853;14.4
20854;14.4
20855;14.4
20856;14.4
20857;14.4
20858;14.4
20859;14.4
20860;14.4
20861;14.4
20862;14.4
20863;14.4
20864;14.4
20865;14.4
20866;14.4
20867;14.4
20868;14.4
20869;14.4
20870;14.4
20871;14.4
20872;14.4
20873;14.4
20874;14.4
20875;14.4
20876;14.4
20877;14.4
20878;14.4
20879;14.4
20880;14.4
20881;14.4
20882;14.4
20883;14.4
20884;14.4
20885;14.4
20886;14.4
20887;14.4
20888;14.4
20889;14.4
20890;14.4
20891;14.4
20892;14.4
20893;14.4
20894;14.4
20895;14.4
20896;14.4
20897;14.4
20898;14.4
20899;14.4
20900;14.4
20901;14.4
20902;14.4
20903;14.4
20904;14.4
20905;14.4
20906;14.4
20907;14.4
20908;14.4
20909;14.4
20910;14.4
20911;14.4
20912;14.4
20913;14.4
20914;14.4
20915;14.4
20916;14.4
20917;14.4
20918;14.4
20919;14.4
20920;14.4
20921;14.4
20922;14.4
20923;14.4
20924;14.4
20925;14.4
20926;14.4
20927;14.4
20928;14.4
20929;14.4
20930;14.4
20931;14.4
20932;14.4
20933;14.4
20934;14.4
20935;14.4
20936;14.4
20937;14.4
20938;14.4
20939;14.4
20940;14.4
20941;14.4
20942;14.4
20943;14.4
20944;14.4
20945;14.4
20946;14.4
20947;14.4
20948;14.4
20949;14.4
20950;14.4
20951;14.4
20952;14.4
20953;14.4
20954;14.4
20955;14.4
20956;14.4
20957;14.4
20958;14.4
20959;14.4
20960;14.4
20961;14.4
20962;14.4
20963;14.4
20964;14.4
20965;14.4
20966;14.4
20967;14.4
20968;14.4
20969;14.4
20970;14.4
20971;14.4
20972;14.4
20973;14.4
20974;14.4
20975;14.4
20976;14.4
20977;14.4
20978;14.4
20979;14.4
20980;14.4
20981;14.4
20982;14.4
20983;14.4
20984;14.4
20985;14.4
20986;14.4
20987;14.4
20988;14.4
20989;14.4
20990;14.4
20991;14.4
20992;14.4
20993;14.4
20994;14.4
20995;14.4
20996;14.4
20997;14.4
20998;14.4
20999;14.4
21000;14.4
21001;14.4
21002;14.4
21003;14.4
21004;14.4
21005;14.4
21006;14.4
21007;14.4
21008;14.4
21009;14.4
21010;14.4
21011;14.4
21012;14.4
21013;14.4
21014;14.4
21015;14.4
21016;14.4
21017;14.4
21018;14.4
21019;14.4
21020;14.4
21021;14.4
21022;14.4
21023;14.4
21024;14.4
21025;14.4
21026;14.4
21027;14.4
21028;14.4
21029;14.4
21030;14.4
21031;14.4
21032;14.4
21033;14.4
21034;14.4
21035;14.4
21036;14.4
21037;14.4
21038;14.4
21039;14.4
21040;14.4
21041;14.4
21042;14.4
21043;14.4
21044;14.4
21045;14.4
21046;14.4
21047;14.4
21048;14.4
21049;14.4
21050;14.4
21051;14.4
21052;14.4
21053;14.4
21054;14.4
21055;14.4
21056;14.4
21057;14.4
21058;14.4
21059;14.4
21060;14.4
21061;14.4
21062;14.4
21063;14.4
21064;14.4
21065;14.4
21066;14.4
21067;14.4
21068;14.4
21069;14.4
21070;14.4
21071;14.4
21072;14.4
21073;14.4
21074;14.4
21075;14.4
21076;14.4
21077;14.4
21078;14.4
21079;14.4
21080;14.4
21081;14.4
21082;14.4
21083;14.4
21084;14.4
21085;14.4
21086;14.4
21087;14.4
21088;14.4
21089;14.4
21090;14.4
21091;14.4
21092;14.4
21093;14.4
21094;14.4
21095;14.4
21096;14.4
21097;14.4
21098;14.4
21099;14.4
21100;14.4
21101;14.4
21102;14.4
21103;14.4
21104;14.4
21105;14.4
21106;14.4
21107;14.4
21108;14.4
21109;14.4
21110;14.4
21111;14.4
21112;14.4
21113;14.4
21114;14.4
21115;14.4
21116;14.4
21117;14.4
21118;14.4
21119;14.4
21120;14.4
21121;14.4
21122;14.4
21123;14.4
21124;14.4
21125;14.4
21126;14.4
21127;14.4
21128;14.4
21129;14.4
21130;14.4
21131;14.4
21132;14.4
21133;14.4
21134;14.4
21135;14.4
21136;14.4
21137;14.4
21138;14.4
21139;14.4
21140;14.4
21141;14.4
21142;14.4
21143;14.4
21144;14.4
21145;14.4
21146;14.4
21147;14.4
21148;14.4
21149;14.4
21150;14.4
21151;14.4
21152;14.4
21153;14.4
21154;14.4
21155;14.4
21156;14.4
21157;14.4
21158;14.4
21159;14.4
21160;14.4
21161;14.4
21162;14.4
21163;14.4
21164;14.4
21165;14.4
21166;14.4
21167;14.4
21168;14.4
21169;14.4
21170;14.4
21171;14.4
21172;14.4
21173;14.4
21174;14.4
21175;14.4
21176;14.4
21177;14.4
21178;14.4
21179;14.4
21180;14.4
21181;14.4
21182;14.4
21183;14.4
21184;14.4
21185;14.4
21186;14.4
21187;14.4
21188;14.4
21189;14.4
21190;14.4
21191;14.4
21192;14.4
21193;14.4
21194;14.4
21195;14.4
21196;14.4
21197;14.4
21198;14.4
21199;14.4
21200;14.4
21201;14.4
21202;14.4
21203;14.4
21204;14.4
21205;14.4
21206;14.4
21207;14.4
21208;14.4
21209;14.4
21210;14.4
21211;14.4
21212;14.4
21213;14.4
21214;14.4
21215;14.4
21216;14.4
21217;14.4
21218;14.4
21219;14.4
21220;14.4
21221;14.4
21222;14.4
21223;14.4
21224;14.4
21225;14.4
21226;14.4
21227;14.4
21228;14.4
21229;14.4
21230;14.4
21231;14.4
21232;14.4
21233;14.4
21234;14.4
21235;14.4
21236;14.4
21237;14.4
21238;14.4
21239;14.4
21240;14.4
21241;14.4
21242;14.4
21243;14.4
21244;14.4
21245;14.4
21246;14.4
21247;14.4
21248;14.4
21249;14.4
21250;14.4
21251;14.4
21252;14.4
21253;14.4
21254;14.4
21255;14.4
21256;14.4
21257;14.4
21258;14.4
21259;14.4
21260;14.4
21261;14.4
21262;14.4
21263;14.4
21264;14.4
21265;14.4
21266;14.4
21267;14.4
21268;14.4
21269;14.4
21270;14.4
21271;14.4
21272;14.4
21273;14.4
21274;14.4
21275;14.4
21276;14.4
21277;14.4
21278;14.4
21279;14.4
21280;14.4
21281;14.4
21282;14.4
21283;14.4
21284;14.4
21285;14.4
21286;14.4
21287;14.4
21288;14.4
21289;14.4
21290;14.4
21291;14.4
21292;14.4
21293;14.4
21294;14.4
21295;14.4
21296;14.4
21297;14.4
21298;14.4
21299;14.4
21300;14.4
21301;14.4
21302;14.4
21303;14.4
21304;14.4
21305;14.4
21306;14.4
21307;14.4
21308;14.4
21309;14.4
21310;14.4
21311;14.4
21312;14.4
21313;14.4
21314;14.4
21315;14.4
21316;14.4
21317;14.4
21318;14.4
21319;14.4
21320;14.4
21321;14.4
21322;14.4
21323;14.4
21324;14.4
21325;14.4
21326;14.4
21327;14.4
21328;14.4
21329;14.4
21330;14.4
21331;14.4
21332;14.4
21333;14.4
21334;14.4
21335;14.4
21336;14.4
21337;14.4
21338;14.4
21339;14.4
21340;14.4
21341;14.4
21342;14.4
21343;14.4
21344;14.4
21345;14.4
21346;14.4
21347;14.4
21348;14.4
21349;14.4
21350;14.4
21351;14.4
21352;14.4
21353;14.4
21354;14.4
21355;14.4
21356;14.4
21357;14.4
21358;14.4
21359;14.4
21360;14.4
21361;14.4
21362;14.4
21363;14.4
21364;14.4
21365;14.4
21366;14.4
21367;14.4
21368;14.4
21369;14.4
21370;14.4
21371;14.4
21372;14.4
21373;14.4
21374;14.4
21375;14.4
21376;14.4
21377;14.4
21378;14.4
21379;14.4
21380;14.4
21381;14.4
21382;14.4
21383;14.4
21384;14.4
21385;14.4
21386;14.4
21387;14.4
21388;14.4
21389;14.4
21390;14.4
21391;14.4
21392;14.4
21393;14.4
21394;14.4
21395;14.4
21396;14.4
21397;14.4
21398;14.4
21399;14.4
21400;14.4
21401;14.4
21402;14.4
21403;14.4
21404;14.4
21405;14.4
21406;14.4
21407;14.4
21408;14.4
21409;14.4
21410;14.4
21411;14.4
21412;14.4
21413;14.4
21414;14.4
21415;14.4
21416;14.4
21417;14.4
21418;14.4
21419;14.4
21420;14.4
21421;14.4
21422;14.4
21423;14.4
21424;14.4
21425;14.4
21426;14.4
21427;14.4
21428;14.4
21429;14.4
21430;14.4
21431;14.4
21432;14.4
21433;14.4
21434;14.4
21435;14.4
21436;14.4
21437;14.4
21438;14.4
21439;14.4
21440;14.4
21441;14.4
21442;14.4
21443;14.4
21444;14.4
21445;14.4
21446;14.4
21447;14.4
21448;14.4
21449;14.4
21450;14.4
21451;14.4
21452;14.4
21453;14.4
21454;14.4
21455;14.4
21456;14.4
21457;14.4
21458;14.4
21459;14.4
21460;14.4
21461;14.4
21462;14.4
21463;14.4
21464;14.4
21465;14.4
21466;14.4
21467;14.4
21468;14.4
21469;14.4
21470;14.4
21471;14.4
21472;14.4
21473;14.4
21474;14.4
21475;14.4
21476;14.4
21477;14.4
21478;14.4
21479;14.4
21480;14.4
21481;14.4
21482;14.4
21483;14.4
21484;14.4
21485;14.4
21486;14.4
21487;14.4
21488;14.4
21489;14.4
21490;14.4
21491;14.4
21492;14.4
21493;14.4
21494;14.4
21495;14.4
21496;14.4
21497;14.4
21498;14.4
21499;14.4
21500;14.4
21501;14.4
21502;14.4
21503;14.4
21504;14.4
21505;14.4
21506;14.4
21507;14.4
21508;14.4
21509;14.4
21510;14.4
21511;14.4
21512;14.4
21513;14.4
21514;14.4
21515;14.4
21516;14.4
21517;14.4
21518;14.4
21519;14.4
21520;14.4
21521;14.4
21522;14.4
21523;14.4
21524;14.4
21525;14.4
21526;14.4
21527;14.4
21528;14.4
21529;14.4
21530;14.4
21531;14.4
21532;14.4
21533;14.4
21534;14.4
21535;14.4
21536;14.4
21537;14.4
21538;14.4
21539;14.4
21540;14.4
21541;14.4
21542;14.4
21543;14.4
21544;14.4
21545;14.4
21546;14.4
21547;14.4
21548;14.4
21549;14.4
21550;14.4
21551;14.4
21552;14.4
21553;14.4
21554;14.4
21555;14.4
21556;14.4
21557;14.4
21558;14.4
21559;14.4
21560;14.4
21561;14.4
21562;14.4
21563;14.4
21564;14.4
21565;14.4
21566;14.4
21567;14.4
21568;14.4
21569;14.4
21570;14.4
21571;14.4
21572;14.4
21573;14.4
21574;14.4
21575;14.4
21576;14.4
21577;14.4
21578;14.4
21579;14.4
21580;14.4
21581;14.4
21582;14.4
21583;14.4
21584;14.4
21585;14.4
21586;14.4
21587;14.4
21588;14.4
21589;14.4
21590;14.4
21591;14.4
21592;14.4
21593;14.4
21594;14.4
21595;14.4
21596;14.4
21597;14.4
21598;14.4
21599;14.4
21600;14.4
21601;14.4
21602;14.4
21603;14.4
21604;14.4
21605;14.4
21606;14.4
21607;14.4
21608;14.4
21609;14.4
21610;14.4
21611;14.4
21612;14.4
21613;14.4
21614;14.4
21615;14.4
21616;14.4
21617;14.4
21618;14.4
21619;14.4
21620;14.4
21621;14.4
21622;14.4
21623;14.4
21624;14.4
21625;14.4
21626;14.4
21627;14.4
21628;14.4
21629;14.4
21630;14.4
21631;14.4
21632;14.4
21633;14.4
21634;14.4
21635;14.4
21636;14.4
21637;14.4
21638;14.4
21639;14.4
21640;14.4
21641;14.4
21642;14.4
21643;14.4
21644;14.4
21645;14.4
21646;14.4
21647;14.4
21648;14.4
21649;14.4
21650;14.4
21651;14.4
21652;14.4
21653;14.4
21654;14.4
21655;14.4
21656;14.4
21657;14.4
21658;14.4
21659;14.4
21660;14.4
21661;14.4
21662;14.4
21663;14.4
21664;14.4
21665;14.4
21666;14.4
21667;14.4
21668;14.4
21669;14.4
21670;14.4
21671;14.4
21672;14.4
21673;14.4
21674;14.4
21675;14.4
21676;14.4
21677;14.4
21678;14.4
21679;14.4
21680;14.4
21681;14.4
21682;14.4
21683;14.4
21684;14.4
21685;14.4
21686;14.4
21687;14.4
21688;14.4
21689;14.4
21690;14.4
21691;14.4
21692;14.4
21693;14.4
21694;14.4
21695;14.4
21696;14.4
21697;14.4
21698;14.4
21699;14.4
21700;14.4
21701;14.4
21702;14.4
21703;14.4
21704;14.4
21705;14.4
21706;14.4
21707;14.4
21708;14.4
21709;14.4
21710;14.4
21711;14.4
21712;14.4
21713;14.4
21714;14.4
21715;14.4
21716;14.4
21717;14.4
21718;14.4
21719;14.4
21720;14.4
21721;14.4
21722;14.4
21723;14.4
21724;14.4
21725;14.4
21726;14.4
21727;14.4
21728;14.4
21729;14.4
21730;14.4
21731;14.4
21732;14.4
21733;14.4
21734;14.4
21735;14.4
21736;14.4
21737;14.4
21738;14.4
21739;14.4
21740;14.4
21741;14.4
21742;14.4
21743;14.4
21744;14.4
21745;14.4
21746;14.4
21747;14.4
21748;14.4
21749;14.4
21750;14.4
21751;14.4
21752;14.4
21753;14.4
21754;14.4
21755;14.4
21756;14.4
21757;14.4
21758;14.4
21759;14.4
21760;14.4
21761;14.4
21762;14.4
21763;14.4
21764;14.4
21765;14.4
21766;14.4
21767;14.4
21768;14.4
21769;14.4
21770;14.4
21771;14.4
21772;14.4
21773;14.4
21774;14.4
21775;14.4
21776;14.4
21777;14.4
21778;14.4
21779;14.4
21780;14.4
21781;14.4
21782;14.4
21783;14.4
21784;14.4
21785;14.4
21786;14.4
21787;14.4
21788;14.4
21789;14.4
21790;14.4
21791;14.4
21792;14.4
21793;14.4
21794;14.4
21795;14.4
21796;14.4
21797;14.4
21798;14.4
21799;14.4
21800;14.4
21801;14.4
21802;14.4
21803;14.4
21804;14.4
21805;14.4
21806;14.4
21807;14.4
21808;14.4
21809;14.4
21810;14.4
21811;14.4
21812;14.4
21813;14.4
21814;14.4
21815;14.4
21816;14.4
21817;14.4
21818;14.4
21819;14.4
21820;14.4
21821;14.4
21822;14.4
21823;14.4
21824;14.4
21825;14.4
21826;14.4
21827;14.4
21828;14.4
21829;14.4
21830;14.4
21831;14.4
21832;14.4
21833;14.4
21834;14.4
21835;14.4
21836;14.4
21837;14.4
21838;14.4
21839;14.4
21840;14.4
21841;14.4
21842;14.4
21843;14.4
21844;14.4
21845;14.4
21846;14.4
21847;14.4
21848;14.4
21849;14.4
21850;14.4
21851;14.4
21852;14.4
21853;14.4
21854;14.4
21855;14.4
21856;14.4
21857;14.4
21858;14.4
21859;14.4
21860;14.4
21861;14.4
21862;14.4
21863;14.4
21864;14.4
21865;14.4
21866;14.4
21867;14.4
21868;14.4
21869;14.4
21870;14.4
21871;14.4
21872;14.4
21873;14.4
21874;14.4
21875;14.4
21876;14.4
21877;14.4
21878;14.4
21879;14.4
21880;14.4
21881;14.4
21882;14.4
21883;14.4
21884;14.4
21885;14.4
21886;14.4
21887;14.4
21888;14.4
21889;14.4
21890;14.4
21891;14.4
21892;14.4
21893;14.4
21894;14.4
21895;14.4
21896;14.4
21897;14.4
21898;14.4
21899;14.4
21900;14.4
21901;14.4
21902;14.4
21903;14.4
21904;14.4
21905;14.4
21906;14.4
21907;14.4
21908;14.4
21909;14.4
21910;14.4
21911;14.4
21912;14.4
21913;14.4
21914;14.4
21915;14.4
21916;14.4
21917;14.4
21918;14.4
21919;14.4
21920;14.4
21921;14.4
21922;14.4
21923;14.4
21924;14.4
21925;14.4
21926;14.4
21927;14.4
21928;14.4
21929;14.4
21930;14.4
21931;14.4
21932;14.4
21933;14.4
21934;14.4
21935;14.4
21936;14.4
21937;14.4
21938;14.4
21939;14.4
21940;14.4
21941;14.4
21942;14.4
21943;14.4
21944;14.4
21945;14.4
21946;14.4
21947;14.4
21948;14.4
21949;14.4
21950;14.4
21951;14.4
21952;14.4
21953;14.4
21954;14.4
21955;14.4
21956;14.4
21957;14.4
21958;14.4
21959;14.4
21960;14.4
21961;14.4
21962;14.4
21963;14.4
21964;14.4
21965;14.4
21966;14.4
21967;14.4
21968;14.4
21969;14.4
21970;14.4
21971;14.4
21972;14.4
21973;14.4
21974;14.4
21975;14.4
21976;14.4
21977;14.4
21978;14.4
21979;14.4
21980;14.4
21981;14.4
21982;14.4
21983;14.4
21984;14.4
21985;14.4
21986;14.4
21987;14.4
21988;14.4
21989;14.4
21990;14.4
21991;14.4
21992;14.4
21993;14.4
21994;14.4
21995;14.4
21996;14.4
21997;14.4
21998;14.4
21999;14.4
22000;14.4
22001;14.4
22002;14.4
22003;14.4
22004;14.4
22005;14.4
22006;14.4
22007;14.4
22008;14.4
22009;14.4
22010;14.4
22011;14.4
22012;14.4
22013;14.4
22014;14.4
22015;14.4
22016;14.4
22017;14.4
22018;14.4
22019;14.4
22020;14.4
22021;14.4
22022;14.4
22023;14.4
22024;14.4
22025;14.4
22026;14.4
22027;14.4
22028;14.4
22029;14.4
22030;14.4
22031;14.4
22032;14.4
22033;14.4
22034;14.4
22035;14.4
22036;14.4
22037;14.4
22038;14.4
22039;14.4
22040;14.4
22041;14.4
22042;14.4
22043;14.4
22044;14.4
22045;14.4
22046;14.4
22047;14.4
22048;14.4
22049;14.4
22050;14.4
22051;14.4
22052;14.4
22053;14.4
22054;14.4
22055;14.4
22056;14.4
22057;14.4
22058;14.4
22059;14.4
22060;14.4
22061;14.4
22062;14.4
22063;14.4
22064;14.4
22065;14.4
22066;14.4
22067;14.4
22068;14.4
22069;14.4
22070;14.4
22071;14.4
22072;14.4
22073;14.4
22074;14.4
22075;14.4
22076;14.4
22077;14.4
22078;14.4
22079;14.4
22080;14.4
22081;14.4
22082;14.4
22083;14.4
22084;14.4
22085;14.4
22086;14.4
22087;14.4
22088;14.4
22089;14.4
22090;14.4
22091;14.4
22092;14.4
22093;14.4
22094;14.4
22095;14.4
22096;14.4
22097;14.4
22098;14.4
22099;14.4
22100;14.4
22101;14.4
22102;14.4
22103;14.4
22104;14.4
22105;14.4
22106;14.4
22107;14.4
22108;14.4
22109;14.4
22110;14.4
22111;14.4
22112;14.4
22113;14.4
22114;14.4
22115;14.4
22116;14.4
22117;14.4
22118;14.4
22119;14.4
22120;14.4
22121;14.4
22122;14.4
22123;14.4
22124;14.4
22125;14.4
22126;14.4
22127;14.4
22128;14.4
22129;14.4
22130;14.4
22131;14.4
22132;14.4
22133;14.4
22134;14.4
22135;14.4
22136;14.4
22137;14.4
22138;14.4
22139;14.4
22140;14.4
22141;14.4
22142;14.4
22143;14.4
22144;14.4
22145;14.4
22146;14.4
22147;14.4
22148;14.4
22149;14.4
22150;14.4
22151;14.4
22152;14.4
22153;14.4
22154;14.4
22155;14.4
22156;14.4
22157;14.4
22158;14.4
22159;14.4
22160;14.4
22161;14.4
22162;14.4
22163;14.4
22164;14.4
22165;14.4
22166;14.4
22167;14.4
22168;14.4
22169;14.4
22170;14.4
22171;14.4
22172;14.4
22173;14.4
22174;14.4
22175;14.4
22176;14.4
22177;14.4
22178;14.4
22179;14.4
22180;14.4
22181;14.4
22182;14.4
22183;14.4
22184;14.4
22185;14.4
22186;14.4
22187;14.4
22188;14.4
22189;14.4
22190;14.4
22191;14.4
22192;14.4
22193;14.4
22194;14.4
22195;14.4
22196;14.4
22197;14.4
22198;14.4
22199;14.4
22200;14.4
22201;14.4
22202;14.4
22203;14.4
22204;14.4
22205;14.4
22206;14.4
22207;14.4
22208;14.4
22209;14.4
22210;14.4
22211;14.4
22212;14.4
22213;14.4
22214;14.4
22215;14.4
22216;14.4
22217;14.4
22218;14.4
22219;14.4
22220;14.4
22221;14.4
22222;14.4
22223;14.4
22224;14.4
22225;14.4
22226;14.4
22227;14.4
22228;14.4
22229;14.4
22230;14.4
22231;14.4
22232;14.4
22233;14.4
22234;14.4
22235;14.4
22236;14.4
22237;14.4
22238;14.4
22239;14.4
22240;14.4
22241;14.4
22242;14.4
22243;14.4
22244;14.4
22245;14.4
22246;14.4
22247;14.4
22248;14.4
22249;14.4
22250;14.4
22251;14.4
22252;14.4
22253;14.4
22254;14.4
22255;14.4
22256;14.4
22257;14.4
22258;14.4
22259;14.4
22260;14.4
22261;14.4
22262;14.4
22263;14.4
22264;14.4
22265;14.4
22266;14.4
22267;14.4
22268;14.4
22269;14.4
22270;14.4
22271;14.4
22272;14.4
22273;14.4
22274;14.4
22275;14.4
22276;14.4
22277;14.4
22278;14.4
22279;14.4
22280;14.4
22281;14.4
22282;14.4
22283;14.4
22284;14.4
22285;14.4
22286;14.4
22287;14.4
22288;14.4
22289;14.4
22290;14.4
22291;14.4
22292;14.4
22293;14.4
22294;14.4
22295;14.4
22296;14.4
22297;14.4
22298;14.4
22299;14.4
22300;14.4
22301;14.4
22302;14.4
22303;14.4
22304;14.4
22305;14.4
22306;14.4
22307;14.4
22308;14.4
22309;14.4
22310;14.4
22311;14.4
22312;14.4
22313;14.4
22314;14.4
22315;14.4
22316;14.4
22317;14.4
22318;14.4
22319;14.4
22320;14.4
22321;14.4
22322;14.4
22323;14.4
22324;14.4
22325;14.4
22326;14.4
22327;14.4
22328;14.4
22329;14.4
22330;14.4
22331;14.4
22332;14.4
22333;14.4
22334;14.4
22335;14.4
22336;14.4
22337;14.4
22338;14.4
22339;14.4
22340;14.4
22341;14.4
22342;14.4
22343;14.4
22344;14.4
22345;14.4
22346;14.4
22347;14.4
22348;14.4
22349;14.4
22350;14.4
22351;14.4
22352;14.4
22353;14.4
22354;14.4
22355;14.4
22356;14.4
22357;14.4
22358;14.4
22359;14.4
22360;14.4
22361;14.4
22362;14.4
22363;14.4
22364;14.4
22365;14.4
22366;14.4
22367;14.4
22368;14.4
22369;14.4
22370;14.4
22371;14.4
22372;14.4
22373;14.4
22374;14.4
22375;14.4
22376;14.4
22377;14.4
22378;14.4
22379;14.4
22380;14.4
22381;14.4
22382;14.4
22383;14.4
22384;14.4
22385;14.4
22386;14.4
22387;14.4
22388;14.4
22389;14.4
22390;14.4
22391;14.4
22392;14.4
22393;14.4
22394;14.4
22395;14.4
22396;14.4
22397;14.4
22398;14.4
22399;14.4
22400;14.4
22401;14.4
22402;14.4
22403;14.4
22404;14.4
22405;14.4
22406;14.4
22407;14.4
22408;14.4
22409;14.4
22410;14.4
22411;14.4
22412;14.4
22413;14.4
22414;14.4
22415;14.4
22416;14.4
22417;14.4
22418;14.4
22419;14.4
22420;14.4
22421;14.4
22422;14.4
22423;14.4
22424;14.4
22425;14.4
22426;14.4
22427;14.4
22428;14.4
22429;14.4
22430;14.4
22431;14.4
22432;14.4
22433;14.4
22434;14.4
22435;14.4
22436;14.4
22437;14.4
22438;14.4
22439;14.4
22440;14.4
22441;14.4
22442;14.4
22443;14.4
22444;14.4
22445;14.4
22446;14.4
22447;14.4
22448;14.4
22449;14.4
22450;14.4
22451;14.4
22452;14.4
22453;14.4
22454;14.4
22455;14.4
22456;14.4
22457;14.4
22458;14.4
22459;14.4
22460;14.4
22461;14.4
22462;14.4
22463;14.4
22464;14.4
22465;14.4
22466;14.4
22467;14.4
22468;14.4
22469;14.4
22470;14.4
22471;14.4
22472;14.4
22473;14.4
22474;14.4
22475;14.4
22476;14.4
22477;14.4
22478;14.4
22479;14.4
22480;14.4
22481;14.4
22482;14.4
22483;14.4
22484;14.4
22485;14.4
22486;14.4
22487;14.4
22488;14.4
22489;14.4
22490;14.4
22491;14.4
22492;14.4
22493;14.4
22494;14.4
22495;14.4
22496;14.4
22497;14.4
22498;14.4
22499;14.4
22500;14.4
22501;14.4
22502;14.4
22503;14.4
22504;14.4
22505;14.4
22506;14.4
22507;14.4
22508;14.4
22509;14.4
22510;14.4
22511;14.4
22512;14.4
22513;14.4
22514;14.4
22515;14.4
22516;14.4
22517;14.4
22518;14.4
22519;14.4
22520;14.4
22521;14.4
22522;14.4
22523;14.4
22524;14.4
22525;14.4
22526;14.4
22527;14.4
22528;14.4
22529;14.4
22530;14.4
22531;14.4
22532;14.4
22533;14.4
22534;14.4
22535;14.4
22536;14.4
22537;14.4
22538;14.4
22539;14.4
22540;14.4
22541;14.4
22542;14.4
22543;14.4
22544;14.4
22545;14.4
22546;14.4
22547;14.4
22548;14.4
22549;14.4
22550;14.4
22551;14.4
22552;14.4
22553;14.4
22554;14.4
22555;14.4
22556;14.4
22557;14.4
22558;14.4
22559;14.4
22560;14.4
22561;14.4
22562;14.4
22563;14.4
22564;14.4
22565;14.4
22566;14.4
22567;14.4
22568;14.4
22569;14.4
22570;14.4
22571;14.4
22572;14.4
22573;14.4
22574;14.4
22575;14.4
22576;14.4
22577;14.4
22578;14.4
22579;14.4
22580;14.4
22581;14.4
22582;14.4
22583;14.4
22584;14.4
22585;14.4
22586;14.4
22587;14.4
22588;14.4
22589;14.4
22590;14.4
22591;14.4
22592;14.4
22593;14.4
22594;14.4
22595;14.4
22596;14.4
22597;14.4
22598;14.4
22599;14.4
22600;14.4
22601;14.4
22602;14.4
22603;14.4
22604;14.4
22605;14.4
22606;14.4
22607;14.4
22608;14.4
22609;14.4
22610;14.4
22611;14.4
22612;14.4
22613;14.4
22614;14.4
22615;14.4
22616;14.4
22617;14.4
22618;14.4
22619;14.4
22620;14.4
22621;14.4
22622;14.4
22623;14.4
22624;14.4
22625;14.4
22626;14.4
22627;14.4
22628;14.4
22629;14.4
22630;14.4
22631;14.4
22632;14.4
22633;14.4
22634;14.4
22635;14.4
22636;14.4
22637;14.4
22638;14.4
22639;14.4
22640;14.4
22641;14.4
22642;14.4
22643;14.4
22644;14.4
22645;14.4
22646;14.4
22647;14.4
22648;14.4
22649;14.4
22650;14.4
22651;14.4
22652;14.4
22653;14.4
22654;14.4
22655;14.4
22656;14.4
22657;14.4
22658;14.4
22659;14.4
22660;14.4
22661;14.4
22662;14.4
22663;14.4
22664;14.4
22665;14.4
22666;14.4
22667;14.4
22668;14.4
22669;14.4
22670;14.4
22671;14.4
22672;14.4
22673;14.4
22674;14.4
22675;14.4
22676;14.4
22677;14.4
22678;14.4
22679;14.4
22680;14.4
22681;14.4
22682;14.4
22683;14.4
22684;14.4
22685;14.4
22686;14.4
22687;14.4
22688;14.4
22689;14.4
22690;14.4
22691;14.4
22692;14.4
22693;14.4
22694;14.4
22695;14.4
22696;14.4
22697;14.4
22698;14.4
22699;14.4
22700;14.4
22701;14.4
22702;14.4
22703;14.4
22704;14.4
22705;14.4
22706;14.4
22707;14.4
22708;14.4
22709;14.4
22710;14.4
22711;14.4
22712;14.4
22713;14.4
22714;14.4
22715;14.4
22716;14.4
22717;14.4
22718;14.4
22719;14.4
22720;14.4
22721;14.4
22722;14.4
22723;14.4
22724;14.4
22725;14.4
22726;14.4
22727;14.4
22728;14.4
22729;14.4
22730;14.4
22731;14.4
22732;14.4
22733;14.4
22734;14.4
22735;14.4
22736;14.4
22737;14.4
22738;14.4
22739;14.4
22740;14.4
22741;14.4
22742;14.4
22743;14.4
22744;14.4
22745;14.4
22746;14.4
22747;14.4
22748;14.4
22749;14.4
22750;14.4
22751;14.4
22752;14.4
22753;14.4
22754;14.4
22755;14.4
22756;14.4
22757;14.4
22758;14.4
22759;14.4
22760;14.4
22761;14.4
22762;14.4
22763;14.4
22764;14.4
22765;14.4
22766;14.4
22767;14.4
22768;14.4
22769;14.4
22770;14.4
22771;14.4
22772;14.4
22773;14.4
22774;14.4
22775;14.4
22776;14.4
22777;14.4
22778;14.4
22779;14.4
22780;14.4
22781;14.4
22782;14.4
22783;14.4
22784;14.4
22785;14.4
22786;14.4
22787;14.4
22788;14.4
22789;14.4
22790;14.4
22791;14.4
22792;14.4
22793;14.4
22794;14.4
22795;14.4
22796;14.4
22797;14.4
22798;14.4
22799;14.4
22800;14.4
22801;14.4
22802;14.4
22803;14.4
22804;14.4
22805;14.4
22806;14.4
22807;14.4
22808;14.4
22809;14.4
22810;14.4
22811;14.4
22812;14.4
22813;14.4
22814;14.4
22815;14.4
22816;14.4
22817;14.4
22818;14.4
22819;14.4
22820;14.4
22821;14.4
22822;14.4
22823;14.4
22824;14.4
22825;14.4
22826;14.4
22827;14.4
22828;14.4
22829;14.4
22830;14.4
22831;14.4
22832;14.4
22833;14.4
22834;14.4
22835;14.4
22836;14.4
22837;14.4
22838;14.4
22839;14.4
22840;14.4
22841;14.4
22842;14.4
22843;14.4
22844;14.4
22845;14.4
22846;14.4
22847;14.4
22848;14.4
22849;14.4
22850;14.4
22851;14.4
22852;14.4
22853;14.4
22854;14.4
22855;14.4
22856;14.4
22857;14.4
22858;14.4
22859;14.4
22860;14.4
22861;14.4
22862;14.4
22863;14.4
22864;14.4
22865;14.4
22866;14.4
22867;14.4
22868;14.4
22869;14.4
22870;14.4
22871;14.4
22872;14.4
22873;14.4
22874;14.4
22875;14.4
22876;14.4
22877;14.4
22878;14.4
22879;14.4
22880;14.4
22881;14.4
22882;14.4
22883;14.4
22884;14.4
22885;14.4
22886;14.4
22887;14.4
22888;14.4
22889;14.4
22890;14.4
22891;14.4
22892;14.4
22893;14.4
22894;14.4
22895;14.4
22896;14.4
22897;14.4
22898;14.4
22899;14.4
22900;14.4
22901;14.4
22902;14.4
22903;14.4
22904;14.4
22905;14.4
22906;14.4
22907;14.4
22908;14.4
22909;14.4
22910;14.4
22911;14.4
22912;14.4
22913;14.4
22914;14.4
22915;14.4
22916;14.4
22917;14.4
22918;14.4
22919;14.4
22920;14.4
22921;14.4
22922;14.4
22923;14.4
22924;14.4
22925;14.4
22926;14.4
22927;14.4
22928;14.4
22929;14.4
22930;14.4
22931;14.4
22932;14.4
22933;14.4
22934;14.4
22935;14.4
22936;14.4
22937;14.4
22938;14.4
22939;14.4
22940;14.4
22941;14.4
22942;14.4
22943;14.4
22944;14.4
22945;14.4
22946;14.4
22947;14.4
22948;14.4
22949;14.4
22950;14.4
22951;14.4
22952;14.4
22953;14.4
22954;14.4
22955;14.4
22956;14.4
22957;14.4
22958;14.4
22959;14.4
22960;14.4
22961;14.4
22962;14.4
22963;14.4
22964;14.4
22965;14.4
22966;14.4
22967;14.4
22968;14.4
22969;14.4
22970;14.4
22971;14.4
22972;14.4
22973;14.4
22974;14.4
22975;14.4
22976;14.4
22977;14.4
22978;14.4
22979;14.4
22980;14.4
22981;14.4
22982;14.4
22983;14.4
22984;14.4
22985;14.4
22986;14.4
22987;14.4
22988;14.4
22989;14.4
22990;14.4
22991;14.4
22992;14.4
22993;14.4
22994;14.4
22995;14.4
22996;14.4
22997;14.4
22998;14.4
22999;14.4
23000;14.4
23001;14.4
23002;14.4
23003;14.4
23004;14.4
23005;14.4
23006;14.4
23007;14.4
23008;14.4
23009;14.4
23010;14.4
23011;14.4
23012;14.4
23013;14.4
23014;14.4
23015;14.4
23016;14.4
23017;14.4
23018;14.4
23019;14.4
23020;14.4
23021;14.4
23022;14.4
23023;14.4
23024;14.4
23025;14.4
23026;14.4
23027;14.4
23028;14.4
23029;14.4
23030;14.4
23031;14.4
23032;14.4
23033;14.4
23034;14.4
23035;14.4
23036;14.4
23037;14.4
23038;14.4
23039;14.4
23040;14.4
23041;14.4
23042;14.4
23043;14.4
23044;14.4
23045;14.4
23046;14.4
23047;14.4
23048;14.4
23049;14.4
23050;14.4
23051;14.4
23052;14.4
23053;14.4
23054;14.4
23055;14.4
23056;14.4
23057;14.4
23058;14.4
23059;14.4
23060;14.4
23061;14.4
23062;14.4
23063;14.4
23064;14.4
23065;14.4
23066;14.4
23067;14.4
23068;14.4
23069;14.4
23070;14.4
23071;14.4
23072;14.4
23073;14.4
23074;14.4
23075;14.4
23076;14.4
23077;14.4
23078;14.4
23079;14.4
23080;14.4
23081;14.4
23082;14.4
23083;14.4
23084;14.4
23085;14.4
23086;14.4
23087;14.4
23088;14.4
23089;14.4
23090;14.4
23091;14.4
23092;14.4
23093;14.4
23094;14.4
23095;14.4
23096;14.4
23097;14.4
23098;14.4
23099;14.4
23100;14.4
23101;14.4
23102;14.4
23103;14.4
23104;14.4
23105;14.4
23106;14.4
23107;14.4
23108;14.4
23109;14.4
23110;14.4
23111;14.4
23112;14.4
23113;14.4
23114;14.4
23115;14.4
23116;14.4
23117;14.4
23118;14.4
23119;14.4
23120;14.4
23121;14.4
23122;14.4
23123;14.4
23124;14.4
23125;14.4
23126;14.4
23127;14.4
23128;14.4
23129;14.4
23130;14.4
23131;14.4
23132;14.4
23133;14.4
23134;14.4
23135;14.4
23136;14.4
23137;14.4
23138;14.4
23139;14.4
23140;14.4
23141;14.4
23142;14.4
23143;14.4
23144;14.4
23145;14.4
23146;14.4
23147;14.4
23148;14.4
23149;14.4
23150;14.4
23151;14.4
23152;14.4
23153;14.4
23154;14.4
23155;14.4
23156;14.4
23157;14.4
23158;14.4
23159;14.4
23160;14.4
23161;14.4
23162;14.4
23163;14.4
23164;14.4
23165;14.4
23166;14.4
23167;14.4
23168;14.4
23169;14.4
23170;14.4
23171;14.4
23172;14.4
23173;14.4
23174;14.4
23175;14.4
23176;14.4
23177;14.4
23178;14.4
23179;14.4
23180;14.4
23181;14.4
23182;14.4
23183;14.4
23184;14.4
23185;14.4
23186;14.4
23187;14.4
23188;14.4
23189;14.4
23190;14.4
23191;14.4
23192;14.4
23193;14.4
23194;14.4
23195;14.4
23196;14.4
23197;14.4
23198;14.4
23199;14.4
23200;14.4
23201;14.4
23202;14.4
23203;14.4
23204;14.4
23205;14.4
23206;14.4
23207;14.4
23208;14.4
23209;14.4
23210;14.4
23211;14.4
23212;14.4
23213;14.4
23214;14.4
23215;14.4
23216;14.4
23217;14.4
23218;14.4
23219;14.4
23220;14.4
23221;14.4
23222;14.4
23223;14.4
23224;14.4
23225;14.4
23226;14.4
23227;14.4
23228;14.4
23229;14.4
23230;14.4
23231;14.4
23232;14.4
23233;14.4
23234;14.4
23235;14.4
23236;14.4
23237;14.4
23238;14.4
23239;14.4
23240;14.4
23241;14.4
23242;14.4
23243;14.4
23244;14.4
23245;14.4
23246;14.4
23247;14.4
23248;14.4
23249;14.4
23250;14.4
23251;14.4
23252;14.4
23253;14.4
23254;14.4
23255;14.4
23256;14.4
23257;14.4
23258;14.4
23259;14.4
23260;14.4
23261;14.4
23262;14.4
23263;14.4
23264;14.4
23265;14.4
23266;14.4
23267;14.4
23268;14.4
23269;14.4
23270;14.4
23271;14.4
23272;14.4
23273;14.4
23274;14.4
23275;14.4
23276;14.4
23277;14.4
23278;14.4
23279;14.4
23280;14.4
23281;14.4
23282;14.4
23283;14.4
23284;14.4
23285;14.4
23286;14.4
23287;14.4
23288;14.4
23289;14.4
23290;14.4
23291;14.4
23292;14.4
23293;14.4
23294;14.4
23295;14.4
23296;14.4
23297;14.4
23298;14.4
23299;14.4
23300;14.4
23301;14.4
23302;14.4
23303;14.4
23304;14.4
23305;14.4
23306;14.4
23307;14.4
23308;14.4
23309;14.4
23310;14.4
23311;14.4
23312;14.4
23313;14.4
23314;14.4
23315;14.4
23316;14.4
23317;14.4
23318;14.4
23319;14.4
23320;14.4
23321;14.4
23322;14.4
23323;14.4
23324;14.4
23325;14.4
23326;14.4
23327;14.4
23328;14.4
23329;14.4
23330;14.4
23331;14.4
23332;14.4
23333;14.4
23334;14.4
23335;14.4
23336;14.4
23337;14.4
23338;14.4
23339;14.4
23340;14.4
23341;14.4
23342;14.4
23343;14.4
23344;14.4
23345;14.4
23346;14.4
23347;14.4
23348;14.4
23349;14.4
23350;14.4
23351;14.4
23352;14.4
23353;14.4
23354;14.4
23355;14.4
23356;14.4
23357;14.4
23358;14.4
23359;14.4
23360;14.4
23361;14.4
23362;14.4
23363;14.4
23364;14.4
23365;14.4
23366;14.4
23367;14.4
23368;14.4
23369;14.4
23370;14.4
23371;14.4
23372;14.4
23373;14.4
23374;14.4
23375;14.4
23376;14.4
23377;14.4
23378;14.4
23379;14.4
23380;14.4
23381;14.4
23382;14.4
23383;14.4
23384;14.4
23385;14.4
23386;14.4
23387;14.4
23388;14.4
23389;14.4
23390;14.4
23391;14.4
23392;14.4
23393;14.4
23394;14.4
23395;14.4
23396;14.4
23397;14.4
23398;14.4
23399;14.4
23400;14.4
23401;14.4
23402;14.4
23403;14.4
23404;14.4
23405;14.4
23406;14.4
23407;14.4
23408;14.4
23409;14.4
23410;14.4
23411;14.4
23412;14.4
23413;14.4
23414;14.4
23415;14.4
23416;14.4
23417;14.4
23418;14.4
23419;14.4
23420;14.4
23421;14.4
23422;14.4
23423;14.4
23424;14.4
23425;14.4
23426;14.4
23427;14.4
23428;14.4
23429;14.4
23430;14.4
23431;14.4
23432;14.4
23433;14.4
23434;14.4
23435;14.4
23436;14.4
23437;14.4
23438;14.4
23439;14.4
23440;14.4
23441;14.4
23442;14.4
23443;14.4
23444;14.4
23445;14.4
23446;14.4
23447;14.4
23448;14.4
23449;14.4
23450;14.4
23451;14.4
23452;14.4
23453;14.4
23454;14.4
23455;14.4
23456;14.4
23457;14.4
23458;14.4
23459;14.4
23460;14.4
23461;14.4
23462;14.4
23463;14.4
23464;14.4
23465;14.4
23466;14.4
23467;14.4
23468;14.4
23469;14.4
23470;14.4
23471;14.4
23472;14.4
23473;14.4
23474;14.4
23475;14.4
23476;14.4
23477;14.4
23478;14.4
23479;14.4
23480;14.4
23481;14.4
23482;14.4
23483;14.4
23484;14.4
23485;14.4
23486;14.4
23487;14.4
23488;14.4
23489;14.4
23490;14.4
23491;14.4
23492;14.4
23493;14.4
23494;14.4
23495;14.4
23496;14.4
23497;14.4
23498;14.4
23499;14.4
23500;14.4
23501;14.4
23502;14.4
23503;14.4
23504;14.4
23505;14.4
23506;14.4
23507;14.4
23508;14.4
23509;14.4
23510;14.4
23511;14.4
23512;14.4
23513;14.4
23514;14.4
23515;14.4
23516;14.4
23517;14.4
23518;14.4
23519;14.4
23520;14.4
23521;14.4
23522;14.4
23523;14.4
23524;14.4
23525;14.4
23526;14.4
23527;14.4
23528;14.4
23529;14.4
23530;14.4
23531;14.4
23532;14.4
23533;14.4
23534;14.4
23535;14.4
23536;14.4
23537;14.4
23538;14.4
23539;14.4
23540;14.4
23541;14.4
23542;14.4
23543;14.4
23544;14.4
23545;14.4
23546;14.4
23547;14.4
23548;14.4
23549;14.4
23550;14.4
23551;14.4
23552;14.4
23553;14.4
23554;14.4
23555;14.4
23556;14.4
23557;14.4
23558;14.4
23559;14.4
23560;14.4
23561;14.4
23562;14.4
23563;14.4
23564;14.4
23565;14.4
23566;14.4
23567;14.4
23568;14.4
23569;14.4
23570;14.4
23571;14.4
23572;14.4
23573;14.4
23574;14.4
23575;14.4
23576;14.4
23577;14.4
23578;14.4
23579;14.4
23580;14.4
23581;14.4
23582;14.4
23583;14.4
23584;14.4
23585;14.4
23586;14.4
23587;14.4
23588;14.4
23589;14.4
23590;14.4
23591;14.4
23592;14.4
23593;14.4
23594;14.4
23595;14.4
23596;14.4
23597;14.4
23598;14.4
23599;14.4
23600;14.4
23601;14.4
23602;14.4
23603;14.4
23604;14.4
23605;14.4
23606;14.4
23607;14.4
23608;14.4
23609;14.4
23610;14.4
23611;14.4
23612;14.4
23613;14.4
23614;14.4
23615;14.4
23616;14.4
23617;14.4
23618;14.4
23619;14.4
23620;14.4
23621;14.4
23622;14.4
23623;14.4
23624;14.4
23625;14.4
23626;14.4
23627;14.4
23628;14.4
23629;14.4
23630;14.4
23631;14.4
23632;14.4
23633;14.4
23634;14.4
23635;14.4
23636;14.4
23637;14.4
23638;14.4
23639;14.4
23640;14.4
23641;14.4
23642;14.4
23643;14.4
23644;14.4
23645;14.4
23646;14.4
23647;14.4
23648;14.4
23649;14.4
23650;14.4
23651;14.4
23652;14.4
23653;14.4
23654;14.4
23655;14.4
23656;14.4
23657;14.4
23658;14.4
23659;14.4
23660;14.4
23661;14.4
23662;14.4
23663;14.4
23664;14.4
23665;14.4
23666;14.4
23667;14.4
23668;14.4
23669;14.4
23670;14.4
23671;14.4
23672;14.4
23673;14.4
23674;14.4
23675;14.4
23676;14.4
23677;14.4
23678;14.4
23679;14.4
23680;14.4
23681;14.4
23682;14.4
23683;14.4
23684;14.4
23685;14.4
23686;14.4
23687;14.4
23688;14.4
23689;14.4
23690;14.4
23691;14.4
23692;14.4
23693;14.4
23694;14.4
23695;14.4
23696;14.4
23697;14.4
23698;14.4
23699;14.4
23700;14.4
23701;14.4
23702;14.4
23703;14.4
23704;14.4
23705;14.4
23706;14.4
23707;14.4
23708;14.4
23709;14.4
23710;14.4
23711;14.4
23712;14.4
23713;14.4
23714;14.4
23715;14.4
23716;14.4
23717;14.4
23718;14.4
23719;14.4
23720;14.4
23721;14.4
23722;14.4
23723;14.4
23724;14.4
23725;14.4
23726;14.4
23727;14.4
23728;14.4
23729;14.4
23730;14.4
23731;14.4
23732;14.4
23733;14.4
23734;14.4
23735;14.4
23736;14.4
23737;14.4
23738;14.4
23739;14.4
23740;14.4
23741;14.4
23742;14.4
23743;14.4
23744;14.4
23745;14.4
23746;14.4
23747;14.4
23748;14.4
23749;14.4
23750;14.4
23751;14.4
23752;14.4
23753;14.4
23754;14.4
23755;14.4
23756;14.4
23757;14.4
23758;14.4
23759;14.4
23760;14.4
23761;14.4
23762;14.4
23763;14.4
23764;14.4
23765;14.4
23766;14.4
23767;14.4
23768;14.4
23769;14.4
23770;14.4
23771;14.4
23772;14.4
23773;14.4
23774;14.4
23775;14.4
23776;14.4
23777;14.4
23778;14.4
23779;14.4
23780;14.4
23781;14.4
23782;14.4
23783;14.4
23784;14.4
23785;14.4
23786;14.4
23787;14.4
23788;14.4
23789;14.4
23790;14.4
23791;14.4
23792;14.4
23793;14.4
23794;14.4
23795;14.4
23796;14.4
23797;14.4
23798;14.4
23799;14.4
23800;14.4
23801;14.4
23802;14.4
23803;14.4
23804;14.4
23805;14.4
23806;14.4
23807;14.4
23808;14.4
23809;14.4
23810;14.4
23811;14.4
23812;14.4
23813;14.4
23814;14.4
23815;14.4
23816;14.4
23817;14.4
23818;14.4
23819;14.4
23820;14.4
23821;14.4
23822;14.4
23823;14.4
23824;14.4
23825;14.4
23826;14.4
23827;14.4
23828;14.4
23829;14.4
23830;14.4
23831;14.4
23832;14.4
23833;14.4
23834;14.4
23835;14.4
23836;14.4
23837;14.4
23838;14.4
23839;14.4
23840;14.4
23841;14.4
23842;14.4
23843;14.4
23844;14.4
23845;14.4
23846;14.4
23847;14.4
23848;14.4
23849;14.4
23850;14.4
23851;14.4
23852;14.4
23853;14.4
23854;14.4
23855;14.4
23856;14.4
23857;14.4
23858;14.4
23859;14.4
23860;14.4
23861;14.4
23862;14.4
23863;14.4
23864;14.4
23865;14.4
23866;14.4
23867;14.4
23868;14.4
23869;14.4
23870;14.4
23871;14.4
23872;14.4
23873;14.4
23874;14.4
23875;14.4
23876;14.4
23877;14.4
23878;14.4
23879;14.4
23880;14.4
23881;14.4
23882;14.4
23883;14.4
23884;14.4
23885;14.4
23886;14.4
23887;14.4
23888;14.4
23889;14.4
23890;14.4
23891;14.4
23892;14.4
23893;14.4
23894;14.4
23895;14.4
23896;14.4
23897;14.4
23898;14.4
23899;14.4
23900;14.4
23901;14.4
23902;14.4
23903;14.4
23904;14.4
23905;14.4
23906;14.4
23907;14.4
23908;14.4
23909;14.4
23910;14.4
23911;14.4
23912;14.4
23913;14.4
23914;14.4
23915;14.4
23916;14.4
23917;14.4
23918;14.4
23919;14.4
23920;14.4
23921;14.4
23922;14.4
23923;14.4
23924;14.4
23925;14.4
23926;14.4
23927;14.4
23928;14.1142159
23929;13.8284317
23930;13.5426476
23931;13.2568635
23932;13.23706
23933;13.2172564
23934;13.1974529
23935;13.1776494
23936;14.4
23937;14.4
23938;14.4
23939;14.4
23940;14.4
23941;14.4
23942;14.4
23943;14.4
23944;14.4
23945;14.4
23946;14.4
23947;14.4
23948;14.4
23949;14.4
23950;14.4
23951;14.4
23952;14.4
23953;14.4
23954;14.4
23955;14.4
23956;14.4
23957;14.4
23958;14.4
23959;14.4
23960;14.4
23961;14.4
23962;14.4
23963;14.4
23964;14.4
23965;14.4
23966;14.4
23967;14.4
23968;14.4
23969;14.4
23970;14.4
23971;14.4
23972;14.4
23973;14.4
23974;14.4
23975;14.4
23976;14.4
23977;14.4
23978;14.4
23979;14.4
23980;14.4
23981;14.4
23982;14.4
23983;14.4
23984;14.4
23985;14.4
23986;14.4
23987;14.4
23988;14.4
23989;14.4
23990;14.4
23991;14.4
23992;14.4
23993;14.4
23994;14.4
23995;14.4
23996;14.4
23997;14.4
23998;14.4
23999;14.4
24000;14.4
24001;14.4
24002;14.4
24003;14.4
24004;14.4
24005;14.4
24006;14.4
24007;14.4
24008;14.4
24009;14.4
24010;14.4
24011;14.4
24012;14.4
24013;14.4
24014;14.4
24015;14.4
24016;14.4
24017;14.4
24018;14.4
24019;14.4
24020;14.4
24021;14.4
24022;14.4
24023;14.4
24024;14.4
24025;14.4
24026;14.4
24027;14.4
24028;14.4
24029;14.4
24030;14.4
24031;14.4
24032;14.4
24033;14.4
24034;14.4
24035;14.4
24036;14.4
24037;14.4
24038;14.4
24039;14.4
24040;14.4
24041;14.4
24042;14.4
24043;14.4
24044;14.4
24045;14.4
24046;14.4
24047;14.4
24048;14.4
24049;14.4
24050;14.4
24051;14.4
24052;14.4
24053;14.4
24054;14.4
24055;14.4
24056;14.4
24057;14.4
24058;14.4
24059;14.4
24060;14.4
24061;14.4
24062;14.4
24063;14.4
24064;14.4
24065;14.4
24066;14.4
24067;14.4
24068;14.4
24069;14.4
24070;14.4
24071;14.4
24072;14.4
24073;14.4
24074;14.4
24075;14.4
24076;14.4
24077;14.4
24078;14.4
24079;14.4
24080;14.4
24081;14.4
24082;14.4
24083;14.4
24084;14.4
24085;14.4
24086;14.4
24087;14.4
24088;14.4
24089;14.4
24090;14.4
24091;14.4
24092;14.4
24093;14.4
24094;14.4
24095;14.4
24096;14.4
24097;14.4
24098;14.4
24099;14.4
24100;14.4
24101;14.4
24102;14.4
24103;14.4
24104;14.4
24105;14.4
24106;14.4
24107;14.4
24108;14.4
24109;14.4
24110;14.4
24111;14.4
24112;14.4
24113;14.4
24114;14.4
24115;14.4
24116;14.4
24117;14.4
24118;14.4
24119;14.4
24120;14.4
24121;14.4
24122;14.4
24123;14.4
24124;14.4
24125;14.4
24126;14.4
24127;14.4
24128;14.4
24129;14.4
24130;14.4
24131;14.4
24132;14.4
24133;14.4
24134;14.4
24135;14.4
24136;14.4
24137;14.4
24138;14.4
24139;14.4
24140;14.4
24141;14.4
24142;14.4
24143;14.4
24144;14.4
24145;14.4
24146;14.4
24147;14.4
24148;14.4
24149;14.4
24150;14.4
24151;14.4
24152;14.4
24153;14.4
24154;14.4
24155;14.4
24156;14.4
24157;14.4
24158;14.4
24159;14.4
24160;14.4
24161;14.4
24162;14.4
24163;14.4
24164;14.4
24165;14.4
24166;14.4
24167;14.4
24168;14.4
24169;14.4
24170;14.4
24171;14.4
24172;14.4
24173;14.4
24174;14.4
24175;14.4
24176;14.4
24177;14.4
24178;14.4
24179;14.4
24180;14.4
24181;14.4
24182;14.4
24183;14.4
24184;14.4
24185;14.4
24186;14.4
24187;14.4
24188;14.4
24189;14.4
24190;14.4
24191;14.4
24192;14.4
24193;14.4
24194;14.4
24195;14.4
24196;14.4
24197;14.4
24198;14.4
24199;14.4
24200;14.4
24201;14.4
24202;14.4
24203;14.4
24204;14.4
24205;14.4
24206;14.4
24207;14.4
24208;14.4
24209;14.4
24210;14.4
24211;14.4
24212;14.4
24213;14.4
24214;14.4
24215;14.4
24216;14.4
24217;14.4
24218;14.4
24219;14.4
24220;14.4
24221;14.4
24222;14.4
24223;14.4
24224;14.4
24225;14.4
24226;14.4
24227;14.4
24228;14.4
24229;14.4
24230;14.4
24231;14.4
24232;14.4
24233;14.4
24234;14.4
24235;14.4
24236;14.4
24237;14.4
24238;14.4
24239;14.4
24240;14.4
24241;14.4
24242;14.4
24243;14.4
24244;14.4
24245;14.4
24246;14.4
24247;14.4
24248;14.4
24249;14.4
24250;14.4
24251;14.4
24252;14.4
24253;14.4
24254;14.4
24255;14.4
24256;14.4
24257;14.4
24258;14.4
24259;14.4
24260;14.4
24261;14.4
24262;14.4
24263;14.4
24264;14.4
24265;14.4
24266;14.4
24267;14.4
24268;14.4
24269;14.4
24270;14.4
24271;14.4
24272;14.4
24273;14.4
24274;14.4
24275;14.4
24276;14.4
24277;14.4
24278;14.4
24279;14.4
24280;14.4
24281;14.4
24282;14.4
24283;14.4
24284;14.4
24285;14.4
24286;14.4
24287;14.4
24288;14.4
24289;14.4
24290;14.4
24291;14.4
24292;14.4
24293;14.4
24294;14.4
24295;14.4
24296;14.4
24297;14.4
24298;14.4
24299;14.4
24300;14.4
24301;14.4
24302;14.4
24303;14.4
24304;14.4
24305;14.4
24306;14.4
24307;14.4
24308;14.4
24309;14.4
24310;14.4
24311;14.4
24312;14.4
24313;14.4
24314;14.4
24315;14.4
24316;14.4
24317;14.4
24318;14.4
24319;14.4
24320;14.4
24321;14.4
24322;14.4
24323;14.4
24324;14.4
24325;14.4
24326;14.4
24327;14.4
24328;14.4
24329;14.4
24330;14.4
24331;14.4
24332;14.4
24333;14.4
24334;14.4
24335;14.4
24336;14.4
24337;14.4
24338;14.4
24339;14.4
24340;14.4
24341;14.4
24342;14.4
24343;14.4
24344;14.4
24345;14.4
24346;14.4
24347;14.4
24348;14.4
24349;14.4
24350;14.4
24351;14.4
24352;14.4
24353;14.4
24354;14.4
24355;14.4
24356;14.4
24357;14.4
24358;14.4
24359;14.4
24360;14.4
24361;14.4
24362;14.4
24363;14.4
24364;14.4
24365;14.4
24366;14.4
24367;14.4
24368;14.4
24369;14.4
24370;14.4
24371;14.4
24372;14.4
24373;14.4
24374;14.4
24375;14.4
24376;14.4
24377;14.4
24378;14.4
24379;14.4
24380;14.4
24381;14.4
24382;14.4
24383;14.4
24384;14.4
24385;14.4
24386;14.4
24387;14.4
24388;14.4
24389;14.4
24390;14.4
24391;14.4
24392;14.4
24393;14.4
24394;14.4
24395;14.4
24396;14.4
24397;14.4
24398;14.4
24399;14.4
24400;14.4
24401;14.4
24402;14.4
24403;14.4
24404;14.4
24405;14.4
24406;14.4
24407;14.4
24408;14.4
24409;14.4
24410;14.4
24411;14.4
24412;14.4
24413;14.4
24414;14.4
24415;14.4
24416;14.4
24417;14.4
24418;14.4
24419;14.4
24420;14.4
24421;14.4
24422;14.4
24423;14.4
24424;14.4
24425;14.4
24426;14.4
24427;14.4
24428;14.4
24429;14.4
24430;14.4
24431;14.4
24432;14.4
24433;14.4
24434;14.4
24435;14.4
24436;14.4
24437;14.4
24438;14.4
24439;14.4
24440;14.4
24441;14.4
24442;14.4
24443;14.4
24444;14.4
24445;14.4
24446;14.4
24447;14.4
24448;14.4
24449;14.4
24450;14.4
24451;14.4
24452;14.4
24453;14.4
24454;14.4
24455;14.4
24456;14.4
24457;14.4
24458;14.4
24459;14.4
24460;14.4
24461;14.4
24462;14.4
24463;14.4
24464;14.4
24465;14.4
24466;14.4
24467;14.4
24468;14.4
24469;14.4
24470;14.4
24471;14.4
24472;14.4
24473;14.4
24474;14.4
24475;14.4
24476;14.4
24477;14.4
24478;14.4
24479;14.4
24480;14.4
24481;14.4
24482;14.4
24483;14.4
24484;14.4
24485;14.4
24486;14.4
24487;14.4
24488;14.4
24489;14.4
24490;14.4
24491;14.4
24492;14.4
24493;14.4
24494;14.4
24495;14.4
24496;14.4
24497;14.4
24498;14.4
24499;14.4
24500;14.4
24501;14.4
24502;14.4
24503;14.4
24504;14.4
24505;14.4
24506;14.4
24507;14.4
24508;14.4
24509;14.4
24510;14.4
24511;14.4
24512;14.4
24513;14.4
24514;14.4
24515;14.4
24516;14.4
24517;14.4
24518;14.4
24519;14.4
24520;14.4
24521;14.4
24522;14.4
24523;14.4
24524;14.4
24525;14.4
24526;14.4
24527;14.4
24528;14.4
24529;14.4
24530;14.4
24531;14.4
24532;14.4
24533;14.4
24534;14.4
24535;14.4
24536;14.4
24537;14.4
24538;14.4
24539;14.4
24540;14.4
24541;14.4
24542;14.4
24543;14.4
24544;14.4
24545;14.4
24546;14.4
24547;14.4
24548;14.4
24549;14.4
24550;14.4
24551;14.4
24552;14.4
24553;14.4
24554;14.4
24555;14.4
24556;14.4
24557;14.4
24558;14.4
24559;14.4
24560;14.4
24561;14.4
24562;14.4
24563;14.4
24564;14.4
24565;14.4
24566;14.4
24567;14.4
24568;14.4
24569;14.4
24570;14.4
24571;14.4
24572;14.4
24573;14.4
24574;14.4
24575;14.4
24576;14.4
24577;14.4
24578;14.4
24579;14.4
24580;14.4
24581;14.4
24582;14.4
24583;14.4
24584;14.4
24585;14.4
24586;14.4
24587;14.4
24588;14.4
24589;14.4
24590;14.4
24591;14.4
24592;14.4
24593;14.4
24594;14.4
24595;14.4
24596;14.4
24597;14.4
24598;14.4
24599;14.4
24600;14.4
24601;14.4
24602;14.4
24603;14.4
24604;14.4
24605;14.4
24606;14.4
24607;14.4
24608;14.4
24609;14.4
24610;14.4
24611;14.4
24612;14.4
24613;14.4
24614;14.4
24615;14.4
24616;14.4
24617;14.4
24618;14.4
24619;14.4
24620;14.4
24621;14.4
24622;14.4
24623;14.4
24624;14.4
24625;14.4
24626;14.4
24627;14.4
24628;14.4
24629;14.4
24630;14.4
24631;14.4
24632;14.4
24633;14.4
24634;14.4
24635;14.4
24636;14.4
24637;14.4
24638;14.4
24639;14.4
24640;14.4
24641;14.4
24642;14.4
24643;14.4
24644;14.4
24645;14.4
24646;14.4
24647;14.4
24648;14.4
24649;14.4
24650;14.4
24651;14.4
24652;14.4
24653;14.4
24654;14.4
24655;14.4
24656;14.4
24657;14.4
24658;14.4
24659;14.4
24660;14.4
24661;14.4
24662;14.4
24663;14.4
24664;14.4
24665;14.4
24666;14.4
24667;14.4
24668;14.4
24669;14.4
24670;14.4
24671;14.4
24672;14.4
24673;14.4
24674;14.4
24675;14.4
24676;14.4
24677;14.4
24678;14.4
24679;14.4
24680;14.4
24681;14.4
24682;14.4
24683;14.4
24684;14.4
24685;14.4
24686;14.4
24687;14.4
24688;14.4
24689;14.4
24690;14.4
24691;14.4
24692;14.4
24693;14.4
24694;14.4
24695;14.4
24696;13.9029461
24697;13.4058922
24698;12.9088383
24699;12.4117844
24700;11.7374408
24701;11.0630972
24702;10.3887536
24703;9.71440994
24704;9.53790827
24705;9.36140661
24706;9.18490495
24707;9.00840329
24708;9.80760087
24709;10.6067985
24710;11.405996
24711;12.2051936
24712;13.6001936
24713;14.4
24714;14.4
24715;14.4
24716;14.4
24717;14.4
24718;14.4
24719;14.4
24720;14.4
24721;14.4
24722;14.4
24723;14.4
24724;14.4
24725;14.4
24726;14.4
24727;14.4
24728;14.4
24729;14.4
24730;14.4
24731;14.4
24732;14.4
24733;14.4
24734;14.4
24735;14.4
24736;14.4
24737;14.4
24738;14.4
24739;14.4
24740;14.4
24741;14.4
24742;14.4
24743;14.4
24744;14.4
24745;14.4
24746;14.4
24747;14.4
24748;14.4
24749;14.4
24750;14.4
24751;14.4
24752;14.4
24753;14.4
24754;14.4
24755;14.4
24756;14.4
24757;14.4
24758;14.4
24759;14.4
24760;14.4
24761;14.4
24762;14.4
24763;14.4
24764;14.4
24765;14.4
24766;14.4
24767;14.4
24768;14.4
24769;14.4
24770;14.4
24771;14.4
24772;14.4
24773;14.4
24774;14.4
24775;14.4
24776;14.4
24777;14.4
24778;14.4
24779;14.4
24780;14.4
24781;14.4
24782;14.4
24783;14.4
24784;14.4
24785;14.4
24786;14.4
24787;14.4
24788;14.4
24789;14.4
24790;14.4
24791;14.4
24792;14.4
24793;14.4
24794;14.4
24795;14.4
24796;14.4
24797;14.4
24798;14.4
24799;14.4
24800;14.4
24801;14.4
24802;14.4
24803;14.4
24804;14.4
24805;14.4
24806;14.4
24807;14.4
24808;14.4
24809;14.4
24810;14.4
24811;14.4
24812;14.4
24813;14.4
24814;14.4
24815;14.4
24816;14.4
24817;14.4
24818;14.4
24819;14.4
24820;14.4
24821;14.4
24822;14.4
24823;14.4
24824;14.4
24825;14.4
24826;14.4
24827;14.4
24828;14.4
24829;14.4
24830;14.4
24831;14.4
24832;14.4
24833;14.4
24834;14.4
24835;14.4
24836;14.4
24837;14.4
24838;14.4
24839;14.4
24840;14.4
24841;14.4
24842;14.4
24843;14.4
24844;14.4
24845;14.4
24846;14.4
24847;14.4
24848;14.4
24849;14.4
24850;14.4
24851;14.4
24852;14.4
24853;14.4
24854;14.4
24855;14.4
24856;14.4
24857;14.4
24858;14.4
24859;14.4
24860;14.4
24861;14.4
24862;14.4
24863;14.4
24864;14.4
24865;14.4
24866;14.4
24867;14.4
24868;14.4
24869;14.4
24870;14.4
24871;14.4
24872;14.4
24873;14.4
24874;14.4
24875;14.4
24876;14.4
24877;14.4
24878;14.4
24879;14.4
24880;14.4
24881;14.4
24882;14.4
24883;14.4
24884;14.4
24885;14.4
24886;14.4
24887;14.4
24888;14.4
24889;14.4
24890;14.4
24891;14.4
24892;14.4
24893;14.4
24894;14.4
24895;14.4
24896;14.4
24897;14.4
24898;14.4
24899;14.4
24900;14.4
24901;14.4
24902;14.4
24903;14.4
24904;14.4
24905;14.4
24906;14.4
24907;14.4
24908;14.4
24909;14.4
24910;14.4
24911;14.4
24912;14.4
24913;14.4
24914;14.4
24915;14.4
24916;14.4
24917;14.4
24918;14.4
24919;14.4
24920;14.4
24921;14.4
24922;14.4
24923;14.4
24924;14.4
24925;14.4
24926;14.4
24927;14.4
24928;14.4
24929;14.4
24930;14.4
24931;14.4
24932;14.4
24933;14.4
24934;14.4
24935;14.4
24936;14.4
24937;14.4
24938;14.4
24939;14.4
24940;14.4
24941;14.4
24942;14.4
24943;14.4
24944;14.4
24945;14.4
24946;14.4
24947;14.4
24948;14.4
24949;14.4
24950;14.4
24951;14.4
24952;14.4
24953;14.4
24954;14.4
24955;14.4
24956;14.4
24957;14.4
24958;14.4
24959;14.4
24960;14.4
24961;14.4
24962;14.4
24963;14.4
24964;14.4
24965;14.4
24966;14.4
24967;14.4
24968;14.4
24969;14.4
24970;14.4
24971;14.4
24972;14.4
24973;14.4
24974;14.4
24975;14.4
24976;14.4
24977;14.4
24978;14.4
24979;14.4
24980;14.4
24981;14.4
24982;14.4
24983;14.4
24984;14.4
24985;14.4
24986;14.4
24987;14.4
24988;14.4
24989;14.4
24990;14.4
24991;14.4
24992;14.4
24993;14.4
24994;14.4
24995;14.4
24996;14.4
24997;14.4
24998;14.4
24999;14.4
25000;14.4
25001;14.4
25002;14.4
25003;14.4
25004;14.4
25005;14.4
25006;14.4
25007;14.4
25008;14.4
25009;14.4
25010;14.4
25011;14.4
25012;14.4
25013;14.4
25014;14.4
25015;14.4
25016;14.4
25017;14.4
25018;14.4
25019;14.4
25020;14.4
25021;14.4
25022;14.4
25023;14.4
25024;14.4
25025;14.4
25026;14.4
25027;14.4
25028;14.4
25029;14.4
25030;14.4
25031;14.4
25032;14.4
25033;14.4
25034;14.4
25035;14.4
25036;14.4
25037;14.4
25038;14.4
25039;14.4
25040;14.4
25041;14.4
25042;14.4
25043;14.4
25044;14.4
25045;14.4
25046;14.4
25047;14.4
25048;14.4
25049;14.4
25050;14.4
25051;14.4
25052;14.4
25053;14.4
25054;14.4
25055;14.4
25056;14.4
25057;14.4
25058;14.4
25059;14.4
25060;14.4
25061;14.4
25062;14.4
25063;14.4
25064;14.4
25065;14.4
25066;14.4
25067;14.4
25068;14.4
25069;14.4
25070;14.4
25071;14.4
25072;14.4
25073;14.4
25074;14.4
25075;14.4
25076;14.4
25077;14.4
25078;14.4
25079;14.4
25080;14.4
25081;14.4
25082;14.4
25083;14.4
25084;14.4
25085;14.4
25086;14.4
25087;14.4
25088;14.4
25089;14.4
25090;14.4
25091;14.4
25092;14.4
25093;14.4
25094;14.4
25095;14.4
25096;14.4
25097;14.4
25098;14.4
25099;14.4
25100;14.4
25101;14.4
25102;14.4
25103;14.4
25104;14.4
25105;14.4
25106;14.4
25107;14.4
25108;14.4
25109;14.4
25110;14.4
25111;14.4
25112;14.4
25113;14.4
25114;14.4
25115;14.4
25116;14.4
25117;14.4
25118;14.4
25119;14.4
25120;14.4
25121;14.4
25122;14.4
25123;14.4
25124;14.4
25125;14.4
25126;14.4
25127;14.4
25128;14.4
25129;14.4
25130;14.4
25131;14.4
25132;14.4
25133;14.4
25134;14.4
25135;14.4
25136;14.4
25137;14.4
25138;14.4
25139;14.4
25140;14.4
25141;14.4
25142;14.4
25143;14.4
25144;14.4
25145;14.4
25146;14.4
25147;14.4
25148;14.4
25149;14.4
25150;14.4
25151;14.4
25152;14.4
25153;14.4
25154;14.4
25155;14.4
25156;14.4
25157;14.4
25158;14.4
25159;14.4
25160;14.4
25161;14.4
25162;14.4
25163;14.4
25164;14.4
25165;14.4
25166;14.4
25167;14.4
25168;14.4
25169;14.4
25170;14.4
25171;14.4
25172;14.4
25173;14.4
25174;14.4
25175;14.4
25176;14.4
25177;14.4
25178;14.4
25179;14.4
25180;14.4
25181;14.4
25182;14.4
25183;14.4
25184;14.4
25185;14.4
25186;14.4
25187;14.4
25188;14.4
25189;14.4
25190;14.4
25191;14.4
25192;14.4
25193;14.4
25194;14.4
25195;14.4
25196;14.4
25197;14.4
25198;14.4
25199;14.4
25200;14.4
25201;14.4
25202;14.4
25203;14.4
25204;14.4
25205;14.4
25206;14.4
25207;14.4
25208;14.4
25209;14.4
25210;14.4
25211;14.4
25212;14.4
25213;14.4
25214;14.4
25215;14.4
25216;14.4
25217;14.4
25218;14.4
25219;14.4
25220;14.4
25221;14.4
25222;14.4
25223;14.4
25224;14.4
25225;14.4
25226;14.4
25227;14.4
25228;14.4
25229;14.4
25230;14.4
25231;14.4
25232;14.4
25233;14.4
25234;14.4
25235;14.4
25236;14.4
25237;14.4
25238;14.4
25239;14.4
25240;14.4
25241;14.4
25242;14.4
25243;14.4
25244;14.4
25245;14.4
25246;14.4
25247;14.4
25248;14.4
25249;14.4
25250;14.4
25251;14.4
25252;14.4
25253;14.4
25254;14.4
25255;14.4
25256;14.4
25257;14.4
25258;14.4
25259;14.4
25260;14.4
25261;14.4
25262;14.4
25263;14.4
25264;14.4
25265;14.4
25266;14.4
25267;14.4
25268;14.4
25269;14.4
25270;14.4
25271;14.4
25272;14.4
25273;14.4
25274;14.4
25275;14.4
25276;14.4
25277;14.4
25278;14.4
25279;14.4
25280;14.4
25281;14.4
25282;14.4
25283;14.4
25284;14.4
25285;14.4
25286;14.4
25287;14.4
25288;14.4
25289;14.4
25290;14.4
25291;14.4
25292;14.4
25293;14.4
25294;14.4
25295;14.4
25296;14.4
25297;14.4
25298;14.4
25299;14.4
25300;14.4
25301;14.4
25302;14.4
25303;14.4
25304;14.4
25305;14.4
25306;14.4
25307;14.4
25308;14.4
25309;14.4
25310;14.4
25311;14.4
25312;14.4
25313;14.4
25314;14.4
25315;14.4
25316;14.4
25317;14.4
25318;14.4
25319;14.4
25320;14.4
25321;14.4
25322;14.4
25323;14.4
25324;14.4
25325;14.4
25326;14.4
25327;14.4
25328;14.4
25329;14.4
25330;14.4
25331;14.4
25332;14.4
25333;14.4
25334;14.4
25335;14.4
25336;14.4
25337;14.4
25338;14.4
25339;14.4
25340;14.4
25341;14.4
25342;14.4
25343;14.4
25344;14.4
25345;14.4
25346;14.4
25347;14.4
25348;14.4
25349;14.4
25350;14.4
25351;14.4
25352;14.4
25353;14.4
25354;14.4
25355;14.4
25356;14.4
25357;14.4
25358;14.4
25359;14.4
25360;14.4
25361;14.4
25362;14.4
25363;14.4
25364;14.4
25365;14.4
25366;14.4
25367;14.4
25368;14.4
25369;14.4
25370;14.4
25371;14.4
25372;14.4
25373;14.4
25374;14.4
25375;14.4
25376;14.4
25377;14.4
25378;14.4
25379;14.4
25380;14.4
25381;14.4
25382;14.4
25383;14.4
25384;14.4
25385;14.4
25386;14.4
25387;14.4
25388;14.4
25389;14.4
25390;14.4
25391;14.4
25392;14.4
25393;14.4
25394;14.4
25395;14.4
25396;14.4
25397;14.4
25398;14.4
25399;14.4
25400;14.4
25401;14.4
25402;14.4
25403;14.4
25404;14.4
25405;14.4
25406;14.4
25407;14.4
25408;14.4
25409;14.4
25410;14.4
25411;14.4
25412;14.4
25413;14.4
25414;14.4
25415;14.4
25416;14.4
25417;14.4
25418;14.4
25419;14.4
25420;14.4
25421;14.4
25422;14.4
25423;14.4
25424;14.4
25425;14.4
25426;14.4
25427;14.4
25428;14.4
25429;14.4
25430;14.4
25431;14.4
25432;14.4
25433;14.4
25434;14.4
25435;14.4
25436;14.4
25437;14.4
25438;14.4
25439;14.4
25440;14.4
25441;14.4
25442;14.4
25443;14.4
25444;14.4
25445;14.4
25446;14.4
25447;14.4
25448;14.4
25449;14.4
25450;14.4
25451;14.4
25452;14.4
25453;14.4
25454;14.4
25455;14.4
25456;14.4
25457;14.4
25458;14.4
25459;14.4
25460;14.4
25461;14.4
25462;14.4
25463;14.4
25464;14.4
25465;14.4
25466;14.4
25467;14.4
25468;14.4
25469;14.4
25470;14.4
25471;14.4
25472;14.4
25473;14.4
25474;14.4
25475;14.4
25476;14.4
25477;14.4
25478;14.4
25479;14.4
25480;14.4
25481;14.4
25482;14.4
25483;14.4
25484;14.4
25485;14.4
25486;14.4
25487;14.4
25488;14.4
25489;14.4
25490;14.4
25491;14.4
25492;14.4
25493;14.4
25494;14.4
25495;14.4
25496;14.4
25497;14.4
25498;14.4
25499;14.4
25500;14.4
25501;14.4
25502;14.4
25503;14.4
25504;14.4
25505;14.4
25506;14.4
25507;14.4
25508;14.4
25509;14.4
25510;14.4
25511;14.4
25512;14.4
25513;14.4
25514;14.4
25515;14.4
25516;14.4
25517;14.4
25518;14.4
25519;14.4
25520;14.4
25521;14.4
25522;14.4
25523;14.4
25524;14.4
25525;14.4
25526;14.4
25527;14.4
25528;14.4
25529;14.4
25530;14.4
25531;14.4
25532;14.4
25533;14.4
25534;14.4
25535;14.4
25536;14.4
25537;14.4
25538;14.4
25539;14.4
25540;14.4
25541;14.4
25542;14.4
25543;14.4
25544;14.4
25545;14.4
25546;14.4
25547;14.4
25548;14.4
25549;14.4
25550;14.4
25551;14.4
25552;14.4
25553;14.4
25554;14.4
25555;14.4
25556;14.4
25557;14.4
25558;14.4
25559;14.4
25560;14.4
25561;14.4
25562;14.4
25563;14.4
25564;14.4
25565;14.4
25566;14.4
25567;14.4
25568;14.4
25569;14.4
25570;14.4
25571;14.4
25572;14.4
25573;14.4
25574;14.4
25575;14.4
25576;14.4
25577;14.4
25578;14.4
25579;14.4
25580;14.4
25581;14.4
25582;14.4
25583;14.4
25584;14.4
25585;14.4
25586;14.4
25587;14.4
25588;14.4
25589;14.4
25590;14.4
25591;14.4
25592;14.4
25593;14.4
25594;14.4
25595;14.4
25596;14.4
25597;14.4
25598;14.4
25599;14.4
25600;14.4
25601;14.4
25602;14.4
25603;14.4
25604;14.4
25605;14.4
25606;14.4
25607;14.4
25608;14.4
25609;14.4
25610;14.4
25611;14.4
25612;14.4
25613;14.4
25614;14.4
25615;14.4
25616;14.4
25617;14.4
25618;14.4
25619;14.4
25620;14.4
25621;14.4
25622;14.4
25623;14.4
25624;14.4
25625;14.4
25626;14.4
25627;14.4
25628;14.4
25629;14.4
25630;14.4
25631;14.4
25632;14.4
25633;14.4
25634;14.4
25635;14.4
25636;14.4
25637;14.4
25638;14.4
25639;14.4
25640;14.4
25641;14.4
25642;14.4
25643;14.4
25644;14.4
25645;14.4
25646;14.4
25647;14.4
25648;14.4
25649;14.4
25650;14.4
25651;14.4
25652;14.4
25653;14.4
25654;14.4
25655;14.4
25656;14.4
25657;14.4
25658;14.4
25659;14.4
25660;14.4
25661;14.4
25662;14.4
25663;14.4
25664;14.4
25665;14.4
25666;14.4
25667;14.4
25668;14.4
25669;14.4
25670;14.4
25671;14.4
25672;14.4
25673;14.4
25674;14.4
25675;14.4
25676;14.4
25677;14.4
25678;14.4
25679;14.4
25680;14.4
25681;14.4
25682;14.4
25683;14.4
25684;14.4
25685;14.4
25686;14.4
25687;14.4
25688;14.4
25689;14.4
25690;14.4
25691;14.4
25692;14.4
25693;14.4
25694;14.4
25695;14.4
25696;14.4
25697;14.4
25698;14.4
25699;14.4
25700;14.4
25701;14.4
25702;14.4
25703;14.4
25704;14.4
25705;14.4
25706;14.4
25707;14.4
25708;14.4
25709;14.4
25710;14.4
25711;14.4
25712;14.4
25713;14.4
25714;14.4
25715;14.4
25716;14.4
25717;14.4
25718;14.4
25719;14.4
25720;14.4
25721;14.4
25722;14.4
25723;14.4
25724;14.4
25725;14.4
25726;14.4
25727;14.4
25728;14.4
25729;14.4
25730;14.4
25731;14.4
25732;14.4
25733;14.4
25734;14.4
25735;14.4
25736;14.4
25737;14.4
25738;14.4
25739;14.4
25740;14.4
25741;14.4
25742;14.4
25743;14.4
25744;14.4
25745;14.4
25746;14.4
25747;14.4
25748;14.4
25749;14.4
25750;14.4
25751;14.4
25752;14.4
25753;14.4
25754;14.4
25755;14.4
25756;14.4
25757;14.4
25758;14.4
25759;14.4
25760;14.4
25761;14.4
25762;14.4
25763;14.4
25764;14.4
25765;14.4
25766;14.4
25767;14.4
25768;14.4
25769;14.4
25770;14.4
25771;14.4
25772;14.4
25773;14.4
25774;14.4
25775;14.4
25776;14.4
25777;14.4
25778;14.4
25779;14.4
25780;14.4
25781;14.4
25782;14.4
25783;14.4
25784;14.4
25785;14.4
25786;14.4
25787;14.4
25788;14.4
25789;14.4
25790;14.4
25791;14.4
25792;14.4
25793;14.4
25794;14.4
25795;14.4
25796;14.4
25797;14.4
25798;14.4
25799;14.4
25800;14.4
25801;14.4
25802;14.4
25803;14.4
25804;14.4
25805;14.4
25806;14.4
25807;14.4
25808;14.4
25809;14.4
25810;14.4
25811;14.4
25812;14.4
25813;14.4
25814;14.4
25815;14.4
25816;14.4
25817;14.4
25818;14.4
25819;14.4
25820;14.4
25821;14.4
25822;14.4
25823;14.4
25824;14.4
25825;14.4
25826;14.4
25827;14.4
25828;14.4
25829;14.4
25830;14.4
25831;14.4
25832;14.4
25833;14.4
25834;14.4
25835;14.4
25836;14.4
25837;14.4
25838;14.4
25839;14.4
25840;14.4
25841;14.4
25842;14.4
25843;14.4
25844;14.4
25845;14.4
25846;14.4
25847;14.4
25848;14.4
25849;14.4
25850;14.4
25851;14.4
25852;14.4
25853;14.4
25854;14.4
25855;14.4
25856;14.4
25857;14.4
25858;14.4
25859;14.4
25860;14.4
25861;14.4
25862;14.4
25863;14.4
25864;14.4
25865;14.4
25866;14.4
25867;14.4
25868;14.4
25869;14.4
25870;14.4
25871;14.4
25872;14.4
25873;14.4
25874;14.4
25875;14.4
25876;14.4
25877;14.4
25878;14.4
25879;14.4
25880;14.4
25881;14.4
25882;14.4
25883;14.4
25884;14.4
25885;14.4
25886;14.4
25887;14.4
25888;14.4
25889;14.4
25890;14.4
25891;14.4
25892;14.4
25893;14.4
25894;14.4
25895;14.4
25896;14.4
25897;14.4
25898;14.4
25899;14.4
25900;14.4
25901;14.4
25902;14.4
25903;14.4
25904;14.4
25905;14.4
25906;14.4
25907;14.4
25908;14.4
25909;14.4
25910;14.4
25911;14.4
25912;14.4
25913;14.4
25914;14.4
25915;14.4
25916;14.4
25917;14.4
25918;14.4
25919;14.4
25920;14.4
25921;14.4
25922;14.4
25923;14.4
25924;14.4
25925;14.4
25926;14.4
25927;14.4
25928;14.4
25929;14.4
25930;14.4
25931;14.4
25932;14.4
25933;14.4
25934;14.4
25935;14.4
25936;14.4
25937;14.4
25938;14.4
25939;14.4
25940;14.4
25941;14.4
25942;14.4
25943;14.4
25944;14.4
25945;14.4
25946;14.4
25947;14.4
25948;14.4
25949;14.4
25950;14.4
25951;14.4
25952;14.4
25953;14.4
25954;14.4
25955;14.4
25956;14.4
25957;14.4
25958;14.4
25959;14.4
25960;14.4
25961;14.4
25962;14.4
25963;14.4
25964;14.4
25965;14.4
25966;14.4
25967;14.4
25968;14.4
25969;14.4
25970;14.4
25971;14.4
25972;14.4
25973;14.4
25974;14.4
25975;14.4
25976;14.4
25977;14.4
25978;14.4
25979;14.4
25980;14.4
25981;14.4
25982;14.4
25983;14.4
25984;14.4
25985;14.4
25986;14.4
25987;14.4
25988;14.4
25989;14.4
25990;14.4
25991;14.4
25992;14.4
25993;14.4
25994;14.4
25995;14.4
25996;14.4
25997;14.4
25998;14.4
25999;14.4
26000;14.4
26001;14.4
26002;14.4
26003;14.4
26004;14.4
26005;14.4
26006;14.4
26007;14.4
26008;14.4
26009;14.4
26010;14.4
26011;14.4
26012;14.4
26013;14.4
26014;14.4
26015;14.4
26016;14.4
26017;14.4
26018;14.4
26019;14.4
26020;14.4
26021;14.4
26022;14.4
26023;14.4
26024;14.4
26025;14.4
26026;14.4
26027;14.4
26028;14.4
26029;14.4
26030;14.4
26031;14.4
26032;14.4
26033;14.4
26034;14.4
26035;14.4
26036;14.4
26037;14.4
26038;14.4
26039;14.4
26040;14.4
26041;14.4
26042;14.4
26043;14.4
26044;14.4
26045;14.4
26046;14.4
26047;14.4
26048;14.4
26049;14.4
26050;14.4
26051;14.4
26052;14.4
26053;14.4
26054;14.4
26055;14.4
26056;14.4
26057;14.4
26058;14.4
26059;14.4
26060;14.4
26061;14.4
26062;14.4
26063;14.4
26064;14.4
26065;14.4
26066;14.4
26067;14.4
26068;14.4
26069;14.4
26070;14.4
26071;14.4
26072;14.4
26073;14.4
26074;14.4
26075;14.4
26076;14.4
26077;14.4
26078;14.4
26079;14.4
26080;14.4
26081;14.4
26082;14.4
26083;14.4
26084;14.4
26085;14.4
26086;14.4
26087;14.4
26088;14.4
26089;14.4
26090;14.4
26091;14.4
26092;14.4
26093;14.4
26094;14.4
26095;14.4
26096;14.4
26097;14.4
26098;14.4
26099;14.4
26100;14.4
26101;14.4
26102;14.4
26103;14.4
26104;14.4
26105;14.4
26106;14.4
26107;14.4
26108;14.4
26109;14.4
26110;14.4
26111;14.4
26112;14.4
26113;14.4
26114;14.4
26115;14.4
26116;14.4
26117;14.4
26118;14.4
26119;14.4
26120;14.4
26121;14.4
26122;14.4
26123;14.4
26124;14.4
26125;14.4
26126;14.4
26127;14.4
26128;14.4
26129;14.4
26130;14.4
26131;14.4
26132;14.4
26133;14.4
26134;14.4
26135;14.4
26136;14.4
26137;14.4
26138;14.4
26139;14.4
26140;14.4
26141;14.4
26142;14.4
26143;14.4
26144;14.4
26145;14.4
26146;14.4
26147;14.4
26148;14.4
26149;14.4
26150;14.4
26151;14.4
26152;14.4
26153;14.4
26154;14.4
26155;14.4
26156;14.4
26157;14.4
26158;14.4
26159;14.4
26160;14.4
26161;14.4
26162;14.4
26163;14.4
26164;14.4
26165;14.4
26166;14.4
26167;14.4
26168;14.4
26169;14.4
26170;14.4
26171;14.4
26172;14.4
26173;14.4
26174;14.4
26175;14.4
26176;14.4
26177;14.4
26178;14.4
26179;14.4
26180;14.4
26181;14.4
26182;14.4
26183;14.4
26184;14.4
26185;14.4
26186;14.4
26187;14.4
26188;14.4
26189;14.4
26190;14.4
26191;14.4
26192;14.4
26193;14.4
26194;14.4
26195;14.4
26196;14.4
26197;14.4
26198;14.4
26199;14.4
26200;14.4
26201;14.4
26202;14.4
26203;14.4
26204;14.4
26205;14.4
26206;14.4
26207;14.4
26208;14.4
26209;14.4
26210;14.4
26211;14.4
26212;14.4
26213;14.4
26214;14.4
26215;14.4
26216;14.4
26217;14.4
26218;14.4
26219;14.4
26220;14.4
26221;14.4
26222;14.4
26223;14.4
26224;14.4
26225;14.4
26226;14.4
26227;14.4
26228;14.4
26229;14.4
26230;14.4
26231;14.4
26232;14.4
26233;14.4
26234;14.4
26235;14.4
26236;14.4
26237;14.4
26238;14.4
26239;14.4
26240;14.4
26241;14.4
26242;14.4
26243;14.4
26244;14.4
26245;14.4
26246;14.4
26247;14.4
26248;14.4
26249;14.4
26250;14.4
26251;14.4
26252;14.4
26253;14.4
26254;14.4
26255;14.4
26256;14.4
26257;14.4
26258;14.4
26259;14.4
26260;14.4
26261;14.4
26262;14.4
26263;14.4
26264;14.4
26265;14.4
26266;14.4
26267;14.4
26268;14.4
26269;14.4
26270;14.4
26271;14.4
26272;14.4
26273;14.4
26274;14.4
26275;14.4
26276;14.4
26277;14.4
26278;14.4
26279;14.4
26280;14.4
26281;14.4
26282;14.4
26283;14.4
26284;14.4
26285;14.4
26286;14.4
26287;14.4
26288;14.4
26289;14.4
26290;14.4
26291;14.4
26292;14.4
26293;14.4
26294;14.4
26295;14.4
26296;14.4
26297;14.4
26298;14.4
26299;14.4
26300;14.4
26301;14.4
26302;14.4
26303;14.4
26304;14.4
26305;14.4
26306;14.4
26307;14.4
26308;14.4
26309;14.4
26310;14.4
26311;14.4
26312;14.4
26313;14.4
26314;14.4
26315;14.4
26316;14.4
26317;14.4
26318;14.4
26319;14.4
26320;14.4
26321;14.4
26322;14.4
26323;14.4
26324;14.4
26325;14.4
26326;14.4
26327;14.4
26328;14.4
26329;14.4
26330;14.4
26331;14.4
26332;14.4
26333;14.4
26334;14.4
26335;14.4
26336;14.4
26337;14.4
26338;14.4
26339;14.4
26340;14.4
26341;14.4
26342;14.4
26343;14.4
26344;14.4
26345;14.4
26346;14.4
26347;14.4
26348;14.4
26349;14.4
26350;14.4
26351;14.4
26352;14.4
26353;14.4
26354;14.4
26355;14.4
26356;14.4
26357;14.4
26358;14.4
26359;14.4
26360;14.4
26361;14.4
26362;14.4
26363;14.4
26364;14.4
26365;14.4
26366;14.4
26367;14.4
26368;14.4
26369;14.4
26370;14.4
26371;14.4
26372;14.4
26373;14.4
26374;14.4
26375;14.4
26376;14.4
26377;14.4
26378;14.4
26379;14.4
26380;14.4
26381;14.4
26382;14.4
26383;14.4
26384;14.4
26385;14.4
26386;14.4
26387;14.4
26388;14.4
26389;14.4
26390;14.4
26391;14.4
26392;14.4
26393;14.4
26394;14.4
26395;14.4
26396;14.4
26397;14.4
26398;14.4
26399;14.4
26400;14.4
26401;14.4
26402;14.4
26403;14.4
26404;14.4
26405;14.4
26406;14.4
26407;14.4
26408;14.4
26409;14.4
26410;14.4
26411;14.4
26412;14.4
26413;14.4
26414;14.4
26415;14.4
26416;14.4
26417;14.4
26418;14.4
26419;14.4
26420;14.4
26421;14.4
26422;14.4
26423;14.4
26424;14.4
26425;14.4
26426;14.4
26427;14.4
26428;14.4
26429;14.4
26430;14.4
26431;14.4
26432;14.4
26433;14.4
26434;14.4
26435;14.4
26436;14.4
26437;14.4
26438;14.4
26439;14.4
26440;14.4
26441;14.4
26442;14.4
26443;14.4
26444;14.4
26445;14.4
26446;14.4
26447;14.4
26448;14.4
26449;14.4
26450;14.4
26451;14.4
26452;14.4
26453;14.4
26454;14.4
26455;14.4
26456;14.4
26457;14.4
26458;14.4
26459;14.4
26460;14.4
26461;14.4
26462;14.4
26463;14.4
26464;14.4
26465;14.4
26466;14.4
26467;14.4
26468;14.4
26469;14.4
26470;14.4
26471;14.4
26472;14.4
26473;14.4
26474;14.4
26475;14.4
26476;14.4
26477;14.4
26478;14.4
26479;14.4
26480;14.4
26481;14.4
26482;14.4
26483;14.4
26484;14.4
26485;14.4
26486;14.4
26487;14.4
26488;14.4
26489;14.4
26490;14.4
26491;14.4
26492;14.4
26493;14.4
26494;14.4
26495;14.4
26496;14.4
26497;14.4
26498;14.4
26499;14.4
26500;14.4
26501;14.4
26502;14.4
26503;14.4
26504;14.4
26505;14.4
26506;14.4
26507;14.4
26508;14.4
26509;14.4
26510;14.4
26511;14.4
26512;14.4
26513;14.4
26514;14.4
26515;14.4
26516;14.4
26517;14.4
26518;14.4
26519;14.4
26520;14.4
26521;14.4
26522;14.4
26523;14.4
26524;14.4
26525;14.4
26526;14.4
26527;14.4
26528;14.4
26529;14.4
26530;14.4
26531;14.4
26532;14.4
26533;14.4
26534;14.4
26535;14.4
26536;14.4
26537;14.4
26538;14.4
26539;14.4
26540;14.4
26541;14.4
26542;14.4
26543;14.4
26544;14.4
26545;14.4
26546;14.4
26547;14.4
26548;14.4
26549;14.4
26550;14.4
26551;14.4
26552;14.4
26553;14.4
26554;14.4
26555;14.4
26556;14.4
26557;14.4
26558;14.4
26559;14.4
26560;14.4
26561;14.4
26562;14.4
26563;14.4
26564;14.4
26565;14.4
26566;14.4
26567;14.4
26568;14.4
26569;14.4
26570;14.4
26571;14.4
26572;14.4
26573;14.4
26574;14.4
26575;14.4
26576;14.4
26577;14.4
26578;14.4
26579;14.4
26580;14.4
26581;14.4
26582;14.4
26583;14.4
26584;14.4
26585;14.4
26586;14.4
26587;14.4
26588;14.4
26589;14.4
26590;14.4
26591;14.4
26592;14.4
26593;14.4
26594;14.4
26595;14.4
26596;14.4
26597;14.4
26598;14.4
26599;14.4
26600;14.4
26601;14.4
26602;14.4
26603;14.4
26604;14.4
26605;14.4
26606;14.4
26607;14.4
26608;14.4
26609;14.4
26610;14.4
26611;14.4
26612;14.4
26613;14.4
26614;14.4
26615;14.4
26616;14.1145327
26617;13.8290655
26618;13.5435982
26619;13.2581309
26620;12.7759445
26621;12.2937581
26622;11.8115717
26623;11.3293852
26624;11.097954
26625;10.8665228
26626;10.6350916
26627;10.4036604
26628;11.7594752
26629;13.1152899
26630;14.4
26631;14.4
26632;14.4
26633;14.4
26634;14.4
26635;14.4
26636;14.4
26637;14.4
26638;14.4
26639;14.4
26640;14.4
26641;14.4
26642;14.4
26643;14.4
26644;14.4
26645;14.4
26646;14.4
26647;14.4
26648;14.4
26649;14.4
26650;14.4
26651;14.4
26652;14.4
26653;14.4
26654;14.4
26655;14.4
26656;14.4
26657;14.4
26658;14.4
26659;14.4
26660;14.4
26661;14.4
26662;14.4
26663;14.4
26664;14.4
26665;14.4
26666;14.4
26667;14.4
26668;14.4
26669;14.4
26670;14.4
26671;14.4
26672;14.4
26673;14.4
26674;14.4
26675;14.4
26676;14.4
26677;14.4
26678;14.4
26679;14.4
26680;14.4
26681;14.4
26682;14.4
26683;14.4
26684;14.4
26685;14.4
26686;14.4
26687;14.4
26688;14.4
26689;14.4
26690;14.4
26691;14.4
26692;14.4
26693;14.4
26694;14.4
26695;14.4
26696;14.4
26697;14.4
26698;14.4
26699;14.4
26700;14.4
26701;14.4
26702;14.4
26703;14.4
26704;14.4
26705;14.4
26706;14.4
26707;14.4
26708;14.4
26709;14.4
26710;14.4
26711;14.4
26712;14.4
26713;14.4
26714;14.4
26715;14.4
26716;14.4
26717;14.4
26718;14.4
26719;14.4
26720;14.4
26721;14.4
26722;14.4
26723;14.4
26724;14.4
26725;14.4
26726;14.4
26727;14.4
26728;14.4
26729;14.4
26730;14.4
26731;14.4
26732;14.4
26733;14.4
26734;14.4
26735;14.4
26736;14.4
26737;14.4
26738;14.4
26739;14.4
26740;14.4
26741;14.4
26742;14.4
26743;14.4
26744;14.4
26745;14.4
26746;14.4
26747;14.4
26748;14.4
26749;14.4
26750;14.4
26751;14.4
26752;14.4
26753;14.4
26754;14.4
26755;14.4
26756;14.4
26757;14.4
26758;14.4
26759;14.4
26760;14.4
26761;14.4
26762;14.4
26763;14.4
26764;14.4
26765;14.4
26766;14.4
26767;14.4
26768;14.4
26769;14.4
26770;14.4
26771;14.4
26772;14.4
26773;14.4
26774;14.4
26775;14.4
26776;14.4
26777;14.4
26778;14.4
26779;14.4
26780;14.4
26781;14.4
26782;14.4
26783;14.4
26784;14.4
26785;14.4
26786;14.4
26787;14.4
26788;14.4
26789;14.4
26790;14.4
26791;14.4
26792;14.4
26793;14.4
26794;14.4
26795;14.4
26796;14.4
26797;14.4
26798;14.4
26799;14.4
26800;14.4
26801;14.4
26802;14.4
26803;14.4
26804;14.4
26805;14.4
26806;14.4
26807;14.4
26808;14.0658378
26809;13.7316757
26810;13.3975135
26811;13.0633514
26812;12.8868139
26813;12.7102764
26814;12.5337388
26815;12.3572013
26816;12.616445
26817;12.8756887
26818;13.1349324
26819;13.394176
26820;14.2580675
26821;14.4
26822;14.4
26823;14.4
26824;14.4
26825;14.4
26826;14.4
26827;14.4
26828;14.4
26829;14.4
26830;14.4
26831;14.4
26832;14.4
26833;14.4
26834;14.4
26835;14.4
26836;14.4
26837;14.4
26838;14.4
26839;14.4
26840;14.4
26841;14.4
26842;14.4
26843;14.4
26844;14.4
26845;14.4
26846;14.4
26847;14.4
26848;14.4
26849;14.4
26850;14.4
26851;14.4
26852;14.4
26853;14.4
26854;14.4
26855;14.4
26856;14.4
26857;14.4
26858;14.4
26859;14.4
26860;14.4
26861;14.4
26862;14.4
26863;14.4
26864;14.4
26865;14.4
26866;14.4
26867;14.4
26868;14.4
26869;14.4
26870;14.4
26871;14.4
26872;14.4
26873;14.4
26874;14.4
26875;14.4
26876;14.4
26877;14.4
26878;14.4
26879;14.4
26880;14.4
26881;14.4
26882;14.4
26883;14.4
26884;14.4
26885;14.4
26886;14.4
26887;14.4
26888;14.4
26889;14.4
26890;14.4
26891;14.4
26892;14.4
26893;14.4
26894;14.4
26895;14.4
26896;14.4
26897;14.4
26898;14.4
26899;14.4
26900;14.4
26901;14.4
26902;14.4
26903;14.4
26904;14.4
26905;14.4
26906;14.4
26907;14.4
26908;14.4
26909;14.4
26910;14.4
26911;14.4
26912;14.4
26913;14.4
26914;14.4
26915;14.4
26916;14.4
26917;14.4
26918;14.4
26919;14.4
26920;14.4
26921;14.4
26922;14.4
26923;14.4
26924;14.4
26925;14.4
26926;14.4
26927;14.4
26928;14.4
26929;14.4
26930;14.4
26931;14.4
26932;14.4
26933;14.4
26934;14.4
26935;14.4
26936;14.4
26937;14.4
26938;14.4
26939;14.4
26940;14.4
26941;14.4
26942;14.4
26943;14.4
26944;14.4
26945;14.4
26946;14.4
26947;14.4
26948;14.4
26949;14.4
26950;14.4
26951;14.4
26952;14.4
26953;14.4
26954;14.4
26955;14.4
26956;14.4
26957;14.4
26958;14.4
26959;14.4
26960;14.4
26961;14.4
26962;14.4
26963;14.4
26964;14.4
26965;14.4
26966;14.4
26967;14.4
26968;14.4
26969;14.4
26970;14.4
26971;14.4
26972;14.4
26973;14.4
26974;14.4
26975;14.4
26976;14.4
26977;14.4
26978;14.4
26979;14.4
26980;14.4
26981;14.4
26982;14.4
26983;14.4
26984;14.4
26985;14.4
26986;14.4
26987;14.4
26988;14.4
26989;14.4
26990;14.4
26991;14.4
26992;14.4
26993;14.4
26994;14.4
26995;14.4
26996;14.4
26997;14.4
26998;14.4
26999;14.4
27000;14.1736811
27001;13.9473622
27002;13.7210434
27003;13.4947245
27004;13.1480884
27005;12.8014523
27006;12.4548162
27007;12.1081802
27008;11.7443961
27009;11.380612
27010;11.0168279
27011;10.6530439
27012;10.8476752
27013;11.0423065
27014;11.2369378
27015;11.4315692
27016;12.164565
27017;12.8975608
27018;13.6305566
27019;14.3635524
27020;14.4
27021;14.4
27022;14.4
27023;14.4
27024;14.4
27025;14.4
27026;14.4
27027;14.4
27028;14.4
27029;14.4
27030;14.4
27031;14.4
27032;14.4
27033;14.4
27034;14.4
27035;14.4
27036;14.4
27037;14.4
27038;14.4
27039;14.4
27040;14.4
27041;14.4
27042;14.4
27043;14.4
27044;14.4
27045;14.4
27046;14.4
27047;14.4
27048;14.4
27049;14.4
27050;14.4
27051;14.4
27052;14.4
27053;14.4
27054;14.4
27055;14.4
27056;14.4
27057;14.4
27058;14.4
27059;14.4
27060;14.4
27061;14.4
27062;14.4
27063;14.4
27064;14.4
27065;14.4
27066;14.4
27067;14.4
27068;14.4
27069;14.4
27070;14.4
27071;14.4
27072;14.4
27073;14.4
27074;14.4
27075;14.4
27076;14.4
27077;14.4
27078;14.4
27079;14.4
27080;14.4
27081;14.4
27082;14.4
27083;14.4
27084;14.4
27085;14.4
27086;14.4
27087;14.4
27088;14.4
27089;14.4
27090;14.4
27091;14.4
27092;14.4
27093;14.4
27094;14.4
27095;14.4
27096;14.4
27097;14.4
27098;14.4
27099;14.4
27100;14.4
27101;14.4
27102;14.4
27103;14.4
27104;14.4
27105;14.4
27106;14.4
27107;14.4
27108;14.4
27109;14.4
27110;14.4
27111;14.4
27112;14.4
27113;14.4
27114;14.4
27115;14.4
27116;14.4
27117;14.4
27118;14.4
27119;14.4
27120;14.4
27121;14.4
27122;14.4
27123;14.4
27124;14.4
27125;14.4
27126;14.4
27127;14.4
27128;14.4
27129;14.4
27130;14.4
27131;14.4
27132;14.4
27133;14.4
27134;14.4
27135;14.4
27136;14.4
27137;14.4
27138;14.4
27139;14.4
27140;14.4
27141;14.4
27142;14.4
27143;14.4
27144;14.4
27145;14.4
27146;14.4
27147;14.4
27148;14.4
27149;14.4
27150;14.4
27151;14.4
27152;14.4
27153;14.4
27154;14.4
27155;14.4
27156;14.4
27157;14.4
27158;14.4
27159;14.4
27160;14.4
27161;14.4
27162;14.4
27163;14.4
27164;14.4
27165;14.4
27166;14.4
27167;14.4
27168;14.4
27169;14.4
27170;14.4
27171;14.4
27172;14.4
27173;14.4
27174;14.4
27175;14.4
27176;14.4
27177;14.4
27178;14.4
27179;14.4
27180;14.4
27181;14.4
27182;14.4
27183;14.4
27184;14.4
27185;14.4
27186;14.4
27187;14.4
27188;14.4
27189;14.4
27190;14.4
27191;14.4
27192;14.4
27193;14.4
27194;14.4
27195;14.4
27196;14.4
27197;14.4
27198;14.4
27199;14.4
27200;14.4
27201;14.4
27202;14.4
27203;14.4
27204;14.4
27205;14.4
27206;14.4
27207;14.4
27208;14.4
27209;14.4
27210;14.4
27211;14.4
27212;14.4
27213;14.4
27214;14.4
27215;14.4
27216;14.4
27217;14.4
27218;14.4
27219;14.4
27220;14.4
27221;14.4
27222;14.4
27223;14.4
27224;14.4
27225;14.4
27226;14.4
27227;14.4
27228;14.4
27229;14.4
27230;14.4
27231;14.4
27232;14.4
27233;14.4
27234;14.4
27235;14.4
27236;14.4
27237;14.4
27238;14.4
27239;14.4
27240;14.4
27241;14.4
27242;14.4
27243;14.4
27244;14.4
27245;14.4
27246;14.4
27247;14.4
27248;14.4
27249;14.4
27250;14.4
27251;14.4
27252;14.4
27253;14.4
27254;14.4
27255;14.4
27256;14.4
27257;14.4
27258;14.4
27259;14.4
27260;14.4
27261;14.4
27262;14.4
27263;14.4
27264;14.4
27265;14.4
27266;14.4
27267;14.4
27268;14.4
27269;14.4
27270;14.4
27271;14.4
27272;14.4
27273;14.4
27274;14.4
27275;14.4
27276;14.4
27277;14.4
27278;14.4
27279;14.4
27280;14.4
27281;14.4
27282;14.4
27283;14.4
27284;14.4
27285;14.4
27286;14.4
27287;14.4
27288;14.4
27289;14.4
27290;14.4
27291;14.4
27292;14.4
27293;14.4
27294;14.4
27295;14.4
27296;14.4
27297;14.4
27298;14.4
27299;14.4
27300;14.4
27301;14.4
27302;14.4
27303;14.4
27304;14.4
27305;14.4
27306;14.4
27307;14.4
27308;14.4
27309;14.4
27310;14.4
27311;14.4
27312;14.4
27313;14.4
27314;14.4
27315;14.4
27316;14.4
27317;14.4
27318;14.4
27319;14.4
27320;14.4
27321;14.4
27322;14.4
27323;14.4
27324;14.4
27325;14.4
27326;14.4
27327;14.4
27328;14.4
27329;14.4
27330;14.4
27331;14.4
27332;14.4
27333;14.4
27334;14.4
27335;14.4
27336;14.4
27337;14.4
27338;14.4
27339;14.4
27340;14.4
27341;14.4
27342;14.4
27343;14.4
27344;14.4
27345;14.4
27346;14.4
27347;14.4
27348;14.4
27349;14.4
27350;14.4
27351;14.4
27352;14.4
27353;14.4
27354;14.4
27355;14.4
27356;14.4
27357;14.4
27358;14.4
27359;14.4
27360;14.4
27361;14.4
27362;14.4
27363;14.4
27364;14.4
27365;14.4
27366;14.4
27367;14.4
27368;14.4
27369;14.4
27370;14.4
27371;14.4
27372;14.4
27373;14.4
27374;14.4
27375;14.4
27376;14.4
27377;14.4
27378;14.4
27379;14.4
27380;14.4
27381;14.4
27382;14.4
27383;14.4
27384;13.905179
27385;13.410358
27386;12.9155369
27387;12.4207159
27388;11.5982376
27389;10.7757593
27390;9.953281
27391;9.13080269
27392;8.32365301
27393;7.51650333
27394;6.70935365
27395;5.90220397
27396;6.25845133
27397;6.61469868
27398;6.97094603
27399;7.32719339
27400;8.72219339
27401;10.1171934
27402;11.5121934
27403;12.9071934
27404;14.3021934
27405;14.4
27406;14.4
27407;14.4
27408;14.4
27409;14.4
27410;14.4
27411;14.4
27412;14.4
27413;14.4
27414;14.4
27415;14.4
27416;14.4
27417;14.4
27418;14.4
27419;14.4
27420;14.4
27421;14.4
27422;14.4
27423;14.4
27424;14.4
27425;14.4
27426;14.4
27427;14.4
27428;14.4
27429;14.4
27430;14.4
27431;14.4
27432;14.4
27433;14.4
27434;14.4
27435;14.4
27436;14.4
27437;14.4
27438;14.4
27439;14.4
27440;14.4
27441;14.4
27442;14.4
27443;14.4
27444;14.4
27445;14.4
27446;14.4
27447;14.4
27448;14.4
27449;14.4
27450;14.4
27451;14.4
27452;14.4
27453;14.4
27454;14.4
27455;14.4
27456;14.4
27457;14.4
27458;14.4
27459;14.4
27460;14.4
27461;14.4
27462;14.4
27463;14.4
27464;14.4
27465;14.4
27466;14.4
27467;14.4
27468;14.4
27469;14.4
27470;14.4
27471;14.4
27472;14.4
27473;14.4
27474;14.4
27475;14.4
27476;14.4
27477;14.4
27478;14.4
27479;14.4
27480;14.4
27481;14.4
27482;14.4
27483;14.4
27484;14.4
27485;14.4
27486;14.4
27487;14.4
27488;14.4
27489;14.4
27490;14.4
27491;14.4
27492;14.4
27493;14.4
27494;14.4
27495;14.4
27496;14.4
27497;14.4
27498;14.4
27499;14.4
27500;14.4
27501;14.4
27502;14.4
27503;14.4
27504;14.4
27505;14.4
27506;14.4
27507;14.4
27508;14.4
27509;14.4
27510;14.4
27511;14.4
27512;14.4
27513;14.4
27514;14.4
27515;14.4
27516;14.4
27517;14.4
27518;14.4
27519;14.4
27520;14.4
27521;14.4
27522;14.4
27523;14.4
27524;14.4
27525;14.4
27526;14.4
27527;14.4
27528;14.4
27529;14.4
27530;14.4
27531;14.4
27532;14.4
27533;14.4
27534;14.4
27535;14.4
27536;14.4
27537;14.4
27538;14.4
27539;14.4
27540;14.4
27541;14.4
27542;14.4
27543;14.4
27544;14.4
27545;14.4
27546;14.4
27547;14.4
27548;14.4
27549;14.4
27550;14.4
27551;14.4
27552;14.4
27553;14.4
27554;14.4
27555;14.4
27556;14.4
27557;14.4
27558;14.4
27559;14.4
27560;14.4
27561;14.4
27562;14.4
27563;14.4
27564;14.4
27565;14.4
27566;14.4
27567;14.4
27568;14.4
27569;14.4
27570;14.4
27571;14.4
27572;14.4
27573;14.4
27574;14.4
27575;14.4
27576;14.1088522
27577;13.8177044
27578;13.5265566
27579;13.2354088
27580;12.6440577
27581;12.0527067
27582;11.4613557
27583;10.8700046
27584;10.6954394
27585;10.5208743
27586;10.3463091
27587;10.1717439
27588;11.0892704
27589;12.0067969
27590;12.9243234
27591;13.8418499
27592;14.4
27593;14.4
27594;14.4
27595;14.4
27596;14.4
27597;14.4
27598;14.4
27599;14.4
27600;14.4
27601;14.4
27602;14.4
27603;14.4
27604;14.4
27605;14.4
27606;14.4
27607;14.4
27608;14.4
27609;14.4
27610;14.4
27611;14.4
27612;14.4
27613;14.4
27614;14.4
27615;14.4
27616;14.4
27617;14.4
27618;14.4
27619;14.4
27620;14.4
27621;14.4
27622;14.4
27623;14.4
27624;14.4
27625;14.4
27626;14.4
27627;14.4
27628;14.4
27629;14.4
27630;14.4
27631;14.4
27632;14.4
27633;14.4
27634;14.4
27635;14.4
27636;14.4
27637;14.4
27638;14.4
27639;14.4
27640;14.4
27641;14.4
27642;14.4
27643;14.4
27644;14.4
27645;14.4
27646;14.4
27647;14.4
27648;14.4
27649;14.4
27650;14.4
27651;14.4
27652;14.4
27653;14.4
27654;14.4
27655;14.4
27656;14.4
27657;14.4
27658;14.4
27659;14.4
27660;14.4
27661;14.4
27662;14.4
27663;14.4
27664;14.4
27665;14.4
27666;14.4
27667;14.4
27668;14.4
27669;14.4
27670;14.4
27671;14.4
27672;14.4
27673;14.4
27674;14.4
27675;14.4
27676;14.4
27677;14.4
27678;14.4
27679;14.4
27680;14.4
27681;14.4
27682;14.4
27683;14.4
27684;14.4
27685;14.4
27686;14.4
27687;14.4
27688;14.4
27689;14.4
27690;14.4
27691;14.4
27692;14.4
27693;14.4
27694;14.4
27695;14.4
27696;14.4
27697;14.4
27698;14.4
27699;14.4
27700;14.4
27701;14.4
27702;14.4
27703;14.4
27704;14.4
27705;14.4
27706;14.4
27707;14.4
27708;14.4
27709;14.4
27710;14.4
27711;14.4
27712;14.4
27713;14.4
27714;14.4
27715;14.4
27716;14.4
27717;14.4
27718;14.4
27719;14.4
27720;14.4
27721;14.4
27722;14.4
27723;14.4
27724;14.4
27725;14.4
27726;14.4
27727;14.4
27728;14.4
27729;14.4
27730;14.4
27731;14.4
27732;14.4
27733;14.4
27734;14.4
27735;14.4
27736;14.4
27737;14.4
27738;14.4
27739;14.4
27740;14.4
27741;14.4
27742;14.4
27743;14.4
27744;14.4
27745;14.4
27746;14.4
27747;14.4
27748;14.4
27749;14.4
27750;14.4
27751;14.4
27752;14.4
27753;14.4
27754;14.4
27755;14.4
27756;14.4
27757;14.4
27758;14.4
27759;14.4
27760;14.4
27761;14.4
27762;14.4
27763;14.4
27764;14.4
27765;14.4
27766;14.4
27767;14.4
27768;14.4
27769;14.4
27770;14.4
27771;14.4
27772;14.4
27773;14.4
27774;14.4
27775;14.4
27776;14.4
27777;14.4
27778;14.4
27779;14.4
27780;14.4
27781;14.4
27782;14.4
27783;14.4
27784;14.4
27785;14.4
27786;14.4
27787;14.4
27788;14.4
27789;14.4
27790;14.4
27791;14.4
27792;14.4
27793;14.4
27794;14.4
27795;14.4
27796;14.4
27797;14.4
27798;14.4
27799;14.4
27800;14.4
27801;14.4
27802;14.4
27803;14.4
27804;14.4
27805;14.4
27806;14.4
27807;14.4
27808;14.4
27809;14.4
27810;14.4
27811;14.4
27812;14.4
27813;14.4
27814;14.4
27815;14.4
27816;14.4
27817;14.4
27818;14.4
27819;14.4
27820;14.4
27821;14.4
27822;14.4
27823;14.4
27824;14.4
27825;14.4
27826;14.4
27827;14.4
27828;14.4
27829;14.4
27830;14.4
27831;14.4
27832;14.4
27833;14.4
27834;14.4
27835;14.4
27836;14.4
27837;14.4
27838;14.4
27839;14.4
27840;14.4
27841;14.4
27842;14.4
27843;14.4
27844;14.4
27845;14.4
27846;14.4
27847;14.4
27848;14.4
27849;14.4
27850;14.4
27851;14.4
27852;14.4
27853;14.4
27854;14.4
27855;14.4
27856;14.4
27857;14.4
27858;14.4
27859;14.4
27860;14.4
27861;14.4
27862;14.4
27863;14.4
27864;14.4
27865;14.4
27866;14.4
27867;14.4
27868;14.4
27869;14.4
27870;14.4
27871;14.4
27872;14.4
27873;14.4
27874;14.4
27875;14.4
27876;14.4
27877;14.4
27878;14.4
27879;14.4
27880;14.4
27881;14.4
27882;14.4
27883;14.4
27884;14.4
27885;14.4
27886;14.4
27887;14.4
27888;14.4
27889;14.4
27890;14.4
27891;14.4
27892;14.4
27893;14.4
27894;14.4
27895;14.4
27896;14.4
27897;14.4
27898;14.4
27899;14.4
27900;14.4
27901;14.4
27902;14.4
27903;14.4
27904;14.4
27905;14.4
27906;14.4
27907;14.4
27908;14.4
27909;14.4
27910;14.4
27911;14.4
27912;14.4
27913;14.4
27914;14.4
27915;14.4
27916;14.4
27917;14.4
27918;14.4
27919;14.4
27920;14.4
27921;14.4
27922;14.4
27923;14.4
27924;14.4
27925;14.4
27926;14.4
27927;14.4
27928;14.4
27929;14.4
27930;14.4
27931;14.4
27932;14.4
27933;14.4
27934;14.4
27935;14.4
27936;14.4
27937;14.4
27938;14.4
27939;14.4
27940;14.4
27941;14.4
27942;14.4
27943;14.4
27944;14.4
27945;14.4
27946;14.4
27947;14.4
27948;14.4
27949;14.4
27950;14.4
27951;14.4
27952;14.4
27953;14.4
27954;14.4
27955;14.4
27956;14.4
27957;14.4
27958;14.4
27959;14.4
27960;14.1408754
27961;13.8817508
27962;13.6226261
27963;13.3635015
27964;13.4484745
27965;13.5334476
27966;13.6184206
27967;13.7033936
27968;13.9531257
27969;14.2028579
27970;14.4
27971;14.4
27972;14.4
27973;14.4
27974;14.4
27975;14.4
27976;14.4
27977;14.4
27978;14.4
27979;14.4
27980;14.4
27981;14.4
27982;14.4
27983;14.4
27984;14.4
27985;14.4
27986;14.4
27987;14.4
27988;14.4
27989;14.4
27990;14.4
27991;14.4
27992;14.4
27993;14.4
27994;14.4
27995;14.4
27996;14.4
27997;14.4
27998;14.4
27999;14.4
28000;14.4
28001;14.4
28002;14.4
28003;14.4
28004;14.4
28005;14.4
28006;14.4
28007;14.4
28008;14.4
28009;14.4
28010;14.4
28011;14.4
28012;14.4
28013;14.4
28014;14.4
28015;14.4
28016;14.4
28017;14.4
28018;14.4
28019;14.4
28020;14.4
28021;14.4
28022;14.4
28023;14.4
28024;14.4
28025;14.4
28026;14.4
28027;14.4
28028;14.4
28029;14.4
28030;14.4
28031;14.4
28032;14.4
28033;14.4
28034;14.4
28035;14.4
28036;14.4
28037;14.4
28038;14.4
28039;14.4
28040;14.4
28041;14.4
28042;14.4
28043;14.4
28044;14.4
28045;14.4
28046;14.4
28047;14.4
28048;14.4
28049;14.4
28050;14.4
28051;14.4
28052;14.4
28053;14.4
28054;14.4
28055;14.4
28056;14.4
28057;14.4
28058;14.4
28059;14.4
28060;14.4
28061;14.4
28062;14.4
28063;14.4
28064;14.4
28065;14.4
28066;14.4
28067;14.4
28068;14.4
28069;14.4
28070;14.4
28071;14.4
28072;14.4
28073;14.4
28074;14.4
28075;14.4
28076;14.4
28077;14.4
28078;14.4
28079;14.4
28080;14.4
28081;14.4
28082;14.4
28083;14.4
28084;14.4
28085;14.4
28086;14.4
28087;14.4
28088;14.4
28089;14.4
28090;14.4
28091;14.4
28092;14.4
28093;14.4
28094;14.4
28095;14.4
28096;14.4
28097;14.4
28098;14.4
28099;14.4
28100;14.4
28101;14.4
28102;14.4
28103;14.4
28104;14.4
28105;14.4
28106;14.4
28107;14.4
28108;14.4
28109;14.4
28110;14.4
28111;14.4
28112;14.4
28113;14.4
28114;14.4
28115;14.4
28116;14.4
28117;14.4
28118;14.4
28119;14.4
28120;14.4
28121;14.4
28122;14.4
28123;14.4
28124;14.4
28125;14.4
28126;14.4
28127;14.4
28128;14.4
28129;14.4
28130;14.4
28131;14.4
28132;14.4
28133;14.4
28134;14.4
28135;14.4
28136;14.4
28137;14.4
28138;14.4
28139;14.4
28140;14.4
28141;14.4
28142;14.4
28143;14.4
28144;14.4
28145;14.4
28146;14.4
28147;14.4
28148;14.4
28149;14.4
28150;14.4
28151;14.4
28152;14.0433482
28153;13.6866964
28154;13.3300445
28155;12.9733927
28156;12.2615952
28157;11.5497976
28158;10.838
28159;10.1262025
28160;9.41408841
28161;8.70197436
28162;7.98986032
28163;7.27774627
28164;7.01080512
28165;6.74386397
28166;6.47692281
28167;6.20998166
28168;6.35130528
28169;6.4926289
28170;6.63395253
28171;6.77527615
28172;7.2959978
28173;7.81671945
28174;8.3374411
28175;8.85816275
28176;10.1692307
28177;11.4802987
28178;12.7913666
28179;14.1024346
28180;14.4
28181;14.4
28182;14.4
28183;14.4
28184;14.4
28185;14.4
28186;14.4
28187;14.4
28188;14.4
28189;14.4
28190;14.4
28191;14.4
28192;14.4
28193;14.4
28194;14.4
28195;14.4
28196;14.4
28197;14.4
28198;14.4
28199;14.4
28200;14.4
28201;14.4
28202;14.4
28203;14.4
28204;14.4
28205;14.4
28206;14.4
28207;14.4
28208;14.4
28209;14.4
28210;14.4
28211;14.4
28212;14.4
28213;14.4
28214;14.4
28215;14.4
28216;14.4
28217;14.4
28218;14.4
28219;14.4
28220;14.4
28221;14.4
28222;14.4
28223;14.4
28224;14.4
28225;14.4
28226;14.4
28227;14.4
28228;14.4
28229;14.4
28230;14.4
28231;14.4
28232;14.4
28233;14.4
28234;14.4
28235;14.4
28236;14.4
28237;14.4
28238;14.4
28239;14.4
28240;14.4
28241;14.4
28242;14.4
28243;14.4
28244;14.4
28245;14.4
28246;14.4
28247;14.4
28248;14.4
28249;14.4
28250;14.4
28251;14.4
28252;14.4
28253;14.4
28254;14.4
28255;14.4
28256;14.4
28257;14.4
28258;14.4
28259;14.4
28260;14.4
28261;14.4
28262;14.4
28263;14.4
28264;14.4
28265;14.4
28266;14.4
28267;14.4
28268;14.4
28269;14.4
28270;14.4
28271;14.4
28272;14.4
28273;14.4
28274;14.4
28275;14.4
28276;14.4
28277;14.4
28278;14.4
28279;14.4
28280;14.4
28281;14.4
28282;14.4
28283;14.4
28284;14.4
28285;14.4
28286;14.4
28287;14.4
28288;14.4
28289;14.4
28290;14.4
28291;14.4
28292;14.4
28293;14.4
28294;14.4
28295;14.4
28296;14.4
28297;14.4
28298;14.4
28299;14.4
28300;14.4
28301;14.4
28302;14.4
28303;14.4
28304;14.4
28305;14.4
28306;14.4
28307;14.4
28308;14.4
28309;14.4
28310;14.4
28311;14.4
28312;14.4
28313;14.4
28314;14.4
28315;14.4
28316;14.4
28317;14.4
28318;14.4
28319;14.4
28320;14.4
28321;14.4
28322;14.4
28323;14.4
28324;14.4
28325;14.4
28326;14.4
28327;14.4
28328;14.4
28329;14.4
28330;14.4
28331;14.4
28332;14.4
28333;14.4
28334;14.4
28335;14.4
28336;14.4
28337;14.4
28338;14.4
28339;14.4
28340;14.4
28341;14.4
28342;14.4
28343;14.4
28344;14.1547119
28345;13.9094238
28346;13.6641356
28347;13.4188475
28348;13.0535455
28349;12.6882434
28350;12.3229414
28351;11.9576393
28352;11.5348227
28353;11.1120061
28354;10.6891895
28355;10.2663729
28356;9.98159716
28357;9.69682142
28358;9.41204567
28359;9.12726992
28360;9.02704186
28361;8.92681381
28362;8.82658575
28363;8.7263577
28364;9.49207558
28365;10.2577935
28366;11.0235113
28367;11.7892292
28368;13.1842292
28369;14.4
28370;14.4
28371;14.4
28372;14.4
28373;14.4
28374;14.4
28375;14.4
28376;14.4
28377;14.4
28378;14.4
28379;14.4
28380;14.4
28381;14.4
28382;14.4
28383;14.4
28384;14.4
28385;14.4
28386;14.4
28387;14.4
28388;14.4
28389;14.4
28390;14.4
28391;14.4
28392;14.4
28393;14.4
28394;14.4
28395;14.4
28396;14.4
28397;14.4
28398;14.4
28399;14.4
28400;14.4
28401;14.4
28402;14.4
28403;14.4
28404;14.4
28405;14.4
28406;14.4
28407;14.4
28408;14.4
28409;14.4
28410;14.4
28411;14.4
28412;14.4
28413;14.4
28414;14.4
28415;14.4
28416;14.4
28417;14.4
28418;14.4
28419;14.4
28420;14.4
28421;14.4
28422;14.4
28423;14.4
28424;14.4
28425;14.4
28426;14.4
28427;14.4
28428;14.4
28429;14.4
28430;14.4
28431;14.4
28432;14.4
28433;14.4
28434;14.4
28435;14.4
28436;14.4
28437;14.4
28438;14.4
28439;14.4
28440;14.4
28441;14.4
28442;14.4
28443;14.4
28444;14.4
28445;14.4
28446;14.4
28447;14.4
28448;14.4
28449;14.4
28450;14.4
28451;14.4
28452;14.4
28453;14.4
28454;14.4
28455;14.4
28456;14.4
28457;14.4
28458;14.4
28459;14.4
28460;14.4
28461;14.4
28462;14.4
28463;14.4
28464;14.4
28465;14.4
28466;14.4
28467;14.4
28468;14.4
28469;14.4
28470;14.4
28471;14.4
28472;14.4
28473;14.4
28474;14.4
28475;14.4
28476;14.4
28477;14.4
28478;14.4
28479;14.4
28480;14.4
28481;14.4
28482;14.4
28483;14.4
28484;14.4
28485;14.4
28486;14.4
28487;14.4
28488;14.4
28489;14.4
28490;14.4
28491;14.4
28492;14.4
28493;14.4
28494;14.4
28495;14.4
28496;14.4
28497;14.4
28498;14.4
28499;14.4
28500;14.4
28501;14.4
28502;14.4
28503;14.4
28504;14.4
28505;14.4
28506;14.4
28507;14.4
28508;14.4
28509;14.4
28510;14.4
28511;14.4
28512;14.4
28513;14.4
28514;14.4
28515;14.4
28516;14.4
28517;14.4
28518;14.4
28519;14.4
28520;14.4
28521;14.4
28522;14.4
28523;14.4
28524;14.4
28525;14.4
28526;14.4
28527;14.4
28528;14.4
28529;14.4
28530;14.4
28531;14.4
28532;14.4
28533;14.4
28534;14.4
28535;14.4
28536;14.4
28537;14.4
28538;14.4
28539;14.4
28540;14.4
28541;14.4
28542;14.4
28543;14.4
28544;14.4
28545;14.4
28546;14.4
28547;14.4
28548;14.4
28549;14.4
28550;14.4
28551;14.4
28552;14.4
28553;14.4
28554;14.4
28555;14.4
28556;14.4
28557;14.4
28558;14.4
28559;14.4
28560;14.4
28561;14.4
28562;14.4
28563;14.4
28564;14.4
28565;14.4
28566;14.4
28567;14.4
28568;14.4
28569;14.4
28570;14.4
28571;14.4
28572;14.4
28573;14.4
28574;14.4
28575;14.4
28576;14.4
28577;14.4
28578;14.4
28579;14.4
28580;14.4
28581;14.4
28582;14.4
28583;14.4
28584;14.4
28585;14.4
28586;14.4
28587;14.4
28588;14.4
28589;14.4
28590;14.4
28591;14.4
28592;14.4
28593;14.4
28594;14.4
28595;14.4
28596;14.4
28597;14.4
28598;14.4
28599;14.4
28600;14.4
28601;14.4
28602;14.4
28603;14.4
28604;14.4
28605;14.4
28606;14.4
28607;14.4
28608;14.4
28609;14.4
28610;14.4
28611;14.4
28612;14.4
28613;14.4
28614;14.4
28615;14.4
28616;14.4
28617;14.4
28618;14.4
28619;14.4
28620;14.4
28621;14.4
28622;14.4
28623;14.4
28624;14.4
28625;14.4
28626;14.4
28627;14.4
28628;14.4
28629;14.4
28630;14.4
28631;14.4
28632;14.4
28633;14.4
28634;14.4
28635;14.4
28636;14.4
28637;14.4
28638;14.4
28639;14.4
28640;14.4
28641;14.4
28642;14.4
28643;14.4
28644;14.4
28645;14.4
28646;14.4
28647;14.4
28648;14.4
28649;14.4
28650;14.4
28651;14.4
28652;14.4
28653;14.4
28654;14.4
28655;14.4
28656;14.4
28657;14.4
28658;14.4
28659;14.4
28660;14.4
28661;14.4
28662;14.4
28663;14.4
28664;14.4
28665;14.4
28666;14.4
28667;14.4
28668;14.4
28669;14.4
28670;14.4
28671;14.4
28672;14.4
28673;14.4
28674;14.4
28675;14.4
28676;14.4
28677;14.4
28678;14.4
28679;14.4
28680;14.4
28681;14.4
28682;14.4
28683;14.4
28684;14.4
28685;14.4
28686;14.4
28687;14.4
28688;14.4
28689;14.4
28690;14.4
28691;14.4
28692;14.4
28693;14.4
28694;14.4
28695;14.4
28696;14.4
28697;14.4
28698;14.4
28699;14.4
28700;14.4
28701;14.4
28702;14.4
28703;14.4
28704;14.4
28705;14.4
28706;14.4
28707;14.4
28708;14.4
28709;14.4
28710;14.4
28711;14.4
28712;14.4
28713;14.4
28714;14.4
28715;14.4
28716;14.4
28717;14.4
28718;14.4
28719;14.4
28720;14.4
28721;14.4
28722;14.4
28723;14.4
28724;14.4
28725;14.4
28726;14.4
28727;14.4
28728;13.9066296
28729;13.4132593
28730;12.9198889
28731;12.4265185
28732;11.6057213
28733;10.784924
28734;9.96412679
28735;9.14332954
28736;8.78202055
28737;8.42071155
28738;8.05940256
28739;7.69809356
28740;9.01507445
28741;10.3320553
28742;11.6490362
28743;12.9660171
28744;14.3610171
28745;14.4
28746;14.4
28747;14.4
28748;14.4
28749;14.4
28750;14.4
28751;14.4
28752;14.4
28753;14.4
28754;14.4
28755;14.4
28756;14.4
28757;14.4
28758;14.4
28759;14.4
28760;14.4
28761;14.4
28762;14.4
28763;14.4
28764;14.4
28765;14.4
28766;14.4
28767;14.4
28768;14.4
28769;14.4
28770;14.4
28771;14.4
28772;14.4
28773;14.4
28774;14.4
28775;14.4
28776;14.4
28777;14.4
28778;14.4
28779;14.4
28780;14.4
28781;14.4
28782;14.4
28783;14.4
28784;14.4
28785;14.4
28786;14.4
28787;14.4
28788;14.4
28789;14.4
28790;14.4
28791;14.4
28792;14.4
28793;14.4
28794;14.4
28795;14.4
28796;14.4
28797;14.4
28798;14.4
28799;14.4
28800;14.4
28801;14.4
28802;14.4
28803;14.4
28804;14.4
28805;14.4
28806;14.4
28807;14.4
28808;14.4
28809;14.4
28810;14.4
28811;14.4
28812;14.4
28813;14.4
28814;14.4
28815;14.4
28816;14.4
28817;14.4
28818;14.4
28819;14.4
28820;14.4
28821;14.4
28822;14.4
28823;14.4
28824;14.4
28825;14.4
28826;14.4
28827;14.4
28828;14.4
28829;14.4
28830;14.4
28831;14.4
28832;14.4
28833;14.4
28834;14.4
28835;14.4
28836;14.4
28837;14.4
28838;14.4
28839;14.4
28840;14.4
28841;14.4
28842;14.4
28843;14.4
28844;14.4
28845;14.4
28846;14.4
28847;14.4
28848;14.4
28849;14.4
28850;14.4
28851;14.4
28852;14.4
28853;14.4
28854;14.4
28855;14.4
28856;14.4
28857;14.4
28858;14.4
28859;14.4
28860;14.4
28861;14.4
28862;14.4
28863;14.4
28864;14.4
28865;14.4
28866;14.4
28867;14.4
28868;14.4
28869;14.4
28870;14.4
28871;14.4
28872;14.4
28873;14.4
28874;14.4
28875;14.4
28876;14.4
28877;14.4
28878;14.4
28879;14.4
28880;14.4
28881;14.4
28882;14.4
28883;14.4
28884;14.4
28885;14.4
28886;14.4
28887;14.4
28888;14.4
28889;14.4
28890;14.4
28891;14.4
28892;14.4
28893;14.4
28894;14.4
28895;14.4
28896;14.4
28897;14.4
28898;14.4
28899;14.4
28900;14.4
28901;14.4
28902;14.4
28903;14.4
28904;14.4
28905;14.4
28906;14.4
28907;14.4
28908;14.4
28909;14.4
28910;14.4
28911;14.4
28912;14.4
28913;14.4
28914;14.4
28915;14.4
28916;14.4
28917;14.4
28918;14.4
28919;14.4
28920;14.1090421
28921;13.8180842
28922;13.5271264
28923;13.2361685
28924;12.6449947
28925;12.0538209
28926;11.4626471
28927;10.8714733
28928;10.9297703
28929;10.9880673
28930;11.0463643
28931;11.1046613
28932;11.7657093
28933;12.4267574
28934;13.0878055
28935;13.7488535
28936;14.4
28937;14.4
28938;14.4
28939;14.4
28940;14.4
28941;14.4
28942;14.4
28943;14.4
28944;14.4
28945;14.4
28946;14.4
28947;14.4
28948;14.4
28949;14.4
28950;14.4
28951;14.4
28952;14.4
28953;14.4
28954;14.4
28955;14.4
28956;14.4
28957;14.4
28958;14.4
28959;14.4
28960;14.4
28961;14.4
28962;14.4
28963;14.4
28964;14.4
28965;14.4
28966;14.4
28967;14.4
28968;14.4
28969;14.4
28970;14.4
28971;14.4
28972;14.4
28973;14.4
28974;14.4
28975;14.4
28976;14.4
28977;14.4
28978;14.4
28979;14.4
28980;14.4
28981;14.4
28982;14.4
28983;14.4
28984;14.4
28985;14.4
28986;14.4
28987;14.4
28988;14.4
28989;14.4
28990;14.4
28991;14.4
28992;14.4
28993;14.4
28994;14.4
28995;14.4
28996;14.4
28997;14.4
28998;14.4
28999;14.4
29000;14.4
29001;14.4
29002;14.4
29003;14.4
29004;14.4
29005;14.4
29006;14.4
29007;14.4
29008;14.4
29009;14.4
29010;14.4
29011;14.4
29012;14.4
29013;14.4
29014;14.4
29015;14.4
29016;14.4
29017;14.4
29018;14.4
29019;14.4
29020;14.4
29021;14.4
29022;14.4
29023;14.4
29024;14.4
29025;14.4
29026;14.4
29027;14.4
29028;14.4
29029;14.4
29030;14.4
29031;14.4
29032;14.4
29033;14.4
29034;14.4
29035;14.4
29036;14.4
29037;14.4
29038;14.4
29039;14.4
29040;14.4
29041;14.4
29042;14.4
29043;14.4
29044;14.4
29045;14.4
29046;14.4
29047;14.4
29048;14.4
29049;14.4
29050;14.4
29051;14.4
29052;14.4
29053;14.4
29054;14.4
29055;14.4
29056;14.4
29057;14.4
29058;14.4
29059;14.4
29060;14.4
29061;14.4
29062;14.4
29063;14.4
29064;14.4
29065;14.4
29066;14.4
29067;14.4
29068;14.4
29069;14.4
29070;14.4
29071;14.4
29072;14.4
29073;14.4
29074;14.4
29075;14.4
29076;14.4
29077;14.4
29078;14.4
29079;14.4
29080;14.4
29081;14.4
29082;14.4
29083;14.4
29084;14.4
29085;14.4
29086;14.4
29087;14.4
29088;14.4
29089;14.4
29090;14.4
29091;14.4
29092;14.4
29093;14.4
29094;14.4
29095;14.4
29096;14.4
29097;14.4
29098;14.4
29099;14.4
29100;14.4
29101;14.4
29102;14.4
29103;14.4
29104;14.4
29105;14.4
29106;14.4
29107;14.4
29108;14.4
29109;14.4
29110;14.4
29111;14.4
29112;14.4
29113;14.4
29114;14.4
29115;14.4
29116;14.4
29117;14.4
29118;14.4
29119;14.4
29120;14.4
29121;14.4
29122;14.4
29123;14.4
29124;14.4
29125;14.4
29126;14.4
29127;14.4
29128;14.4
29129;14.4
29130;14.4
29131;14.4
29132;14.4
29133;14.4
29134;14.4
29135;14.4
29136;14.4
29137;14.4
29138;14.4
29139;14.4
29140;14.4
29141;14.4
29142;14.4
29143;14.4
29144;14.4
29145;14.4
29146;14.4
29147;14.4
29148;14.4
29149;14.4
29150;14.4
29151;14.4
29152;14.4
29153;14.4
29154;14.4
29155;14.4
29156;14.4
29157;14.4
29158;14.4
29159;14.4
29160;14.4
29161;14.4
29162;14.4
29163;14.4
29164;14.4
29165;14.4
29166;14.4
29167;14.4
29168;14.4
29169;14.4
29170;14.4
29171;14.4
29172;14.4
29173;14.4
29174;14.4
29175;14.4
29176;14.4
29177;14.4
29178;14.4
29179;14.4
29180;14.4
29181;14.4
29182;14.4
29183;14.4
29184;14.4
29185;14.4
29186;14.4
29187;14.4
29188;14.4
29189;14.4
29190;14.4
29191;14.4
29192;14.4
29193;14.4
29194;14.4
29195;14.4
29196;14.4
29197;14.4
29198;14.4
29199;14.4
29200;14.4
29201;14.4
29202;14.4
29203;14.4
29204;14.4
29205;14.4
29206;14.4
29207;14.4
29208;14.4
29209;14.4
29210;14.4
29211;14.4
29212;14.4
29213;14.4
29214;14.4
29215;14.4
29216;14.4
29217;14.4
29218;14.4
29219;14.4
29220;14.4
29221;14.4
29222;14.4
29223;14.4
29224;14.4
29225;14.4
29226;14.4
29227;14.4
29228;14.4
29229;14.4
29230;14.4
29231;14.4
29232;14.4
29233;14.4
29234;14.4
29235;14.4
29236;14.4
29237;14.4
29238;14.4
29239;14.4
29240;14.4
29241;14.4
29242;14.4
29243;14.4
29244;14.4
29245;14.4
29246;14.4
29247;14.4
29248;14.4
29249;14.4
29250;14.4
29251;14.4
29252;14.4
29253;14.4
29254;14.4
29255;14.4
29256;14.4
29257;14.4
29258;14.4
29259;14.4
29260;14.4
29261;14.4
29262;14.4
29263;14.4
29264;14.4
29265;14.4
29266;14.4
29267;14.4
29268;14.4
29269;14.4
29270;14.4
29271;14.4
29272;14.4
29273;14.4
29274;14.4
29275;14.4
29276;14.4
29277;14.4
29278;14.4
29279;14.4
29280;14.4
29281;14.4
29282;14.4
29283;14.4
29284;14.4
29285;14.4
29286;14.4
29287;14.4
29288;14.4
29289;14.4
29290;14.4
29291;14.4
29292;14.4
29293;14.4
29294;14.4
29295;14.4
29296;14.4
29297;14.4
29298;14.4
29299;14.4
29300;14.4
29301;14.4
29302;14.4
29303;14.4
29304;14.4
29305;14.4
29306;14.4
29307;14.4
29308;14.4
29309;14.4
29310;14.4
29311;14.4
29312;14.4
29313;14.4
29314;14.4
29315;14.4
29316;14.4
29317;14.4
29318;14.4
29319;14.4
29320;14.4
29321;14.4
29322;14.4
29323;14.4
29324;14.4
29325;14.4
29326;14.4
29327;14.4
29328;14.4
29329;14.4
29330;14.4
29331;14.4
29332;14.4
29333;14.4
29334;14.4
29335;14.4
29336;14.4
29337;14.4
29338;14.4
29339;14.4
29340;14.4
29341;14.4
29342;14.4
29343;14.4
29344;14.4
29345;14.4
29346;14.4
29347;14.4
29348;14.4
29349;14.4
29350;14.4
29351;14.4
29352;14.4
29353;14.4
29354;14.4
29355;14.4
29356;14.4
29357;14.4
29358;14.4
29359;14.4
29360;14.4
29361;14.4
29362;14.4
29363;14.4
29364;14.4
29365;14.4
29366;14.4
29367;14.4
29368;14.4
29369;14.4
29370;14.4
29371;14.4
29372;14.4
29373;14.4
29374;14.4
29375;14.4
29376;14.4
29377;14.4
29378;14.4
29379;14.4
29380;14.4
29381;14.4
29382;14.4
29383;14.4
29384;14.4
29385;14.4
29386;14.4
29387;14.4
29388;14.4
29389;14.4
29390;14.4
29391;14.4
29392;14.4
29393;14.4
29394;14.4
29395;14.4
29396;14.4
29397;14.4
29398;14.4
29399;14.4
29400;14.4
29401;14.4
29402;14.4
29403;14.4
29404;14.4
29405;14.4
29406;14.4
29407;14.4
29408;14.4
29409;14.4
29410;14.4
29411;14.4
29412;14.4
29413;14.4
29414;14.4
29415;14.4
29416;14.4
29417;14.4
29418;14.4
29419;14.4
29420;14.4
29421;14.4
29422;14.4
29423;14.4
29424;14.4
29425;14.4
29426;14.4
29427;14.4
29428;14.4
29429;14.4
29430;14.4
29431;14.4
29432;14.4
29433;14.4
29434;14.4
29435;14.4
29436;14.4
29437;14.4
29438;14.4
29439;14.4
29440;14.4
29441;14.4
29442;14.4
29443;14.4
29444;14.4
29445;14.4
29446;14.4
29447;14.4
29448;14.4
29449;14.4
29450;14.4
29451;14.4
29452;14.4
29453;14.4
29454;14.4
29455;14.4
29456;14.4
29457;14.4
29458;14.4
29459;14.4
29460;14.4
29461;14.4
29462;14.4
29463;14.4
29464;14.4
29465;14.4
29466;14.4
29467;14.4
29468;14.4
29469;14.4
29470;14.4
29471;14.4
29472;14.4
29473;14.4
29474;14.4
29475;14.4
29476;14.4
29477;14.4
29478;14.4
29479;14.4
29480;14.4
29481;14.4
29482;14.4
29483;14.4
29484;14.4
29485;14.4
29486;14.4
29487;14.4
29488;14.4
29489;14.4
29490;14.4
29491;14.4
29492;14.4
29493;14.4
29494;14.4
29495;14.4
29496;13.9038339
29497;13.4076679
29498;12.9115018
29499;12.4153358
29500;11.5205478
29501;10.6257599
29502;9.73097199
29503;8.83618406
29504;8.00524609
29505;7.17430812
29506;6.34337015
29507;5.51243218
29508;5.56713912
29509;5.62184606
29510;5.676553
29511;5.73125994
29512;5.73848524
29513;5.74571055
29514;5.75293586
29515;5.76016116
29516;6.21874776
29517;6.67733436
29518;7.13592095
29519;7.59450755
29520;8.35108558
29521;9.1076636
29522;9.86424162
29523;10.6208196
29524;11.2139717
29525;11.8071238
29526;12.4002758
29527;12.9934279
29528;13.5443368
29529;14.0952457
29530;14.4
29531;14.4
29532;14.4
29533;14.4
29534;14.4
29535;14.4
29536;14.4
29537;14.4
29538;14.4
29539;14.4
29540;14.4
29541;14.4
29542;14.4
29543;14.4
29544;14.4
29545;14.4
29546;14.4
29547;14.4
29548;14.4
29549;14.4
29550;14.4
29551;14.4
29552;14.4
29553;14.4
29554;14.4
29555;14.4
29556;14.4
29557;14.4
29558;14.4
29559;14.4
29560;14.4
29561;14.4
29562;14.4
29563;14.4
29564;14.4
29565;14.4
29566;14.4
29567;14.4
29568;14.4
29569;14.4
29570;14.4
29571;14.4
29572;14.4
29573;14.4
29574;14.4
29575;14.4
29576;14.4
29577;14.4
29578;14.4
29579;14.4
29580;14.4
29581;14.4
29582;14.4
29583;14.4
29584;14.4
29585;14.4
29586;14.4
29587;14.4
29588;14.4
29589;14.4
29590;14.4
29591;14.4
29592;14.4
29593;14.4
29594;14.4
29595;14.4
29596;14.4
29597;14.4
29598;14.4
29599;14.4
29600;14.4
29601;14.4
29602;14.4
29603;14.4
29604;14.4
29605;14.4
29606;14.4
29607;14.4
29608;14.4
29609;14.4
29610;14.4
29611;14.4
29612;14.4
29613;14.4
29614;14.4
29615;14.4
29616;14.4
29617;14.4
29618;14.4
29619;14.4
29620;14.4
29621;14.4
29622;14.4
29623;14.4
29624;14.4
29625;14.4
29626;14.4
29627;14.4
29628;14.4
29629;14.4
29630;14.4
29631;14.4
29632;14.4
29633;14.4
29634;14.4
29635;14.4
29636;14.4
29637;14.4
29638;14.4
29639;14.4
29640;14.4
29641;14.4
29642;14.4
29643;14.4
29644;14.4
29645;14.4
29646;14.4
29647;14.4
29648;14.4
29649;14.4
29650;14.4
29651;14.4
29652;14.4
29653;14.4
29654;14.4
29655;14.4
29656;14.4
29657;14.4
29658;14.4
29659;14.4
29660;14.4
29661;14.4
29662;14.4
29663;14.4
29664;14.4
29665;14.4
29666;14.4
29667;14.4
29668;14.4
29669;14.4
29670;14.4
29671;14.4
29672;14.4
29673;14.4
29674;14.4
29675;14.4
29676;14.4
29677;14.4
29678;14.4
29679;14.4
29680;14.4
29681;14.4
29682;14.4
29683;14.4
29684;14.3519478
29685;14.3038955
29686;14.2558433
29687;14.2077911
29688;13.840652
29689;13.473513
29690;13.1063739
29691;12.7392349
29692;12.2370848
29693;11.7349348
29694;11.2327847
29695;10.7306346
29696;10.2712803
29697;9.81192589
29698;9.35257152
29699;8.89321714
29700;9.32124243
29701;9.74926771
29702;10.177293
29703;10.6053183
29704;12.0003183
29705;13.3953183
29706;14.4
29707;14.4
29708;14.4
29709;14.4
29710;14.4
29711;14.4
29712;14.4
29713;14.4
29714;14.4
29715;14.4
29716;14.4
29717;14.4
29718;14.4
29719;14.4
29720;14.4
29721;14.4
29722;14.4
29723;14.4
29724;14.4
29725;14.4
29726;14.4
29727;14.4
29728;14.4
29729;14.4
29730;14.4
29731;14.4
29732;14.4
29733;14.4
29734;14.4
29735;14.4
29736;14.4
29737;14.4
29738;14.4
29739;14.4
29740;14.4
29741;14.4
29742;14.4
29743;14.4
29744;14.4
29745;14.4
29746;14.4
29747;14.4
29748;14.4
29749;14.4
29750;14.4
29751;14.4
29752;14.4
29753;14.4
29754;14.4
29755;14.4
29756;14.4
29757;14.4
29758;14.4
29759;14.4
29760;14.4
29761;14.4
29762;14.4
29763;14.4
29764;14.4
29765;14.4
29766;14.4
29767;14.4
29768;14.4
29769;14.4
29770;14.4
29771;14.4
29772;14.4
29773;14.4
29774;14.4
29775;14.4
29776;14.4
29777;14.4
29778;14.4
29779;14.4
29780;14.4
29781;14.4
29782;14.4
29783;14.4
29784;14.4
29785;14.4
29786;14.4
29787;14.4
29788;14.4
29789;14.4
29790;14.4
29791;14.4
29792;14.4
29793;14.4
29794;14.4
29795;14.4
29796;14.4
29797;14.4
29798;14.4
29799;14.4
29800;14.4
29801;14.4
29802;14.4
29803;14.4
29804;14.4
29805;14.4
29806;14.4
29807;14.4
29808;14.4
29809;14.4
29810;14.4
29811;14.4
29812;14.4
29813;14.4
29814;14.4
29815;14.4
29816;14.4
29817;14.4
29818;14.4
29819;14.4
29820;14.4
29821;14.4
29822;14.4
29823;14.4
29824;14.4
29825;14.4
29826;14.4
29827;14.4
29828;14.4
29829;14.4
29830;14.4
29831;14.4
29832;14.4
29833;14.4
29834;14.4
29835;14.4
29836;14.4
29837;14.4
29838;14.4
29839;14.4
29840;14.4
29841;14.4
29842;14.4
29843;14.4
29844;14.4
29845;14.4
29846;14.4
29847;14.4
29848;14.4
29849;14.4
29850;14.4
29851;14.4
29852;14.4
29853;14.4
29854;14.4
29855;14.4
29856;14.4
29857;14.4
29858;14.4
29859;14.4
29860;14.4
29861;14.4
29862;14.4
29863;14.4
29864;14.4
29865;14.4
29866;14.4
29867;14.4
29868;14.4
29869;14.4
29870;14.4
29871;14.4
29872;14.4
29873;14.4
29874;14.4
29875;14.4
29876;14.4
29877;14.4
29878;14.4
29879;14.4
29880;14.4
29881;14.4
29882;14.4
29883;14.4
29884;14.4
29885;14.4
29886;14.4
29887;14.4
29888;14.4
29889;14.4
29890;14.4
29891;14.4
29892;14.4
29893;14.4
29894;14.4
29895;14.4
29896;14.4
29897;14.4
29898;14.4
29899;14.4
29900;14.4
29901;14.4
29902;14.4
29903;14.4
29904;14.4
29905;14.4
29906;14.4
29907;14.4
29908;14.4
29909;14.4
29910;14.4
29911;14.4
29912;14.4
29913;14.4
29914;14.4
29915;14.4
29916;14.4
29917;14.4
29918;14.4
29919;14.4
29920;14.4
29921;14.4
29922;14.4
29923;14.4
29924;14.4
29925;14.4
29926;14.4
29927;14.4
29928;14.4
29929;14.4
29930;14.4
29931;14.4
29932;14.4
29933;14.4
29934;14.4
29935;14.4
29936;14.4
29937;14.4
29938;14.4
29939;14.4
29940;14.4
29941;14.4
29942;14.4
29943;14.4
29944;14.4
29945;14.4
29946;14.4
29947;14.4
29948;14.4
29949;14.4
29950;14.4
29951;14.4
29952;14.4
29953;14.4
29954;14.4
29955;14.4
29956;14.4
29957;14.4
29958;14.4
29959;14.4
29960;14.4
29961;14.4
29962;14.4
29963;14.4
29964;14.4
29965;14.4
29966;14.4
29967;14.4
29968;14.4
29969;14.4
29970;14.4
29971;14.4
29972;14.4
29973;14.4
29974;14.4
29975;14.4
29976;14.4
29977;14.4
29978;14.4
29979;14.4
29980;14.4
29981;14.4
29982;14.4
29983;14.4
29984;14.4
29985;14.4
29986;14.4
29987;14.4
29988;14.4
29989;14.4
29990;14.4
29991;14.4
29992;14.4
29993;14.4
29994;14.4
29995;14.4
29996;14.4
29997;14.4
29998;14.4
29999;14.4
30000;14.4
30001;14.4
30002;14.4
30003;14.4
30004;14.4
30005;14.4
30006;14.4
30007;14.4
30008;14.4
30009;14.4
30010;14.4
30011;14.4
30012;14.4
30013;14.4
30014;14.4
30015;14.4
30016;14.4
30017;14.4
30018;14.4
30019;14.4
30020;14.4
30021;14.4
30022;14.4
30023;14.4
30024;14.4
30025;14.4
30026;14.4
30027;14.4
30028;14.4
30029;14.4
30030;14.4
30031;14.4
30032;14.4
30033;14.4
30034;14.4
30035;14.4
30036;14.4
30037;14.4
30038;14.4
30039;14.4
30040;14.4
30041;14.4
30042;14.4
30043;14.4
30044;14.4
30045;14.4
30046;14.4
30047;14.4
30048;14.4
30049;14.4
30050;14.4
30051;14.4
30052;14.4
30053;14.4
30054;14.4
30055;14.4
30056;14.4
30057;14.4
30058;14.4
30059;14.4
30060;14.4
30061;14.4
30062;14.4
30063;14.4
30064;14.4
30065;14.4
30066;14.4
30067;14.4
30068;14.4
30069;14.4
30070;14.4
30071;14.4
30072;13.7498041
30073;13.0996082
30074;12.4494124
30075;11.7992165
30076;10.7812931
30077;9.76336972
30078;8.74544633
30079;7.72752294
30080;6.74114189
30081;5.75476084
30082;4.76837979
30083;3.78199874
30084;3.93994115
30085;4.09788356
30086;4.25582597
30087;4.41376838
30088;5.31792121
30089;6.22207404
30090;7.12622688
30091;8.03037971
30092;9.42537971
30093;10.8203797
30094;12.2153797
30095;13.6103797
30096;14.4
30097;14.4
30098;14.4
30099;14.4
30100;14.4
30101;14.4
30102;14.4
30103;14.4
30104;14.4
30105;14.4
30106;14.4
30107;14.4
30108;14.4
30109;14.4
30110;14.4
30111;14.4
30112;14.4
30113;14.4
30114;14.4
30115;14.4
30116;14.4
30117;14.4
30118;14.4
30119;14.4
30120;14.4
30121;14.4
30122;14.4
30123;14.4
30124;14.4
30125;14.4
30126;14.4
30127;14.4
30128;14.4
30129;14.4
30130;14.4
30131;14.4
30132;14.4
30133;14.4
30134;14.4
30135;14.4
30136;14.4
30137;14.4
30138;14.4
30139;14.4
30140;14.4
30141;14.4
30142;14.4
30143;14.4
30144;14.4
30145;14.4
30146;14.4
30147;14.4
30148;14.4
30149;14.4
30150;14.4
30151;14.4
30152;14.4
30153;14.4
30154;14.4
30155;14.4
30156;14.4
30157;14.4
30158;14.4
30159;14.4
30160;14.4
30161;14.4
30162;14.4
30163;14.4
30164;14.4
30165;14.4
30166;14.4
30167;14.4
30168;14.4
30169;14.4
30170;14.4
30171;14.4
30172;14.4
30173;14.4
30174;14.4
30175;14.4
30176;14.4
30177;14.4
30178;14.4
30179;14.4
30180;14.4
30181;14.4
30182;14.4
30183;14.4
30184;14.4
30185;14.4
30186;14.4
30187;14.4
30188;14.4
30189;14.4
30190;14.4
30191;14.4
30192;14.4
30193;14.4
30194;14.4
30195;14.4
30196;14.4
30197;14.4
30198;14.4
30199;14.4
30200;14.4
30201;14.4
30202;14.4
30203;14.4
30204;14.4
30205;14.4
30206;14.4
30207;14.4
30208;14.4
30209;14.4
30210;14.4
30211;14.4
30212;14.4
30213;14.4
30214;14.4
30215;14.4
30216;14.4
30217;14.4
30218;14.4
30219;14.4
30220;14.4
30221;14.4
30222;14.4
30223;14.4
30224;14.4
30225;14.4
30226;14.4
30227;14.4
30228;14.4
30229;14.4
30230;14.4
30231;14.4
30232;14.4
30233;14.4
30234;14.4
30235;14.4
30236;14.4
30237;14.4
30238;14.4
30239;14.4
30240;14.4
30241;14.4
30242;14.4
30243;14.4
30244;14.4
30245;14.4
30246;14.4
30247;14.4
30248;14.4
30249;14.4
30250;14.4
30251;14.4
30252;14.4
30253;14.4
30254;14.4
30255;14.4
30256;14.4
30257;14.4
30258;14.4
30259;14.4
30260;14.4
30261;14.4
30262;14.4
30263;14.4
30264;13.977949
30265;13.5558981
30266;13.1338471
30267;12.7117962
30268;11.9529224
30269;11.1940486
30270;10.4351748
30271;9.67630097
30272;9.19249259
30273;8.7086842
30274;8.22487582
30275;7.74106743
30276;7.96439467
30277;8.1877219
30278;8.41104914
30279;8.63437637
30280;10.0293764
30281;11.4243764
30282;12.8193764
30283;14.2143764
30284;14.4
30285;14.4
30286;14.4
30287;14.4
30288;14.4
30289;14.4
30290;14.4
30291;14.4
30292;14.4
30293;14.4
30294;14.4
30295;14.4
30296;14.4
30297;14.4
30298;14.4
30299;14.4
30300;14.4
30301;14.4
30302;14.4
30303;14.4
30304;14.4
30305;14.4
30306;14.4
30307;14.4
30308;14.4
30309;14.4
30310;14.4
30311;14.4
30312;14.4
30313;14.4
30314;14.4
30315;14.4
30316;14.4
30317;14.4
30318;14.4
30319;14.4
30320;14.4
30321;14.4
30322;14.4
30323;14.4
30324;14.4
30325;14.4
30326;14.4
30327;14.4
30328;14.4
30329;14.4
30330;14.4
30331;14.4
30332;14.4
30333;14.4
30334;14.4
30335;14.4
30336;14.4
30337;14.4
30338;14.4
30339;14.4
30340;14.4
30341;14.4
30342;14.4
30343;14.4
30344;14.4
30345;14.4
30346;14.4
30347;14.4
30348;14.4
30349;14.4
30350;14.4
30351;14.4
30352;14.4
30353;14.4
30354;14.4
30355;14.4
30356;14.4
30357;14.4
30358;14.4
30359;14.4
30360;14.4
30361;14.4
30362;14.4
30363;14.4
30364;14.4
30365;14.4
30366;14.4
30367;14.4
30368;14.4
30369;14.4
30370;14.4
30371;14.4
30372;14.4
30373;14.4
30374;14.4
30375;14.4
30376;14.4
30377;14.4
30378;14.4
30379;14.4
30380;14.4
30381;14.4
30382;14.4
30383;14.4
30384;14.4
30385;14.4
30386;14.4
30387;14.4
30388;14.4
30389;14.4
30390;14.4
30391;14.4
30392;14.4
30393;14.4
30394;14.4
30395;14.4
30396;14.4
30397;14.4
30398;14.4
30399;14.4
30400;14.4
30401;14.4
30402;14.4
30403;14.4
30404;14.4
30405;14.4
30406;14.4
30407;14.4
30408;14.4
30409;14.4
30410;14.4
30411;14.4
30412;14.4
30413;14.4
30414;14.4
30415;14.4
30416;14.4
30417;14.4
30418;14.4
30419;14.4
30420;14.4
30421;14.4
30422;14.4
30423;14.4
30424;14.4
30425;14.4
30426;14.4
30427;14.4
30428;14.4
30429;14.4
30430;14.4
30431;14.4
30432;14.4
30433;14.4
30434;14.4
30435;14.4
30436;14.4
30437;14.4
30438;14.4
30439;14.4
30440;14.4
30441;14.4
30442;14.4
30443;14.4
30444;14.4
30445;14.4
30446;14.4
30447;14.4
30448;14.4
30449;14.4
30450;14.4
30451;14.4
30452;14.4
30453;14.4
30454;14.4
30455;14.4
30456;14.4
30457;14.4
30458;14.4
30459;14.4
30460;14.4
30461;14.4
30462;14.4
30463;14.4
30464;14.4
30465;14.4
30466;14.4
30467;14.4
30468;14.4
30469;14.4
30470;14.4
30471;14.4
30472;14.4
30473;14.4
30474;14.4
30475;14.4
30476;14.4
30477;14.4
30478;14.4
30479;14.4
30480;14.4
30481;14.4
30482;14.4
30483;14.4
30484;14.4
30485;14.4
30486;14.4
30487;14.4
30488;14.4
30489;14.4
30490;14.4
30491;14.4
30492;14.4
30493;14.4
30494;14.4
30495;14.4
30496;14.4
30497;14.4
30498;14.4
30499;14.4
30500;14.4
30501;14.4
30502;14.4
30503;14.4
30504;14.4
30505;14.4
30506;14.4
30507;14.4
30508;14.4
30509;14.4
30510;14.4
30511;14.4
30512;14.4
30513;14.4
30514;14.4
30515;14.4
30516;14.4
30517;14.4
30518;14.4
30519;14.4
30520;14.4
30521;14.4
30522;14.4
30523;14.4
30524;14.4
30525;14.4
30526;14.4
30527;14.4
30528;14.4
30529;14.4
30530;14.4
30531;14.4
30532;14.4
30533;14.4
30534;14.4
30535;14.4
30536;14.4
30537;14.4
30538;14.4
30539;14.4
30540;14.4
30541;14.4
30542;14.4
30543;14.4
30544;14.4
30545;14.4
30546;14.4
30547;14.4
30548;14.4
30549;14.4
30550;14.4
30551;14.4
30552;14.4
30553;14.4
30554;14.4
30555;14.4
30556;14.4
30557;14.4
30558;14.4
30559;14.4
30560;14.4
30561;14.4
30562;14.4
30563;14.4
30564;14.4
30565;14.4
30566;14.4
30567;14.4
30568;14.4
30569;14.4
30570;14.4
30571;14.4
30572;14.4
30573;14.4
30574;14.4
30575;14.4
30576;14.4
30577;14.4
30578;14.4
30579;14.4
30580;14.4
30581;14.4
30582;14.4
30583;14.4
30584;14.4
30585;14.4
30586;14.4
30587;14.4
30588;14.4
30589;14.4
30590;14.4
30591;14.4
30592;14.4
30593;14.4
30594;14.4
30595;14.4
30596;14.4
30597;14.4
30598;14.4
30599;14.4
30600;14.4
30601;14.4
30602;14.4
30603;14.4
30604;14.4
30605;14.4
30606;14.4
30607;14.4
30608;14.4
30609;14.4
30610;14.4
30611;14.4
30612;14.4
30613;14.4
30614;14.4
30615;14.4
30616;14.4
30617;14.4
30618;14.4
30619;14.4
30620;14.4
30621;14.4
30622;14.4
30623;14.4
30624;14.4
30625;14.4
30626;14.4
30627;14.4
30628;14.4
30629;14.4
30630;14.4
30631;14.4
30632;14.4
30633;14.4
30634;14.4
30635;14.4
30636;14.4
30637;14.4
30638;14.4
30639;14.4
30640;14.4
30641;14.4
30642;14.4
30643;14.4
30644;14.4
30645;14.4
30646;14.4
30647;14.4
30648;14.006347
30649;13.6126941
30650;13.2190411
30651;12.8253882
30652;12.6350711
30653;12.4447539
30654;12.2544368
30655;12.0641197
30656;12.0970534
30657;12.129987
30658;12.1629207
30659;12.1958544
30660;12.5656536
30661;12.9354529
30662;13.3052521
30663;13.6750513
30664;14.4
30665;14.4
30666;14.4
30667;14.4
30668;14.4
30669;14.4
30670;14.4
30671;14.4
30672;14.4
30673;14.4
30674;14.4
30675;14.4
30676;14.4
30677;14.4
30678;14.4
30679;14.4
30680;14.4
30681;14.4
30682;14.4
30683;14.4
30684;14.4
30685;14.4
30686;14.4
30687;14.4
30688;14.4
30689;14.4
30690;14.4
30691;14.4
30692;14.4
30693;14.4
30694;14.4
30695;14.4
30696;14.4
30697;14.4
30698;14.4
30699;14.4
30700;14.4
30701;14.4
30702;14.4
30703;14.4
30704;14.4
30705;14.4
30706;14.4
30707;14.4
30708;14.4
30709;14.4
30710;14.4
30711;14.4
30712;14.4
30713;14.4
30714;14.4
30715;14.4
30716;14.4
30717;14.4
30718;14.4
30719;14.4
30720;14.4
30721;14.4
30722;14.4
30723;14.4
30724;14.4
30725;14.4
30726;14.4
30727;14.4
30728;14.4
30729;14.4
30730;14.4
30731;14.4
30732;14.4
30733;14.4
30734;14.4
30735;14.4
30736;14.4
30737;14.4
30738;14.4
30739;14.4
30740;14.4
30741;14.4
30742;14.4
30743;14.4
30744;14.4
30745;14.4
30746;14.4
30747;14.4
30748;14.4
30749;14.4
30750;14.4
30751;14.4
30752;14.4
30753;14.4
30754;14.4
30755;14.4
30756;14.4
30757;14.4
30758;14.4
30759;14.4
30760;14.4
30761;14.4
30762;14.4
30763;14.4
30764;14.4
30765;14.4
30766;14.4
30767;14.4
30768;14.4
30769;14.4
30770;14.4
30771;14.4
30772;14.4
30773;14.4
30774;14.4
30775;14.4
30776;14.4
30777;14.4
30778;14.4
30779;14.4
30780;14.4
30781;14.4
30782;14.4
30783;14.4
30784;14.4
30785;14.4
30786;14.4
30787;14.4
30788;14.4
30789;14.4
30790;14.4
30791;14.4
30792;14.4
30793;14.4
30794;14.4
30795;14.4
30796;14.4
30797;14.4
30798;14.4
30799;14.4
30800;14.4
30801;14.4
30802;14.4
30803;14.4
30804;14.4
30805;14.4
30806;14.4
30807;14.4
30808;14.4
30809;14.4
30810;14.4
30811;14.4
30812;14.4
30813;14.4
30814;14.4
30815;14.4
30816;14.4
30817;14.4
30818;14.4
30819;14.4
30820;14.4
30821;14.4
30822;14.4
30823;14.4
30824;14.4
30825;14.4
30826;14.4
30827;14.4
30828;14.4
30829;14.4
30830;14.4
30831;14.4
30832;14.4
30833;14.4
30834;14.4
30835;14.4
30836;14.4
30837;14.4
30838;14.4
30839;14.4
30840;13.8894434
30841;13.3788867
30842;12.8683301
30843;12.3577735
30844;11.4463963
30845;10.5350191
30846;9.62364187
30847;8.71226466
30848;7.83409212
30849;6.95591959
30850;6.07774705
30851;5.19957451
30852;4.62727619
30853;4.05497786
30854;3.48267953
30855;2.9103812
30856;3.78388942
30857;4.65739763
30858;5.53090584
30859;6.40441405
30860;7.79941405
30861;9.19441405
30862;10.589414
30863;11.984414
30864;13.379414
30865;14.4
30866;14.4
30867;14.4
30868;14.4
30869;14.4
30870;14.4
30871;14.4
30872;14.4
30873;14.4
30874;14.4
30875;14.4
30876;14.4
30877;14.4
30878;14.4
30879;14.4
30880;14.4
30881;14.4
30882;14.4
30883;14.4
30884;14.4
30885;14.4
30886;14.4
30887;14.4
30888;14.4
30889;14.4
30890;14.4
30891;14.4
30892;14.4
30893;14.4
30894;14.4
30895;14.4
30896;14.4
30897;14.4
30898;14.4
30899;14.4
30900;14.4
30901;14.4
30902;14.4
30903;14.4
30904;14.4
30905;14.4
30906;14.4
30907;14.4
30908;14.4
30909;14.4
30910;14.4
30911;14.4
30912;14.4
30913;14.4
30914;14.4
30915;14.4
30916;14.4
30917;14.4
30918;14.4
30919;14.4
30920;14.4
30921;14.4
30922;14.4
30923;14.4
30924;14.4
30925;14.4
30926;14.4
30927;14.4
30928;14.4
30929;14.4
30930;14.4
30931;14.4
30932;14.4
30933;14.4
30934;14.4
30935;14.4
30936;14.4
30937;14.4
30938;14.4
30939;14.4
30940;14.4
30941;14.4
30942;14.4
30943;14.4
30944;14.4
30945;14.4
30946;14.4
30947;14.4
30948;14.4
30949;14.4
30950;14.4
30951;14.4
30952;14.4
30953;14.4
30954;14.4
30955;14.4
30956;14.4
30957;14.4
30958;14.4
30959;14.4
30960;14.4
30961;14.4
30962;14.4
30963;14.4
30964;14.4
30965;14.4
30966;14.4
30967;14.4
30968;14.4
30969;14.4
30970;14.4
30971;14.4
30972;14.4
30973;14.4
30974;14.4
30975;14.4
30976;14.4
30977;14.4
30978;14.4
30979;14.4
30980;14.4
30981;14.4
30982;14.4
30983;14.4
30984;14.4
30985;14.4
30986;14.4
30987;14.4
30988;14.4
30989;14.4
30990;14.4
30991;14.4
30992;14.4
30993;14.4
30994;14.4
30995;14.4
30996;14.4
30997;14.4
30998;14.4
30999;14.4
31000;14.4
31001;14.4
31002;14.4
31003;14.4
31004;14.4
31005;14.4
31006;14.4
31007;14.4
31008;14.4
31009;14.4
31010;14.4
31011;14.4
31012;14.4
31013;14.4
31014;14.4
31015;14.4
31016;14.4
31017;14.4
31018;14.4
31019;14.4
31020;14.4
31021;14.4
31022;14.4
31023;14.4
31024;14.4
31025;14.4
31026;14.4
31027;14.4
31028;14.4
31029;14.4
31030;14.4
31031;14.4
31032;14.0495474
31033;13.6990948
31034;13.3486421
31035;12.9981895
31036;12.5117267
31037;12.0252638
31038;11.538801
31039;11.0523381
31040;10.5290026
31041;10.005667
31042;9.48233145
31043;8.95899589
31044;8.73674965
31045;8.5145034
31046;8.29225716
31047;8.07001092
31048;8.64666897
31049;9.22332703
31050;9.79998508
31051;10.3766431
31052;11.1657611
31053;11.9548791
31054;12.7439971
31055;13.5331151
31056;13.850305
31057;14.1674949
31058;14.4
31059;14.4
31060;14.4
31061;14.4
31062;14.4
31063;14.4
31064;14.4
31065;14.4
31066;14.4
31067;14.4
31068;14.4
31069;14.4
31070;14.4
31071;14.4
31072;14.4
31073;14.4
31074;14.4
31075;14.4
31076;14.4
31077;14.4
31078;14.4
31079;14.4
31080;14.4
31081;14.4
31082;14.4
31083;14.4
31084;14.4
31085;14.4
31086;14.4
31087;14.4
31088;14.4
31089;14.4
31090;14.4
31091;14.4
31092;14.4
31093;14.4
31094;14.4
31095;14.4
31096;14.4
31097;14.4
31098;14.4
31099;14.4
31100;14.4
31101;14.4
31102;14.4
31103;14.4
31104;14.4
31105;14.4
31106;14.4
31107;14.4
31108;14.4
31109;14.4
31110;14.4
31111;14.4
31112;14.4
31113;14.4
31114;14.4
31115;14.4
31116;14.4
31117;14.4
31118;14.4
31119;14.4
31120;14.4
31121;14.4
31122;14.4
31123;14.4
31124;14.4
31125;14.4
31126;14.4
31127;14.4
31128;14.4
31129;14.4
31130;14.4
31131;14.4
31132;14.4
31133;14.4
31134;14.4
31135;14.4
31136;14.4
31137;14.4
31138;14.4
31139;14.4
31140;14.4
31141;14.4
31142;14.4
31143;14.4
31144;14.4
31145;14.4
31146;14.4
31147;14.4
31148;14.4
31149;14.4
31150;14.4
31151;14.4
31152;14.4
31153;14.4
31154;14.4
31155;14.4
31156;14.4
31157;14.4
31158;14.4
31159;14.4
31160;14.4
31161;14.4
31162;14.4
31163;14.4
31164;14.4
31165;14.4
31166;14.4
31167;14.4
31168;14.4
31169;14.4
31170;14.4
31171;14.4
31172;14.4
31173;14.4
31174;14.4
31175;14.4
31176;14.4
31177;14.4
31178;14.4
31179;14.4
31180;14.4
31181;14.4
31182;14.4
31183;14.4
31184;14.4
31185;14.4
31186;14.4
31187;14.4
31188;14.4
31189;14.4
31190;14.4
31191;14.4
31192;14.4
31193;14.4
31194;14.4
31195;14.4
31196;14.4
31197;14.4
31198;14.4
31199;14.4
31200;14.4
31201;14.4
31202;14.4
31203;14.4
31204;14.4
31205;14.4
31206;14.4
31207;14.4
31208;14.4
31209;14.4
31210;14.4
31211;14.4
31212;14.4
31213;14.4
31214;14.4
31215;14.4
31216;14.4
31217;14.4
31218;14.4
31219;14.4
31220;14.4
31221;14.4
31222;14.4
31223;14.4
31224;14.4
31225;14.4
31226;14.4
31227;14.4
31228;14.4
31229;14.4
31230;14.4
31231;14.4
31232;14.4
31233;14.4
31234;14.4
31235;14.4
31236;14.4
31237;14.4
31238;14.4
31239;14.4
31240;14.4
31241;14.4
31242;14.4
31243;14.4
31244;14.4
31245;14.4
31246;14.4
31247;14.4
31248;14.4
31249;14.4
31250;14.4
31251;14.4
31252;14.4
31253;14.4
31254;14.4
31255;14.4
31256;14.4
31257;14.4
31258;14.4
31259;14.4
31260;14.4
31261;14.4
31262;14.4
31263;14.4
31264;14.4
31265;14.4
31266;14.4
31267;14.4
31268;14.4
31269;14.4
31270;14.4
31271;14.4
31272;14.4
31273;14.4
31274;14.4
31275;14.4
31276;14.4
31277;14.4
31278;14.4
31279;14.4
31280;14.4
31281;14.4
31282;14.4
31283;14.4
31284;14.1701755
31285;13.940351
31286;13.7105265
31287;13.4807019
31288;14.4
31289;14.4
31290;14.4
31291;14.4
31292;14.4
31293;14.4
31294;14.4
31295;14.4
31296;14.4
31297;14.4
31298;14.4
31299;14.4
31300;14.4
31301;14.4
31302;14.4
31303;14.4
31304;14.4
31305;14.4
31306;14.4
31307;14.4
31308;14.4
31309;14.4
31310;14.4
31311;14.4
31312;14.4
31313;14.4
31314;14.4
31315;14.4
31316;14.4
31317;14.4
31318;14.4
31319;14.4
31320;14.4
31321;14.4
31322;14.4
31323;14.4
31324;14.4
31325;14.4
31326;14.4
31327;14.4
31328;14.4
31329;14.4
31330;14.4
31331;14.4
31332;14.4
31333;14.4
31334;14.4
31335;14.4
31336;14.4
31337;14.4
31338;14.4
31339;14.4
31340;14.4
31341;14.4
31342;14.4
31343;14.4
31344;14.4
31345;14.4
31346;14.4
31347;14.4
31348;14.4
31349;14.4
31350;14.4
31351;14.4
31352;14.4
31353;14.4
31354;14.4
31355;14.4
31356;14.4
31357;14.4
31358;14.4
31359;14.4
31360;14.4
31361;14.4
31362;14.4
31363;14.4
31364;14.4
31365;14.4
31366;14.4
31367;14.4
31368;14.4
31369;14.4
31370;14.4
31371;14.4
31372;14.4
31373;14.4
31374;14.4
31375;14.4
31376;14.4
31377;14.4
31378;14.4
31379;14.4
31380;14.4
31381;14.4
31382;14.4
31383;14.4
31384;14.4
31385;14.4
31386;14.4
31387;14.4
31388;14.4
31389;14.4
31390;14.4
31391;14.4
31392;14.4
31393;14.4
31394;14.4
31395;14.4
31396;14.4
31397;14.4
31398;14.4
31399;14.4
31400;14.4
31401;14.4
31402;14.4
31403;14.4
31404;14.4
31405;14.4
31406;14.4
31407;14.4
31408;14.4
31409;14.4
31410;14.4
31411;14.4
31412;14.1669543
31413;13.9339087
31414;13.700863
31415;13.4678174
31416;12.7947712
31417;12.1217251
31418;11.4486789
31419;10.7756328
31420;9.732848
31421;8.69006323
31422;7.64727847
31423;6.6044937
31424;5.55333637
31425;4.50217903
31426;3.4510217
31427;2.39986437
31428;1.6
31429;1.6
31430;1.6
31431;1.6
31432;1.6
31433;1.6
31434;1.6
31435;1.6
31436;1.6
31437;1.6
31438;1.6
31439;1.6
31440;1.6
31441;1.6
31442;1.6
31443;1.6
31444;1.6
31445;1.6
31446;1.6
31447;1.6
31448;2.22359908
31449;2.84719816
31450;3.47079724
31451;4.09439632
31452;5.1044081
31453;6.11441988
31454;7.12443167
31455;8.13444345
31456;8.27643464
31457;8.41842583
31458;8.56041702
31459;8.70240821
31460;8.90795174
31461;9.11349527
31462;9.3190388
31463;9.52458233
31464;9.38285997
31465;9.24113761
31466;9.09941525
31467;8.95769288
31468;8.83367448
31469;8.70965607
31470;8.58563767
31471;8.46161926
31472;8.34989699
31473;8.23817471
31474;8.12645243
31475;8.01473015
31476;7.87243283
31477;7.73013551
31478;7.58783818
31479;7.44554086
31480;8.83348109
31481;10.2214213
31482;11.6093616
31483;12.9973018
31484;13.4801147
31485;13.9629277
31486;14.4
31487;14.4
31488;14.4
31489;14.4
31490;14.4
31491;14.4
31492;14.4
31493;14.4
31494;14.4
31495;14.4
31496;14.4
31497;14.4
31498;14.4
31499;14.4
31500;14.4
31501;14.4
31502;14.4
31503;14.4
31504;14.4
31505;14.4
31506;14.4
31507;14.4
31508;14.4
31509;14.4
31510;14.4
31511;14.4
31512;14.4
31513;14.4
31514;14.4
31515;14.4
31516;14.4
31517;14.4
31518;14.4
31519;14.4
31520;14.4
31521;14.4
31522;13.7882836
31523;12.873706
31524;12.2416349
31525;11.6095638
31526;10.9774927
31527;10.3454215
31528;10.1929614
31529;10.0405014
31530;9.88804126
31531;9.73558116
31532;9.73558116
31533;9.73558116
31534;9.73558116
31535;9.73558116
31536;9.73558116
31537;9.73558116
31538;9.73558116
31539;9.73558116
31540;9.73558116
31541;9.73558116
31542;9.73558116
31543;9.73558116
31544;9.73558116
31545;9.73558116
31546;11.1305812
31547;12.5255812
31548;13.9205812
31549;14.4
31550;14.4
31551;14.4
31552;14.4
31553;14.4
31554;14.4
31555;14.4
31556;14.4
31557;14.4
31558;14.4
31559;14.4
31560;14.4
31561;14.4
31562;14.4
31563;14.4
31564;14.4
31565;14.4
31566;14.4
31567;14.4
31568;14.4
31569;14.4
31570;14.4
31571;14.4
31572;14.4
31573;14.4
31574;14.4
31575;14.4
31576;14.4
31577;14.4
31578;14.4
31579;14.4
31580;14.4
31581;14.4
31582;14.4
31583;14.4
31584;14.4
31585;14.4
31586;14.4
31587;14.4
31588;14.319848
31589;14.239696
31590;14.1595439
31591;14.0793919
31592;13.9852961
31593;13.8912002
31594;13.7971043
31595;13.7030085
31596;13.5782746
31597;13.4535407
31598;13.3288068
31599;13.2040729
31600;13.096848
31601;12.9896231
31602;12.8823981
31603;12.7751732
31604;12.5878516
31605;12.40053
31606;12.2132084
31607;12.0258867
31608;11.5624943
31609;11.0991018
31610;10.6357093
31611;10.1723169
31612;9.37102784
31613;8.56973882
31614;7.7684498
31615;6.96716078
31616;6.20231224
31617;5.43746369
31618;4.67261515
31619;3.9077666
31620;3.40878221
31621;2.90979781
31622;2.41081342
31623;1.91182903
31624;1.62385519
31625;1.6
31626;1.6
31627;1.6
31628;2.26548998
31629;2.93097996
31630;3.59646994
31631;4.26195993
31632;5.46768596
31633;6.67341199
31634;7.87913802
31635;9.08486405
31636;10.4798641
31637;11.8748641
31638;13.2698641
31639;14.4
31640;14.4
31641;14.4
31642;14.4
31643;14.4
31644;14.4
31645;14.4
31646;14.4
31647;14.4
31648;14.4
31649;14.4
31650;14.4
31651;14.4
31652;14.4
31653;14.4
31654;14.4
31655;14.4
31656;14.4
31657;14.4
31658;14.4
31659;14.4
31660;14.2533762
31661;14.1067523
31662;13.9601285
31663;13.8135047
31664;13.7879796
31665;13.7624545
31666;13.7369294
31667;13.7114042
31668;13.6695011
31669;13.6275979
31670;13.5856947
31671;13.5437915
31672;14.4
31673;14.4
31674;14.4
31675;14.4
31676;14.4
31677;14.4
31678;14.4
31679;14.4
31680;14.4
31681;14.4
31682;14.4
31683;14.4
31684;14.4
31685;14.4
31686;14.4
31687;14.4
31688;14.4
31689;14.4
31690;14.4
31691;14.4
31692;14.4
31693;14.4
31694;14.4
31695;14.4
31696;14.4
31697;14.4
31698;14.4
31699;14.4
31700;14.4
31701;14.4
31702;14.4
31703;14.4
31704;14.4
31705;14.4
31706;14.4
31707;14.4
31708;14.4
31709;14.4
31710;14.4
31711;14.4
31712;14.4
31713;14.4
31714;14.4
31715;14.4
31716;14.4
31717;14.4
31718;14.4
31719;14.4
31720;14.4
31721;14.4
31722;14.4
31723;14.4
31724;14.4
31725;14.4
31726;14.4
31727;14.4
31728;14.4
31729;14.4
31730;14.4
31731;14.4
31732;14.4
31733;14.4
31734;14.4
31735;14.4
31736;14.4
31737;14.4
31738;14.4
31739;14.4
31740;14.4
31741;14.4
31742;14.4
31743;14.4
31744;14.4
31745;14.4
31746;14.4
31747;14.4
31748;14.4
31749;14.4
31750;14.4
31751;14.4
31752;14.4
31753;14.4
31754;14.4
31755;14.4
31756;14.4
31757;14.4
31758;14.4
31759;14.4
31760;14.4
31761;14.4
31762;14.4
31763;14.4
31764;14.4
31765;14.4
31766;14.4
31767;14.4
31768;14.4
31769;14.4
31770;14.4
31771;14.4
31772;14.4
31773;14.4
31774;14.4
31775;14.4
31776;14.4
31777;14.4
31778;14.4
31779;14.4
31780;14.2630109
31781;14.1260218
31782;13.9890328
31783;13.8520437
31784;13.7188831
31785;13.5857225
31786;13.4525619
31787;13.3194013
31788;13.2014206
31789;13.08344
31790;12.9654593
31791;12.8474786
31792;12.8364469
31793;12.8254153
31794;12.8143836
31795;12.8033519
31796;13.0200936
31797;13.2368353
31798;13.453577
31799;13.6703187
31800;13.9065567
31801;14.1427948
31802;14.3790329
31803;14.4
31804;14.4
31805;14.4
31806;14.4
31807;14.4
31808;14.4
31809;14.4
31810;14.4
31811;14.4
31812;14.4
31813;14.4
31814;14.4
31815;14.4
31816;14.4
31817;14.4
31818;14.4
31819;14.4
31820;14.4
31821;14.4
31822;14.4
31823;14.4
31824;14.4
31825;14.4
31826;14.4
31827;14.4
31828;14.4
31829;14.4
31830;14.4
31831;14.4
31832;14.4
31833;14.4
31834;14.4
31835;14.4
31836;14.4
31837;14.4
31838;14.4
31839;14.4
31840;14.4
31841;14.4
31842;14.4
31843;14.4
31844;14.4
31845;14.4
31846;14.4
31847;14.4
31848;14.4
31849;14.4
31850;14.4
31851;14.4
31852;14.4
31853;14.4
31854;14.4
31855;14.4
31856;14.4
31857;14.4
31858;14.4
31859;14.4
31860;14.4
31861;14.4
31862;14.4
31863;14.4
31864;14.4
31865;14.4
31866;14.4
31867;14.4
31868;14.4
31869;14.4
31870;14.4
31871;14.4
31872;14.4
31873;14.4
31874;14.4
31875;14.4
31876;14.4
31877;14.4
31878;14.4
31879;14.4
31880;14.4
31881;14.4
31882;14.4
31883;14.4
31884;14.4
31885;14.4
31886;14.4
31887;14.4
31888;14.4
31889;14.4
31890;14.4
31891;14.4
31892;14.4
31893;14.4
31894;14.4
31895;14.4
31896;14.4
31897;14.4
31898;14.4
31899;14.4
31900;14.4
31901;14.4
31902;14.4
31903;14.4
31904;14.4
31905;14.4
31906;14.4
31907;14.4
31908;14.4
31909;14.4
31910;14.4
31911;14.4
31912;14.4
31913;14.4
31914;14.4
31915;14.4
31916;14.4
31917;14.4
31918;14.4
31919;14.4
31920;14.4
31921;14.4
31922;14.4
31923;14.4
31924;14.4
31925;14.4
31926;14.4
31927;14.4
31928;14.4
31929;14.4
31930;14.4
31931;14.4
31932;14.4
31933;14.4
31934;14.4
31935;14.4
31936;14.4
31937;14.4
31938;14.4
31939;14.4
31940;14.4
31941;14.4
31942;14.4
31943;14.4
31944;14.4
31945;14.4
31946;14.4
31947;14.4
31948;14.4
31949;14.4
31950;14.4
31951;14.4
31952;14.4
31953;14.4
31954;14.4
31955;14.4
31956;14.4
31957;14.4
31958;14.4
31959;14.4
31960;14.4
31961;14.4
31962;14.4
31963;14.4
31964;14.4
31965;14.4
31966;14.4
31967;14.4
31968;14.4
31969;14.4
31970;14.4
31971;14.4
31972;14.2529246
31973;14.1058492
31974;13.9587739
31975;13.8116985
31976;13.7309271
31977;13.6501558
31978;13.5693845
31979;13.4886131
31980;13.3970161
31981;13.3054191
31982;13.2138221
31983;13.1222251
31984;12.9267833
31985;12.7313415
31986;12.5358998
31987;12.340458
31988;12.0928447
31989;11.8452313
31990;11.597618
31991;11.3500047
31992;10.8959037
31993;10.4418028
31994;9.98770187
31995;9.53360092
31996;8.85770997
31997;8.18181902
31998;7.50592807
31999;6.83003712
32000;6.04302688
32001;5.25601664
32002;4.46900641
32003;3.68199617
32004;3.00827263
32005;2.33454909
32006;1.66082555
32007;1.6
32008;1.6
32009;1.6
32010;1.6
32011;1.6
32012;1.6
32013;1.6
32014;1.6
32015;1.6
32016;1.6
32017;1.6
32018;1.6
32019;1.6
32020;1.85297844
32021;2.10595688
32022;2.35893532
32023;2.61191375
32024;3.13509415
32025;3.65827454
32026;4.18145493
32027;4.70463532
32028;5.1664708
32029;5.62830629
32030;6.09014177
32031;6.55197726
32032;5.95142636
32033;5.35087545
32034;4.75032455
32035;4.14977364
32036;3.68717883
32037;3.22458402
32038;2.7619892
32039;2.29939439
32040;2.07709393
32041;1.85479347
32042;1.63249301
32043;1.6
32044;1.6
32045;1.6
32046;1.6
32047;1.6
32048;1.6
32049;1.6
32050;1.6
32051;1.6
32052;1.6
32053;1.6
32054;1.6
32055;1.6
32056;2.72367834
32057;3.84735668
32058;4.97103502
32059;6.09471337
32060;6.59858292
32061;7.10245248
32062;7.60632204
32063;8.1101916
32064;8.48282428
32065;8.85545697
32066;9.22808965
32067;9.60072234
32068;9.60072234
32069;9.60072234
32070;9.60072234
32071;9.60072234
32072;9.60072234
32073;9.60072234
32074;9.60072234
32075;9.60072234
32076;9.60072234
32077;9.60072234
32078;9.60072234
32079;9.60072234
32080;9.60072234
32081;9.60072234
32082;9.60072234
32083;9.60072234
32084;10.2142417
32085;10.8513253
32086;11.4884089
32087;12.1254924
32088;12.1254924
32089;12.1254924
32090;12.1254924
32091;12.1254924
32092;12.1254924
32093;12.1254924
32094;12.1254924
32095;12.1254924
32096;12.1254924
32097;12.1254924
32098;12.1254924
32099;12.1254924
32100;12.1254924
32101;12.1254924
32102;12.1254924
32103;12.1254924
32104;12.1254924
32105;12.1254924
32106;12.1254924
32107;12.1254924
32108;12.1254924
32109;12.1254924
32110;12.1254924
32111;12.1254924
32112;12.1254924
32113;12.4526363
32114;13.8476363
32115;14.4
32116;14.4
32117;14.4
32118;14.4
32119;14.4
32120;14.4
32121;14.4
32122;14.4
32123;14.4
32124;14.4
32125;14.4
32126;14.4
32127;14.4
32128;14.4
32129;14.4
32130;14.4
32131;14.4
32132;14.4
32133;14.4
32134;14.4
32135;14.4
32136;14.4
32137;14.4
32138;14.4
32139;14.4
32140;14.4
32141;14.4
32142;14.4
32143;14.4
32144;14.4
32145;14.4
32146;14.4
32147;14.4
32148;14.4
32149;14.4
32150;14.4
32151;14.4
32152;14.4
32153;14.4
32154;14.4
32155;14.4
32156;14.4
32157;14.4
32158;14.4
32159;14.4
32160;14.4
32161;14.4
32162;14.4
32163;14.4
32164;14.4
32165;14.4
32166;14.4
32167;14.4
32168;14.4
32169;14.4
32170;14.4
32171;14.4
32172;14.4
32173;14.4
32174;14.4
32175;14.4
32176;14.4
32177;14.4
32178;14.4
32179;14.4
32180;14.4
32181;14.4
32182;14.4
32183;14.4
32184;13.994562
32185;13.589124
32186;13.183686
32187;12.778248
32188;12.0847981
32189;11.3913483
32190;10.6978984
32191;10.0044485
32192;9.66970801
32193;9.33496756
32194;9.00022711
32195;8.66548666
32196;9.74713472
32197;10.8287828
32198;11.9104308
32199;12.9920789
32200;13.5327419
32201;14.073405
32202;14.4
32203;14.4
32204;14.4
32205;14.4
32206;14.4
32207;14.4
32208;14.4
32209;14.4
32210;14.4
32211;14.4
32212;14.4
32213;14.4
32214;14.4
32215;14.4
32216;14.4
32217;14.4
32218;14.4
32219;14.4
32220;14.4
32221;14.4
32222;14.4
32223;14.4
32224;14.4
32225;14.4
32226;14.4
32227;14.4
32228;14.4
32229;14.4
32230;14.4
32231;14.4
32232;14.4
32233;14.4
32234;14.4
32235;14.4
32236;14.4
32237;14.4
32238;14.4
32239;14.4
32240;14.4
32241;14.4
32242;14.4
32243;14.4
32244;14.4
32245;14.4
32246;14.4
32247;14.4
32248;14.4
32249;14.4
32250;14.4
32251;14.4
32252;14.4
32253;14.4
32254;14.4
32255;14.4
32256;14.4
32257;14.4
32258;14.4
32259;14.4
32260;14.4
32261;14.4
32262;14.4
32263;14.4
32264;14.4
32265;14.4
32266;14.4
32267;14.4
32268;14.4
32269;14.4
32270;14.4
32271;14.4
32272;14.4
32273;14.4
32274;14.4
32275;14.4
32276;14.4
32277;14.4
32278;14.4
32279;14.4
32280;14.4
32281;14.4
32282;14.4
32283;14.4
32284;14.4
32285;14.4
32286;14.4
32287;14.4
32288;14.4
32289;14.4
32290;14.4
32291;14.4
32292;14.4
32293;14.4
32294;14.4
32295;14.4
32296;14.4
32297;14.4
32298;14.4
32299;14.4
32300;14.4
32301;14.4
32302;14.4
32303;14.4
32304;14.4
32305;14.4
32306;14.4
32307;14.4
32308;14.4
32309;14.4
32310;14.4
32311;14.4
32312;14.4
32313;14.4
32314;14.4
32315;14.4
32316;14.4
32317;14.4
32318;14.4
32319;14.4
32320;14.4
32321;14.4
32322;14.4
32323;14.4
32324;14.4
32325;14.4
32326;14.4
32327;14.4
32328;14.4
32329;14.4
32330;14.4
32331;14.4
32332;14.4
32333;14.4
32334;14.4
32335;14.4
32336;14.4
32337;14.4
32338;14.4
32339;14.4
32340;14.4
32341;14.4
32342;14.4
32343;14.4
32344;14.4
32345;14.4
32346;14.4
32347;14.4
32348;14.4
32349;14.4
32350;14.4
32351;14.4
32352;14.4
32353;14.4
32354;14.4
32355;14.4
32356;14.4
32357;14.4
32358;14.4
32359;14.4
32360;14.4
32361;14.4
32362;14.4
32363;14.4
32364;14.4
32365;14.4
32366;14.4
32367;14.4
32368;14.4
32369;14.4
32370;14.4
32371;14.4
32372;14.4
32373;14.4
32374;14.4
32375;14.4
32376;14.1385245
32377;13.877049
32378;13.6155736
32379;13.3540981
32380;13.1327086
32381;12.9113192
32382;12.6899298
32383;12.4685404
32384;12.5004664
32385;12.5323925
32386;12.5643185
32387;12.5962446
32388;13.6856067
32389;14.4
32390;14.4
32391;14.4
32392;14.4
32393;14.4
32394;14.4
32395;14.4
32396;14.4
32397;14.4
32398;14.4
32399;14.4
32400;14.4
32401;14.4
32402;14.4
32403;14.4
32404;14.4
32405;14.4
32406;14.4
32407;14.4
32408;14.4
32409;14.4
32410;14.4
32411;14.4
32412;14.4
32413;14.4
32414;14.4
32415;14.4
32416;14.4
32417;14.4
32418;14.4
32419;14.4
32420;14.4
32421;14.4
32422;14.4
32423;14.4
32424;14.4
32425;14.4
32426;14.4
32427;14.4
32428;14.4
32429;14.4
32430;14.4
32431;14.4
32432;14.4
32433;14.4
32434;14.4
32435;14.4
32436;14.4
32437;14.4
32438;14.4
32439;14.4
32440;14.4
32441;14.4
32442;14.4
32443;14.4
32444;14.4
32445;14.4
32446;14.4
32447;14.4
32448;14.4
32449;14.4
32450;14.4
32451;14.4
32452;14.4
32453;14.4
32454;14.4
32455;14.4
32456;14.4
32457;14.4
32458;14.4
32459;14.4
32460;14.4
32461;14.4
32462;14.4
32463;14.4
32464;14.4
32465;14.4
32466;14.4
32467;14.4
32468;14.4
32469;14.4
32470;14.4
32471;14.4
32472;14.4
32473;14.4
32474;14.4
32475;14.4
32476;14.4
32477;14.4
32478;14.4
32479;14.4
32480;14.4
32481;14.4
32482;14.4
32483;14.4
32484;14.4
32485;14.4
32486;14.4
32487;14.4
32488;14.4
32489;14.4
32490;14.4
32491;14.4
32492;14.4
32493;14.4
32494;14.4
32495;14.4
32496;14.4
32497;14.4
32498;14.4
32499;14.4
32500;14.4
32501;14.4
32502;14.4
32503;14.4
32504;14.4
32505;14.4
32506;14.4
32507;14.4
32508;14.4
32509;14.4
32510;14.4
32511;14.4
32512;14.4
32513;14.4
32514;14.4
32515;14.4
32516;14.4
32517;14.4
32518;14.4
32519;14.4
32520;14.4
32521;14.4
32522;14.4
32523;14.4
32524;14.4
32525;14.4
32526;14.4
32527;14.4
32528;14.4
32529;14.4
32530;14.4
32531;14.4
32532;14.4
32533;14.4
32534;14.4
32535;14.4
32536;14.4
32537;14.4
32538;14.4
32539;14.4
32540;14.4
32541;14.4
32542;14.4
32543;14.4
32544;14.4
32545;14.4
32546;14.4
32547;14.4
32548;14.4
32549;14.4
32550;14.4
32551;14.4
32552;14.4
32553;14.4
32554;14.4
32555;14.4
32556;14.4
32557;14.4
32558;14.4
32559;14.4
32560;14.4
32561;14.4
32562;14.4
32563;14.4
32564;14.4
32565;14.4
32566;14.4
32567;14.4
32568;14.4
32569;14.4
32570;14.4
32571;14.4
32572;14.4
32573;14.4
32574;14.4
32575;14.4
32576;14.4
32577;14.4
32578;14.4
32579;14.4
32580;14.4
32581;14.4
32582;14.4
32583;14.4
32584;14.4
32585;14.4
32586;14.4
32587;14.4
32588;14.4
32589;14.4
32590;14.4
32591;14.4
32592;14.4
32593;14.4
32594;14.4
32595;14.4
32596;14.4
32597;14.4
32598;14.4
32599;14.4
32600;14.4
32601;14.4
32602;14.4
32603;14.4
32604;14.4
32605;14.4
32606;14.4
32607;14.4
32608;14.4
32609;14.4
32610;14.4
32611;14.4
32612;14.4
32613;14.4
32614;14.4
32615;14.4
32616;14.4
32617;14.4
32618;14.4
32619;14.4
32620;14.4
32621;14.4
32622;14.4
32623;14.4
32624;14.4
32625;14.4
32626;14.4
32627;14.4
32628;14.4
32629;14.4
32630;14.4
32631;14.4
32632;14.4
32633;14.4
32634;14.4
32635;14.4
32636;14.4
32637;14.4
32638;14.4
32639;14.4
32640;14.4
32641;14.4
32642;14.4
32643;14.4
32644;14.4
32645;14.4
32646;14.4
32647;14.4
32648;14.4
32649;14.4
32650;14.4
32651;14.4
32652;14.4
32653;14.4
32654;14.4
32655;14.4
32656;14.4
32657;14.4
32658;14.4
32659;14.4
32660;14.4
32661;14.4
32662;14.4
32663;14.4
32664;14.4
32665;14.4
32666;14.4
32667;14.4
32668;14.4
32669;14.4
32670;14.4
32671;14.4
32672;14.4
32673;14.4
32674;14.4
32675;14.4
32676;14.4
32677;14.4
32678;14.4
32679;14.4
32680;14.4
32681;14.4
32682;14.4
32683;14.4
32684;14.4
32685;14.4
32686;14.4
32687;14.4
32688;14.4
32689;14.4
32690;14.4
32691;14.4
32692;14.4
32693;14.4
32694;14.4
32695;14.4
32696;14.4
32697;14.4
32698;14.4
32699;14.4
32700;14.4
32701;14.4
32702;14.4
32703;14.4
32704;14.4
32705;14.4
32706;14.4
32707;14.4
32708;14.4
32709;14.4
32710;14.4
32711;14.4
32712;14.4
32713;14.4
32714;14.4
32715;14.4
32716;14.4
32717;14.4
32718;14.4
32719;14.4
32720;14.4
32721;14.4
32722;14.4
32723;14.4
32724;14.4
32725;14.4
32726;14.4
32727;14.4
32728;14.4
32729;14.4
32730;14.4
32731;14.4
32732;14.4
32733;14.4
32734;14.4
32735;14.4
32736;14.4
32737;14.4
32738;14.4
32739;14.4
32740;14.4
32741;14.4
32742;14.4
32743;14.4
32744;14.4
32745;14.4
32746;14.4
32747;14.4
32748;14.4
32749;14.4
32750;14.4
32751;14.4
32752;14.4
32753;14.4
32754;14.4
32755;14.4
32756;14.4
32757;14.4
32758;14.4
32759;14.4
32760;13.8365874
32761;13.2731748
32762;12.7097622
32763;12.1463496
32764;11.2374472
32765;10.3285449
32766;9.41964256
32767;8.51074023
32768;7.57873847
32769;6.64673672
32770;5.71473497
32771;4.78273321
32772;4.50560015
32773;4.22846709
32774;3.95133403
32775;3.67420097
32776;3.87274176
32777;4.07128255
32778;4.26982333
32779;4.46836412
32780;4.40462468
32781;4.34088523
32782;4.27714579
32783;4.21340635
32784;4.88554265
32785;5.55767896
32786;6.22981526
32787;6.90195156
32788;7.2387871
32789;7.57562264
32790;7.91245818
32791;8.24929372
32792;8.74464643
32793;9.23999914
32794;9.73535186
32795;10.2307046
32796;10.2758898
32797;10.3210751
32798;10.3662603
32799;10.4114455
32800;10.4251577
32801;10.4388698
32802;10.4525819
32803;10.466294
32804;10.8761017
32805;11.2859094
32806;11.6957171
32807;12.1055248
32808;12.4457088
32809;12.7858929
32810;13.1260769
32811;13.4662609
32812;13.9474778
32813;14.4
32814;14.4
32815;14.4
32816;14.4
32817;14.4
32818;14.4
32819;14.4
32820;14.4
32821;14.4
32822;14.4
32823;14.4
32824;14.4
32825;14.4
32826;14.4
32827;14.4
32828;14.4
32829;14.4
32830;14.4
32831;14.4
32832;14.4
32833;14.4
32834;14.4
32835;14.4
32836;14.4
32837;14.4
32838;14.4
32839;14.4
32840;14.4
32841;14.4
32842;14.4
32843;14.4
32844;14.4
32845;14.4
32846;14.4
32847;14.4
32848;14.4
32849;14.4
32850;14.4
32851;14.4
32852;14.4
32853;14.4
32854;14.4
32855;14.4
32856;14.4
32857;14.4
32858;14.4
32859;14.4
32860;14.4
32861;14.4
32862;14.4
32863;14.4
32864;14.4
32865;14.4
32866;14.4
32867;14.4
32868;14.4
32869;14.4
32870;14.4
32871;14.4
32872;14.4
32873;14.4
32874;14.4
32875;14.4
32876;14.4
32877;14.4
32878;14.4
32879;14.4
32880;14.4
32881;14.4
32882;14.4
32883;14.4
32884;14.4
32885;14.4
32886;14.4
32887;14.4
32888;14.4
32889;14.4
32890;14.4
32891;14.4
32892;14.4
32893;14.4
32894;14.4
32895;14.4
32896;14.4
32897;14.4
32898;14.4
32899;14.4
32900;14.4
32901;14.4
32902;14.4
32903;14.4
32904;14.4
32905;14.4
32906;14.4
32907;14.4
32908;14.4
32909;14.4
32910;14.4
32911;14.4
32912;14.4
32913;14.4
32914;14.4
32915;14.4
32916;14.4
32917;14.4
32918;14.4
32919;14.4
32920;14.4
32921;14.4
32922;14.4
32923;14.4
32924;14.4
32925;14.4
32926;14.4
32927;14.4
32928;14.4
32929;14.4
32930;14.4
32931;14.4
32932;14.4
32933;14.4
32934;14.4
32935;14.4
32936;14.4
32937;14.4
32938;14.4
32939;14.4
32940;14.4
32941;14.4
32942;14.4
32943;14.4
32944;14.4
32945;14.4
32946;14.4
32947;14.4
32948;14.4
32949;14.4
32950;14.4
32951;14.4
32952;14.0486089
32953;13.6972178
32954;13.3458267
32955;12.9944357
32956;12.3261773
32957;11.657919
32958;10.9896607
32959;10.3214023
32960;9.67607576
32961;9.0307492
32962;8.38542263
32963;7.74009606
32964;7.39969189
32965;7.05928772
32966;6.71888355
32967;6.37847937
32968;5.97627459
32969;5.57406981
32970;5.17186503
32971;4.76966025
32972;4.33318975
32973;3.89671924
32974;3.46024873
32975;3.02377823
32976;2.77957877
32977;2.53537931
32978;2.29117985
32979;2.0469804
32980;1.96807713
32981;1.88917386
32982;1.81027059
32983;1.73136732
32984;1.6
32985;1.6
32986;1.6
32987;1.6
32988;1.72769159
32989;1.85538318
32990;1.98307477
32991;2.11076636
32992;1.87080999
32993;1.63085362
32994;1.6
32995;1.6
32996;1.6
32997;1.6
32998;1.6
32999;1.6
33000;1.6
33001;1.6
33002;1.6
33003;1.6
33004;1.6
33005;1.6
33006;1.6
33007;1.6
33008;1.63257244
33009;1.66514489
33010;1.69771733
33011;1.73028978
33012;1.74998313
33013;1.76967648
33014;1.78936983
33015;1.80906317
33016;3.20406317
33017;4.59906317
33018;5.99406317
33019;7.38906317
33020;8.06811667
33021;8.74717017
33022;9.42622367
33023;10.1052772
33024;10.5249419
33025;10.9446065
33026;11.3642712
33027;11.7839359
33028;11.7839359
33029;11.7839359
33030;11.7839359
33031;11.7839359
33032;11.7839359
33033;11.7839359
33034;11.7839359
33035;11.7839359
33036;11.7839359
33037;11.7839359
33038;11.797697
33039;11.8676854
33040;11.8676854
33041;11.8676854
33042;11.8676854
33043;11.8676854
33044;11.8676854
33045;11.8676854
33046;11.8676854
33047;11.8676854
33048;11.8676854
33049;11.8676854
33050;11.8676854
33051;11.8676854
33052;11.8676854
33053;11.8676854
33054;11.8676854
33055;11.8676854
33056;11.8676854
33057;11.8676854
33058;11.8676854
33059;11.8676854
33060;11.8676854
33061;11.8676854
33062;11.8676854
33063;11.8676854
33064;11.8676854
33065;11.8676854
33066;11.8676854
33067;11.8676854
33068;11.8676854
33069;11.8676854
33070;11.8676854
33071;11.8676854
33072;11.8676854
33073;11.8676854
33074;11.8676854
33075;11.8676854
33076;11.8676854
33077;11.8676854
33078;11.8676854
33079;11.8676854
33080;11.8676854
33081;11.8676854
33082;11.8676854
33083;11.8676854
33084;11.8676854
33085;11.8676854
33086;11.8676854
33087;11.8676854
33088;11.8676854
33089;11.8676854
33090;11.8676854
33091;11.8676854
33092;11.8676854
33093;11.8676854
33094;11.8676854
33095;11.8676854
33096;11.8676854
33097;11.8676854
33098;11.8676854
33099;11.8676854
33100;11.8676854
33101;11.8676854
33102;11.8676854
33103;11.8676854
33104;11.8676854
33105;11.8676854
33106;11.8676854
33107;11.8676854
33108;11.8676854
33109;11.8676854
33110;11.8676854
33111;11.8676854
33112;11.8676854
33113;11.8676854
33114;11.8676854
33115;11.8676854
33116;11.8676854
33117;11.8676854
33118;11.8676854
33119;11.8676854
33120;11.8676854
33121;11.8676854
33122;11.8676854
33123;11.8676854
33124;11.788504
33125;11.7093227
33126;11.6301413
33127;11.5509599
33128;11.4864253
33129;11.4218908
33130;11.3573562
33131;11.2928217
33132;11.2482615
33133;11.2037014
33134;11.1591413
33135;11.1145811
33136;11.1657212
33137;11.2168613
33138;11.2680014
33139;11.3191414
33140;11.5853084
33141;11.8514754
33142;12.1176423
33143;12.3838093
33144;12.6688597
33145;12.9539102
33146;13.2389606
33147;13.524011
33148;13.8469116
33149;14.1698122
33150;14.4
33151;14.4
33152;14.4
33153;14.4
33154;14.4
33155;14.4
33156;14.4
33157;14.4
33158;14.4
33159;14.4
33160;14.4
33161;14.4
33162;14.4
33163;14.4
33164;14.4
33165;14.4
33166;14.4
33167;14.4
33168;14.4
33169;14.4
33170;14.4
33171;14.4
33172;14.4
33173;14.4
33174;14.4
33175;14.4
33176;14.4
33177;14.4
33178;14.4
33179;14.4
33180;14.4
33181;14.4
33182;14.4
33183;14.4
33184;14.4
33185;14.4
33186;14.4
33187;14.4
33188;14.4
33189;14.4
33190;14.4
33191;14.4
33192;14.4
33193;14.4
33194;14.4
33195;14.4
33196;14.4
33197;14.4
33198;14.4
33199;14.4
33200;14.4
33201;14.4
33202;14.4
33203;14.4
33204;14.4
33205;14.4
33206;14.4
33207;14.4
33208;14.4
33209;14.4
33210;14.4
33211;14.4
33212;14.4
33213;14.4
33214;14.4
33215;14.4
33216;14.4
33217;14.4
33218;14.4
33219;14.4
33220;14.4
33221;14.4
33222;14.4
33223;14.4
33224;14.4
33225;14.4
33226;14.4
33227;14.4
33228;14.4
33229;14.4
33230;14.4
33231;14.4
33232;14.4
33233;14.4
33234;14.4
33235;14.4
33236;14.4
33237;14.4
33238;14.4
33239;14.4
33240;14.4
33241;14.4
33242;14.4
33243;14.4
33244;14.4
33245;14.4
33246;14.4
33247;14.4
33248;14.4
33249;14.4
33250;14.4
33251;14.4
33252;14.4
33253;14.4
33254;14.4
33255;14.4
33256;14.4
33257;14.4
33258;14.4
33259;14.4
33260;14.4
33261;14.4
33262;14.4
33263;14.4
33264;14.4
33265;14.4
33266;14.4
33267;14.4
33268;14.4
33269;14.4
33270;14.4
33271;14.4
33272;14.4
33273;14.4
33274;14.4
33275;14.4
33276;14.4
33277;14.4
33278;14.4
33279;14.4
33280;14.4
33281;14.4
33282;14.4
33283;14.4
33284;14.4
33285;14.4
33286;14.4
33287;14.4
33288;14.4
33289;14.4
33290;14.4
33291;14.4
33292;14.4
33293;14.4
33294;14.4
33295;14.4
33296;14.4
33297;14.4
33298;14.4
33299;14.4
33300;14.4
33301;14.4
33302;14.4
33303;14.4
33304;14.4
33305;14.4
33306;14.4
33307;14.4
33308;14.4
33309;14.4
33310;14.4
33311;14.4
33312;14.4
33313;14.4
33314;14.4
33315;14.4
33316;14.3161678
33317;14.2323357
33318;14.1485035
33319;14.0646714
33320;14.0365629
33321;14.0084544
33322;13.9803459
33323;13.9522374
33324;13.9070736
33325;13.8619098
33326;13.816746
33327;13.7715822
33328;13.6298413
33329;13.4881005
33330;13.3463596
33331;13.2046188
33332;13.0159387
33333;12.8272587
33334;12.6385787
33335;12.4498987
33336;12.0647842
33337;11.6796696
33338;11.2945551
33339;10.9094405
33340;10.3150529
33341;9.72066521
33342;9.12627754
33343;8.53188987
33344;7.8544217
33345;7.17695352
33346;6.49948535
33347;5.82201718
33348;5.13563321
33349;4.44924923
33350;3.76286525
33351;3.07648127
33352;2.3273659
33353;1.6
33354;1.6
33355;1.6
33356;1.6
33357;1.6
33358;1.6
33359;1.6
33360;1.6
33361;1.6
33362;1.6
33363;1.6
33364;1.6
33365;1.6
33366;1.6
33367;1.6
33368;1.6
33369;1.6
33370;1.6
33371;1.6
33372;1.6
33373;1.6
33374;1.6
33375;1.6
33376;1.6
33377;1.6
33378;1.6
33379;1.6
33380;1.6
33381;1.6
33382;1.6
33383;1.6
33384;1.6
33385;1.6
33386;1.6
33387;1.6
33388;1.6
33389;1.6
33390;1.6
33391;1.6
33392;1.6
33393;1.6
33394;1.6
33395;1.6
33396;1.6
33397;1.6
33398;1.6
33399;1.6
33400;2.42755757
33401;3.25511513
33402;4.0826727
33403;4.91023027
33404;4.9425455
33405;4.97486073
33406;5.00717597
33407;5.0394912
33408;4.87872757
33409;4.71796394
33410;4.5572003
33411;4.39643667
33412;4.39643667
33413;4.39643667
33414;4.33554482
33415;4.20945302
33416;4.12941535
33417;4.04937768
33418;3.96934001
33419;3.88930234
33420;3.84714621
33421;3.80499008
33422;3.76283396
33423;3.72067783
33424;3.69900253
33425;3.67732723
33426;3.65565193
33427;3.63397663
33428;3.43178676
33429;3.2295969
33430;3.02740703
33431;2.82521717
33432;2.20934028
33433;1.6
33434;1.6
33435;1.6
33436;1.6
33437;1.6
33438;1.6
33439;1.6
33440;1.6
33441;1.6
33442;1.6
33443;1.6
33444;1.6
33445;1.6
33446;1.6
33447;1.6
33448;1.6
33449;1.6
33450;1.6
33451;1.6
33452;1.6
33453;1.6
33454;1.6
33455;1.6
33456;1.6
33457;1.6
33458;1.6
33459;1.6
33460;1.6
33461;1.6
33462;1.6
33463;1.6
33464;1.6
33465;1.6
33466;1.6
33467;1.6
33468;1.6
33469;1.6
33470;1.6
33471;1.6
33472;1.6
33473;1.6
33474;1.6
33475;1.6
33476;1.6
33477;1.6
33478;1.6
33479;1.6
33480;1.6
33481;1.6
33482;1.6
33483;1.6
33484;1.6
33485;1.6
33486;1.6
33487;1.6
33488;1.6
33489;1.6
33490;1.6
33491;1.6
33492;1.6
33493;1.6
33494;1.6
33495;1.6
33496;1.6
33497;1.6
33498;1.6
33499;1.6
33500;1.6
33501;1.6
33502;1.6
33503;1.6
33504;1.6
33505;1.6
33506;1.6
33507;1.6
33508;1.6
33509;1.6
33510;1.6
33511;1.6
33512;1.6
33513;1.6
33514;1.6
33515;1.6
33516;1.6
33517;1.6
33518;1.6
33519;1.6
33520;1.6
33521;1.6
33522;1.6
33523;1.6
33524;1.6
33525;1.6
33526;1.6
33527;1.6
33528;1.6
33529;1.6
33530;1.6
33531;1.6
33532;1.6
33533;1.6
33534;1.6
33535;1.6
33536;1.6
33537;1.6
33538;1.6
33539;1.6
33540;1.6
33541;1.6
33542;1.6
33543;1.6
33544;1.6
33545;1.6
33546;1.6
33547;1.6
33548;1.6
33549;1.6
33550;1.6
33551;1.6
33552;1.6
33553;1.6
33554;1.6
33555;1.6
33556;1.6
33557;1.6
33558;1.6
33559;1.6
33560;1.6
33561;1.6
33562;1.6
33563;1.6
33564;1.6
33565;1.6
33566;1.6
33567;1.6
33568;1.6
33569;1.6
33570;1.6
33571;1.6
33572;1.6
33573;1.6
33574;1.6
33575;1.6
33576;1.6
33577;1.6
33578;1.6
33579;1.6
33580;1.6
33581;1.6
33582;1.6
33583;1.6
33584;1.6
33585;1.6
33586;1.6
33587;1.6
33588;1.6
33589;1.6
33590;1.6
33591;1.6
33592;2.87125696
33593;4.14251391
33594;5.41377087
33595;6.68502783
33596;7.29441456
33597;7.9038013
33598;8.51318803
33599;9.12257477
33600;9.32579724
33601;9.52901971
33602;9.73224218
33603;9.93546465
33604;9.8548402
33605;9.77421575
33606;9.69359129
33607;9.61296684
33608;9.56725486
33609;9.52154287
33610;9.47583088
33611;9.43011889
33612;9.35263933
33613;9.27515977
33614;9.19768021
33615;9.12020065
33616;9.06099097
33617;9.00178128
33618;8.94257159
33619;8.8833619
33620;8.74641194
33621;8.60946198
33622;8.47251202
33623;8.33556206
33624;7.93579588
33625;7.5360297
33626;7.13626352
33627;6.73649734
33628;6.01776935
33629;5.29904136
33630;4.58031337
33631;3.86158539
33632;3.17660765
33633;2.49162992
33634;1.80665218
33635;1.6
33636;1.6
33637;1.6
33638;1.6
33639;1.6
33640;1.6
33641;1.6
33642;1.6
33643;1.6
33644;1.6
33645;1.6
33646;1.6
33647;1.6
33648;1.6
33649;1.6
33650;1.6
33651;1.6
33652;1.6
33653;1.6
33654;1.6
33655;1.6
33656;1.6
33657;1.6
33658;1.6
33659;1.6
33660;1.6
33661;1.6
33662;1.6
33663;1.6
33664;1.6
33665;1.6
33666;1.6
33667;1.6
33668;1.6
33669;1.6
33670;1.6
33671;1.6
33672;1.6
33673;1.6
33674;1.6
33675;1.6
33676;1.6
33677;1.6
33678;1.6
33679;1.6
33680;1.6
33681;1.6
33682;1.6
33683;1.6
33684;1.6
33685;1.6
33686;1.6
33687;1.6
33688;1.6
33689;1.6
33690;1.6
33691;1.6
33692;1.6
33693;1.6
33694;1.6
33695;1.6
33696;1.6
33697;1.6
33698;1.6
33699;1.6
33700;2.24327931
33701;2.88655862
33702;3.52983793
33703;4.17311724
33704;4.49764345
33705;4.82216967
33706;5.14669588
33707;5.47122209
33708;5.55790346
33709;5.64458483
33710;5.73126621
33711;5.81794758
33712;5.78555359
33713;5.7531596
33714;5.72076561
33715;5.68837162
33716;5.58829727
33717;5.48822291
33718;5.38814856
33719;5.28807421
33720;4.9681574
33721;4.64824059
33722;4.32832379
33723;4.00840698
33724;3.55775267
33725;3.10709836
33726;2.65644405
33727;2.20578974
33728;1.69212663
33729;1.6
33730;1.6
33731;1.6
33732;1.6
33733;1.6
33734;1.6
33735;1.6
33736;1.6
33737;1.6
33738;1.6
33739;1.6
33740;1.60867038
33741;1.61734077
33742;1.62601115
33743;1.63468154
33744;1.74062907
33745;1.8465766
33746;1.95252414
33747;2.05847167
33748;2.82891535
33749;3.59935903
33750;4.3698027
33751;5.14024638
33752;6.00192781
33753;6.86360924
33754;7.72529067
33755;8.5869721
33756;9.38291966
33757;10.1788672
33758;10.9748148
33759;11.7707623
33760;11.9406596
33761;12.1105569
33762;12.2804542
33763;12.4503515
33764;12.4625286
33765;12.4747057
33766;12.4868827
33767;12.4990598
33768;12.6915655
33769;12.8840711
33770;13.0765767
33771;13.2690824
33772;13.5728402
33773;13.876598
33774;14.1803557
33775;14.4
33776;14.4
33777;14.4
33778;14.4
33779;14.4
33780;14.4
33781;14.4
33782;14.4
33783;14.4
33784;14.4
33785;14.4
33786;14.4
33787;14.4
33788;14.4
33789;14.4
33790;14.4
33791;14.4
33792;14.2804179
33793;14.1608359
33794;14.0412538
33795;13.9216717
33796;13.9216717
33797;13.9216717
33798;13.9216717
33799;13.9216717
33800;13.9216717
33801;13.9216717
33802;13.9216717
33803;13.9216717
33804;13.9216717
33805;13.9216717
33806;13.9216717
33807;13.9216717
33808;13.9216717
33809;13.9216717
33810;13.9216717
33811;13.9216717
33812;13.9216717
33813;13.9216717
33814;13.9216717
33815;13.9216717
33816;14.1938685
33817;14.4
33818;14.4
33819;14.4
33820;14.4
33821;14.4
33822;14.4
33823;14.4
33824;14.4
33825;14.4
33826;14.4
33827;14.4
33828;14.4
33829;14.4
33830;14.4
33831;14.4
33832;14.4
33833;14.4
33834;14.4
33835;14.4
33836;14.4
33837;14.4
33838;14.4
33839;14.4
33840;14.4
33841;14.4
33842;14.4
33843;14.4
33844;14.4
33845;14.4
33846;14.4
33847;14.4
33848;14.4
33849;14.4
33850;14.4
33851;14.4
33852;14.4
33853;14.4
33854;14.4
33855;14.4
33856;14.4
33857;14.4
33858;14.4
33859;14.4
33860;14.4
33861;14.4
33862;14.4
33863;14.4
33864;14.4
33865;14.4
33866;14.4
33867;14.4
33868;14.4
33869;14.4
33870;14.4
33871;14.4
33872;14.4
33873;14.4
33874;14.4
33875;14.4
33876;14.4
33877;14.4
33878;14.4
33879;14.4
33880;14.4
33881;14.4
33882;14.4
33883;14.4
33884;14.4
33885;14.4
33886;14.4
33887;14.4
33888;14.4
33889;14.4
33890;14.4
33891;14.4
33892;14.4
33893;14.4
33894;14.4
33895;14.4
33896;14.4
33897;14.4
33898;14.4
33899;14.4
33900;14.4
33901;14.4
33902;14.4
33903;14.4
33904;14.4
33905;14.4
33906;14.4
33907;14.4
33908;14.4
33909;14.4
33910;14.4
33911;14.4
33912;14.4
33913;14.4
33914;14.4
33915;14.4
33916;14.4
33917;14.4
33918;14.4
33919;14.4
33920;14.4
33921;14.4
33922;14.4
33923;14.4
33924;14.4
33925;14.4
33926;14.4
33927;14.4
33928;14.4
33929;14.4
33930;14.4
33931;14.4
33932;14.4
33933;14.4
33934;14.4
33935;14.4
33936;14.4
33937;14.4
33938;14.4
33939;14.4
33940;14.4
33941;14.4
33942;14.4
33943;14.4
33944;14.4
33945;14.4
33946;14.4
33947;14.4
33948;14.4
33949;14.4
33950;14.4
33951;14.4
33952;14.4
33953;14.4
33954;14.4
33955;14.4
33956;14.4
33957;14.4
33958;14.4
33959;14.4
33960;14.4
33961;14.4
33962;14.4
33963;14.4
33964;14.4
33965;14.4
33966;14.4
33967;14.4
33968;14.4
33969;14.4
33970;14.4
33971;14.4
33972;14.2391628
33973;14.0783257
33974;13.9174885
33975;13.7566514
33976;14.4
33977;14.4
33978;14.4
33979;14.4
33980;14.4
33981;14.4
33982;14.4
33983;14.4
33984;14.4
33985;14.4
33986;14.4
33987;14.4
33988;14.4
33989;14.4
33990;14.4
33991;14.4
33992;14.4
33993;14.4
33994;14.4
33995;14.4
33996;14.4
33997;14.4
33998;14.4
33999;14.4
34000;14.4
34001;14.4
34002;14.4
34003;14.4
34004;14.4
34005;14.4
34006;14.4
34007;14.4
34008;14.4
34009;14.4
34010;14.4
34011;14.4
34012;14.4
34013;14.4
34014;14.4
34015;14.4
34016;14.4
34017;14.4
34018;14.4
34019;14.4
34020;14.4
34021;14.4
34022;14.4
34023;14.4
34024;14.4
34025;14.4
34026;14.4
34027;14.4
34028;14.4
34029;14.4
34030;14.4
34031;14.4
34032;14.4
34033;14.4
34034;14.4
34035;14.4
34036;14.4
34037;14.4
34038;14.4
34039;14.4
34040;14.4
34041;14.4
34042;14.4
34043;14.4
34044;14.4
34045;14.4
34046;14.4
34047;14.4
34048;14.4
34049;14.4
34050;14.4
34051;14.4
34052;14.4
34053;14.4
34054;14.4
34055;14.4
34056;14.4
34057;14.4
34058;14.4
34059;14.4
34060;14.4
34061;14.4
34062;14.4
34063;14.4
34064;14.4
34065;14.4
34066;14.4
34067;14.4
34068;14.4
34069;14.4
34070;14.4
34071;14.4
34072;14.4
34073;14.4
34074;14.4
34075;14.4
34076;14.4
34077;14.4
34078;14.4
34079;14.4
34080;14.4
34081;14.4
34082;14.4
34083;14.4
34084;14.4
34085;14.4
34086;14.4
34087;14.4
34088;14.4
34089;14.4
34090;14.4
34091;14.4
34092;14.4
34093;14.4
34094;14.4
34095;14.4
34096;14.4
34097;14.4
34098;14.4
34099;14.4
34100;14.4
34101;14.4
34102;14.4
34103;14.4
34104;13.8729433
34105;13.3458865
34106;12.8188298
34107;12.291773
34108;11.870043
34109;11.448313
34110;11.026583
34111;10.6048529
34112;10.5701656
34113;10.5354782
34114;10.5007908
34115;10.4661034
34116;10.8178072
34117;11.1695109
34118;11.5212147
34119;11.8729184
34120;12.4068956
34121;12.9408729
34122;13.4748501
34123;14.0088274
34124;14.4
34125;14.4
34126;14.4
34127;14.4
34128;14.4
34129;14.4
34130;14.4
34131;14.4
34132;14.4
34133;14.4
34134;14.4
34135;14.4
34136;14.4
34137;14.4
34138;14.4
34139;14.4
34140;14.4
34141;14.4
34142;14.4
34143;14.4
34144;14.4
34145;14.4
34146;14.4
34147;14.4
34148;14.4
34149;14.4
34150;14.4
34151;14.4
34152;14.4
34153;14.4
34154;14.4
34155;14.4
34156;14.4
34157;14.4
34158;14.4
34159;14.4
34160;14.4
34161;14.4
34162;14.4
34163;14.4
34164;14.4
34165;14.4
34166;14.4
34167;14.4
34168;14.4
34169;14.4
34170;14.4
34171;14.4
34172;14.4
34173;14.4
34174;14.4
34175;14.4
34176;14.4
34177;14.4
34178;14.4
34179;14.4
34180;14.4
34181;14.4
34182;14.4
34183;14.4
34184;14.4
34185;14.4
34186;14.4
34187;14.4
34188;14.4
34189;14.4
34190;14.4
34191;14.4
34192;14.4
34193;14.4
34194;14.4
34195;14.4
34196;14.4
34197;14.4
34198;14.4
34199;14.4
34200;14.4
34201;14.4
34202;14.4
34203;14.4
34204;14.4
34205;14.4
34206;14.4
34207;14.4
34208;14.4
34209;14.4
34210;14.4
34211;14.4
34212;14.4
34213;14.4
34214;14.4
34215;14.4
34216;14.4
34217;14.4
34218;14.4
34219;14.4
34220;14.4
34221;14.4
34222;14.4
34223;14.4
34224;14.4
34225;14.4
34226;14.4
34227;14.4
34228;14.4
34229;14.4
34230;14.4
34231;14.4
34232;14.4
34233;14.4
34234;14.4
34235;14.4
34236;14.4
34237;14.4
34238;14.4
34239;14.4
34240;14.4
34241;14.4
34242;14.4
34243;14.4
34244;14.4
34245;14.4
34246;14.4
34247;14.4
34248;14.4
34249;14.4
34250;14.4
34251;14.4
34252;14.4
34253;14.4
34254;14.4
34255;14.4
34256;14.4
34257;14.4
34258;14.4
34259;14.4
34260;14.4
34261;14.4
34262;14.4
34263;14.4
34264;14.4
34265;14.4
34266;14.4
34267;14.4
34268;14.4
34269;14.4
34270;14.4
34271;14.4
34272;14.4
34273;14.4
34274;14.4
34275;14.4
34276;14.4
34277;14.4
34278;14.4
34279;14.4
34280;14.4
34281;14.4
34282;14.4
34283;14.4
34284;14.4
34285;14.4
34286;14.4
34287;14.4
34288;14.4
34289;14.4
34290;14.4
34291;14.4
34292;14.4
34293;14.4
34294;14.4
34295;14.4
34296;14.0499535
34297;13.6999071
34298;13.3498606
34299;12.9998141
34300;12.3324518
34301;11.6650895
34302;10.9977272
34303;10.3303649
34304;9.68598179
34305;9.04159865
34306;8.39721551
34307;7.75283237
34308;7.23789004
34309;6.72294771
34310;6.20800538
34311;5.69306305
34312;5.56044302
34313;5.42782298
34314;5.29520295
34315;5.16258292
34316;4.79965003
34317;4.43671714
34318;4.07378425
34319;3.71085136
34320;3.40289437
34321;3.09493739
34322;2.7869804
34323;2.47902341
34324;2.14821666
34325;1.8174099
34326;1.6
34327;1.6
34328;1.94823356
34329;2.29646713
34330;2.64470069
34331;2.99293425
34332;3.39419272
34333;3.79545119
34334;4.19670965
34335;4.59796812
34336;4.69568775
34337;4.79340739
34338;4.89112702
34339;4.98884666
34340;4.84162
34341;4.69439333
34342;4.54716667
34343;4.39994001
34344;4.29043294
34345;4.18092586
34346;4.07141878
34347;3.9619117
34348;3.87536841
34349;3.78882513
34350;3.70228184
34351;3.61573855
34352;3.64948912
34353;3.68323969
34354;3.71699026
34355;3.75074083
34356;3.77463246
34357;3.79852409
34358;3.82241572
34359;3.84630735
34360;5.24130735
34361;6.63630735
34362;8.03130735
34363;9.42630735
34364;10.299129
34365;11.1719506
34366;12.0447722
34367;12.9175938
34368;13.459448
34369;14.0013023
34370;14.4
34371;14.4
34372;14.4
34373;14.4
34374;14.4
34375;14.4
34376;14.4
34377;14.4
34378;14.4
34379;14.4
34380;14.4
34381;14.4
34382;14.4
34383;14.4
34384;14.4
34385;14.4
34386;14.4
34387;14.4
34388;14.4
34389;14.4
34390;14.4
34391;14.4
34392;14.4
34393;14.4
34394;14.4
34395;14.4
34396;14.4
34397;14.4
34398;14.4
34399;14.4
34400;14.4
34401;14.4
34402;14.4
34403;14.4
34404;14.4
34405;14.4
34406;14.4
34407;14.4
34408;14.4
34409;14.4
34410;14.4
34411;14.4
34412;14.4
34413;14.4
34414;14.4
34415;14.4
34416;14.4
34417;14.4
34418;14.4
34419;14.4
34420;14.4
34421;14.4
34422;14.4
34423;14.4
34424;14.4
34425;14.4
34426;14.4
34427;14.4
34428;14.4
34429;14.4
34430;14.4
34431;14.4
34432;14.4
34433;14.4
34434;14.4
34435;14.4
34436;14.4
34437;14.4
34438;14.4
34439;14.4
34440;14.4
34441;14.4
34442;14.4
34443;14.4
34444;14.4
34445;14.4
34446;14.4
34447;14.4
34448;14.4
34449;14.4
34450;14.4
34451;14.4
34452;14.4
34453;14.4
34454;14.4
34455;14.4
34456;14.4
34457;14.4
34458;14.4
34459;14.4
34460;14.4
34461;14.4
34462;14.4
34463;14.4
34464;14.4
34465;14.4
34466;14.4
34467;14.4
34468;14.3094495
34469;14.2188989
34470;14.1283484
34471;14.0377979
34472;13.9512194
34473;13.8646409
34474;13.7780624
34475;13.6914839
34476;13.6171018
34477;13.5427197
34478;13.4683377
34479;13.3939556
34480;13.4164992
34481;13.4390429
34482;13.4615865
34483;13.4841301
34484;13.7280857
34485;13.9720412
34486;14.2159967
34487;14.4
34488;14.4
34489;14.4
34490;14.4
34491;14.4
34492;14.4
34493;14.4
34494;14.4
34495;14.4
34496;14.4
34497;14.4
34498;14.4
34499;14.4
34500;14.4
34501;14.4
34502;14.4
34503;14.4
34504;14.4
34505;14.4
34506;14.4
34507;14.4
34508;14.4
34509;14.4
34510;14.4
34511;14.4
34512;14.4
34513;14.4
34514;14.4
34515;14.4
34516;14.4
34517;14.4
34518;14.4
34519;14.4
34520;14.4
34521;14.4
34522;14.4
34523;14.4
34524;14.4
34525;14.4
34526;14.4
34527;14.4
34528;14.4
34529;14.4
34530;14.4
34531;14.4
34532;14.4
34533;14.4
34534;14.4
34535;14.4
34536;14.4
34537;14.4
34538;14.4
34539;14.4
34540;14.4
34541;14.4
34542;14.4
34543;14.4
34544;14.4
34545;14.4
34546;14.4
34547;14.4
34548;14.4
34549;14.4
34550;14.4
34551;14.4
34552;14.4
34553;14.4
34554;14.4
34555;14.4
34556;14.4
34557;14.4
34558;14.4
34559;14.4
34560;14.4
34561;14.4
34562;14.4
34563;14.4
34564;14.4
34565;14.4
34566;14.4
34567;14.4
34568;14.4
34569;14.4
34570;14.4
34571;14.4
34572;14.4
34573;14.4
34574;14.4
34575;14.4
34576;14.4
34577;14.4
34578;14.4
34579;14.4
34580;14.4
34581;14.4
34582;14.4
34583;14.4
34584;14.4
34585;14.4
34586;14.4
34587;14.4
34588;14.4
34589;14.4
34590;14.4
34591;14.4
34592;14.4
34593;14.4
34594;14.4
34595;14.4
34596;14.4
34597;14.4
34598;14.4
34599;14.4
34600;14.4
34601;14.4
34602;14.4
34603;14.4
34604;14.4
34605;14.4
34606;14.4
34607;14.4
34608;14.4
34609;14.4
34610;14.4
34611;14.4
34612;14.4
34613;14.4
34614;14.4
34615;14.4
34616;14.4
34617;14.4
34618;14.4
34619;14.4
34620;14.4
34621;14.4
34622;14.4
34623;14.4
34624;14.4
34625;14.4
34626;14.4
34627;14.4
34628;14.4
34629;14.4
34630;14.4
34631;14.4
34632;14.4
34633;14.4
34634;14.4
34635;14.4
34636;14.4
34637;14.4
34638;14.4
34639;14.4
34640;14.4
34641;14.4
34642;14.4
34643;14.4
34644;14.4
34645;14.4
34646;14.4
34647;14.4
34648;14.4
34649;14.4
34650;14.4
34651;14.4
34652;14.4
34653;14.4
34654;14.4
34655;14.4
34656;14.4
34657;14.4
34658;14.4
34659;14.4
34660;14.3176897
34661;14.2353793
34662;14.153069
34663;14.0707587
34664;14.0464634
34665;14.0221682
34666;13.9978729
34667;13.9735777
34668;13.931466
34669;13.8893544
34670;13.8472427
34671;13.8051311
34672;13.6652391
34673;13.5253472
34674;13.3854553
34675;13.2455633
34676;13.0607966
34677;12.8760299
34678;12.6912632
34679;12.5064965
34680;12.127998
34681;11.7494995
34682;11.3710011
34683;10.9925026
34684;10.4071392
34685;9.82177589
34686;9.23641254
34687;8.6510492
34688;7.97139024
34689;7.29173129
34690;6.61207233
34691;5.93241338
34692;5.28931394
34693;4.6462145
34694;4.00311507
34695;3.36001563
34696;2.80745157
34697;2.25488751
34698;1.70232345
34699;1.6
34700;1.6
34701;1.6
34702;1.6
34703;1.6
34704;1.75367625
34705;1.9073525
34706;2.06102875
34707;2.214705
34708;2.7115811
34709;3.2084572
34710;3.70533331
34711;4.20220941
34712;4.88451249
34713;5.56681558
34714;6.24911866
34715;6.93142174
34716;7.64020053
34717;8.34897933
34718;9.05775812
34719;9.76653691
34720;9.43660638
34721;9.10667584
34722;8.77674531
34723;8.44681477
34724;8.10247799
34725;7.7581412
34726;7.41380441
34727;7.06946762
34728;6.93769932
34729;6.80593101
34730;6.6741627
34731;6.54239439
34732;6.42493616
34733;6.30747792
34734;6.19001969
34735;6.07256146
34736;5.9197403
34737;5.76691915
34738;5.61409799
34739;5.46127683
34740;5.37233963
34741;5.28340244
34742;5.19446524
34743;5.10552804
34744;6.08556519
34745;7.06560234
34746;8.04563949
34747;9.02567664
34748;9.12750417
34749;9.22933169
34750;9.33115921
34751;9.43298674
34752;9.26281327
34753;9.09263981
34754;8.92246634
34755;8.75229288
34756;8.75229288
34757;8.75229288
34758;8.75229288
34759;8.75229288
34760;8.75229288
34761;8.75229288
34762;8.75229288
34763;8.75229288
34764;8.75229288
34765;8.75229288
34766;8.75229288
34767;8.75229288
34768;8.75229288
34769;8.75229288
34770;8.75229288
34771;8.75229288
34772;8.75229288
34773;8.75229288
34774;8.75229288
34775;8.75229288
34776;8.75229288
34777;8.75229288
34778;8.75229288
34779;8.75229288
34780;8.75229288
34781;8.75229288
34782;8.75229288
34783;8.75229288
34784;8.75229288
34785;8.75229288
34786;8.75229288
34787;8.75229288
34788;8.75229288
34789;8.75229288
34790;8.75229288
34791;8.75229288
34792;8.75229288
34793;8.75229288
34794;8.75229288
34795;8.75229288
34796;8.75229288
34797;8.75229288
34798;8.75229288
34799;8.23954368
34800;7.74322998
34801;7.24691629
34802;6.75060259
34803;6.25428889
34804;5.6893417
34805;5.1243945
34806;4.55944731
34807;3.99450011
34808;3.43623501
34809;2.87796991
34810;2.31970481
34811;1.7614397
34812;1.6
34813;1.6
34814;1.6
34815;1.6
34816;1.6
34817;1.6
34818;1.6
34819;1.6
34820;1.6
34821;1.6
34822;1.6
34823;1.6
34824;1.6
34825;1.6
34826;1.6
34827;1.6
34828;1.6
34829;1.6
34830;1.6
34831;1.6
34832;1.6
34833;1.6
34834;1.6
34835;1.6
34836;1.6
34837;1.6
34838;1.6
34839;1.6
34840;1.6
34841;1.6
34842;1.6
34843;1.6
34844;1.6
34845;1.6
34846;1.6
34847;1.6
34848;1.6
34849;1.6
34850;1.6
34851;1.6
34852;2.05964596
34853;2.51929192
34854;2.97893787
34855;3.43858383
34856;3.89536807
34857;4.35215231
34858;4.80893655
34859;5.26572079
34860;5.70684939
34861;6.14797799
34862;6.58910659
34863;7.0302352
34864;7.43209805
34865;7.8339609
34866;8.23582375
34867;8.63768661
34868;8.95500287
34869;9.27231912
34870;9.58963538
34871;9.90695164
34872;9.48634397
34873;9.0657363
34874;8.64512863
34875;8.22452097
34876;7.42967495
34877;6.63482894
34878;5.83998293
34879;5.04513692
34880;4.25019903
34881;3.45526113
34882;2.66032323
34883;1.86538533
34884;1.6
34885;1.6
34886;1.6
34887;1.6
34888;1.6
34889;1.6
34890;1.6
34891;1.6
34892;1.6
34893;1.6
34894;1.6
34895;1.6
34896;1.6
34897;1.6
34898;1.6
34899;1.6
34900;1.6
34901;1.6
34902;1.6
34903;1.6
34904;1.6
34905;1.6
34906;1.6
34907;1.6
34908;1.6
34909;1.6
34910;1.6
34911;1.6
34912;1.6
34913;1.6
34914;1.6
34915;1.6
34916;1.6
34917;1.6
34918;1.6
34919;1.6
34920;1.6
34921;1.6
34922;1.6
34923;1.6
34924;1.6
34925;1.6
34926;1.6
34927;1.6
34928;1.6
34929;1.6
34930;1.6
34931;1.6
34932;1.6
34933;1.6
34934;1.6
34935;1.6
34936;2.995
34937;4.39
34938;5.785
34939;7.18
34940;8.38949313
34941;9.59898627
34942;10.8084794
34943;12.0179725
34944;12.9381282
34945;13.8582838
34946;14.4
34947;14.4
34948;14.4
34949;14.4
34950;14.4
34951;14.4
34952;14.4
34953;14.4
34954;14.4
34955;14.4
34956;14.4
34957;14.4
34958;14.4
34959;14.4
34960;14.4
34961;14.4
34962;14.4
34963;14.4
34964;14.4
34965;14.4
34966;14.4
34967;14.4
34968;14.4
34969;14.4
34970;14.4
34971;14.4
34972;14.4
34973;14.4
34974;14.4
34975;14.4
34976;14.4
34977;14.4
34978;14.4
34979;14.4
34980;14.4
34981;14.4
34982;14.4
34983;14.4
34984;14.4
34985;14.4
34986;14.4
34987;14.4
34988;14.4
34989;14.4
34990;14.4
34991;14.4
34992;14.4
34993;14.4
34994;14.4
34995;14.4
34996;14.4
34997;14.4
34998;14.4
34999;14.4
35000;14.4
35001;14.4
35002;14.4
35003;14.2967199
35004;14.1854348
35005;14.0741496
35006;13.9628644
35007;13.8515793
35008;13.8189498
35009;13.7863204
35010;13.753691
35011;13.7210616
35012;13.7210616
35013;13.7210616
35014;13.7210616
35015;13.7210616
35016;13.6177009
35017;13.5090085
35018;13.4003162
35019;13.2916238
35020;13.2194043
35021;13.1471848
35022;13.0749654
35023;13.0027459
35024;13.0027459
35025;13.0027459
35026;13.0027459
35027;13.0027459
35028;13.0027459
35029;13.0027459
35030;13.0027459
35031;13.0027459
35032;13.0027459
35033;13.0027459
35034;13.0027459
35035;13.0027459
35036;13.0027459
35037;13.0027459
35038;13.0027459
35039;13.0027459
