Index;Wert
0;7.64243538
1;9.11641052
2;10.2260463
3;11.100199
4;11.7993548
5;12.3764634
6;21.0031516
7;19.2701588
8;18.3287878
9;16.3514526
10;14.2817351
11;12.8280524
12;12.3174839
13;11.8150719
14;11.512431
15;10.9560855
16;12.2119185
17;13.392778
18;14.2281987
19;14.8959585
20;14.666177
21;14.7841806
22;6.73573042
23;8.98318715
24;10.4462252
25;11.5148689
26;14.1481199
27;16.1919875
28;17.7987593
29;19.095398
30;28.2921632
31;27.0513027
32;24.6689615
33;22.6115046
34;21.5757726
35;19.0884558
36;16.8704292
37;17.1187158
38;15.7721704
39;15.9393899
40;16.3380656
41;16.6105525
42;10.2118159
43;10.3633501
44;10.6179937
45;11.2103913
46;4.24097636
47;7.22805305
48;9.10322328
49;10.3253865
50;11.226451
51;11.8478722
52;12.294442
53;12.5799302
54;20.9566323
55;19.0191243
56;18.3297958
57;17.6120505
58;16.1207965
59;14.8533554
60;14.2651223
61;13.7172977
62;12.3682662
63;12.85133
64;13.7394287
65;14.5925714
66;15.177997
67;15.8157617
68;16.4818275
69;16.8889918
70;9.09166583
71;11.4110248
72;12.7677949
73;13.6622987
74;14.2172613
75;14.5675165
76;14.7979291
77;19.0772009
78;22.2466003
79;20.6302722
80;19.430755
81;17.3941812
82;11.6542861
83;11.237037
84;11.121559
85;11.5875293
86;4.37451271
87;6.31689487
88;10.3953556
89;12.023494
90;13.0761786
91;13.8251275
92;14.3432028
93;14.8584091
94;7.19864089
95;9.86511953
96;13.0160502
97;15.3952629
98;17.1675694
99;18.7133737
100;20.0205377
101;25.0862947
102;28.6546731
103;27.1158883
104;25.0808924
105;22.8106285
106;20.1306357
107;15.2433908
108;10.3906929
109;9.44250209
110;10.092656
111;8.64347603
112;11.789804
113;13.9914634
114;9.52538911
115;10.4728033
116;11.1064795
117;12.6080703
118;6.11996157
119;9.31990263
120;11.340536
121;14.0845595
122;15.7326898
123;17.3935159
124;19.0575069
125;24.5039277
126;28.5183033
127;27.5766739
128;25.4440384
129;19.5009109
130;17.0498539
131;11.6100579
132;12.239713
133;11.6264659
134;10.9509442
135;10.3878936
136;12.5826591
137;14.1253305
138;9.16971107
139;10.3516523
140;10.7390231
141;11.3515133
142;4.46755175
143;7.73287576
144;10.0362308
145;13.2532013
146;14.941754
147;16.4505643
148;17.9335662
149;23.3160434
150;27.6828113
151;26.8753814
152;25.4218221
153;18.4292413
154;14.1495962
155;8.4912278
156;5.78229087
157;4.12369938
158;8.52281329
159;11.2611201
160;12.6700302
161;13.8953127
162;9.10631713
163;9.64376055
164;9.63655212
165;9.57943679
166;1.55401824
167;4.24295481
168;6.06556803
169;7.41903649
170;8.51085004
171;11.7001175
172;14.0005396
173;15.8190669
174;25.4747059
175;24.6411855
176;22.3232409
177;15.641466
178;10.6542231
179;6.42633552
180;7.91672734
181;10.1817874
182;10.1441115
183;10.6565192
184;11.1198333
185;12.8443665
186;8.27552772
187;8.68571969
188;9.01138616
189;9.23754325
190;1.40481323
191;4.81108399
192;7.11866461
193;8.65683507
194;9.73847311
195;12.7100638
196;14.8692176
197;16.5069887
198;26.0309751
199;24.9886847
200;22.4141248
201;19.6776834
202;17.550439
203;14.8311272
204;13.5446208
205;12.2169975
206;12.0607347
207;12.1418174
208;12.768083
209;13.3378924
210;8.22447678
211;8.40110142
212;8.71248408
213;8.97051014
214;1.1137038
215;4.40994166
216;6.8931699
217;8.78277668
218;10.527584
219;12.099675
220;13.4312821
221;18.5283035
222;22.2813379
223;20.9628599
224;19.7316366
225;16.6560323
226;14.4477152
227;12.734528
228;9.90667826
229;8.73099089
230;8.84701853
231;10.2247747
232;11.1770941
233;12.1462652
234;13.2328706
235;13.9240094
236;13.9667319
237;13.7738437
238;6.01736807
239;9.04138772
240;10.4289689
241;10.9148405
242;11.0122985
243;11.2343311
244;11.7081719
245;12.1662447
246;20.5582002
247;18.7012055
248;17.4998949
249;16.2996756
250;14.4217828
251;11.9953361
252;12.0498145
253;11.5296356
254;10.954283
255;10.7793254
256;10.2029186
257;11.0505869
258;11.3812106
259;11.4188391
260;12.2354117
261;12.5271905
262;4.65869608
263;6.83723469
264;8.22064007
265;9.24158626
266;10.1395094
267;10.7396155
268;13.6929932
269;15.9432801
270;25.9565174
271;25.5120093
272;22.9400352
273;20.8042048
274;19.7959126
275;18.2243755
276;12.3695922
277;13.5039836
278;12.5132568
279;9.22870133
280;10.4879503
281;13.8446984
282;9.21539687
283;9.53166362
284;9.53491406
285;9.6940706
286;2.38988647
287;5.59083175
288;7.69646326
289;9.27240066
290;10.5392495
291;13.5611044
292;15.9225572
293;17.7809651
294;27.2550649
295;26.1594702
296;23.419173
297;18.9898039
298;18.0628048
299;17.5479075
300;17.408731
301;17.2385883
302;16.7256862
303;15.6335127
304;16.1099612
305;16.8048135
306;10.3095366
307;10.4335107
308;10.419362
309;10.8761847
310;4.10525725
311;7.36804801
312;10.9258637
313;13.5277822
314;15.5869899
315;17.3440231
316;19.1232117
317;24.459037
318;28.4161142
319;27.6971922
320;25.406197
321;21.3776332
322;13.0027026
323;10.2175472
324;6.34034477
325;4.1331745
326;3.66772399
327;3.75686328
328;9.52921485
329;12.7362596
330;8.71415154
331;9.4413753
332;9.76776029
333;10.1130349
334;3.07121313
335;6.290492
336;8.39067461
337;10.0101512
338;13.1203995
339;15.3738296
340;17.1617566
341;18.5219888
342;27.9165005
343;26.7292744
344;24.3998596
345;22.5890505
346;18.8649938
347;18.4762902
348;17.5086709
349;16.5015796
350;14.9762462
351;15.307059
352;16.0580507
353;17.5297378
354;10.9030269
355;11.1037547
356;11.2379062
357;12.4747464
358;5.6376877
359;8.68604507
360;10.6379263
361;13.5952598
362;15.7474631
363;17.4272728
364;18.9600095
365;24.3485571
366;28.368928
367;27.4261454
368;25.3895981
369;23.0143201
370;21.7449513
371;20.0164536
372;18.8244446
373;18.7584082
374;18.6648676
375;18.2863655
376;18.5990578
377;19.3697192
378;11.9260557
379;12.1353182
380;12.6425099
381;14.0092479
382;6.8096875
383;9.65369925
384;11.6171715
385;13.01176
386;14.1036715
387;15.0960202
388;18.5158776
389;21.0654158
390;23.1653472
391;22.0516314
392;21.4235991
393;20.3733477
394;18.2093657
395;17.815056
396;17.7249473
397;17.9604617
398;17.7411531
399;17.7230087
400;18.068788
401;19.2254716
402;19.664761
403;19.9863893
404;20.3983159
405;20.9767392
406;13.3086612
407;16.1252122
408;17.5157437
409;19.2519304
410;20.7727933
411;21.9959474
412;22.839617
413;23.6706266
414;24.3877144
415;24.1405799
416;24.5693998
417;22.283552
418;20.7122892
419;19.2053887
420;17.5898204
421;16.3607415
422;15.6944914
423;15.1880525
424;16.0594766
425;20.1903777
426;22.1758127
427;23.861764
428;24.5195879
429;25.1012343
430;17.2207827
431;19.4286195
432;21.9011019
433;24.0119075
434;25.6427539
435;27.0172348
436;28.247771
437;29.1595086
438;29.9472417
439;29.4728236
440;28.0153454
441;25.0244798
442;24.2692327
443;23.8265678
444;21.0311258
445;19.2588758
446;19.6832538
447;19.576285
448;19.7355139
449;20.1693665
450;12.3742167
451;12.5231783
452;13.7909167
453;15.1928815
454;9.03871544
455;12.6117624
456;14.9771652
457;17.0162397
458;18.635274
459;21.8208142
460;24.3514418
461;26.6214962
462;28.5145294
463;28.1013462
464;27.0912129
465;23.3148541
466;22.1591582
467;18.143417
468;17.0381719
469;14.7744736
470;14.9134615
471;15.4066973
472;16.018273
473;19.3515726
474;12.4679661
475;14.3855083
476;17.4028987
477;19.7546087
478;13.4900186
479;17.1414384
480;20.7931654
481;23.3708677
482;25.3527333
483;26.6565837
484;27.7126285
485;27.9709924
486;28.1880962
487;27.1826284
488;25.5581261
489;23.055172
490;21.3705919
491;20.562829
492;19.1202413
493;18.147019
494;18.4499514
495;17.8047277
496;18.3282597
497;19.4572987
498;12.3263069
499;13.0269656
500;16.4213526
501;19.0922529
502;12.4463018
503;15.6972177
504;17.9748875
505;19.7300078
506;22.2961278
507;24.2471095
508;25.7342393
509;26.9227062
510;28.1727005
511;27.6697004
512;26.4532416
513;19.2441932
514;20.7877417
515;17.6590749
516;14.716813
517;13.5865093
518;7.78884415
519;7.09146916
520;9.59386117
521;15.6501645
522;11.102577
523;11.8028562
524;13.2227787
525;14.9027278
526;9.16403991
527;13.1216242
528;15.7425861
529;17.530903
530;18.7624716
531;19.8734392
532;23.6905394
533;25.7641463
534;26.587375
535;24.5324125
536;22.3120604
537;19.8688356
538;12.4155226
539;15.3065014
540;15.0193351
541;14.8038583
542;14.3679998
543;14.3759792
544;14.0822217
545;15.2831444
546;9.48996893
547;9.76776088
548;9.86553392
549;9.99450449
550;2.8309175
551;6.13371894
552;8.37373773
553;10.1260817
554;11.5953806
555;12.9239801
556;16.9142091
557;20.3975784
558;22.2339173
559;21.1666559
560;20.7516088
561;16.0448751
562;16.4942863
563;14.0905253
564;9.27929105
565;4.04311536
566;3.86161693
567;8.69741729
568;6.66534649
569;11.0032875
570;12.2863954
571;12.979455
572;13.4342019
573;13.6099287
574;5.43824071
575;7.4279485
576;8.6185122
577;9.51571933
578;10.3214164
579;10.6699618
580;11.2073196
581;11.6846691
582;20.1917734
583;18.2693157
584;17.0505045
585;15.0576247
586;7.45038989
587;9.1074362
588;3.45881529
589;0.628454275
590;0.00657719503
591;0.515605188
592;1.17036048
593;4.07474001
594;5.6385585
595;9.51437701
596;11.4222413
597;12.6572074
598;5.52986944
599;8.5522354
600;10.5582253
601;11.7625456
602;14.391854
603;16.351913
604;17.9193459
605;19.093167
606;28.1707659
607;26.7298897
608;23.821197
609;20.3880613
610;17.3835336
611;8.0459916
612;2.95114755
613;0.0506306502
614;0
615;0
616;0
617;5.01005508
618;4.97228764
619;6.36703339
620;7.46695042
621;8.37453998
622;0.867222458
623;3.70436312
624;6.38298003
625;8.25232507
626;9.59242568
627;12.878643
628;15.452765
629;17.5027881
630;27.2057981
631;26.1104368
632;22.8142052
633;18.7199231
634;14.1344475
635;5.1762193
636;2.48062559
637;0.016761771
638;1.97475565
639;3.53419514
640;4.7335222
641;7.26250345
642;5.43220516
643;6.23657979
644;6.74778431
645;7.27683207
646;0.0835076205
647;1.85842961
648;3.81396807
649;5.97706081
650;7.45918898
651;8.58406156
652;11.9185967
653;14.2708816
654;24.4092922
655;23.4395791
656;19.8498645
657;16.8835458
658;14.1275853
659;11.5014662
660;8.37053125
661;8.67802782
662;8.69158847
663;9.11646667
664;9.6315103
665;10.6210035
666;6.86338807
667;7.27115568
668;7.25473106
669;7.35627546
670;0.0942760325
671;1.81299712
672;3.64193039
673;5.34698709
674;7.08771646
675;8.29199959
676;11.7751203
677;14.1871497
678;24.1831711
679;23.6057022
680;20.0570064
681;17.5752551
682;13.0901472
683;12.4293305
684;10.7340893
685;3.86824728
686;7.30572398
687;2.4191911
688;3.08930728
689;7.99363331
690;6.01267984
691;6.91945417
692;7.52683966
693;8.16753712
694;0.662975494
695;3.60964651
696;6.76475824
697;9.02219207
698;12.4027288
699;14.9174022
700;16.8011486
701;18.3737484
702;27.910048
703;26.985659
704;22.3412722
705;15.8320867
706;9.64716974
707;4.21090514
708;1.04952241
709;0
710;0
711;1.75871573
712;2.98022925
713;7.0346185
714;5.41022121
715;6.13096884
716;6.47528141
717;6.69174066
718;0
719;0.925107102
720;2.6358808
721;4.16578881
722;6.25013439
723;7.96795786
724;9.49109543
725;10.7589026
726;19.8303004
727;18.3395535
728;17.0281148
729;16.0148756
730;14.6874547
731;13.870332
732;13.0473872
733;12.8086117
734;13.2640092
735;13.1526238
736;14.0984624
737;13.7368965
738;13.4067119
739;13.0423878
740;12.6571063
741;12.2576219
742;3.88937099
743;5.36828978
744;6.25114102
745;6.68958523
746;6.87352938
747;6.89464494
748;6.80274936
749;6.62832058
750;14.5412947
751;12.1106987
752;10.4084941
753;9.7076034
754;7.54688519
755;7.66007535
756;7.01091321
757;6.68002761
758;5.06528974
759;3.51946706
760;3.5371625
761;5.92110358
762;7.02234565
763;7.9434768
764;8.06060424
765;8.50111086
766;2.32138644
767;3.05714907
768;4.90488288
769;6.16138619
770;6.96864431
771;7.57877296
772;8.0409901
773;12.0819747
774;23.1415041
775;23.3350154
776;18.6690195
777;15.787347
778;11.8532771
779;10.3122868
780;2.44437556
781;3.81176949
782;0.109748945
783;0
784;0.311811916
785;5.33581311
786;4.31697086
787;5.09552115
788;5.64841914
789;5.95229092
790;0
791;0.136483485
792;1.55856511
793;2.71584145
794;3.60965445
795;4.76420893
796;5.833023
797;10.4748496
798;22.3192254
799;23.2871377
800;19.7882309
801;19.7416469
802;19.057865
803;18.1107037
804;16.9555432
805;16.198479
806;15.8113004
807;15.1938112
808;15.2772116
809;16.1990775
810;9.9936464
811;10.1434674
812;10.3735604
813;10.9571213
814;4.10252258
815;7.25895521
816;9.4080642
817;11.0314502
818;13.9188374
819;15.9248636
820;17.3367408
821;18.5642386
822;27.8240681
823;26.4938092
824;23.7692796
825;21.2094505
826;19.7470989
827;18.470711
828;16.5451372
829;12.8601966
830;13.1021546
831;14.2765197
832;14.8824769
833;15.8023244
834;9.82333824
835;9.96509661
836;9.98645413
837;10.1196351
838;3.11407757
839;6.36955263
840;8.54834554
841;9.93259953
842;10.9533078
843;13.7969887
844;15.8900163
845;17.5492266
846;27.0238864
847;26.0006694
848;22.8558395
849;19.974478
850;17.2098029
851;14.2218859
852;12.9998931
853;11.7218356
854;11.1806696
855;10.4128501
856;11.0180042
857;12.4629186
858;8.04289771
859;8.81106119
860;9.6704748
861;10.2956756
862;3.69872121
863;7.34716797
864;9.7061142
865;12.9006491
866;15.2821118
867;17.1493797
868;18.6113514
869;23.809837
870;27.7585351
871;26.9933054
872;23.9100118
873;18.8766224
874;11.7722612
875;6.92764084
876;1.90914203
877;0.00295120044
878;0
879;0
880;0
881;4.12024551
882;4.84352792
883;6.54865178
884;7.59498224
885;8.43658142
886;0.89756031
887;3.82485982
888;6.58074982
889;8.84421269
890;10.2187839
891;11.3870438
892;12.3451959
893;13.1350358
894;21.9208374
895;20.3954542
896;17.1429578
897;16.1043618
898;10.6350623
899;9.24695905
900;7.86404815
901;4.46988886
902;2.05612206
903;3.78172209
904;5.19848545
905;7.18198641
906;8.67622664
907;9.8770128
908;10.3009479
909;10.9571289
910;3.72565083
911;6.1230909
912;7.89934282
913;9.12529659
914;10.0006764
915;10.6464968
916;11.1259572
917;11.6645704
918;20.4799516
919;19.1433916
920;15.687608
921;11.6644152
922;11.1019699
923;8.35416888
924;4.96351317
925;0.894873387
926;2.67849446
927;2.83803512
928;3.72746668
929;4.74293244
930;5.86675047
931;6.84173287
932;8.12786359
933;8.82778644
934;2.33530967
935;3.52231451
936;5.35706017
937;6.40801016
938;7.34246249
939;8.1077609
940;11.422199
941;14.0054135
942;24.3352969
943;24.2022775
944;21.4163849
945;17.2219818
946;14.8988645
947;10.750019
948;9.22670556
949;6.47557474
950;6.64890116
951;6.94911011
952;7.84184632
953;9.74561508
954;6.49878111
955;6.96954328
956;7.09975605
957;7.26279171
958;0.0516398745
959;1.94625131
960;4.35561218
961;6.5297346
962;8.2021133
963;12.0357029
964;14.8227688
965;16.9212023
966;26.6686598
967;25.8833179
968;21.9070538
969;21.0247329
970;18.6391877
971;15.2440765
972;14.3083373
973;13.3614247
974;13.1160313
975;10.4128759
976;10.7502558
977;14.1541815
978;9.26712489
979;9.67745558
980;9.62119618
981;9.83525492
982;2.56139663
983;5.84941893
984;8.18110347
985;9.83727302
986;11.0864099
987;14.2345202
988;16.4698817
989;18.1041001
990;27.5221367
991;26.4750202
992;21.8713712
993;19.0764788
994;16.0140751
995;13.7169845
996;8.46335325
997;5.04262049
998;7.24756472
999;4.19984835
1000;6.99684041
1001;11.0259723
1002;7.97689004
1003;9.1924659
1004;9.14835239
1005;9.47139339
1006;1.99295651
1007;5.62069568
1008;8.05165778
1009;9.82119442
1010;12.9528972
1011;15.3067214
1012;17.1598862
1013;18.656353
1014;28.0454722
1015;26.9076531
1016;21.2283761
1017;19.0313007
1018;13.2898973
1019;7.57226832
1020;3.85465703
1021;1.66660558
1022;0.477297835
1023;0.231771197
1024;3.35570089
1025;9.01003984
1026;6.95068261
1027;7.92771183
1028;8.6416815
1029;9.22684983
1030;1.61728698
1031;5.36752719
1032;7.51081117
1033;9.17310323
1034;12.5736562
1035;15.0805936
1036;16.7291935
1037;17.9671419
1038;27.2088891
1039;25.9259555
1040;21.9687437
1041;18.7040521
1042;16.3857167
1043;14.7605493
1044;12.0974918
1045;9.19581591
1046;6.37380325
1047;8.58183322
1048;10.2577859
1049;11.843839
1050;7.95725116
1051;8.61857983
1052;8.92736443
1053;9.14992976
1054;1.49061582
1055;5.03896249
1056;7.14280832
1057;8.48544686
1058;9.778554
1059;10.8453662
1060;11.8473002
1061;12.8106342
1062;22.0006605
1063;20.8074891
1064;18.6837404
1065;13.2265673
1066;9.73802577
1067;8.30120242
1068;5.790882
1069;3.33772815
1070;3.50363707
1071;4.38885928
1072;4.05147348
1073;6.71611645
1074;8.85897156
1075;10.1572289
1076;11.5311847
1077;12.295687
1078;4.71097697
1079;7.07698961
1080;8.60855887
1081;9.65934085
1082;10.6168401
1083;11.359816
1084;12.0943443
1085;12.9281716
1086;21.9535742
1087;20.1503917
1088;16.7418709
1089;14.8811453
1090;11.2764995
1091;7.83613716
1092;5.65936164
1093;5.81978961
1094;5.17092675
1095;7.22229826
1096;8.975291
1097;10.245717
1098;11.5738197
1099;12.4632914
1100;13.1366078
1101;13.674796
1102;5.96127156
1103;8.46974264
1104;10.0402963
1105;11.2333766
1106;13.8549441
1107;15.8821136
1108;17.4965551
1109;18.9231146
1110;28.1902566
1111;26.8762837
1112;22.9323957
1113;20.2275313
1114;18.3347602
1115;17.4603269
1116;16.9135819
1117;16.3041449
1118;15.6624414
1119;15.4366681
1120;15.1856347
1121;15.6202257
1122;9.65372794
1123;9.86684732
1124;10.1354008
1125;10.5390349
1126;3.56937371
1127;6.78872019
1128;8.69688308
1129;10.055851
1130;12.9043005
1131;15.0776257
1132;16.8149776
1133;18.2851887
1134;27.6884202
1135;26.6130854
1136;23.292188
1137;21.0626385
1138;19.8881943
1139;17.1462607
1140;15.5187251
1141;13.8852422
1142;12.8587424
1143;12.7002679
1144;11.7157541
1145;13.5428205
1146;8.91051393
1147;9.38133321
1148;10.1683998
1149;10.7222837
1150;3.9272872
1151;7.72708697
1152;10.1409582
1153;13.0226585
1154;15.4164894
1155;17.0399766
1156;18.4358901
1157;23.7329542
1158;27.7730645
1159;26.8864755
1160;23.9516813
1161;21.1082083
1162;18.2886864
1163;15.9600764
1164;10.0222953
1165;12.1685275
1166;11.3192328
1167;11.1378743
1168;11.4905614
1169;10.9828334
1170;8.19918841
1171;9.15627017
1172;9.72120679
1173;10.1706232
1174;3.63211991
1175;7.49422075
1176;9.86942633
1177;13.0377446
1178;15.4062775
1179;17.2233686
1180;18.6034768
1181;23.6669256
1182;27.5217588
1183;26.6801236
1184;23.0007353
1185;20.2675746
1186;17.6765834
1187;16.6303323
1188;14.8078127
1189;14.4607524
1190;13.2936915
1191;13.4763555
1192;11.1359268
1193;14.184856
1194;9.59514117
1195;10.1684686
1196;10.3696835
1197;10.9996666
1198;4.29969718
1199;7.44243971
1200;9.63741927
1201;12.856426
1202;15.1124253
1203;16.9006379
1204;18.5332584
1205;23.9049313
1206;28.0171469
1207;27.2346874
1208;23.6317531
1209;20.4526954
1210;16.3139037
1211;13.7133972
1212;12.3501366
1213;12.7076697
1214;13.1568151
1215;13.7849466
1216;14.2870428
1217;14.8602569
1218;9.27021069
1219;9.28420285
1220;9.28049388
1221;9.1566844
1222;0.894266167
1223;3.38043283
1224;4.89898369
1225;5.78796648
1226;6.42716679
1227;6.86031414
1228;7.12505157
1229;7.26252345
1230;15.3512513
1231;13.1893354
1232;11.3277572
1233;10.2737341
1234;9.47077203
1235;8.56234823
1236;5.5806484
1237;4.4501097
1238;3.90085344
1239;3.30744139
1240;2.48383853
1241;4.046579
1242;5.80789489
1243;6.94509395
1244;6.99833075
1245;7.56683108
1246;1.97008334
1247;2.52952868
1248;4.1417546
1249;5.27580293
1250;6.14731519
1251;6.86982336
1252;7.38747522
1253;7.7236986
1254;16.0538401
1255;14.010936
1256;7.62691905
1257;3.79144161
1258;0.858161849
1259;0
1260;0
1261;0
1262;0
1263;0
1264;0
1265;0
1266;0.0122737599
1267;1.22851966
1268;2.83028087
1269;4.02854866
1270;0
1271;0
1272;0.110137075
1273;1.54356477
1274;3.36394415
1275;4.9486641
1276;6.03410179
1277;10.5263264
1278;22.1467226
1279;22.7658127
1280;16.7473964
1281;14.6129141
1282;12.2073681
1283;10.5973236
1284;7.5357778
1285;9.12935378
1286;5.22793325
1287;7.69645601
1288;9.46329383
1289;11.6309564
1290;8.29574452
1291;9.20654604
1292;9.729493
1293;10.0833583
1294;3.08742229
1295;6.51404303
1296;8.68217787
1297;10.2908322
1298;13.3761809
1299;15.6216249
1300;17.2750956
1301;18.4800166
1302;27.5500163
1303;26.318142
1304;22.5846248
1305;20.0914241
1306;18.6197815
1307;16.3849853
1308;14.0476221
1309;7.79791403
1310;9.71956088
1311;6.16173406
1312;5.55646507
1313;9.49723198
1314;7.56525704
1315;8.77870755
1316;9.51513199
1317;9.98757496
1318;2.85042103
1319;6.37528525
1320;8.56840195
1321;10.0565951
1322;12.8850554
1323;15.1019819
1324;16.7991722
1325;18.1770546
1326;27.4887609
1327;26.3440424
1328;23.556165
1329;20.5739742
1330;19.1950675
1331;18.3490205
1332;16.3224097
1333;15.6895525
1334;14.2965549
1335;14.8643219
1336;14.5878608
1337;15.1476636
1338;9.77478174
1339;10.2657051
1340;10.5664953
1341;11.7102594
1342;4.93127099
1343;8.18589632
1344;11.7283322
1345;14.3761473
1346;16.179388
1347;17.7677082
1348;19.0665079
1349;24.2851224
1350;28.223345
1351;27.3278068
1352;22.5845838
1353;18.879723
1354;16.2921715
1355;12.8897867
1356;9.62876973
1357;8.05291725
1358;6.05107315
1359;4.15108748
1360;6.13942617
1361;9.60155871
1362;7.84864751
1363;8.95526889
1364;9.71250365
1365;10.3250286
1366;3.681455
1367;7.40262273
1368;11.3169605
1369;14.2355626
1370;16.3790242
1371;18.1894333
1372;22.3866411
1373;25.4848608
1374;27.862018
1375;27.0140121
1376;23.4055941
1377;20.4689195
1378;16.370497
1379;11.3635364
1380;6.06817177
1381;11.2064591
1382;3.06682385
1383;1.25681166
1384;1.69084136
1385;5.06545753
1386;6.09973992
1387;7.53909061
1388;8.56211079
1389;9.39720636
1390;2.12677966
1391;6.35172915
1392;9.29865553
1393;11.2972945
1394;12.5237831
1395;13.3083449
1396;13.8542344
1397;18.1852292
1398;21.3467536
1399;19.7179832
1400;17.5480318
1401;15.9675717
1402;14.3488199
1403;12.9101578
1404;11.2367437
1405;11.1641747
1406;7.80578139
1407;6.95547907
1408;7.37317789
1409;10.2059097
1410;11.3676098
1411;11.8992651
1412;12.2395711
1413;12.4903713
1414;4.63362615
1415;6.86956882
1416;8.33932941
1417;9.36881632
1418;10.1438279
1419;10.7502059
1420;11.2469085
1421;11.6614384
1422;20.1581856
1423;18.3205884
1424;15.8944188
1425;13.8438452
1426;8.8135184
1427;3.35812683
1428;1.24916982
1429;1.2276184
1430;2.4320851
1431;2.99461607
1432;2.80655342
1433;2.95671626
1434;5.1501454
1435;7.12013871
1436;8.63997574
1437;9.7961868
1438;3.04372146
1439;5.40240691
1440;6.91624622
1441;7.98687143
1442;8.74948867
1443;11.624574
1444;13.9608013
1445;15.9767137
1446;26.3089749
1447;26.2339053
1448;19.816666
1449;13.2412855
1450;8.88126005
1451;7.29956897
1452;6.76982547
1453;6.85369596
1454;5.45083832
1455;6.97668776
1456;7.52900194
1457;8.31760183
1458;5.6009801
1459;6.13322971
1460;6.59047056
1461;7.02509465
1462;0.00206706488
1463;1.40742901
1464;3.16036525
1465;5.13708251
1466;6.88557741
1467;10.4171435
1468;13.0691597
1469;15.3209277
1470;25.3605763
1471;24.8688851
1472;22.2181344
1473;19.0559053
1474;17.0731717
1475;14.8455148
1476;13.6152445
1477;13.2302147
1478;12.550674
1479;11.3724375
1480;12.1975047
1481;12.9976802
1482;8.41592159
1483;8.86257642
1484;9.44889117
1485;9.85596723
1486;2.88729666
1487;6.56512112
1488;9.19375688
1489;12.6798601
1490;15.2211294
1491;17.1096077
1492;18.5531384
1493;23.8426012
1494;27.9499226
1495;26.7039141
1496;20.9592121
1497;14.3161949
1498;9.77746074
1499;10.5269191
1500;11.0468765
1501;11.4444356
1502;10.8305316
1503;9.90689002
1504;9.1611897
1505;9.90517265
1506;7.35050902
1507;8.27327396
1508;9.09700888
1509;9.9065118
1510;3.2463888
1511;7.30725497
1512;9.80112473
1513;13.1349761
1514;15.5467234
1515;17.4654102
1516;18.9948807
1517;24.0655948
1518;27.5261147
1519;25.9331291
1520;22.9960027
1521;19.0705374
1522;16.0636419
1523;11.9420497
1524;9.2480423
1525;8.22485911
1526;7.71909693
1527;8.32802855
1528;9.20491686
1529;10.4967023
1530;7.23476282
1531;7.80769006
1532;8.22386325
1533;8.50351481
1534;0.594410452
1535;3.05200587
1536;5.54709678
1537;7.22589711
1538;8.43859059
1539;9.322792
1540;12.6341311
1541;14.91504
1542;24.9585124
1543;24.100547
1544;17.7785673
1545;11.982789
1546;8.74318626
1547;10.2568502
1548;9.24733343
1549;8.36817869
1550;7.94455126
1551;9.32735807
1552;10.0376955
1553;11.1860398
1554;7.6083938
1555;8.13290905
1556;8.56327705
1557;8.93572589
1558;1.0256827
1559;4.13346989
1560;6.4110144
1561;8.04393052
1562;9.35775441
1563;10.4298552
1564;11.2477627
1565;11.941407
1566;20.5687903
1567;18.5210942
1568;16.021291
1569;14.1941175
1570;11.6143
1571;10.3105041
1572;10.3415668
1573;6.7563659
1574;8.27376643
1575;7.57797346
1576;8.39255637
1577;9.59225174
1578;11.2499715
1579;12.453723
1580;13.3783858
1581;14.0556751
1582;6.51806442
1583;8.99491939
1584;10.7337886
1585;12.1128317
1586;13.2232045
1587;14.2327826
1588;17.8666364
1589;20.6859345
1590;22.915424
1591;21.0131903
1592;15.4766193
1593;9.59671842
1594;5.20836239
1595;2.78993766
1596;1.16809019
1597;0.192828026
1598;0
1599;0
1600;0.0922780541
1601;2.14446657
1602;4.6219284
1603;6.10345567
1604;7.75258929
1605;9.64977138
1606;3.26834733
1607;5.98318048
1608;8.02192288
1609;9.78401565
1610;11.0784915
1611;14.0750434
1612;16.0895714
1613;17.490386
1614;26.4457225
1615;24.7357895
1616;21.2436324
1617;18.35021
1618;15.8471003
1619;14.5942898
1620;11.8637593
1621;9.51450663
1622;9.58467472
1623;9.6169925
1624;9.51017203
1625;10.7015247
1626;7.58859498
1627;8.256844
1628;8.57017492
1629;8.91035563
1630;1.03733954
1631;4.15907277
1632;6.62140799
1633;8.32628193
1634;9.58002074
1635;12.8812459
1636;15.3046554
1637;17.4600961
1638;27.1610092
1639;26.0310942
1640;22.2287119
1641;19.3722429
1642;16.6523206
1643;15.0001449
1644;13.9168753
1645;13.4664032
1646;12.9828818
1647;13.0680126
1648;13.1131765
1649;13.3510978
1650;8.13737868
1651;8.07446687
1652;7.87687081
1653;7.663066
1654;0.000722831396
1655;0.753943974
1656;1.86924485
1657;2.64432261
1658;3.53416178
1659;4.25774866
1660;4.83413313
1661;8.92312718
1662;20.068987
1663;19.9413177
1664;15.7809046
1665;11.7278583
1666;6.01940846
1667;1.67821894
1668;5.73374167
1669;3.27661746
1670;2.87689582
1671;0.0438242668
1672;0.00267319908
1673;1.09602705
1674;2.56340425
1675;3.39034588
1676;4.15231019
1677;4.72945157
1678;0
1679;0
1680;0.492064298
1681;2.08256693
1682;3.36608237
1683;4.41575753
1684;8.80982776
1685;12.3172703
1686;23.1386528
1687;21.254575
1688;15.9228764
1689;9.20199339
1690;5.27051975
1691;1.93872231
1692;1.21143371
1693;0.786466346
1694;0
1695;0
1696;0.763935336
1697;2.54508661
1698;2.78655544
1699;3.53264547
1700;4.0490678
1701;4.5275671
1702;0
1703;0
1704;0.152964543
1705;1.51579764
1706;2.82649972
1707;3.84492103
1708;4.85355404
1709;9.88745209
1710;21.7857334
1711;22.0771102
1712;18.9608939
1713;17.1508238
1714;15.4110514
1715;13.8965081
1716;7.20209965
1717;6.88657546
1718;3.93030976
1719;4.49686519
1720;5.44934382
1721;6.01113371
1722;5.38856976
1723;6.38824107
1724;7.14134538
1725;7.91054343
1726;0.590435825
1727;3.17330801
1728;5.92897768
1729;7.61653544
1730;8.59813143
1731;9.51618826
1732;10.3812261
1733;11.1228011
1734;19.8622916
1735;17.6118716
1736;14.7818099
1737;10.2565632
1738;4.80680162
1739;4.99444847
1740;3.57543295
1741;1.7609381
1742;2.16495652
1743;2.32922645
1744;2.90601162
1745;4.15668958
1746;6.57008205
1747;8.47343131
1748;9.99866864
1749;11.4390563
1750;4.58649755
1751;7.62854955
1752;9.69506192
1753;11.2764157
1754;12.3599146
1755;13.405187
1756;14.2523316
1757;19.0482041
1758;22.6265005
1759;19.2439416
1760;13.5397777
1761;8.05785415
1762;3.97266861
1763;1.57023145
1764;0.0920813258
1765;0
1766;0
1767;0
1768;0
1769;0
1770;1.57090633
1771;3.65838807
1772;5.11663837
1773;6.50335294
1774;0.990041362
1775;4.05657796
1776;6.75985367
1777;8.77896199
1778;12.1690391
1779;14.6785048
1780;16.7520201
1781;18.3398842
1782;27.9104587
1783;24.6184022
1784;18.0076584
1785;10.9704
1786;4.81247214
1787;0.39236783
1788;0
1789;0
1790;0
1791;0
1792;0
1793;0
1794;0
1795;0.087231654
1796;2.12180706
1797;3.88103478
1798;0
1799;0.0375991306
1800;1.73161576
1801;3.56483595
1802;4.92622189
1803;8.91067379
1804;12.2869408
1805;14.6706992
1806;24.4826621
1807;23.2218826
1808;18.9921689
1809;10.0149261
1810;6.30406907
1811;4.74065771
1812;3.63899357
1813;4.31503679
1814;3.85234304
1815;3.96837551
1816;4.14366264
1817;5.27725504
1818;4.06567545
1819;4.84175258
1820;5.2984031
1821;6.03044967
1822;0
1823;0.50102451
1824;2.03739442
1825;3.14045128
1826;4.13329576
1827;5.86146946
1828;10.1373234
1829;13.6066251
1830;24.460399
1831;22.3153484
1832;15.554826
1833;8.67527749
1834;2.83611063
1835;0.0652803242
1836;0
1837;0
1838;0
1839;0
1840;0
1841;0
1842;0
1843;0
1844;0.490383324
1845;2.4335255
1846;0
1847;0
1848;0.225130467
1849;1.93909149
1850;3.28373409
1851;4.29048229
1852;7.84467799
1853;11.7456829
1854;22.6017264
1855;20.2186311
1856;14.239084
1857;7.43360041
1858;1.78845222
1859;0
1860;0
1861;0
1862;0
1863;0
1864;0
1865;0
1866;0
1867;0
1868;0.0130527422
1869;1.41023501
1870;0
1871;0
1872;0
1873;0.891112231
1874;2.4984862
1875;3.62897877
1876;5.83711149
1877;9.86325462
1878;21.1620224
1879;20.4734985
1880;14.7409661
1881;7.6726529
1882;3.57731571
1883;0.033185476
1884;0
1885;0
1886;0
1887;0
1888;0
1889;0
1890;0
1891;0.139170812
1892;1.06026199
1893;2.69066821
1894;0
1895;0
1896;0
1897;1.02953664
1898;2.71879426
1899;3.83340586
1900;4.43144554
1901;4.93032175
1902;14.2778621
1903;13.2874127
1904;12.3444265
1905;11.8898551
1906;11.6945922
1907;11.7122489
1908;11.4700019
1909;10.9993708
1910;10.8185663
1911;10.5074882
1912;10.7260512
1913;11.2126636
1914;12.0669127
1915;12.5714718
1916;13.6267501
1917;14.1568905
1918;6.39621349
1919;8.81026031
1920;10.2861314
1921;11.2697485
1922;11.9910499
1923;12.6373285
1924;13.2227255
1925;13.71597
1926;22.3816353
1927;19.891911
1928;17.5017531
1929;13.5404893
1930;8.74599913
1931;4.84324275
1932;3.01702965
1933;1.94835454
1934;1.158899
1935;1.20840275
1936;1.94951997
1937;3.56315649
1938;6.94766287
1939;9.69345235
1940;11.7347685
1941;13.1306711
1942;6.06121784
1943;9.1011453
1944;12.5058216
1945;14.9923377
1946;16.9820712
1947;18.5156715
1948;19.7446296
1949;24.8409466
1950;28.6916175
1951;24.8436634
1952;19.7006877
1953;14.8265165
1954;10.6192013
1955;7.35743873
1956;5.17584265
1957;3.40690999
1958;2.57358805
1959;2.72632244
1960;4.15242708
1961;6.80588367
1962;7.1841183
1963;8.66964441
1964;9.68739699
1965;10.6967718
1966;4.6925628
1967;8.59097587
1968;12.2184851
1969;14.7046804
1970;16.6412209
1971;18.2335513
1972;22.2722356
1973;25.3490729
1974;27.8086811
1975;24.2942718
1976;19.0335936
1977;14.139805
1978;10.0892142
1979;6.72712755
1980;4.47699445
1981;2.4494833
1982;1.62038284
1983;1.86491481
1984;3.31065218
1985;6.08002165
1986;6.68496249
1987;8.34218132
1988;9.22058554
1989;9.92065279
1990;2.88601975
1991;6.77869268
1992;10.6811054
1993;13.4698778
1994;15.587683
1995;17.334495
1996;18.7685558
1997;24.0108791
1998;27.9769287
1999;24.1969302
2000;18.9172213
2001;14.004948
2002;10.5133335
2003;6.78342627
2004;4.25771096
2005;4.81575726
2006;3.43138449
2007;3.15432316
2008;4.13527788
2009;6.66386447
2010;6.92385455
2011;8.48247879
2012;9.463297
2013;10.1382167
2014;3.25648641
2015;7.01677364
2016;9.4817825
2017;12.7885079
2018;15.2240549
2019;17.135145
2020;18.6497419
2021;23.9404301
2022;27.9429278
2023;24.7286191
2024;19.5160821
2025;18.4354676
2026;16.1233974
2027;13.6769587
2028;9.1833812
2029;6.12138718
2030;5.18366917
2031;4.33454896
2032;6.04929318
2033;7.77922571
2034;6.04647581
2035;7.20503425
2036;8.10672985
2037;8.71736559
2038;0.967142576
2039;4.02177723
2040;6.69164659
2041;8.56431363
2042;11.8146305
2043;14.2941451
2044;16.2666124
2045;17.8858322
2046;27.4892088
2047;23.6798459
2048;16.7237449
2049;11.2653351
2050;6.09641479
2051;2.03868036
2052;0.0462553338
2053;0
2054;0
2055;0
2056;0
2057;0
2058;0.00256260066
2059;1.68108424
2060;3.14445118
2061;4.34676081
2062;0
2063;0.0718829829
2064;1.52664049
2065;2.98280039
2066;4.19461775
2067;5.42064285
2068;7.2301939
2069;9.4815402
2070;19.4649552
2071;15.202721
2072;10.0032142
2073;5.52749678
2074;2.67007602
2075;0.452547093
2076;0
2077;0
2078;0
2079;0
2080;0
2081;0
2082;0
2083;1.48788377
2084;3.26871842
2085;4.76228445
2086;0
2087;0.22082189
2088;2.18587383
2089;4.6100317
2090;6.56628184
2091;8.35434568
2092;9.67471633
2093;10.3932982
2094;19.212843
2095;16.4054009
2096;14.086232
2097;10.4752782
2098;8.17946596
2099;6.82639265
2100;4.26590186
2101;3.61224146
2102;4.00915381
2103;3.88547896
2104;4.77598119
2105;5.97249671
2106;7.88558978
2107;9.22231439
2108;10.6389043
2109;11.5535023
2110;4.30509432
2111;6.9566406
2112;8.98653845
2113;10.4162112
2114;13.0984266
2115;15.2821917
2116;17.0188363
2117;18.4479799
2118;27.8307577
2119;26.7442725
2120;24.1879675
2121;22.0929996
2122;19.8067951
2123;16.9430781
2124;13.380705
2125;12.0699571
2126;11.878972
2127;9.2668461
2128;7.89397558
2129;7.50932376
2130;5.38385142
2131;7.10223004
2132;8.22165457
2133;8.80232447
2134;1.26536077
2135;5.04448506
2136;7.72383429
2137;11.2312394
2138;13.8613431
2139;15.9480049
2140;17.6514758
2141;23.1479044
2142;27.317764
2143;26.5763628
2144;22.4213711
2145;17.44963
2146;12.2877015
2147;8.2358944
2148;5.71111094
2149;5.29410159
2150;7.29145004
2151;7.00598847
2152;5.87393386
2153;5.73235743
2154;5.4457818
2155;7.8629211
2156;8.92342286
2157;9.43588036
2158;1.5888118
2159;4.94231824
2160;7.24748165
2161;8.8028123
2162;11.7235721
2163;13.8551506
2164;15.4849028
2165;16.7575604
2166;25.9203789
2167;24.5974526
2168;21.9599917
2169;19.5956909
2170;16.3968442
2171;14.1719975
2172;11.3430042
2173;8.28390377
2174;8.59124464
2175;8.45501192
2176;5.01387128
2177;7.40965997
2178;5.06220719
2179;6.57253603
2180;7.55289973
2181;8.08021576
2182;0.465044104
2183;2.65608511
2184;5.08151121
2185;7.12445054
2186;10.3380019
2187;12.7384039
2188;14.7112936
2189;16.2909531
2190;26.234342
2191;25.5973199
2192;20.977306
2193;14.963918
2194;9.63341923
2195;5.12585498
2196;1.59196505
2197;0.018208701
2198;0
2199;0
2200;0
2201;0
2202;0
2203;0.354470291
2204;2.53773993
2205;3.62637051
2206;0
2207;0
2208;0.626764962
2209;2.26027767
2210;3.33613495
2211;4.12858638
2212;4.72905092
2213;5.71044744
2214;14.8455649
2215;13.4908174
2216;10.8425472
2217;6.7519906
2218;4.47618613
2219;1.40967683
2220;0.165239766
2221;0
2222;0
2223;0
2224;0
2225;0
2226;0
2227;0
2228;0
2229;0.128497301
2230;0
2231;0
2232;0
2233;0
2234;0
2235;0.716080215
2236;2.16102334
2237;3.24237233
2238;12.7884476
2239;11.8502815
2240;9.20458224
2241;5.35974055
2242;2.67526396
2243;0.0419306923
2244;0
2245;0
2246;0
2247;0
2248;0
2249;0
2250;0
2251;0
2252;0
2253;0
2254;0
2255;0
2256;0
2257;0
2258;0.288055069
2259;1.9704923
2260;3.34464505
2261;4.91645466
2262;14.1713692
2263;12.2464151
2264;8.70075925
2265;5.39538764
2266;2.72389934
2267;2.06713142
2268;1.24255234
2269;0
2270;0
2271;0
2272;0.088740585
2273;0.120756764
2274;1.79750662
2275;3.62315005
2276;4.85255697
2277;5.72302375
2278;0
2279;0.863174953
2280;3.24150217
2281;5.14249241
2282;6.75246054
2283;8.02502346
2284;8.53293831
2285;9.55053557
2286;19.0512623
2287;17.654431
2288;13.9116712
2289;8.96812802
2290;4.83308115
2291;2.44160204
2292;0.644581235
2293;0
2294;0
2295;0
2296;0
2297;0
2298;0
2299;0.166206069
2300;2.39781421
2301;3.89932688
2302;0
2303;0
2304;1.12759962
2305;3.71583821
2306;5.67727901
2307;9.35643741
2308;12.1909471
2309;14.5035848
2310;24.6281364
2311;23.5191138
2312;18.4285121
2313;12.372602
2314;6.53753205
2315;1.41217729
2316;0
2317;0
2318;0
2319;0
2320;0
2321;0
2322;0
2323;0
2324;0
2325;0
2326;0
2327;0
2328;0
2329;0
2330;0.168805188
2331;1.91309221
2332;3.58673726
2333;8.51438252
2334;20.4599268
2335;20.575775
2336;15.8828298
2337;10.0447175
2338;4.52112788
2339;0.189957147
2340;0
2341;0
2342;0
2343;0
2344;0
2345;0
2346;0
2347;0
2348;0
2349;0
2350;0
2351;0
2352;0
2353;0
2354;0
2355;0
2356;0.287669256
2357;1.88528266
2358;15.6885979
2359;18.0375623
2360;14.7488197
2361;10.481865
2362;6.14992438
2363;0.709796249
2364;0
2365;0
2366;0
2367;0
2368;0
2369;0
2370;0
2371;0
2372;0
2373;0
2374;0
2375;0
2376;0
2377;0
2378;0
2379;0.0591756878
2380;1.15367229
2381;2.25456651
2382;15.3619144
2383;16.5624218
2384;12.5810405
2385;11.5760256
2386;5.69142759
2387;3.49811073
2388;1.45558422
2389;0
2390;0
2391;0
2392;0
2393;0
2394;0
2395;0
2396;0.342977727
2397;2.02968858
2398;0
2399;0
2400;0
2401;0.266658422
2402;1.69129381
2403;2.91367742
2404;3.84100861
2405;4.64563357
2406;13.8357293
2407;12.1681529
2408;8.71831048
2409;5.56977196
2410;2.69294097
2411;0.352583926
2412;2.75123619
2413;0
2414;0
2415;0
2416;0
2417;0
2418;0
2419;0
2420;0
2421;0.0795155417
2422;0
2423;0
2424;0
2425;0
2426;0
2427;0
2428;0.715451463
2429;1.80415206
2430;10.9101071
2431;8.63489861
2432;6.70780801
2433;3.84090183
2434;0.713066881
2435;0.883666938
2436;0
2437;0
2438;0
2439;0
2440;0
2441;0
2442;0
2443;0
2444;0
2445;0
2446;0
2447;0
2448;0
2449;0
2450;0.107642733
2451;1.3915007
2452;2.71134721
2453;6.86337518
2454;18.866194
2455;17.9822328
2456;13.1610364
2457;7.8215405
2458;5.656187
2459;1.78884711
2460;0.0448172573
2461;0
2462;0.00400237024
2463;0
2464;0
2465;0
2466;0.101441849
2467;0.907917628
2468;2.6154327
2469;3.64027551
2470;0
2471;0
2472;0.179684591
2473;1.90116541
2474;3.4921039
2475;4.56262687
2476;8.56729704
2477;12.1662831
2478;23.0067884
2479;21.5143236
2480;16.0145903
2481;9.85334995
2482;4.36307326
2483;0.365256605
2484;0
2485;0
2486;0
2487;0
2488;0
2489;0
2490;0
2491;0
2492;0
2493;0
2494;0
2495;0
2496;0
2497;0
2498;0
2499;0.166390273
2500;1.6089102
2501;2.94496778
2502;16.2034829
2503;17.7177096
2504;14.6749851
2505;9.55607505
2506;3.88921456
2507;0.350001407
2508;0
2509;0
2510;0
2511;0
2512;0
2513;0
2514;0
2515;0
2516;0
2517;0.418904246
2518;0
2519;0
2520;0
2521;0
2522;0
2523;0.165024422
2524;1.19737154
2525;2.01282222
2526;12.9704973
2527;16.4146524
2528;13.3850604
2529;11.3764075
2530;9.80716564
2531;7.86729893
2532;6.78296669
2533;5.2844788
2534;4.13443023
2535;4.21556738
2536;3.80114153
2537;3.30270079
2538;1.44534395
2539;2.44574384
2540;3.41784802
2541;4.14674368
2542;0
2543;0
2544;0.000524154162
2545;0.886832433
2546;1.95457009
2547;2.75633183
2548;3.37374985
2549;7.08882239
2550;19.5162567
2551;19.738849
2552;14.1983826
2553;8.4984351
2554;3.32032781
2555;0.165277772
2556;0
2557;0
2558;0
2559;0
2560;0
2561;0
2562;0
2563;0
2564;0
2565;0
2566;0
2567;0
2568;0
2569;0
2570;0
2571;0
2572;0.567765637
2573;2.15384871
2574;11.5976065
2575;9.26176032
2576;6.61386903
2577;3.12285918
2578;0.231273299
2579;0
2580;0
2581;0
2582;0
2583;0
2584;0
2585;0
2586;0
2587;0
2588;0
2589;0
2590;0
2591;0
2592;0
2593;0
2594;0
2595;0
2596;0
2597;0
2598;7.8530799
2599;6.20358729
2600;4.28931774
2601;1.42149128
2602;0
2603;0
2604;0
2605;0
2606;0
2607;0
2608;0
2609;0
2610;0
2611;0
2612;0
2613;0
2614;0
2615;0
2616;0
2617;0
2618;0
2619;0
2620;0
2621;0
2622;7.24042124
2623;9.44359915
2624;6.17544994
2625;1.05479957
2626;0
2627;0
2628;0
2629;0
2630;0
2631;0
2632;0
2633;0
2634;0
2635;0
2636;0
2637;0
2638;0
2639;0
2640;0
2641;0
2642;0
2643;0
2644;0
2645;0
2646;0.978314835
2647;2.3885052
2648;0.688374039
2649;0
2650;0
2651;0
2652;0
2653;0
2654;0
2655;0
2656;0
2657;0
2658;0
2659;0
2660;0
2661;0
2662;0
2663;0
2664;0
2665;0
2666;0
2667;0
2668;0
2669;0
2670;0
2671;0
2672;0
2673;0
2674;0
2675;0
2676;0
2677;0
2678;0
2679;0
2680;0
2681;0
2682;0
2683;0
2684;0
2685;0
2686;0
2687;0
2688;0
2689;0
2690;0
2691;0
2692;0
2693;0
2694;0
2695;0
2696;0
2697;0
2698;0
2699;0
2700;0
2701;0
2702;0
2703;0
2704;0
2705;0
2706;0
2707;0
2708;0
2709;0
2710;0
2711;0
2712;0
2713;0
2714;0
2715;0
2716;0
2717;0
2718;1.18614219
2719;3.10012629
2720;1.42352274
2721;0
2722;0
2723;0
2724;0
2725;0
2726;0
2727;0
2728;0
2729;0
2730;0
2731;0
2732;0
2733;0
2734;0
2735;0
2736;0
2737;0
2738;0
2739;0
2740;0
2741;0
2742;6.02718361
2743;4.3940548
2744;2.38833333
2745;0.0335617001
2746;0
2747;0
2748;0
2749;0
2750;0
2751;0
2752;0
2753;0
2754;0
2755;0
2756;0
2757;0
2758;0
2759;0
2760;0
2761;0
2762;0
2763;0
2764;0
2765;0
2766;2.61019203
2767;3.01288983
2768;3.5020443
2769;3.65187251
2770;2.83542141
2771;2.02759613
2772;3.02874596
2773;3.01775511
2774;2.84845634
2775;2.6638411
2776;1.24921201
2777;1.68075001
2778;1.30324923
2779;1.79063715
2780;3.25074017
2781;3.87279999
2782;0
2783;0
2784;0
2785;0.252911593
2786;1.94107984
2787;3.27724802
2788;4.78347666
2789;9.46197529
2790;20.9167656
2791;19.7587996
2792;14.2957236
2793;9.00103928
2794;4.22061732
2795;0.658851598
2796;0
2797;0
2798;0
2799;0
2800;0
2801;0
2802;0
2803;0
2804;0
2805;0
2806;0
2807;0
2808;0
2809;0
2810;0
2811;0
2812;0
2813;0
2814;7.08463343
2815;9.63616525
2816;6.32699086
2817;2.24151964
2818;0.00319156377
2819;0
2820;0
2821;0
2822;0
2823;0
2824;0
2825;0
2826;0
2827;0
2828;0
2829;0
2830;0
2831;0
2832;0
2833;0
2834;0
2835;0
2836;0
2837;0
2838;3.53489872
2839;5.7901547
2840;3.28297856
2841;0.291661708
2842;0
2843;0
2844;0
2845;0
2846;0
2847;0
2848;0
2849;0
2850;0
2851;0
2852;0
2853;0
2854;0
2855;0
2856;0
2857;0
2858;0
2859;0
2860;0
2861;0
2862;0
2863;0.0698171679
2864;1.57867236
2865;2.63304084
2866;0
2867;0
2868;0
2869;0
2870;0
2871;0
2872;0
2873;0
2874;0
2875;0
2876;0
2877;0
2878;0
2879;0
2880;0
2881;0
2882;0
2883;0
2884;0
2885;0
2886;6.80847722
2887;4.81909805
2888;3.79828382
2889;2.45513147
2890;0.0530339306
2891;0
2892;0
2893;0
2894;0
2895;0
2896;0
2897;0
2898;0
2899;0
2900;0
2901;0
2902;0
2903;0
2904;0
2905;0
2906;0
2907;0
2908;0
2909;0
2910;8.25388492
2911;5.92573199
2912;3.74855729
2913;0.781022829
2914;0
2915;0
2916;0
2917;0
2918;0
2919;0
2920;0
2921;0
2922;0
2923;0
2924;0
2925;0
2926;0
2927;0
2928;0
2929;0
2930;0
2931;0
2932;0
2933;0
2934;5.18180952
2935;4.76723677
2936;3.59704344
2937;3.13745373
2938;1.74688685
2939;0.0116092133
2940;0
2941;0
2942;0
2943;0
2944;0
2945;0
2946;0
2947;0
2948;0
2949;0
2950;0
2951;0
2952;0
2953;0
2954;0
2955;0
2956;0.209817596
2957;1.88307824
2958;15.1095914
2959;14.5313088
2960;9.68894561
2961;4.92347125
2962;0.769726933
2963;0
2964;0
2965;0
2966;0
2967;0
2968;0
2969;0
2970;0
2971;0
2972;0
2973;0
2974;0
2975;0
2976;0
2977;0
2978;0
2979;0
2980;0
2981;0.141668192
2982;12.3643528
2983;13.9253022
2984;10.3279306
2985;5.78234772
2986;3.82833912
2987;1.75678468
2988;2.62967725
2989;1.29551844
2990;3.66851305
2991;3.46093522
2992;0.370420259
2993;0.00633854331
2994;1.46332511
2995;2.09221165
2996;2.56979869
2997;3.54486369
2998;0
2999;0
3000;0.051334211
3001;1.28970579
3002;2.35076127
3003;3.11592541
3004;3.75257996
3005;7.88581093
3006;20.0972535
3007;19.5079539
3008;15.5492862
3009;10.9234543
3010;9.32555607
3011;7.129367
3012;6.57367754
3013;6.41932786
3014;6.16741102
3015;5.56467367
3016;5.47261857
3017;4.74986087
3018;2.51458204
3019;2.77272989
3020;3.60793514
3021;4.55412835
3022;0
3023;0
3024;0.689849097
3025;2.17486077
3026;3.34337258
3027;4.13065136
3028;7.96500317
3029;11.3446316
3030;21.9687091
3031;20.8253748
3032;15.1275893
3033;10.7291739
3034;6.57293119
3035;2.94234073
3036;3.05782872
3037;0.0528793755
3038;0.376307048
3039;0.717056282
3040;0
3041;0
3042;0
3043;0
3044;0.942497732
3045;2.04992613
3046;0
3047;0
3048;0
3049;0
3050;0.437571816
3051;1.9766932
3052;3.11900734
3053;6.01089366
3054;18.4097562
3055;17.2002033
3056;11.8333518
3057;7.16985107
3058;2.33595998
3059;0.00952619611
3060;0
3061;0
3062;0
3063;0
3064;0
3065;0
3066;0
3067;0
3068;0
3069;0
3070;0
3071;0
3072;0
3073;0
3074;0
3075;0
3076;0
3077;0
3078;6.74639737
3079;5.63878359
3080;4.37351947
3081;3.04121094
3082;0.54655321
3083;0
3084;0
3085;0
3086;0
3087;0
3088;0
3089;0
3090;0
3091;0
3092;0
3093;0
3094;0
3095;0
3096;0
3097;0
3098;0
3099;0
3100;0
3101;0.537984031
3102;9.13750793
3103;6.34892342
3104;3.94598158
3105;1.30922373
3106;0
3107;0
3108;0
3109;0
3110;0
3111;0
3112;0
3113;0
3114;0
3115;0
3116;0
3117;0
3118;0
3119;0
3120;0
3121;0
3122;0
3123;0
3124;0
3125;0
3126;0.0625062168
3127;0.573321176
3128;0
3129;0
3130;0
3131;0
3132;0
3133;0
3134;0
3135;0
3136;0
3137;0
3138;0
3139;0
3140;0
3141;0
3142;0
3143;0
3144;0
3145;0
3146;0
3147;0
3148;0
3149;0
3150;0
3151;0
3152;0
3153;0
3154;0
3155;0
3156;0
3157;0
3158;0
3159;0.0343956218
3160;1.24328763
3161;2.75211715
3162;2.25490223
3163;2.79588683
3164;3.67279514
3165;4.30477242
3166;0
3167;0
3168;0.0217229508
3169;1.10552444
3170;2.36474882
3171;3.29142113
3172;3.92278284
3173;7.79135118
3174;19.3884616
3175;19.296136
3176;14.7382516
3177;11.538943
3178;7.35618306
3179;3.8474927
3180;1.39338841
3181;0.248893677
3182;1.68783525
3183;0.252029107
3184;1.89451318
3185;0.448438591
3186;1.22916872
3187;2.14538296
3188;3.23296831
3189;4.40272199
3190;0
3191;0.00724249157
3192;1.21501687
3193;2.70582757
3194;3.84174862
3195;4.82106307
3196;6.49619385
3197;7.87363193
3198;16.2052946
3199;12.0948801
3200;8.90606018
3201;6.16835828
3202;4.02403639
3203;2.14559863
3204;0.758195911
3205;0.00396694088
3206;0
3207;0
3208;0
3209;0
3210;0
3211;0
3212;1.3413567
3213;3.2536137
3214;0
3215;0
3216;0.436696594
3217;2.41674858
3218;4.68852392
3219;6.37775118
3220;10.2794447
3221;12.907836
3222;22.2472682
3223;20.9728962
3224;14.752135
3225;9.70639203
3226;4.88155993
3227;1.19522757
3228;0.130134765
3229;0
3230;0
3231;0
3232;0
3233;0
3234;0.045407926
3235;1.48643614
3236;2.87705453
3237;4.59732996
3238;0
3239;0.017896882
3240;1.25440531
3241;2.7902155
3242;3.83941628
3243;4.85606699
3244;6.67761339
3245;8.28420968
3246;17.4545252
3247;15.7613827
3248;14.2904823
3249;12.8345624
3250;11.31671
3251;9.72628543
3252;6.92104514
3253;4.54652536
3254;2.68066424
3255;5.13646728
3256;5.28350239
3257;3.26791351
3258;3.87327506
3259;4.45793707
3260;7.20072918
3261;8.82840136
3262;2.61295351
3263;4.19055298
3264;6.24656048
3265;7.65618521
3266;8.75960444
3267;9.76758771
3268;10.5170305
3269;11.1867144
3270;19.6779133
3271;15.8155146
3272;11.9590315
3273;8.90173134
3274;6.60951678
3275;3.62246836
3276;2.1537231
3277;1.5030722
3278;0.592926914
3279;0.0529379274
3280;0
3281;0
3282;0.839938854
3283;1.44286238
3284;2.99983167
3285;4.58438263
3286;0
3287;0.172068241
3288;2.32067762
3289;4.38493538
3290;5.82237844
3291;6.88250946
3292;10.5273563
3293;13.2636583
3294;22.3492643
3295;19.9166776
3296;15.5943624
3297;12.2287071
3298;9.61382522
3299;4.28758458
3300;1.18785791
3301;0.0394473545
3302;0
3303;0
3304;0
3305;0
3306;0
3307;0
3308;0
3309;0.414725126
3310;0
3311;0
3312;0
3313;0
3314;0.106593431
3315;1.44248758
3316;2.47895081
3317;4.07385167
3318;16.4293613
3319;16.2568677
3320;10.5892789
3321;5.47960584
3322;0.960499262
3323;0
3324;0
3325;0
3326;0
3327;0
3328;0
3329;0
3330;0
3331;0
3332;0
3333;0
3334;0
3335;0
3336;0
3337;0
3338;0
3339;0
3340;0
3341;0
3342;5.96762323
3343;7.36835542
3344;3.76827899
3345;0.220462388
3346;0
3347;0
3348;0
3349;0
3350;0
3351;0
3352;0
3353;0
3354;0
3355;0
3356;0
3357;0
3358;0
3359;0
3360;0
3361;0
3362;0
3363;0
3364;0
3365;0
3366;0.00302323606
3367;0.464899749
3368;1.18417684
3369;0
3370;0
3371;0
3372;0
3373;0
3374;0
3375;0
3376;0
3377;0
3378;0
3379;0
3380;0
3381;0
3382;0
3383;0
3384;0
3385;0
3386;0
3387;0
3388;0
3389;0
3390;2.81494806
3391;3.29977099
3392;1.85330705
3393;0.0191592812
3394;0
3395;0
3396;0
3397;0
3398;0
3399;0
3400;0
3401;0
3402;0
3403;0
3404;0
3405;0
3406;0
3407;0
3408;0
3409;0
3410;0
3411;0
3412;0
3413;0
3414;6.11369342
3415;5.00789233
3416;3.17993463
3417;0.954514851
3418;0
3419;0
3420;0
3421;0
3422;0
3423;0
3424;0
3425;0
3426;0
3427;0
3428;0
3429;0
3430;0
3431;0
3432;0
3433;0
3434;0
3435;0
3436;0
3437;0
3438;1.08449651
3439;0.273941918
3440;0
3441;0
3442;0
3443;0
3444;0
3445;0
3446;0
3447;0
3448;0
3449;0
3450;0
3451;0
3452;0
3453;0
3454;0
3455;0
3456;0
3457;0
3458;0
3459;0
3460;0
3461;0
3462;0.131752071
3463;0
3464;0
3465;0
3466;0
3467;0
3468;0
3469;0
3470;0
3471;0
3472;0
3473;0
3474;0
3475;0
3476;0
3477;0
3478;0
3479;0
3480;0
3481;0
3482;0
3483;0
3484;0
3485;0
3486;2.34608482
3487;2.66652956
3488;1.03634894
3489;0
3490;0
3491;0
3492;0
3493;0
3494;0
3495;0
3496;0
3497;0
3498;0
3499;0
3500;0
3501;0
3502;0
3503;0
3504;0
3505;0
3506;0
3507;0
3508;0
3509;0
3510;7.07656673
3511;10.7642156
3512;7.38677843
3513;3.75599581
3514;0.0989171091
3515;0
3516;0
3517;0
3518;0
3519;0
3520;0
3521;0
3522;0
3523;0
3524;0
3525;0
3526;0
3527;0
3528;0
3529;0
3530;0
3531;0
3532;0
3533;0
3534;4.6164553
3535;6.9039314
3536;3.81183947
3537;0.462265807
3538;0
3539;0
3540;0
3541;0
3542;0
3543;0
3544;0
3545;0
3546;0
3547;0
3548;0
3549;0
3550;0
3551;0
3552;0
3553;0
3554;0
3555;0
3556;0
3557;0
3558;3.8629919
3559;5.12299699
3560;3.6586437
3561;0.223461877
3562;0
3563;0
3564;0
3565;0
3566;0
3567;0
3568;0
3569;0
3570;0
3571;0
3572;0
3573;0
3574;0
3575;0
3576;0
3577;0
3578;0
3579;0
3580;0
3581;0
3582;6.6881644
3583;4.21688245
3584;1.93948457
3585;0.566933576
3586;0.117949926
3587;0
3588;0
3589;0
3590;0
3591;0
3592;0
3593;0
3594;0
3595;0
3596;0
3597;0
3598;0
3599;0
3600;0
3601;0
3602;0
3603;0
3604;0
3605;0
3606;3.56900222
3607;1.99582739
3608;1.10011628
3609;0
3610;0
3611;0
3612;0
3613;0
3614;0
3615;0
3616;0
3617;0
3618;0
3619;0
3620;0
3621;0
3622;0
3623;0
3624;0
3625;0
3626;0
3627;0
3628;0
3629;0
3630;4.45156742
3631;9.11608122
3632;9.25890063
3633;9.34999211
3634;7.68826553
3635;6.76408464
3636;6.0505784
3637;5.06016766
3638;4.49124274
3639;4.31485209
3640;4.14957459
3641;4.16725876
3642;2.79910209
3643;3.08796181
3644;3.6158544
3645;4.20953421
3646;0
3647;0
3648;0
3649;0.137352828
3650;1.01973503
3651;1.76060033
3652;2.30432497
3653;2.72011754
3654;15.313292
3655;18.0423678
3656;14.7906688
3657;12.0226375
3658;10.6289473
3659;9.75194338
3660;8.40923555
3661;8.20143427
3662;7.88343341
3663;7.4803758
3664;7.09954533
3665;7.20135634
3666;4.04535479
3667;4.0025412
3668;4.52741566
3669;4.65781662
3670;0
3671;0
3672;0
3673;0.0900230766
3674;0.887566458
3675;1.60836057
3676;2.15924259
3677;2.60679629
3678;15.4258459
3679;18.1446604
3680;14.9822959
3681;12.4099459
3682;10.550537
3683;8.8108717
3684;7.90078519
3685;7.61681306
3686;6.76162014
3687;6.37917511
3688;6.12817092
3689;5.16751425
3690;3.38121798
3691;4.0167976
3692;3.95952995
3693;4.39765849
3694;0
3695;0
3696;0
3697;0.00104526082
3698;0.516442022
3699;1.26847148
3700;1.81887903
3701;2.24491038
3702;14.4506109
3703;16.6916209
3704;11.5902207
3705;7.26573461
3706;3.56580225
3707;0.40570774
3708;0
3709;0
3710;0
3711;0
3712;0
3713;0
3714;0
3715;0
3716;0
3717;0
3718;0
3719;0
3720;0
3721;0
3722;0
3723;0
3724;0
3725;0
3726;4.01984051
3727;4.92132467
3728;1.99262647
3729;0.0319232937
3730;0
3731;0
3732;0
3733;0
3734;0
3735;0
3736;0
3737;0
3738;0
3739;0
3740;0
3741;0
3742;0
3743;0
3744;0
3745;0
3746;0
3747;0
3748;0
3749;0
3750;0
3751;0
3752;0
3753;0
3754;0
3755;0
3756;0
3757;0
3758;0
3759;0
3760;0
3761;0
3762;0
3763;0
3764;0
3765;0
3766;0
3767;0
3768;0
3769;0
3770;0
3771;0
3772;0
3773;0
3774;0
3775;0
3776;0
3777;0
3778;0
3779;0
3780;0
3781;0
3782;0
3783;0
3784;0
3785;0
3786;0
3787;0
3788;0
3789;0
3790;0
3791;0
3792;0
3793;0
3794;0
3795;0
3796;0
3797;0
3798;0
3799;0
3800;0
3801;0
3802;0
3803;0
3804;0
3805;0
3806;0
3807;0
3808;0
3809;0
3810;0
3811;0
3812;0
3813;0
3814;0
3815;0
3816;0
3817;0
3818;0
3819;0
3820;0
3821;0
3822;0
3823;0
3824;0
3825;0
3826;0
3827;0
3828;0
3829;0
3830;0
3831;0
3832;0
3833;0
3834;0
3835;0
3836;0
3837;0
3838;0
3839;0
3840;0
3841;0
3842;0
3843;0
3844;0
3845;0
3846;0
3847;0
3848;0
3849;0
3850;0
3851;0
3852;0
3853;0
3854;0
3855;0
3856;0
3857;0
3858;0
3859;0
3860;0
3861;0
3862;0
3863;0
3864;0
3865;0
3866;0
3867;0
3868;0
3869;0
3870;0
3871;0
3872;0
3873;0
3874;0
3875;0
3876;0
3877;0
3878;0
3879;0
3880;0
3881;0
3882;0
3883;0
3884;0
3885;0
3886;0
3887;0
3888;0
3889;0
3890;0
3891;0
3892;0
3893;0
3894;0
3895;0
3896;0
3897;0
3898;0
3899;0
3900;0
3901;0
3902;0
3903;0
3904;0
3905;0
3906;0
3907;0
3908;0
3909;0
3910;0
3911;0
3912;0
3913;0
3914;0
3915;0
3916;0
3917;0
3918;0
3919;0
3920;0
3921;0
3922;0
3923;0
3924;0
3925;0
3926;0
3927;0
3928;0
3929;0
3930;0
3931;0
3932;0
3933;0
3934;0
3935;0
3936;0
3937;0
3938;0
3939;0
3940;0
3941;0
3942;2.04256493
3943;1.99765974
3944;1.68389169
3945;1.12438122
3946;0.544700391
3947;0
3948;0
3949;0
3950;0
3951;0
3952;0
3953;0
3954;0
3955;0
3956;0
3957;0
3958;0
3959;0
3960;0
3961;0
3962;0
3963;0
3964;0
3965;0
3966;3.83803151
3967;5.91361106
3968;4.41934938
3969;3.1750793
3970;2.21811702
3971;1.22936049
3972;0.833386016
3973;0.0452492589
3974;0
3975;0
3976;0
3977;0
3978;0
3979;0
3980;0
3981;0.0394433924
3982;0
3983;0
3984;0
3985;0
3986;0
3987;0
3988;0
3989;0
3990;5.47679633
3991;8.42169414
3992;7.16044945
3993;6.34183472
3994;5.59497901
3995;5.12567443
3996;4.86571954
3997;4.55685899
3998;4.31981694
3999;4.40318767
4000;4.10234628
4001;4.47781265
4002;2.50517978
4003;2.72648513
4004;2.82430444
4005;3.26969412
4006;0
4007;0
4008;0
4009;0
4010;0
4011;0
4012;0.0431422254
4013;0.54433622
4014;9.16659799
4015;14.3313786
4016;10.7755566
4017;8.20342645
4018;5.77628566
4019;4.20298045
4020;3.22668324
4021;1.49266031
4022;0.201085738
4023;0
4024;0
4025;0
4026;0
4027;0
4028;0.337315861
4029;1.17227924
4030;0
4031;0
4032;0
4033;0
4034;0
4035;0
4036;0
4037;0
4038;8.83700711
4039;10.3337121
4040;6.43407293
4041;3.26938374
4042;1.24234238
4043;1.31295869
4044;0.521041651
4045;1.28992901
4046;2.04581966
4047;2.2290323
4048;2.18826643
4049;2.13931946
4050;1.86797692
4051;2.15443962
4052;2.75005338
4053;3.19319191
4054;0
4055;0
4056;0
4057;0
4058;0
4059;0.0572405221
4060;0.740062013
4061;1.39397101
4062;12.3533678
4063;15.2794641
4064;12.5964375
4065;10.3791578
4066;8.89588555
4067;7.52286419
4068;6.01451156
4069;5.424552
4070;4.96290243
4071;3.87378395
4072;4.29590252
4073;4.56710472
4074;2.8599521
4075;3.2214075
4076;3.52349754
4077;4.39778597
4078;0
4079;0
4080;0
4081;0.685932614
4082;1.70779681
4083;2.44853969
4084;2.99564032
4085;3.43408071
4086;11.9927168
4087;10.0171919
4088;8.52197416
4089;6.56042516
4090;5.74091235
4091;5.09662477
4092;3.75436418
4093;3.70534063
4094;3.41977717
4095;3.53336594
4096;3.45929364
4097;3.57083788
4098;3.66530237
4099;4.08053785
4100;4.60002634
4101;5.62265207
4102;0.990634721
4103;1.21954753
4104;1.47053298
4105;2.52738981
4106;3.47257352
4107;4.18782633
4108;4.7406885
4109;5.13397702
4110;13.4644498
4111;11.1953112
4112;9.15275922
4113;6.83444361
4114;4.19055001
4115;4.2608749
4116;3.47196613
4117;3.23718885
4118;2.86430676
4119;2.30368336
4120;1.5250321
4121;1.835505
4122;1.67992989
4123;1.82294334
4124;2.41755672
4125;3.43262982
4126;0
4127;0
4128;0.115189561
4129;0.896122465
4130;2.38556212
4131;3.78102665
4132;4.68813413
4133;9.01938855
4134;20.3861532
4135;19.5388995
4136;14.8905867
4137;10.9122123
4138;6.35647218
4139;2.61428907
4140;1.09433595
4141;0.70737109
4142;0.853334464
4143;1.53058599
4144;1.6108552
4145;0.015532191
4146;0.139596652
4147;0.346354181
4148;0.902009911
4149;2.14517483
4150;0
4151;0
4152;0
4153;0
4154;0
4155;0.378212009
4156;1.14132958
4157;1.7512058
4158;11.7620282
4159;12.8633524
4160;8.4951082
4161;5.15865529
4162;1.49439696
4163;0.0121341732
4164;0.294417978
4165;0
4166;0
4167;0
4168;0
4169;0
4170;0
4171;0
4172;0
4173;0
4174;0
4175;0
4176;0
4177;0
4178;0
4179;0
4180;0
4181;0
4182;5.38188549
4183;8.56954004
4184;4.72598218
4185;2.1027515
4186;0
4187;0
4188;0
4189;0
4190;0
4191;0
4192;0
4193;0
4194;0
4195;0
4196;0
4197;0
4198;0
4199;0
4200;0
4201;0
4202;0
4203;0
4204;0
4205;0
4206;3.3771235
4207;3.32818535
4208;0.635973293
4209;0
4210;0
4211;0
4212;0
4213;0
4214;0
4215;0
4216;0
4217;0
4218;0
4219;0
4220;0
4221;0
4222;0
4223;0
4224;0
4225;0
4226;0
4227;0
4228;0
4229;0
4230;0
4231;0
4232;0
4233;0
4234;0
4235;0
4236;0
4237;0
4238;0
4239;0
4240;0
4241;0
4242;0
4243;0
4244;0
4245;0
4246;0
4247;0
4248;0
4249;0
4250;0
4251;0
4252;0
4253;0
4254;0
4255;0
4256;0
4257;0
4258;0
4259;0
4260;0
4261;0
4262;0
4263;0
4264;0
4265;0
4266;0
4267;0
4268;0
4269;0
4270;0
4271;0
4272;0
4273;0
4274;0
4275;0
4276;0
4277;0
4278;0
4279;0
4280;0
4281;0
4282;0
4283;0
4284;0
4285;0
4286;0
4287;0
4288;0
4289;0
4290;0
4291;0
4292;0
4293;0
4294;0
4295;0
4296;0
4297;0
4298;0
4299;0
4300;0
4301;0
4302;0
4303;0
4304;0
4305;0
4306;0
4307;0
4308;0
4309;0
4310;0
4311;0
4312;0
4313;0
4314;0
4315;0
4316;0
4317;0
4318;0
4319;0
4320;0
4321;0
4322;0
4323;0
4324;0
4325;0
4326;0
4327;0
4328;0
4329;0
4330;0
4331;0
4332;0
4333;0
4334;0
4335;0
4336;0
4337;0
4338;0
4339;0
4340;0
4341;0
4342;0
4343;0
4344;0
4345;0
4346;0
4347;0
4348;0
4349;0
4350;0
4351;0
4352;0
4353;0
4354;0
4355;0
4356;0
4357;0
4358;0
4359;0
4360;0
4361;0
4362;0
4363;0
4364;0
4365;0
4366;0
4367;0
4368;0
4369;0
4370;0
4371;0
4372;0
4373;0
4374;0
4375;0
4376;0
4377;0
4378;0
4379;0
4380;0
4381;0
4382;0
4383;0
4384;0
4385;0
4386;0
4387;0
4388;0
4389;0
4390;0
4391;0
4392;0
4393;0
4394;0
4395;0
4396;0
4397;0
4398;0
4399;0
4400;0
4401;0
4402;0
4403;0
4404;0
4405;0
4406;0
4407;0
4408;0
4409;0
4410;0
4411;0
4412;0
4413;0
4414;0
4415;0
4416;0
4417;0
4418;0
4419;0
4420;0
4421;0
4422;0
4423;0
4424;0
4425;0
4426;0
4427;0
4428;0
4429;0
4430;0
4431;0
4432;0
4433;0
4434;0
4435;0
4436;0
4437;0
4438;0
4439;0
4440;0
4441;0
4442;0
4443;0
4444;0
4445;0
4446;0
4447;0
4448;0
4449;0
4450;0
4451;0
4452;0
4453;0
4454;0
4455;0
4456;0
4457;0
4458;0
4459;0
4460;0
4461;0
4462;0
4463;0
4464;0
4465;0
4466;0
4467;0
4468;0
4469;0
4470;0
4471;0
4472;0
4473;0
4474;0
4475;0
4476;0
4477;0
4478;0
4479;0
4480;0
4481;0
4482;0
4483;0
4484;0
4485;0
4486;0
4487;0
4488;0
4489;0
4490;0
4491;0
4492;0
4493;0
4494;0
4495;0
4496;0
4497;0
4498;0
4499;0
4500;0
4501;0
4502;0
4503;0
4504;0
4505;0
4506;0
4507;0
4508;0
4509;0
4510;0
4511;0
4512;0
4513;0
4514;0
4515;0
4516;0
4517;0
4518;0
4519;0
4520;0
4521;0
4522;0
4523;0
4524;0
4525;0
4526;0
4527;0
4528;0
4529;0
4530;0
4531;0
4532;0
4533;0
4534;0
4535;0
4536;0
4537;0
4538;0
4539;0
4540;0
4541;0
4542;0
4543;0
4544;0
4545;0
4546;0
4547;0
4548;0
4549;0
4550;0
4551;0
4552;0
4553;0
4554;0
4555;0
4556;0
4557;0
4558;0
4559;0
4560;0
4561;0
4562;0
4563;0
4564;0
4565;0
4566;0
4567;0
4568;0
4569;0
4570;0
4571;0
4572;0
4573;0
4574;0
4575;0
4576;0
4577;0
4578;0
4579;0
4580;0
4581;0
4582;0
4583;0
4584;0
4585;0
4586;0
4587;0
4588;0
4589;0
4590;0
4591;0
4592;0
4593;0
4594;0
4595;0
4596;0
4597;0
4598;0
4599;0
4600;0
4601;0
4602;0
4603;0
4604;0
4605;0
4606;0
4607;0
4608;0
4609;0
4610;0
4611;0
4612;0
4613;0
4614;0
4615;0
4616;0
4617;0
4618;0
4619;0
4620;0
4621;0
4622;0
4623;0
4624;0
4625;0
4626;0
4627;0
4628;0
4629;0
4630;0
4631;0
4632;0
4633;0
4634;0
4635;0
4636;0
4637;0
4638;3.27975465
4639;5.23026604
4640;4.42323658
4641;3.67626943
4642;2.89887916
4643;2.43546838
4644;1.29188161
4645;0
4646;0
4647;0
4648;0
4649;0
4650;0
4651;0
4652;0
4653;0
4654;0
4655;0
4656;0
4657;0
4658;0
4659;0
4660;0
4661;0
4662;1.04659887
4663;2.36921522
4664;1.2592345
4665;0.0933947388
4666;0
4667;0
4668;0
4669;0
4670;0
4671;0
4672;0
4673;0
4674;0
4675;0
4676;0
4677;0
4678;0
4679;0
4680;0
4681;0
4682;0
4683;0
4684;0
4685;0
4686;2.57534465
4687;4.68065406
4688;2.95186262
4689;0.468103229
4690;7.61080073E-06
4691;0
4692;0
4693;0
4694;0
4695;0
4696;0
4697;0
4698;0
4699;0
4700;0
4701;0.0760306607
4702;0
4703;0
4704;0
4705;0
4706;0
4707;0
4708;0
4709;0
4710;8.70699054
4711;12.7536016
4712;9.52411394
4713;5.87520734
4714;2.65911666
4715;0.965104886
4716;0
4717;0
4718;0
4719;0
4720;0
4721;0
4722;0
4723;0
4724;0
4725;0
4726;0
4727;0
4728;0
4729;0
4730;0
4731;0
4732;0
4733;0
4734;4.83756252
4735;6.11732129
4736;5.0138195
4737;2.09134962
4738;0.000414381156
4739;0
4740;0
4741;0
4742;0
4743;0
4744;0
4745;0
4746;0
4747;0
4748;0
4749;0
4750;0
4751;0
4752;0
4753;0
4754;0
4755;0
4756;0
4757;0
4758;2.735471
4759;2.42801989
4760;0.490430006
4761;0
4762;0
4763;0
4764;0
4765;0
4766;0
4767;0
4768;0
4769;0
4770;0
4771;0
4772;0
4773;0
4774;0
4775;0
4776;0
4777;0
4778;0
4779;0
4780;0
4781;0
4782;0
4783;0
4784;0
4785;0
4786;0
4787;0
4788;0
4789;0
4790;0
4791;0
4792;0
4793;0
4794;0
4795;0
4796;0
4797;0
4798;0
4799;0
4800;0
4801;0
4802;0
4803;0
4804;0
4805;0
4806;0
4807;0
4808;0
4809;0
4810;0
4811;0
4812;0
4813;0
4814;0
4815;0
4816;0
4817;0
4818;0
4819;0
4820;0
4821;0
4822;0
4823;0
4824;0
4825;0
4826;0
4827;0
4828;0
4829;0
4830;3.57302483
4831;5.86156382
4832;4.10092409
4833;1.91895302
4834;1.86734245
4835;0.010249749
4836;0
4837;0
4838;0
4839;0
4840;0
4841;0
4842;0
4843;0
4844;0
4845;0.0262303903
4846;0
4847;0
4848;0
4849;0
4850;0
4851;0
4852;0
4853;0.547622479
4854;10.7639613
4855;12.5700903
4856;8.43509926
4857;5.20471812
4858;2.94461986
4859;0.958002106
4860;0.242679374
4861;0
4862;0
4863;0
4864;0
4865;0
4866;0
4867;0
4868;0
4869;0
4870;0
4871;0
4872;0
4873;0
4874;0
4875;0
4876;0
4877;0.00458816895
4878;8.65146055
4879;10.6505191
4880;6.67630094
4881;3.62425714
4882;0.425930715
4883;0
4884;0
4885;0
4886;0
4887;0
4888;0
4889;0
4890;0
4891;0
4892;0
4893;0
4894;0
4895;0
4896;0
4897;0
4898;0
4899;0
4900;0
4901;0
4902;2.21223929
4903;2.52168695
4904;0.0912378883
4905;0
4906;0
4907;0
4908;0
4909;0
4910;0
4911;0
4912;0
4913;0
4914;0
4915;0
4916;0
4917;0
4918;0
4919;0
4920;0
4921;0
4922;0
4923;0
4924;0
4925;0
4926;0
4927;0
4928;0
4929;0
4930;0
4931;0
4932;0
4933;0
4934;0
4935;0
4936;0
4937;0
4938;0
4939;0
4940;0
4941;0
4942;0
4943;0
4944;0
4945;0
4946;0
4947;0
4948;0
4949;0
4950;0
4951;0
4952;0
4953;0
4954;0
4955;0
4956;0
4957;0
4958;0
4959;0
4960;0
4961;0
4962;0
4963;0
4964;0
4965;0
4966;0
4967;0
4968;0
4969;0
4970;0
4971;0
4972;0
4973;0
4974;0
4975;0
4976;0
4977;0
4978;0
4979;0
4980;0
4981;0
4982;0
4983;0
4984;0
4985;0
4986;0
4987;0
4988;0
4989;0
4990;0
4991;0
4992;0
4993;0
4994;0
4995;0
4996;0
4997;0
4998;0
4999;0
5000;0
5001;0
5002;0
5003;0
5004;0
5005;0
5006;0
5007;0
5008;0
5009;0
5010;0
5011;0
5012;0
5013;0
5014;0
5015;0
5016;0
5017;0
5018;0
5019;0
5020;0
5021;0
5022;0
5023;0
5024;0
5025;0
5026;0
5027;0
5028;0
5029;0
5030;0
5031;0
5032;0
5033;0
5034;0
5035;0
5036;0
5037;0
5038;0
5039;0
5040;0
5041;0
5042;0
5043;0
5044;0
5045;0
5046;0
5047;0
5048;0
5049;0
5050;0
5051;0
5052;0
5053;0
5054;0
5055;0
5056;0
5057;0
5058;0
5059;0
5060;0
5061;0
5062;0
5063;0
5064;0
5065;0
5066;0
5067;0
5068;0
5069;0
5070;0
5071;0
5072;0
5073;0
5074;0
5075;0
5076;0
5077;0
5078;0
5079;0
5080;0
5081;0
5082;0
5083;0
5084;0
5085;0
5086;0
5087;0
5088;0
5089;0
5090;0
5091;0
5092;0
5093;0
5094;0
5095;0
5096;0
5097;0
5098;0
5099;0
5100;0
5101;0
5102;0
5103;0
5104;0
5105;0
5106;0
5107;0
5108;0
5109;0
5110;0
5111;0
5112;0
5113;0
5114;0
5115;0
5116;0
5117;0
5118;0
5119;0
5120;0
5121;0
5122;0
5123;0
5124;0
5125;0
5126;0
5127;0
5128;0
5129;0
5130;0
5131;0
5132;0
5133;0
5134;0
5135;0
5136;0
5137;0
5138;0
5139;0
5140;0
5141;0
5142;0
5143;0
5144;0
5145;0
5146;0
5147;0
5148;0
5149;0
5150;0
5151;0
5152;0
5153;0
5154;0
5155;0
5156;0
5157;0
5158;0
5159;0
5160;0
5161;0
5162;0
5163;0
5164;0
5165;0
5166;0
5167;0
5168;0
5169;0
5170;0
5171;0
5172;0
5173;0
5174;0
5175;0
5176;0
5177;0
5178;0
5179;0
5180;0
5181;0
5182;0
5183;0
5184;0
5185;0
5186;0
5187;0
5188;0
5189;0
5190;0
5191;0
5192;0
5193;0
5194;0
5195;0
5196;0
5197;0
5198;0
5199;0
5200;0
5201;0
5202;0
5203;0
5204;0
5205;0
5206;0
5207;0
5208;0
5209;0
5210;0
5211;0
5212;0
5213;0
5214;0
5215;0
5216;0
5217;0
5218;0
5219;0
5220;0
5221;0
5222;0
5223;0
5224;0
5225;0
5226;0
5227;0
5228;0
5229;0
5230;0
5231;0
5232;0
5233;0
5234;0
5235;0
5236;0
5237;0
5238;0
5239;0
5240;0
5241;0
5242;0
5243;0
5244;0
5245;0
5246;0
5247;0
5248;0
5249;0
5250;0
5251;0
5252;0
5253;0
5254;0
5255;0
5256;0
5257;0
5258;0
5259;0
5260;0
5261;0
5262;0
5263;0
5264;0
5265;0
5266;0
5267;0
5268;0
5269;0
5270;0
5271;0
5272;0
5273;0
5274;0
5275;0
5276;0
5277;0
5278;0
5279;0
5280;0
5281;0
5282;0
5283;0
5284;0
5285;0
5286;0
5287;0
5288;0
5289;0
5290;0
5291;0
5292;0
5293;0
5294;0
5295;0
5296;0
5297;0
5298;0
5299;0
5300;0
5301;0
5302;0
5303;0
5304;0
5305;0
5306;0
5307;0
5308;0
5309;0
5310;0
5311;0
5312;0
5313;0
5314;0
5315;0
5316;0
5317;0
5318;0
5319;0
5320;0
5321;0
5322;0
5323;0
5324;0
5325;0
5326;0
5327;0
5328;0
5329;0
5330;0
5331;0
5332;0
5333;0
5334;0
5335;0
5336;0
5337;0
5338;0
5339;0
5340;0
5341;0
5342;0
5343;0
5344;0
5345;0
5346;0
5347;0
5348;0
5349;0
5350;0
5351;0
5352;0
5353;0
5354;0
5355;0
5356;0
5357;0
5358;0
5359;0
5360;0
5361;0
5362;0
5363;0
5364;0
5365;0
5366;0
5367;0
5368;0
5369;0
5370;0
5371;0
5372;0
5373;0
5374;0
5375;0
5376;0
5377;0
5378;0
5379;0
5380;0
5381;0
5382;0
5383;0
5384;0
5385;0
5386;0
5387;0
5388;0
5389;0
5390;0
5391;0
5392;0
5393;0
5394;0
5395;0
5396;0
5397;0
5398;0
5399;0
5400;0
5401;0
5402;0
5403;0
5404;0
5405;0
5406;0
5407;0
5408;0
5409;0
5410;0
5411;0
5412;0
5413;0
5414;0
5415;0
5416;0
5417;0
5418;0
5419;0
5420;0
5421;0
5422;0
5423;0
5424;0
5425;0
5426;0
5427;0
5428;0
5429;0
5430;2.54502041
5431;2.04197006
5432;0.899036227
5433;0
5434;0
5435;0
5436;0
5437;0
5438;0
5439;0
5440;0
5441;0
5442;0
5443;0
5444;0
5445;0
5446;0
5447;0
5448;0
5449;0
5450;0
5451;0
5452;0
5453;0
5454;0
5455;0
5456;0
5457;0
5458;0
5459;0
5460;0
5461;0
5462;0
5463;0
5464;0
5465;0
5466;0
5467;0
5468;0
5469;0
5470;0
5471;0
5472;0
5473;0
5474;0
5475;0
5476;0
5477;0
5478;0
5479;0
5480;0
5481;0
5482;0
5483;0
5484;0
5485;0
5486;0
5487;0
5488;0
5489;0
5490;0
5491;0
5492;0
5493;0
5494;0
5495;0
5496;0
5497;0
5498;0
5499;0
5500;0
5501;0
5502;0
5503;0
5504;0
5505;0
5506;0
5507;0
5508;0
5509;0
5510;0
5511;0
5512;0
5513;0
5514;0
5515;0
5516;0
5517;0
5518;0
5519;0
5520;0
5521;0
5522;0
5523;0
5524;0
5525;0
5526;0
5527;0
5528;0
5529;0
5530;0
5531;0
5532;0
5533;0
5534;0
5535;0
5536;0
5537;0
5538;0
5539;0
5540;0
5541;0
5542;0
5543;0
5544;0
5545;0
5546;0
5547;0
5548;0
5549;0
5550;0.397670474
5551;0.37426236
5552;0.0140958739
5553;0
5554;0
5555;0
5556;0
5557;0
5558;0
5559;0
5560;0
5561;0
5562;0
5563;0
5564;0
5565;0
5566;0
5567;0
5568;0
5569;0
5570;0
5571;0
5572;0
5573;0
5574;4.28973326
5575;6.35492474
5576;3.56285183
5577;0.231069564
5578;0
5579;0
5580;0
5581;0
5582;0
5583;0
5584;0
5585;0
5586;0
5587;0
5588;0
5589;0
5590;0
5591;0
5592;0
5593;0
5594;0
5595;0
5596;0
5597;0
5598;3.33627938
5599;2.69107756
5600;1.32032099
5601;0
5602;0
5603;0
5604;0
5605;0
5606;0
5607;0
5608;0
5609;0
5610;0
5611;0
5612;0
5613;0
5614;0
5615;0
5616;0
5617;0
5618;0
5619;0
5620;0
5621;0
5622;0.0716941512
5623;0.614343818
5624;0.103118443
5625;0
5626;0
5627;0
5628;0
5629;0
5630;0
5631;0
5632;0
5633;0
5634;0
5635;0
5636;0
5637;0
5638;0
5639;0
5640;0
5641;0
5642;0
5643;0
5644;0
5645;0
5646;0.000410764955
5647;0.107032537
5648;0
5649;0
5650;0
5651;0
5652;0
5653;0
5654;0
5655;0
5656;0
5657;0
5658;0
5659;0
5660;0
5661;0
5662;0
5663;0
5664;0
5665;0
5666;0
5667;0
5668;0
5669;0
5670;0
5671;0
5672;0
5673;0
5674;0
5675;0
5676;0
5677;0
5678;0
5679;0
5680;0
5681;0
5682;0
5683;0
5684;0.313709581
5685;1.18933304
5686;0
5687;0
5688;0
5689;0
5690;0
5691;0
5692;0
5693;0.0809973422
5694;9.84141579
5695;12.6129462
5696;8.07838282
5697;3.40285263
5698;0.351685137
5699;0
5700;0
5701;0
5702;0
5703;0
5704;0
5705;0
5706;0
5707;0
5708;0
5709;0
5710;0
5711;0
5712;0
5713;0
5714;0
5715;0
5716;0
5717;0
5718;9.01649467
5719;12.4796991
5720;9.18985878
5721;7.18852138
5722;4.71163922
5723;2.53617513
5724;1.76527414
5725;1.0281254
5726;0.295687129
5727;0
5728;0
5729;0
5730;0
5731;0.142737168
5732;0.984640334
5733;1.7565733
5734;0
5735;0
5736;0
5737;0
5738;0
5739;0
5740;0
5741;0
5742;8.4029927
5743;12.6848678
5744;9.74260899
5745;7.83767857
5746;4.39213878
5747;0.416353911
5748;0.0118906914
5749;0
5750;0
5751;0
5752;0
5753;0
5754;0
5755;0
5756;0
5757;0
5758;0
5759;0
5760;0
5761;0
5762;0
5763;0
5764;0
5765;0
5766;7.77096564
5767;6.02018959
5768;4.26633634
5769;1.80396344
5770;0.00154615586
5771;0
5772;0
5773;0
5774;0
5775;0
5776;0
5777;0
5778;0
5779;0
5780;0
5781;0
5782;0
5783;0
5784;0
5785;0
5786;0
5787;0
5788;0
5789;0
5790;4.88665438
5791;4.11614646
5792;2.59578436
5793;0.537313062
5794;0
5795;0
5796;0
5797;0
5798;0
5799;0
5800;0
5801;0
5802;0
5803;0
5804;0
5805;0
5806;0
5807;0
5808;0
5809;0
5810;0
5811;0
5812;0
5813;0
5814;1.47010603
5815;4.15733257
5816;2.14481751
5817;0
5818;0
5819;0
5820;0
5821;0
5822;0
5823;0
5824;0
5825;0
5826;0
5827;0
5828;0
5829;0
5830;0
5831;0
5832;0
5833;0
5834;0
5835;0
5836;0
5837;0
5838;0
5839;0
5840;0
5841;0
5842;0
5843;0
5844;0
5845;0
5846;0
5847;0
5848;0
5849;0
5850;0
5851;0
5852;0
5853;0
5854;0
5855;0
5856;0
5857;0
5858;0
5859;0
5860;0
5861;0
5862;0
5863;0
5864;0
5865;0
5866;0
5867;0
5868;0
5869;0
5870;0
5871;0
5872;0
5873;0
5874;0
5875;0
5876;0.163860446
5877;0.663400828
5878;0
5879;0
5880;0
5881;0
5882;0
5883;0
5884;0
5885;0
5886;7.80026451
5887;11.6740382
5888;8.58007163
5889;6.18120433
5890;2.94608949
5891;0.748999673
5892;0.014890495
5893;0
5894;0
5895;0
5896;0
5897;0.00995669359
5898;0.0949241408
5899;0.929077785
5900;1.8705724
5901;2.20675659
5902;0
5903;0
5904;0
5905;0
5906;0
5907;0
5908;0
5909;0.00433037894
5910;9.59451194
5911;13.1116375
5912;10.1886038
5913;6.5856362
5914;2.80670791
5915;0.854117402
5916;0
5917;0
5918;0
5919;0
5920;0
5921;0
5922;0
5923;0
5924;0
5925;0
5926;0
5927;0
5928;0
5929;0
5930;0
5931;0
5932;0
5933;0
5934;5.2589071
5935;4.46469025
5936;3.98895627
5937;3.03639809
5938;3.30245909
5939;2.85547463
5940;2.6426671
5941;1.28293913
5942;0.112666099
5943;0.000333837982
5944;0.134080865
5945;0
5946;0.187362264
5947;1.23692939
5948;2.05672434
5949;2.70648212
5950;0
5951;0
5952;0
5953;0
5954;0.000779047934
5955;0.482709806
5956;1.35360338
5957;2.04581506
5958;10.8633704
5959;9.0852587
5960;7.66334267
5961;6.7221697
5962;5.39076165
5963;3.54252851
5964;4.29422035
5965;3.18090438
5966;0.0364626008
5967;0
5968;0.630748334
5969;0.789456655
5970;0.908099923
5971;2.08996211
5972;3.00706666
5973;3.59850145
5974;0
5975;0
5976;0
5977;0.19144066
5978;1.50716487
5979;2.94197606
5980;4.00655783
5981;8.48513881
5982;19.8363943
5983;20.0614734
5984;15.6141068
5985;10.3769362
5986;6.26981454
5987;3.9877394
5988;3.92382959
5989;2.65027451
5990;2.22415562
5991;0.923515607
5992;1.16231418
5993;2.21541882
5994;1.52652825
5995;2.57446658
5996;3.2314322
5997;3.59332597
5998;0
5999;0
6000;0
6001;0
6002;0.253943447
6003;1.0943326
6004;1.82321756
6005;2.36207803
6006;14.670367
6007;17.7671742
6008;13.595669
6009;9.07510409
6010;5.21355754
6011;2.642876
6012;0.212033808
6013;0
6014;0
6015;0
6016;0
6017;0
6018;0
6019;0
6020;0
6021;0.0200847329
6022;0
6023;0
6024;0
6025;0
6026;0
6027;0
6028;0.245712765
6029;1.20101091
6030;11.6668534
6031;15.2360954
6032;11.7601261
6033;5.90750023
6034;1.61580206
6035;0
6036;0
6037;0
6038;0
6039;0
6040;0
6041;0
6042;0
6043;0
6044;0
6045;0.548997626
6046;0
6047;0
6048;0
6049;0
6050;0
6051;0.715047114
6052;1.81348138
6053;3.16495639
6054;16.2758167
6055;17.537976
6056;14.179823
6057;10.7731477
6058;7.88893036
6059;6.54656334
6060;5.34800791
6061;3.99578276
6062;1.63770015
6063;0
6064;0
6065;0
6066;0
6067;0.0225840484
6068;1.42388433
6069;2.41405961
6070;0
6071;0
6072;0
6073;0
6074;0.722672133
6075;1.95308282
6076;2.88648917
6077;5.3396563
6078;18.0515716
6079;18.5905759
6080;13.4342161
6081;7.74859097
6082;2.35315975
6083;6.24525255E-07
6084;0
6085;0
6086;0
6087;0
6088;0
6089;0
6090;0
6091;0
6092;0
6093;0
6094;0
6095;0
6096;0
6097;0
6098;0
6099;0
6100;0
6101;0
6102;7.45039416
6103;6.76564841
6104;5.5348844
6105;2.97533882
6106;1.02697685
6107;0
6108;0
6109;0
6110;0
6111;0
6112;0
6113;0
6114;0
6115;0
6116;0
6117;0
6118;0
6119;0
6120;0
6121;0
6122;0
6123;0
6124;0
6125;0
6126;0.658025509
6127;1.27595443
6128;0.265704505
6129;0
6130;0
6131;0
6132;0
6133;0
6134;0
6135;0
6136;0
6137;0
6138;0
6139;0
6140;0
6141;0
6142;0
6143;0
6144;0
6145;0
6146;0
6147;0
6148;0
6149;0
6150;0
6151;0
6152;0
6153;0
6154;0
6155;0
6156;0
6157;0
6158;0
6159;0
6160;0
6161;0.13062322
6162;0.215470077
6163;1.17971596
6164;1.91306325
6165;2.45495427
6166;0
6167;0
6168;0
6169;0
6170;0
6171;0
6172;0
6173;0
6174;8.21797596
6175;12.8754048
6176;10.5658107
6177;5.18137278
6178;1.60308401
6179;0.0565005067
6180;0
6181;0
6182;0
6183;0
6184;0
6185;0
6186;0
6187;0
6188;0
6189;0
6190;0
6191;0
6192;0
6193;0
6194;0
6195;0
6196;0
6197;0
6198;7.07474336
6199;11.3247297
6200;8.50172698
6201;5.84285533
6202;1.4399595
6203;0
6204;0
6205;0
6206;0
6207;0
6208;0
6209;0
6210;0
6211;0
6212;0
6213;0
6214;0
6215;0
6216;0
6217;0
6218;0
6219;0
6220;0
6221;0
6222;0
6223;0
6224;0
6225;0
6226;0
6227;0
6228;0
6229;0
6230;0
6231;0
6232;0
6233;0
6234;0
6235;0
6236;0
6237;0
6238;0
6239;0
6240;0
6241;0
6242;0
6243;0
6244;0
6245;0
6246;1.92127708
6247;4.25142577
6248;1.76089836
6249;0
6250;0
6251;0
6252;0
6253;0
6254;0
6255;0
6256;0
6257;0
6258;0
6259;0
6260;0.153457494
6261;1.22899255
6262;0
6263;0
6264;0
6265;0
6266;0
6267;0.0167184037
6268;0.791257391
6269;1.60874419
6270;10.6208852
6271;8.99973285
6272;6.50230483
6273;4.6067708
6274;2.90986807
6275;1.39588226
6276;0.123222603
6277;0
6278;0
6279;0
6280;0
6281;0
6282;0
6283;0
6284;0
6285;0.0243913811
6286;0
6287;0
6288;0
6289;0
6290;0
6291;0
6292;0
6293;0.382434862
6294;9.59996651
6295;8.18270527
6296;6.46412555
6297;5.1324256
6298;4.23070397
6299;3.46336377
6300;1.20981538
6301;3.45191748E-05
6302;0
6303;0
6304;0
6305;0.356322333
6306;0
6307;1.65275404
6308;2.5126633
6309;3.16675023
6310;0
6311;0
6312;0
6313;0
6314;0.235652568
6315;1.0529705
6316;1.77028841
6317;5.4399245
6318;17.9927418
6319;19.2403919
6320;13.537037
6321;7.64786141
6322;2.50180711
6323;0.0693590802
6324;0
6325;0
6326;0
6327;0
6328;0
6329;0
6330;0
6331;0
6332;0
6333;0
6334;0
6335;0
6336;0
6337;0
6338;0
6339;0
6340;0
6341;0.311546686
6342;12.7114994
6343;15.3137665
6344;10.7704501
6345;6.0235834
6346;2.26356162
6347;0.237271785
6348;0
6349;0
6350;0
6351;0
6352;0
6353;0
6354;0
6355;0
6356;0.434550088
6357;1.42310136
6358;0
6359;0
6360;0
6361;0
6362;0
6363;0
6364;0.0753049728
6365;0.768457146
6366;11.1437135
6367;15.6318734
6368;13.6230988
6369;12.2568606
6370;10.5446029
6371;8.97870932
6372;6.8866996
6373;5.80083609
6374;4.23364324
6375;4.90764287
6376;3.82618756
6377;3.96391261
6378;3.03300044
6379;3.90715165
6380;4.38308823
6381;4.64230628
6382;0
6383;0
6384;0
6385;0.600945245
6386;1.59302837
6387;2.27450346
6388;2.81336694
6389;3.34286551
6390;17.188866
6391;19.9150958
6392;15.7970341
6393;11.6050347
6394;9.79406832
6395;7.29542324
6396;7.24091455
6397;6.34482728
6398;5.06532127
6399;4.39463773
6400;1.80920948
6401;2.18188781
6402;2.00500128
6403;2.80533335
6404;3.17842119
6405;3.86652068
6406;0
6407;0
6408;0
6409;0.259641358
6410;1.4832436
6411;2.43128507
6412;2.96930143
6413;3.3099338
6414;16.3677283
6415;18.9298727
6416;14.8869581
6417;11.6777026
6418;8.91258448
6419;4.89378757
6420;2.55590488
6421;1.82813455E-05
6422;0
6423;0
6424;0
6425;0
6426;0
6427;0.589786938
6428;1.53431303
6429;2.29047205
6430;0
6431;0
6432;0
6433;0
6434;0
6435;0.0424233169
6436;0.79132844
6437;1.5254396
6438;10.3308139
6439;8.7368483
6440;6.97950516
6441;5.46834647
6442;4.46629698
6443;3.71461384
6444;2.72770676
6445;1.55089298
6446;1.04702526
6447;0.868613728
6448;1.03579904
6449;1.49571983
6450;2.35111839
6451;3.11296346
6452;3.55345433
6453;3.76613115
6454;0
6455;0
6456;0
6457;0
6458;0.290611995
6459;1.30645401
6460;2.15264789
6461;3.29209334
6462;12.3174069
6463;11.0498074
6464;8.88832345
6465;6.20705811
6466;3.73925501
6467;1.6388178
6468;0.448452444
6469;0.161112671
6470;3.95216529E-05
6471;0
6472;0
6473;0
6474;0.0389803539
6475;1.38287637
6476;2.50342995
6477;3.32208653
6478;0
6479;0
6480;0
6481;0.305730209
6482;1.58734168
6483;2.97855081
6484;4.32378815
6485;8.90219262
6486;20.3959892
6487;21.1384736
6488;15.8745587
6489;12.9364012
6490;9.88945926
6491;7.3767858
6492;4.34372882
6493;3.37609416
6494;4.67485001
6495;3.89961381
6496;3.99540819
6497;1.62702124
6498;1.98166524
6499;3.27912603
6500;4.09288473
6501;4.76286777
6502;0
6503;0
6504;0.0930598019
6505;1.16070705
6506;2.16010665
6507;3.0211795
6508;3.72941213
6509;7.94242109
6510;19.8905876
6511;20.6862773
6512;14.9326852
6513;9.6713604
6514;4.77725407
6515;0.884292272
6516;0
6517;0
6518;0
6519;0
6520;0
6521;0
6522;0
6523;0.207651527
6524;1.64341005
6525;2.85213357
6526;0
6527;0
6528;0
6529;0.0974869364
6530;1.20617821
6531;2.22253022
6532;3.02492316
6533;5.84876557
6534;18.440154
6535;19.719333
6536;14.4871577
6537;9.78570697
6538;5.81656386
6539;1.51091858
6540;0
6541;3.09461329
6542;0
6543;0
6544;0
6545;0
6546;0.249297713
6547;2.12264026
6548;3.18281195
6549;3.90669051
6550;0
6551;0
6552;0
6553;0.666375098
6554;1.86526207
6555;2.75577389
6556;3.45798692
6557;7.01326558
6558;19.246689
6559;20.2607746
6560;15.2058533
6561;10.8910276
6562;4.86108175
6563;0.494954648
6564;0
6565;0
6566;0
6567;0
6568;0
6569;0
6570;0
6571;0
6572;0
6573;0
6574;0
6575;0
6576;0
6577;0
6578;0
6579;0
6580;0
6581;0
6582;8.59118189
6583;13.3247576
6584;10.5873086
6585;7.96183589
6586;5.79894283
6587;4.19850842
6588;0.160400784
6589;0
6590;0
6591;0
6592;0
6593;0
6594;0
6595;0.442951127
6596;1.20076216
6597;1.46528892
6598;0
6599;0
6600;0
6601;0
6602;0
6603;0
6604;0
6605;0
6606;7.57042084
6607;6.27598698
6608;5.09198179
6609;1.5395955
6610;0.90306136
6611;0.684728142
6612;0.223054772
6613;0
6614;0
6615;2.20662081
6616;3.47518989
6617;2.43939321
6618;2.63573066
6619;4.15515704
6620;4.97794705
6621;5.63445438
6622;0
6623;0.2076719
6624;1.69545603
6625;3.76766302
6626;5.39660102
6627;6.40381264
6628;7.6465416
6629;8.18803657
6630;16.0103598
6631;13.6234026
6632;11.8067223
6633;9.35447329
6634;5.5039849
6635;1.20171113
6636;0
6637;0
6638;0
6639;0
6640;0
6641;0
6642;0
6643;0
6644;0.795417212
6645;2.29281328
6646;0
6647;0
6648;0
6649;0
6650;0.485663162
6651;1.79059235
6652;2.55004916
6653;3.31536991
6654;17.7219923
6655;20.2313582
6656;16.9430545
6657;13.6754048
6658;9.71818028
6659;8.61395324
6660;5.53418833
6661;1.88007624
6662;1.32993108
6663;0.75826205
6664;1.60116928
6665;2.75482737
6666;2.60023877
6667;3.39131563
6668;4.00573717
6669;4.55402902
6670;0
6671;0
6672;0.0913578196
6673;1.03095362
6674;1.86222904
6675;2.4892919
6676;2.96587667
6677;3.41922633
6678;17.1637148
6679;19.9059869
6680;14.2775484
6681;8.81959663
6682;8.27428471
6683;7.68896209
6684;5.69214573
6685;3.4939333
6686;2.81692717
6687;3.22887682
6688;4.37536687
6689;3.99034922
6690;2.6079957
6691;3.66819072
6692;4.25144604
6693;4.58322129
6694;0
6695;0
6696;0
6697;0.322996075
6698;1.25501174
6699;2.0752558
6700;2.75254539
6701;3.33652277
6702;16.9933181
6703;19.9590576
6704;14.4077804
6705;8.95507608
6706;7.61334011
6707;7.47417544
6708;6.14475019
6709;4.85103696
6710;4.01323774
6711;4.89591025
6712;5.13121963
6713;5.98457472
6714;3.54199708
6715;4.60028132
6716;5.01991231
6717;5.13346312
6718;0
6719;0
6720;0.0821809699
6721;1.01741963
6722;1.85978643
6723;2.51737374
6724;3.1445615
6725;3.58557037
6726;17.8541344
6727;20.5771589
6728;16.133026
6729;9.94650738
6730;4.09678578
6731;3.37175283
6732;1.72185441
6733;0.32364634
6734;0
6735;0
6736;0
6737;0
6738;0
6739;0
6740;0.749324361
6741;1.94756446
6742;0
6743;0
6744;0
6745;0
6746;0
6747;0.160595412
6748;1.26477515
6749;2.23620139
6750;14.0488271
6751;17.9948929
6752;13.9136875
6753;9.12454742
6754;1.78901735
6755;0.000344894884
6756;0
6757;0
6758;0
6759;0
6760;0
6761;0
6762;0
6763;0
6764;0
6765;0
6766;0
6767;0
6768;0
6769;0
6770;0
6771;0
6772;0
6773;0
6774;8.77891602
6775;7.46265685
6776;6.53496531
6777;5.35503343
6778;4.8138618
6779;4.59023291
6780;4.37334872
6781;4.61111905
6782;4.87062578
6783;4.91421805
6784;4.58638034
6785;5.22534759
6786;5.42995202
6787;5.94939893
6788;6.7042505
6789;7.06601555
6790;1.27937219
6791;1.57285289
6792;2.85981455
6793;4.14517411
6794;5.15300263
6795;5.94240502
6796;6.72861177
6797;7.48233024
6798;16.2410517
6799;14.6132659
6800;12.6908221
6801;11.9724287
6802;10.1367511
6803;7.86450627
6804;4.36461882
6805;3.1154035
6806;5.89353399
6807;3.92486019
6808;4.86140473
6809;5.82340136
6810;7.08260189
6811;7.87976172
6812;8.46083792
6813;9.16034973
6814;2.55287897
6815;3.57873001
6816;5.24942195
6817;6.48940182
6818;7.44094724
6819;8.12002465
6820;11.4303777
6821;13.9271759
6822;24.2319453
6823;23.7548357
6824;18.3381588
6825;12.4430537
6826;9.31165947
6827;9.45095675
6828;9.88275738
6829;9.44021071
6830;9.33313726
6831;9.16564398
6832;8.63874591
6833;8.54722829
6834;5.96349463
6835;6.55253463
6836;7.09695728
6837;7.36261476
6838;0.0203013905
6839;1.42402411
6840;3.00512175
6841;4.71170903
6842;6.33943972
6843;7.34957931
6844;11.0099402
6845;13.8114472
6846;24.3295862
6847;23.9162881
6848;20.9595624
6849;17.7552276
6850;14.5822479
6851;13.2710939
6852;12.0158834
6853;11.0036292
6854;9.24629844
6855;5.12061579
6856;5.70198355
6857;7.670364
6858;5.42076395
6859;6.1366551
6860;6.4124108
6861;7.22631982
6862;0.0587473483
6863;1.68937774
6864;3.42549981
6865;5.46337385
6866;7.22539722
6867;10.7254418
6868;13.3200092
6869;15.5123433
6870;25.1266822
6871;24.0909414
6872;20.522787
6873;16.9330225
6874;14.6163862
6875;13.2134211
6876;11.9109864
6877;8.88554411
6878;8.17419546
6879;7.64815869
6880;9.23918423
6881;8.73833323
6882;6.25179092
6883;6.70066314
6884;7.04965198
6885;7.24557221
6886;0.00492126506
6887;1.15148976
6888;2.5633285
6889;3.8545048
6890;5.2373272
6891;6.27467382
6892;7.11853563
6893;11.4399895
6894;22.7944578
6895;23.401589
6896;20.0868747
6897;17.2473066
6898;14.8507221
6899;13.2304983
6900;11.7961737
6901;11.3757597
6902;10.0677203
6903;8.38202605
6904;9.32770736
6905;7.95948799
6906;5.89178798
6907;6.26363188
6908;6.54369997
6909;6.95406817
6910;0
6911;0.854170945
6912;2.32168928
6913;3.35910641
6914;4.6811983
6915;5.74945416
6916;6.50067083
6917;10.7159777
6918;21.977478
6919;22.2422208
6920;19.1642283
6921;16.8632534
6922;15.0198542
6923;12.643211
6924;12.1895068
6925;11.3948069
6926;10.9537896
6927;10.5093928
6928;10.4317148
6929;10.0989018
6930;6.60185935
6931;6.81613344
6932;6.96717712
6933;7.00377178
6934;0
6935;0.816323685
6936;2.32372699
6937;3.53371363
6938;5.12316891
6939;6.24313123
6940;7.12175198
6941;7.83445788
6942;16.4653213
6943;14.9618429
6944;13.5021992
6945;11.8085363
6946;9.44677151
6947;8.16246726
6948;7.17110384
6949;7.38458851
6950;7.11397273
6951;6.62923447
6952;6.85104852
6953;6.88201171
6954;7.99396484
6955;8.75504029
6956;9.39979653
6957;9.59927457
6958;2.66383938
6959;3.79482207
6960;5.35534806
6961;6.48835518
6962;7.3083175
6963;8.14277534
6964;8.64299038
6965;9.0462384
6966;17.4600448
6967;15.6434719
6968;14.071146
6969;11.9441816
6970;8.84244163
6971;7.94680585
6972;3.02201494
6973;2.40147486
6974;2.90632207
6975;0.72512814
6976;2.14533943
6977;1.89808185
6978;4.28076854
6979;5.51452615
6980;7.11141053
6981;8.0622946
6982;2.02682326
6983;3.26966866
6984;5.17017801
6985;6.32533714
6986;7.29277575
6987;7.95788551
6988;11.0733634
6989;13.607987
6990;23.8275064
6991;23.4690155
6992;20.468484
6993;15.917912
6994;9.06226049
6995;5.92290976
6996;1.49119155
6997;0.692534509
6998;0
6999;0
7000;0
7001;0.0661481473
7002;2.48558273
7003;4.05173935
7004;5.17157564
7005;6.1535694
7006;0
7007;0.952422679
7008;2.8942228
7009;4.45803808
7010;6.39524553
7011;10.038381
7012;12.8049322
7013;15.0222113
7014;25.1440504
7015;24.6135262
7016;21.4289684
7017;17.8767849
7018;10.9064995
7019;6.16381291
7020;2.19896277
7021;0.9189626
7022;0
7023;0
7024;0
7025;0
7026;0.0386818208
7027;1.66129114
7028;3.25118147
7029;4.25819647
7030;0
7031;0.0503958033
7032;1.25411126
7033;2.38028613
7034;3.19780802
7035;4.02450418
7036;4.85369182
7037;9.77587501
7038;21.6455721
7039;22.463058
7040;19.2985495
7041;15.1804724
7042;11.9888834
7043;7.94056226
7044;0.423426454
7045;0
7046;0
7047;0
7048;0
7049;0
7050;0
7051;0
7052;0.0367197391
7053;1.32554691
7054;0
7055;0
7056;0
7057;0
7058;0.715784836
7059;2.10175813
7060;3.05148484
7061;5.62330076
7062;18.5053591
7063;19.9663167
7064;17.8758505
7065;11.527258
7066;10.0713416
7067;5.93141847
7068;3.36881723
7069;2.49332109
7070;1.27789092
7071;0
7072;0
7073;0.441666687
7074;1.41349903
7075;2.41319796
7076;3.2532484
7077;3.6787766
7078;0
7079;0
7080;0
7081;0.178840913
7082;1.126069
7083;1.80363082
7084;2.33400303
7085;2.85043743
7086;15.5106773
7087;18.5647099
7088;15.365284
7089;13.4971024
7090;10.1174657
7091;2.90840095
7092;0.00261913701
7093;0
7094;0
7095;0
7096;0
7097;0
7098;0.0716746242
7099;1.14074357
7100;2.01264099
7101;2.52720621
7102;0
7103;0
7104;0
7105;0
7106;0
7107;0.156568058
7108;0.999530485
7109;1.66357615
7110;10.4671493
7111;8.74254632
7112;7.73783233
7113;5.11944924
7114;5.46467618
7115;5.15903218
7116;3.76549786
7117;3.74728218
7118;3.31540019
7119;3.10358799
7120;1.75588707
7121;1.56271809
7122;3.56853671
7123;4.46724512
7124;5.18306908
7125;5.56599131
7126;0.537678378
7127;1.36890023
7128;3.49867372
7129;5.32785888
7130;6.6347453
7131;7.4673694
7132;8.12222936
7133;8.66357473
7134;17.1624935
7135;15.3583213
7136;13.5709479
7137;8.59583533
7138;4.15371551
7139;1.23633528
7140;0.0174919065
7141;0
7142;0
7143;0
7144;0
7145;0
7146;0
7147;0.00127797964
7148;1.33758342
7149;3.07161756
7150;0
7151;0
7152;0.219603194
7153;1.70150988
7154;3.41776738
7155;5.22897524
7156;9.26836124
7157;12.3993158
7158;22.8678626
7159;22.2895911
7160;18.1691758
7161;15.1624835
7162;11.96878
7163;10.6003415
7164;10.187221
7165;9.7685429
7166;9.86602441
7167;9.9506899
7168;10.3326028
7169;11.4074512
7170;7.36818153
7171;7.8098623
7172;8.10416466
7173;8.3794285
7174;0.463839555
7175;2.64336203
7176;4.91469595
7177;6.46510818
7178;7.49356895
7179;8.24984017
7180;11.5047226
7181;13.9410927
7182;24.0112042
7183;23.4286665
7184;19.5468503
7185;13.863721
7186;11.296547
7187;7.8008593
7188;9.95222314
7189;6.56361699
7190;8.23198031
7191;7.99740741
7192;5.13241474
7193;8.54227235
7194;6.15726021
7195;7.07876829
7196;7.85106994
7197;8.42291489
7198;0.708802429
7199;3.43093561
7200;6.07528277
7201;8.02518277
7202;9.42610399
7203;12.9295939
7204;15.3644565
7205;16.9294216
7206;25.9253089
7207;24.3312375
7208;18.6224473
7209;16.3112913
7210;13.7316483
7211;10.1040277
7212;5.00446023
7213;3.50577578
7214;2.10030209
7215;3.72718851
7216;3.18528438
7217;6.45929572
7218;4.59844643
7219;5.1756763
7220;5.58061164
7221;6.04896181
7222;0
7223;0.325092715
7224;1.81061964
7225;2.75379542
7226;3.26126692
7227;3.6322956
7228;4.26766915
7229;8.47283196
7230;19.7182299
7231;20.2257791
7232;16.5409792
7233;13.6912822
7234;11.5369113
7235;10.8571052
7236;10.0334223
7237;9.31636218
7238;9.55238436
7239;9.07071937
7240;8.805529
7241;9.98760061
7242;6.18047651
7243;6.28263925
7244;6.23025383
7245;6.2668696
7246;0
7247;0.0380524565
7248;0.969405943
7249;1.93506922
7250;2.58070521
7251;3.05362001
7252;3.6044045
7253;4.22772066
7254;18.309157
7255;20.556723
7256;16.1008855
7257;12.6446178
7258;10.9089303
7259;8.51697862
7260;6.3383946
7261;2.04371354
7262;3.92419798
7263;5.17272806
7264;5.67271336
7265;6.25585435
7266;4.0001336
7267;4.21092511
7268;4.49499394
7269;4.83822341
7270;0
7271;0
7272;0.322992602
7273;1.89540971
7274;3.14519248
7275;4.01382405
7276;5.35236808
7277;6.82741747
7278;16.0849964
7279;14.8433206
7280;10.5357168
7281;4.73203087
7282;1.47848926
7283;0
7284;0
7285;0
7286;0
7287;0
7288;0
7289;0.050079411
7290;1.51769219
7291;2.98937058
7292;4.06103599
7293;4.91759887
7294;0
7295;0.0351822138
7296;1.76273518
7297;4.21890648
7298;6.1168374
7299;7.66100887
7300;8.96778867
7301;10.1100888
7302;19.2719927
7303;18.0468805
7304;12.4304212
7305;5.65909312
7306;2.30905105
7307;0.232464831
7308;0
7309;0
7310;0
7311;0
7312;0
7313;0.094035757
7314;1.89214465
7315;3.28689462
7316;4.8607528
7317;5.85773617
7318;0.000214370765
7319;1.01555113
7320;3.65418021
7321;5.64168446
7322;6.9161518
7323;7.84678997
7324;11.3417954
7325;13.7488365
7326;23.4913647
7327;22.9988923
7328;18.2156997
7329;11.713428
7330;6.49935188
7331;3.09093986
7332;1.36182334
7333;0.0193963134
7334;0
7335;0
7336;0.865859228
7337;4.30310204
7338;3.53452553
7339;4.26396827
7340;4.94448583
7341;5.35074164
7342;0
7343;0
7344;0.715774192
7345;2.06171904
7346;3.09446354
7347;3.97382797
7348;5.20216804
7349;9.99934044
7350;21.6993606
7351;22.2540467
7352;15.9211977
7353;8.82027248
7354;3.31430437
7355;0.225548344
7356;0
7357;0
7358;0
7359;0
7360;0
7361;0.245886176
7362;1.2657069
7363;2.92111785
7364;4.04841633
7365;4.81837467
7366;0
7367;0
7368;0.402942574
7369;1.99322976
7370;2.92737325
7371;3.53132323
7372;4.13526876
7373;8.896369
7374;20.699961
7375;21.8300496
7376;18.4899968
7377;14.1906048
7378;11.6372172
7379;8.68931257
7380;3.22573574
7381;0.14531277
7382;0.064763477
7383;0.319678727
7384;2.91443658
7385;5.16234471
7386;3.77031978
7387;4.26556631
7388;4.56266509
7389;4.8367668
7390;0
7391;0
7392;0.0497596778
7393;0.935314025
7394;1.80608382
7395;2.42578493
7396;2.90942055
7397;3.3079108
7398;17.1679945
7399;19.9340456
7400;12.0049126
7401;5.2460199
7402;0.799448994
7403;0
7404;0
7405;0
7406;0
7407;0
7408;0
7409;0
7410;0
7411;0
7412;1.51422769
7413;3.21822812
7414;0
7415;0
7416;0.150400566
7417;1.59446436
7418;2.83936632
7419;3.73625017
7420;4.3814735
7421;8.50954736
7422;20.3651834
7423;20.8329423
7424;17.5056685
7425;14.2575214
7426;12.725771
7427;10.0267812
7428;8.43556617
7429;5.55696809
7430;6.08618473
7431;5.05740821
7432;6.73323387
7433;7.9073747
7434;5.42254966
7435;5.94558117
7436;6.2291573
7437;6.37921024
7438;0
7439;0.273097876
7440;1.71349906
7441;2.67425874
7442;3.32331913
7443;4.29465775
7444;5.3458752
7445;6.01568449
7446;14.9398454
7447;13.3058367
7448;11.9135683
7449;10.1199436
7450;9.39548533
7451;8.18689286
7452;7.34382393
7453;6.33509949
7454;5.53540658
7455;5.84924527
7456;6.57057977
7457;7.40267895
7458;8.22640969
7459;8.95780103
7460;9.74225217
7461;10.3091845
7462;3.09295461
7463;4.78213516
7464;5.94076549
7465;6.92609925
7466;7.7800361
7467;8.42957127
7468;8.97689752
7469;9.62836461
7470;18.5491813
7471;16.7889818
7472;14.7485372
7473;12.5956603
7474;10.2490077
7475;6.97851769
7476;5.55671767
7477;2.90543588
7478;0.327334357
7479;0.104035576
7480;2.36377936
7481;4.3586823
7482;5.62646774
7483;7.31607427
7484;8.56443228
7485;9.76453455
7486;2.94231966
7487;5.27792511
7488;7.354361
7489;8.85521514
7490;9.92132058
7491;12.9228921
7492;15.2150879
7493;16.9912216
7494;26.3507919
7495;25.2262823
7496;18.2110264
7497;11.6145853
7498;6.01223581
7499;1.35800114
7500;0.0101372929
7501;0
7502;0
7503;0
7504;0.109191191
7505;2.20730235
7506;2.12755369
7507;3.04750661
7508;4.9598885
7509;6.09089097
7510;0
7511;0.612207691
7512;2.6492128
7513;4.15447183
7514;5.98871659
7515;9.81667343
7516;12.6898514
7517;14.9547941
7518;24.8904185
7519;24.168457
7520;18.2992559
7521;12.0220989
7522;6.98347089
7523;0.927059982
7524;0
7525;2.44440075
7526;0
7527;0
7528;0.403166677
7529;3.29456107
7530;2.95115271
7531;3.87624424
7532;6.04101163
7533;6.94003762
7534;0.0286580182
7535;1.69803063
7536;3.46722426
7537;5.07976598
7538;6.32936367
7539;9.98265956
7540;13.200578
7541;15.7454731
7542;25.6822701
7543;24.9608085
7544;18.2403527
7545;11.5635478
7546;5.77454634
7547;1.33658002
7548;0
7549;0
7550;0
7551;0
7552;0.319988277
7553;3.04807932
7554;3.03233245
7555;4.04081267
7556;4.73964704
7557;5.24828228
7558;0
7559;0
7560;0.841645638
7561;2.2030635
7562;3.16631241
7563;3.79970668
7564;4.88541971
7565;9.83596488
7566;21.5209274
7567;22.0317368
7568;19.1103314
7569;16.9823669
7570;14.9350115
7571;13.1956938
7572;12.0233241
7573;11.4879731
7574;11.0552431
7575;10.5974547
7576;11.3288666
7577;11.7747744
7578;7.28214826
7579;7.45312992
7580;7.83469307
7581;8.00963896
7582;0.226857081
7583;1.97453
7584;3.93017915
7585;5.62361347
7586;6.81005685
7587;7.74390565
7588;11.2139416
7589;13.8028224
7590;24.0007072
7591;23.5001038
7592;19.7078857
7593;18.069183
7594;16.2132777
7595;14.5649577
7596;13.3755787
7597;12.0480554
7598;12.1679064
7599;12.1631254
7600;12.5810709
7601;13.0361911
7602;7.98096962
7603;8.13223912
7604;8.44205443
7605;8.55741966
7606;0.515862934
7607;2.86270697
7608;5.01137149
7609;6.50400749
7610;7.58157943
7611;8.55201731
7612;9.13232343
7613;9.61217991
7614;18.154323
7615;16.3456318
7616;14.3090788
7617;12.4540086
7618;12.1021295
7619;11.3560201
7620;10.5973212
7621;9.91570294
7622;9.6441132
7623;9.835044
7624;10.2551866
7625;10.6182794
7626;10.8906483
7627;11.0964345
7628;11.8005205
7629;12.0851353
7630;4.40717508
7631;6.6167379
7632;8.03017537
7633;9.46530039
7634;10.3170543
7635;10.6624936
7636;11.0739106
7637;11.4204697
7638;20.2847701
7639;18.6305133
7640;15.0430408
7641;10.1779586
7642;10.7960456
7643;8.84916235
7644;8.09790248
7645;7.56668793
7646;4.82699076
7647;2.759717
7648;5.54099977
7649;7.70587789
7650;9.09360775
7651;10.5525839
7652;12.2364023
7653;13.0939941
7654;5.67462617
7655;8.23772366
7656;9.94863955
7657;11.0768815
7658;11.8889931
7659;14.6934878
7660;16.7495373
7661;18.0065342
7662;26.9369117
7663;25.6103159
7664;21.7359581
7665;18.8635251
7666;16.5098303
7667;13.7551096
7668;13.1275699
7669;11.6751318
7670;11.5101055
7671;11.5738594
7672;11.6987717
7673;12.0336524
7674;7.24817726
7675;7.2549428
7676;7.45135894
7677;7.53274673
7678;0.0204878548
7679;1.23480186
7680;2.63638067
7681;4.120075
7682;5.54180351
7683;6.7722035
7684;10.6953874
7685;13.8673802
7686;24.6239257
7687;24.6384074
7688;21.7838879
7689;14.1622453
7690;12.0613032
7691;12.025221
7692;10.325339
7693;8.93820943
7694;10.7916622
7695;9.79466773
7696;12.1669993
7697;13.4380685
7698;8.54126296
7699;8.90158184
7700;9.52827053
7701;10.0932033
7702;3.48771216
7703;7.37236907
7704;9.95437463
7705;13.2466758
7706;15.3306444
7707;17.0222265
7708;18.3293187
7709;23.0132078
7710;26.7623374
7711;25.7500727
7712;23.004046
7713;20.5650954
7714;16.1571859
7715;15.5154695
7716;13.7764171
7717;13.7221987
7718;11.7946107
7719;12.264627
7720;12.7422144
7721;13.5714743
7722;8.60906335
7723;8.90750185
7724;9.14571743
7725;9.2609898
7726;1.12717322
7727;4.04907558
7728;6.00595442
7729;7.34183092
7730;8.31906523
7731;9.09578004
7732;12.2058018
7733;14.6811856
7734;24.6731367
7735;23.9923995
7736;20.2416798
7737;18.5992165
7738;17.1310724
7739;15.4518641
7740;14.486517
7741;14.0548187
7742;13.5795673
7743;13.2576342
7744;13.3679541
7745;13.5859607
7746;8.27769512
7747;8.34141652
7748;8.37644974
7749;8.43044802
7750;0.418505684
7751;2.65175468
7752;4.71317919
7753;6.29810555
7754;7.37671896
7755;8.16420701
7756;11.4538024
7757;13.9615101
7758;24.0949789
7759;23.498925
7760;19.8590917
7761;12.4549152
7762;11.2391925
7763;11.8121512
7764;7.04809259
7765;2.79020223
7766;1.83606128
7767;6.82529937
7768;8.92301538
7769;9.98162884
7770;6.3549778
7771;6.59049667
7772;6.72631193
7773;7.02294973
7774;0
7775;0.929009072
7776;2.39420649
7777;3.57237194
7778;5.24134795
7779;6.43342737
7780;7.32652095
7781;8.01451986
7782;16.6686699
7783;14.9751293
7784;13.7894992
7785;12.946198
7786;12.5665449
7787;12.1388572
7788;11.829934
7789;11.5674392
7790;11.4046602
7791;11.3864982
7792;12.6877001
7793;13.321234
7794;13.861146
7795;14.5234407
7796;14.9612506
7797;15.377686
7798;7.62467565
7799;9.99569581
7800;11.5471484
7801;12.6709007
7802;13.5308751
7803;14.1690639
7804;14.6418741
7805;19.0005118
7806;22.2738553
7807;21.0343717
7808;19.5735821
7809;18.2608103
7810;16.4034772
7811;16.660454
7812;16.3121712
7813;11.7857457
7814;14.3946515
7815;10.111034
7816;14.6369397
7817;15.7595642
7818;16.4212206
7819;16.869456
7820;17.1040498
7821;17.3765024
7822;9.40622942
7823;11.7393599
7824;14.4502134
7825;16.4715776
7826;18.0188341
7827;19.2668889
7828;20.2170915
7829;25.1516082
7830;28.856823
7831;27.7641166
7832;24.6534933
7833;22.0083934
7834;20.2905658
7835;18.1344298
7836;17.7874191
7837;14.352177
7838;12.1038292
7839;11.2732826
7840;15.7850465
7841;17.2337915
7842;11.1077716
7843;11.5590035
7844;12.1417831
7845;13.3982916
7846;6.10437029
7847;8.98773186
7848;11.0989393
7849;14.0120102
7850;16.2607847
7851;17.8194474
7852;18.9674251
7853;23.8963757
7854;27.7421815
7855;26.8645173
7856;21.9907851
7857;20.6534625
7858;19.0405529
7859;18.4278501
7860;17.2216541
7861;16.7225322
7862;15.9820044
7863;14.8575663
7864;16.2430187
7865;17.2695485
7866;10.9192374
7867;11.4330086
7868;12.2866807
7869;13.4393759
7870;6.34138332
7871;9.05913967
7872;10.6486776
7873;13.537757
7874;15.7970274
7875;17.6181201
7876;18.9029354
7877;23.9682059
7878;27.8660109
7879;26.8246817
7880;22.9753931
7881;21.216364
7882;20.1344991
7883;19.3702261
7884;18.6707808
7885;17.9555614
7886;17.6620242
7887;14.4476568
7888;17.3265156
7889;18.3884482
7890;11.6543734
7891;12.2616486
7892;13.4815518
7893;14.988626
7894;8.05947632
7895;11.8344039
7896;14.3808589
7897;16.3079433
7898;17.6297263
7899;18.8948978
7900;19.8280277
7901;24.5734928
7902;28.1539406
7903;26.9400041
7904;23.863503
7905;21.9091775
7906;19.1858442
7907;15.9457938
7908;15.072947
7909;16.2527061
7910;16.4201217
7911;14.8715803
7912;17.1353235
7913;18.2345203
7914;11.2735722
7915;11.5845403
7916;11.6220801
7917;12.8067922
7918;5.75749942
7919;8.78007229
7920;10.7827511
7921;13.7381651
7922;15.8085537
7923;17.4917067
7924;18.847069
7925;24.035562
7926;27.9791343
7927;27.0416709
7928;22.8911083
7929;18.4847156
7930;14.829811
7931;11.894066
7932;10.5382859
7933;8.56752229
7934;7.85115895
7935;8.10981098
7936;12.7381847
7937;14.1984733
7938;9.27875294
7939;9.90304712
7940;10.7022866
7941;11.5428762
7942;4.95170961
7943;8.19525587
7944;10.3006337
7945;11.8286668
7946;13.0568223
7947;14.0738246
7948;14.8029542
7949;19.3677871
7950;22.7540549
7951;21.5087858
7952;20.6716781
7953;19.8846919
7954;20.0048348
7955;16.8543123
7956;15.0452537
7957;13.6143735
7958;14.4473768
7959;14.1955145
7960;15.2819053
7961;15.8134024
7962;16.3188846
7963;16.3565963
7964;16.1527355
7965;16.5414612
7966;9.31391125
7967;11.7450872
7968;12.8781185
7969;13.518205
7970;13.9197236
7971;14.3799117
7972;15.1992526
7973;19.5489408
7974;22.2107573
7975;20.3652177
7976;17.4583613
7977;13.2961837
7978;7.83670753
7979;10.942882
7980;12.0249294
7981;11.4634847
7982;4.90821169
7983;8.97759625
7984;12.7146937
7985;14.5461176
7986;15.7958063
7987;16.8698007
7988;17.4368415
7989;18.1259618
7990;10.5567589
7991;13.9025536
7992;15.7326824
7993;16.754949
7994;17.5461642
7995;18.2382338
7996;21.6777021
7997;24.4816921
7998;26.7255033
7999;24.7283524
8000;21.3893925
8001;16.5984319
8002;11.7994052
8003;6.03913766
8004;4.59691422
8005;7.23441752
8006;8.78370207
8007;9.33608831
8008;12.9281584
8009;15.811405
8010;10.1155675
8011;10.3747542
8012;10.4740428
8013;10.8069315
8014;3.632939
8015;6.41235319
8016;8.07286384
8017;9.12334431
8018;11.6248893
8019;13.385582
8020;14.6750073
8021;15.6430225
8022;24.5181262
8023;22.9223541
8024;19.0117407
8025;16.2871503
8026;14.0662052
8027;10.2466249
8028;10.225647
8029;8.94702804
8030;10.5974505
8031;9.13673058
8032;11.6191307
8033;13.3262456
8034;9.00815726
8035;9.5823734
8036;9.96608901
8037;10.5500547
8038;3.84275214
8039;7.14662246
8040;9.10581027
8041;10.1359118
8042;12.9438603
8043;15.4905359
8044;17.5143497
8045;19.0774803
8046;28.0316163
8047;26.1371761
8048;23.0954769
8049;20.4589107
8050;18.4091239
8051;16.6894055
8052;15.1802855
8053;14.518785
8054;14.0895892
8055;12.5150127
8056;13.1295813
8057;12.8236908
8058;7.50290392
8059;7.18023948
8060;7.20850965
8061;7.24056866
8062;0
8063;0.95154525
8064;2.35667234
8065;3.42965439
8066;4.40574517
8067;4.90543474
8068;5.35816855
8069;9.45724398
8070;20.6875709
8071;20.8272629
8072;15.6060014
8073;13.5833537
8074;10.0566745
8075;3.89540851
8076;5.3528933
8077;1.97041307
8078;3.36312032
8079;4.94747434
8080;6.75750392
8081;7.63090679
8082;4.94030569
8083;5.1561699
8084;5.51789564
8085;5.77656859
8086;0
8087;0
8088;0.734816727
8089;1.95958754
8090;2.84616427
8091;3.49481657
8092;4.53296432
8093;9.24490343
8094;20.8335218
8095;21.3786335
8096;16.197102
8097;14.1360994
8098;13.9869537
8099;13.3559266
8100;10.9797998
8101;4.89176225
8102;10.0643476
8103;10.1989703
8104;11.6978298
8105;12.3030617
8106;7.65534475
8107;7.90944593
8108;8.16456859
8109;8.38157872
8110;0.478274414
8111;3.01074784
8112;5.58315704
8113;7.50373031
8114;8.82607364
8115;9.83873689
8116;10.8091994
8117;11.3355107
8118;19.9196101
8119;18.157575
8120;16.8703687
8121;14.2269106
8122;13.4304805
8123;11.3600139
8124;10.7573803
8125;10.1516609
8126;9.79920586
8127;9.95329139
8128;10.6909677
8129;11.2534707
8130;11.6702426
8131;12.013391
8132;12.8100796
8133;13.1552909
8134;5.40714335
8135;7.71331894
8136;8.82008779
8137;9.4813257
8138;9.90575335
8139;10.2396904
8140;10.4140362
8141;10.4688828
8142;18.572244
8143;16.2974571
8144;14.7542747
8145;11.5791373
8146;11.2009892
8147;10.173208
8148;9.14760024
8149;6.84058172
8150;4.09965928
8151;6.46870437
8152;8.05853705
8153;8.58221751
8154;8.86156692
8155;9.12927197
8156;9.18281926
8157;9.42059226
8158;2.52800969
8159;3.42774002
8160;4.92506157
8161;5.87891562
8162;6.49178313
8163;6.76128748
8164;6.94597688
8165;10.6471049
8166;21.5582246
8167;21.5407262
8168;18.2620758
8169;13.2101858
8170;11.8459271
8171;8.93348303
8172;8.226704
8173;5.79048847
8174;3.59414245
8175;2.27548792
8176;7.29898738
8177;8.73692493
8178;5.91260006
8179;6.71929384
8180;7.12364667
8181;7.15503908
8182;0
8183;0.389373579
8184;1.83885261
8185;3.20671609
8186;5.15528478
8187;6.92369933
8188;10.9930224
8189;13.9409066
8190;24.4052564
8191;23.9468722
8192;21.0503205
8193;13.3037832
8194;8.52926653
8195;7.7777351
8196;5.58734734
8197;7.56086984
8198;9.22520186
8199;10.61243
8200;11.8362516
8201;12.482742
8202;7.74209899
8203;7.83123658
8204;7.71770176
8205;7.7303411
8206;0.0536955163
8207;1.38780982
8208;2.89860381
8209;4.48156018
8210;5.50609743
8211;6.04271431
8212;6.76014176
8213;11.1474345
8214;22.6817407
8215;23.1314593
8216;20.2980024
8217;17.4840499
8218;12.3464581
8219;13.4223937
8220;12.477119
8221;12.0218901
8222;10.6568781
8223;7.33333784
8224;11.6102667
8225;12.6553428
8226;8.0404268
8227;8.38283529
8228;8.64463395
8229;8.82017495
8230;0.782414859
8231;3.63166999
8232;5.85267577
8233;7.36490103
8234;8.52273298
8235;11.6465109
8236;14.0729648
8237;16.0827166
8238;25.7507502
8239;24.8798636
8240;22.7186182
8241;19.8063652
8242;18.3797385
8243;17.2875279
8244;16.7213623
8245;15.8003259
8246;12.9364541
8247;11.3824382
8248;14.8658122
8249;15.7961444
8250;9.93086413
8251;10.2535079
8252;10.304547
8253;10.560203
8254;3.58033534
8255;6.71718759
8256;8.70250654
8257;10.2866656
8258;13.174557
8259;15.363217
8260;16.9657502
8261;18.2480197
8262;27.4403425
8263;26.2000728
8264;23.7754514
8265;16.2246888
8266;18.2097532
8267;16.0122389
8268;16.1913152
8269;12.9048445
8270;14.9927339
8271;15.6463623
8272;16.3714488
8273;16.9633029
8274;10.5156495
8275;10.7439779
8276;10.7909674
8277;11.6039746
8278;4.76737876
8279;7.9587388
8280;10.0733459
8281;11.4505722
8282;12.2136396
8283;12.8538723
8284;13.3925881
8285;13.8719624
8286;22.3625
8287;20.5554052
8288;19.2282233
8289;17.7611626
8290;16.9196001
8291;16.2641218
8292;15.622968
8293;15.2017883
8294;15.0891442
8295;15.1319198
8296;15.4742793
8297;15.83777
8298;16.2337611
8299;16.6668722
8300;16.8489114
8301;16.9606124
8302;9.54435627
8303;12.5052896
8304;14.2883722
8305;15.2036376
8306;15.4661077
8307;15.4705285
8308;18.253554
8309;20.4516828
8310;22.2584425
8311;20.983007
8312;20.1589854
8313;19.1540338
8314;18.2634942
8315;17.7069359
8316;17.1404073
8317;16.7374063
8318;16.3199658
8319;16.3608128
8320;16.7808476
8321;16.9506083
8322;17.2878525
8323;17.7482681
8324;18.0153821
8325;18.232401
8326;10.1449468
8327;12.3049841
8328;14.9693674
8329;16.8371799
8330;18.2751432
8331;19.4191737
8332;20.3439861
8333;25.2074766
8334;28.8824861
8335;27.801993
8336;25.848338
8337;24.0314238
8338;22.7645074
8339;21.7598473
8340;20.882103
8341;20.186996
8342;19.8781464
8343;19.8214619
8344;19.9730041
8345;20.5312838
8346;12.44621
8347;12.0785087
8348;12.8972148
8349;14.2199621
8350;6.98212309
8351;9.86439194
8352;12.9819402
8353;15.1874941
8354;17.2810543
8355;18.4631227
8356;19.5885749
8357;24.733477
8358;28.1751442
8359;27.0072551
8360;26.2265298
8361;24.9310159
8362;23.9211938
8363;22.1496306
8364;20.6495187
8365;19.7098248
8366;19.1547047
8367;19.2179221
8368;19.6307623
8369;20.3217507
8370;12.9286983
8371;14.3814807
8372;16.764828
8373;19.0694027
8374;12.4523861
8375;15.9421457
8376;18.1161768
8377;21.3882093
8378;23.6848562
8379;25.1139899
8380;26.7450033
8381;28.1575478
8382;28.5791005
8383;25.9672547
8384;24.2291959
8385;21.3274461
8386;21.0440168
8387;20.3830332
8388;19.831553
8389;19.1161663
8390;18.5095912
8391;17.9292206
8392;17.7829869
8393;17.6392525
8394;10.6025854
8395;10.6822397
8396;10.8641419
8397;12.0147007
8398;5.88607982
8399;9.47821008
8400;11.657199
8401;13.7599234
8402;15.8364388
8403;17.5480912
8404;19.0005915
8405;24.1355432
8406;28.0219621
8407;27.0042719
8408;25.0435598
8409;22.4962722
8410;20.9743185
8411;16.3789846
8412;15.7612798
8413;15.0171354
8414;11.7446829
8415;13.3048626
8416;15.2168238
8417;16.0396565
8418;9.97096587
8419;9.92119634
8420;9.91959384
8421;10.1317818
8422;3.09478682
8423;6.25609041
8424;8.49636489
8425;11.6808823
8426;14.33546
8427;16.7526439
8428;18.3973243
8429;23.8963822
8430;27.8212617
8431;26.7636364
8432;25.2634383
8433;17.4767694
8434;11.983321
8435;7.7613578
8436;5.79089307
8437;4.11904772
8438;3.34099105
8439;4.90441983
8440;11.140391
8441;13.4904462
8442;9.13851649
8443;9.97239107
8444;10.7068159
8445;12.2840256
8446;6.1676791
8447;9.62437867
8448;11.6168811
8449;12.6804618
8450;13.6432837
8451;14.4774371
8452;17.7760611
8453;20.1101822
8454;21.8820576
8455;20.5778107
8456;19.381784
8457;16.8408456
8458;16.1354935
8459;14.3668104
8460;13.6208616
8461;12.545112
8462;12.6725846
8463;12.689596
8464;13.5958699
8465;14.1307715
8466;14.42646
8467;14.6265091
8468;15.129153
8469;15.4681376
8470;7.65457469
8471;9.81017479
8472;11.2227662
8473;12.2631268
8474;13.0934806
8475;13.3713057
8476;13.2308435
8477;13.2986436
8478;21.5306613
8479;19.4308495
8480;18.4271219
8481;14.2545386
8482;7.74708948
8483;5.32982571
8484;2.99340566
8485;1.60071767
8486;1.16685332
8487;2.5516386
8488;6.83887159
8489;9.40682589
8490;11.3413307
8491;12.6919132
8492;12.9616104
8493;13.3305281
8494;5.83249897
8495;8.51495656
8496;10.0919625
8497;10.8416253
8498;11.6173685
8499;14.4199434
8500;16.4715693
8501;18.2166426
8502;27.6286866
8503;26.5174576
8504;23.9894494
8505;21.2614625
8506;19.3830494
8507;18.018347
8508;16.8040643
8509;15.4606581
8510;15.5371443
8511;15.5253754
8512;15.4446157
8513;14.9458824
8514;8.58890833
8515;8.14091769
8516;7.6395881
8517;7.24331422
8518;0
8519;0.526599159
8520;1.7410995
8521;2.51179558
8522;3.52617367
8523;4.4207315
8524;5.26467437
8525;9.64550297
8526;20.752034
8527;20.9295182
8528;17.9346933
8529;15.4442446
8530;12.5038332
8531;9.18971436
8532;10.3274572
8533;9.85026602
8534;9.71291674
8535;10.1726206
8536;11.2361088
8537;11.5830202
8538;7.236933
8539;7.41242662
8540;7.45576307
8541;7.59003835
8542;0.0331858601
8543;1.33078844
8544;2.81654436
8545;4.46581417
8546;5.69571823
8547;6.56997834
8548;7.32513526
8549;11.6944584
8550;23.0197072
8551;23.4988566
8552;20.3638961
8553;18.0525538
8554;15.853236
8555;12.5414198
8556;9.60875796
8557;11.0822293
8558;11.243309
8559;11.3520152
8560;11.9491894
8561;12.2485247
8562;7.45521205
8563;7.50080466
8564;7.27419256
8565;7.11090406
8566;0
8567;0.50376122
8568;1.81870257
8569;2.81658205
8570;3.92364601
8571;4.71906494
8572;5.36798248
8573;9.52581678
8574;20.9113424
8575;22.6646643
8576;20.988967
8577;19.2207306
8578;17.3100435
8579;16.0305696
8580;15.7728365
8581;13.5545358
8582;13.5204901
8583;14.6457665
8584;15.2725942
8585;15.7939653
8586;9.75281208
8587;9.99472474
8588;10.0490994
8589;10.3107061
8590;3.22905751
8591;6.15916908
8592;8.09357215
8593;9.53680022
8594;10.5663767
8595;11.6426203
8596;12.4168249
8597;13.0232457
8598;21.7442639
8599;20.0733434
8600;18.7928005
8601;15.1729137
8602;16.0641034
8603;15.2565568
8604;14.672908
8605;14.4393285
8606;14.2463806
8607;14.2804884
8608;14.8882045
8609;15.5213975
8610;16.2979234
8611;16.7521482
8612;17.0817572
8613;17.3836799
8614;9.29404722
8615;10.9946482
8616;12.1708404
8617;13.1344447
8618;13.735175
8619;14.3051387
8620;14.8269817
8621;19.4128272
8622;22.9016172
8623;21.0380168
8624;20.2678603
8625;14.0039601
8626;9.10888261
8627;5.30859993
8628;3.51284723
8629;2.4843102
8630;2.23455855
8631;3.12832788
8632;8.64860031
8633;11.0016848
8634;12.5260041
8635;13.6973621
8636;15.6200571
8637;16.4724169
8638;8.45106414
8639;10.7518862
8640;11.7112128
8641;12.652438
8642;13.5309267
8643;14.2561185
8644;14.8316824
8645;19.1286738
8646;22.5118537
8647;21.0956323
8648;20.2337281
8649;17.6942112
8650;16.3571717
8651;13.0873077
8652;5.70711918
8653;4.22576626
8654;4.70239348
8655;3.97237115
8656;10.0226378
8657;11.9662817
8658;13.0801136
8659;13.9582258
8660;14.8983973
8661;16.1034347
8662;8.37290097
8663;10.6161212
8664;12.085136
8665;14.8464695
8666;16.9333403
8667;18.5091847
8668;19.466644
8669;24.41209
8670;28.0990813
8671;27.0096426
8672;24.9088051
8673;20.1638998
8674;12.9806366
8675;7.57915594
8676;4.77911192
8677;2.89493512
8678;2.49134852
8679;4.02411726
8680;10.4591187
8681;13.084679
8682;9.0874107
8683;9.96906948
8684;10.7429544
8685;11.821873
8686;5.39424694
8687;8.68135809
8688;12.1443249
8689;14.7052354
8690;16.618945
8691;18.0769071
8692;19.3565242
8693;24.6591738
8694;28.4488004
8695;27.3560381
8696;25.3692104
8697;23.1065258
8698;20.8054277
8699;18.3410678
8700;15.9408117
8701;15.1579586
8702;13.2923854
8703;13.399914
8704;15.5197842
8705;16.2120755
8706;10.279646
8707;10.7530871
8708;10.9622959
8709;11.749979
8710;4.74265889
8711;7.6671011
8712;9.42033833
8713;10.6960229
8714;13.2686646
8715;14.9133766
8716;16.272806
8717;17.3783921
8718;26.6441135
8719;25.4069139
8720;23.0081412
8721;20.9594961
8722;19.4070408
8723;16.8402229
8724;16.5168946
8725;16.1167848
8726;15.6105559
8727;15.1531275
8728;16.0522369
8729;16.2289798
8730;9.8975196
8731;9.96647827
8732;9.95943009
8733;10.0844472
8734;3.00755036
8735;6.23675549
8736;8.31435557
8737;9.80787827
8738;10.8704651
8739;13.8337351
8740;16.0146644
8741;17.6952567
8742;27.216513
8743;26.1965595
8744;23.6257283
8745;21.1869558
8746;19.9146803
8747;18.9254405
8748;17.974905
8749;16.8327933
8750;16.7159397
8751;16.6010775
8752;16.4757815
8753;15.8658018
8754;9.53428414
8755;9.58997728
8756;9.66694411
8757;9.76087316
8758;2.39128121
8759;5.57629028
