Index;Wert
0;34.7999992
1;2.60764885
2;34.221077
3;2.50915384
4;33.7932892
5;30.4569836
6;34.7999992
7;34.7999992
8;34.7999992
9;34.7999992
10;34.7999992
11;34.7999992
12;34.7999992
13;34.7999992
14;34.7999992
15;34.7999992
16;34.7999992
17;34.7999992
18;34.7999992
19;34.7999992
20;34.7999992
21;34.7999992
22;34.7999992
23;10.5593281
24;27.2828541
25;10.5823822
26;27.1371841
27;10.5346432
28;26.9042587
29;18.1318302
30;26.077343
31;34.7999992
32;34.7999992
33;34.7999992
34;34.7999992
35;34.7999992
36;34.7999992
37;34.7999992
38;32.4406128
39;28.8989487
40;28.4040051
41;34.7999992
42;34.7999992
43;34.7999992
44;34.7999992
45;34.7999992
46;34.7999992
47;5.87877321
48;33.4259453
49;5.91005182
50;19.931612
51;19.2452412
52;19.7973957
53;19.0020351
54;19.9432163
55;18.8392677
56;19.8248596
57;18.836092
58;20.047142
59;19.4544716
60;20.0447712
61;19.4568329
62;20.0424213
63;19.4591751
64;20.0400887
65;19.4614983
66;22.6272373
67;34.7999992
68;34.7999992
69;34.7999992
70;25.5978718
71;12.0152121
72;25.3331985
73;11.5951719
74;25.1029625
75;11.5966005
76;25.0927753
77;11.9573412
78;25.5398388
79;34.7999992
80;34.7999992
81;34.7999992
82;34.7999992
83;30.686655
84;22.2102394
85;17.3000259
86;22.1906033
87;17.3195839
88;21.7328835
89;23.0365391
90;34.7999992
91;34.7999992
92;34.7999992
93;34.7999992
94;34.7999992
95;2.51682019
96;22.9550114
97;13.4467249
98;22.4524517
99;13.1058521
100;22.2310143
101;13.0985203
102;22.6765575
103;34.7999992
104;34.7999992
105;34.7999992
106;34.7999992
107;34.7999992
108;34.7999992
109;33.823658
110;28.4500122
111;21.8855534
112;18.4151783
113;23.9549026
114;34.7999992
115;34.7999992
116;34.7999992
117;34.7999992
118;34.7999992
119;6.34779358
120;30.8464794
121;6.22664499
122;30.493845
123;6.06951094
124;30.1595211
125;20.0519638
126;26.1643219
127;34.7999992
128;34.7999992
129;34.7999992
130;34.7999992
131;34.7999992
132;34.7999992
133;34.7999992
134;31.3891296
135;27.2798958
136;26.6191521
137;34.7790947
138;34.7999992
139;34.7999992
140;34.7999992
141;34.7999992
142;34.7999992
143;9.70264626
144;26.0150261
145;9.59258366
146;26.1421776
147;9.43964672
148;25.9176178
149;10.2738943
150;25.5424767
151;34.7999992
152;34.7999992
153;34.7999992
154;34.7999992
155;34.7999992
156;31.1970005
157;25.0122986
158;14.5962152
159;24.182415
160;17.1367607
161;20.1883068
162;31.1836319
163;34.7999992
164;34.7999992
165;34.7999992
166;34.7999992
167;4.60284472
168;34.3461761
169;4.35366774
170;21.6743546
171;17.2465248
172;21.5427036
173;16.9481716
174;21.4629765
175;16.6419296
176;21.2158127
177;16.1430969
178;21.774004
179;17.5855141
180;21.9062557
181;17.6027927
182;21.8890457
183;17.6199341
184;21.871973
185;17.5054646
186;21.4513302
187;17.3634796
188;21.6891632
189;17.1528912
190;21.3730183
191;16.9068241
192;20.706562
193;17.0447273
194;20.7970963
195;17.1649113
196;20.6686287
197;16.8984489
198;20.2678986
199;33.4211731
200;34.7999992
201;34.7999992
202;34.7999992
203;34.7999992
204;34.6179504
205;32.0324554
206;25.1357174
207;17.2477455
208;22.2426739
209;25.4655361
210;34.7999992
211;34.7999992
212;34.7999992
213;34.7999992
214;34.7999992
215;5.24854517
216;31.4592686
217;5.51112986
218;26.6415787
219;10.7565594
220;27.2617073
221;11.6289263
222;27.8390236
223;34.5857162
224;34.7999992
225;34.7999992
226;34.3700447
227;27.7620468
228;17.34515
229;22.1456585
230;17.3643475
231;22.1265392
232;17.3833904
233;22.1075706
234;34.7999992
235;34.7999992
236;34.7999992
237;34.7999992
238;32.8366127
239;6.29543686
240;23.6404572
241;15.349638
242;23.6949501
243;15.3041277
244;23.3633919
245;14.968235
246;23.1369934
247;34.7999992
248;34.7999992
249;34.7999992
250;34.7999992
251;34.7999992
252;30.6519928
253;23.6952
254;15.821003
255;23.6637096
256;15.8523664
257;23.632473
258;34.7999992
259;34.7999992
260;34.7999992
261;34.7999992
262;34.7999992
263;4.09448528
264;24.2348022
265;14.3895483
266;23.5468349
267;14.3472853
268;23.5626335
269;14.2526655
270;23.2975178
271;31.9675751
272;34.7999992
273;34.7999992
274;34.7999992
275;34.7999992
276;32.5385017
277;27.8191433
278;18.3114681
279;20.8238468
280;17.8920403
281;20.3914127
282;32.1333694
283;34.7999992
284;34.7999992
285;34.7999992
286;34.7999992
287;2.80335617
288;34.0612106
289;2.98094678
290;33.9456825
291;3.12230563
292;33.778595
293;26.2579002
294;34.8000031
295;34.7999992
296;34.7999992
297;34.7999992
298;34.7999992
299;34.7999992
300;34.7999992
301;34.7999992
302;34.7999992
303;34.6297379
304;34.7999992
305;34.7999992
306;34.8000031
307;34.7999992
308;34.8000031
309;34.7999992
310;34.7999992
311;12.3031807
312;22.2934151
313;11.9808664
314;22.053791
315;11.7882633
316;21.6590977
317;11.310215
318;21.2640724
319;34.1616249
320;34.7999992
321;34.8000031
322;34.7999992
323;34.7999992
324;33.4568596
325;29.0011425
326;22.3333282
327;16.5200672
328;21.6614857
329;27.3833637
330;34.7999992
331;34.7999992
332;34.7999992
333;34.7999992
334;34.7999992
335;2.02861881
336;33.4129486
337;18.3702049
338;17.5311317
339;18.3493195
340;17.3591061
341;34.7999992
342;34.7999992
343;34.8000031
344;34.8000031
345;34.7999992
346;34.8000031
347;34.7999992
348;34.7999992
349;34.7999992
350;34.7999992
351;34.7999992
352;34.8000031
353;34.7999992
354;34.7999992
355;34.8000031
356;34.7999992
357;34.7999992
358;34.8000031
359;32.5236015
360;16.9529381
361;16.8600922
362;16.866312
363;16.9808731
364;16.8236446
365;34.7999992
366;34.7999992
367;34.7999992
368;34.7999992
369;34.7999992
370;34.7999992
371;34.7999992
372;34.7999992
373;34.7999992
374;34.7999992
375;34.7999992
376;34.7999992
377;34.8000031
378;34.7999992
379;34.7999992
380;34.7999992
381;34.7999992
382;34.7999992
383;34.7999992
384;24.0594292
385;8.91948318
386;23.5417404
387;8.64156818
388;23.3872757
389;34.7999992
390;34.7999992
391;34.7999992
392;34.7999992
393;34.7999992
394;34.7999992
395;34.7999992
396;34.7999992
397;34.7999992
398;34.7999992
399;34.7999992
400;34.7999992
401;34.7999992
402;34.7999992
403;34.7999992
404;34.7999992
405;34.7999992
406;34.7999992
407;24.2440434
408;6.79490042
409;23.6912422
410;14.035428
411;13.5815458
412;19.3414288
413;34.7999992
414;34.7999992
415;34.8000031
416;34.7999992
417;34.8000031
418;34.7999992
419;34.7999992
420;34.7999992
421;34.7999992
422;34.7999992
423;34.7999992
424;34.7999992
425;34.7999992
426;34.7999992
427;34.7999992
428;34.8000031
429;34.7999992
430;34.7999992
431;34.7999992
432;27.5042458
433;34.7999992
434;34.7999992
435;34.8000031
436;34.8000031
437;34.7999992
438;34.7999992
439;34.7999992
440;34.7999992
441;34.8000031
442;34.7999992
443;34.7999992
444;34.7999992
445;34.7999992
446;34.7999992
447;34.7999992
448;34.7999992
449;34.7999992
450;34.7999992
451;34.7999992
452;34.7999992
453;34.7999992
454;34.7999992
455;34.7999992
456;34.7999992
457;34.7999992
458;34.7999992
459;34.7999992
460;34.7999992
461;34.8000031
462;34.7999992
463;34.7999992
464;34.8000031
465;34.7999992
466;34.7999992
467;34.7999992
468;34.7999992
469;34.7999992
470;34.7999992
471;34.7999992
472;34.7999992
473;34.7999992
474;34.7999992
475;34.7999992
476;34.7999992
477;34.7999992
478;34.7999992
479;34.7999992
480;34.8000031
481;34.7999992
482;33.1174812
483;32.4579926
484;34.7999992
485;34.7999992
486;34.7999992
487;34.7999992
488;34.7999992
489;34.7999992
490;34.7999992
491;34.7999992
492;34.8000031
493;34.7999992
494;34.7999992
495;34.7999992
496;34.7999992
497;34.7999992
498;34.7999992
499;34.7999992
500;34.7999992
501;34.7999992
502;34.7999992
503;34.7999992
504;33.1882248
505;33.0984039
506;32.0695229
507;32.6657944
508;34.7999992
509;34.7999992
510;34.7999992
511;34.7999992
512;34.7999992
513;34.7999992
514;34.7999992
515;34.7999992
516;34.7999992
517;34.7999992
518;34.7999992
519;34.7999992
520;34.7999992
521;34.7999992
522;34.7999992
523;34.7999992
524;34.7999992
525;34.7999992
526;34.7999992
527;34.7999992
528;26.7581234
529;8.7385149
530;27.6326618
531;9.48019886
532;28.3401375
533;26.818306
534;34.7999992
535;34.7999992
536;34.7999992
537;34.7999992
538;34.7999992
539;34.7999992
540;34.7999992
541;34.7999992
542;34.7999992
543;34.7999992
544;34.7999992
545;34.7999992
546;34.7999992
547;34.7999992
548;34.7999992
549;34.7999992
550;34.7999992
551;16.3323212
552;18.5563984
553;15.5563068
554;17.8974991
555;15.0826483
556;17.0927086
557;18.4307575
558;34.7999992
559;34.7999992
560;34.7999992
561;34.7999992
562;34.7999992
563;34.7999992
564;34.7999992
565;34.7999992
566;33.9555016
567;32.7339439
568;34.7999992
569;34.7999992
570;34.7999992
571;34.7999992
572;34.7999992
573;34.7999992
574;34.7999992
575;4.55025578
576;30.7841091
577;8.11184597
578;10.1311779
579;13.5273743
580;21.8280067
581;14.8234015
582;20.8796902
583;14.4356747
584;21.8268127
585;14.7369413
586;23.9458389
587;15.5713654
588;23.9123497
589;15.604722
590;23.8791275
591;15.6378117
592;23.8461685
593;15.6706371
594;23.8134747
595;15.2386656
596;23.2182369
597;14.9375134
598;22.9747658
599;14.5138845
600;17.0197792
601;14.5232534
602;11.549859
603;8.83700657
604;7.27955723
605;14.1877508
606;24.0721226
607;14.5428114
608;24.5949631
609;14.8897791
610;24.5912113
611;14.9285755
612;24.5525684
613;14.967062
614;24.5142365
615;15.0052414
616;24.4762096
617;15.0431166
618;24.4384861
619;15.0806885
620;24.4010639
621;15.1179619
622;24.3639412
623;15.1549368
624;9.77343082
625;10.5799208
626;10.9576149
627;11.7380056
628;14.619976
629;24.8599339
630;14.6609259
631;24.8191471
632;14.7015495
633;24.7786865
634;14.741848
635;24.7385502
636;14.781826
637;24.6987324
638;14.8214836
639;24.6592331
640;14.8608255
641;24.6200485
642;14.8998528
643;24.5811768
644;14.9385691
645;24.5426159
646;14.9769754
647;21.5997028
648;17.9081211
649;21.58494
650;17.9228249
651;21.5702953
652;17.9374104
653;21.5557671
654;17.9518814
655;21.5413551
656;17.9662342
657;21.5270576
658;17.9804745
659;21.5128746
660;17.9946003
661;21.4988041
662;18.0086136
663;21.484848
664;18.0225163
665;21.4710007
666;18.0363064
667;21.4572659
668;18.0499878
669;21.4436398
670;18.0635586
671;21.4301224
672;18.0770226
673;20.1750374
674;19.3270874
675;20.171648
676;19.1025791
677;19.3259506
678;18.384758
679;18.6823559
680;18.2457104
681;18.6893749
682;19.9653873
683;19.5358982
684;19.9636707
685;19.5376091
686;19.9619675
687;19.5393066
688;19.9602757
689;19.5409908
690;19.9585991
691;19.5426598
692;19.9043484
693;19.1321602
694;19.5068436
695;18.7830658
696;19.3461819
697;18.6187859
698;19.2731552
699;18.8405247
700;19.4642506
701;18.7904282
702;19.4790859
703;18.7844181
704;19.4500141
705;19.4006176
706;20.0984116
707;19.4034081
708;20.0956326
709;19.4061756
710;20.0928745
711;19.4089222
712;20.0901394
713;19.4116459
714;20.0874271
715;25.5391579
716;31.3380432
717;32.5703049
718;21.8753624
719;17.1602631
720;21.5585022
721;16.7659073
722;21.276392
723;16.6612377
724;20.8898144
725;16.2136135
726;22.3738461
727;34.1297035
728;34.7999992
729;34.7999992
730;34.7999992
731;30.6931458
732;22.2916355
733;16.9823036
734;22.1564598
735;16.985466
736;22.346138
737;23.771534
738;34.7999992
739;34.7999992
740;34.7999992
741;34.7999992
742;34.2690697
743;5.28941727
744;23.3863621
745;16.1286049
746;23.357338
747;15.7981567
748;22.9414577
749;15.4498358
750;30.056757
751;34.7999992
752;34.7999992
753;34.7999992
754;34.7999992
755;34.7999992
756;34.7999992
757;34.7999992
758;28.5386143
759;21.807272
760;20.7481022
761;33.138237
762;34.7999992
763;34.7999992
764;34.8000031
765;34.8000031
766;34.7999992
767;34.7999992
768;34.8000031
769;1.87220836
770;32.5705414
771;1.87220836
772;32.0185204
773;27.9308891
774;34.7999992
775;34.7999992
776;34.7999992
777;34.7999992
778;34.7999992
779;34.7999992
780;34.7999992
781;34.7999992
782;34.7999992
783;34.7999992
784;34.7999992
785;34.7999992
786;34.7999992
787;34.7999992
788;34.7999992
789;34.7999992
790;34.8000031
791;14.9416132
792;19.5016518
793;15.1927338
794;19.7173042
795;15.2108278
796;19.7941628
797;31.1341705
798;34.8000031
799;34.7999992
800;34.7999992
801;34.8000031
802;34.8000031
803;34.7999992
804;34.7999992
805;34.7999992
806;34.7999992
807;34.7999992
808;34.7999992
809;34.7999992
810;34.7999992
811;34.7999992
812;34.7999992
813;34.7999992
814;34.7999992
815;26.9591503
816;6.86801863
817;26.6717968
818;10.8864136
819;22.807478
820;13.2639627
821;30.5938053
822;34.7999992
823;34.7999992
824;34.7999992
825;34.7999992
826;34.8000031
827;34.7999992
828;34.7999992
829;34.7999992
830;34.7999992
831;34.8000031
832;34.7999992
833;34.7999992
834;34.7999992
835;34.8000031
836;34.7999992
837;34.7999992
838;34.7999992
839;31.6465206
840;15.3165112
841;17.6878166
842;15.3604956
843;17.264492
844;15.1697264
845;17.256115
846;32.7675438
847;34.8000031
848;34.8000031
849;34.7999992
850;34.7999992
851;34.7999992
852;34.7999992
853;34.7999992
854;34.7999992
855;34.7999992
856;34.7999992
857;34.7999992
858;34.7999992
859;34.7999992
860;34.7999992
861;34.7999992
862;34.7999992
863;17.033844
864;16.2706146
865;16.8065319
866;16.0398712
867;16.6568356
868;15.9647112
869;16.7144451
870;19.9262657
871;34.7999992
872;34.8000031
873;34.7999992
874;34.7999992
875;34.7999992
876;34.7999992
877;33.1402092
878;28.8918495
879;25.2618217
880;25.1160889
881;33.2971191
882;34.7999992
883;34.7999992
884;34.7999992
885;34.7999992
886;34.7999992
887;6.95839548
888;25.4777336
889;7.17046118
890;26.103178
891;7.28930044
892;25.9071846
893;34.7999992
894;34.7999992
895;34.7999992
896;34.7999992
897;34.7999992
898;34.7999992
899;34.7999992
900;34.8000031
901;34.7999992
902;34.7999992
903;34.7999992
904;34.8000031
905;34.7999992
906;34.7999992
907;34.7999992
908;34.7999992
909;34.7999992
910;34.7999992
911;8.3751564
912;24.6359138
913;8.45743465
914;24.7437229
915;8.7554493
916;24.4727745
917;34.026123
918;34.8000031
919;34.7999992
920;34.7999992
921;34.7999992
922;34.7999992
923;34.7999992
924;34.7999992
925;34.7999992
926;34.7999992
927;34.7999992
928;34.7999992
929;34.7999992
930;34.7999992
931;34.7999992
932;34.7999992
933;34.7999992
934;34.7999992
935;3.84100842
936;28.8586674
937;12.9091883
938;19.6801186
939;13.1605253
940;19.1106491
941;34.8000031
942;34.7999992
943;34.7999992
944;34.7999992
945;34.7999992
946;34.7999992
947;34.7999992
948;34.7999992
949;34.7999992
950;34.7999992
951;34.7999992
952;34.7999992
953;34.7999992
954;34.7999992
955;34.7999992
956;34.7999992
957;34.7999992
958;34.7999992
959;28.9820862
960;10.7278233
961;21.6285019
962;10.5816574
963;21.5239468
964;14.4612141
965;34.2814789
966;34.7999992
967;34.7999992
968;34.7999992
969;34.7999992
970;34.7999992
971;34.7999992
972;34.7999992
973;34.7999992
974;34.7999992
975;34.7999992
976;34.7999992
977;34.7999992
978;34.7999992
979;34.7999992
980;34.7999992
981;34.7999992
982;34.7999992
983;30.8968067
984;13.8582811
985;20.3563919
986;13.8325157
987;20.0370388
988;13.9435806
989;20.2196808
990;34.7999992
991;34.7999992
992;34.7999992
993;34.7999992
994;34.7999992
995;34.7999992
996;34.7999992
997;34.7999992
998;34.7999992
999;34.7999992
1000;34.7999992
1001;34.7999992
1002;34.7999992
1003;34.7999992
1004;34.7999992
1005;34.7999992
1006;34.7999992
1007;18.4835072
1008;17.4621048
1009;18.3216572
1010;17.0185375
1011;18.1849728
1012;17.0494957
1013;18.1103134
1014;34.8000031
1015;34.7999992
1016;34.7999992
1017;34.7999992
1018;34.7999992
1019;34.7999992
1020;34.7999992
1021;34.7999992
1022;34.8000031
1023;34.7999992
1024;34.7999992
1025;34.7999992
1026;34.7999992
1027;34.7999992
1028;34.7999992
1029;34.7999992
1030;34.7999992
1031;21.9621334
1032;10.3183622
1033;21.6309319
1034;10.1220913
1035;21.4037762
1036;9.87394524
1037;21.1937847
1038;20.5385799
1039;33.623909
1040;34.7999992
1041;34.7999992
1042;34.7999992
1043;34.7999992
1044;33.8998756
1045;29.8748684
1046;24.0020771
1047;18.7260666
1048;18.4388256
1049;24.2895107
1050;34.7999992
1051;34.7999992
1052;34.7999992
1053;34.7999992
1054;34.7999992
1055;5.0998435
1056;26.5180683
1057;4.49546671
1058;26.0159817
1059;4.5297761
1060;25.9990616
1061;14.5533237
1062;25.6608143
1063;34.7999992
1064;34.7999992
1065;34.7999992
1066;34.8000031
1067;34.7999992
1068;34.7999992
1069;32.3252831
1070;26.1580658
1071;21.1337891
1072;21.8027439
1073;34.4890823
1074;34.7999992
1075;34.7999992
1076;34.7999992
1077;34.7999992
1078;34.7999992
1079;34.7999992
1080;34.7999992
1081;34.7999992
1082;34.7999992
1083;34.7999992
1084;34.7999992
1085;7.50168943
1086;34.8000031
1087;34.7999992
1088;34.8000031
1089;34.7999992
1090;34.7999992
1091;34.7999992
1092;34.7999992
1093;34.7999992
1094;34.7999992
1095;34.7999992
1096;34.7999992
1097;34.7999992
1098;34.7999992
1099;34.7999992
1100;34.7999992
1101;34.7999992
1102;34.7999992
1103;4.23472261
1104;34.1643333
1105;4.72761106
1106;33.9501991
1107;4.7480607
1108;33.7194786
1109;8.92669106
1110;29.1982002
1111;29.3654766
1112;34.7509766
1113;34.7999992
1114;34.5838776
1115;28.0050488
1116;17.380415
1117;22.1105347
1118;17.3993301
1119;22.0916939
1120;17.4180946
1121;22.0730057
1122;25.1812878
1123;34.7999992
1124;34.7999992
1125;34.7999992
1126;34.7999992
1127;1.87220836
1128;32.0012703
1129;16.5085278
1130;18.3377705
1131;16.888546
1132;18.5773888
1133;34.3427696
1134;34.7999992
1135;34.7999992
1136;34.8000031
1137;34.7999992
1138;34.7999992
1139;34.8000031
1140;34.7999992
1141;34.7999992
1142;34.7999992
1143;34.7999992
1144;34.7999992
1145;34.7999992
1146;34.8000031
1147;34.7999992
1148;34.7999992
1149;34.7999992
1150;34.7999992
1151;30.3991299
1152;12.915266
1153;20.7781124
1154;12.2998075
1155;20.2353115
1156;14.959794
1157;34.7999992
1158;34.7999992
1159;34.7999992
1160;34.7999992
1161;34.7999992
1162;34.7999992
1163;34.8000031
1164;34.7999992
1165;34.7999992
1166;34.8000031
1167;34.7999992
1168;34.7999992
1169;34.7999992
1170;34.7999992
1171;34.7999992
1172;34.7999992
1173;34.7999992
1174;34.7999992
1175;34.7999992
1176;22.1930885
1177;20.5418224
1178;17.5513363
1179;16.6415939
1180;22.2249603
1181;34.7999992
1182;34.7999992
1183;34.7999992
1184;34.7999992
1185;34.7999992
1186;34.7999992
1187;34.7999992
1188;34.7999992
1189;34.8000031
1190;34.7999992
1191;34.7999992
1192;34.7999992
1193;34.7999992
1194;34.8000031
1195;34.7999992
1196;34.7999992
1197;34.7999992
1198;34.7999992
1199;34.7999992
1200;29.7086506
1201;25.3210983
1202;19.8934002
1203;15.7860832
1204;17.7542953
1205;34.7999992
1206;34.7999992
1207;34.7999992
1208;34.7999992
1209;34.7999992
1210;34.7999992
1211;34.8000031
1212;34.7999992
1213;34.7999992
1214;34.7999992
1215;34.7999992
1216;34.8000031
1217;34.7999992
1218;34.7999992
1219;34.7999992
1220;34.7999992
1221;34.7999992
1222;34.7999992
1223;34.7999992
1224;30.1427593
1225;34.7999992
1226;1.87220836
1227;28.111227
1228;34.7999992
1229;7.10326624
1230;34.7999992
1231;34.7999992
1232;34.7999992
1233;34.7999992
1234;34.7999992
1235;34.7999992
1236;34.7999992
1237;34.8000031
1238;34.7999992
1239;34.7999992
1240;34.7999992
1241;34.7999992
1242;34.7999992
1243;34.7999992
1244;34.7999992
1245;34.7999992
1246;34.7999992
1247;2.66381621
1248;28.9702301
1249;2.52750659
1250;28.7178535
1251;2.64086795
1252;28.5876961
1253;34.0771713
1254;34.7999992
1255;34.7999992
1256;34.7999992
1257;34.7999992
1258;34.7999992
1259;34.7999992
1260;34.7999992
1261;34.7999992
1262;34.7999992
1263;34.7999992
1264;34.7999992
1265;34.7999992
1266;34.7999992
1267;34.7999992
1268;34.7999992
1269;34.7999992
1270;34.8000031
1271;2.8599546
1272;29.4735317
1273;19.7643242
1274;12.3952522
1275;19.6572266
1276;15.8987999
1277;34.7999992
1278;34.7999992
1279;34.7999992
1280;34.7999992
1281;34.7999992
1282;34.7999992
1283;34.7999992
1284;34.7999992
1285;34.7999992
1286;34.8000031
1287;34.7999992
1288;34.7999992
1289;34.8000031
1290;34.8000031
1291;34.7999992
1292;34.7999992
1293;34.7999992
1294;34.7999992
1295;34.8000031
1296;22.5824261
1297;9.76092911
1298;22.3327675
1299;9.5524435
1300;22.212656
1301;9.58582115
1302;22.0069046
1303;30.4808178
1304;34.7999992
1305;34.7999992
1306;34.7999992
1307;34.7999992
1308;32.8474693
1309;27.3336029
1310;19.6039543
1311;16.6879673
1312;19.3556423
1313;22.0665741
1314;34.326622
1315;34.7999992
1316;34.7999992
1317;34.7999992
1318;34.7999992
1319;4.28863668
1320;26.0063515
1321;3.98734522
1322;25.5474052
1323;3.73717546
1324;25.1151695
1325;26.4418316
1326;34.7999992
1327;34.7999992
1328;34.8000031
1329;34.7999992
1330;34.7999992
1331;34.7999992
1332;34.7999992
1333;34.7999992
1334;34.7999992
1335;34.7999992
1336;34.7999992
1337;34.7999992
1338;34.8000031
1339;34.8000031
1340;34.7999992
1341;34.7999992
1342;34.7999992
1343;23.657774
1344;3.1178937
1345;23.3168716
1346;24.6889858
1347;27.4903374
1348;34.7999992
1349;34.8000031
1350;34.7999992
1351;34.7999992
1352;34.7999992
1353;34.7999992
1354;34.7999992
1355;34.7999992
1356;34.7999992
1357;34.7999992
1358;34.7999992
1359;34.7999992
1360;34.8000031
1361;34.7999992
1362;34.7999992
1363;34.7999992
1364;34.7999992
1365;34.7999992
1366;34.7999992
1367;34.7999992
1368;34.7999992
1369;34.7999992
1370;34.7999992
1371;34.8000031
1372;34.7999992
1373;34.7999992
1374;34.7999992
1375;34.7999992
1376;34.7999992
1377;34.7999992
1378;34.7999992
1379;34.7999992
1380;34.8000031
1381;34.7999992
1382;34.7999992
1383;34.7999992
1384;34.7999992
1385;34.7999992
1386;34.7999992
1387;34.7999992
1388;34.7999992
1389;34.7999992
1390;34.7999992
1391;34.7999992
1392;34.8000031
1393;19.4266205
1394;34.8000031
1395;34.7999992
1396;34.7999992
1397;34.7999992
1398;34.7999992
1399;34.8000031
1400;34.7999992
1401;34.8000031
1402;34.7999992
1403;34.7999992
1404;34.7999992
1405;34.7999992
1406;34.7999992
1407;34.7999992
1408;34.7999992
1409;34.7999992
1410;34.7999992
1411;34.7999992
1412;34.7999992
1413;34.7999992
1414;34.8000031
1415;20.2293568
1416;7.31750822
1417;19.9620876
1418;7.15244007
1419;19.6952267
1420;11.2877321
1421;34.7999992
1422;34.7999992
1423;34.7999992
1424;34.7999992
1425;34.7999992
1426;34.7999992
1427;34.7999992
1428;34.7999992
1429;34.7999992
1430;34.7999992
1431;34.7999992
1432;34.7999992
1433;34.7999992
1434;34.7999992
1435;34.7999992
1436;34.7999992
1437;34.7999992
1438;34.7999992
1439;23.7436314
1440;5.52510977
1441;23.2653828
1442;15.7519836
1443;12.4066277
1444;15.419467
1445;34.7999992
1446;34.7999992
1447;34.7999992
1448;34.7999992
1449;34.7999992
1450;34.7999992
1451;34.7999992
1452;34.7999992
1453;34.7999992
1454;34.7999992
1455;34.7999992
1456;34.7999992
1457;34.8000031
1458;34.7999992
1459;34.7999992
1460;34.7999992
1461;34.7999992
1462;34.7999992
1463;34.7999992
1464;21.8398132
1465;10.6385775
1466;21.4068775
1467;9.30158138
1468;19.8749046
1469;8.09318638
1470;18.6202374
1471;31.3411789
1472;34.7999992
1473;34.7999992
1474;34.7999992
1475;32.6577072
1476;25.0295029
1477;14.4920349
1478;24.9873638
1479;14.5340061
1480;24.9455605
1481;22.5153809
1482;28.9911423
1483;34.7999992
1484;34.7999992
1485;34.7999992
1486;31.4645844
1487;4.68194246
1488;31.3574791
1489;4.77108908
1490;11.4835882
1491;19.0194893
1492;16.6215
1493;18.4753857
1494;16.2752724
1495;18.3113308
1496;16.5594273
1497;20.710743
1498;18.7935257
1499;20.7030754
1500;18.8011608
1501;20.6954689
1502;18.8087368
1503;20.6879253
1504;18.8162518
1505;20.680439
1506;18.8237076
1507;20.4363651
1508;17.7783794
1509;20.0400829
1510;17.454361
1511;20.20504
1512;17.9123669
1513;20.3448734
1514;17.2033806
1515;19.7187729
1516;16.6086674
1517;19.268095
1518;15.8307486
1519;18.5556946
1520;16.0055275
1521;20.9731884
1522;18.5321293
1523;20.9634266
1524;18.541851
1525;20.953743
1526;18.5514965
1527;20.9441357
1528;18.5610657
1529;20.9346066
1530;18.5705566
1531;20.9251518
1532;17.7122574
1533;20.0708809
1534;16.8977966
1535;18.9012375
1536;15.7389936
1537;18.1381855
1538;15.1620636
1539;17.8588963
1540;14.6035738
1541;17.5267391
1542;14.3047504
1543;17.4276009
1544;15.4126606
1545;19.8808403
1546;17.9460297
1547;21.5471821
1548;17.9604301
1549;21.5328388
1550;17.9747162
1551;21.51861
1552;17.9888897
1553;21.5044937
1554;18.0029488
1555;20.9733677
1556;25.454874
1557;26.1442261
1558;16.107357
1559;20.2582302
1560;16.7462578
1561;20.6473675
1562;16.7355633
1563;20.2723656
1564;15.9871693
1565;19.5891037
1566;15.6948051
1567;19.5647659
1568;17.007473
1569;21.7720356
1570;17.736475
1571;21.7558975
1572;17.7525501
1573;21.7398872
1574;17.7684956
1575;21.7240067
1576;17.7843132
1577;21.708252
1578;17.800005
1579;20.263958
1580;16.9509087
1581;19.865057
1582;16.9187374
1583;19.7656269
1584;17.0440655
1585;13.6338444
1586;9.40992546
1587;5.66685772
1588;5.0428257
1589;20.3963261
1590;16.2230625
1591;20.2656937
1592;16.1603451
1593;21.9408855
1594;17.5683022
1595;21.923399
1596;17.5857182
1597;21.9060516
1598;17.6029949
1599;21.8888435
1600;17.6201344
1601;21.8717728
1602;17.6371365
1603;21.8548393
1604;17.6540031
1605;21.8380394
1606;17.258791
1607;16.3466339
1608;10.1234798
1609;27.3207912
1610;9.38764095
1611;26.3112411
1612;9.43778992
1613;26.4190598
1614;9.8738203
1615;27.1329632
1616;11.3276806
1617;28.1390648
1618;11.3949099
1619;28.0721035
1620;11.4616022
1621;28.0056782
1622;11.5277634
1623;27.9397812
1624;11.5933952
1625;27.8744125
1626;11.6585035
1627;27.8095627
1628;13.2163506
1629;26.257946
1630;13.2685041
1631;26.2060013
1632;13.3202419
1633;26.1544704
1634;13.3715668
1635;26.1033516
1636;13.4224815
1637;26.0526409
1638;13.47299
1639;26.0023327
1640;13.5230951
1641;25.9524288
1642;13.5728006
1643;25.9029217
1644;13.6221094
1645;25.8538113
1646;13.6710243
1647;25.8050919
1648;13.7195492
1649;25.7567596
1650;13.7676868
1651;25.7088146
1652;13.8154392
1653;25.661253
1654;13.8628111
1655;25.6140709
1656;13.6994505
1657;13.1788816
1658;12.6898022
1659;13.1615744
1660;16.0750313
1661;20.7900219
1662;16.0237675
1663;20.6219597
1664;18.58395
1665;20.9118118
1666;18.5932598
1667;20.9025402
1668;18.6024933
1669;20.893343
1670;18.6116562
1671;20.8842182
1672;18.6207428
1673;20.8751659
1674;18.6297588
1675;20.8661861
1676;18.6387024
1677;20.8572788
1678;18.6475754
1679;20.8484421
1680;18.6563759
1681;14.6485262
1682;10.2951727
1683;6.30260611
1684;4.11398935
1685;10.7273035
1686;24.2457581
1687;15.272646
1688;24.2098751
1689;15.3083858
1690;24.1742764
1691;15.3438416
1692;24.1389637
1693;15.3790131
1694;24.1039333
1695;15.4139042
1696;24.0691814
1697;15.4485178
1698;24.0347061
1699;15.4828539
1700;24.0005074
1701;15.5169163
1702;23.9665813
1703;15.5507069
1704;10.9503717
1705;16.7073307
1706;21.9701519
1707;17.5391521
1708;21.9524326
1709;17.5568008
1710;21.9348545
1711;17.5743084
1712;21.9174156
1713;17.5916767
1714;21.9001179
1715;17.6089058
1716;21.8829575
1717;17.6259975
1718;21.8659325
1719;17.6429539
1720;21.8490448
1721;17.6597748
1722;21.8322926
1723;17.6764603
1724;21.7893791
1725;17.500082
1726;21.6582832
1727;17.4290638
1728;21.5449562
1729;11.7668772
1730;27.0127754
1731;29.6987762
1732;34.7999992
1733;3.59489155
1734;20.5345306
1735;17.0057163
1736;21.4670181
1737;18.0402737
1738;21.4533138
1739;18.0539227
1740;21.4397202
1741;18.0674629
1742;21.4262333
1743;18.0808945
1744;21.4128551
1745;18.0942192
1746;21.3995838
1747;18.1074371
1748;21.2900066
1749;17.4452744
1750;20.7136822
1751;16.9047337
1752;7.66468859
1753;12.336853
1754;16.4524651
1755;19.8180885
1756;16.0978031
1757;19.5139732
1758;16.0238152
1759;19.5175457
1760;17.2210369
1761;21.2700882
1762;18.2364178
1763;21.2579556
1764;18.2485008
1765;21.2459202
1766;18.2604866
1767;21.2339821
1768;18.2723789
1769;21.2221375
1770;18.284174
1771;21.2103882
1772;18.2958775
1773;21.1987343
1774;18.3074856
1775;21.1871719
1776;18.3190022
1777;19.4331532
1778;19.6628246
1779;18.8906536
1780;19.2828484
1781;18.5942192
1782;18.8769131
1783;18.4989357
1784;20.3741856
1785;19.1287365
1786;20.3692036
1787;19.1336975
1788;20.3642635
1789;19.1386185
1790;20.3593616
1791;19.1435013
1792;20.3544998
1793;19.148344
1794;20.3496761
1795;19.1531467
1796;20.3448906
1797;19.1579132
1798;20.3401451
1799;18.3825741
1800;19.317131
1801;19.9712067
1802;19.1093922
1803;17.1367283
1804;18.8385582
1805;17.9323654
1806;25.0553036
1807;34.7999992
1808;34.7999992
1809;34.7999992
1810;34.7999992
1811;34.7999992
1812;34.7999992
1813;34.7999992
1814;32.7451096
1815;29.7639999
1816;29.9636955
1817;34.7999992
1818;34.8000031
1819;34.7999992
1820;34.7999992
1821;34.8000031
1822;34.7999992
1823;12.1649265
1824;21.3788204
1825;12.0120144
1826;21.1343536
1827;11.7811089
1828;20.8554401
1829;34.7999992
1830;34.7999992
1831;34.7999992
1832;34.7999992
1833;34.7999992
1834;34.7999992
1835;34.7999992
1836;34.7999992
1837;34.7999992
1838;34.7999992
1839;34.7999992
1840;34.7999992
1841;34.7999992
1842;34.7999992
1843;34.7999992
1844;34.7999992
1845;34.7999992
1846;34.7999992
1847;34.7999992
1848;22.2639523
1849;10.190258
1850;22.1725426
1851;10.2813025
1852;22.1336136
1853;33.8543549
1854;34.7999992
1855;34.7999992
1856;34.7999992
1857;34.7999992
1858;34.7999992
1859;34.8000031
1860;34.8000031
1861;34.7999992
1862;34.7999992
1863;34.7999992
1864;34.7999992
1865;34.7999992
1866;34.7999992
1867;34.7999992
1868;34.7999992
1869;34.7999992
1870;34.7999992
1871;27.4172421
1872;6.33734226
1873;26.3033123
1874;6.16705179
1875;25.9295235
1876;6.11670208
1877;25.4794006
1878;29.2007885
1879;34.7999992
1880;34.7999992
1881;34.7999992
1882;34.7999992
1883;34.7999992
1884;34.7999992
1885;34.7999992
1886;33.3135147
1887;32.8286896
1888;34.8000031
1889;34.8000031
1890;34.7999992
1891;34.7999992
1892;34.7999992
1893;34.7999992
1894;34.7999992
1895;7.00180054
1896;26.0296535
1897;7.12102032
1898;24.376276
1899;8.81091404
1900;24.2450256
1901;8.80363178
1902;24.053894
1903;23.2042484
1904;30.3312912
1905;34.1692162
1906;30.8630142
1907;18.3439846
1908;18.0568409
1909;19.2280807
1910;18.5786495
1911;19.339426
1912;18.5729275
1913;18.9331799
1914;23.0369453
1915;34.7999992
1916;34.7999992
1917;34.7999992
1918;21.6815987
1919;11.2015514
1920;21.0186615
1921;10.9302969
1922;20.7713089
1923;11.0386543
1924;20.7151375
1925;13.3035212
1926;30.0750256
1927;34.7999992
1928;34.7999992
1929;34.7999992
1930;34.7999992
1931;34.7999992
1932;34.7999992
1933;33.2851753
1934;26.1558723
1935;19.0368156
1936;18.3572025
1937;29.395916
1938;34.7999992
1939;34.8000031
1940;34.7999992
1941;34.7999992
1942;34.7999992
1943;34.7999992
1944;34.8000031
1945;1.87220836
1946;33.2532005
1947;1.87220836
1948;33.2444382
1949;10.8923244
1950;24.4882774
1951;26.5629234
1952;32.7594032
1953;34.7999992
1954;34.7999992
1955;28.9385128
1956;18.2955513
1957;21.1990566
1958;18.3071632
1959;21.1874924
1960;18.3186817
1961;21.1760197
1962;22.4822865
1963;34.7999992
1964;34.7999992
1965;34.7999992
1966;34.7999992
1967;34.8000031
1968;1.87220836
1969;9.78665352
1970;16.7371597
1971;18.9472904
1972;16.3954067
1973;18.6574478
1974;15.8869305
1975;18.5342388
1976;17.5255203
1977;20.5373459
1978;18.9662285
1979;20.5310631
1980;18.9724865
1981;20.5248299
1982;18.9786949
1983;20.5186462
1984;18.9848518
1985;20.5125122
1986;18.9909611
1987;20.5064278
1988;17.8400669
1989;19.2599277
1990;16.7326145
1991;18.2267094
1992;15.7380466
1993;17.6561069
1994;15.3230743
1995;17.3707657
1996;15.1932573
1997;17.2758045
1998;15.1670837
1999;17.8625221
2000;18.0981388
2001;21.3956814
2002;18.1113243
2003;21.3825474
2004;18.1244068
2005;21.3695183
2006;18.1373844
2007;21.3565922
2008;18.1502571
2009;21.343771
2010;18.1630287
2011;21.3310509
2012;18.1756973
2013;21.2395477
2014;16.9871712
2015;20.5827122
2016;16.7911949
2017;20.322134
2018;16.3057213
2019;19.7100658
2020;16.1002159
2021;19.6167469
2022;15.5796251
2023;19.7233086
2024;17.6909847
2025;21.8012066
2026;17.7074223
2027;21.7848358
2028;17.7237282
2029;21.7685947
2030;17.7399025
2031;21.7524834
2032;17.755949
2033;21.7365017
2034;17.7718678
2035;21.7206478
2036;17.7438354
2037;20.7581444
2038;16.8005257
2039;19.9973087
2040;16.1296539
2041;19.6575432
2042;15.5565205
2043;19.1824646
2044;15.1915045
2045;18.5886059
2046;14.7651958
2047;18.9097061
2048;18.3085098
2049;21.1861515
2050;18.3200169
2051;21.1746902
2052;18.3314342
2053;21.1633186
2054;18.3427582
2055;21.1520386
2056;18.3539925
2057;21.1408501
2058;18.3651371
2059;21.1297493
2060;18.376194
2061;21.1187382
2062;18.3871613
2063;21.0289307
2064;18.4766083
2065;11.1871042
2066;3.28278112
2067;33.6130447
2068;34.7999992
2069;4.76061106
2070;27.9281483
2071;11.6049814
2072;27.8628712
2073;11.6699972
2074;27.7981167
2075;11.7344942
2076;27.7338772
2077;11.7984762
2078;27.6701508
2079;11.861948
2080;27.6069336
2081;11.9249125
2082;27.54422
2083;11.9873753
2084;27.482008
2085;12.0493383
2086;27.4202919
2087;12.1108074
2088;3.51599813
2089;28.6587944
2090;29.2191792
2091;32.1371346
2092;34.7999992
2093;2.91123652
2094;24.6443634
2095;12.7633162
2096;25.6661568
2097;13.8579273
2098;25.6189346
2099;13.9049606
2100;25.5720901
2101;13.9516172
2102;25.5256195
2103;13.9979029
2104;25.4795208
2105;14.0438185
2106;25.4337883
2107;14.0893669
2108;25.3270683
2109;12.2761679
2110;24.1705112
2111;11.8854933
2112;5.89232779
2113;3.48160815
2114;30.8270168
2115;32.4246483
2116;34.7999992
2117;34.7999992
2118;34.8000031
2119;34.7999992
2120;34.7999992
2121;3.30565286
2122;23.8570747
2123;15.6597748
2124;23.8242931
2125;15.6924248
2126;23.7917747
2127;15.7248144
2128;23.7595139
2129;15.7569456
2130;23.7275105
2131;15.7888203
2132;23.6957645
2133;15.8204403
2134;23.6642704
2135;15.8518085
2136;8.72734642
2137;3.62235618
2138;31.8570824
2139;33.5244827
2140;34.7999992
2141;3.13035679
2142;15.796813
2143;21.8734875
2144;17.5390167
2145;21.9525681
2146;17.5566673
2147;21.934988
2148;17.5741749
2149;21.9175491
2150;17.5915451
2151;21.9002495
2152;17.6087761
2153;21.8830872
2154;17.6258678
2155;21.8660622
2156;17.6428261
2157;21.8491726
2158;17.659647
2159;17.4921474
2160;11.3464222
2161;19.6892471
2162;19.3639297
2163;19.3811798
2164;19.0659943
2165;19.0731506
2166;18.7592545
2167;18.7651272
2168;18.4525108
2169;21.0427265
2170;18.4628677
2171;21.0324097
2172;18.4731445
2173;21.0221748
2174;18.4833374
2175;21.012022
2176;18.4934502
2177;21.0019512
2178;18.5034809
2179;20.9919586
2180;17.9963093
2181;20.5505028
2182;17.8662872
2183;20.171648
2184;17.5862675
2185;6.24915743
2186;25.4969425
2187;31.4616451
2188;34.7999992
2189;34.8000031
2190;34.8000031
2191;34.7999992
2192;3.56859732
2193;13.9165802
2194;20.5506706
2195;18.9529552
2196;17.8970146
2197;16.0925655
2198;13.7940788
2199;12.7172508
2200;13.9544296
2201;20.0236492
2202;19.477869
2203;20.0214672
2204;19.4800434
2205;20.0193024
2206;19.4822006
2207;9.25852203
2208;12.2937794
2209;12.5681295
2210;12.8991337
2211;15.9565697
2212;23.4995193
2213;24.3971825
2214;25.2942028
2215;25.9297867
2216;23.7674198
2217;21.8656406
2218;19.3095207
2219;18.15308
2220;17.8361073
2221;17.5664024
2222;18.2021294
2223;19.402544
2224;21.8918819
2225;24.8970509
2226;27.925993
2227;27.694788
2228;26.5006523
2229;20.892334
2230;13.6120691
2231;11.5430698
2232;9.53072739
2233;9.60493851
2234;9.80729008
2235;11.6763916
2236;16.3811302
2237;17.2104225
2238;20.7510548
2239;23.4773102
2240;22.1553917
2241;21.0862846
2242;18.401556
2243;16.9465237
2244;16.1917
2245;16.1203308
2246;16.4154606
2247;17.0558014
2248;18.5776081
2249;20.695282
2250;23.8560791
2251;23.714735
2252;22.5171852
2253;18.901638
2254;12.767849
2255;9.16530418
2256;17.6245823
2257;18.1106262
2258;18.5268993
2259;22.3719788
2260;31.7170982
2261;33.3334351
2262;34.7999992
2263;2.01137352
2264;3.66665888
2265;3.815871
2266;31.6774426
2267;29.2267952
2268;27.8533287
2269;26.4626732
2270;26.1892395
2271;27.2329407
2272;30.667057
2273;34.7999992
2274;34.7999992
2275;4.76061106
2276;12.2979698
2277;18.1048603
2278;16.8422527
2279;2.64591098
2280;22.5130138
2281;22.959446
2282;23.5459156
2283;28.9630718
2284;34.7999992
2285;34.7999992
2286;34.7999992
2287;34.7999992
2288;4.16460419
2289;11.6471043
2290;15.7830906
2291;14.9176693
2292;11.6988964
2293;7.69660187
2294;3.27387047
2295;34.7999992
2296;34.7999992
2297;4.76061106
2298;13.3256044
2299;26.1491299
2300;13.3768864
2301;25.0928535
2302;14.4289389
2303;2.60598254
2304;15.8069334
2305;16.1770611
2306;16.6100903
2307;20.6099377
2308;30.4666843
2309;31.6074028
2310;32.4221115
2311;32.9732895
2312;30.1444035
2313;27.6452122
2314;24.4357548
2315;23.0125637
2316;22.6651611
2317;22.301115
2318;23.1440048
2319;24.7256432
2320;27.9822845
2321;31.8801212
2322;34.7999992
2323;34.7999992
2324;33.8770981
2325;26.5625172
2326;17.240036
2327;14.8136158
2328;8.58354092
2329;8.73200226
2330;8.94565868
2331;10.9191847
2332;15.8166685
2333;16.4819832
2334;17.9770985
2335;19.1030636
2336;17.7072945
2337;16.5083523
2338;14.5148754
2339;13.5393867
2340;13.1630144
2341;13.0175543
2342;13.3992767
2343;14.1454992
2344;15.752326
2345;17.7780037
2346;20.1339302
2347;19.9846916
2348;19.070755
2349;15.3934164
2350;10.1788111
2351;8.12759876
2352;5.78015471
2353;5.92179823
2354;6.04310989
2355;7.1636529
2356;9.8870306
2357;10.4551735
2358;12.6100035
2359;13.506938
2360;13.1976862
2361;12.4595938
2362;11.1702356
2363;10.2294798
2364;9.63500595
2365;9.13262939
2366;8.92346764
2367;9.16288757
2368;10.1960363
2369;11.8990126
2370;14.7292118
2371;15.490159
2372;14.8955488
2373;12.8014927
2374;8.33594799
2375;5.58473778
2376;8.32448483
2377;8.37625694
2378;8.54762936
2379;10.130578
2380;14.1261129
2381;14.8616772
2382;18.2147293
2383;20.8005371
2384;19.6810036
2385;18.7866516
2386;16.3800144
2387;15.0591249
2388;14.3533955
2389;14.3040314
2390;14.5429001
2391;15.0741301
2392;16.3629513
2393;18.1896496
2394;21.0216236
2395;20.9019184
2396;19.8323212
2397;16.748148
2398;11.3540277
2399;8.02608585
2400;12.8393421
2401;13.0310631
2402;13.3400936
2403;16.1945763
2404;23.301239
2405;24.332571
2406;27.2314072
2407;29.4352379
2408;27.4164104
2409;25.7052898
2410;22.5458336
2411;20.9508209
2412;20.2683792
2413;20.0809975
2414;20.6101055
2415;21.6664219
2416;23.9905167
2417;26.9894543
2418;30.7191811
2419;30.5033226
2420;29.0663643
2421;23.7014942
2422;15.7449789
2423;12.2028828
2424;10.1705475
2425;10.469552
2426;10.7256336
2427;13.0910454
2428;18.8399639
2429;19.7067795
2430;21.373806
2431;21.7155018
2432;20.6193409
2433;19.0612621
2434;17.1153374
2435;15.9052916
2436;15.3153992
2437;14.5874147
2438;14.5892277
2439;15.3163013
2440;17.3863907
2441;20.3162785
2442;24.1848221
2443;25.0152988
2444;24.0926113
2445;19.7829952
2446;12.6839895
2447;9.64719772
2448;23.3130474
2449;24.0067005
2450;24.6007824
2451;30.0882511
2452;34.7999992
2453;4.76061106
2454;12.4353008
2455;23.7682877
2456;15.7482071
2457;23.7362156
2458;15.7801523
2459;17.1912346
2460;15.8445835
2461;13.1778898
2462;8.85856342
2463;4.58575058
2464;2.02253556
2465;4.24646139
2466;13.1937218
2467;26.2804852
2468;13.2460566
2469;26.2283592
2470;13.2979727
2471;4.56758165
2472;15.6938887
2473;16.0586662
2474;16.4875317
2475;20.4489193
2476;30.2126846
2477;31.3478146
2478;32.2120934
2479;32.8028107
2480;30.0011292
2481;27.5277634
2482;24.3276367
2483;22.9037781
2484;22.548954
2485;22.1902027
2486;23.0231953
2487;24.5878334
2488;27.8131618
2489;31.6789017
2490;34.7999992
2491;34.7999992
2492;33.672821
2493;26.4249821
2494;17.159853
2495;14.7119169
2496;8.41214466
2497;8.54520798
2498;8.74972725
2499;10.638854
2500;15.3359432
2501;15.9999504
2502;17.7206764
2503;19.0247021
2504;17.6886215
2505;16.5500031
2506;14.5331984
2507;13.5270376
2508;13.1124716
2509;12.9822798
2510;13.3386297
2511;14.043889
2512;15.5820007
2513;17.548193
2514;19.930048
2515;19.7871914
2516;18.8670959
2517;15.3289251
2518;10.1744528
2519;7.98474932
2520;6.37827873
2521;6.53665257
2522;6.67229271
2523;7.92518806
2524;10.9702349
2525;11.5933113
2526;13.8971596
2527;14.8432293
2528;14.4812183
2529;13.6559458
2530;12.2426996
2531;11.2192307
2532;10.578887
2533;10.0293465
2534;9.8117094
2535;10.0875244
2536;11.2386456
2537;13.1184206
2538;16.2058125
2539;17.0282345
2540;16.3755665
2541;14.038229
2542;9.13045025
2543;6.15572309
2544;4.70726299
2545;4.73976803
2546;4.83686638
2547;5.73374939
2548;7.99441004
2549;8.40165806
2550;10.1999674
2551;11.5857668
2552;10.9514484
2553;10.4415445
2554;9.11602879
2555;8.3930006
2556;8.01217175
2557;7.98103046
2558;8.11954308
2559;8.4237051
2560;9.1539402
2561;10.1794147
2562;11.7395773
2563;11.6717548
2564;11.0815897
2565;9.34046936
2566;6.34130526
2567;4.53502035
2568;1.3047787
2569;1.24894524
2570;1.24894524
2571;1.24894524
2572;1.3047787
2573;1.47227859
2574;3.25894427
2575;4.65477657
2576;4.65477657
2577;4.71061087
2578;4.04061079
2579;3.59394407
2580;3.25894427
2581;3.31477737
2582;3.25894427
2583;3.20311117
2584;3.20311117
2585;3.37061071
2586;4.15227699
2587;4.15227699
2588;3.87311077
2589;3.76144385
2590;2.75644469
2591;1.36061192
2592;0.59762907
2593;0.575467467
2594;0.575467467
2595;0.575467467
2596;0.59762907
2597;0.66411376
2598;1.37328327
2599;1.92732215
2600;1.92732215
2601;1.94948375
2602;1.68354511
2603;1.50625277
2604;1.37328327
2605;1.39544487
2606;1.37328327
2607;1.3511219
2608;1.3511219
2609;1.41760659
2610;1.72786832
2611;1.72786832
2612;1.61706042
2613;1.57273746
2614;1.17382944
2615;0.619790614
2616;0.500907063
2617;0.483351052
2618;0.483351052
2619;0.483351052
2620;0.500907063
2621;0.553575099
2622;1.11536765
2623;1.55426812
2624;1.55426812
2625;1.57182431
2626;1.36115205
2627;1.22070396
2628;1.11536765
2629;1.13292372
2630;1.11536765
2631;1.09781182
2632;1.09781182
2633;1.15047979
2634;1.39626408
2635;1.39626408
2636;1.30848396
2637;1.27337193
2638;0.957363605
2639;0.518463075
2640;0.354138881
2641;0.343571395
2642;0.343571395
2643;0.343571395
2644;0.354138881
2645;0.38584134
2646;0.724000752
2647;0.98818779
2648;0.98818779
2649;0.998755336
2650;0.8719455
2651;0.78740567
2652;0.724000752
2653;0.734568238
2654;0.724000752
2655;0.713433325
2656;0.713433325
2657;0.745135725
2658;0.893080473
2659;0.893080473
2660;0.840243101
2661;0.819108069
2662;0.628893435
2663;0.364706367
2664;0.227897257
2665;0.223340914
2666;0.223340914
2667;0.223340914
2668;0.227897257
2669;0.241566271
2670;0.387369156
2671;0.501277626
2672;0.501277626
2673;0.505833983
2674;0.451157898
2675;0.414707184
2676;0.387369156
2677;0.391925484
2678;0.387369156
2679;0.382812828
2680;0.382812828
2681;0.396481812
2682;0.460270613
2683;0.460270613
2684;0.437488884
2685;0.428376198
2686;0.346362114
2687;0.2324536
2688;0.957337379
2689;0.957337379
2690;0.957337379
2691;0.957337379
2692;0.957337379
2693;1.10294831
2694;2.36491036
2695;3.04442835
2696;3.23857641
2697;3.23857641
2698;2.8988173
2699;2.55905843
2700;2.26783633
2701;2.12222528
2702;1.92807734
2703;1.83100343
2704;1.87954021
2705;2.1707623
2706;3.09296536
2707;3.43272448
2708;3.28711319
2709;3.23857641
2710;2.21929932
2711;1.00587428
2712;1.47141743
2713;1.47141743
2714;1.47141743
2715;1.47141743
2716;1.47141743
2717;1.70774829
2718;3.75595021
2719;4.85882854
2720;5.17393637
2721;5.17393637
2722;4.62249756
2723;4.07105827
2724;3.5983963
2725;3.36206555
2726;3.04695725
2727;2.88940334
2728;2.96818018
2729;3.44084239
2730;4.93760586
2731;5.48904467
2732;5.2527132
2733;5.17393637
2734;3.51961946
2735;1.55019426
2736;1.43383038
2737;1.43383038
2738;1.43383038
2739;1.43383038
2740;1.43383038
2741;1.66352832
2742;3.65424442
2743;4.72616816
2744;5.03243256
2745;5.03243256
2746;4.49646997
2747;3.96050835
2748;3.50111246
2749;3.27141452
2750;2.96515059
2751;2.81201839
2752;2.88858438
2753;3.34798026
2754;4.80273485
2755;5.33869648
2756;5.1089983
2757;5.03243256
2758;3.42454648
2759;1.51039636
2760;8.50098801
2761;8.70535469
2762;8.88038349
2763;10.4971199
2764;14.4264517
2765;15.2849731
2766;18.7302151
2767;20.2053719
2768;19.8109035
2769;18.7459698
2770;16.795145
2771;15.3472862
2772;14.4119797
2773;13.6483507
2774;13.2948427
2775;13.614419
2776;15.1179924
2777;17.6526604
2778;21.9818153
2779;23.1702442
2780;22.2735367
2781;19.2392693
2782;12.5247488
2783;8.23196983
2784;9.01869774
2785;9.1898365
2786;9.42032528
2787;11.5493259
2788;16.8216515
2789;17.5064297
2790;18.7679024
2791;19.7080212
2792;18.2022896
2793;16.8979149
2794;14.879179
2795;13.9146976
2796;13.5745668
2797;13.4066658
2798;13.829442
2799;14.6454325
2800;16.3788471
2801;18.5311584
2802;20.9189377
2803;20.7579422
2804;19.8269157
2805;15.8818426
2806;10.4541082
2807;8.51585293
2808;5.33085537
2809;5.46073914
2810;5.57197905
2811;6.59948778
2812;9.09675503
2813;9.62119007
2814;11.6271315
2815;12.4657621
2816;12.1868038
2817;11.5099907
2818;10.3196011
2819;9.44886971
2820;8.89682579
2821;8.43269634
2822;8.2362833
2823;8.45351601
2824;9.40204048
2825;10.9705524
2826;13.5877075
2827;14.2935591
2828;13.744854
2829;11.8235025
2830;7.70447063
2831;5.1528182
2832;0.717858374
2833;0.689971983
2834;0.689971983
2835;0.689971983
2836;0.717858374
2837;0.801517606
2838;1.6938827
2839;2.39104271
2840;2.39104271
2841;2.41892958
2842;2.08429241
2843;1.86120129
2844;1.6938827
2845;1.72176909
2846;1.6938827
2847;1.66599643
2848;1.66599643
2849;1.7496556
2850;2.14006543
2851;2.14006543
2852;2.00063324
2853;1.94486046
2854;1.44290507
2855;0.745744824
2856;1.33761764
2857;1.28022075
2858;1.28022075
2859;1.28022075
2860;1.33761764
2861;1.50980866
2862;3.34651184
2863;4.78143597
2864;4.78143597
2865;4.83883333
2866;4.15006971
2867;3.69089365
2868;3.34651184
2869;3.40390873
2870;3.34651184
2871;3.28911519
2872;3.28911519
2873;3.46130586
2874;4.26486349
2875;4.26486349
2876;3.97787857
2877;3.86308455
2878;2.82993937
2879;1.39501476
2880;2.85264397
2881;2.83436942
2882;2.87752223
2883;3.27611804
2884;4.31352901
2885;4.59268141
2886;6.43895149
2887;7.87284851
2888;7.59094286
2889;7.39705086
2890;6.41531277
2891;5.83221722
2892;5.46664429
2893;5.48552513
2894;5.51436281
2895;5.6168189
2896;5.94135189
2897;6.49525881
2898;7.64671993
2899;7.61657858
2900;7.19069195
2901;6.35145569
2902;4.42958641
2903;2.80881596
2904;1.33353043
2905;1.33353043
2906;1.33353043
2907;1.33353043
2908;1.33353043
2909;1.54552829
2910;3.38284445
2911;4.37216854
2912;4.65483236
2913;4.65483236
2914;4.16017008
2915;3.66550851
2916;3.2415123
2917;3.02951455
2918;2.74685049
2919;2.60551834
2920;2.67618442
2921;3.10018039
2922;4.44283438
2923;4.93749666
2924;4.7254982
2925;4.65483236
2926;3.17084646
2927;1.40419638
2928;3.73299456
2929;3.71643925
2930;3.77651691
2931;4.33144617
2932;5.76685381
2933;6.12883234
2934;8.4148531
2935;10.1889725
2936;9.79650021
2937;9.51767445
2938;8.25753021
2939;7.51683187
2940;7.06119776
2941;7.07859707
2942;7.12763166
2943;7.27915955
2944;7.73097801
2945;8.4754715
2946;9.95413494
2947;9.91217041
2948;9.36368084
2949;8.21306133
2950;5.69737577
2951;3.66309023
2952;3.56905317
2953;3.58087039
2954;3.64892459
2955;4.27753305
2956;5.87295198
2957;6.19127846
2958;7.80255508
2959;9.04795551
2960;8.60337448
2961;8.25695801
2962;7.19635201
2963;6.60187531
2964;6.26917124
2965;6.25830936
2966;6.34442616
2967;6.54664183
2968;7.05844975
2969;7.81007957
2970;9.05707645
2971;9.0095396
2972;8.54108047
2973;7.29883337
2974;4.99940872
2975;3.45929623
2976;6.97770643
2977;7.12315941
2978;7.24773359
2979;8.39841366
2980;11.1950378
2981;11.9629869
2982;15.7749987
2983;17.5571804
2984;17.4856453
2985;16.7276993
2986;14.9731045
2987;13.5764847
2988;12.5969706
2989;11.8965569
2990;11.4357347
2991;11.5585766
2992;12.6810207
2993;14.7988501
2994;18.8738327
2995;20.0858097
2996;19.2906799
2997;17.0787964
2998;11.2014656
2999;6.83854246
3000;13.9321222
3001;14.3247881
3002;14.6610889
3003;17.7674618
3004;25.3172207
3005;26.5644627
3006;29.6974506
3007;30.6543598
3008;29.3600235
3009;27.3138809
3010;24.5043068
3011;22.6611252
3012;21.6686573
3013;20.603735
3014;20.4609203
3015;21.343153
3016;24.0979939
3017;28.1634579
3018;33.9334946
3019;34.7999992
3020;33.957592
3021;28.2616959
3022;18.1766605
3023;13.2811327
3024;13.7233114
3025;14.1111183
3026;14.4432564
3027;17.5111885
3028;24.9675198
3029;26.1926136
3030;29.2286568
3031;30.1423988
3032;28.8551331
3033;26.8343105
3034;24.0751686
3035;22.2704582
3036;21.3036957
3037;20.2586651
3038;20.1265678
3039;21.0023556
3040;23.7208672
3041;27.722599
3042;33.3787193
3043;34.6911316
3044;33.3935699
3045;27.7703953
3046;17.8571529
3047;13.0781403
3048;8.15098095
3049;8.28944874
3050;8.49124146
3051;10.3551798
3052;14.98246
3053;15.6160774
3054;17.0841408
3055;18.1913128
3056;16.8730469
3057;15.7424326
3058;13.8386631
3059;12.9033489
3060;12.5373821
3061;12.4017467
3062;12.7605247
3063;13.4635592
3064;14.9811611
3065;16.899601
3066;19.1491966
3067;19.0082436
3068;18.1363087
3069;14.6596746
3070;9.70314503
3071;7.72210598
3072;1.31518734
3073;1.31518734
3074;1.31518734
3075;1.31518734
3076;1.31518734
3077;1.52394831
3078;3.33321023
3079;4.30742788
3080;4.58577681
3081;4.58577681
3082;4.09866714
3083;3.61155844
3084;3.19403648
3085;2.98527527
3086;2.7069273
3087;2.56775331
3088;2.63734007
3089;3.05486226
3090;4.37701559
3091;4.8641243
3092;4.65536308
3093;4.58577681
3094;3.12444925
3095;1.38477421
3096;0.338066548
3097;0.328264356
3098;0.328264356
3099;0.328264356
3100;0.338066548
3101;0.367473066
3102;0.681142747
3103;0.926197231
3104;0.926197231
3105;0.935999513
3106;0.818373263
3107;0.739955842
3108;0.681142747
3109;0.69094491
3110;0.681142747
3111;0.671340644
3112;0.671340644
3113;0.700747132
3114;0.837977648
3115;0.837977648
3116;0.788966775
3117;0.76936239
3118;0.592923164
3119;0.347868711
3120;0.132208332
3121;0.132208332
3122;0.132208332
3123;0.132208332
3124;0.132208332
3125;0.132208332
3126;0.132208332
3127;0.132208332
3128;0.132208332
3129;0.132208332
3130;0.132208332
3131;0.132208332
3132;0.132208332
3133;0.132208332
3134;0.132208332
3135;0.132208332
3136;0.132208332
3137;0.132208332
3138;0.132208332
3139;0.132208332
3140;0.132208332
3141;0.132208332
3142;0.132208332
3143;0.132208332
3144;2.51219153
3145;2.51219153
3146;2.51219153
3147;2.51219153
3148;2.51219153
3149;2.93218827
3150;6.57216263
3151;8.53214741
3152;9.09214401
3153;9.09214401
3154;8.11215115
3155;7.13215876
3156;6.29216433
3157;5.87216711
3158;5.31217194
3159;5.03217316
3160;5.17217207
3161;6.0121665
3162;8.67214775
3163;9.65214062
3164;9.23214245
3165;9.09214401
3166;6.15216541
3167;2.65219021
3168;14.9335241
3169;15.364399
3170;15.7334251
3171;19.142065
3172;27.4264641
3173;28.7348194
3174;31.6505051
3175;32.4193687
3176;30.9187508
3177;28.6735039
3178;25.7311268
3179;23.8491726
3180;22.8806305
3181;21.7723331
3182;21.6959534
3183;22.7041988
3184;25.7070198
3185;30.0475788
3186;34.7999992
3187;34.7999992
3188;34.7999992
3189;29.7135487
3190;19.068924
3191;14.1991072
3192;17.3789234
3193;17.7319489
3194;18.1873741
3195;22.3941021
3196;32.7969131
3197;34.1053772
3198;34.7999992
3199;34.7999992
3200;34.6328506
3201;32.0406456
3202;28.2302074
3203;26.4434185
3204;25.8605595
3205;25.5139313
3206;26.3641701
3207;27.9913673
3208;31.4164505
3209;34.7999992
3210;34.7999992
3211;4.29700804
3212;6.3952713
3213;6.72690964
3214;19.8286018
3215;16.3704777
3216;19.7559376
3217;20.3201408
3218;20.8033562
3219;25.2667618
3220;34.7999992
3221;34.7999992
3222;2.04217196
3223;6.38322067
3224;11.9084139
3225;15.5111952
3226;16.1713142
3227;12.8919573
3228;7.07189083
3229;29.05303
3230;28.8959999
3231;30.187727
3232;34.1339912
3233;34.7999992
3234;4.06660604
3235;14.2818623
3236;25.1966953
3237;14.325511
3238;16.346796
3239;4.17912436
3240;34.4850578
3241;34.7999992
3242;34.7999992
3243;34.7999992
3244;3.62995076
3245;32.6616936
3246;5.84735489
3247;33.0277596
3248;5.77198935
3249;33.3219452
3250;6.23275518
3251;23.9017429
3252;15.6152859
3253;23.8686047
3254;15.6482916
3255;23.8357315
3256;15.6810331
3257;23.8031197
3258;15.7135143
3259;23.7707691
3260;15.7457352
3261;23.7386761
3262;15.7776995
3263;19.5754852
3264;15.7089748
3265;3.3195529
3266;24.3763676
3267;30.1726017
3268;34.7999992
3269;34.7999992
3270;2.21005177
3271;12.4159508
3272;23.8319759
3273;15.6847744
3274;19.4158363
3275;18.2811012
3276;14.951045
3277;11.0235958
3278;6.60463047
3279;3.40168452
3280;2.4761405
3281;6.2546711
3282;15.6985607
3283;23.7856617
3284;15.7309017
3285;23.7534504
3286;15.7629843
3287;3.83815336
3288;13.065093
3289;13.4734707
3290;13.8232269
3291;17.0538998
3292;24.905756
3293;25.9524536
3294;27.0402336
3295;26.866663
3296;25.1866016
3297;23.0585823
3298;20.720974
3299;19.388422
3300;18.8571434
3301;18.0000591
3302;18.185463
3303;19.2699661
3304;22.0515556
3305;25.7787933
3306;30.1935215
3307;31.0076618
3308;29.8846531
3309;24.0443249
3310;15.3089018
3311;12.3045712
3312;1.0544802
3313;1.01056504
3314;1.01056504
3315;1.01056504
3316;1.0544802
3317;1.18622518
3318;2.59150672
3319;3.68938327
3320;3.68938327
3321;3.7332983
3322;3.20631742
3323;2.85499716
3324;2.59150672
3325;2.63542175
3326;2.59150672
3327;2.54759192
3328;2.54759192
3329;2.67933679
3330;3.29414773
3331;3.29414773
3332;3.07457232
3333;2.98674226
3334;2.19627166
3335;1.09839523
3336;0.47099793
3337;0.454866052
3338;0.454866052
3339;0.454866052
3340;0.47099793
3341;0.519393504
3342;1.03561306
3343;1.43890953
3344;1.43890953
3345;1.45504153
3346;1.26145923
3347;1.13240433
3348;1.03561306
3349;1.05174482
3350;1.03561306
3351;1.01948118
3352;1.01948118
3353;1.06787682
3354;1.29372287
3355;1.29372287
3356;1.2130636
3357;1.18079972
3358;0.890426338
3359;0.487129807
3360;0.43975538
3361;0.43975538
3362;0.43975538
3363;0.43975538
3364;0.43975538
3365;0.49402833
3366;0.964394331
3367;1.21766829
3368;1.29003239
3369;1.29003239
3370;1.1633954
3371;1.0367583
3372;0.928212285
3373;0.873939395
3374;0.801575363
3375;0.765393317
3376;0.78348434
3377;0.892030299
3378;1.23575938
3379;1.36239648
3380;1.30812323
3381;1.29003239
3382;0.910121381
3383;0.457846344
3384;0.493475378
3385;0.493475378
3386;0.493475378
3387;0.493475378
3388;0.493475378
3389;0.557228327
3390;1.10975432
3391;1.40726829
3392;1.49227238
3393;1.49227238
3394;1.3435154
3395;1.19475842
3396;1.06725228
3397;1.00349939
3398;0.918495357
3399;0.875993311
3400;0.897244275
3401;1.02475035
3402;1.42851937
3403;1.57727647
3404;1.51352334
3405;1.49227238
3406;1.04600132
3407;0.514726281
3408;0.33364135
3409;0.33364135
3410;0.33364135
3411;0.33364135
3412;0.33364135
3413;0.369188339
3414;0.677262366
3415;0.843148351
3416;0.890544415
3417;0.890544415
3418;0.807601333
3419;0.72465837
3420;0.653564394
3421;0.618017375
3422;0.570621312
3423;0.546923339
3424;0.558772326
3425;0.629866302
3426;0.854997337
3427;0.937940419
3428;0.902393341
3429;0.890544415
3430;0.641715348
3431;0.345490336
3432;0.132208332
3433;0.132208332
3434;0.132208332
3435;0.132208332
3436;0.132208332
3437;0.132208332
3438;0.132208332
3439;0.132208332
3440;0.132208332
3441;0.132208332
3442;0.132208332
3443;0.132208332
3444;0.132208332
3445;0.132208332
3446;0.132208332
3447;0.132208332
3448;0.132208332
3449;0.132208332
3450;0.132208332
3451;0.132208332
3452;0.132208332
3453;0.132208332
3454;0.132208332
3455;0.132208332
3456;0.284751713
3457;0.277488172
3458;0.277488172
3459;0.277488172
3460;0.284751713
3461;0.306542307
3462;0.538975298
3463;0.720563591
3464;0.720563591
3465;0.727827132
3466;0.640664756
3467;0.582556486
3468;0.538975298
3469;0.54623884
3470;0.538975298
3471;0.531711757
3472;0.531711757
3473;0.553502321
3474;0.655191779
3475;0.655191779
3476;0.618874133
3477;0.60434705
3478;0.473603547
3479;0.292015254
3480;0.502177238
3481;0.484560758
3482;0.484560758
3483;0.484560758
3484;0.502177238
3485;0.55502677
3486;1.11875474
3487;1.55916739
3488;1.55916739
3489;1.5767839
3490;1.36538601
3491;1.22445381
3492;1.11875474
3493;1.13637125
3494;1.11875474
3495;1.10113835
3496;1.10113835
3497;1.15398788
3498;1.40061891
3499;1.40061891
3500;1.31253636
3501;1.27730334
3502;0.960206389
3503;0.519793808
3504;0.760834396
3505;0.760834396
3506;0.760834396
3507;0.760834396
3508;0.760834396
3509;0.871768355
3510;1.8331964
3511;2.35088825
3512;2.49880028
3513;2.49880028
3514;2.23995447
3515;1.98110843
3516;1.75924039
3517;1.64830637
3518;1.50039434
3519;1.42643833
3520;1.46341622
3521;1.68528426
3522;2.38786626
3523;2.64671254
3524;2.53577828
3525;2.49880028
3526;1.72226238
3527;0.797812283
3528;0.664577425
3529;0.639228046
3530;0.639228046
3531;0.639228046
3532;0.664577425
3533;0.74062556
3534;1.5518055
3535;2.18553996
3536;2.18553996
3537;2.21088958
3538;1.90669703
3539;1.70390201
3540;1.5518055
3541;1.57715499
3542;1.5518055
3543;1.52645636
3544;1.52645636
3545;1.60250437
3546;1.95739567
3547;1.95739567
3548;1.83064878
3549;1.77995002
3550;1.32366121
3551;0.689926863
3552;0.41126433
3553;0.397976756
3554;0.397976756
3555;0.397976756
3556;0.41126433
3557;0.451127052
3558;0.876329482
3559;1.20851886
3560;1.20851886
3561;1.22180653
3562;1.06235552
3563;0.956054986
3564;0.876329482
3565;0.889617026
3566;0.876329482
3567;0.863041937
3568;0.863041937
3569;0.90290463
3570;1.08893073
3571;1.08893073
3572;1.02249277
3573;0.995917678
3574;0.756741345
3575;0.424551904
3576;0.387361348
3577;0.387361348
3578;0.387361348
3579;0.387361348
3580;0.387361348
3581;0.432388335
3582;0.822622359
3583;1.03274834
3584;1.0927844
3585;1.0927844
3586;0.987721324
3587;0.882658362
3588;0.792604327
3589;0.747577369
3590;0.687541366
3591;0.657523334
3592;0.67253232
3593;0.762586355
3594;1.04775739
3595;1.15282035
3596;1.10779333
3597;1.0927844
3598;0.777595401
3599;0.402370334
3600;0.441081375
3601;0.441081375
3602;0.441081375
3603;0.441081375
3604;0.441081375
3605;0.495588362
3606;0.967982352
3607;1.22234833
3608;1.29502439
3609;1.29502439
3610;1.16784143
3611;1.04065835
3612;0.93164432
3613;0.877137363
3614;0.80446136
3615;0.768123329
3616;0.786292315
3617;0.895306289
3618;1.24051726
3619;1.36770046
3620;1.31319332
3621;1.29502439
3622;0.913475394
3623;0.459250331
3624;15.8147945
3625;16.2664757
3626;16.6533203
3627;20.2265625
3628;28.9110107
3629;30.3119316
3630;33.6231003
3631;34.566227
3632;33.0323296
3633;30.6786594
3634;27.5256233
3635;25.4842262
3636;24.4101391
3637;23.2189369
3638;23.0996857
3639;24.1370296
3640;27.2946491
3641;31.9035854
3642;34.7999992
3643;2.49663448
3644;4.58071041
3645;5.17706728
3646;20.4045753
3647;15.0547085
3648;17.5979519
3649;18.1407299
3650;18.6055908
3651;22.8994827
3652;33.3354034
3653;34.7753906
3654;34.7999992
3655;34.7999992
3656;34.4734535
3657;31.6450939
3658;28.4242687
3659;26.5392723
3660;25.7355156
3661;24.5475502
3662;24.7288837
3663;26.1377544
3664;29.8510437
3665;34.7999992
3666;34.7999992
3667;4.76061106
3668;9.30607986
3669;12.298131
3670;7.53066015
3671;16.6034126
3672;24.6831894
3673;25.4265594
3674;26.063221
3675;31.9440079
3676;34.7999992
3677;4.76061106
3678;15.3267326
3679;24.156004
3680;15.3620415
3681;24.1208363
3682;15.397068
3683;18.6237431
3684;19.0076542
3685;18.0720234
3686;15.4088306
3687;12.8559027
3688;12.1611443
3689;16.5713749
3690;22.9163399
3691;16.5967484
3692;22.8910675
3693;16.6219196
3694;22.8659954
3695;15.4227734
3696;13.7806196
3697;14.1228189
3698;14.5075951
3699;18.0617237
3700;26.8067837
3701;27.780447
3702;28.0782986
3703;28.2351913
3704;25.7215424
3705;23.4875278
3706;20.7954884
3707;19.6374035
3708;19.4085979
3709;19.071806
3710;19.8340874
3711;21.2527924
3712;24.146534
3713;27.5700779
3714;30.765192
3715;30.4964275
3716;29.2246876
3717;22.7518291
3718;14.7078495
3719;12.8846769
3720;3.83321381
3721;3.8572855
3722;3.93497086
3723;4.65254164
3724;6.46316767
3725;6.7947998
3726;8.29548931
3727;9.45259762
3728;8.94509792
3729;8.53907299
3730;7.45534849
3731;6.86139488
3732;6.54509592
3733;6.52211571
3734;6.631001
3735;6.87241745
3736;7.45665741
3737;8.28291512
3738;9.55824471
3739;9.50398159
3740;9.02213383
3741;7.62524271
3742;5.19086933
3743;3.69734216
3744;0.874686599
3745;0.83933264
3746;0.83933264
3747;0.83933264
3748;0.874686599
3749;0.980748534
3750;2.11207557
3751;2.99592495
3752;2.99592495
3753;3.03127861
3754;2.60703111
3755;2.32419968
3756;2.11207557
3757;2.14742947
3758;2.11207557
3759;2.07672167
3760;2.07672167
3761;2.1827836
3762;2.67773914
3763;2.67773914
3764;2.50096917
3765;2.43026137
3766;1.79388988
3767;0.910040557
3768;0.55957365
3769;0.539224148
3770;0.539224148
3771;0.539224148
3772;0.55957365
3773;0.620622158
3774;1.27180612
3775;1.78054368
3776;1.78054368
3777;1.80089319
3778;1.55669916
3779;1.39390314
3780;1.27180612
3781;1.29215562
3782;1.27180612
3783;1.25145674
3784;1.25145674
3785;1.31250513
3786;1.59739816
3787;1.59739816
3788;1.49565065
3789;1.45495164
3790;1.08866072
3791;0.579923153
3792;0.431181192
3793;0.416945219
3794;0.416945219
3795;0.416945219
3796;0.431181192
3797;0.473888993
3798;0.929439068
3799;1.28533745
3800;1.28533745
3801;1.29957354
3802;1.12874222
3803;1.01485479
3804;0.929439068
3805;0.943675041
3806;0.929439068
3807;0.915203154
3808;0.915203154
3809;0.957910895
3810;1.15721416
3811;1.15721416
3812;1.08603442
3813;1.05756247
3814;0.801315665
3815;0.445417106
3816;0.523463368
3817;0.523463368
3818;0.523463368
3819;0.523463368
3820;0.523463368
3821;0.592508316
3822;1.1908983
3823;1.51310837
3824;1.60516846
3825;1.60516846
3826;1.44406331
3827;1.28295839
3828;1.14486837
3829;1.07582343
3830;0.983763337
3831;0.937733352
3832;0.960748315
3833;1.09883833
3834;1.53612339
3835;1.69722843
3836;1.62818336
3837;1.60516846
3838;1.12185335
3839;0.546478331
3840;2.49891448
3841;2.49891448
3842;2.49891448
3843;2.49891448
3844;2.49891448
3845;2.91656828
3846;6.53623629
3847;8.48528767
3848;9.04216003
3849;9.04216003
3850;8.06763363
3851;7.09310818
3852;6.2578001
3853;5.84014702
3854;5.28327417
3855;5.00483847
3856;5.14405584
3857;5.97936392
3858;8.624506
3859;9.5990324
3860;9.18137741
3861;9.04216003
3862;6.11858225
3863;2.6381321
3864;7.59595919
3865;7.81102371
3866;7.99521637
3867;9.69658375
3868;13.831605
3869;14.4980478
3870;16.0694714
3871;16.5157547
3872;15.7846079
3873;14.6639309
3874;13.1640301
3875;12.1934242
3876;11.6831989
3877;11.1166143
3878;11.0606279
3879;11.5549459
3880;13.0582209
3881;15.2515335
3882;18.3061829
3883;19.0037766
3884;18.2971497
3885;15.1830521
3886;9.77618217
3887;7.23385286
3888;0.917472363
3889;0.917472363
3890;0.917472363
3891;0.917472363
3892;0.917472363
3893;1.05604827
3894;2.25704026
3895;2.90372849
3896;3.08849645
3897;3.08849645
3898;2.76515245
3899;2.44180846
3900;2.1646564
3901;2.02608037
3902;1.84131241
3903;1.74892831
3904;1.79512024
3905;2.0722723
3906;2.94992018
3907;3.27326441
3908;3.13468838
3909;3.08849645
3910;2.11846447
3911;0.963664293
3912;0.264953434
3913;0.2586326
3914;0.2586326
3915;0.2586326
3916;0.264953434
3917;0.283915848
3918;0.486181855
3919;0.644202173
3920;0.644202173
3921;0.650523007
3922;0.574673235
3923;0.524106741
3924;0.486181855
3925;0.49250266
3926;0.486181855
3927;0.479861051
3928;0.479861051
3929;0.498823494
3930;0.587314844
3931;0.587314844
3932;0.555710793
3933;0.543069124
3934;0.429294556
3935;0.271274239
3936;1.08607841
3937;1.08607841
3938;1.08607841
3939;1.08607841
3940;1.08607841
3941;1.25440824
3942;2.71326852
3943;3.49880815
3944;3.72324872
3945;3.72324872
3946;3.33047843
3947;2.93770838
3948;2.60104847
3949;2.43271828
3950;2.20827842
3951;2.09605837
3952;2.15216827
3953;2.48882818
3954;3.55491829
3955;3.94768858
3956;3.77935815
3957;3.72324872
3958;2.54493833
3959;1.14218831
3960;0.762993097
3961;0.732957482
3962;0.732957482
3963;0.732957482
3964;0.762993097
3965;0.853099704
3966;1.81423736
3967;2.56512618
3968;2.56512618
3969;2.59516191
3970;2.23473525
3971;1.99445081
3972;1.81423736
3973;1.84427285
3974;1.81423736
3975;1.78420186
3976;1.78420186
3977;1.87430847
3978;2.29480624
3979;2.29480624
3980;2.14462852
3981;2.08455706
3982;1.54391742
3983;0.793028653
3984;0.312306732
3985;0.303731143
3986;0.303731143
3987;0.303731143
3988;0.312306732
3989;0.338033527
3990;0.612452567
3991;0.826842427
3992;0.826842427
3993;0.835418105
3994;0.732510984
3995;0.663906157
3996;0.612452567
3997;0.621028185
3998;0.612452567
3999;0.603877008
4000;0.603877008
4001;0.629603744
4002;0.749662161
4003;0.749662161
4004;0.706784129
4005;0.689632893
4006;0.535272241
4007;0.32088235
4008;0.132208332
4009;0.132208332
4010;0.132208332
4011;0.132208332
4012;0.132208332
4013;0.132208332
4014;0.132208332
4015;0.132208332
4016;0.132208332
4017;0.132208332
4018;0.132208332
4019;0.132208332
4020;0.132208332
4021;0.132208332
4022;0.132208332
4023;0.132208332
4024;0.132208332
4025;0.132208332
4026;0.132208332
4027;0.132208332
4028;0.132208332
4029;0.132208332
4030;0.132208332
4031;0.132208332
4032;0.132208332
4033;0.132208332
4034;0.132208332
4035;0.132208332
4036;0.132208332
4037;0.132208332
4038;0.132208332
4039;0.132208332
4040;0.132208332
4041;0.132208332
4042;0.132208332
4043;0.132208332
4044;0.132208332
4045;0.132208332
4046;0.132208332
4047;0.132208332
4048;0.132208332
4049;0.132208332
4050;0.132208332
4051;0.132208332
4052;0.132208332
4053;0.132208332
4054;0.132208332
4055;0.132208332
4056;0.132208332
4057;0.132208332
4058;0.132208332
4059;0.132208332
4060;0.132208332
4061;0.132208332
4062;0.132208332
4063;0.132208332
4064;0.132208332
4065;0.132208332
4066;0.132208332
4067;0.132208332
4068;0.132208332
4069;0.132208332
4070;0.132208332
4071;0.132208332
4072;0.132208332
4073;0.132208332
4074;0.132208332
4075;0.132208332
4076;0.132208332
4077;0.132208332
4078;0.132208332
4079;0.132208332
4080;0.132208332
4081;0.132208332
4082;0.132208332
4083;0.132208332
4084;0.132208332
4085;0.132208332
4086;0.132208332
4087;0.132208332
4088;0.132208332
4089;0.132208332
4090;0.132208332
4091;0.132208332
4092;0.132208332
4093;0.132208332
4094;0.132208332
4095;0.132208332
4096;0.132208332
4097;0.132208332
4098;0.132208332
4099;0.132208332
4100;0.132208332
4101;0.132208332
4102;0.132208332
4103;0.132208332
4104;0.132208332
4105;0.132208332
4106;0.132208332
4107;0.132208332
4108;0.132208332
4109;0.132208332
4110;0.132208332
4111;0.132208332
4112;0.132208332
4113;0.132208332
4114;0.132208332
4115;0.132208332
4116;0.132208332
4117;0.132208332
4118;0.132208332
4119;0.132208332
4120;0.132208332
4121;0.132208332
4122;0.132208332
4123;0.132208332
4124;0.132208332
4125;0.132208332
4126;0.132208332
4127;0.132208332
4128;0.362371355
4129;0.362371355
4130;0.362371355
4131;0.362371355
4132;0.362371355
4133;0.402988344
4134;0.755002379
4135;0.944548309
4136;0.998704374
4137;0.998704374
4138;0.903931379
4139;0.809158385
4140;0.727924347
4141;0.687307358
4142;0.633151352
4143;0.60607332
4144;0.619612336
4145;0.700846374
4146;0.958087385
4147;1.05286038
4148;1.01224327
4149;0.998704374
4150;0.714385331
4151;0.375910342
4152;0.701989293
4153;0.67485851
4154;0.67485851
4155;0.67485851
4156;0.701989293
4157;0.783381641
4158;1.65156662
4159;2.32983637
4160;2.32983637
4161;2.35696721
4162;2.03139782
4163;1.81435156
4164;1.65156662
4165;1.67869747
4166;1.65156662
4167;1.62443602
4168;1.62443602
4169;1.70582831
4170;2.08565927
4171;2.08565927
4172;1.95000529
4173;1.89574373
4174;1.40738976
4175;0.729120076
4176;2.41937137
4177;2.41937137
4178;2.41937137
4179;2.41937137
4180;2.41937137
4181;2.82298827
4182;6.32100248
4183;8.20454788
4184;8.74270439
4185;8.74270439
4186;7.80093098
4187;6.85915852
4188;6.05192423
4189;5.64830732
4190;5.11015129
4191;4.84107304
4192;4.97561216
4193;5.78284597
4194;8.33908653
4195;9.28085995
4196;8.87724304
4197;8.74270439
4198;5.91738558
4199;2.55391026
4200;8.32331181
4201;8.5274725
4202;8.70232677
4203;10.3174438
4204;14.2428398
4205;15.0706244
4206;18.2534962
4207;19.5877552
4208;19.1538486
4209;18.0899849
4210;16.2108212
4211;14.8341217
4212;13.9595051
4213;13.2265148
4214;12.9131947
4215;13.252367
4216;14.7444754
4217;17.216856
4218;21.3524609
4219;22.4699936
4220;21.6040592
4221;18.5827885
4222;12.0841217
4223;8.0446043
4224;9.82730865
4225;10.1050806
4226;10.3429804
4227;12.5404348
4228;17.8811493
4229;18.7516289
4230;20.8654613
4231;21.4872169
4232;20.5558434
4233;19.1083946
4234;17.1484814
4235;15.8721924
4236;15.1937609
4237;14.4522533
4238;14.3669872
4239;14.9989595
4240;16.9438
4241;19.7960758
4242;23.8029423
4243;24.726614
4244;23.8042297
4245;19.778883
4246;12.7274561
4247;9.36285686
4248;12.2658644
4249;12.5953131
4250;12.8774738
4251;15.4837513
4252;21.8180752
4253;22.962534
4254;26.4405613
4255;27.700798
4256;26.7455196
4257;25.0287838
4258;22.4428329
4259;20.667696
4260;19.6389847
4261;18.6474953
4262;18.3969917
4263;19.0718517
4264;21.415863
4265;25.0228462
4266;30.4846916
4267;31.8416119
4268;30.6355953
4269;25.8240089
4270;16.6764965
4271;11.752347
4272;11.4753542
4273;11.8152294
4274;12.1063166
4275;14.7950602
4276;21.3298092
4277;22.3032303
4278;24.0951099
4279;24.4280434
4280;23.1662006
4281;21.3951435
4282;19.2109623
4283;17.8632469
4284;17.2164936
4285;16.4008827
4286;16.4187908
4287;17.2531738
4288;19.6022682
4289;22.9088764
4290;27.230938
4291;28.1471996
4292;27.1102772
4293;22.2155323
4294;14.2293501
4295;10.8765049
4296;9.23735809
4297;9.46414089
4298;9.65836906
4299;11.4524403
4300;15.812768
4301;16.7334156
4302;20.2788525
4303;21.766283
4304;21.2858219
4305;20.1040783
4306;18.01404
4307;16.4821358
4308;15.5083246
4309;14.692976
4310;14.3434181
4311;14.719409
4312;16.377224
4313;19.1258297
4314;23.7268982
4315;24.9709148
4316;24.0078907
4317;20.6514854
4318;13.4247704
4319;8.92815208
4320;10.5667095
4321;10.9037447
4322;11.1924009
4323;13.8586864
4324;20.3388481
4325;21.1605091
4326;21.692646
4327;21.3525333
4328;19.9097271
4329;18.1534653
4330;16.3226604
4331;15.3213358
4332;14.9672403
4333;14.3020716
4334;14.5113325
4335;15.4344988
4336;17.716095
4337;20.7078247
4338;24.0841389
4339;24.6576176
4340;23.7729836
4341;18.967001
4342;12.052927
4343;9.92498684
4344;0.842016935
4345;0.808218479
4346;0.808218479
4347;0.808218479
4348;0.842016935
4349;0.943411946
4350;2.02495933
4351;2.86991858
4352;2.86991858
4353;2.90371704
4354;2.49813652
4355;2.22774982
4356;2.02495933
4357;2.05875778
4358;2.02495933
4359;1.99116135
4360;1.99116135
4361;2.09255624
4362;2.56573343
4363;2.56573343
4364;2.39674163
4365;2.32914495
4366;1.72077441
4367;0.875815272
4368;0.262734801
4369;0.256519616
4370;0.256519616
4371;0.256519616
4372;0.262734801
4373;0.281380296
4374;0.480265707
4375;0.635644972
4376;0.635644972
4377;0.641860187
4378;0.567278147
4379;0.517556727
4380;0.480265707
4381;0.486480892
4382;0.480265707
4383;0.474050611
4384;0.474050611
4385;0.492696077
4386;0.579708457
4387;0.579708457
4388;0.548632562
4389;0.536202252
4390;0.424329221
4391;0.268949986
4392;0.491265357
4393;0.491265357
4394;0.491265357
4395;0.491265357
4396;0.491265357
4397;0.554628313
4398;1.10377431
4399;1.3994683
4400;1.4839524
4401;1.4839524
4402;1.33610535
4403;1.18825841
4404;1.06153226
4405;0.998169363
4406;0.913685322
4407;0.871443331
4408;0.892564297
4409;1.01929033
4410;1.42058933
4411;1.56843638
4412;1.50507331
4413;1.4839524
4414;1.04041135
4415;0.512386322
4416;0.587825358
4417;0.587825358
4418;0.587825358
4419;0.587825358
4420;0.587825358
4421;0.668228388
4422;1.36505425
4423;1.74026835
4424;1.84747255
4425;1.84747255
4426;1.65986538
4427;1.47225845
4428;1.31145239
4429;1.23104942
4430;1.12384534
4431;1.07024324
4432;1.09704423
4433;1.25785029
4434;1.76706934
4435;1.95467651
4436;1.8742733
4437;1.84747255
4438;1.28465152
4439;0.614626288
4440;0.474808544
4441;0.4584952
4442;0.4584952
4443;0.4584952
4444;0.474808544
4445;0.523748457
4446;1.04577434
4447;1.45360708
4448;1.45360708
4449;1.4699204
4450;1.27416074
4451;1.14365423
4452;1.04577434
4453;1.06208754
4454;1.04577434
4455;1.02946103
4456;1.02946103
4457;1.07840097
4458;1.30678737
4459;1.30678737
4460;1.2252208
4461;1.19259405
4462;0.89895463
4463;0.491121858
4464;0.167587832
4465;0.165903196
4466;0.165903196
4467;0.165903196
4468;0.167587832
4469;0.172641739
4470;0.226550087
4471;0.268665999
4472;0.268665999
4473;0.270350635
4474;0.250135005
4475;0.236657917
4476;0.226550087
4477;0.228234723
4478;0.226550087
4479;0.224865451
4480;0.224865451
4481;0.229919359
4482;0.253504276
4483;0.253504276
4484;0.245081082
4485;0.24171181
4486;0.211388379
4487;0.169272467
4488;0.132208332
4489;0.132208332
4490;0.132208332
4491;0.132208332
4492;0.132208332
4493;0.132208332
4494;0.132208332
4495;0.132208332
4496;0.132208332
4497;0.132208332
4498;0.132208332
4499;0.132208332
4500;0.132208332
4501;0.132208332
4502;0.132208332
4503;0.132208332
4504;0.132208332
4505;0.132208332
4506;0.132208332
4507;0.132208332
4508;0.132208332
4509;0.132208332
4510;0.132208332
4511;0.132208332
4512;0.132208332
4513;0.132208332
4514;0.132208332
4515;0.132208332
4516;0.132208332
4517;0.132208332
4518;0.132208332
4519;0.132208332
4520;0.132208332
4521;0.132208332
4522;0.132208332
4523;0.132208332
4524;0.132208332
4525;0.132208332
4526;0.132208332
4527;0.132208332
4528;0.132208332
4529;0.132208332
4530;0.132208332
4531;0.132208332
4532;0.132208332
4533;0.132208332
4534;0.132208332
4535;0.132208332
4536;0.132208332
4537;0.132208332
4538;0.132208332
4539;0.132208332
4540;0.132208332
4541;0.132208332
4542;0.132208332
4543;0.132208332
4544;0.132208332
4545;0.132208332
4546;0.132208332
4547;0.132208332
4548;0.132208332
4549;0.132208332
4550;0.132208332
4551;0.132208332
4552;0.132208332
4553;0.132208332
4554;0.132208332
4555;0.132208332
4556;0.132208332
4557;0.132208332
4558;0.132208332
4559;0.132208332
4560;0.132208332
4561;0.132208332
4562;0.132208332
4563;0.132208332
4564;0.132208332
4565;0.132208332
4566;0.132208332
4567;0.132208332
4568;0.132208332
4569;0.132208332
4570;0.132208332
4571;0.132208332
4572;0.132208332
4573;0.132208332
4574;0.132208332
4575;0.132208332
4576;0.132208332
4577;0.132208332
4578;0.132208332
4579;0.132208332
4580;0.132208332
4581;0.132208332
4582;0.132208332
4583;0.132208332
4584;0.305404365
4585;0.305404365
4586;0.305404365
4587;0.305404365
4588;0.305404365
4589;0.335968345
4590;0.600856364
4591;0.743488312
4592;0.784240365
4593;0.784240365
4594;0.712924361
4595;0.641608357
4596;0.580480337
4597;0.549916327
4598;0.509164333
4599;0.488788337
4600;0.49897632
4601;0.560104311
4602;0.753676355
4603;0.824992418
4604;0.794428289
4605;0.784240365
4606;0.570292354
4607;0.315592319
4608;0.506885469
4609;0.489044815
4610;0.489044815
4611;0.489044815
4612;0.506885469
4613;0.560407579
4614;1.13130963
4615;1.57732689
4616;1.57732689
4617;1.59516776
4618;1.38107932
4619;1.23835385
4620;1.13130963
4621;1.14915025
4622;1.13130963
4623;1.113469
4624;1.113469
4625;1.16699111
4626;1.41676068
4627;1.41676068
4628;1.32755721
4629;1.29187584
4630;0.970743477
4631;0.524726212
4632;0.329835594
4633;0.320425332
4634;0.320425332
4635;0.320425332
4636;0.329835594
4637;0.35806635
4638;0.65919441
4639;0.894450724
4640;0.894450724
4641;0.903861046
4642;0.79093796
4643;0.715655982
4644;0.65919441
4645;0.668604672
4646;0.65919441
4647;0.649784207
4648;0.649784207
4649;0.678014934
4650;0.809758544
4651;0.809758544
4652;0.762707174
4653;0.743886709
4654;0.57450217
4655;0.339245856
4656;0.132208332
4657;0.132208332
4658;0.132208332
4659;0.132208332
4660;0.132208332
4661;0.132208332
4662;0.132208332
4663;0.132208332
4664;0.132208332
4665;0.132208332
4666;0.132208332
4667;0.132208332
4668;0.132208332
4669;0.132208332
4670;0.132208332
4671;0.132208332
4672;0.132208332
4673;0.132208332
4674;0.132208332
4675;0.132208332
4676;0.132208332
4677;0.132208332
4678;0.132208332
4679;0.132208332
4680;0.132208332
4681;0.132208332
4682;0.132208332
4683;0.132208332
4684;0.132208332
4685;0.132208332
4686;0.132208332
4687;0.132208332
4688;0.132208332
4689;0.132208332
4690;0.132208332
4691;0.132208332
4692;0.132208332
4693;0.132208332
4694;0.132208332
4695;0.132208332
4696;0.132208332
4697;0.132208332
4698;0.132208332
4699;0.132208332
4700;0.132208332
4701;0.132208332
4702;0.132208332
4703;0.132208332
4704;0.132208332
4705;0.132208332
4706;0.132208332
4707;0.132208332
4708;0.132208332
4709;0.132208332
4710;0.132208332
4711;0.132208332
4712;0.132208332
4713;0.132208332
4714;0.132208332
4715;0.132208332
4716;0.132208332
4717;0.132208332
4718;0.132208332
4719;0.132208332
4720;0.132208332
4721;0.132208332
4722;0.132208332
4723;0.132208332
4724;0.132208332
4725;0.132208332
4726;0.132208332
4727;0.132208332
4728;0.132208332
4729;0.132208332
4730;0.132208332
4731;0.132208332
4732;0.132208332
4733;0.132208332
4734;0.132208332
4735;0.132208332
4736;0.132208332
4737;0.132208332
4738;0.132208332
4739;0.132208332
4740;0.132208332
4741;0.132208332
4742;0.132208332
4743;0.132208332
4744;0.132208332
4745;0.132208332
4746;0.132208332
4747;0.132208332
4748;0.132208332
4749;0.132208332
4750;0.132208332
4751;0.132208332
4752;0.132208332
4753;0.132208332
4754;0.132208332
4755;0.132208332
4756;0.132208332
4757;0.132208332
4758;0.132208332
4759;0.132208332
4760;0.132208332
4761;0.132208332
4762;0.132208332
4763;0.132208332
4764;0.132208332
4765;0.132208332
4766;0.132208332
4767;0.132208332
4768;0.132208332
4769;0.132208332
4770;0.132208332
4771;0.132208332
4772;0.132208332
4773;0.132208332
4774;0.132208332
4775;0.132208332
4776;0.132208332
4777;0.132208332
4778;0.132208332
4779;0.132208332
4780;0.132208332
4781;0.132208332
4782;0.132208332
4783;0.132208332
4784;0.132208332
4785;0.132208332
4786;0.132208332
4787;0.132208332
4788;0.132208332
4789;0.132208332
4790;0.132208332
4791;0.132208332
4792;0.132208332
4793;0.132208332
4794;0.132208332
4795;0.132208332
4796;0.132208332
4797;0.132208332
4798;0.132208332
4799;0.132208332
4800;0.132208332
4801;0.132208332
4802;0.132208332
4803;0.132208332
4804;0.132208332
4805;0.132208332
4806;0.132208332
4807;0.132208332
4808;0.132208332
4809;0.132208332
4810;0.132208332
4811;0.132208332
4812;0.132208332
4813;0.132208332
4814;0.132208332
4815;0.132208332
4816;0.132208332
4817;0.132208332
4818;0.132208332
4819;0.132208332
4820;0.132208332
4821;0.132208332
4822;0.132208332
4823;0.132208332
4824;0.132208332
4825;0.132208332
4826;0.132208332
4827;0.132208332
4828;0.132208332
4829;0.132208332
4830;0.132208332
4831;0.132208332
4832;0.132208332
4833;0.132208332
4834;0.132208332
4835;0.132208332
4836;0.132208332
4837;0.132208332
4838;0.132208332
4839;0.132208332
4840;0.132208332
4841;0.132208332
4842;0.132208332
4843;0.132208332
4844;0.132208332
4845;0.132208332
4846;0.132208332
4847;0.132208332
4848;0.132208332
4849;0.132208332
4850;0.132208332
4851;0.132208332
4852;0.132208332
4853;0.132208332
4854;0.132208332
4855;0.132208332
4856;0.132208332
4857;0.132208332
4858;0.132208332
4859;0.132208332
4860;0.132208332
4861;0.132208332
4862;0.132208332
4863;0.132208332
4864;0.132208332
4865;0.132208332
4866;0.132208332
4867;0.132208332
4868;0.132208332
4869;0.132208332
4870;0.132208332
4871;0.132208332
4872;0.132208332
4873;0.132208332
4874;0.132208332
4875;0.132208332
4876;0.132208332
4877;0.132208332
4878;0.132208332
4879;0.132208332
4880;0.132208332
4881;0.132208332
4882;0.132208332
4883;0.132208332
4884;0.132208332
4885;0.132208332
4886;0.132208332
4887;0.132208332
4888;0.132208332
4889;0.132208332
4890;0.132208332
4891;0.132208332
4892;0.132208332
4893;0.132208332
4894;0.132208332
4895;0.132208332
4896;0.132208332
4897;0.132208332
4898;0.132208332
4899;0.132208332
4900;0.132208332
4901;0.132208332
4902;0.132208332
4903;0.132208332
4904;0.132208332
4905;0.132208332
4906;0.132208332
4907;0.132208332
4908;0.132208332
4909;0.132208332
4910;0.132208332
4911;0.132208332
4912;0.132208332
4913;0.132208332
4914;0.132208332
4915;0.132208332
4916;0.132208332
4917;0.132208332
4918;0.132208332
4919;0.132208332
4920;0.132208332
4921;0.132208332
4922;0.132208332
4923;0.132208332
4924;0.132208332
4925;0.132208332
4926;0.132208332
4927;0.132208332
4928;0.132208332
4929;0.132208332
4930;0.132208332
4931;0.132208332
4932;0.132208332
4933;0.132208332
4934;0.132208332
4935;0.132208332
4936;0.132208332
4937;0.132208332
4938;0.132208332
4939;0.132208332
4940;0.132208332
4941;0.132208332
4942;0.132208332
4943;0.132208332
4944;0.132208332
4945;0.132208332
4946;0.132208332
4947;0.132208332
4948;0.132208332
4949;0.132208332
4950;0.132208332
4951;0.132208332
4952;0.132208332
4953;0.132208332
4954;0.132208332
4955;0.132208332
4956;0.132208332
4957;0.132208332
4958;0.132208332
4959;0.132208332
4960;0.132208332
4961;0.132208332
4962;0.132208332
4963;0.132208332
4964;0.132208332
4965;0.132208332
4966;0.132208332
4967;0.132208332
4968;0.132208332
4969;0.132208332
4970;0.132208332
4971;0.132208332
4972;0.132208332
4973;0.132208332
4974;0.132208332
4975;0.132208332
4976;0.132208332
4977;0.132208332
4978;0.132208332
4979;0.132208332
4980;0.132208332
4981;0.132208332
4982;0.132208332
4983;0.132208332
4984;0.132208332
4985;0.132208332
4986;0.132208332
4987;0.132208332
4988;0.132208332
4989;0.132208332
4990;0.132208332
4991;0.132208332
4992;0.132208332
4993;0.132208332
4994;0.132208332
4995;0.132208332
4996;0.132208332
4997;0.132208332
4998;0.132208332
4999;0.132208332
5000;0.132208332
5001;0.132208332
5002;0.132208332
5003;0.132208332
5004;0.132208332
5005;0.132208332
5006;0.132208332
5007;0.132208332
5008;0.132208332
5009;0.132208332
5010;0.132208332
5011;0.132208332
5012;0.132208332
5013;0.132208332
5014;0.132208332
5015;0.132208332
5016;0.31208536
5017;0.31208536
5018;0.31208536
5019;0.31208536
5020;0.31208536
5021;0.343828321
5022;0.618934333
5023;0.767068326
5024;0.809392393
5025;0.809392393
5026;0.735325336
5027;0.66125834
5028;0.5977723
5029;0.56602937
5030;0.523705363
5031;0.50254333
5032;0.513124347
5033;0.576610327
5034;0.777649343
5035;0.851716399
5036;0.81997329
5037;0.809392393
5038;0.587191343
5039;0.322666347
5040;0.30224669
5041;0.294150114
5042;0.294150114
5043;0.294150114
5044;0.30224669
5045;0.326536417
5046;0.585626841
5047;0.788041174
5048;0.788041174
5049;0.79613781
5050;0.698978901
5051;0.634206295
5052;0.585626841
5053;0.593723357
5054;0.585626841
5055;0.577530265
5056;0.577530265
5057;0.601819992
5058;0.715172052
5059;0.715172052
5060;0.674689174
5061;0.658496022
5062;0.512757659
5063;0.310343266
5064;0.132208332
5065;0.132208332
5066;0.132208332
5067;0.132208332
5068;0.132208332
5069;0.132208332
5070;0.132208332
5071;0.132208332
5072;0.132208332
5073;0.132208332
5074;0.132208332
5075;0.132208332
5076;0.132208332
5077;0.132208332
5078;0.132208332
5079;0.132208332
5080;0.132208332
5081;0.132208332
5082;0.132208332
5083;0.132208332
5084;0.132208332
5085;0.132208332
5086;0.132208332
5087;0.132208332
5088;0.132208332
5089;0.132208332
5090;0.132208332
5091;0.132208332
5092;0.132208332
5093;0.132208332
5094;0.132208332
5095;0.132208332
5096;0.132208332
5097;0.132208332
5098;0.132208332
5099;0.132208332
5100;0.132208332
5101;0.132208332
5102;0.132208332
5103;0.132208332
5104;0.132208332
5105;0.132208332
5106;0.132208332
5107;0.132208332
5108;0.132208332
5109;0.132208332
5110;0.132208332
5111;0.132208332
5112;0.132208332
5113;0.132208332
5114;0.132208332
5115;0.132208332
5116;0.132208332
5117;0.132208332
5118;0.132208332
5119;0.132208332
5120;0.132208332
5121;0.132208332
5122;0.132208332
5123;0.132208332
5124;0.132208332
5125;0.132208332
5126;0.132208332
5127;0.132208332
5128;0.132208332
5129;0.132208332
5130;0.132208332
5131;0.132208332
5132;0.132208332
5133;0.132208332
5134;0.132208332
5135;0.132208332
5136;0.624341369
5137;0.624341369
5138;0.624341369
5139;0.624341369
5140;0.624341369
5141;0.711188316
5142;1.46386242
5143;1.86914825
5144;1.98494446
5145;1.98494446
5146;1.78230131
5147;1.57965839
5148;1.40596437
5149;1.31911743
5150;1.20332134
5151;1.14542341
5152;1.17437232
5153;1.34806633
5154;1.8980974
5155;2.10074043
5156;2.01389313
5157;1.98494446
5158;1.37701535
5159;0.653290331
5160;0.749648333
5161;0.749648333
5162;0.749648333
5163;0.749648333
5164;0.749648333
5165;0.858608305
5166;1.80292833
5167;2.31140828
5168;2.4566884
5169;2.4566884
5170;2.20244837
5171;1.94820833
5172;1.73028827
5173;1.62132847
5174;1.47604847
5175;1.40340829
5176;1.43972826
5177;1.65764832
5178;2.34772825
5179;2.60196829
5180;2.49300838
5181;2.4566884
5182;1.69396853
5183;0.785968304
5184;2.07639623
5185;2.07639623
5186;2.07639623
5187;2.07639623
5188;2.07639623
5189;2.41948843
5190;5.39295244
5191;6.99404812
5192;7.45150423
5193;7.45150423
5194;6.65095663
5195;5.85040855
5196;5.16422462
5197;4.82113218
5198;4.36367655
5199;4.13494873
5200;4.24931192
5201;4.93549633
5202;7.10841227
5203;7.90896034
5204;7.5658679
5205;7.45150423
5206;5.04986048
5207;2.19076014
5208;7.13052797
5209;6.30617905
5210;7.7240591
5211;9.94301224
5212;12.2211237
5213;12.682888
5214;14.0643835
5215;14.8886862
5216;14.6819639
5217;14.3270082
5218;13.2582874
5219;12.4485083
5220;11.6074152
5221;11.1243153
5222;10.8354597
5223;10.6740599
5224;11.2207584
5225;12.453661
5226;14.8534927
5227;15.0823488
5228;14.8843746
5229;12.417429
5230;10.335289
5231;7.8207612
5232;0.788803697
5233;0.757539093
5234;0.757539093
5235;0.757539093
5236;0.788803697
5237;0.882597327
5238;1.88306308
5239;2.6646769
5240;2.6646769
5241;2.69594169
5242;2.32076693
5243;2.07065034
5244;1.88306308
5245;1.9143275
5246;1.88306308
5247;1.85179865
5248;1.85179865
5249;1.94559216
5250;2.38329601
5251;2.38329601
5252;2.22697306
5253;2.16444397
5254;1.60168219
5255;0.8200683
5256;0.788731337
5257;0.788731337
5258;0.788731337
5259;0.788731337
5260;0.788731337
5261;0.904588342
5262;1.90868235
5263;2.44934821
5264;2.60382462
5265;2.60382462
5266;2.33349133
5267;2.06315827
5268;1.83144426
5269;1.71558738
5270;1.56111145
5271;1.48387337
5272;1.52249229
5273;1.7542063
5274;2.48796749
5275;2.7583003
5276;2.64244318
5277;2.60382462
5278;1.79282546
5279;0.827350318
5280;0.636853039
5281;0.612823784
5282;0.612823784
5283;0.612823784
5284;0.636853039
5285;0.708940744
5286;1.47787666
5287;2.0786078
5288;2.0786078
5289;2.10263729
5290;1.81428623
5291;1.62205231
5292;1.47787666
5293;1.50190604
5294;1.47787666
5295;1.45384753
5296;1.45384753
5297;1.52593529
5298;1.86234474
5299;1.86234474
5300;1.74219847
5301;1.69413996
5302;1.26161361
5303;0.660882294
5304;0.246255979
5305;0.240825459
5306;0.240825459
5307;0.240825459
5308;0.246255979
5309;0.262547523
5310;0.436323881
5311;0.572086632
5312;0.572086632
5313;0.577517211
5314;0.512351036
5315;0.468906999
5316;0.436323881
5317;0.441754401
5318;0.436323881
5319;0.430893391
5320;0.430893391
5321;0.44718492
5322;0.523212075
5323;0.523212075
5324;0.496059507
5325;0.485198498
5326;0.387449294
5327;0.251686484
5328;0.132208332
5329;0.132208332
5330;0.132208332
5331;0.132208332
5332;0.132208332
5333;0.132208332
5334;0.132208332
5335;0.132208332
5336;0.132208332
5337;0.132208332
5338;0.132208332
5339;0.132208332
5340;0.132208332
5341;0.132208332
5342;0.132208332
5343;0.132208332
5344;0.132208332
5345;0.132208332
5346;0.132208332
5347;0.132208332
5348;0.132208332
5349;0.132208332
5350;0.132208332
5351;0.132208332
5352;0.454426378
5353;0.454426378
5354;0.454426378
5355;0.454426378
5356;0.454426378
5357;0.511288345
5358;1.00409234
5359;1.26944828
5360;1.34526443
5361;1.34526443
5362;1.2125864
5363;1.07990837
5364;0.966184378
5365;0.909322381
5366;0.833506405
5367;0.795598388
5368;0.814552367
5369;0.92827636
5370;1.28840232
5371;1.42108047
5372;1.36421835
5373;1.34526443
5374;0.947230399
5375;0.473380357
5376;0.884934366
5377;0.884934366
5378;0.884934366
5379;0.884934366
5380;0.884934366
5381;1.01776826
5382;2.16899633
5383;2.78888822
5384;2.96600032
5385;2.96600032
5386;2.65605426
5387;2.3461082
5388;2.08044028
5389;1.94760633
5390;1.77049434
5391;1.68193829
5392;1.72621632
5393;1.99188423
5394;2.83316636
5395;3.14311242
5396;3.01027822
5397;2.96600032
5398;2.03616238
5399;0.929212332
5400;0.688118637
5401;0.661648273
5402;0.661648273
5403;0.661648273
5404;0.688118637
5405;0.767529547
5406;1.61457968
5407;2.27633739
5408;2.27633739
5409;2.30280805
5410;1.98516417
5411;1.77340174
5412;1.61457968
5413;1.64104998
5414;1.61457968
5415;1.58810949
5416;1.58810949
5417;1.6675204
5418;2.03810477
5419;2.03810477
5420;1.90575314
5421;1.85281265
5422;1.37634695
5423;0.71458894
5424;0.608616352
5425;0.608616352
5426;0.608616352
5427;0.608616352
5428;0.608616352
5429;0.692688346
5430;1.42131233
5431;1.81364834
5432;1.92574453
5433;1.92574453
5434;1.72957635
5435;1.5334084
5436;1.36526442
5437;1.2811923
5438;1.16909635
5439;1.11304832
5440;1.14107227
5441;1.30921626
5442;1.8416723
5443;2.03784037
5444;1.95376825
5445;1.92574453
5446;1.33724034
5447;0.63664031
5448;2.35852838
5449;2.35852838
5450;2.35852838
5451;2.35852838
5452;2.35852838
5453;2.75140834
5454;6.15636873
5455;7.98980808
5456;8.51364803
5457;8.51364803
5458;7.5969286
5459;6.68020821
5460;5.89444828
5461;5.50156879
5462;4.97772837
5463;4.71580839
5464;4.8467679
5465;5.63252831
5466;8.12076855
5467;9.03748798
5468;8.64460754
5469;8.51364803
5470;5.76348877
5471;2.48948812
5472;3.85442042
5473;3.54567218
5474;4.07671928
5475;4.90779734
5476;5.76103258
5477;6.12828922
5478;8.32972717
5479;9.54523849
5480;9.72689247
5481;9.59394836
5482;8.74028397
5483;7.98360395
5484;7.2799654
5485;6.90471649
5486;6.53744984
5487;6.34746027
5488;6.61698866
5489;7.46737432
5490;9.59682655
5491;10.1359301
5492;9.86747265
5493;8.87874222
5494;6.73873758
5495;4.17770767
5496;1.6785115
5497;1.6785115
5498;1.6785115
5499;1.6785115
5500;1.6785115
5501;1.95138824
5502;4.3163228
5503;5.58974838
5504;5.95358467
5505;5.95358467
5506;5.31687164
5507;4.68015862
5508;4.13440418
5509;3.86152744
5510;3.49769115
5511;3.31577325
5512;3.40673232
5513;3.95248628
5514;5.68070745
5515;6.31742096
5516;6.04454327
5517;5.95358467
5518;4.04344559
5519;1.76947033
5520;0.817696691
5521;0.785056293
5522;0.785056293
5523;0.785056293
5524;0.817696691
5525;0.915617645
5526;1.96010804
5527;2.77611613
5528;2.77611613
5529;2.80875659
5530;2.41707253
5531;2.15595007
5532;1.96010804
5533;1.99274838
5534;1.96010804
5535;1.92746782
5536;1.92746782
5537;2.02538872
5538;2.48235345
5539;2.48235345
5540;2.31915164
5541;2.25387096
5542;1.66634536
5543;0.850337029
5544;0.276690125
5545;0.269810468
5546;0.269810468
5547;0.269810468
5548;0.276690125
5549;0.297329158
5550;0.517478585
5551;0.689470291
5552;0.689470291
5553;0.696350038
5554;0.61379391
5555;0.55875659
5556;0.517478585
5557;0.524358213
5558;0.517478585
5559;0.510598898
5560;0.510598898
5561;0.5312379
5562;0.627553284
5563;0.627553284
5564;0.593154907
5565;0.579395592
5566;0.455561548
5567;0.283569813
5568;0.132208332
5569;0.132208332
5570;0.132208332
5571;0.132208332
5572;0.132208332
5573;0.132208332
5574;0.132208332
5575;0.132208332
5576;0.132208332
5577;0.132208332
5578;0.132208332
5579;0.132208332
5580;0.132208332
5581;0.132208332
5582;0.132208332
5583;0.132208332
5584;0.132208332
5585;0.132208332
5586;0.132208332
5587;0.132208332
5588;0.132208332
5589;0.132208332
5590;0.132208332
5591;0.132208332
5592;0.132208332
5593;0.132208332
5594;0.132208332
5595;0.132208332
5596;0.132208332
5597;0.132208332
5598;0.132208332
5599;0.132208332
5600;0.132208332
5601;0.132208332
5602;0.132208332
5603;0.132208332
5604;0.132208332
5605;0.132208332
5606;0.132208332
5607;0.132208332
5608;0.132208332
5609;0.132208332
5610;0.132208332
5611;0.132208332
5612;0.132208332
5613;0.132208332
5614;0.132208332
5615;0.132208332
5616;0.132208332
5617;0.132208332
5618;0.132208332
5619;0.132208332
5620;0.132208332
5621;0.132208332
5622;0.132208332
5623;0.132208332
5624;0.132208332
5625;0.132208332
5626;0.132208332
5627;0.132208332
5628;0.132208332
5629;0.132208332
5630;0.132208332
5631;0.132208332
5632;0.132208332
5633;0.132208332
5634;0.132208332
5635;0.132208332
5636;0.132208332
5637;0.132208332
5638;0.132208332
5639;0.132208332
5640;0.397527337
5641;0.397527337
5642;0.397527337
5643;0.397527337
5644;0.397527337
5645;0.444348335
5646;0.85013032
5647;1.06862831
5648;1.13105631
5649;1.13105631
5650;1.02180731
5651;0.912558377
5652;0.81891638
5653;0.772095382
5654;0.709667325
5655;0.678453326
5656;0.694060326
5657;0.787702382
5658;1.08423531
5659;1.19348431
5660;1.14666331
5661;1.13105631
5662;0.803309381
5663;0.413134336
5664;0.784039378
5665;0.784039378
5666;0.784039378
5667;0.784039378
5668;0.784039378
5669;0.899068356
5670;1.89598644
5671;2.43278813
5672;2.58616042
5673;2.58616042
5674;2.31775928
5675;2.04935837
5676;1.81930041
5677;1.70427132
5678;1.55089939
5679;1.47421336
5680;1.5125562
5681;1.74261439
5682;2.47113132
5683;2.73953247
5684;2.62450337
5685;2.58616042
5686;1.78095734
5687;0.822382271
5688;0.132208332
5689;0.132208332
5690;0.132208332
5691;0.132208332
5692;0.132208332
5693;0.132208332
5694;0.132208332
5695;0.132208332
5696;0.132208332
5697;0.132208332
5698;0.132208332
5699;0.132208332
5700;0.132208332
5701;0.132208332
5702;0.132208332
5703;0.132208332
5704;0.132208332
5705;0.132208332
5706;0.132208332
5707;0.132208332
5708;0.132208332
5709;0.132208332
5710;0.132208332
5711;0.132208332
5712;0.132208332
5713;0.132208332
5714;0.132208332
5715;0.132208332
5716;0.132208332
5717;0.132208332
5718;0.132208332
5719;0.132208332
5720;0.132208332
5721;0.132208332
5722;0.132208332
5723;0.132208332
5724;0.132208332
5725;0.132208332
5726;0.132208332
5727;0.132208332
5728;0.132208332
5729;0.132208332
5730;0.132208332
5731;0.132208332
5732;0.132208332
5733;0.132208332
5734;0.132208332
5735;0.132208332
5736;1.56510437
5737;1.56510437
5738;1.56510437
5739;1.56510437
5740;1.56510437
5741;1.81796825
5742;4.00945616
5743;5.18948793
5744;5.52664089
5745;5.52664089
5746;4.93662453
5747;4.34660816
5748;3.84088039
5749;3.58801651
5750;3.25086427
5751;3.0822885
5752;3.16657639
5753;3.67230439
5754;5.27377605
5755;5.86379242
5756;5.61092806
5757;5.52664089
5758;3.75659251
5759;1.64939237
5760;7.5566721
5761;6.81331062
5762;8.09189224
5763;10.0928488
5764;12.147151
5765;12.7600832
5766;15.709136
5767;17.369606
5768;17.4452343
5769;17.1251526
5770;15.7028513
5771;14.5140514
5772;13.3625259
5773;12.7303543
5774;12.2078352
5775;11.9312696
5776;12.4897699
5777;13.9946117
5778;17.4033813
5779;18.0683289
5780;17.6932716
5781;15.4031763
5782;12.149868
5783;8.24460506
5784;25.5731735
5785;22.2952385
5786;27.9332829
5787;34.7999992
5788;34.7999992
5789;4.76061106
5790;14.2412176
5791;25.2371788
5792;14.2851906
5793;25.1933804
5794;14.3288126
5795;20.8753834
5796;18.6295414
5797;20.4387722
5798;19.0644073
5799;18.7935658
5800;18.1642895
5801;19.5628738
5802;19.9368019
5803;19.5643692
5804;19.9353123
5805;19.5658531
5806;19.933836
5807;16.8394642
5808;7.29508305
5809;14.0483141
5810;17.6544514
5811;23.2979851
5812;29.0919781
5813;29.9511585
5814;30.7327061
5815;31.3580723
5816;30.4119892
5817;29.5092239
5818;27.5266647
5819;26.2026844
5820;24.6939793
5821;23.7805328
5822;23.4661961
5823;23.2658596
5824;24.551218
5825;27.0564194
5826;31.1634846
5827;31.009985
5828;30.8217125
5829;24.6525288
5830;21.5636196
5831;17.7953186
5832;0.132208332
5833;0.132208332
5834;0.132208332
5835;0.132208332
5836;0.132208332
5837;0.132208332
5838;0.132208332
5839;0.132208332
5840;0.132208332
5841;0.132208332
5842;0.132208332
5843;0.132208332
5844;0.132208332
5845;0.132208332
5846;0.132208332
5847;0.132208332
5848;0.132208332
5849;0.132208332
5850;0.132208332
5851;0.132208332
5852;0.132208332
5853;0.132208332
5854;0.132208332
5855;0.132208332
5856;0.132208332
5857;0.132208332
5858;0.132208332
5859;0.132208332
5860;0.132208332
5861;0.132208332
5862;0.132208332
5863;0.132208332
5864;0.132208332
5865;0.132208332
5866;0.132208332
5867;0.132208332
5868;0.132208332
5869;0.132208332
5870;0.132208332
5871;0.132208332
5872;0.132208332
5873;0.132208332
5874;0.132208332
5875;0.132208332
5876;0.132208332
5877;0.132208332
5878;0.132208332
5879;0.132208332
5880;0.302684367
5881;0.302684367
5882;0.302684367
5883;0.302684367
5884;0.302684367
5885;0.332768351
5886;0.593496323
5887;0.733888328
5888;0.774000406
5889;0.774000406
5890;0.703804374
5891;0.633608341
5892;0.573440313
5893;0.543356359
5894;0.50324434
5895;0.483188361
5896;0.493216336
5897;0.553384304
5898;0.743916333
5899;0.814112425
5900;0.784028292
5901;0.774000406
5902;0.563412368
5903;0.312712342
5904;1.37596238
5905;1.37596238
5906;1.37596238
5907;1.37596238
5908;1.37596238
5909;1.59544837
5910;3.4976604
5911;4.52192831
5912;4.81457663
5913;4.81457663
5914;4.30244207
5915;3.79030848
5916;3.35133624
5917;3.13185048
5918;2.83920217
5919;2.69287848
5920;2.76604009
5921;3.20501232
5922;4.59509039
5923;5.10722446
5924;4.88773823
5925;4.81457663
5926;3.2781744
5927;1.44912422
5928;6.56863594
5929;5.98714399
5930;6.98730993
5931;8.55254841
5932;10.1595173
5933;10.7499228
5934;14.0183058
5935;15.8349323
5936;16.042017
5937;15.7916317
5938;14.4201784
5939;13.2313795
5940;12.1087198
5941;11.5032644
5942;10.9466028
5943;10.6562986
5944;11.1301641
5945;12.5292044
5946;15.8983326
5947;16.677351
5948;16.2730217
5949;14.4446239
5950;11.1231413
5951;7.14374924
5952;8.45736599
5953;7.3646369
5954;9.06115341
5955;11.7161684
5956;14.5483503
5957;15.01719
5958;16.5833569
5959;18.3494129
5960;17.5649776
5961;17.2466488
5962;15.631218
5963;14.7511444
5964;13.912096
5965;13.843257
5966;13.9283419
5967;13.8973856
5968;14.4172487
5969;15.4059525
5970;17.2155876
5971;16.5495129
5972;16.1835346
5973;13.1532974
5974;11.566802
5975;9.25535297
5976;3.62687588
5977;3.21040463
5978;3.81967497
5979;4.77317047
5980;5.81433153
5981;6.0548234
5982;7.38653374
5983;8.62175655
5984;8.34004211
5985;8.24975967
5986;7.38113976
5987;6.87276602
5988;6.42720366
5989;6.42652082
5990;6.43303776
5991;6.39788103
5992;6.58458042
5993;7.01177073
5994;7.99821281
5995;7.75900507
5996;7.50737619
5997;6.37104845
5998;5.36858606
5999;3.93749595
6000;0.712946951
6001;0.68529433
6002;0.68529433
6003;0.68529433
6004;0.712946951
6005;0.795904577
6006;1.68078601
6007;2.3720994
6008;2.3720994
6009;2.39975238
6010;2.06792164
6011;1.84670138
6012;1.68078601
6013;1.7084384
6014;1.68078601
6015;1.65313351
6016;1.65313351
6017;1.73609114
6018;2.12322664
6019;2.12322664
6020;1.98496401
6021;1.92965889
6022;1.43191314
6023;0.740599513
6024;0.544127941
6025;0.5245139
6026;0.5245139
6027;0.5245139
6028;0.544127941
6029;0.602970064
6030;1.23061907
6031;1.72096992
6032;1.72096992
6033;1.74058414
6034;1.50521564
6035;1.34830344
6036;1.23061907
6037;1.25023317
6038;1.23061907
6039;1.21100521
6040;1.21100521
6041;1.26984727
6042;1.54444373
6043;1.54444373
6044;1.44637346
6045;1.4071455
6046;1.05409288
6047;0.563741982
6048;0.422780901
6049;0.408944905
6050;0.408944905
6051;0.408944905
6052;0.422780901
6053;0.464288712
6054;0.907039106
6055;1.25293779
6056;1.25293779
6057;1.26677394
6058;1.10074246
6059;0.990054846
6060;0.907039106
6061;0.920875013
6062;0.907039106
6063;0.893203199
6064;0.893203199
6065;0.934711039
6066;1.12841427
6067;1.12841427
6068;1.05923462
6069;1.03156269
6070;0.782515585
6071;0.436616838
6072;1.13529336
6073;1.13529336
6074;1.13529336
6075;1.13529336
6076;1.13529336
6077;1.31230831
6078;2.84643841
6079;3.67250824
6080;3.90852857
6081;3.90852857
6082;3.49549317
6083;3.0824585
6084;2.7284286
6085;2.55141354
6086;2.31539345
6087;2.1973834
6088;2.25638819
6089;2.61041832
6090;3.7315135
6091;4.14454842
6092;3.96753335
6093;3.90852857
6094;2.66942334
6095;1.19429827
6096;1.13372421
6097;1.08603573
6098;1.08603573
6099;1.08603573
6100;1.13372421
6101;1.27678919
6102;2.80281591
6103;3.99502468
6104;3.99502468
6105;4.04271317
6106;3.47045302
6107;3.0889461
6108;2.80281591
6109;2.85050416
6110;2.80281591
6111;2.75512791
6112;2.75512791
6113;2.89819264
6114;3.56582975
6115;3.56582975
6116;3.32738805
6117;3.23201108
6118;2.37362123
6119;1.18141246
6120;4.43377829
6121;3.9996326
6122;4.55835342
6123;5.43273973
6124;6.43974543
6125;6.81696796
6126;9.70947266
6127;12.1479034
6128;11.8895617
6129;11.8589993
6130;10.4357138
6131;9.55169678
6132;8.82973576
6133;8.88133717
6134;8.83508682
6135;8.75061893
6136;8.92182827
6137;9.47025871
6138;11.1060438
6139;10.8866835
6140;10.3947935
6141;9.24828815
6142;7.38890076
6143;4.77085495
6144;24.3097363
6145;21.2131176
6146;26.539299
6147;34.7999992
6148;34.7999992
6149;4.76061106
6150;11.8149691
6151;20.7938137
6152;18.7107868
6153;20.7854843
6154;18.7190819
6155;20.7772198
6156;18.727314
6157;18.7333584
6158;17.3029823
6159;15.2923727
6160;12.9333277
6161;12.5054522
6162;15.9499273
6163;23.5353012
6164;15.9802618
6165;23.5050888
6166;16.010355
6167;11.3913984
6168;17.6170883
6169;15.4257212
6170;19.19487
6171;25.0935135
6172;31.149416
6173;32.1795006
6174;34.1409035
6175;34.7999992
6176;34.5980568
6177;33.6544838
6178;31.2741566
6179;29.5821857
6180;27.7411613
6181;26.6543598
6182;26.1497326
6183;25.8523026
6184;27.2397823
6185;30.1223526
6186;34.7999992
6187;34.7999992
6188;34.7999992
6189;28.5782452
6190;24.4252758
6191;19.3861256
6192;7.81264067
6193;6.8038044
6194;8.53900051
6195;11.25455
6196;14.0424957
6197;14.4515848
6198;14.7901182
6199;15.0708237
6200;14.6098156
6201;14.1754227
6202;13.2315626
6203;12.6045942
6204;11.8872986
6205;11.4520979
6206;11.3066187
6207;11.2131081
6208;11.8301525
6209;13.0269423
6210;14.9757481
6211;14.8917837
6212;14.805522
6213;11.8384848
6214;10.3824797
6215;8.60534
6216;2.19964623
6217;2.19964623
6218;2.19964623
6219;2.19964623
6220;2.19964623
6221;2.56448817
6222;5.72645235
6223;7.42904806
6224;7.91550493
6225;7.91550493
6226;7.0642066
6227;6.21290874
6228;5.48322439
6229;5.11838198
6230;4.63192654
6231;4.38869858
6232;4.51031256
6233;5.23999643
6234;7.55066252
6235;8.40195942
6236;8.03711796
6237;7.91550493
6238;5.36161089
6239;2.32126045
6240;4.3589716
6241;3.82182693
6242;4.74571514
6243;6.1915822
6244;7.6759963
6245;7.91805792
6246;8.30843735
6247;8.57104397
6248;8.35791206
6249;8.12662411
6250;7.56750059
6251;7.17710495
6252;6.74669647
6253;6.49073172
6254;6.38094521
6255;6.31499243
6256;6.65161371
6257;7.33732414
6258;8.52850246
6259;8.54037094
6260;8.47019577
6261;6.8823452
6262;5.93738794
6263;4.78911829
6264;0.795208395
6265;0.795208395
6266;0.795208395
6267;0.795208395
6268;0.795208395
6269;0.912208319
6270;1.92620838
6271;2.47220826
6272;2.62820864
6273;2.62820864
6274;2.3552084
6275;2.0822084
6276;1.84820831
6277;1.73120844
6278;1.57520831
6279;1.49720836
6280;1.53620839
6281;1.77020836
6282;2.5112083
6283;2.78420854
6284;2.66720843
6285;2.62820864
6286;1.80920851
6287;0.834208369
6288;0.832778335
6289;0.832778335
6290;0.832778335
6291;0.832778335
6292;0.832778335
6293;0.956408322
6294;2.02786827
6295;2.60480809
6296;2.76964831
6297;2.76964831
6298;2.48117828
6299;2.19270825
6300;1.94544828
6301;1.82181847
6302;1.65697837
6303;1.5745585
6304;1.61576831
6305;1.86302829
6306;2.64601851
6307;2.9344883
6308;2.81085825
6309;2.76964831
6310;1.90423834
6311;0.87398833
6312;1.09988236
6313;1.09988236
6314;1.09988236
6315;1.09988236
6316;1.09988236
6317;1.27064824
6318;2.75062037
6319;3.54752827
6320;3.77521634
6321;3.77521634
6322;3.37676239
6323;2.97830844
6324;2.63677621
6325;2.46601057
6326;2.23832226
6327;2.12447834
6328;2.1814003
6329;2.52293229
6330;3.60445046
6331;4.00290442
6332;3.83213806
6333;3.77521634
6334;2.57985425
6335;1.15680432
6336;0.811650515
6337;0.779298067
6338;0.779298067
6339;0.779298067
6340;0.811650515
6341;0.908707738
6342;1.94398546
6343;2.75279617
6344;2.75279617
6345;2.78514886
6346;2.39691949
6347;2.13810015
6348;1.94398546
6349;1.97633803
6350;1.94398546
6351;1.91163313
6352;1.91163313
6353;2.00869036
6354;2.46162438
6355;2.46162438
6356;2.29986215
6357;2.23515725
6358;1.65281367
6359;0.844002903
6360;0.671910763
6361;0.64621222
6362;0.64621222
6363;0.64621222
6364;0.671910763
6365;0.74900645
6366;1.57136047
6367;2.21382451
6368;2.21382451
6369;2.23952293
6370;1.9311403
6371;1.72555184
6372;1.57136047
6373;1.59705889
6374;1.57136047
6375;1.54566181
6376;1.54566181
6377;1.62275755
6378;1.98253751
6379;1.98253751
6380;1.85404468
6381;1.80264747
6382;1.34007347
6383;0.697609365
6384;0.873034358
6385;0.873034358
6386;0.873034358
6387;0.873034358
6388;0.873034358
6389;1.00376832
6390;2.13679647
6391;2.74688816
6392;2.92120051
6393;2.92120051
6394;2.61615443
6395;2.31110835
6396;2.04964018
6397;1.91890633
6398;1.74459434
6399;1.65743828
6400;1.70101631
6401;1.96248424
6402;2.79046607
6403;3.09551239
6404;2.96477818
6405;2.92120051
6406;2.00606251
6407;0.916612327
6408;1.58450127
6409;1.58450127
6410;1.58450127
6411;1.58450127
6412;1.58450127
6413;1.84078825
6414;4.0619421
6415;5.25794792
6416;5.59966469
6417;5.59966469
6418;5.0016613
6419;4.40365839
6420;3.89108443
6421;3.63479757
6422;3.29308128
6423;3.12222338
6424;3.20765209
6425;3.72022653
6426;5.34337711
6427;5.94138002
6428;5.68509293
6429;5.59966469
6430;3.80565548
6431;1.66993022
6432;1.57350361
6433;1.50487459
6434;1.50487459
6435;1.50487459
6436;1.57350361
6437;1.77939045
6438;3.97551727
6439;5.69124079
6440;5.69124079
6441;5.75987053
6442;4.93632269
6443;4.38729143
6444;3.97551727
6445;4.04414606
6446;3.97551727
6447;3.90688825
6448;3.90688825
6449;4.11277485
6450;5.07358027
6451;5.07358027
6452;4.73043585
6453;4.5931778
6454;3.35785675
6455;1.64213264
6456;1.52491391
6457;1.45859861
6458;1.45859861
6459;1.45859861
6460;1.52491391
6461;1.72385979
6462;3.84594965
6463;5.50383234
6464;5.50383234
6465;5.57014799
6466;4.77436399
6467;4.24384165
6468;3.84594965
6469;3.91226506
6470;3.84594965
6471;3.77963448
6472;3.77963448
6473;3.97858024
6474;4.90699434
6475;4.90699434
6476;4.57541847
6477;4.44278765
6478;3.24911189
6479;1.59122932
6480;1.47178555
6481;1.40799987
6482;1.40799987
6483;1.40799987
6484;1.47178555
6485;1.66314197
6486;3.70427871
6487;5.29891682
6488;5.29891682
6489;5.36270285
6490;4.59727669
6491;4.08699179
6492;3.70427871
6493;3.76806426
6494;3.70427871
6495;3.64049339
6496;3.64049339
6497;3.83185005
6498;4.72484732
6499;4.72484732
6500;4.40591955
6501;4.27834892
6502;3.13020921
6503;1.53557098
6504;4.95707273
6505;4.43620443
6506;5.14550829
6507;6.25555468
6508;7.50367689
6509;7.89170885
6510;10.5946398
6511;12.933116
6512;12.6051474
6513;12.5360622
6514;11.0926113
6515;10.2126255
6516;9.47780037
6517;9.51302433
6518;9.48459244
6519;9.40764713
6520;9.62499905
6521;10.230382
6522;11.8830338
6523;11.6045523
6524;11.1315193
6525;9.73658752
6526;7.9212122
6527;5.3547101
6528;5.85610914
6529;5.37316418
6530;6.20382929
6531;7.50380421
6532;8.83843613
6533;9.39553738
6534;12.68855
6535;14.5088234
6536;14.7698174
6537;14.5618658
6538;13.2670774
6539;12.1239901
6540;11.0580816
6541;10.4884815
6542;9.93715286
6543;9.65154648
6544;10.0673561
6545;11.3628044
6546;14.5837317
6547;15.3864851
6548;14.9839249
6549;13.4431381
6550;10.2172813
6551;6.35600758
6552;9.27100849
6553;9.55281544
6554;9.79416847
6555;12.0235329
6556;17.4417992
6557;18.2019062
6558;19.2803078
6559;19.3370266
6560;18.2281055
6561;16.7596416
6562;15.0583
6563;14.0505123
6564;13.6082573
6565;12.9789972
6566;13.0565128
6567;13.7796726
6568;15.7117481
6569;18.3594112
6570;21.6453724
6571;22.2954235
6572;21.4826584
6573;17.4398632
6574;11.1471453
6575;8.75880814
6576;11.1838779
6577;11.4991684
6578;11.7692022
6579;14.2634668
6580;20.325552
6581;21.3219109
6582;23.7932205
6583;24.5377045
6584;23.4915962
6585;21.8486443
6586;19.6046276
6587;18.1365795
6588;17.349905
6589;16.499939
6590;16.3920841
6591;17.1038837
6592;19.3141804
6593;22.5683193
6594;27.1689796
6595;28.2367859
6596;27.1815128
6597;22.6096916
6598;14.5477076
6599;10.6594601
6600;15.6563406
6601;16.1023121
6602;16.4842682
6603;20.0123501
6604;28.5870361
6605;29.9772663
6606;33.3073807
6607;34.271328
6608;32.7661743
6609;30.4422493
6610;27.3126965
6611;25.2807274
6612;24.2061882
6613;23.0230236
6614;22.8959293
6615;23.9154816
6616;27.035532
6617;31.6002483
6618;34.7999992
6619;2.15790296
6620;3.90242481
6621;4.17229509
6622;20.2489071
6623;14.9081984
6624;26.5265541
6625;27.3626671
6626;28.0787601
6627;34.6932449
6628;34.7999992
6629;4.76061106
6630;19.88554
6631;19.6154289
6632;19.8844585
6633;19.6165047
6634;19.8833866
6635;19.6175709
6636;19.8823242
6637;19.6186295
6638;18.3635845
6639;17.5114346
6640;18.884119
6641;20.6128445
6642;18.8910313
6643;20.6059589
6644;18.8978901
6645;20.5991268
6646;18.9046936
6647;12.1547623
6648;23.4042282
6649;23.8672962
6650;24.476675
6651;30.1054554
6652;34.7999992
6653;4.76061106
6654;12.8294277
6655;23.8499489
6656;15.666872
6657;23.8172245
6658;15.6994658
6659;16.3205719
6660;14.483901
6661;11.8222609
6662;8.71857262
6663;6.75114489
6664;6.95088005
6665;11.7143936
6666;22.0948448
6667;17.414959
6668;22.0761299
6669;17.4335976
6670;20.74086
6671;10.0723867
6672;34.7999992
6673;3.34947705
6674;14.6126194
6675;24.0784283
6676;15.4393063
6677;24.0438805
6678;15.4737158
6679;24.0096092
6680;15.5078516
6681;23.9756088
6682;15.5417147
6683;23.9418812
6684;15.5753069
6685;23.9084244
6686;15.6086311
6687;23.8752327
6688;15.6416903
6689;23.8423061
6690;15.6744843
6691;23.8096428
6692;15.7070179
6693;23.7772408
6694;15.7392902
6695;23.7450962
6696;15.771306
6697;13.9516411
6698;13.309638
6699;13.6725855
6700;23.2929649
6701;16.2216301
6702;23.2646866
6703;16.249794
6704;23.2366333
6705;16.2777348
6706;23.2088051
6707;16.3054523
6708;23.1811981
6709;16.3329487
6710;23.1538105
6711;16.3602257
6712;23.1266441
6713;16.3872852
6714;23.0996914
6715;16.4141293
6716;23.0729561
6717;16.4407578
6718;23.0464344
6719;16.4671745
6720;12.3821135
6721;14.7304831
6722;18.3750496
6723;21.1198788
6724;18.3860245
6725;21.1089458
6726;18.3969135
6727;21.0981007
6728;18.4077168
6729;21.0873413
6730;18.4184322
6731;21.0766678
6732;18.4290638
6733;21.0660801
6734;18.4396076
6735;21.0555763
6736;18.4500694
6737;21.0451565
6738;18.4604473
6739;21.0348206
6740;18.4707432
6741;21.0245667
6742;18.4809551
6743;21.0143948
6744;18.491087
6745;21.0043049
6746;18.5011368
6747;20.9942932
6748;18.5111084
6749;20.8441277
6750;18.2049046
6751;20.5443344
6752;18.7752075
6753;20.7213192
6754;18.7829895
6755;20.7135677
6756;18.7907104
6757;20.7058792
6758;18.7983685
6759;20.6982498
6760;18.8059673
6761;20.6906834
6762;18.8135033
6763;20.683176
6764;18.8209801
6765;20.6757298
6766;18.8283978
6767;20.6683426
6768;18.8357563
6769;20.4594231
6770;18.2988319
6771;20.1615429
6772;18.1309834
6773;19.9430676
6774;17.8840504
6775;18.9356461
6776;18.1862602
6777;20.6154919
6778;18.8883934
6779;20.6085854
6780;18.8952732
6781;20.6017342
6782;18.9020977
6783;20.5949364
6784;18.9088669
6785;20.5881939
6786;18.9155827
6787;20.5815048
6788;18.922245
6789;20.4784565
6790;18.7444077
6791;19.8229275
6792;18.2666569
6793;19.4748764
6794;17.6491871
6795;19.1695709
6796;17.5062637
6797;18.9262695
6798;17.4681187
6799;18.929203
6800;19.0779228
6801;20.4198151
6802;19.0832882
6803;20.4144707
6804;19.0886116
6805;20.4091682
6806;19.0938931
6807;20.4039097
6808;19.0991325
6809;20.3986912
6810;19.1043282
6811;20.3935146
6812;19.1094837
6813;20.3883801
6814;18.2118225
6815;19.98526
6816;18.5344486
6817;11.6464281
6818;5.53610706
6819;34.7999992
6820;3.21800494
6821;23.1861534
6822;14.1192818
6823;22.2120609
6824;15.0631847
6825;23.9101391
6826;15.6069231
6827;23.8769341
6828;15.6399956
6829;23.5444794
6830;15.9711208
6831;23.5141926
6832;16.0012856
6833;23.484148
6834;16.0312099
6835;23.4543438
6836;16.0608959
6837;23.424778
6838;16.037756
6839;13.9892216
6840;5.56393862
6841;2.12444353
6842;34.7731361
6843;34.7999992
6844;3.28812313
6845;30.170229
6846;7.74161291
6847;30.15942
6848;8.97945213
6849;30.4779015
6850;9.06542587
6851;24.4363422
6852;15.0828247
6853;24.3989353
6854;15.1200809
6855;24.3618298
6856;15.1570387
6857;24.3250198
6858;15.1937017
6859;24.2885036
6860;15.230072
6861;24.2522774
6862;15.2661524
6863;14.8659925
6864;8.33641338
6865;6.69908571
6866;6.34766245
6867;7.20612478
6868;17.4910927
6869;21.3517056
6870;17.3750591
6871;21.3358021
6872;18.1534367
6873;21.3406048
6874;18.1661816
6875;21.3279095
6876;18.1788254
6877;21.3153172
6878;18.1913681
6879;21.302824
6880;18.2038116
6881;21.290432
6882;18.2161541
6883;21.2781372
6884;18.2283993
6885;21.2659416
6886;18.2405472
6887;21.2538414
6888;17.3297215
6889;3.64878821
6890;25.1861019
6891;31.1170807
6892;34.7999992
6893;4.76061106
6894;14.5578966
6895;24.9217644
6896;14.5993423
6897;23.9577904
6898;15.5594625
6899;16.1432514
6900;14.3756571
6901;11.9166756
6902;8.96077251
6903;7.23063898
6904;7.81240177
6905;13.2014751
6906;24.418293
6907;15.1008015
6908;24.381031
6909;15.1379137
6910;18.7098541
6911;7.94325352
6912;34.7999992
6913;4.76061106
6914;10.9382439
6915;18.4784145
6916;20.841629
6917;18.6631622
6918;20.8329182
6919;18.6718388
6920;20.824276
6921;18.6804466
6922;20.8157024
6923;18.6889858
6924;20.8071976
6925;18.6974564
6926;20.7987595
6927;18.7058601
6928;20.79039
6929;18.7141953
6930;20.7820873
6931;18.7224655
6932;20.7738514
6933;18.730669
6934;20.7656803
6935;18.7388077
6936;20.4956932
6937;16.8737755
6938;14.4021816
6939;12.9132662
6940;20.4159203
6941;19.0871677
6942;20.4106064
6943;19.0924606
6944;20.4053364
6945;19.0977097
6946;20.4001064
6947;19.1029186
6948;20.3949184
6949;19.1080856
6950;20.3897724
6951;19.1132107
6952;20.3846684
6953;19.1182957
6954;20.3796043
6955;19.1233387
6956;20.3745804
6957;19.1283436
6958;20.3695965
6959;19.1333065
6960;13.2779961
6961;4.35877275
6962;30.5292263
6963;34.7999992
6964;2.10867739
6965;20.2771492
6966;19.2253838
6967;20.2729435
6968;19.2295742
6969;20.2687702
6970;19.2337284
6971;20.2646313
6972;19.2378521
6973;20.2605267
6974;19.2419415
6975;20.2564526
6976;19.2459984
6977;20.2524109
6978;19.2500229
6979;20.2484035
6980;19.254015
6981;20.2444267
6982;19.2579765
6983;13.9198542
6984;3.2026546
6985;27.406559
6986;28.1143436
6987;34.6520729
6988;34.7999992
6989;4.76061106
6990;19.6973839
6991;19.8028316
6992;19.6978054
6993;19.802412
6994;19.6982231
6995;19.8019943
6996;19.6986389
6997;19.8015823
6998;18.9898262
6999;18.4902325
7000;20.1461163
7001;19.3558941
7002;20.1429558
7003;19.3590412
7004;20.139822
7005;19.3621635
7006;20.1367111
7007;13.9318457
7008;34.7999992
7009;4.54226542
7010;8.51247978
7011;13.5894861
7012;25.8863029
7013;13.6386623
7014;25.8373241
7015;13.6874447
7016;25.7887363
7017;13.7358389
7018;25.7405357
7019;13.7838459
7020;25.6927204
7021;13.8314695
7022;25.6452866
7023;13.8787136
7024;25.5982323
7025;13.925581
7026;25.5515518
7027;13.9720736
7028;25.5052452
7029;14.0181952
7030;25.4593086
7031;14.0639486
7032;14.1602707
7033;25.3178005
7034;14.2048903
7035;25.2733612
7036;14.2491531
7037;25.2292747
7038;14.2930632
7039;25.1855392
7040;13.9246769
7041;25.5524521
7042;13.9711771
7043;25.5061398
7044;14.0173054
7045;25.4601936
7046;14.0630665
7047;25.4146175
7048;14.1084614
7049;25.3694038
7050;14.1534948
7051;25.3245506
7052;26.2743607
7053;23.1130581
7054;15.7522202
7055;22.610323
7056;15.8585291
7057;22.9777393
7058;15.9834118
7059;22.9672985
7060;15.9850464
7061;22.9832001
7062;15.6449108
7063;22.8136158
7064;16.6990604
7065;22.7891636
7066;16.7234154
7067;22.7649059
7068;16.7475758
7069;22.7408428
7070;16.7715435
7071;22.7169724
7072;16.7953186
7073;22.6932907
7074;16.8189049
7075;22.6697979
7076;23.429636
7077;20.9050846
7078;16.6717014
7079;20.4937382
7080;16.1348038
7081;19.9591846
7082;15.7293863
7083;19.6442642
7084;15.6310997
7085;19.7158642
7086;15.6561995
7087;19.9187508
7088;17.1807938
7089;20.9332829
7090;18.5718746
7091;20.9238396
7092;18.5812798
7093;20.9144726
7094;18.5906105
7095;20.9051781
7096;18.5998669
7097;20.8959599
7098;18.6090488
7099;20.8868141
7100;18.6181583
7101;20.8777409
7102;18.6271935
7103;20.868742
7104;18.636158
7105;4.21552038
7106;24.6783142
7107;30.5996265
7108;34.7999992
7109;4.76061106
7110;13.825304
7111;24.0056763
7112;15.5117674
7113;21.7243061
7114;17.7840137
7115;16.0598888
7116;12.1345625
7117;7.44749594
7118;32.0296326
7119;34.081749
7120;34.7999992
7121;3.31418705
7122;11.3620977
7123;26.8276367
7124;12.7010927
7125;26.7711449
7126;12.7573595
7127;21.8626575
7128;21.5036621
7129;22.1869297
7130;22.7721176
7131;28.1774368
7132;34.7999992
7133;4.76061106
7134;10.0465231
7135;16.7174778
7136;22.7708206
7137;16.7416859
7138;16.4692688
7139;12.4119167
7140;6.25963402
7141;29.3837166
7142;29.7567139
7143;31.6026154
7144;34.7999992
7145;34.7999992
7146;4.76061106
7147;16.4729137
7148;23.0144062
7149;16.4990749
7150;17.8702984
7151;5.00738525
7152;30.9285431
7153;31.9300728
7154;32.787838
7155;34.7999992
7156;4.76061106
7157;26.9272575
7158;12.6018696
7159;26.8699703
7160;12.6589279
7161;26.813139
7162;12.7155313
7163;22.4700356
7164;17.0412674
7165;22.4483261
7166;17.0628891
7167;21.6858463
7168;17.8223209
7169;21.6703949
7170;17.8377094
7171;21.6550694
7172;17.8529758
7173;21.639864
7174;17.8681183
7175;15.1376677
7176;6.42859554
7177;24.1982498
7178;24.8046761
7179;30.4062023
7180;34.7999992
7181;4.76061106
7182;13.1420307
7183;25.1699772
7184;14.3521223
7185;25.1267166
7186;14.3952103
7187;16.3913574
7188;15.7584915
7189;14.1666508
7190;12.1528797
7191;11.2433662
7192;12.4641199
7193;18.2224693
7194;21.2718468
7195;18.234663
7196;21.2597027
7197;18.2467613
7198;21.2476521
7199;11.351305
7200;25.6712799
7201;26.1464329
7202;26.8023682
7203;32.8611717
7204;34.7999992
7205;2.92000151
7206;17.1148815
7207;20.2451572
7208;17.039753
7209;22.4498348
7210;17.061388
7211;22.2111874
7212;17.2990799
7213;18.5843868
7214;19.4004765
7215;20.0985508
7216;19.4032669
7217;20.0957718
7218;19.4060364
7219;20.0930138
7220;19.4087849
7221;20.0902767
7222;19.4115105
7223;11.7370434
7224;34.7999992
7225;2.40572143
7226;4.18465948
7227;7.02496243
7228;19.7233524
7229;19.7769661
7230;19.723568
7231;19.7767525
7232;19.7237797
7233;19.7765408
7234;19.7239914
7235;19.7763309
7236;19.7241993
7237;19.776123
7238;19.7244072
7239;19.7759151
7240;19.7246132
7241;19.7757111
7242;19.7248173
7243;19.775507
7244;19.7250214
7245;19.7753048
7246;19.7252216
7247;19.7751045
7248;17.8220482
7249;14.8503151
7250;12.6623144
7251;11.4197369
7252;18.8866596
7253;19.9354248
7254;18.7067909
7255;19.658802
7256;19.7886696
7257;19.7119102
7258;19.7883644
7259;19.7122154
7260;19.7880592
7261;19.7125187
7262;19.787756
7263;19.7128201
7264;19.7874565
7265;19.7131176
7266;19.787159
7267;19.7134151
7268;19.7868652
7269;19.7137089
7270;19.7076893
7271;19.4069157
7272;15.0540037
7273;6.94747496
7274;29.7855587
7275;34.7999992
7276;2.26809835
7277;19.6752129
7278;17.6074181
7279;19.1147614
7280;18.4373379
7281;21.0578384
7282;18.4478168
7283;21.0474014
7284;18.4582119
7285;21.0370464
7286;18.4685249
7287;21.0267754
7288;18.478756
7289;20.7974663
7290;18.7071495
7291;20.7891064
7292;18.7154751
7293;20.7808132
7294;18.7237339
7295;14.4330091
7296;3.68321562
7297;26.6564846
7298;27.3814888
7299;34.078289
7300;34.7999992
7301;4.76061106
7302;19.3149929
7303;20.1836929
7304;19.3184662
7305;20.180233
7306;19.3219128
7307;20.1768017
7308;19.1303501
7309;17.3886356
7310;14.0830727
7311;11.4384651
7312;11.1759663
7313;16.5911217
7314;22.8966713
7315;16.6163387
7316;22.8715553
7317;16.6413536
7318;22.8466415
7319;13.830637
7320;6.75169134
7321;6.95927191
7322;7.13705492
7323;8.77922249
7324;12.7703609
7325;13.3104563
7326;13.9331684
7327;13.8825216
7328;13.0392742
7329;11.957592
7330;10.7505827
7331;10.054451
7332;9.76829338
7333;9.32458115
7334;9.40808582
7335;9.95397568
7336;11.3705568
7337;13.2812347
7338;15.5762644
7339;16.0088844
7340;15.4300022
7341;12.4586496
7342;7.96202087
7343;6.36779881
7344;26.2507496
7345;27.0938263
7346;27.8158836
7347;34.4854507
7348;34.7999992
7349;4.76061106
7350;19.7424641
7351;19.7579308
7352;19.7425251
7353;19.7578697
7354;19.7425861
7355;19.7578087
7356;19.7426472
7357;19.258585
7358;17.1162052
7359;15.4997292
7360;16.1877232
7361;22.5584259
7362;16.9532299
7363;22.5360107
7364;16.9755554
7365;22.5137749
7366;16.9977036
7367;9.26276398
7368;34.7999992
7369;4.76061106
7370;19.3034077
7371;20.1952324
7372;19.3069744
7373;20.191679
7374;19.3105125
7375;19.671032
7376;19.8290787
7377;19.6716633
7378;19.8284473
7379;19.6722908
7380;19.8278236
7381;19.6729126
7382;19.8272038
7383;19.6735306
7384;19.8265896
7385;19.6741428
7386;19.8259792
7387;19.6747494
7388;19.8253746
7389;19.6753521
7390;19.8247757
7391;19.6759491
7392;19.8241806
7393;10.8904009
7394;2.52112794
7395;34.7999992
7396;34.7999992
7397;4.76061106
7398;22.9043674
7399;16.6086731
7400;21.7748241
7401;17.5058136
7402;21.9856377
7403;17.5237274
7404;21.9677944
7405;17.5415001
7406;21.9500942
7407;17.5591297
7408;21.9325333
7409;17.5766201
7410;21.9151134
7411;17.5939693
7412;21.8978348
7413;17.3307076
7414;21.0469131
7415;16.5041466
7416;8.64775372
7417;13.3951931
7418;19.1903629
7419;16.9070797
7420;18.9621124
7421;16.6523533
7422;18.7863445
7423;16.6433563
7424;18.9530697
7425;18.9139137
7426;20.583168
7427;18.9205894
7428;20.576519
7429;18.9272118
7430;20.5699234
7431;18.9337807
7432;20.5633812
7433;18.9402981
7434;20.5568886
7435;18.9467621
7436;20.4452724
7437;18.444397
7438;20.0077953
7439;18.0649967
7440;19.0726795
7441;12.1094007
7442;5.91857672
7443;34.7999992
7444;2.49052572
7445;20.8957748
7446;16.1024971
7447;21.060667
7448;17.3143387
7449;22.0010509
7450;17.5083771
7451;21.9830837
7452;17.5262718
7453;21.9652615
7454;17.5440235
7455;21.9475803
7456;17.5616341
7457;21.9300404
7458;17.5791035
7459;21.9126415
7460;17.5964336
7461;21.89538
7462;17.6136246
7463;13.3799458
7464;3.27483392
7465;24.4948215
7466;25.1198063
7467;30.8927383
7468;34.7999992
7469;2.97259021
7470;13.7974062
7471;23.9963722
7472;14.6357899
7473;24.844183
7474;14.6766138
7475;16.3459435
7476;15.4825907
7477;13.7631855
7478;11.587348
7479;10.5718689
7480;11.774066
7481;17.652935
7482;21.8391056
7483;17.6696739
7484;21.8224316
7485;17.6862812
7486;21.805891
7487;11.722331
7488;27.0164757
7489;27.570961
7490;28.2825089
7491;34.7999992
7492;34.7999992
7493;3.84030628
7494;19.8073406
7495;19.1236019
7496;20.3743191
7497;19.128603
7498;20.3693371
7499;19.133564
7500;20.3643951
7501;19.1384869
7502;20.3594933
7503;19.1433697
7504;20.3546295
7505;19.1482124
7506;20.3498058
7507;19.153019
7508;20.3450203
7509;19.1577854
7510;20.340271
7511;13.3617439
7512;34.7015114
7513;34.7999992
7514;34.7999992
7515;34.7999992
7516;3.52477312
7517;33.5610352
7518;4.7412529
7519;33.3493729
7520;6.1528492
7521;33.2932014
7522;6.26138496
7523;23.0392685
7524;16.4743099
7525;23.0130157
7526;16.5004578
7527;22.9869709
7528;16.5263977
7529;22.9611359
7530;16.5521317
7531;22.9355049
7532;16.5776577
7533;22.91008
7534;16.6029816
7535;17.2380066
7536;12.0596819
7537;13.2304878
7538;15.6562414
7539;19.151104
7540;20.3469276
7541;19.1558857
7542;20.342165
7543;19.1606293
7544;20.3374386
7545;19.1653347
7546;20.3327522
7547;19.1700039
7548;20.3281021
7549;19.1746349
7550;20.3234901
7551;19.1792297
7552;20.3189125
7553;19.1837883
7554;20.314373
7555;19.1883087
7556;20.3098698
7557;19.1927929
7558;20.3054028
7559;19.1972427
7560;17.919466
7561;15.2215643
7562;13.6673012
7563;13.0894899
7564;21.4759693
7565;18.0313587
7566;21.4621944
7567;18.0450783
7568;21.4485283
7569;18.0586891
7570;21.4349728
7571;18.0721912
7572;21.421524
7573;18.0855846
7574;21.4081841
7575;18.0988731
7576;21.394949
7577;18.1120548
7578;21.3818207
7579;18.1251297
7580;21.3687973
7581;18.1381016
7582;21.3558788
7583;18.1509686
7584;13.2781734
7585;6.30601692
7586;32.5765038
7587;34.7999992
7588;4.53989458
7589;26.0828838
7590;13.4428673
7591;25.8920994
7592;13.6328888
7593;25.8430729
7594;13.6817179
7595;23.6724339
7596;15.8436766
7597;21.8139896
7598;17.6946907
7599;21.7975159
7600;17.7110977
7601;21.7811737
7602;17.727375
7603;21.7649632
7604;17.7435207
7605;21.7488804
7606;17.7595387
7607;15.223897
7608;6.3784337
7609;20.3274708
7610;20.8394051
7611;25.5680885
7612;34.7999992
7613;34.7999992
7614;2.9825604
7615;7.00265169
7616;13.1829071
7617;16.007473
7618;15.9390678
7619;11.358757
7620;4.6322546
7621;29.8368168
7622;30.7719612
7623;32.580471
7624;34.7999992
7625;34.7999992
7626;4.76061106
7627;13.5938797
7628;22.0356674
7629;17.4738979
7630;15.0862398
7631;18.838253
7632;18.0389233
7633;18.3658619
7634;18.8233604
7635;23.0492287
7636;33.5270615
7637;34.7999992
7638;34.7999992
7639;2.00825429
7640;4.31992483
7641;3.6455636
7642;30.2963963
7643;28.2799549
7644;27.5283012
7645;27.2077866
7646;28.0342045
7647;29.6411171
7648;33.0817833
7649;34.7999992
7650;34.7999992
7651;4.76061106
7652;9.0226078
7653;11.3634281
7654;5.87019444
7655;17.0535793
7656;31.6506252
7657;32.6622963
7658;33.5287437
7659;34.7999992
7660;4.76061106
7661;27.9393272
7662;11.5938482
7663;27.8739605
7664;11.6589527
7665;27.8091164
7666;11.7235384
7667;23.3301163
7668;16.1846275
7669;23.3015404
7670;16.2130871
7671;22.155056
7672;17.3549862
7673;22.1358604
7674;17.3741055
7675;22.1168175
7676;17.3930721
7677;22.0979271
7678;17.4118862
7679;16.0686588
7680;8.0797348
7681;8.84496212
7682;10.5153255
7683;13.2368603
7684;25.7187538
7685;13.805541
7686;25.6711121
7687;13.8529921
7688;25.6238518
7689;13.9000635
7690;25.5769672
7691;13.9467602
7692;25.5304585
7693;13.993084
7694;25.4843197
7695;14.0390377
7696;25.438549
7697;14.0846252
7698;25.3931446
7699;14.1298485
7700;25.3481026
7701;14.1747103
7702;24.4444675
7703;13.6723614
7704;13.8252468
7705;14.37185
7706;16.0369473
7707;18.804081
7708;17.6599369
7709;18.3963242
7710;17.3648796
7711;18.1730804
7712;17.2629337
7713;19.9486961
7714;19.5525246
7715;19.9471111
7716;19.5541019
7717;19.9455395
7718;19.5556679
7719;19.9439812
7720;19.5572205
7721;19.9424343
7722;19.5587597
7723;19.9409008
7724;19.5602894
7725;19.9393787
7726;19.5618057
7727;19.9378681
7728;15.9735117
7729;23.5118122
7730;16.0036583
7731;23.4817867
7732;16.0335636
7733;23.4519997
7734;16.0632286
7735;23.4224529
7736;16.092659
7737;23.3931408
7738;16.1218548
7739;23.3640614
7740;16.150816
7741;23.3352165
7742;16.1795464
7743;23.3066006
7744;16.2080479
7745;23.2782135
7746;16.2363224
7747;23.2500515
7748;16.26437
7749;23.2221165
7750;16.2921944
7751;23.1944027
7752;16.3197975
7753;23.1669102
7754;16.3471794
7755;22.8679295
7756;15.8561316
7757;22.2614117
7758;32.3827057
7759;34.7999992
7760;34.7999992
7761;33.3428841
7762;20.8009758
7763;17.3188133
7764;21.3041744
7765;17.948288
7766;21.422226
7767;17.7255306
7768;21.0656147
7769;17.3181763
7770;22.5524616
7771;34.7999992
7772;34.8000031
7773;34.8000031
7774;29.4135551
7775;6.00605536
7776;29.311182
7777;5.64669085
7778;27.9744949
7779;5.76185656
7780;28.0322971
7781;34.7999992
7782;34.7999992
7783;34.7999992
7784;34.8000031
7785;34.7999992
7786;34.7999992
7787;32.7758675
7788;23.3361034
7789;15.1531801
7790;23.9169159
7791;15.2846394
7792;23.5055084
7793;34.7999992
7794;34.8000031
7795;34.7999992
7796;34.7999992
7797;34.7999992
7798;34.7999992
7799;3.15408397
7800;29.5773449
7801;3.32012939
7802;29.2653332
7803;3.3290062
7804;29.2651176
7805;34.7999992
7806;34.7999992
7807;34.7999992
7808;34.8000031
7809;34.7999992
7810;34.7999992
7811;22.7505741
7812;16.7618504
7813;22.7266254
7814;16.7857037
7815;22.7028675
7816;16.8093681
7817;23.3432465
7818;34.7999992
7819;34.7999992
7820;34.7999992
7821;34.7999992
7822;34.8000031
7823;1.87220836
7824;33.1263885
7825;3.17578697
7826;32.9189644
7827;3.26843667
7828;32.9230995
7829;34.8000031
7830;34.7999992
7831;34.7999992
7832;34.7999992
7833;34.7999992
7834;34.7999992
7835;25.1055698
7836;14.4162731
7837;25.0628223
7838;14.4588499
7839;25.0204163
7840;14.5010853
7841;24.9783497
7842;34.7999992
7843;34.7999992
7844;34.7999992
7845;34.7999992
7846;34.7999992
7847;2.94629574
7848;34.1116676
7849;2.36097813
7850;33.4149818
7851;2.26604414
7852;33.2465935
7853;34.7999992
7854;34.7999992
7855;34.7999992
7856;34.7999992
7857;34.7999992
7858;34.7999992
7859;27.5626774
7860;13.6043119
7861;25.8715363
7862;13.6533689
7863;25.8226757
7864;14.6450291
7865;24.2214451
7866;34.7999992
7867;34.7999992
7868;34.8000031
7869;34.8000031
7870;34.7999992
7871;2.16747546
7872;32.1384506
7873;1.93369055
7874;29.4033909
7875;4.20066929
7876;29.2767277
7877;30.2470779
7878;34.7999992
7879;34.8000031
7880;34.7999992
7881;31.6102962
7882;16.3279133
7883;23.1588268
7884;16.3552303
7885;23.1316185
7886;16.3823299
7887;23.1046276
7888;16.4092121
7889;23.0778542
7890;23.417654
7891;34.7999992
7892;34.7999992
7893;34.8000031
7894;18.8486023
7895;15.4981565
7896;18.5074406
7897;15.2773056
7898;18.4255199
7899;15.2898951
7900;18.343977
7901;24.6183319
7902;34.7999992
7903;34.7999992
7904;34.7999992
7905;34.7999992
7906;24.0080738
7907;15.351613
7908;24.1312237
7909;15.3867226
7910;24.0962543
7911;15.4215527
7912;24.0615635
7913;15.4561043
7914;22.5809555
7915;34.7999992
7916;34.7999992
7917;34.7999992
7918;23.0109577
7919;11.4300756
7920;22.6627579
7921;11.1817331
7922;22.4443359
7923;11.1405191
7924;22.6837692
7925;33.1813354
7926;34.7999992
7927;34.8000031
7928;34.8000031
7929;34.7999992
7930;27.500515
7931;11.7504311
7932;27.7180042
7933;11.8142862
7934;27.6544037
7935;11.8776321
7936;27.5913124
7937;21.1038399
7938;31.737484
7939;34.7999992
7940;34.7999992
7941;34.7999992
7942;26.5504227
7943;7.68050432
7944;26.1989498
7945;7.54755163
7946;25.9432297
7947;7.37098122
7948;25.6101971
7949;34.7999992
7950;34.7999992
7951;34.7999992
7952;34.7999992
7953;34.7999992
7954;34.7999992
7955;24.9523487
7956;13.1752758
7957;25.9395008
7958;13.5856781
7959;25.7761536
7960;16.2086105
7961;22.3383503
7962;34.7999992
7963;34.7999992
7964;34.7999992
7965;34.7999992
7966;34.7999992
7967;34.8000031
7968;1.87220836
7969;32.6050453
7970;6.6909709
7971;28.4011211
7972;27.3955593
7973;34.7999992
7974;34.8000031
7975;34.8000031
7976;34.7999992
7977;34.7999992
7978;34.7999992
7979;34.7999992
7980;34.7999992
7981;34.7999992
7982;31.1966972
7983;30.1486645
7984;34.8000031
7985;34.8000031
7986;34.7999992
7987;34.7999992
7988;34.7999992
7989;34.7999992
7990;34.7999992
7991;15.6342049
7992;17.4748974
7993;15.451807
7994;17.854948
7995;16.0565681
7996;17.8736324
7997;34.7999992
7998;34.7999992
7999;34.7999992
8000;34.7999992
8001;34.7999992
8002;34.7999992
8003;31.383852
8004;20.8418217
8005;16.3490601
8006;21.2796249
8007;16.2285404
8008;20.3917103
8009;34.7999992
8010;34.7999992
8011;34.7999992
8012;34.8000031
8013;34.7999992
8014;34.7999992
8015;34.7999992
8016;1.87220836
8017;17.7754097
8018;19.4733295
8019;18.3431473
8020;20.0297565
8021;18.9108391
8022;20.5862293
8023;18.9175396
8024;20.5795574
8025;18.7225952
8026;20.7737217
8027;18.7307987
8028;20.7655525
8029;18.7389355
8030;20.7574482
8031;18.7470074
8032;20.7494068
8033;18.7550144
8034;20.7414322
8035;18.7629585
8036;20.7335205
8037;18.7708397
8038;20.7256718
8039;18.778656
8040;20.7178841
8041;18.7864113
8042;20.7101612
8043;18.7941036
8044;20.7024975
8045;18.8017368
8046;20.6948967
8047;18.8093071
8048;20.6873569
8049;18.8168182
8050;20.6798763
8051;18.8242683
8052;20.6724548
8053;18.8316593
8054;20.6650944
8055;18.8389912
8056;20.6577911
8057;18.8462639
8058;20.650547
8059;18.8534794
8060;20.6433601
8061;18.8606377
8062;20.6362305
8063;18.8677387
8064;20.6291599
8065;15.7381926
8066;11.9419394
8067;9.08168888
8068;14.7384071
8069;24.7419758
8070;14.7784119
8071;24.7021313
8072;14.8180971
8073;24.6626053
8074;14.8574657
8075;24.623394
8076;14.8965206
8077;22.9787064
8078;16.5346317
8079;22.9529362
8080;16.5602989
8081;22.927372
8082;16.5857601
8083;22.9020119
8084;16.6110191
8085;22.8768539
8086;16.636076
8087;15.4548349
8088;8.49716473
8089;23.0529289
8090;16.4607048
8091;23.0265656
8092;16.4869614
8093;23.0004139
8094;16.51301
8095;22.9744701
8096;16.5388489
8097;22.9487343
8098;16.5644836
8099;22.9232044
8100;16.5899124
8101;22.8978767
8102;16.6151371
8103;22.8727512
8104;16.6401615
8105;22.8478279
8106;16.6649876
8107;22.4111557
8108;24.0691223
8109;21.5876389
8110;17.5520134
8111;20.0727196
8112;16.3788433
8113;20.5575409
8114;16.9214439
8115;20.5780582
8116;16.9535961
8117;20.844038
8118;16.9866829
8119;21.0477333
8120;16.7662735
8121;20.9166679
8122;18.0187092
8123;21.4747925
8124;18.0325298
8125;21.4610271
8126;18.0462418
8127;21.4473705
8128;18.0598431
8129;21.4338245
8130;18.0733356
8131;21.4203854
8132;18.0867195
8133;21.407053
8134;18.0999985
8135;21.3938293
8136;18.1131706
8137;21.3807087
8138;18.1262379
8139;21.3676949
8140;18.1392002
8141;21.354784
8142;18.1520596
8143;21.3419762
8144;18.1648159
8145;21.3292694
8146;18.1774712
8147;21.3166656
8148;18.1900253
8149;21.304163
8150;18.2024784
8151;21.2917595
8152;18.2148323
8153;21.2794533
8154;18.2270889
8155;21.2672482
8156;18.2392464
8157;21.2551384
8158;18.2513065
8159;21.2431259
8160;18.2632713
8161;21.2312088
8162;18.2751389
8163;21.2193871
8164;18.2869148
8165;21.2076607
8166;18.2985935
8167;21.1960278
8168;18.3101807
8169;21.1844864
8170;18.3216763
8171;21.1730385
8172;18.3330784
8173;21.1616802
8174;18.3443909
8175;21.1504135
8176;18.3556118
8177;21.1392384
8178;18.3667431
8179;21.1281509
8180;18.3777866
8181;21.1171513
8182;18.3887405
8183;21.1062412
8184;18.3996086
8185;21.095417
8186;18.4103889
8187;21.0846786
8188;18.4210835
8189;20.9337902
8190;18.3522491
8191;20.9234676
8192;18.2573528
8193;20.8952751
8194;18.6097298
8195;20.8861351
8196;18.6188335
8197;20.8770676
8198;18.6278648
8199;20.8680744
8200;18.6368237
8201;20.8591499
8202;18.64571
8203;22.2163734
8204;28.1365795
8205;29.644968
8206;9.89502716
8207;29.5659885
8208;9.97369194
8209;29.4876366
8210;10.0517292
8211;29.4099121
8212;10.1291437
8213;29.3328075
8214;34.7999992
8215;34.7999992
8216;34.7999992
8217;30.1830673
8218;14.5410929
8219;24.9385014
8220;14.5826731
8221;24.897089
8222;14.6239204
8223;24.8560066
8224;14.6648388
8225;24.8152504
8226;29.2958355
8227;34.7999992
8228;34.7999992
8229;34.7999992
8230;24.5619068
8231;14.5195208
8232;24.2500381
8233;14.5496683
8234;23.8431244
8235;14.332654
8236;23.6560898
8237;34.7999992
8238;34.7999992
8239;34.7999992
8240;34.7999992
8241;34.7999992
8242;33.0963097
8243;19.5244503
8244;19.0021801
8245;20.0131912
8246;19.0763416
8247;19.711441
8248;18.3251076
8249;19.3114796
8250;34.7999992
8251;34.7999992
8252;34.7999992
8253;34.8000031
8254;34.7999992
8255;34.7999992
8256;1.87220836
8257;33.9982109
8258;9.60470104
8259;26.0599899
8260;27.2635822
8261;34.7999992
8262;34.8000031
8263;34.7999992
8264;34.7999992
8265;34.7999992
8266;34.7999992
8267;34.7999992
8268;34.7999992
8269;34.7999992
8270;32.3845863
8271;33.3306465
8272;34.7999992
8273;34.7999992
8274;34.7999992
8275;34.7999992
8276;34.8000031
8277;34.7999992
8278;34.7999992
8279;16.4649639
8280;17.3288631
8281;16.7789326
8282;18.0511951
8283;17.0082798
8284;24.2675667
8285;34.7999992
8286;34.7999992
8287;34.7999992
8288;34.7999992
8289;34.7999992
8290;34.8000031
8291;34.7999992
8292;34.7999992
8293;34.7999992
8294;34.7999992
8295;34.7999992
8296;34.7999992
8297;34.7999992
8298;34.7999992
8299;34.8000031
8300;34.7999992
8301;34.7999992
8302;34.8000031
8303;18.8333588
8304;16.2292442
8305;18.7021904
8306;16.2046318
8307;18.6663265
8308;32.0990906
8309;34.7999992
8310;34.7999992
8311;34.8000031
8312;34.7999992
8313;34.7999992
8314;34.8000031
8315;34.7999992
8316;34.7999992
8317;34.7999992
8318;34.7999992
8319;34.8000031
8320;34.7999992
8321;34.7999992
8322;34.8000031
8323;34.7999992
8324;34.8000031
8325;34.8000031
8326;34.8000031
8327;24.3020172
8328;9.68703365
8329;24.0193119
8330;16.073452
8331;17.5290527
8332;34.7999992
8333;34.7999992
8334;34.7999992
8335;34.7999992
8336;34.7999992
8337;34.7999992
8338;34.7999992
8339;34.7999992
8340;34.7999992
8341;34.8000031
8342;34.7999992
8343;34.8000031
8344;34.7999992
8345;34.8000031
8346;34.7999992
8347;34.7999992
8348;34.7999992
8349;34.7999992
8350;34.7999992
8351;30.5977707
8352;12.9089594
8353;19.7666016
8354;14.2548571
8355;19.1247406
8356;34.7999992
8357;34.7999992
8358;34.7999992
8359;34.7999992
8360;34.7999992
8361;34.7999992
8362;34.8000031
8363;34.7999992
8364;34.8000031
8365;34.8000031
8366;34.7999992
8367;34.7999992
8368;34.8000031
8369;34.7999992
8370;34.7999992
8371;34.7999992
8372;34.7999992
8373;34.7999992
8374;34.7999992
8375;34.0649567
8376;19.3598709
8377;12.9792213
8378;19.7397461
8379;13.3685226
8380;19.9644032
8381;34.7999992
8382;34.7999992
8383;34.7999992
8384;34.8000031
8385;34.7999992
8386;34.7999992
8387;34.7999992
8388;34.7999992
8389;34.7999992
8390;33.8251991
8391;34.7999992
8392;34.7999992
8393;34.7999992
8394;34.7999992
8395;34.7999992
8396;34.7999992
8397;34.8000031
8398;34.7999992
8399;16.5116329
8400;17.7912788
8401;16.1113586
8402;17.4481716
8403;15.8838186
8404;17.5195446
8405;34.7999992
8406;34.7999992
8407;34.7999992
8408;34.7999992
8409;34.8000031
8410;34.7999992
8411;34.7999992
8412;28.1625786
8413;19.2271614
8414;19.9819355
8415;18.9497051
8416;19.6272144
8417;34.7155151
8418;34.7999992
8419;34.7999992
8420;34.7999992
8421;34.7999992
8422;34.7999992
8423;4.26718712
8424;33.2167702
8425;3.7255969
8426;32.3012352
8427;3.06856894
8428;31.5083466
8429;34.7999992
8430;34.7999992
8431;34.7999992
8432;34.7999992
8433;34.7999992
8434;34.7999992
8435;27.6834049
8436;13.371253
8437;24.7626476
8438;14.2231693
8439;24.7380295
8440;17.6091957
8441;26.7420998
8442;34.7999992
8443;34.7999992
8444;34.7999992
8445;34.7999992
8446;34.7999992
8447;34.7999992
8448;1.87220836
8449;31.4492455
8450;2.11986876
8451;31.7891006
8452;23.9863815
8453;34.7999992
8454;34.7999992
8455;34.7999992
8456;34.7999992
8457;34.7999992
8458;34.7999992
8459;31.5969925
8460;22.0719833
8461;17.4377289
8462;22.0534496
8463;17.4561882
8464;22.0350647
8465;34.7999992
8466;34.7999992
8467;34.7999992
8468;34.7999992
8469;34.7999992
8470;34.7999992
8471;3.30565286
8472;34.5776405
8473;3.25541472
8474;34.2683182
8475;3.49337912
8476;34.2153664
8477;34.7999992
8478;34.7999992
8479;34.7999992
8480;34.7999992
8481;34.7999992
8482;27.4987431
8483;12.032671
8484;27.4368935
8485;12.0942726
8486;27.3755379
8487;12.1553831
8488;27.1919632
8489;22.0041561
8490;34.7999992
8491;34.7999992
8492;34.7999992
8493;34.7999992
8494;33.5957794
8495;5.00465155
8496;30.7980576
8497;7.86130428
8498;27.9893112
8499;11.158412
8500;28.2463017
8501;20.0485077
8502;19.4531116
8503;20.0461273
8504;19.4554825
8505;20.043766
8506;19.4578362
8507;20.0414219
8508;19.4601688
8509;20.0390968
8510;19.4624844
8511;20.0367908
8512;19.4647808
8513;20.0345039
8514;19.4670601
8515;25.1772919
8516;32.9481812
8517;34.7999992
8518;11.7121553
8519;27.7561264
8520;11.7763157
8521;20.5813866
8522;18.9223633
8523;20.5747528
8524;18.9289703
8525;20.5681705
8526;18.9355259
8527;20.5616417
8528;18.94203
8529;20.5551662
8530;18.9484806
8531;20.5487404
8532;18.9548798
8533;20.542366
8534;18.9612274
8535;20.5360432
8536;18.9675255
8537;20.5297699
8538;18.973774
8539;20.5235481
8540;18.9799709
8541;20.5173759
8542;18.9861183
8543;20.5112514
8544;18.992218
8545;20.5051765
8546;18.9982681
8547;20.4991512
8548;19.0042706
8549;20.4931736
8550;19.0102253
8551;20.4872417
8552;19.0161304
8553;20.4813595
8554;19.0219917
8555;20.475523
8556;19.0278034
8557;20.4697342
8558;19.0335693
8559;20.4639912
8560;19.0392895
8561;20.4582939
8562;19.0449657
8563;20.4526405
8564;19.0505943
8565;20.4470348
8566;19.056179
8567;20.441473
8568;19.061718
8569;20.435955
8570;19.067215
8571;20.430481
8572;19.0726662
8573;22.334095
8574;30.1481266
8575;34.7999992
8576;34.7999992
8577;29.5915146
8578;13.6547251
8579;25.1289062
8580;13.7531996
8581;25.5830078
8582;13.9407444
8583;25.3699188
8584;13.6007986
8585;24.5866089
8586;28.112402
8587;34.7999992
8588;34.7999992
8589;34.7999992
8590;25.25284
8591;11.7190313
8592;24.7341843
8593;11.0523653
8594;24.0834618
8595;12.0072527
8596;22.8986721
8597;34.7999992
8598;34.7999992
8599;34.7999992
8600;34.8000031
8601;34.7999992
8602;34.8000031
8603;34.7999992
8604;34.7999992
8605;34.7999992
8606;31.3217449
8607;30.3422565
8608;34.8000031
8609;34.8000031
8610;34.7999992
8611;34.7999992
8612;34.7999992
8613;34.7999992
8614;34.7999992
8615;15.8416367
8616;17.1734161
8617;16.0367203
8618;17.0308647
8619;15.6525545
8620;24.8817062
8621;34.7999992
8622;34.7999992
8623;34.7999992
8624;34.7999992
8625;34.7999992
8626;34.7999992
8627;34.7999992
8628;34.7999992
8629;34.7999992
8630;34.7999992
8631;34.7999992
8632;34.7999992
8633;34.7999992
8634;34.7999992
8635;34.7999992
8636;34.8000031
8637;34.7999992
8638;34.7999992
8639;19.8967018
8640;13.7555933
8641;20.0619011
8642;13.5048008
8643;19.8631725
8644;18.3924618
8645;34.7999992
8646;34.7999992
8647;34.7999992
8648;34.7999992
8649;34.7999992
8650;34.7999992
8651;34.7999992
8652;34.5475311
8653;31.3716698
8654;22.9224567
8655;17.048151
8656;21.0478649
8657;34.7999992
8658;34.7999992
8659;34.7999992
8660;34.8000031
8661;34.7999992
8662;34.7999992
8663;12.8241272
8664;21.0413952
8665;12.8311129
8666;21.0430622
8667;12.8208256
8668;21.0188065
8669;34.7999992
8670;34.8000031
8671;34.7999992
8672;34.7999992
8673;34.8000031
8674;34.7999992
8675;29.535532
8676;16.8941383
8677;21.4116173
8678;17.0787354
8679;21.1313457
8680;17.7227573
8681;31.0562115
8682;34.7999992
8683;34.7999992
8684;34.7999992
8685;34.7999992
8686;34.7999992
8687;34.7999992
8688;1.87220836
8689;30.5004539
8690;13.4051018
8691;19.1775646
8692;28.7454414
8693;34.8000031
8694;34.7999992
8695;34.7999992
8696;34.7999992
8697;34.8000031
8698;34.7999992
8699;34.7999992
8700;34.7999992
8701;34.7999992
8702;34.7999992
8703;34.7999992
8704;34.7999992
8705;34.7999992
8706;34.7999992
8707;34.7999992
8708;34.7999992
8709;34.7999992
8710;34.7999992
8711;17.7109756
8712;19.2307377
8713;17.8923492
8714;19.3217983
8715;18.0996552
8716;19.4483814
8717;34.7999992
8718;34.7999992
8719;34.7999992
8720;34.7999992
8721;34.7999992
8722;34.7999992
8723;29.8496552
8724;18.5450325
8725;19.7147369
8726;18.5497112
8727;19.5610752
8728;18.4047527
8729;29.3412991
8730;34.7999992
8731;34.7999992
8732;34.7999992
8733;34.7999992
8734;34.7999992
8735;2.92876625
8736;34.5410728
8737;3.16036296
8738;34.4856987
8739;3.39081192
8740;34.4928207
8741;34.7999992
8742;34.7999992
8743;34.7999992
8744;34.7999992
8745;34.7999992
8746;34.7999992
8747;24.220129
8748;14.8949919
8749;24.3406029
8750;15.0028839
8751;24.3383217
8752;14.8736849
8753;24.3881187
8754;34.7999992
8755;34.7999992
8756;34.7999992
8757;34.7999992
8758;34.7999992
8759;2.95506072
