Index;Wert
0;9.46782448
1;9.46782448
2;9.46782448
3;9.46782448
4;5.61099241
5;5.61099241
6;5.61099241
7;5.61099241
8;5.23826816
9;5.23826816
10;5.23826816
11;5.23826816
12;5.23297001
13;5.23297001
14;5.23297001
15;5.23297001
16;5.34784336
17;5.34784336
18;5.34784336
19;5.34784336
20;5.69297822
21;5.69297822
22;5.69297822
23;5.69297822
24;7.54152847
25;7.54152847
26;7.54152847
27;7.54152847
28;8.91510757
29;8.91510757
30;8.91510757
31;8.91510757
32;7.79090825
33;7.79090825
34;7.79090825
35;7.79090825
36;7.43506636
37;7.43506636
38;7.43506636
39;7.43506636
40;7.99786188
41;7.99786188
42;7.99786188
43;7.99786188
44;7.5855778
45;7.5855778
46;7.5855778
47;7.5855778
48;7.2949946
49;7.2949946
50;7.2949946
51;7.2949946
52;6.14371706
53;6.14371706
54;6.14371706
55;6.14371706
56;6.31077218
57;6.31077218
58;6.31077218
59;6.31077218
60;6.23164061
61;6.23164061
62;6.23164061
63;6.23164061
64;6.33773424
65;6.33773424
66;6.33773424
67;6.33773424
68;5.88808492
69;5.88808492
70;5.88808492
71;5.88808492
72;7.29164053
73;7.29164053
74;7.29164053
75;7.29164053
76;6.03869054
77;6.03869054
78;6.03869054
79;6.03869054
80;7.26592872
81;7.26592872
82;7.26592872
83;7.26592872
84;6.13079456
85;6.13079456
86;6.13079456
87;6.13079456
88;7.93087467
89;7.93087467
90;7.93087467
91;7.93087467
92;12.230517
93;12.230517
94;12.230517
95;12.230517
96;8.58703157
97;8.58703157
98;8.58703157
99;8.58703157
100;5.17524405
101;5.17524405
102;5.17524405
103;5.17524405
104;5.11612736
105;5.11612736
106;5.11612736
107;5.11612736
108;5.1309095
109;5.1309095
110;5.1309095
111;5.1309095
112;5.2832069
113;5.2832069
114;5.2832069
115;5.2832069
116;5.68858664
117;5.68858664
118;5.68858664
119;5.68858664
120;7.57198395
121;7.57198395
122;7.57198395
123;7.57198395
124;8.83314384
125;8.83314384
126;8.83314384
127;8.83314384
128;7.97154026
129;7.97154026
130;7.97154026
131;7.97154026
132;6.83891158
133;6.83891158
134;6.83891158
135;6.83891158
136;6.26116001
137;6.26116001
138;6.26116001
139;6.26116001
140;6.58808041
141;6.58808041
142;6.58808041
143;6.58808041
144;8.36566998
145;8.36566998
146;8.36566998
147;8.36566998
148;6.13959128
149;6.13959128
150;6.13959128
151;6.13959128
152;6.20390343
153;6.20390343
154;6.20390343
155;6.20390343
156;7.53663051
157;7.53663051
158;7.53663051
159;7.53663051
160;6.58242395
161;6.58242395
162;6.58242395
163;6.58242395
164;7.51375335
165;7.51375335
166;7.51375335
167;7.51375335
168;5.70555515
169;5.70555515
170;5.70555515
171;5.70555515
172;5.95800859
173;5.95800859
174;5.95800859
175;5.95800859
176;5.82729003
177;5.82729003
178;5.82729003
179;5.82729003
180;5.71551604
181;5.71551604
182;5.71551604
183;5.71551604
184;6.47448985
185;6.47448985
186;6.47448985
187;6.47448985
188;10.5685486
189;10.5685486
190;10.5685486
191;10.5685486
192;8.62545979
193;8.62545979
194;8.62545979
195;8.62545979
196;5.6589681
197;5.6589681
198;5.6589681
199;5.6589681
200;5.5038321
201;5.5038321
202;5.5038321
203;5.5038321
204;5.35839794
205;5.35839794
206;5.35839794
207;5.35839794
208;5.2970469
209;5.2970469
210;5.2970469
211;5.2970469
212;3.33870212
213;3.33870212
214;3.33870212
215;3.33870212
216;5.79667955
217;5.79667955
218;5.79667955
219;5.79667955
220;6.46495657
221;6.46495657
222;6.46495657
223;6.46495657
224;8.07743441
225;8.07743441
226;8.07743441
227;8.07743441
228;8.84815936
229;8.84815936
230;8.84815936
231;8.84815936
232;8.43868703
233;8.43868703
234;8.43868703
235;8.43868703
236;7.78804086
237;7.78804086
238;7.78804086
239;7.78804086
240;8.40636283
241;8.40636283
242;8.40636283
243;8.40636283
244;8.50186427
245;8.50186427
246;8.50186427
247;8.50186427
248;8.21453055
249;8.21453055
250;8.21453055
251;8.21453055
252;6.74903145
253;6.74903145
254;6.74903145
255;6.74903145
256;7.01585335
257;7.01585335
258;7.01585335
259;7.01585335
260;6.96953646
261;6.96953646
262;6.96953646
263;6.96953646
264;6.49277648
265;6.49277648
266;6.49277648
267;6.49277648
268;6.38936136
269;6.38936136
270;6.38936136
271;6.38936136
272;6.69327228
273;6.69327228
274;6.69327228
275;6.69327228
276;7.24356562
277;7.24356562
278;7.24356562
279;7.24356562
280;8.03351649
281;8.03351649
282;8.03351649
283;8.03351649
284;12.3192737
285;12.3192737
286;12.3192737
287;12.3192737
288;6.43882051
289;6.43882051
290;6.43882051
291;6.43882051
292;5.4233515
293;5.4233515
294;5.4233515
295;5.4233515
296;5.32121759
297;5.32121759
298;5.32121759
299;5.32121759
300;5.26760897
301;5.26760897
302;5.26760897
303;5.26760897
304;5.27589507
305;5.27589507
306;5.27589507
307;5.27589507
308;4.79323264
309;4.79323264
310;4.79323264
311;4.79323264
312;5.5814465
313;5.5814465
314;5.5814465
315;5.5814465
316;6.42260987
317;6.42260987
318;6.42260987
319;6.42260987
320;8.07912624
321;8.07912624
322;8.07912624
323;8.07912624
324;9.13426958
325;9.13426958
326;9.13426958
327;9.13426958
328;9.36793983
329;9.36793983
330;9.36793983
331;9.36793983
332;8.46732067
333;8.46732067
334;8.46732067
335;8.46732067
336;8.10172268
337;8.10172268
338;8.10172268
339;8.10172268
340;6.39484145
341;6.39484145
342;6.39484145
343;6.39484145
344;5.86085372
345;5.86085372
346;5.86085372
347;5.86085372
348;6.12527339
349;6.12527339
350;6.12527339
351;6.12527339
352;5.96938689
353;5.96938689
354;5.96938689
355;5.96938689
356;5.3597102
357;5.3597102
358;5.3597102
359;5.3597102
360;6.12847318
361;6.12847318
362;6.12847318
363;6.12847318
364;6.47564689
365;6.47564689
366;6.47564689
367;6.47564689
368;6.50753424
369;6.50753424
370;6.50753424
371;6.50753424
372;5.85053889
373;5.85053889
374;5.85053889
375;5.85053889
376;7.32356791
377;7.32356791
378;7.32356791
379;7.32356791
380;10.3614579
381;10.3614579
382;10.3614579
383;10.3614579
384;6.63331368
385;6.63331368
386;6.63331368
387;6.63331368
388;5.27832158
389;5.27832158
390;5.27832158
391;5.27832158
392;5.23399895
393;5.23399895
394;5.23399895
395;5.23399895
396;5.18044208
397;5.18044208
398;5.18044208
399;5.18044208
400;5.2947975
401;5.2947975
402;5.2947975
403;5.2947975
404;5.66397948
405;5.66397948
406;5.66397948
407;5.66397948
408;7.35228527
409;7.35228527
410;7.35228527
411;7.35228527
412;9.00425127
413;9.00425127
414;9.00425127
415;9.00425127
416;8.36244027
417;8.36244027
418;8.36244027
419;8.36244027
420;8.41904967
421;8.41904967
422;8.41904967
423;8.41904967
424;6.5989654
425;6.5989654
426;6.5989654
427;6.5989654
428;6.48480918
429;6.48480918
430;6.48480918
431;6.48480918
432;7.30985187
433;7.30985187
434;7.30985187
435;7.30985187
436;6.40911011
437;6.40911011
438;6.40911011
439;6.40911011
440;6.23547987
441;6.23547987
442;6.23547987
443;6.23547987
444;6.26158504
445;6.26158504
446;6.26158504
447;6.26158504
448;6.4464722
449;6.4464722
450;6.4464722
451;6.4464722
452;5.93896708
453;5.93896708
454;5.93896708
455;5.93896708
456;6.82730009
457;6.82730009
458;6.82730009
459;6.82730009
460;6.71589705
461;6.71589705
462;6.71589705
463;6.71589705
464;6.15417201
465;6.15417201
466;6.15417201
467;6.15417201
468;5.76290243
469;5.76290243
470;5.76290243
471;5.76290243
472;6.22550536
473;6.22550536
474;6.22550536
475;6.22550536
476;10.547842
477;10.547842
478;10.547842
479;10.547842
480;7.6917739
481;7.6917739
482;7.6917739
483;7.6917739
484;5.25215961
485;5.25215961
486;5.25215961
487;5.25215961
488;5.27452531
489;5.27452531
490;5.27452531
491;5.27452531
492;5.23990055
493;5.23990055
494;5.23990055
495;5.23990055
496;5.36261342
497;5.36261342
498;5.36261342
499;5.36261342
500;5.68262323
501;5.68262323
502;5.68262323
503;5.68262323
504;7.32828752
505;7.32828752
506;7.32828752
507;7.32828752
508;9.43835047
509;9.43835047
510;9.43835047
511;9.43835047
512;8.57295134
513;8.57295134
514;8.57295134
515;8.57295134
516;7.27053533
517;7.27053533
518;7.27053533
519;7.27053533
520;6.58658184
521;6.58658184
522;6.58658184
523;6.58658184
524;6.15099847
525;6.15099847
526;6.15099847
527;6.15099847
528;7.07219298
529;7.07219298
530;7.07219298
531;7.07219298
532;6.81457949
533;6.81457949
534;6.81457949
535;6.81457949
536;6.65201243
537;6.65201243
538;6.65201243
539;6.65201243
540;6.39852734
541;6.39852734
542;6.39852734
543;6.39852734
544;6.04028272
545;6.04028272
546;6.04028272
547;6.04028272
548;5.72082446
549;5.72082446
550;5.72082446
551;5.72082446
552;7.41555906
553;7.41555906
554;7.41555906
555;7.41555906
556;6.23953234
557;6.23953234
558;6.23953234
559;6.23953234
560;5.68367516
561;5.68367516
562;5.68367516
563;5.68367516
564;5.59993632
565;5.59993632
566;5.59993632
567;5.59993632
568;5.92821535
569;5.92821535
570;5.92821535
571;5.92821535
572;10.967567
573;10.967567
574;10.967567
575;10.967567
576;8.41717757
577;8.41717757
578;8.41717757
579;8.41717757
580;5.47940224
581;5.47940224
582;5.47940224
583;5.47940224
584;5.24335936
585;5.24335936
586;5.24335936
587;5.24335936
588;5.1903144
589;5.1903144
590;5.1903144
591;5.1903144
592;5.31842943
593;5.31842943
594;5.31842943
595;5.31842943
596;5.70693415
597;5.70693415
598;5.70693415
599;5.70693415
600;7.27319461
601;7.27319461
602;7.27319461
603;7.27319461
604;8.90222121
605;8.90222121
606;8.90222121
607;8.90222121
608;7.85890118
609;7.85890118
610;7.85890118
611;7.85890118
612;7.33340906
613;7.33340906
614;7.33340906
615;7.33340906
616;6.95144438
617;6.95144438
618;6.95144438
619;6.95144438
620;6.32663967
621;6.32663967
622;6.32663967
623;6.32663967
624;6.98440727
625;6.98440727
626;6.98440727
627;6.98440727
628;7.1643037
629;7.1643037
630;7.1643037
631;7.1643037
632;8.50660533
633;8.50660533
634;8.50660533
635;8.50660533
636;7.4323016
637;7.4323016
638;7.4323016
639;7.4323016
640;8.49133583
641;8.49133583
642;8.49133583
643;8.49133583
644;6.36313073
645;6.36313073
646;6.36313073
647;6.36313073
648;5.72271027
649;5.72271027
650;5.72271027
651;5.72271027
652;6.17129594
653;6.17129594
654;6.17129594
655;6.17129594
656;7.33122205
657;7.33122205
658;7.33122205
659;7.33122205
660;5.84851219
661;5.84851219
662;5.84851219
663;5.84851219
664;8.37048445
665;8.37048445
666;8.37048445
667;8.37048445
668;10.9250691
669;10.9250691
670;10.9250691
671;10.9250691
672;7.38318822
673;7.38318822
674;7.38318822
675;7.38318822
676;5.22283793
677;5.22283793
678;5.22283793
679;5.22283793
680;5.17801029
681;5.17801029
682;5.17801029
683;5.17801029
684;5.20304611
685;5.20304611
686;5.20304611
687;5.20304611
688;4.77576546
689;4.77576546
690;4.77576546
691;4.77576546
692;3.18579493
693;3.18579493
694;3.18579493
695;3.18579493
696;7.47036364
697;7.47036364
698;7.47036364
699;7.47036364
700;8.79127896
701;8.79127896
702;8.79127896
703;8.79127896
704;7.71767214
705;7.71767214
706;7.71767214
707;7.71767214
708;7.5085383
709;7.5085383
710;7.5085383
711;7.5085383
712;7.914358
713;7.914358
714;7.914358
715;7.914358
716;7.64362679
717;7.64362679
718;7.64362679
719;7.64362679
720;7.14383446
721;7.14383446
722;7.14383446
723;7.14383446
724;6.16394237
725;6.16394237
726;6.16394237
727;6.16394237
728;6.32601004
729;6.32601004
730;6.32601004
731;6.32601004
732;6.26371469
733;6.26371469
734;6.26371469
735;6.26371469
736;6.25931827
737;6.25931827
738;6.25931827
739;6.25931827
740;7.78910756
741;7.78910756
742;7.78910756
743;7.78910756
744;7.62647107
745;7.62647107
746;7.62647107
747;7.62647107
748;6.09629054
749;6.09629054
750;6.09629054
751;6.09629054
752;7.35232872
753;7.35232872
754;7.35232872
755;7.35232872
756;6.19239456
757;6.19239456
758;6.19239456
759;6.19239456
760;9.12917851
761;9.12917851
762;9.12917851
763;9.12917851
764;12.3113519
765;12.3113519
766;12.3113519
767;12.3113519
768;8.54005791
769;8.54005791
770;8.54005791
771;8.54005791
772;5.16657208
773;5.16657208
774;5.16657208
775;5.16657208
776;5.12421592
777;5.12421592
778;5.12421592
779;5.12421592
780;5.13159235
781;5.13159235
782;5.13159235
783;5.13159235
784;5.24247926
785;5.24247926
786;5.24247926
787;5.24247926
788;5.00219517
789;5.00219517
790;5.00219517
791;5.00219517
792;7.55880372
793;7.55880372
794;7.55880372
795;7.55880372
796;8.84590333
797;8.84590333
798;8.84590333
799;8.84590333
800;7.96433427
801;7.96433427
802;7.96433427
803;7.96433427
804;6.86376662
805;6.86376662
806;6.86376662
807;6.86376662
808;6.24457907
809;6.24457907
810;6.24457907
811;6.24457907
812;6.73796933
813;6.73796933
814;6.73796933
815;6.73796933
816;8.32395503
817;8.32395503
818;8.32395503
819;8.32395503
820;6.10658935
821;6.10658935
822;6.10658935
823;6.10658935
824;6.07541264
825;6.07541264
826;6.07541264
827;6.07541264
828;7.38581776
829;7.38581776
830;7.38581776
831;7.38581776
832;6.47714058
833;6.47714058
834;6.47714058
835;6.47714058
836;7.37129733
837;7.37129733
838;7.37129733
839;7.37129733
840;7.25257359
841;7.25257359
842;7.25257359
843;7.25257359
844;5.93480859
845;5.93480859
846;5.93480859
847;5.93480859
848;5.72809003
849;5.72809003
850;5.72809003
851;5.72809003
852;5.56911604
853;5.56911604
854;5.56911604
855;5.56911604
856;6.39299943
857;6.39299943
858;6.39299943
859;6.39299943
860;10.5158577
861;10.5158577
862;10.5158577
863;10.5158577
864;8.66050123
865;8.66050123
866;8.66050123
867;8.66050123
868;5.66362467
869;5.66362467
870;5.66362467
871;5.66362467
872;5.51193028
873;5.51193028
874;5.51193028
875;5.51193028
876;5.29417136
877;5.29417136
878;5.29417136
879;5.29417136
880;5.21076256
881;5.21076256
882;5.21076256
883;5.21076256
884;4.55850128
885;4.55850128
886;4.55850128
887;4.55850128
888;5.84704086
889;5.84704086
890;5.84704086
891;5.84704086
892;6.47000752
893;6.47000752
894;6.47000752
895;6.47000752
896;8.12688814
897;8.12688814
898;8.12688814
899;8.12688814
900;8.89093488
901;8.89093488
902;8.89093488
903;8.89093488
904;8.38130646
905;8.38130646
906;8.38130646
907;8.38130646
908;7.7290014
909;7.7290014
910;7.7290014
911;7.7290014
912;8.46246154
913;8.46246154
914;8.46246154
915;8.46246154
916;8.51722007
917;8.51722007
918;8.51722007
919;8.51722007
920;8.22920204
921;8.22920204
922;8.22920204
923;8.22920204
924;6.77258289
925;6.77258289
926;6.77258289
927;6.77258289
928;7.02229327
929;7.02229327
930;7.02229327
931;7.02229327
932;6.24126635
933;6.24126635
934;6.24126635
935;6.24126635
936;6.50397648
937;6.50397648
938;6.50397648
939;6.50397648
940;6.38456136
941;6.38456136
942;6.38456136
943;6.38456136
944;6.75647228
945;6.75647228
946;6.75647228
947;6.75647228
948;7.32756562
949;7.32756562
950;7.32756562
951;7.32756562
952;8.12650268
953;8.12650268
954;8.12650268
955;8.12650268
956;12.4141855
957;12.4141855
958;12.4141855
959;12.4141855
960;6.49985241
961;6.49985241
962;6.49985241
963;6.49985241
964;5.38765729
965;5.38765729
966;5.38765729
967;5.38765729
968;5.30035047
969;5.30035047
970;5.30035047
971;5.30035047
972;5.24362704
973;5.24362704
974;5.24362704
975;5.24362704
976;5.2192939
977;5.2192939
978;5.2192939
979;5.2192939
980;3.60664661
981;3.60664661
982;3.60664661
983;3.60664661
984;5.57869692
985;5.57869692
986;5.57869692
987;5.57869692
988;6.43767863
989;6.43767863
990;6.43767863
991;6.43767863
992;8.10551042
993;8.10551042
994;8.10551042
995;8.10551042
996;9.24857117
997;9.24857117
998;9.24857117
999;9.24857117
1000;9.42231647
1001;9.42231647
1002;9.42231647
1003;9.42231647
1004;8.44135116
1005;8.44135116
1006;8.44135116
1007;8.44135116
1008;7.991626
1009;7.991626
1010;7.991626
1011;7.991626
1012;6.36888783
1013;6.36888783
1014;6.36888783
1015;6.36888783
1016;5.92409451
1017;5.92409451
1018;5.92409451
1019;5.92409451
1020;6.28554658
1021;6.28554658
1022;6.28554658
1023;6.28554658
1024;6.19797449
1025;6.19797449
1026;6.19797449
1027;6.19797449
1028;5.33206586
1029;5.33206586
1030;5.33206586
1031;5.33206586
1032;6.21053754
1033;6.21053754
1034;6.21053754
1035;6.21053754
1036;6.60844689
1037;6.60844689
1038;6.60844689
1039;6.60844689
1040;6.64913424
1041;6.64913424
1042;6.64913424
1043;6.64913424
1044;5.96931759
1045;5.96931759
1046;5.96931759
1047;5.96931759
1048;7.40829049
1049;7.40829049
1050;7.40829049
1051;7.40829049
1052;10.3763371
1053;10.3763371
1054;10.3763371
1055;10.3763371
1056;6.56754772
1057;6.56754772
1058;6.56754772
1059;6.56754772
1060;5.24869062
1061;5.24869062
1062;5.24869062
1063;5.24869062
1064;5.18902506
1065;5.18902506
1066;5.18902506
1067;5.18902506
1068;5.16384363
1069;5.16384363
1070;5.16384363
1071;5.16384363
1072;5.29615538
1073;5.29615538
1074;5.29615538
1075;5.29615538
1076;5.03607762
1077;5.03607762
1078;5.03607762
1079;5.03607762
1080;7.29095265
1081;7.29095265
1082;7.29095265
1083;7.29095265
1084;8.84486103
1085;8.84486103
1086;8.84486103
1087;8.84486103
1088;8.20450544
1089;8.20450544
1090;8.20450544
1091;8.20450544
1092;8.27396054
1093;8.27396054
1094;8.27396054
1095;8.27396054
1096;6.59736023
1097;6.59736023
1098;6.59736023
1099;6.59736023
1100;6.40314491
1101;6.40314491
1102;6.40314491
1103;6.40314491
1104;7.21234195
1105;7.21234195
1106;7.21234195
1107;7.21234195
1108;6.29931336
1109;6.29931336
1110;6.29931336
1111;6.29931336
1112;6.18080757
1113;6.18080757
1114;6.18080757
1115;6.18080757
1116;6.22162812
1117;6.22162812
1118;6.22162812
1119;6.22162812
1120;6.37707157
1121;6.37707157
1122;6.37707157
1123;6.37707157
1124;7.30833192
1125;7.30833192
1126;7.30833192
1127;7.30833192
1128;7.48992877
1129;7.48992877
1130;7.48992877
1131;7.48992877
1132;6.66341666
1133;6.66341666
1134;6.66341666
1135;6.66341666
1136;6.15577201
1137;6.15577201
1138;6.15577201
1139;6.15577201
1140;5.76734504
1141;5.76734504
1142;5.76734504
1143;5.76734504
1144;6.21948809
1145;6.21948809
1146;6.21948809
1147;6.21948809
1148;10.6968738
1149;10.6968738
1150;10.6968738
1151;10.6968738
1152;7.60802104
1153;7.60802104
1154;7.60802104
1155;7.60802104
1156;5.25998547
1157;5.25998547
1158;5.25998547
1159;5.25998547
1160;5.26145412
1161;5.26145412
1162;5.26145412
1163;5.26145412
1164;5.24786644
1165;5.24786644
1166;5.24786644
1167;5.24786644
1168;5.40100463
1169;5.40100463
1170;5.40100463
1171;5.40100463
1172;5.74938916
1173;5.74938916
1174;5.74938916
1175;5.74938916
1176;7.38891266
1177;7.38891266
1178;7.38891266
1179;7.38891266
1180;9.4394507
1181;9.4394507
1182;9.4394507
1183;9.4394507
1184;8.61735718
1185;8.61735718
1186;8.61735718
1187;8.61735718
1188;7.29237567
1189;7.29237567
1190;7.29237567
1191;7.29237567
1192;6.61907037
1193;6.61907037
1194;6.61907037
1195;6.61907037
1196;6.20468722
1197;6.20468722
1198;6.20468722
1199;6.20468722
1200;7.01719767
1201;7.01719767
1202;7.01719767
1203;7.01719767
1204;6.71972055
1205;6.71972055
1206;6.71972055
1207;6.71972055
1208;6.56202494
1209;6.56202494
1210;6.56202494
1211;6.56202494
1212;6.35013822
1213;6.35013822
1214;6.35013822
1215;6.35013822
1216;6.08673751
1217;6.08673751
1218;6.08673751
1219;6.08673751
1220;5.72861782
1221;5.72861782
1222;5.72861782
1223;5.72861782
1224;7.40805906
1225;7.40805906
1226;7.40805906
1227;7.40805906
1228;6.223699
1229;6.223699
1230;6.223699
1231;6.223699
1232;5.69700849
1233;5.69700849
1234;5.69700849
1235;5.69700849
1236;5.65243632
1237;5.65243632
1238;5.65243632
1239;5.65243632
1240;5.95738202
1241;5.95738202
1242;5.95738202
1243;5.95738202
1244;10.8881405
1245;10.8881405
1246;10.8881405
1247;10.8881405
1248;8.37844828
1249;8.37844828
1250;8.37844828
1251;8.37844828
1252;5.3531424
1253;5.3531424
1254;5.3531424
1255;5.3531424
1256;5.11276164
1257;5.11276164
1258;5.11276164
1259;5.11276164
1260;5.09912548
1261;5.09912548
1262;5.09912548
1263;5.09912548
1264;5.27416724
1265;5.27416724
1266;5.27416724
1267;5.27416724
1268;5.60424233
1269;5.60424233
1270;5.60424233
1271;5.60424233
1272;7.17046351
1273;7.17046351
1274;7.17046351
1275;7.17046351
1276;8.81379548
1277;8.81379548
1278;8.81379548
1279;8.81379548
1280;7.84107736
1281;7.84107736
1282;7.84107736
1283;7.84107736
1284;7.29538186
1285;7.29538186
1286;7.29538186
1287;7.29538186
1288;6.73010679
1289;6.73010679
1290;6.73010679
1291;6.73010679
1292;6.34975565
1293;6.34975565
1294;6.34975565
1295;6.34975565
1296;6.8747047
1297;6.8747047
1298;6.8747047
1299;6.8747047
1300;7.18904986
1301;7.18904986
1302;7.18904986
1303;7.18904986
1304;7.81171167
1305;7.81171167
1306;7.81171167
1307;7.81171167
1308;6.56135365
1309;6.56135365
1310;6.56135365
1311;6.56135365
1312;7.30621871
1313;7.30621871
1314;7.30621871
1315;7.30621871
1316;6.13294143
1317;6.13294143
1318;6.13294143
1319;6.13294143
1320;5.78694361
1321;5.78694361
1322;5.78694361
1323;5.78694361
1324;6.19389917
1325;6.19389917
1326;6.19389917
1327;6.19389917
1328;7.37832231
1329;7.37832231
1330;7.37832231
1331;7.37832231
1332;5.85373813
1333;5.85373813
1334;5.85373813
1335;5.85373813
1336;8.29518472
1337;8.29518472
1338;8.29518472
1339;8.29518472
1340;10.288408
1341;10.288408
1342;10.288408
1343;10.288408
1344;7.80601422
1345;7.80601422
1346;7.80601422
1347;7.80601422
1348;5.17355275
1349;5.17355275
1350;5.17355275
1351;5.17355275
1352;5.15156829
1353;5.15156829
1354;5.15156829
1355;5.15156829
1356;5.16317691
1357;5.16317691
1358;5.16317691
1359;5.16317691
1360;5.28888134
1361;5.28888134
1362;5.28888134
1363;5.28888134
1364;5.63071946
1365;5.63071946
1366;5.63071946
1367;5.63071946
1368;7.56130205
1369;7.56130205
1370;7.56130205
1371;7.56130205
1372;8.99368223
1373;8.99368223
1374;8.99368223
1375;8.99368223
1376;7.797921
1377;7.797921
1378;7.797921
1379;7.797921
1380;7.44559909
1381;7.44559909
1382;7.44559909
1383;7.44559909
1384;7.88353984
1385;7.88353984
1386;7.88353984
1387;7.88353984
1388;7.35187847
1389;7.35187847
1390;7.35187847
1391;7.35187847
1392;5.92406814
1393;5.92406814
1394;5.92406814
1395;5.92406814
1396;5.04806477
1397;5.04806477
1398;5.04806477
1399;5.04806477
1400;5.33771841
1401;5.33771841
1402;5.33771841
1403;5.33771841
1404;5.2661781
1405;5.2661781
1406;5.2661781
1407;5.2661781
1408;4.98474074
1409;4.98474074
1410;4.98474074
1411;4.98474074
1412;5.70221826
1413;5.70221826
1414;5.70221826
1415;5.70221826
1416;7.14144053
1417;7.14144053
1418;7.14144053
1419;7.14144053
1420;5.91699054
1421;5.91699054
1422;5.91699054
1423;5.91699054
1424;7.15066206
1425;7.15066206
1426;7.15066206
1427;7.15066206
1428;5.99819456
1429;5.99819456
1430;5.99819456
1431;5.99819456
1432;7.81976445
1433;7.81976445
1434;7.81976445
1435;7.81976445
1436;10.6830193
1437;10.6830193
1438;10.6830193
1439;10.6830193
1440;9.15358822
1441;9.15358822
1442;9.15358822
1443;9.15358822
1444;5.89318166
1445;5.89318166
1446;5.89318166
1447;5.89318166
1448;5.06333154
1449;5.06333154
1450;5.06333154
1451;5.06333154
1452;5.05269485
1453;5.05269485
1454;5.05269485
1455;5.05269485
1456;5.19153329
1457;5.19153329
1458;5.19153329
1459;5.19153329
1460;5.60406685
1461;5.60406685
1462;5.60406685
1463;5.60406685
1464;7.67635354
1465;7.67635354
1466;7.67635354
1467;7.67635354
1468;9.05195084
1469;9.05195084
1470;9.05195084
1471;9.05195084
1472;8.02752995
1473;8.02752995
1474;8.02752995
1475;8.02752995
1476;5.23852696
1477;5.23852696
1478;5.23852696
1479;5.23852696
1480;5.14173354
1481;5.14173354
1482;5.14173354
1483;5.14173354
1484;5.49091355
1485;5.49091355
1486;5.49091355
1487;5.49091355
1488;7.09257028
1489;7.09257028
1490;7.09257028
1491;7.09257028
1492;5.01329751
1493;5.01329751
1494;5.01329751
1495;5.01329751
1496;5.20786633
1497;5.20786633
1498;5.20786633
1499;5.20786633
1500;6.5135682
1501;6.5135682
1502;6.5135682
1503;6.5135682
1504;5.17478559
1505;5.17478559
1506;5.17478559
1507;5.17478559
1508;5.39797918
1509;5.39797918
1510;5.39797918
1511;5.39797918
1512;5.4019792
1513;5.4019792
1514;5.4019792
1515;5.4019792
1516;5.72613385
1517;5.72613385
1518;5.72613385
1519;5.72613385
1520;5.5791188
1521;5.5791188
1522;5.5791188
1523;5.5791188
1524;5.48002583
1525;5.48002583
1526;5.48002583
1527;5.48002583
1528;6.26019951
1529;6.26019951
1530;6.26019951
1531;6.26019951
1532;8.55986591
1533;8.55986591
1534;8.55986591
1535;8.55986591
1536;8.45483149
1537;8.45483149
1538;8.45483149
1539;8.45483149
1540;7.06695003
1541;7.06695003
1542;7.06695003
1543;7.06695003
1544;5.40502721
1545;5.40502721
1546;5.40502721
1547;5.40502721
1548;5.08704447
1549;5.08704447
1550;5.08704447
1551;5.08704447
1552;5.04254728
1553;5.04254728
1554;5.04254728
1555;5.04254728
1556;5.20937586
1557;5.20937586
1558;5.20937586
1559;5.20937586
1560;5.61495988
1561;5.61495988
1562;5.61495988
1563;5.61495988
1564;6.40458781
1565;6.40458781
1566;6.40458781
1567;6.40458781
1568;7.61029098
1569;7.61029098
1570;7.61029098
1571;7.61029098
1572;5.33511713
1573;5.33511713
1574;5.33511713
1575;5.33511713
1576;5.13319559
1577;5.13319559
1578;5.13319559
1579;5.13319559
1580;5.19483331
1581;5.19483331
1582;5.19483331
1583;5.19483331
1584;6.42334256
1585;6.42334256
1586;6.42334256
1587;6.42334256
1588;6.84936127
1589;6.84936127
1590;6.84936127
1591;6.84936127
1592;6.73005013
1593;6.73005013
1594;6.73005013
1595;6.73005013
1596;5.28233129
1597;5.28233129
1598;5.28233129
1599;5.28233129
1600;5.15820122
1601;5.15820122
1602;5.15820122
1603;5.15820122
1604;5.93174757
1605;5.93174757
1606;5.93174757
1607;5.93174757
1608;6.16387213
1609;6.16387213
1610;6.16387213
1611;6.16387213
1612;6.05040545
1613;6.05040545
1614;6.05040545
1615;6.05040545
1616;6.45586624
1617;6.45586624
1618;6.45586624
1619;6.45586624
1620;7.04130475
1621;7.04130475
1622;7.04130475
1623;7.04130475
1624;7.81213746
1625;7.81213746
1626;7.81213746
1627;7.81213746
1628;9.50353505
1629;9.50353505
1630;9.50353505
1631;9.50353505
1632;5.51253915
1633;5.51253915
1634;5.51253915
1635;5.51253915
1636;5.20821771
1637;5.20821771
1638;5.20821771
1639;5.20821771
1640;5.03448065
1641;5.03448065
1642;5.03448065
1643;5.03448065
1644;4.8939016
1645;4.8939016
1646;4.8939016
1647;4.8939016
1648;4.8312669
1649;4.8312669
1650;4.8312669
1651;4.8312669
1652;4.64909458
1653;4.64909458
1654;4.64909458
1655;4.64909458
1656;4.66667578
1657;4.66667578
1658;4.66667578
1659;4.66667578
1660;4.99763785
1661;4.99763785
1662;4.99763785
1663;4.99763785
1664;5.53444547
1665;5.53444547
1666;5.53444547
1667;5.53444547
1668;5.36961796
1669;5.36961796
1670;5.36961796
1671;5.36961796
1672;5.3539456
1673;5.3539456
1674;5.3539456
1675;5.3539456
1676;4.84012674
1677;4.84012674
1678;4.84012674
1679;4.84012674
1680;5.4067189
1681;5.4067189
1682;5.4067189
1683;5.4067189
1684;4.96041092
1685;4.96041092
1686;4.96041092
1687;4.96041092
1688;4.9852456
1689;4.9852456
1690;4.9852456
1691;4.9852456
1692;4.86947374
1693;4.86947374
1694;4.86947374
1695;4.86947374
1696;4.94209014
1697;4.94209014
1698;4.94209014
1699;4.94209014
1700;5.03083747
1701;5.03083747
1702;5.03083747
1703;5.03083747
1704;5.80556409
1705;5.80556409
1706;5.80556409
1707;5.80556409
1708;6.17066507
1709;6.17066507
1710;6.17066507
1711;6.17066507
1712;6.13837061
1713;6.13837061
1714;6.13837061
1715;6.13837061
1716;5.47611759
1717;5.47611759
1718;5.47611759
1719;5.47611759
1720;6.86070867
1721;6.86070867
1722;6.86070867
1723;6.86070867
1724;5.85335921
1725;5.85335921
1726;5.85335921
1727;5.85335921
1728;4.64529275
1729;4.64529275
1730;4.64529275
1731;4.64529275
1732;4.64331079
1733;4.64331079
1734;4.64331079
1735;4.64331079
1736;4.64681703
1737;4.64681703
1738;4.64681703
1739;4.64681703
1740;4.62966231
1741;4.62966231
1742;4.62966231
1743;4.62966231
1744;4.64383717
1745;4.64383717
1746;4.64383717
1747;4.64383717
1748;4.59210087
1749;4.59210087
1750;4.59210087
1751;4.59210087
1752;4.75295937
1753;4.75295937
1754;4.75295937
1755;4.75295937
1756;5.05885841
1757;5.05885841
1758;5.05885841
1759;5.05885841
1760;5.46869866
1761;5.46869866
1762;5.46869866
1763;5.46869866
1764;6.49059082
1765;6.49059082
1766;6.49059082
1767;6.49059082
1768;5.31307848
1769;5.31307848
1770;5.31307848
1771;5.31307848
1772;5.17621967
1773;5.17621967
1774;5.17621967
1775;5.17621967
1776;5.79936757
1777;5.79936757
1778;5.79936757
1779;5.79936757
1780;5.13879981
1781;5.13879981
1782;5.13879981
1783;5.13879981
1784;5.18069105
1785;5.18069105
1786;5.18069105
1787;5.18069105
1788;5.16487693
1789;5.16487693
1790;5.16487693
1791;5.16487693
1792;5.004339
1793;5.004339
1794;5.004339
1795;5.004339
1796;5.31552666
1797;5.31552666
1798;5.31552666
1799;5.31552666
1800;6.7618533
1801;6.7618533
1802;6.7618533
1803;6.7618533
1804;6.59736449
1805;6.59736449
1806;6.59736449
1807;6.59736449
1808;5.93455462
1809;5.93455462
1810;5.93455462
1811;5.93455462
1812;5.51144048
1813;5.51144048
1814;5.51144048
1815;5.51144048
1816;5.91014246
1817;5.91014246
1818;5.91014246
1819;5.91014246
1820;6.97656074
1821;6.97656074
1822;6.97656074
1823;6.97656074
1824;6.3777689
1825;6.3777689
1826;6.3777689
1827;6.3777689
1828;5.6918451
1829;5.6918451
1830;5.6918451
1831;5.6918451
1832;5.69423769
1833;5.69423769
1834;5.69423769
1835;5.69423769
1836;5.66905396
1837;5.66905396
1838;5.66905396
1839;5.66905396
1840;5.62057459
1841;5.62057459
1842;5.62057459
1843;5.62057459
1844;4.7051356
1845;4.7051356
1846;4.7051356
1847;4.7051356
1848;4.92790059
1849;4.92790059
1850;4.92790059
1851;4.92790059
1852;5.74334264
1853;5.74334264
1854;5.74334264
1855;5.74334264
1856;5.78290158
1857;5.78290158
1858;5.78290158
1859;5.78290158
1860;5.34587019
1861;5.34587019
1862;5.34587019
1863;5.34587019
1864;5.16006396
1865;5.16006396
1866;5.16006396
1867;5.16006396
1868;4.76967079
1869;4.76967079
1870;4.76967079
1871;4.76967079
1872;5.47431461
1873;5.47431461
1874;5.47431461
1875;5.47431461
1876;5.56275196
1877;5.56275196
1878;5.56275196
1879;5.56275196
1880;5.65242834
1881;5.65242834
1882;5.65242834
1883;5.65242834
1884;5.44250521
1885;5.44250521
1886;5.44250521
1887;5.44250521
1888;5.25864052
1889;5.25864052
1890;5.25864052
1891;5.25864052
1892;5.37271233
1893;5.37271233
1894;5.37271233
1895;5.37271233
1896;7.03378104
1897;7.03378104
1898;7.03378104
1899;7.03378104
1900;5.86551719
1901;5.86551719
1902;5.86551719
1903;5.86551719
1904;5.33958425
1905;5.33958425
1906;5.33958425
1907;5.33958425
1908;5.36660298
1909;5.36660298
1910;5.36660298
1911;5.36660298
1912;5.70556384
1913;5.70556384
1914;5.70556384
1915;5.70556384
1916;7.86476612
1917;7.86476612
1918;7.86476612
1919;7.86476612
1920;7.25883015
1921;7.25883015
1922;7.25883015
1923;7.25883015
1924;6.53685126
1925;6.53685126
1926;6.53685126
1927;6.53685126
1928;6.41222323
1929;6.41222323
1930;6.41222323
1931;6.41222323
1932;4.98281468
1933;4.98281468
1934;4.98281468
1935;4.98281468
1936;5.09290928
1937;5.09290928
1938;5.09290928
1939;5.09290928
1940;5.5097369
1941;5.5097369
1942;5.5097369
1943;5.5097369
1944;7.25771467
1945;7.25771467
1946;7.25771467
1947;7.25771467
1948;5.78719246
1949;5.78719246
1950;5.78719246
1951;5.78719246
1952;5.16997672
1953;5.16997672
1954;5.16997672
1955;5.16997672
1956;5.57533043
1957;5.57533043
1958;5.57533043
1959;5.57533043
1960;5.63786873
1961;5.63786873
1962;5.63786873
1963;5.63786873
1964;5.19635475
1965;5.19635475
1966;5.19635475
1967;5.19635475
1968;5.59054521
1969;5.59054521
1970;5.59054521
1971;5.59054521
1972;5.97657993
1973;5.97657993
1974;5.97657993
1975;5.97657993
1976;7.48964808
1977;7.48964808
1978;7.48964808
1979;7.48964808
1980;6.37718699
1981;6.37718699
1982;6.37718699
1983;6.37718699
1984;7.17670849
1985;7.17670849
1986;7.17670849
1987;7.17670849
1988;6.02979707
1989;6.02979707
1990;6.02979707
1991;6.02979707
1992;5.58980593
1993;5.58980593
1994;5.58980593
1995;5.58980593
1996;5.99676148
1997;5.99676148
1998;5.99676148
1999;5.99676148
2000;7.20531506
2001;7.20531506
2002;7.20531506
2003;7.20531506
2004;5.61308596
2005;5.61308596
2006;5.61308596
2007;5.61308596
2008;8.01180193
2009;8.01180193
2010;8.01180193
2011;8.01180193
2012;7.84724477
2013;7.84724477
2014;7.84724477
2015;7.84724477
2016;6.17993016
2017;6.17993016
2018;6.17993016
2019;6.17993016
2020;5.66101484
2021;5.66101484
2022;5.66101484
2023;5.66101484
2024;5.60985387
2025;5.60985387
2026;5.60985387
2027;5.60985387
2028;5.58736065
2029;5.58736065
2030;5.58736065
2031;5.58736065
2032;5.53332053
2033;5.53332053
2034;5.53332053
2035;5.53332053
2036;4.63722145
2037;4.63722145
2038;4.63722145
2039;4.63722145
2040;4.94621517
2041;4.94621517
2042;4.94621517
2043;4.94621517
2044;5.03709514
2045;5.03709514
2046;5.03709514
2047;5.03709514
2048;5.05817858
2049;5.05817858
2050;5.05817858
2051;5.05817858
2052;5.66563385
2053;5.66563385
2054;5.66563385
2055;5.66563385
2056;6.61662128
2057;6.61662128
2058;6.61662128
2059;6.61662128
2060;6.21058555
2061;6.21058555
2062;6.21058555
2063;6.21058555
2064;5.91870582
2065;5.91870582
2066;5.91870582
2067;5.91870582
2068;5.0338981
2069;5.0338981
2070;5.0338981
2071;5.0338981
2072;5.41688508
2073;5.41688508
2074;5.41688508
2075;5.41688508
2076;5.38701144
2077;5.38701144
2078;5.38701144
2079;5.38701144
2080;5.05474074
2081;5.05474074
2082;5.05474074
2083;5.05474074
2084;5.69361465
2085;5.69361465
2086;5.69361465
2087;5.69361465
2088;7.13904922
2089;7.13904922
2090;7.13904922
2091;7.13904922
2092;5.87253401
2093;5.87253401
2094;5.87253401
2095;5.87253401
2096;7.00450264
2097;7.00450264
2098;7.00450264
2099;7.00450264
2100;5.8671076
2101;5.8671076
2102;5.8671076
2103;5.8671076
2104;7.74847467
2105;7.74847467
2106;7.74847467
2107;7.74847467
2108;9.5275185
2109;9.5275185
2110;9.5275185
2111;9.5275185
2112;10.1182003
2113;10.1182003
2114;10.1182003
2115;10.1182003
2116;6.01357717
2117;6.01357717
2118;6.01357717
2119;6.01357717
2120;5.22837597
2121;5.22837597
2122;5.22837597
2123;5.22837597
2124;5.23166438
2125;5.23166438
2126;5.23166438
2127;5.23166438
2128;5.25791743
2129;5.25791743
2130;5.25791743
2131;5.25791743
2132;5.67949484
2133;5.67949484
2134;5.67949484
2135;5.67949484
2136;7.61161157
2137;7.61161157
2138;7.61161157
2139;7.61161157
2140;8.91311052
2141;8.91311052
2142;8.91311052
2143;8.91311052
2144;8.019802
2145;8.019802
2146;8.019802
2147;8.019802
2148;6.82797313
2149;6.82797313
2150;6.82797313
2151;6.82797313
2152;6.26537035
2153;6.26537035
2154;6.26537035
2155;6.26537035
2156;6.60870381
2157;6.60870381
2158;6.60870381
2159;6.60870381
2160;8.35428435
2161;8.35428435
2162;8.35428435
2163;8.35428435
2164;6.10533651
2165;6.10533651
2166;6.10533651
2167;6.10533651
2168;5.63802187
2169;5.63802187
2170;5.63802187
2171;5.63802187
2172;6.67082587
2173;6.67082587
2174;6.67082587
2175;6.67082587
2176;5.29735226
2177;5.29735226
2178;5.29735226
2179;5.29735226
2180;5.51144584
2181;5.51144584
2182;5.51144584
2183;5.51144584
2184;5.52987012
2185;5.52987012
2186;5.52987012
2187;5.52987012
2188;5.89779495
2189;5.89779495
2190;5.89779495
2191;5.89779495
2192;5.75943719
2193;5.75943719
2194;5.75943719
2195;5.75943719
2196;5.68188271
2197;5.68188271
2198;5.68188271
2199;5.68188271
2200;6.37998985
2201;6.37998985
2202;6.37998985
2203;6.37998985
2204;9.94113937
2205;9.94113937
2206;9.94113937
2207;9.94113937
2208;8.93940705
2209;8.93940705
2210;8.93940705
2211;8.93940705
2212;5.43582798
2213;5.43582798
2214;5.43582798
2215;5.43582798
2216;5.33671948
2217;5.33671948
2218;5.33671948
2219;5.33671948
2220;5.16430076
2221;5.16430076
2222;5.16430076
2223;5.16430076
2224;5.04510391
2225;5.04510391
2226;5.04510391
2227;5.04510391
2228;5.15719436
2229;5.15719436
2230;5.15719436
2231;5.15719436
2232;5.52596846
2233;5.52596846
2234;5.52596846
2235;5.52596846
2236;6.25678084
2237;6.25678084
2238;6.25678084
2239;6.25678084
2240;8.1436961
2241;8.1436961
2242;8.1436961
2243;8.1436961
2244;8.93360301
2245;8.93360301
2246;8.93360301
2247;8.93360301
2248;8.36358194
2249;8.36358194
2250;8.36358194
2251;8.36358194
2252;6.26843475
2253;6.26843475
2254;6.26843475
2255;6.26843475
2256;6.53064691
2257;6.53064691
2258;6.53064691
2259;6.53064691
2260;7.05284103
2261;7.05284103
2262;7.05284103
2263;7.05284103
2264;6.83956377
2265;6.83956377
2266;6.83956377
2267;6.83956377
2268;5.44268521
2269;5.44268521
2270;5.44268521
2271;5.44268521
2272;5.37969687
2273;5.37969687
2274;5.37969687
2275;5.37969687
2276;6.21592148
2277;6.21592148
2278;6.21592148
2279;6.21592148
2280;6.49677648
2281;6.49677648
2282;6.49677648
2283;6.49677648
2284;6.43576136
2285;6.43576136
2286;6.43576136
2287;6.43576136
2288;6.79407228
2289;6.79407228
2290;6.79407228
2291;6.79407228
2292;7.38676562
2293;7.38676562
2294;7.38676562
2295;7.38676562
2296;8.16890268
2297;8.16890268
2298;8.16890268
2299;8.16890268
2300;12.2674113
2301;12.2674113
2302;12.2674113
2303;12.2674113
2304;6.68045828
2305;6.68045828
2306;6.68045828
2307;6.68045828
2308;5.3764639
2309;5.3764639
2310;5.3764639
2311;5.3764639
2312;5.2482908
2313;5.2482908
2314;5.2482908
2315;5.2482908
2316;5.14427644
2317;5.14427644
2318;5.14427644
2319;5.14427644
2320;4.23154718
2321;4.23154718
2322;4.23154718
2323;4.23154718
2324;2.75819967
2325;2.75819967
2326;2.75819967
2327;2.75819967
2328;5.58847321
2329;5.58847321
2330;5.58847321
2331;5.58847321
2332;6.41895724
2333;6.41895724
2334;6.41895724
2335;6.41895724
2336;8.15564685
2337;8.15564685
2338;8.15564685
2339;8.15564685
2340;9.22235688
2341;9.22235688
2342;9.22235688
2343;9.22235688
2344;9.36755624
2345;9.36755624
2346;9.36755624
2347;9.36755624
2348;8.41108258
2349;8.41108258
2350;8.41108258
2351;8.41108258
2352;7.76258146
2353;7.76258146
2354;7.76258146
2355;7.76258146
2356;6.62268566
2357;6.62268566
2358;6.62268566
2359;6.62268566
2360;6.24226129
2361;6.24226129
2362;6.24226129
2363;6.24226129
2364;5.46227416
2365;5.46227416
2366;5.46227416
2367;5.46227416
2368;5.97966967
2369;5.97966967
2370;5.97966967
2371;5.97966967
2372;5.83451624
2373;5.83451624
2374;5.83451624
2375;5.83451624
2376;6.18196214
2377;6.18196214
2378;6.18196214
2379;6.18196214
2380;6.57644689
2381;6.57644689
2382;6.57644689
2383;6.57644689
2384;6.56113424
2385;6.56113424
2386;6.56113424
2387;6.56113424
2388;5.88211759
2389;5.88211759
2390;5.88211759
2391;5.88211759
2392;8.81605135
2393;8.81605135
2394;8.81605135
2395;8.81605135
2396;10.323342
2397;10.323342
2398;10.323342
2399;10.323342
2400;6.49089935
2401;6.49089935
2402;6.49089935
2403;6.49089935
2404;5.26081973
2405;5.26081973
2406;5.26081973
2407;5.26081973
2408;5.2890013
2409;5.2890013
2410;5.2890013
2411;5.2890013
2412;5.25257687
2413;5.25257687
2414;5.25257687
2415;5.25257687
2416;2.24138622
2417;2.24138622
2418;2.24138622
2419;2.24138622
2420;2.65573469
2421;2.65573469
2422;2.65573469
2423;2.65573469
2424;6.54892504
2425;6.54892504
2426;6.54892504
2427;6.54892504
2428;8.87586336
2429;8.87586336
2430;8.87586336
2431;8.87586336
2432;8.29914705
2433;8.29914705
2434;8.29914705
2435;8.29914705
2436;8.41271228
2437;8.41271228
2438;8.41271228
2439;8.41271228
2440;6.64160809
2441;6.64160809
2442;6.64160809
2443;6.64160809
2444;6.08455842
2445;6.08455842
2446;6.08455842
2447;6.08455842
2448;6.45111797
2449;6.45111797
2450;6.45111797
2451;6.45111797
2452;5.36849016
2453;5.36849016
2454;5.36849016
2455;5.36849016
2456;5.14363905
2457;5.14363905
2458;5.14363905
2459;5.14363905
2460;5.16257174
2461;5.16257174
2462;5.16257174
2463;5.16257174
2464;5.42158094
2465;5.42158094
2466;5.42158094
2467;5.42158094
2468;6.56880637
2469;6.56880637
2470;6.56880637
2471;6.56880637
2472;8.98449701
2473;8.98449701
2474;8.98449701
2475;8.98449701
2476;9.32825457
2477;9.32825457
2478;9.32825457
2479;9.32825457
2480;8.58218824
2481;8.58218824
2482;8.58218824
2483;8.58218824
2484;7.66716136
2485;7.66716136
2486;7.66716136
2487;7.66716136
2488;7.64487792
2489;7.64487792
2490;7.64487792
2491;7.64487792
2492;8.06558192
2493;8.06558192
2494;8.06558192
2495;8.06558192
2496;4.65037123
2497;4.65037123
2498;4.65037123
2499;4.65037123
2500;1.75848509
2501;1.75848509
2502;1.75848509
2503;1.75848509
2504;1.74860831
2505;1.74860831
2506;1.74860831
2507;1.74860831
2508;1.74120862
2509;1.74120862
2510;1.74120862
2511;1.74120862
2512;1.87826513
2513;1.87826513
2514;1.87826513
2515;1.87826513
2516;2.49207271
2517;2.49207271
2518;2.49207271
2519;2.49207271
2520;6.21454262
2521;6.21454262
2522;6.21454262
2523;6.21454262
2524;9.273079
2525;9.273079
2526;9.273079
2527;9.273079
2528;8.34975191
2529;8.34975191
2530;8.34975191
2531;8.34975191
2532;7.01071648
2533;7.01071648
2534;7.01071648
2535;7.01071648
2536;6.19599722
2537;6.19599722
2538;6.19599722
2539;6.19599722
2540;5.49479984
2541;5.49479984
2542;5.49479984
2543;5.49479984
2544;6.15740336
2545;6.15740336
2546;6.15740336
2547;6.15740336
2548;5.821203
2549;5.821203
2550;5.821203
2551;5.821203
2552;5.638067
2553;5.638067
2554;5.638067
2555;5.638067
2556;3.97855302
2557;3.97855302
2558;3.97855302
2559;3.97855302
2560;4.23796213
2561;4.23796213
2562;4.23796213
2563;4.23796213
2564;5.6842962
2565;5.6842962
2566;5.6842962
2567;5.6842962
2568;9.08748853
2569;9.08748853
2570;9.08748853
2571;9.08748853
2572;8.47290998
2573;8.47290998
2574;8.47290998
2575;8.47290998
2576;7.63728529
2577;7.63728529
2578;7.63728529
2579;7.63728529
2580;6.98707125
2581;6.98707125
2582;6.98707125
2583;6.98707125
2584;6.87311997
2585;6.87311997
2586;6.87311997
2587;6.87311997
2588;8.42916062
2589;8.42916062
2590;8.42916062
2591;8.42916062
2592;5.61946203
2593;5.61946203
2594;5.61946203
2595;5.61946203
2596;2.07536105
2597;2.07536105
2598;2.07536105
2599;2.07536105
2600;1.79218986
2601;1.79218986
2602;1.79218986
2603;1.79218986
2604;1.76564253
2605;1.76564253
2606;1.76564253
2607;1.76564253
2608;1.94830079
2609;1.94830079
2610;1.94830079
2611;1.94830079
2612;2.61621134
2613;2.61621134
2614;2.61621134
2615;2.61621134
2616;6.3182193
2617;6.3182193
2618;6.3182193
2619;6.3182193
2620;8.41103093
2621;8.41103093
2622;8.41103093
2623;8.41103093
2624;7.18224151
2625;7.18224151
2626;7.18224151
2627;7.18224151
2628;6.8433987
2629;6.8433987
2630;6.8433987
2631;6.8433987
2632;6.46123747
2633;6.46123747
2634;6.46123747
2635;6.46123747
2636;5.96181072
2637;5.96181072
2638;5.96181072
2639;5.96181072
2640;6.61781907
2641;6.61781907
2642;6.61781907
2643;6.61781907
2644;6.92972031
2645;6.92972031
2646;6.92972031
2647;6.92972031
2648;8.29311286
2649;8.29311286
2650;8.29311286
2651;8.29311286
2652;7.234142
2653;7.234142
2654;7.234142
2655;7.234142
2656;8.36619714
2657;8.36619714
2658;8.36619714
2659;8.36619714
2660;7.79278338
2661;7.79278338
2662;7.79278338
2663;7.79278338
2664;8.11080437
2665;8.11080437
2666;8.11080437
2667;8.11080437
2668;8.89147585
2669;8.89147585
2670;8.89147585
2671;8.89147585
2672;9.89295761
2673;9.89295761
2674;9.89295761
2675;9.89295761
2676;7.78496883
2677;7.78496883
2678;7.78496883
2679;7.78496883
2680;9.79314868
2681;9.79314868
2682;9.79314868
2683;9.79314868
2684;8.26063191
2685;8.26063191
2686;8.26063191
2687;8.26063191
2688;5.70695729
2689;5.70695729
2690;5.70695729
2691;5.70695729
2692;5.17619398
2693;5.17619398
2694;5.17619398
2695;5.17619398
2696;2.23747043
2697;2.23747043
2698;2.23747043
2699;2.23747043
2700;1.97166643
2701;1.97166643
2702;1.97166643
2703;1.97166643
2704;2.17218447
2705;2.17218447
2706;2.17218447
2707;2.17218447
2708;2.83324515
2709;2.83324515
2710;2.83324515
2711;2.83324515
2712;7.25595298
2713;7.25595298
2714;7.25595298
2715;7.25595298
2716;8.84255885
2717;8.84255885
2718;8.84255885
2719;8.84255885
2720;7.82383045
2721;7.82383045
2722;7.82383045
2723;7.82383045
2724;7.57155332
2725;7.57155332
2726;7.57155332
2727;7.57155332
2728;7.97565859
2729;7.97565859
2730;7.97565859
2731;7.97565859
2732;7.52009099
2733;7.52009099
2734;7.52009099
2735;7.52009099
2736;7.10988024
2737;7.10988024
2738;7.10988024
2739;7.10988024
2740;5.93501041
2741;5.93501041
2742;5.93501041
2743;5.93501041
2744;6.00818862
2745;6.00818862
2746;6.00818862
2747;6.00818862
2748;5.93028843
2749;5.93028843
2750;5.93028843
2751;5.93028843
2752;6.01764889
2753;6.01764889
2754;6.01764889
2755;6.01764889
2756;7.53944617
2757;7.53944617
2758;7.53944617
2759;7.53944617
2760;9.82988529
2761;9.82988529
2762;9.82988529
2763;9.82988529
2764;9.01759109
2765;9.01759109
2766;9.01759109
2767;9.01759109
2768;10.0625622
2769;10.0625622
2770;10.0625622
2771;10.0625622
2772;7.80643205
2773;7.80643205
2774;7.80643205
2775;7.80643205
2776;10.0067656
2777;10.0067656
2778;10.0067656
2779;10.0067656
2780;9.81177675
2781;9.81177675
2782;9.81177675
2783;9.81177675
2784;6.98455895
2785;6.98455895
2786;6.98455895
2787;6.98455895
2788;5.18197145
2789;5.18197145
2790;5.18197145
2791;5.18197145
2792;5.12216211
2793;5.12216211
2794;5.12216211
2795;5.12216211
2796;4.83721948
2797;4.83721948
2798;4.83721948
2799;4.83721948
2800;2.52348808
2801;2.52348808
2802;2.52348808
2803;2.52348808
2804;3.3018904
2805;3.3018904
2806;3.3018904
2807;3.3018904
2808;7.5087938
2809;7.5087938
2810;7.5087938
2811;7.5087938
2812;8.75920798
2813;8.75920798
2814;8.75920798
2815;8.75920798
2816;7.9296989
2817;7.9296989
2818;7.9296989
2819;7.9296989
2820;6.8523971
2821;6.8523971
2822;6.8523971
2823;6.8523971
2824;6.25548243
2825;6.25548243
2826;6.25548243
2827;6.25548243
2828;6.64171284
2829;6.64171284
2830;6.64171284
2831;6.64171284
2832;8.18328547
2833;8.18328547
2834;8.18328547
2835;8.18328547
2836;5.87745846
2837;5.87745846
2838;5.87745846
2839;5.87745846
2840;5.9139697
2841;5.9139697
2842;5.9139697
2843;5.9139697
2844;7.21435753
2845;7.21435753
2846;7.21435753
2847;7.21435753
2848;6.24916065
2849;6.24916065
2850;6.24916065
2851;6.24916065
2852;7.22857354
2853;7.22857354
2854;7.22857354
2855;7.22857354
2856;8.20780582
2857;8.20780582
2858;8.20780582
2859;8.20780582
2860;8.85884601
2861;8.85884601
2862;8.85884601
2863;8.85884601
2864;5.94392917
2865;5.94392917
2866;5.94392917
2867;5.94392917
2868;5.60508905
2869;5.60508905
2870;5.60508905
2871;5.60508905
2872;6.77557937
2873;6.77557937
2874;6.77557937
2875;6.77557937
2876;10.5309486
2877;10.5309486
2878;10.5309486
2879;10.5309486
2880;8.56192217
2881;8.56192217
2882;8.56192217
2883;8.56192217
2884;5.57053106
2885;5.57053106
2886;5.57053106
2887;5.57053106
2888;5.39496482
2889;5.39496482
2890;5.39496482
2891;5.39496482
2892;5.24519027
2893;5.24519027
2894;5.24519027
2895;5.24519027
2896;5.21103802
2897;5.21103802
2898;5.21103802
2899;5.21103802
2900;4.00003498
2901;4.00003498
2902;4.00003498
2903;4.00003498
2904;5.83289666
2905;5.83289666
2906;5.83289666
2907;5.83289666
2908;6.4953218
2909;6.4953218
2910;6.4953218
2911;6.4953218
2912;8.03505593
2913;8.03505593
2914;8.03505593
2915;8.03505593
2916;8.80167736
2917;8.80167736
2918;8.80167736
2919;8.80167736
2920;8.42264986
2921;8.42264986
2922;8.42264986
2923;8.42264986
2924;7.81122663
2925;7.81122663
2926;7.81122663
2927;7.81122663
2928;8.53712185
2929;8.53712185
2930;8.53712185
2931;8.53712185
2932;8.60101464
2933;8.60101464
2934;8.60101464
2935;8.60101464
2936;8.30131967
2937;8.30131967
2938;8.30131967
2939;8.30131967
2940;6.74952409
2941;6.74952409
2942;6.74952409
2943;6.74952409
2944;6.41163334
2945;6.41163334
2946;6.41163334
2947;6.41163334
2948;6.07816143
2949;6.07816143
2950;6.07816143
2951;6.07816143
2952;6.21604762
2953;6.21604762
2954;6.21604762
2955;6.21604762
2956;6.20337685
2957;6.20337685
2958;6.20337685
2959;6.20337685
2960;6.6266911
2961;6.6266911
2962;6.6266911
2963;6.6266911
2964;7.28697698
2965;7.28697698
2966;7.28697698
2967;7.28697698
2968;8.0947796
2969;8.0947796
2970;8.0947796
2971;8.0947796
2972;12.3318163
2973;12.3318163
2974;12.3318163
2975;12.3318163
2976;6.3878514
2977;6.3878514
2978;6.3878514
2979;6.3878514
2980;5.35966037
2981;5.35966037
2982;5.35966037
2983;5.35966037
2984;5.32977737
2985;5.32977737
2986;5.32977737
2987;5.32977737
2988;5.25196475
2989;5.25196475
2990;5.25196475
2991;5.25196475
2992;5.22134359
2993;5.22134359
2994;5.22134359
2995;5.22134359
2996;4.20740495
2997;4.20740495
2998;4.20740495
2999;4.20740495
3000;5.56565617
3001;5.56565617
3002;5.56565617
3003;5.56565617
3004;6.43639964
3005;6.43639964
3006;6.43639964
3007;6.43639964
3008;8.14988642
3009;8.14988642
3010;8.14988642
3011;8.14988642
3012;9.24329355
3013;9.24329355
3014;9.24329355
3015;9.24329355
3016;9.39035382
3017;9.39035382
3018;9.39035382
3019;9.39035382
3020;8.4971485
3021;8.4971485
3022;8.4971485
3023;8.4971485
3024;7.99662939
3025;7.99662939
3026;7.99662939
3027;7.99662939
3028;6.06796138
3029;6.06796138
3030;6.06796138
3031;6.06796138
3032;5.30314521
3033;5.30314521
3034;5.30314521
3035;5.30314521
3036;5.6365411
3037;5.6365411
3038;5.6365411
3039;5.6365411
3040;5.54132194
3041;5.54132194
3042;5.54132194
3043;5.54132194
3044;5.31919602
3045;5.31919602
3046;5.31919602
3047;5.31919602
3048;6.06311104
3049;6.06311104
3050;6.06311104
3051;6.06311104
3052;6.53767887
3053;6.53767887
3054;6.53767887
3055;6.53767887
3056;6.52046167
3057;6.52046167
3058;6.52046167
3059;6.52046167
3060;5.86058704
3061;5.86058704
3062;5.86058704
3063;5.86058704
3064;7.24338607
3065;7.24338607
3066;7.24338607
3067;7.24338607
3068;9.79154826
3069;9.79154826
3070;9.79154826
3071;9.79154826
3072;6.89730575
3073;6.89730575
3074;6.89730575
3075;6.89730575
3076;5.11176005
3077;5.11176005
3078;5.11176005
3079;5.11176005
3080;5.09194436
3081;5.09194436
3082;5.09194436
3083;5.09194436
3084;5.05196509
3085;5.05196509
3086;5.05196509
3087;5.05196509
3088;5.21172544
3089;5.21172544
3090;5.21172544
3091;5.21172544
3092;5.62893632
3093;5.62893632
3094;5.62893632
3095;5.62893632
3096;7.36978413
3097;7.36978413
3098;7.36978413
3099;7.36978413
3100;9.03846747
3101;9.03846747
3102;9.03846747
3103;9.03846747
3104;8.25827554
3105;8.25827554
3106;8.25827554
3107;8.25827554
3108;8.1927467
3109;8.1927467
3110;8.1927467
3111;8.1927467
3112;6.65734262
3113;6.65734262
3114;6.65734262
3115;6.65734262
3116;6.50215151
3117;6.50215151
3118;6.50215151
3119;6.50215151
3120;7.21096525
3121;7.21096525
3122;7.21096525
3123;7.21096525
3124;5.51444937
3125;5.51444937
3126;5.51444937
3127;5.51444937
3128;5.28989311
3129;5.28989311
3130;5.28989311
3131;5.28989311
3132;5.26660086
3133;5.26660086
3134;5.26660086
3135;5.26660086
3136;5.08311727
3137;5.08311727
3138;5.08311727
3139;5.08311727
3140;5.47406614
3141;5.47406614
3142;5.47406614
3143;5.47406614
3144;6.85075271
3145;6.85075271
3146;6.85075271
3147;6.85075271
3148;6.65270715
3149;6.65270715
3150;6.65270715
3151;6.65270715
3152;6.11613349
3153;6.11613349
3154;6.11613349
3155;6.11613349
3156;5.70689403
3157;5.70689403
3158;5.70689403
3159;5.70689403
3160;6.08583651
3161;6.08583651
3162;6.08583651
3163;6.08583651
3164;9.59021493
3165;9.59021493
3166;9.59021493
3167;9.59021493
3168;8.26461059
3169;8.26461059
3170;8.26461059
3171;8.26461059
3172;5.06756858
3173;5.06756858
3174;5.06756858
3175;5.06756858
3176;5.09352926
3177;5.09352926
3178;5.09352926
3179;5.09352926
3180;5.08380473
3181;5.08380473
3182;5.08380473
3183;5.08380473
3184;5.2453452
3185;5.2453452
3186;5.2453452
3187;5.2453452
3188;5.61809914
3189;5.61809914
3190;5.61809914
3191;5.61809914
3192;7.35571765
3193;7.35571765
3194;7.35571765
3195;7.35571765
3196;9.48389861
3197;9.48389861
3198;9.48389861
3199;9.48389861
3200;8.55373909
3201;8.55373909
3202;8.55373909
3203;8.55373909
3204;7.1933501
3205;7.1933501
3206;7.1933501
3207;7.1933501
3208;6.55659521
3209;6.55659521
3210;6.55659521
3211;6.55659521
3212;5.91577849
3213;5.91577849
3214;5.91577849
3215;5.91577849
3216;5.8451684
3217;5.8451684
3218;5.8451684
3219;5.8451684
3220;5.66484241
3221;5.66484241
3222;5.66484241
3223;5.66484241
3224;5.70220784
3225;5.70220784
3226;5.70220784
3227;5.70220784
3228;5.49206992
3229;5.49206992
3230;5.49206992
3231;5.49206992
3232;5.40346665
3233;5.40346665
3234;5.40346665
3235;5.40346665
3236;5.73369959
3237;5.73369959
3238;5.73369959
3239;5.73369959
3240;7.23838291
3241;7.23838291
3242;7.23838291
3243;7.23838291
3244;6.02411371
3245;6.02411371
3246;6.02411371
3247;6.02411371
3248;5.47155099
3249;5.47155099
3250;5.47155099
3251;5.47155099
3252;5.48562347
3253;5.48562347
3254;5.48562347
3255;5.48562347
3256;5.81428956
3257;5.81428956
3258;5.81428956
3259;5.81428956
3260;10.0722393
3261;10.0722393
3262;10.0722393
3263;10.0722393
3264;8.59284264
3265;8.59284264
3266;8.59284264
3267;8.59284264
3268;5.82097256
3269;5.82097256
3270;5.82097256
3271;5.82097256
3272;5.14437484
3273;5.14437484
3274;5.14437484
3275;5.14437484
3276;5.10196693
3277;5.10196693
3278;5.10196693
3279;5.10196693
3280;5.24296696
3281;5.24296696
3282;5.24296696
3283;5.24296696
3284;5.64049
3285;5.64049
3286;5.64049
3287;5.64049
3288;7.36184079
3289;7.36184079
3290;7.36184079
3291;7.36184079
3292;9.11485072
3293;9.11485072
3294;9.11485072
3295;9.11485072
3296;7.89743643
3297;7.89743643
3298;7.89743643
3299;7.89743643
3300;6.84272139
3301;6.84272139
3302;6.84272139
3303;6.84272139
3304;5.81612148
3305;5.81612148
3306;5.81612148
3307;5.81612148
3308;5.34002567
3309;5.34002567
3310;5.34002567
3311;5.34002567
3312;5.75067428
3313;5.75067428
3314;5.75067428
3315;5.75067428
3316;6.09684828
3317;6.09684828
3318;6.09684828
3319;6.09684828
3320;7.50819604
3321;7.50819604
3322;7.50819604
3323;7.50819604
3324;6.48573938
3325;6.48573938
3326;6.48573938
3327;6.48573938
3328;7.32236708
3329;7.32236708
3330;7.32236708
3331;7.32236708
3332;6.07639978
3333;6.07639978
3334;6.07639978
3335;6.07639978
3336;5.6231879
3337;5.6231879
3338;5.6231879
3339;5.6231879
3340;6.01418829
3341;6.01418829
3342;6.01418829
3343;6.01418829
3344;7.1405166
3345;7.1405166
3346;7.1405166
3347;7.1405166
3348;5.67476386
3349;5.67476386
3350;5.67476386
3351;5.67476386
3352;8.12088066
3353;8.12088066
3354;8.12088066
3355;8.12088066
3356;9.05584795
3357;9.05584795
3358;9.05584795
3359;9.05584795
3360;8.21531071
3361;8.21531071
3362;8.21531071
3363;8.21531071
3364;5.65883512
3365;5.65883512
3366;5.65883512
3367;5.65883512
3368;5.02319686
3369;5.02319686
3370;5.02319686
3371;5.02319686
3372;4.99436738
3373;4.99436738
3374;4.99436738
3375;4.99436738
3376;5.11953242
3377;5.11953242
3378;5.11953242
3379;5.11953242
3380;5.52499598
3381;5.52499598
3382;5.52499598
3383;5.52499598
3384;7.53858884
3385;7.53858884
3386;7.53858884
3387;7.53858884
3388;8.99177913
3389;8.99177913
3390;8.99177913
3391;8.99177913
3392;7.81819143
3393;7.81819143
3394;7.81819143
3395;7.81819143
3396;7.39898199
3397;7.39898199
3398;7.39898199
3399;7.39898199
3400;6.81366498
3401;6.81366498
3402;6.81366498
3403;6.81366498
3404;6.52166541
3405;6.52166541
3406;6.52166541
3407;6.52166541
3408;6.03092138
3409;6.03092138
3410;6.03092138
3411;6.03092138
3412;5.0911772
3413;5.0911772
3414;5.0911772
3415;5.0911772
3416;5.42575723
3417;5.42575723
3418;5.42575723
3419;5.42575723
3420;5.36672641
3421;5.36672641
3422;5.36672641
3423;5.36672641
3424;5.0642597
3425;5.0642597
3426;5.0642597
3427;5.0642597
3428;5.83395352
3429;5.83395352
3430;5.83395352
3431;5.83395352
3432;7.22390788
3433;7.22390788
3434;7.22390788
3435;7.22390788
3436;5.95889194
3437;5.95889194
3438;5.95889194
3439;5.95889194
3440;7.06783402
3441;7.06783402
3442;7.06783402
3443;7.06783402
3444;5.99119669
3445;5.99119669
3446;5.99119669
3447;5.99119669
3448;7.77444642
3449;7.77444642
3450;7.77444642
3451;7.77444642
3452;10.8466283
3453;10.8466283
3454;10.8466283
3455;10.8466283
3456;9.68662457
3457;9.68662457
3458;9.68662457
3459;9.68662457
3460;5.13989096
3461;5.13989096
3462;5.13989096
3463;5.13989096
3464;5.02940445
3465;5.02940445
3466;5.02940445
3467;5.02940445
3468;5.01302373
3469;5.01302373
3470;5.01302373
3471;5.01302373
3472;5.13936109
3473;5.13936109
3474;5.13936109
3475;5.13936109
3476;5.54783648
3477;5.54783648
3478;5.54783648
3479;5.54783648
3480;7.55174974
3481;7.55174974
3482;7.55174974
3483;7.55174974
3484;8.91695782
3485;8.91695782
3486;8.91695782
3487;8.91695782
3488;7.94983084
3489;7.94983084
3490;7.94983084
3491;7.94983084
3492;6.73535657
3493;6.73535657
3494;6.73535657
3495;6.73535657
3496;6.2744614
3497;6.2744614
3498;6.2744614
3499;6.2744614
3500;6.59426174
3501;6.59426174
3502;6.59426174
3503;6.59426174
3504;7.10538573
3505;7.10538573
3506;7.10538573
3507;7.10538573
3508;5.09697756
3509;5.09697756
3510;5.09697756
3511;5.09697756
3512;5.35743616
3513;5.35743616
3514;5.35743616
3515;5.35743616
3516;6.60738412
3517;6.60738412
3518;6.60738412
3519;6.60738412
3520;5.37151925
3521;5.37151925
3522;5.37151925
3523;5.37151925
3524;5.50815298
3525;5.50815298
3526;5.50815298
3527;5.50815298
3528;5.58524151
3529;5.58524151
3530;5.58524151
3531;5.58524151
3532;5.77130637
3533;5.77130637
3534;5.77130637
3535;5.77130637
3536;5.55710174
3537;5.55710174
3538;5.55710174
3539;5.55710174
3540;5.50265354
3541;5.50265354
3542;5.50265354
3543;5.50265354
3544;6.19366146
3545;6.19366146
3546;6.19366146
3547;6.19366146
3548;9.09506614
3549;9.09506614
3550;9.09506614
3551;9.09506614
3552;8.82797448
3553;8.82797448
3554;8.82797448
3555;8.82797448
3556;6.05518746
3557;6.05518746
3558;6.05518746
3559;6.05518746
3560;5.32761773
3561;5.32761773
3562;5.32761773
3563;5.32761773
3564;5.19597367
3565;5.19597367
3566;5.19597367
3567;5.19597367
3568;5.15072087
3569;5.15072087
3570;5.15072087
3571;5.15072087
3572;5.31117251
3573;5.31117251
3574;5.31117251
3575;5.31117251
3576;5.70762045
3577;5.70762045
3578;5.70762045
3579;5.70762045
3580;6.45517023
3581;6.45517023
3582;6.45517023
3583;6.45517023
3584;8.17368974
3585;8.17368974
3586;8.17368974
3587;8.17368974
3588;8.99179076
3589;8.99179076
3590;8.99179076
3591;8.99179076
3592;5.11441811
3593;5.11441811
3594;5.11441811
3595;5.11441811
3596;5.18962403
3597;5.18962403
3598;5.18962403
3599;5.18962403
3600;6.45064784
3601;6.45064784
3602;6.45064784
3603;6.45064784
3604;6.94757649
3605;6.94757649
3606;6.94757649
3607;6.94757649
3608;6.85739602
3609;6.85739602
3610;6.85739602
3611;6.85739602
3612;5.41818446
3613;5.41818446
3614;5.41818446
3615;5.41818446
3616;5.29763005
3617;5.29763005
3618;5.29763005
3619;5.29763005
3620;6.07265837
3621;6.07265837
3622;6.07265837
3623;6.07265837
3624;6.29920497
3625;6.29920497
3626;6.29920497
3627;6.29920497
3628;6.18715082
3629;6.18715082
3630;6.18715082
3631;6.18715082
3632;6.52808629
3633;6.52808629
3634;6.52808629
3635;6.52808629
3636;7.11769859
3637;7.11769859
3638;7.11769859
3639;7.11769859
3640;7.8859565
3641;7.8859565
3642;7.8859565
3643;7.8859565
3644;10.4841044
3645;10.4841044
3646;10.4841044
3647;10.4841044
3648;7.72934046
3649;7.72934046
3650;7.72934046
3651;7.72934046
3652;5.4490445
3653;5.4490445
3654;5.4490445
3655;5.4490445
3656;5.13917834
3657;5.13917834
3658;5.13917834
3659;5.13917834
3660;5.09760464
3661;5.09760464
3662;5.09760464
3663;5.09760464
3664;5.10547357
3665;5.10547357
3666;5.10547357
3667;5.10547357
3668;5.19307063
3669;5.19307063
3670;5.19307063
3671;5.19307063
3672;5.49934908
3673;5.49934908
3674;5.49934908
3675;5.49934908
3676;6.43491256
3677;6.43491256
3678;6.43491256
3679;6.43491256
3680;8.27525232
3681;8.27525232
3682;8.27525232
3683;8.27525232
3684;9.34727537
3685;9.34727537
3686;9.34727537
3687;9.34727537
3688;7.23105661
3689;7.23105661
3690;7.23105661
3691;7.23105661
3692;5.03286323
3693;5.03286323
3694;5.03286323
3695;5.03286323
3696;5.6645563
3697;5.6645563
3698;5.6645563
3699;5.6645563
3700;5.28368873
3701;5.28368873
3702;5.28368873
3703;5.28368873
3704;5.29053547
3705;5.29053547
3706;5.29053547
3707;5.29053547
3708;5.18615903
3709;5.18615903
3710;5.18615903
3711;5.18615903
3712;5.31522381
3713;5.31522381
3714;5.31522381
3715;5.31522381
3716;5.33659602
3717;5.33659602
3718;5.33659602
3719;5.33659602
3720;6.05791571
3721;6.05791571
3722;6.05791571
3723;6.05791571
3724;6.40389852
3725;6.40389852
3726;6.40389852
3727;6.40389852
3728;6.36129501
3729;6.36129501
3730;6.36129501
3731;6.36129501
3732;5.76412201
3733;5.76412201
3734;5.76412201
3735;5.76412201
3736;7.17476288
3737;7.17476288
3738;7.17476288
3739;7.17476288
3740;8.60459655
3741;8.60459655
3742;8.60459655
3743;8.60459655
3744;7.45933006
3745;7.45933006
3746;7.45933006
3747;7.45933006
3748;5.55990695
3749;5.55990695
3750;5.55990695
3751;5.55990695
3752;5.05981982
3753;5.05981982
3754;5.05981982
3755;5.05981982
3756;5.06597853
3757;5.06597853
3758;5.06597853
3759;5.06597853
3760;5.15371361
3761;5.15371361
3762;5.15371361
3763;5.15371361
3764;5.56916561
3765;5.56916561
3766;5.56916561
3767;5.56916561
3768;7.42046431
3769;7.42046431
3770;7.42046431
3771;7.42046431
3772;9.06538777
3773;9.06538777
3774;9.06538777
3775;9.06538777
3776;8.35676244
3777;8.35676244
3778;8.35676244
3779;8.35676244
3780;7.20841848
3781;7.20841848
3782;7.20841848
3783;7.20841848
3784;5.61152793
3785;5.61152793
3786;5.61152793
3787;5.61152793
3788;5.40898959
3789;5.40898959
3790;5.40898959
3791;5.40898959
3792;5.98838236
3793;5.98838236
3794;5.98838236
3795;5.98838236
3796;5.30433323
3797;5.30433323
3798;5.30433323
3799;5.30433323
3800;5.33789311
3801;5.33789311
3802;5.33789311
3803;5.33789311
3804;5.35540086
3805;5.35540086
3806;5.35540086
3807;5.35540086
3808;5.18884468
3809;5.18884468
3810;5.18884468
3811;5.18884468
3812;5.4031714
3813;5.4031714
3814;5.4031714
3815;5.4031714
3816;6.8489868
3817;6.8489868
3818;6.8489868
3819;6.8489868
3820;6.67187382
3821;6.67187382
3822;6.67187382
3823;6.67187382
3824;6.09863349
3825;6.09863349
3826;6.09863349
3827;6.09863349
3828;5.6610607
3829;5.6610607
3830;5.6610607
3831;5.6610607
3832;6.04416985
3833;6.04416985
3834;6.04416985
3835;6.04416985
3836;9.09722742
3837;9.09722742
3838;9.09722742
3839;9.09722742
3840;8.02728798
3841;8.02728798
3842;8.02728798
3843;8.02728798
3844;5.75580141
3845;5.75580141
3846;5.75580141
3847;5.75580141
3848;4.97878368
3849;4.97878368
3850;4.97878368
3851;4.97878368
3852;4.96347632
3853;4.96347632
3854;4.96347632
3855;4.96347632
3856;5.11256445
3857;5.11256445
3858;5.11256445
3859;5.11256445
3860;5.51463397
3861;5.51463397
3862;5.51463397
3863;5.51463397
3864;7.38092052
3865;7.38092052
3866;7.38092052
3867;7.38092052
3868;9.59605123
3869;9.59605123
3870;9.59605123
3871;9.59605123
3872;8.20682214
3873;8.20682214
3874;8.20682214
3875;8.20682214
3876;5.63514661
3877;5.63514661
3878;5.63514661
3879;5.63514661
3880;5.52360442
3881;5.52360442
3882;5.52360442
3883;5.52360442
3884;5.13663229
3885;5.13663229
3886;5.13663229
3887;5.13663229
3888;5.73442917
3889;5.73442917
3890;5.73442917
3891;5.73442917
3892;5.64775425
3893;5.64775425
3894;5.64775425
3895;5.64775425
3896;5.66932529
3897;5.66932529
3898;5.66932529
3899;5.66932529
3900;5.451892
3901;5.451892
3902;5.451892
3903;5.451892
3904;5.42944849
3905;5.42944849
3906;5.42944849
3907;5.42944849
3908;5.72786626
3909;5.72786626
3910;5.72786626
3911;5.72786626
3912;7.23504957
3913;7.23504957
3914;7.23504957
3915;7.23504957
3916;6.02161371
3917;6.02161371
3918;6.02161371
3919;6.02161371
3920;5.48108609
3921;5.48108609
3922;5.48108609
3923;5.48108609
3924;5.48240446
3925;5.48240446
3926;5.48240446
3927;5.48240446
3928;5.82960772
3929;5.82960772
3930;5.82960772
3931;5.82960772
3932;10.027234
3933;10.027234
3934;10.027234
3935;10.027234
3936;9.036005
3937;9.036005
3938;9.036005
3939;9.036005
3940;5.35948104
3941;5.35948104
3942;5.35948104
3943;5.35948104
3944;5.09566493
3945;5.09566493
3946;5.09566493
3947;5.09566493
3948;5.08766768
3949;5.08766768
3950;5.08766768
3951;5.08766768
3952;5.23049118
3953;5.23049118
3954;5.23049118
3955;5.23049118
3956;5.60418762
3957;5.60418762
3958;5.60418762
3959;5.60418762
3960;7.2997327
3961;7.2997327
3962;7.2997327
3963;7.2997327
3964;9.04132092
3965;9.04132092
3966;9.04132092
3967;9.04132092
3968;7.93676858
3969;7.93676858
3970;7.93676858
3971;7.93676858
3972;7.41672003
3973;7.41672003
3974;7.41672003
3975;7.41672003
3976;6.95606886
3977;6.95606886
3978;6.95606886
3979;6.95606886
3980;6.19562422
3981;6.19562422
3982;6.19562422
3983;6.19562422
3984;5.67848373
3985;5.67848373
3986;5.67848373
3987;5.67848373
3988;6.07156789
3989;6.07156789
3990;6.07156789
3991;6.07156789
3992;7.54731862
3993;7.54731862
3994;7.54731862
3995;7.54731862
3996;6.48176941
3997;6.48176941
3998;6.48176941
3999;6.48176941
4000;7.25163375
4001;7.25163375
4002;7.25163375
4003;7.25163375
4004;6.05203311
4005;6.05203311
4006;6.05203311
4007;6.05203311
4008;5.67721022
4009;5.67721022
4010;5.67721022
4011;5.67721022
4012;6.16300272
4013;6.16300272
4014;6.16300272
4015;6.16300272
4016;7.3368852
4017;7.3368852
4018;7.3368852
4019;7.3368852
4020;5.85395854
4021;5.85395854
4022;5.85395854
4023;5.85395854
4024;8.25561537
4025;8.25561537
4026;8.25561537
4027;8.25561537
4028;10.0466142
4029;10.0466142
4030;10.0466142
4031;10.0466142
4032;8.08500387
4033;8.08500387
4034;8.08500387
4035;8.08500387
4036;5.18676711
4037;5.18676711
4038;5.18676711
4039;5.18676711
4040;5.09173887
4041;5.09173887
4042;5.09173887
4043;5.09173887
4044;5.09190972
4045;5.09190972
4046;5.09190972
4047;5.09190972
4048;5.23735223
4049;5.23735223
4050;5.23735223
4051;5.23735223
4052;5.6225584
4053;5.6225584
4054;5.6225584
4055;5.6225584
4056;7.55407946
4057;7.55407946
4058;7.55407946
4059;7.55407946
4060;8.97220982
4061;8.97220982
4062;8.97220982
4063;8.97220982
4064;7.75223151
4065;7.75223151
4066;7.75223151
4067;7.75223151
4068;7.40921965
4069;7.40921965
4070;7.40921965
4071;7.40921965
4072;7.88674468
4073;7.88674468
4074;7.88674468
4075;7.88674468
4076;7.55725554
4077;7.55725554
4078;7.55725554
4079;7.55725554
4080;6.79362843
4081;6.79362843
4082;6.79362843
4083;6.79362843
4084;5.20601054
4085;5.20601054
4086;5.20601054
4087;5.20601054
4088;5.50239057
4089;5.50239057
4090;5.50239057
4091;5.50239057
4092;5.42919308
4093;5.42919308
4094;5.42919308
4095;5.42919308
4096;5.12052637
4097;5.12052637
4098;5.12052637
4099;5.12052637
4100;5.76965349
4101;5.76965349
4102;5.76965349
4103;5.76965349
4104;7.11224121
4105;7.11224121
4106;7.11224121
4107;7.11224121
4108;5.88104011
4109;5.88104011
4110;5.88104011
4111;5.88104011
4112;7.13229217
4113;7.13229217
4114;7.13229217
4115;7.13229217
4116;6.00547976
4117;6.00547976
4118;6.00547976
4119;6.00547976
4120;7.72455193
4121;7.72455193
4122;7.72455193
4123;7.72455193
4124;10.5234253
4125;10.5234253
4126;10.5234253
4127;10.5234253
4128;9.33872381
4129;9.33872381
4130;9.33872381
4131;9.33872381
4132;5.4888654
4133;5.4888654
4134;5.4888654
4135;5.4888654
4136;4.91787302
4137;4.91787302
4138;4.91787302
4139;4.91787302
4140;4.89820568
4141;4.89820568
4142;4.89820568
4143;4.89820568
4144;5.00397091
4145;5.00397091
4146;5.00397091
4147;5.00397091
4148;5.39545642
4149;5.39545642
4150;5.39545642
4151;5.39545642
4152;7.43360865
4153;7.43360865
4154;7.43360865
4155;7.43360865
4156;8.77491618
4157;8.77491618
4158;8.77491618
4159;8.77491618
4160;7.79118593
4161;7.79118593
4162;7.79118593
4163;7.79118593
4164;6.7015719
4165;6.7015719
4166;6.7015719
4167;6.7015719
4168;5.4432344
4169;5.4432344
4170;5.4432344
4171;5.4432344
4172;5.59451017
4173;5.59451017
4174;5.59451017
4175;5.59451017
4176;7.20054862
4177;7.20054862
4178;7.20054862
4179;7.20054862
4180;5.09335874
4181;5.09335874
4182;5.09335874
4183;5.09335874
4184;5.2584024
4185;5.2584024
4186;5.2584024
4187;5.2584024
4188;6.53464159
4189;6.53464159
4190;6.53464159
4191;6.53464159
4192;5.32330561
4193;5.32330561
4194;5.32330561
4195;5.32330561
4196;5.55048631
4197;5.55048631
4198;5.55048631
4199;5.55048631
4200;5.39857484
4201;5.39857484
4202;5.39857484
4203;5.39857484
4204;5.73073832
4205;5.73073832
4206;5.73073832
4207;5.73073832
4208;5.57618549
4209;5.57618549
4210;5.57618549
4211;5.57618549
4212;5.43834372
4213;5.43834372
4214;5.43834372
4215;5.43834372
4216;6.15453102
4217;6.15453102
4218;6.15453102
4219;6.15453102
4220;8.88013011
4221;8.88013011
4222;8.88013011
4223;8.88013011
4224;9.00158466
4225;9.00158466
4226;9.00158466
4227;9.00158466
4228;5.79930221
4229;5.79930221
4230;5.79930221
4231;5.79930221
4232;5.10158598
4233;5.10158598
4234;5.10158598
4235;5.10158598
4236;4.97196385
4237;4.97196385
4238;4.97196385
4239;4.97196385
4240;4.92989713
4241;4.92989713
4242;4.92989713
4243;4.92989713
4244;5.10873476
4245;5.10873476
4246;5.10873476
4247;5.10873476
4248;5.51220698
4249;5.51220698
4250;5.51220698
4251;5.51220698
4252;6.30228146
4253;6.30228146
4254;6.30228146
4255;6.30228146
4256;8.06293021
4257;8.06293021
4258;8.06293021
4259;8.06293021
4260;8.89309858
4261;8.89309858
4262;8.89309858
4263;8.89309858
4264;5.94268828
4265;5.94268828
4266;5.94268828
4267;5.94268828
4268;5.2112907
4269;5.2112907
4270;5.2112907
4271;5.2112907
4272;6.5048145
4273;6.5048145
4274;6.5048145
4275;6.5048145
4276;6.92378088
4277;6.92378088
4278;6.92378088
4279;6.92378088
4280;6.72322935
4281;6.72322935
4282;6.72322935
4283;6.72322935
4284;5.31405113
4285;5.31405113
4286;5.31405113
4287;5.31405113
4288;5.21474307
4289;5.21474307
4290;5.21474307
4291;5.21474307
4292;6.18265837
4293;6.18265837
4294;6.18265837
4295;6.18265837
4296;6.2875383
4297;6.2875383
4298;6.2875383
4299;6.2875383
4300;6.21489276
4301;6.21489276
4302;6.21489276
4303;6.21489276
4304;6.55485252
4305;6.55485252
4306;6.55485252
4307;6.55485252
4308;7.06367709
4309;7.06367709
4310;7.06367709
4311;7.06367709
4312;7.8085667
4313;7.8085667
4314;7.8085667
4315;7.8085667
4316;10.7475252
4317;10.7475252
4318;10.7475252
4319;10.7475252
4320;7.5860356
4321;7.5860356
4322;7.5860356
4323;7.5860356
4324;5.16830759
4325;5.16830759
4326;5.16830759
4327;5.16830759
4328;5.08237143
4329;5.08237143
4330;5.08237143
4331;5.08237143
4332;5.07317832
4333;5.07317832
4334;5.07317832
4335;5.07317832
4336;5.11377316
4337;5.11377316
4338;5.11377316
4339;5.11377316
4340;5.20964887
4341;5.20964887
4342;5.20964887
4343;5.20964887
4344;5.52091133
4345;5.52091133
4346;5.52091133
4347;5.52091133
4348;6.43001546
4349;6.43001546
4350;6.43001546
4351;6.43001546
4352;8.17851109
4353;8.17851109
4354;8.17851109
4355;8.17851109
4356;9.28964117
4357;9.28964117
4358;9.28964117
4359;9.28964117
4360;9.30465263
4361;9.30465263
4362;9.30465263
4363;9.30465263
4364;5.1095299
4365;5.1095299
4366;5.1095299
4367;5.1095299
4368;5.77372296
4369;5.77372296
4370;5.77372296
4371;5.77372296
4372;5.2697587
4373;5.2697587
4374;5.2697587
4375;5.2697587
4376;5.18836881
4377;5.18836881
4378;5.18836881
4379;5.18836881
4380;5.10409236
4381;5.10409236
4382;5.10409236
4383;5.10409236
4384;5.30385714
4385;5.30385714
4386;5.30385714
4387;5.30385714
4388;5.39279602
4389;5.39279602
4390;5.39279602
4391;5.39279602
4392;6.17631571
4393;6.17631571
4394;6.17631571
4395;6.17631571
4396;6.55773185
4397;6.55773185
4398;6.55773185
4399;6.55773185
4400;6.56702834
4401;6.56702834
4402;6.56702834
4403;6.56702834
4404;5.93712038
4405;5.93712038
4406;5.93712038
4407;5.93712038
4408;7.3409194
4409;7.3409194
4410;7.3409194
4411;7.3409194
4412;9.99142883
4413;9.99142883
4414;9.99142883
4415;9.99142883
4416;6.94595773
4417;6.94595773
4418;6.94595773
4419;6.94595773
4420;5.26157561
4421;5.26157561
4422;5.26157561
4423;5.26157561
4424;5.25205312
4425;5.25205312
4426;5.25205312
4427;5.25205312
4428;5.22545675
4429;5.22545675
4430;5.22545675
4431;5.22545675
4432;5.34351425
4433;5.34351425
4434;5.34351425
4435;5.34351425
4436;4.81682607
4437;4.81682607
4438;4.81682607
4439;4.81682607
4440;7.31118752
4441;7.31118752
4442;7.31118752
4443;7.31118752
4444;8.8674284
4445;8.8674284
4446;8.8674284
4447;8.8674284
4448;8.27362145
4449;8.27362145
4450;8.27362145
4451;8.27362145
4452;8.25930339
4453;8.25930339
4454;8.25930339
4455;8.25930339
4456;6.64662624
4457;6.64662624
4458;6.64662624
4459;6.64662624
4460;6.49360115
4461;6.49360115
4462;6.49360115
4463;6.49360115
4464;7.1649996
4465;7.1649996
4466;7.1649996
4467;7.1649996
4468;6.32463558
4469;6.32463558
4470;6.32463558
4471;6.32463558
4472;6.14758807
4473;6.14758807
4474;6.14758807
4475;6.14758807
4476;6.15538906
4477;6.15538906
4478;6.15538906
4479;6.15538906
4480;6.32017702
4481;6.32017702
4482;6.32017702
4483;6.32017702
4484;7.39786853
4485;7.39786853
4486;7.39786853
4487;7.39786853
4488;8.39786541
4489;8.39786541
4490;8.39786541
4491;8.39786541
4492;6.71548642
4493;6.71548642
4494;6.71548642
4495;6.71548642
4496;6.22530016
4497;6.22530016
4498;6.22530016
4499;6.22530016
4500;5.77022737
4501;5.77022737
4502;5.77022737
4503;5.77022737
4504;6.07583651
4505;6.07583651
4506;6.07583651
4507;6.07583651
4508;10.0872708
4509;10.0872708
4510;10.0872708
4511;10.0872708
4512;7.80441946
4513;7.80441946
4514;7.80441946
4515;7.80441946
4516;5.03062011
4517;5.03062011
4518;5.03062011
4519;5.03062011
4520;5.08669994
4521;5.08669994
4522;5.08669994
4523;5.08669994
4524;5.1128794
4525;5.1128794
4526;5.1128794
4527;5.1128794
4528;5.28853582
4529;5.28853582
4530;5.28853582
4531;5.28853582
4532;5.64566027
4533;5.64566027
4534;5.64566027
4535;5.64566027
4536;7.39996134
4537;7.39996134
4538;7.39996134
4539;7.39996134
4540;9.55351185
4541;9.55351185
4542;9.55351185
4543;9.55351185
4544;8.57870927
4545;8.57870927
4546;8.57870927
4547;8.57870927
4548;7.24031629
4549;7.24031629
4550;7.24031629
4551;7.24031629
4552;6.5503978
4553;6.5503978
4554;6.5503978
4555;6.5503978
4556;5.91350042
4557;5.91350042
4558;5.91350042
4559;5.91350042
4560;5.76107435
4561;5.76107435
4562;5.76107435
4563;5.76107435
4564;5.71148758
4565;5.71148758
4566;5.71148758
4567;5.71148758
4568;5.71917815
4569;5.71917815
4570;5.71917815
4571;5.71917815
4572;5.51855867
4573;5.51855867
4574;5.51855867
4575;5.51855867
4576;5.38333397
4577;5.38333397
4578;5.38333397
4579;5.38333397
4580;5.59869959
4581;5.59869959
4582;5.59869959
4583;5.59869959
4584;7.17421624
4585;7.17421624
4586;7.17421624
4587;7.17421624
4588;6.04328038
4589;6.04328038
4590;6.04328038
4591;6.04328038
4592;5.50608609
4593;5.50608609
4594;5.50608609
4595;5.50608609
4596;5.49740446
4597;5.49740446
4598;5.49740446
4599;5.49740446
4600;5.81960772
4601;5.81960772
4602;5.81960772
4603;5.81960772
4604;10.0929744
4605;10.0929744
4606;10.0929744
4607;10.0929744
4608;8.46931915
4609;8.46931915
4610;8.46931915
4611;8.46931915
4612;5.87764537
4613;5.87764537
4614;5.87764537
4615;5.87764537
4616;5.12804824
4617;5.12804824
4618;5.12804824
4619;5.12804824
4620;5.04645671
4621;5.04645671
4622;5.04645671
4623;5.04645671
4624;5.23968779
4625;5.23968779
4626;5.23968779
4627;5.23968779
4628;5.63754198
4629;5.63754198
4630;5.63754198
4631;5.63754198
4632;7.37320274
4633;7.37320274
4634;7.37320274
4635;7.37320274
4636;9.15131204
4637;9.15131204
4638;9.15131204
4639;9.15131204
4640;7.42994712
4641;7.42994712
4642;7.42994712
4643;7.42994712
4644;5.58420459
4645;5.58420459
4646;5.58420459
4647;5.58420459
4648;5.66101278
4649;5.66101278
4650;5.66101278
4651;5.66101278
4652;5.12298212
4653;5.12298212
4654;5.12298212
4655;5.12298212
4656;5.62612807
4657;5.62612807
4658;5.62612807
4659;5.62612807
4660;6.09896789
4661;6.09896789
4662;6.09896789
4663;6.09896789
4664;7.57101862
4665;7.57101862
4666;7.57101862
4667;7.57101862
4668;6.52133608
4669;6.52133608
4670;6.52133608
4671;6.52133608
4672;7.30486708
4673;7.30486708
4674;7.30486708
4675;7.30486708
4676;6.11973311
4677;6.11973311
4678;6.11973311
4679;6.11973311
4680;5.68902123
4681;5.68902123
4682;5.68902123
4683;5.68902123
4684;6.03418829
4685;6.03418829
4686;6.03418829
4687;6.03418829
4688;7.15271853
4689;7.15271853
4690;7.15271853
4691;7.15271853
4692;5.7055342
4693;5.7055342
4694;5.7055342
4695;5.7055342
4696;8.11989074
4697;8.11989074
4698;8.11989074
4699;8.11989074
4700;8.76354096
4701;8.76354096
4702;8.76354096
4703;8.76354096
4704;7.25895235
4705;7.25895235
4706;7.25895235
4707;7.25895235
4708;6.66862657
4709;6.66862657
4710;6.66862657
4711;6.66862657
4712;4.96811957
4713;4.96811957
4714;4.96811957
4715;4.96811957
4716;4.86315813
4717;4.86315813
4718;4.86315813
4719;4.86315813
4720;4.97339022
4721;4.97339022
4722;4.97339022
4723;4.97339022
4724;5.40590436
4725;5.40590436
4726;5.40590436
4727;5.40590436
4728;7.49202843
4729;7.49202843
4730;7.49202843
4731;7.49202843
4732;7.28813209
4733;7.28813209
4734;7.28813209
4735;7.28813209
4736;5.1044564
4737;5.1044564
4738;5.1044564
4739;5.1044564
4740;5.67513946
4741;5.67513946
4742;5.67513946
4743;5.67513946
4744;6.64029541
4745;6.64029541
4746;6.64029541
4747;6.64029541
4748;6.3536944
4749;6.3536944
4750;6.3536944
4751;6.3536944
4752;5.8640093
4753;5.8640093
4754;5.8640093
4755;5.8640093
4756;4.9926772
4757;4.9926772
4758;4.9926772
4759;4.9926772
4760;5.3457239
4761;5.3457239
4762;5.3457239
4763;5.3457239
4764;5.31752641
4765;5.31752641
4766;5.31752641
4767;5.31752641
4768;5.04219304
4769;5.04219304
4770;5.04219304
4771;5.04219304
4772;5.73298682
4773;5.73298682
4774;5.73298682
4775;5.73298682
4776;7.11307455
4777;7.11307455
4778;7.11307455
4779;7.11307455
4780;5.88222528
4781;5.88222528
4782;5.88222528
4783;5.88222528
4784;7.10446609
4785;7.10446609
4786;7.10446609
4787;7.10446609
4788;6.01069715
4789;6.01069715
4790;6.01069715
4791;6.01069715
4792;7.77655987
4793;7.77655987
4794;7.77655987
4795;7.77655987
4796;9.95772401
4797;9.95772401
4798;9.95772401
4799;9.95772401
4800;8.76383304
4801;8.76383304
4802;8.76383304
4803;8.76383304
4804;6.8606687
4805;6.8606687
4806;6.8606687
4807;6.8606687
4808;5.00507058
4809;5.00507058
4810;5.00507058
4811;5.00507058
4812;4.98956136
4813;4.98956136
4814;4.98956136
4815;4.98956136
4816;5.12263349
4817;5.12263349
4818;5.12263349
4819;5.12263349
4820;5.5553407
4821;5.5553407
4822;5.5553407
4823;5.5553407
4824;7.6459459
4825;7.6459459
4826;7.6459459
4827;7.6459459
4828;8.669364
4829;8.669364
4830;8.669364
4831;8.669364
4832;5.40538827
4833;5.40538827
4834;5.40538827
4835;5.40538827
4836;5.1982076
4837;5.1982076
4838;5.1982076
4839;5.1982076
4840;5.12221337
4841;5.12221337
4842;5.12221337
4843;5.12221337
4844;5.50617684
4845;5.50617684
4846;5.50617684
4847;5.50617684
4848;7.07888196
4849;7.07888196
4850;7.07888196
4851;7.07888196
4852;5.05641089
4853;5.05641089
4854;5.05641089
4855;5.05641089
4856;5.27880283
4857;5.27880283
4858;5.27880283
4859;5.27880283
4860;6.5432234
4861;6.5432234
4862;6.5432234
4863;6.5432234
4864;5.26018592
4865;5.26018592
4866;5.26018592
4867;5.26018592
4868;5.47465298
4869;5.47465298
4870;5.47465298
4871;5.47465298
4872;5.39190818
4873;5.39190818
4874;5.39190818
4875;5.39190818
4876;5.70347318
4877;5.70347318
4878;5.70347318
4879;5.70347318
4880;5.57009853
4881;5.57009853
4882;5.57009853
4883;5.57009853
4884;5.38790894
4885;5.38790894
4886;5.38790894
4887;5.38790894
4888;6.09279189
4889;6.09279189
4890;6.09279189
4891;6.09279189
4892;7.78965677
4893;7.78965677
4894;7.78965677
4895;7.78965677
4896;8.43994758
4897;8.43994758
4898;8.43994758
4899;8.43994758
4900;7.13040454
4901;7.13040454
4902;7.13040454
4903;7.13040454
4904;5.25702365
4905;5.25702365
4906;5.25702365
4907;5.25702365
4908;5.03374536
4909;5.03374536
4910;5.03374536
4911;5.03374536
4912;4.96330424
4913;4.96330424
4914;4.96330424
4915;4.96330424
4916;5.18492701
4917;5.18492701
4918;5.18492701
4919;5.18492701
4920;5.5173347
4921;5.5173347
4922;5.5173347
4923;5.5173347
4924;6.31032191
4925;6.31032191
4926;6.31032191
4927;6.31032191
4928;8.08714364
4929;8.08714364
4930;8.08714364
4931;8.08714364
4932;5.81130341
4933;5.81130341
4934;5.81130341
4935;5.81130341
4936;5.14529314
4937;5.14529314
4938;5.14529314
4939;5.14529314
4940;5.17462403
4941;5.17462403
4942;5.17462403
4943;5.17462403
4944;6.4298145
4945;6.4298145
4946;6.4298145
4947;6.4298145
4948;6.92424316
4949;6.92424316
4950;6.92424316
4951;6.92424316
4952;6.83906268
4953;6.83906268
4954;6.83906268
4955;6.83906268
4956;5.41318446
4957;5.41318446
4958;5.41318446
4959;5.41318446
4960;5.31846338
4961;5.31846338
4962;5.31846338
4963;5.31846338
4964;6.08432503
4965;6.08432503
4966;6.08432503
4967;6.08432503
4968;6.2550383
4969;6.2550383
4970;6.2550383
4971;6.2550383
4972;6.21138544
4973;6.21138544
4974;6.21138544
4975;6.21138544
4976;6.5452873
4977;6.5452873
4978;6.5452873
4979;6.5452873
4980;7.05932926
4981;7.05932926
4982;7.05932926
4983;7.05932926
4984;7.78508843
4985;7.78508843
4986;7.78508843
4987;7.78508843
4988;10.1999669
4989;10.1999669
4990;10.1999669
4991;10.1999669
4992;7.30030409
4993;7.30030409
4994;7.30030409
4995;7.30030409
4996;5.7270666
4997;5.7270666
4998;5.7270666
4999;5.7270666
5000;4.94545527
5001;4.94545527
5002;4.94545527
5003;4.94545527
5004;4.89727767
5005;4.89727767
5006;4.89727767
5007;4.89727767
5008;4.9083629
5009;4.9083629
5010;4.9083629
5011;4.9083629
5012;5.04222485
5013;5.04222485
5014;5.04222485
5015;5.04222485
5016;5.40150972
5017;5.40150972
5018;5.40150972
5019;5.40150972
5020;6.36572898
5021;6.36572898
5022;6.36572898
5023;6.36572898
5024;8.16537713
5025;8.16537713
5026;8.16537713
5027;8.16537713
5028;8.90441392
5029;8.90441392
5030;8.90441392
5031;8.90441392
5032;5.5637348
5033;5.5637348
5034;5.5637348
5035;5.5637348
5036;5.00438347
5037;5.00438347
5038;5.00438347
5039;5.00438347
5040;5.54286162
5041;5.54286162
5042;5.54286162
5043;5.54286162
5044;5.14618873
5045;5.14618873
5046;5.14618873
5047;5.14618873
5048;5.16470214
5049;5.16470214
5050;5.16470214
5051;5.16470214
5052;5.06615903
5053;5.06615903
5054;5.06615903
5055;5.06615903
5056;5.19939047
5057;5.19939047
5058;5.19939047
5059;5.19939047
5060;5.23659602
5061;5.23659602
5062;5.23659602
5063;5.23659602
5064;5.95187544
5065;5.95187544
5066;5.95187544
5067;5.95187544
5068;6.3662521
5069;6.3662521
5070;6.3662521
5071;6.3662521
5072;6.41036243
5073;6.41036243
5074;6.41036243
5075;6.41036243
5076;5.76261603
5077;5.76261603
5078;5.76261603
5079;5.76261603
5080;7.1417194
5081;7.1417194
5082;7.1417194
5083;7.1417194
5084;8.37803285
5085;8.37803285
5086;8.37803285
5087;8.37803285
5088;6.99184886
5089;6.99184886
5090;6.99184886
5091;6.99184886
5092;6.11190588
5093;6.11190588
5094;6.11190588
5095;6.11190588
5096;5.01469544
5097;5.01469544
5098;5.01469544
5099;5.01469544
5100;4.99078785
5101;4.99078785
5102;4.99078785
5103;4.99078785
5104;5.11970401
5105;5.11970401
5106;5.11970401
5107;5.11970401
5108;5.51697963
5109;5.51697963
5110;5.51697963
5111;5.51697963
5112;7.36283402
5113;7.36283402
5114;7.36283402
5115;7.36283402
5116;9.05112184
5117;9.05112184
5118;9.05112184
5119;9.05112184
5120;5.98856044
5121;5.98856044
5122;5.98856044
5123;5.98856044
5124;6.5647497
5125;6.5647497
5126;6.5647497
5127;6.5647497
5128;5.45033228
5129;5.45033228
5130;5.45033228
5131;5.45033228
5132;5.30566994
5133;5.30566994
5134;5.30566994
5135;5.30566994
5136;5.86249216
5137;5.86249216
5138;5.86249216
5139;5.86249216
5140;5.1731999
5141;5.1731999
5142;5.1731999
5143;5.1731999
5144;5.19949311
5145;5.19949311
5146;5.19949311
5147;5.19949311
5148;5.26290086
5149;5.26290086
5150;5.26290086
5151;5.26290086
5152;5.13331135
5153;5.13331135
5154;5.13331135
5155;5.13331135
5156;5.39450474
5157;5.39450474
5158;5.39450474
5159;5.39450474
5160;6.70408604
5161;6.70408604
5162;6.70408604
5163;6.70408604
5164;6.50517932
5165;6.50517932
5166;6.50517932
5167;6.50517932
5168;6.0337404
5169;6.0337404
5170;6.0337404
5171;6.0337404
5172;5.68700273
5173;5.68700273
5174;5.68700273
5175;5.68700273
5176;6.0712713
5177;6.0712713
5178;6.0712713
5179;6.0712713
5180;8.49380928
5181;8.49380928
5182;8.49380928
5183;8.49380928
5184;8.26312071
5185;8.26312071
5186;8.26312071
5187;8.26312071
5188;6.01215936
5189;6.01215936
5190;6.01215936
5191;6.01215936
5192;4.9716038
5193;4.9716038
5194;4.9716038
5195;4.9716038
5196;4.93585551
5197;4.93585551
5198;4.93585551
5199;4.93585551
5200;5.08266777
5201;5.08266777
5202;5.08266777
5203;5.08266777
5204;5.4603684
5205;5.4603684
5206;5.4603684
5207;5.4603684
5208;7.24719406
5209;7.24719406
5210;7.24719406
5211;7.24719406
5212;9.37550877
5213;9.37550877
5214;9.37550877
5215;9.37550877
5216;8.36049198
5217;8.36049198
5218;8.36049198
5219;8.36049198
5220;6.88343618
5221;6.88343618
5222;6.88343618
5223;6.88343618
5224;5.30487253
5225;5.30487253
5226;5.30487253
5227;5.30487253
5228;4.99410232
5229;4.99410232
5230;4.99410232
5231;4.99410232
5232;5.62357435
5233;5.62357435
5234;5.62357435
5235;5.62357435
5236;5.64648758
5237;5.64648758
5238;5.64648758
5239;5.64648758
5240;5.72917815
5241;5.72917815
5242;5.72917815
5243;5.72917815
5244;5.55022534
5245;5.55022534
5246;5.55022534
5247;5.55022534
5248;5.42250063
5249;5.42250063
5250;5.42250063
5251;5.42250063
5252;5.59869959
5253;5.59869959
5254;5.59869959
5255;5.59869959
5256;7.11053107
5257;7.11053107
5258;7.11053107
5259;7.11053107
5260;6.01324415
5261;6.01324415
5262;6.01324415
5263;6.01324415
5264;5.42445566
5265;5.42445566
5266;5.42445566
5267;5.42445566
5268;5.36331026
5269;5.36331026
5270;5.36331026
5271;5.36331026
5272;5.6442454
5273;5.6442454
5274;5.6442454
5275;5.6442454
5276;9.56841875
5277;9.56841875
5278;9.56841875
5279;9.56841875
5280;7.19708718
5281;7.19708718
5282;7.19708718
5283;7.19708718
5284;6.69822782
5285;6.69822782
5286;6.69822782
5287;6.69822782
5288;5.44900171
5289;5.44900171
5290;5.44900171
5291;5.44900171
5292;4.9087282
5293;4.9087282
5294;4.9087282
5295;4.9087282
5296;5.04589622
5297;5.04589622
5298;5.04589622
5299;5.04589622
5300;5.46150851
5301;5.46150851
5302;5.46150851
5303;5.46150851
5304;7.26932724
5305;7.26932724
5306;7.26932724
5307;7.26932724
5308;5.71239604
5309;5.71239604
5310;5.71239604
5311;5.71239604
5312;5.11020493
5313;5.11020493
5314;5.11020493
5315;5.11020493
5316;5.51590419
5317;5.51590419
5318;5.51590419
5319;5.51590419
5320;5.49271238
5321;5.49271238
5322;5.49271238
5323;5.49271238
5324;4.99896507
5325;4.99896507
5326;4.99896507
5327;4.99896507
5328;5.38140855
5329;5.38140855
5330;5.38140855
5331;5.38140855
5332;5.78788094
5333;5.78788094
5334;5.78788094
5335;5.78788094
5336;7.27764905
5337;7.27764905
5338;7.27764905
5339;7.27764905
5340;6.23043028
5341;6.23043028
5342;6.23043028
5343;6.23043028
5344;6.99925114
5345;6.99925114
5346;6.99925114
5347;6.99925114
5348;5.78027659
5349;5.78027659
5350;5.78027659
5351;5.78027659
5352;5.43261519
5353;5.43261519
5354;5.43261519
5355;5.43261519
5356;5.78373374
5357;5.78373374
5358;5.78373374
5359;5.78373374
5360;6.95430944
5361;6.95430944
5362;6.95430944
5363;6.95430944
5364;5.46403429
5365;5.46403429
5366;5.46403429
5367;5.46403429
5368;7.8409184
5369;7.8409184
5370;7.8409184
5371;7.8409184
5372;7.43329248
5373;7.43329248
5374;7.43329248
5375;7.43329248
5376;5.64722908
5377;5.64722908
5378;5.64722908
5379;5.64722908
5380;5.14264132
5381;5.14264132
5382;5.14264132
5383;5.14264132
5384;5.02085472
5385;5.02085472
5386;5.02085472
5387;5.02085472
5388;4.95535973
5389;4.95535973
5390;4.95535973
5391;4.95535973
5392;4.88011454
5393;4.88011454
5394;4.88011454
5395;4.88011454
5396;4.50406519
5397;4.50406519
5398;4.50406519
5399;4.50406519
5400;4.88255267
5401;4.88255267
5402;4.88255267
5403;4.88255267
5404;4.96032295
5405;4.96032295
5406;4.96032295
5407;4.96032295
5408;4.83628503
5409;4.83628503
5410;4.83628503
5411;4.83628503
5412;5.54786673
5413;5.54786673
5414;5.54786673
5415;5.54786673
5416;6.52480134
5417;6.52480134
5418;6.52480134
5419;6.52480134
5420;6.13999875
5421;6.13999875
5422;6.13999875
5423;6.13999875
5424;5.64149867
5425;5.64149867
5426;5.64149867
5427;5.64149867
5428;4.80426811
5429;4.80426811
5430;4.80426811
5431;4.80426811
5432;5.15292087
5433;5.15292087
5434;5.15292087
5435;5.15292087
5436;5.11570823
5437;5.11570823
5438;5.11570823
5439;5.11570823
5440;4.83805121
5441;4.83805121
5442;4.83805121
5443;4.83805121
5444;5.55791106
5445;5.55791106
5446;5.55791106
5447;5.55791106
5448;6.90095333
5449;6.90095333
5450;6.90095333
5451;6.90095333
5452;5.69214952
5453;5.69214952
5454;5.69214952
5455;5.69214952
5456;6.84549376
5457;6.84549376
5458;6.84549376
5459;6.84549376
5460;5.71326632
5461;5.71326632
5462;5.71326632
5463;5.71326632
5464;7.40933454
5465;7.40933454
5466;7.40933454
5467;7.40933454
5468;7.73626374
5469;7.73626374
5470;7.73626374
5471;7.73626374
5472;6.26412524
5473;6.26412524
5474;6.26412524
5475;6.26412524
5476;4.50913305
5477;4.50913305
5478;4.50913305
5479;4.50913305
5480;4.44387018
5481;4.44387018
5482;4.44387018
5483;4.44387018
5484;4.44203834
5485;4.44203834
5486;4.44203834
5487;4.44203834
5488;4.45764876
5489;4.45764876
5490;4.45764876
5491;4.45764876
5492;4.45579872
5493;4.45579872
5494;4.45579872
5495;4.45579872
5496;4.91587415
5497;4.91587415
5498;4.91587415
5499;4.91587415
5500;4.90377377
5501;4.90377377
5502;4.90377377
5503;4.90377377
5504;5.01362844
5505;5.01362844
5506;5.01362844
5507;5.01362844
5508;4.76332618
5509;4.76332618
5510;4.76332618
5511;4.76332618
5512;4.88470349
5513;4.88470349
5514;4.88470349
5515;4.88470349
5516;5.23799502
5517;5.23799502
5518;5.23799502
5519;5.23799502
5520;6.78516984
5521;6.78516984
5522;6.78516984
5523;6.78516984
5524;4.73966847
5525;4.73966847
5526;4.73966847
5527;4.73966847
5528;4.93372707
5529;4.93372707
5530;4.93372707
5531;4.93372707
5532;6.24057189
5533;6.24057189
5534;6.24057189
5535;6.24057189
5536;5.00442834
5537;5.00442834
5538;5.00442834
5539;5.00442834
5540;5.23851662
5541;5.23851662
5542;5.23851662
5543;5.23851662
5544;5.19349909
5545;5.19349909
5546;5.19349909
5547;5.19349909
5548;5.45077606
5549;5.45077606
5550;5.45077606
5551;5.45077606
5552;5.36950565
5553;5.36950565
5554;5.36950565
5555;5.36950565
5556;5.25470736
5557;5.25470736
5558;5.25470736
5559;5.25470736
5560;5.96577608
5561;5.96577608
5562;5.96577608
5563;5.96577608
5564;5.97825549
5565;5.97825549
5566;5.97825549
5567;5.97825549
5568;5.99967363
5569;5.99967363
5570;5.99967363
5571;5.99967363
5572;4.58779779
5573;4.58779779
5574;4.58779779
5575;4.58779779
5576;4.45225169
5577;4.45225169
5578;4.45225169
5579;4.45225169
5580;4.31056384
5581;4.31056384
5582;4.31056384
5583;4.31056384
5584;4.20139085
5585;4.20139085
5586;4.20139085
5587;4.20139085
5588;4.19939862
5589;4.19939862
5590;4.19939862
5591;4.19939862
5592;4.22672026
5593;4.22672026
5594;4.22672026
5595;4.22672026
5596;4.28995022
5597;4.28995022
5598;4.28995022
5599;4.28995022
5600;4.77696119
5601;4.77696119
5602;4.77696119
5603;4.77696119
5604;4.92653298
5605;4.92653298
5606;4.92653298
5607;4.92653298
5608;4.86327333
5609;4.86327333
5610;4.86327333
5611;4.86327333
5612;4.94485131
5613;4.94485131
5614;4.94485131
5615;4.94485131
5616;6.15746602
5617;6.15746602
5618;6.15746602
5619;6.15746602
5620;6.60490997
5621;6.60490997
5622;6.60490997
5623;6.60490997
5624;6.43714239
5625;6.43714239
5626;6.43714239
5627;6.43714239
5628;5.03745983
5629;5.03745983
5630;5.03745983
5631;5.03745983
5632;4.95092715
5633;4.95092715
5634;4.95092715
5635;4.95092715
5636;5.77424928
5637;5.77424928
5638;5.77424928
5639;5.77424928
5640;6.05746255
5641;6.05746255
5642;6.05746255
5643;6.05746255
5644;5.98957506
5645;5.98957506
5646;5.98957506
5647;5.98957506
5648;6.33176951
5649;6.33176951
5650;6.33176951
5651;6.33176951
5652;6.89662175
5653;6.89662175
5654;6.89662175
5655;6.89662175
5656;7.6457999
5657;7.6457999
5658;7.6457999
5659;7.6457999
5660;8.25503137
5661;8.25503137
5662;8.25503137
5663;8.25503137
5664;5.8557451
5665;5.8557451
5666;5.8557451
5667;5.8557451
5668;5.60596513
5669;5.60596513
5670;5.60596513
5671;5.60596513
5672;5.59960412
5673;5.59960412
5674;5.59960412
5675;5.59960412
5676;5.59576934
5677;5.59576934
5678;5.59576934
5679;5.59576934
5680;5.57113408
5681;5.57113408
5682;5.57113408
5683;5.57113408
5684;4.6632583
5685;4.6632583
5686;4.6632583
5687;4.6632583
5688;4.61867369
5689;4.61867369
5690;4.61867369
5691;4.61867369
5692;4.90228337
5693;4.90228337
5694;4.90228337
5695;4.90228337
5696;5.37642272
5697;5.37642272
5698;5.37642272
5699;5.37642272
5700;5.29522279
5701;5.29522279
5702;5.29522279
5703;5.29522279
5704;5.31982638
5705;5.31982638
5706;5.31982638
5707;5.31982638
5708;4.79561518
5709;4.79561518
5710;4.79561518
5711;4.79561518
5712;5.32680192
5713;5.32680192
5714;5.32680192
5715;5.32680192
5716;4.99221787
5717;4.99221787
5718;4.99221787
5719;4.99221787
5720;5.09509087
5721;5.09509087
5722;5.09509087
5723;5.09509087
5724;4.97211701
5725;4.97211701
5726;4.97211701
5727;4.97211701
5728;5.08579026
5729;5.08579026
5730;5.08579026
5731;5.08579026
5732;5.18801662
5733;5.18801662
5734;5.18801662
5735;5.18801662
5736;5.87778646
5737;5.87778646
5738;5.87778646
5739;5.87778646
5740;6.14997065
5741;6.14997065
5742;6.14997065
5743;6.14997065
5744;6.0951685
5745;6.0951685
5746;6.0951685
5747;6.0951685
5748;5.54904317
5749;5.54904317
5750;5.54904317
5751;5.54904317
5752;6.91213213
5753;6.91213213
5754;6.91213213
5755;6.91213213
5756;6.82974753
5757;6.82974753
5758;6.82974753
5759;6.82974753
5760;6.41421314
5761;6.41421314
5762;6.41421314
5763;6.41421314
5764;6.37419029
5765;6.37419029
5766;6.37419029
5767;6.37419029
5768;5.94339136
5769;5.94339136
5770;5.94339136
5771;5.94339136
5772;4.86261478
5773;4.86261478
5774;4.86261478
5775;4.86261478
5776;4.99091393
5777;4.99091393
5778;4.99091393
5779;4.99091393
5780;5.40404705
5781;5.40404705
5782;5.40404705
5783;5.40404705
5784;7.25986055
5785;7.25986055
5786;7.25986055
5787;7.25986055
5788;6.04400352
5789;6.04400352
5790;6.04400352
5791;6.04400352
5792;5.4588416
5793;5.4588416
5794;5.4588416
5795;5.4588416
5796;6.37779005
5797;6.37779005
5798;6.37779005
5799;6.37779005
5800;5.32766871
5801;5.32766871
5802;5.32766871
5803;5.32766871
5804;5.12941378
5805;5.12941378
5806;5.12941378
5807;5.12941378
5808;5.83519959
5809;5.83519959
5810;5.83519959
5811;5.83519959
5812;5.16845439
5813;5.16845439
5814;5.16845439
5815;5.16845439
5816;5.25616034
5817;5.25616034
5818;5.25616034
5819;5.25616034
5820;5.32231721
5821;5.32231721
5822;5.32231721
5823;5.32231721
5824;5.16210279
5825;5.16210279
5826;5.16210279
5827;5.16210279
5828;5.48009563
5829;5.48009563
5830;5.48009563
5831;5.48009563
5832;6.73526905
5833;6.73526905
5834;6.73526905
5835;6.73526905
5836;6.5203817
5837;6.5203817
5838;6.5203817
5839;6.5203817
5840;5.99811469
5841;5.99811469
5842;5.99811469
5843;5.99811469
5844;5.62283057
5845;5.62283057
5846;5.62283057
5847;5.62283057
5848;6.03749356
5849;6.03749356
5850;6.03749356
5851;6.03749356
5852;8.58207884
5853;8.58207884
5854;8.58207884
5855;8.58207884
5856;8.55265964
5857;8.55265964
5858;8.55265964
5859;8.55265964
5860;5.5760973
5861;5.5760973
5862;5.5760973
5863;5.5760973
5864;4.9498509
5865;4.9498509
5866;4.9498509
5867;4.9498509
5868;4.82422938
5869;4.82422938
5870;4.82422938
5871;4.82422938
5872;4.99429574
5873;4.99429574
5874;4.99429574
5875;4.99429574
5876;5.34114263
5877;5.34114263
5878;5.34114263
5879;5.34114263
5880;7.07312151
5881;7.07312151
5882;7.07312151
5883;7.07312151
5884;9.13782815
5885;9.13782815
5886;9.13782815
5887;9.13782815
5888;8.18218384
5889;8.18218384
5890;8.18218384
5891;8.18218384
5892;6.97884354
5893;6.97884354
5894;6.97884354
5895;6.97884354
5896;5.94842868
5897;5.94842868
5898;5.94842868
5899;5.94842868
5900;5.06146581
5901;5.06146581
5902;5.06146581
5903;5.06146581
5904;5.73828329
5905;5.73828329
5906;5.73828329
5907;5.73828329
5908;5.64600089
5909;5.64600089
5910;5.64600089
5911;5.64600089
5912;5.6843171
5913;5.6843171
5914;5.6843171
5915;5.6843171
5916;5.39815373
5917;5.39815373
5918;5.39815373
5919;5.39815373
5920;5.36740986
5921;5.36740986
5922;5.36740986
5923;5.36740986
5924;5.57506646
5925;5.57506646
5926;5.57506646
5927;5.57506646
5928;7.17563877
5929;7.17563877
5930;7.17563877
5931;7.17563877
5932;6.06382447
5933;6.06382447
5934;6.06382447
5935;6.06382447
5936;5.64189883
5937;5.64189883
5938;5.64189883
5939;5.64189883
5940;5.6066475
5941;5.6066475
5942;5.6066475
5943;5.6066475
5944;5.91207099
5945;5.91207099
5946;5.91207099
5947;5.91207099
5948;10.8997018
5949;10.8997018
5950;10.8997018
5951;10.8997018
5952;8.28059509
5953;8.28059509
5954;8.28059509
5955;8.28059509
5956;5.47935179
5957;5.47935179
5958;5.47935179
5959;5.47935179
5960;5.23444501
5961;5.23444501
5962;5.23444501
5963;5.23444501
5964;5.16218463
5965;5.16218463
5966;5.16218463
5967;5.16218463
5968;5.30187141
5969;5.30187141
5970;5.30187141
5971;5.30187141
5972;3.10528558
5973;3.10528558
5974;3.10528558
5975;3.10528558
5976;7.08409198
5977;7.08409198
5978;7.08409198
5979;7.08409198
5980;8.64861129
5981;8.64861129
5982;8.64861129
5983;8.64861129
5984;7.68001134
5985;7.68001134
5986;7.68001134
5987;7.68001134
5988;7.29236774
5989;7.29236774
5990;7.29236774
5991;7.29236774
5992;6.77570612
5993;6.77570612
5994;6.77570612
5995;6.77570612
5996;6.11685926
5997;6.11685926
5998;6.11685926
5999;6.11685926
6000;6.43257123
6001;6.43257123
6002;6.43257123
6003;6.43257123
6004;6.37785958
6005;6.37785958
6006;6.37785958
6007;6.37785958
6008;7.55618668
6009;7.55618668
6010;7.55618668
6011;7.55618668
6012;6.58602176
6013;6.58602176
6014;6.58602176
6015;6.58602176
6016;7.8700877
6017;7.8700877
6018;7.8700877
6019;7.8700877
6020;7.66010991
6021;7.66010991
6022;7.66010991
6023;7.66010991
6024;8.23554139
6025;8.23554139
6026;8.23554139
6027;8.23554139
6028;9.13632563
6029;9.13632563
6030;9.13632563
6031;9.13632563
6032;7.81413856
6033;7.81413856
6034;7.81413856
6035;7.81413856
6036;5.71344285
6037;5.71344285
6038;5.71344285
6039;5.71344285
6040;9.76265155
6041;9.76265155
6042;9.76265155
6043;9.76265155
6044;10.6284483
6045;10.6284483
6046;10.6284483
6047;10.6284483
6048;7.03563067
6049;7.03563067
6050;7.03563067
6051;7.03563067
6052;5.16353458
6053;5.16353458
6054;5.16353458
6055;5.16353458
6056;5.09890659
6057;5.09890659
6058;5.09890659
6059;5.09890659
6060;5.21500938
6061;5.21500938
6062;5.21500938
6063;5.21500938
6064;3.59084859
6065;3.59084859
6066;3.59084859
6067;3.59084859
6068;2.99819156
6069;2.99819156
6070;2.99819156
6071;2.99819156
6072;7.34430852
6073;7.34430852
6074;7.34430852
6075;7.34430852
6076;8.60474241
6077;8.60474241
6078;8.60474241
6079;8.60474241
6080;7.5815498
6081;7.5815498
6082;7.5815498
6083;7.5815498
6084;7.47504974
6085;7.47504974
6086;7.47504974
6087;7.47504974
6088;7.85097833
6089;7.85097833
6090;7.85097833
6091;7.85097833
6092;7.33840806
6093;7.33840806
6094;7.33840806
6095;7.33840806
6096;6.80621638
6097;6.80621638
6098;6.80621638
6099;6.80621638
6100;5.72117713
6101;5.72117713
6102;5.72117713
6103;5.72117713
6104;5.70361676
6105;5.70361676
6106;5.70361676
6107;5.70361676
6108;5.58208772
6109;5.58208772
6110;5.58208772
6111;5.58208772
6112;5.71151551
6113;5.71151551
6114;5.71151551
6115;5.71151551
6116;7.23919087
6117;7.23919087
6118;7.23919087
6119;7.23919087
6120;9.6960886
6121;9.6960886
6122;9.6960886
6123;9.6960886
6124;9.03732895
6125;9.03732895
6126;9.03732895
6127;9.03732895
6128;8.49160936
6129;8.49160936
6130;8.49160936
6131;8.49160936
6132;5.9920463
6133;5.9920463
6134;5.9920463
6135;5.9920463
6136;9.57489932
6137;9.57489932
6138;9.57489932
6139;9.57489932
6140;12.0411275
6141;12.0411275
6142;12.0411275
6143;12.0411275
6144;7.39714382
6145;7.39714382
6146;7.39714382
6147;7.39714382
6148;5.0716969
6149;5.0716969
6150;5.0716969
6151;5.0716969
6152;5.05566649
6153;5.05566649
6154;5.05566649
6155;5.05566649
6156;5.02685887
6157;5.02685887
6158;5.02685887
6159;5.02685887
6160;5.09284037
6161;5.09284037
6162;5.09284037
6163;5.09284037
6164;5.42600573
6165;5.42600573
6166;5.42600573
6167;5.42600573
6168;7.25057582
6169;7.25057582
6170;7.25057582
6171;7.25057582
6172;8.51200933
6173;8.51200933
6174;8.51200933
6175;8.51200933
6176;7.776164
6177;7.776164
6178;7.776164
6179;7.776164
6180;6.72431018
6181;6.72431018
6182;6.72431018
6183;6.72431018
6184;6.19333732
6185;6.19333732
6186;6.19333732
6187;6.19333732
6188;6.62897533
6189;6.62897533
6190;6.62897533
6191;6.62897533
6192;8.22056045
6193;8.22056045
6194;8.22056045
6195;8.22056045
6196;5.98396525
6197;5.98396525
6198;5.98396525
6199;5.98396525
6200;5.91208656
6201;5.91208656
6202;5.91208656
6203;5.91208656
6204;7.09248538
6205;7.09248538
6206;7.09248538
6207;7.09248538
6208;6.23965664
6209;6.23965664
6210;6.23965664
6211;6.23965664
6212;7.21888265
6213;7.21888265
6214;7.21888265
6215;7.21888265
6216;7.03616832
6217;7.03616832
6218;7.03616832
6219;7.03616832
6220;5.82762354
6221;5.82762354
6222;5.82762354
6223;5.82762354
6224;5.73263701
6225;5.73263701
6226;5.73263701
6227;5.73263701
6228;5.59453786
6229;5.59453786
6230;5.59453786
6231;5.59453786
6232;6.28194762
6233;6.28194762
6234;6.28194762
6235;6.28194762
6236;10.3836802
6237;10.3836802
6238;10.3836802
6239;10.3836802
6240;8.46764772
6241;8.46764772
6242;8.46764772
6243;8.46764772
6244;5.53273215
6245;5.53273215
6246;5.53273215
6247;5.53273215
6248;5.39337308
6249;5.39337308
6250;5.39337308
6251;5.39337308
6252;5.32546614
6253;5.32546614
6254;5.32546614
6255;5.32546614
6256;5.25367534
6257;5.25367534
6258;5.25367534
6259;5.25367534
6260;3.87656343
6261;3.87656343
6262;3.87656343
6263;3.87656343
6264;5.66641389
6265;5.66641389
6266;5.66641389
6267;5.66641389
6268;6.34879633
6269;6.34879633
6270;6.34879633
6271;6.34879633
6272;8.06601281
6273;8.06601281
6274;8.06601281
6275;8.06601281
6276;8.81848639
6277;8.81848639
6278;8.81848639
6279;8.81848639
6280;8.32652087
6281;8.32652087
6282;8.32652087
6283;8.32652087
6284;7.74004086
6285;7.74004086
6286;7.74004086
6287;7.74004086
6288;8.28028901
6289;8.28028901
6290;8.28028901
6291;8.28028901
6292;8.24656877
6293;8.24656877
6294;8.24656877
6295;8.24656877
6296;7.97229318
6297;7.97229318
6298;7.97229318
6299;7.97229318
6300;6.59221645
6301;6.59221645
6302;6.59221645
6303;6.59221645
6304;6.91440586
6305;6.91440586
6306;6.91440586
6307;6.91440586
6308;8.40323694
6309;8.40323694
6310;8.40323694
6311;8.40323694
6312;7.03064225
6313;7.03064225
6314;7.03064225
6315;7.03064225
6316;6.2140269
6317;6.2140269
6318;6.2140269
6319;6.2140269
6320;6.60219173
6321;6.60219173
6322;6.60219173
6323;6.60219173
6324;7.19828869
6325;7.19828869
6326;7.19828869
6327;7.19828869
6328;7.94323191
6329;7.94323191
6330;7.94323191
6331;7.94323191
6332;12.1523527
6333;12.1523527
6334;12.1523527
6335;12.1523527
6336;6.48381311
6337;6.48381311
6338;6.48381311
6339;6.48381311
6340;5.39971614
6341;5.39971614
6342;5.39971614
6343;5.39971614
6344;5.28746892
6345;5.28746892
6346;5.28746892
6347;5.28746892
6348;5.25005783
6349;5.25005783
6350;5.25005783
6351;5.25005783
6352;3.48307507
6353;3.48307507
6354;3.48307507
6355;3.48307507
6356;2.50110966
6357;2.50110966
6358;2.50110966
6359;2.50110966
6360;5.26044245
6361;5.26044245
6362;5.26044245
6363;5.26044245
6364;6.48303904
6365;6.48303904
6366;6.48303904
6367;6.48303904
6368;8.07779739
6369;8.07779739
6370;8.07779739
6371;8.07779739
6372;9.05158432
6373;9.05158432
6374;9.05158432
6375;9.05158432
6376;9.29064698
6377;9.29064698
6378;9.29064698
6379;9.29064698
6380;8.38948789
6381;8.38948789
6382;8.38948789
6383;8.38948789
6384;7.77422416
6385;7.77422416
6386;7.77422416
6387;7.77422416
6388;6.8642935
6389;6.8642935
6390;6.8642935
6391;6.8642935
6392;6.56103111
6393;6.56103111
6394;6.56103111
6395;6.56103111
6396;6.19792589
6397;6.19792589
6398;6.19792589
6399;6.19792589
6400;6.75967561
6401;6.75967561
6402;6.75967561
6403;6.75967561
6404;7.56211421
6405;7.56211421
6406;7.56211421
6407;7.56211421
6408;8.15130427
6409;8.15130427
6410;8.15130427
6411;8.15130427
6412;6.4097225
6413;6.4097225
6414;6.4097225
6415;6.4097225
6416;6.68233064
6417;6.68233064
6418;6.68233064
6419;6.68233064
6420;6.31747459
6421;6.31747459
6422;6.31747459
6423;6.31747459
6424;9.58531156
6425;9.58531156
6426;9.58531156
6427;9.58531156
6428;10.2421963
6429;10.2421963
6430;10.2421963
6431;10.2421963
6432;5.61606626
6433;5.61606626
6434;5.61606626
6435;5.61606626
6436;5.18220357
6437;5.18220357
6438;5.18220357
6439;5.18220357
6440;5.27596351
6441;5.27596351
6442;5.27596351
6443;5.27596351
6444;5.16659722
6445;5.16659722
6446;5.16659722
6447;5.16659722
6448;3.65824606
6449;3.65824606
6450;3.65824606
6451;3.65824606
6452;3.21327166
6453;3.21327166
6454;3.21327166
6455;3.21327166
6456;7.31883336
6457;7.31883336
6458;7.31883336
6459;7.31883336
6460;8.88762309
6461;8.88762309
6462;8.88762309
6463;8.88762309
6464;8.17142601
6465;8.17142601
6466;8.17142601
6467;8.17142601
6468;8.23506695
6469;8.23506695
6470;8.23506695
6471;8.23506695
6472;6.56946318
6473;6.56946318
6474;6.56946318
6475;6.56946318
6476;6.22477969
6477;6.22477969
6478;6.22477969
6479;6.22477969
6480;6.72903982
6481;6.72903982
6482;6.72903982
6483;6.72903982
6484;5.68106745
6485;5.68106745
6486;5.68106745
6487;5.68106745
6488;5.40030234
6489;5.40030234
6490;5.40030234
6491;5.40030234
6492;5.38299994
6493;5.38299994
6494;5.38299994
6495;5.38299994
6496;5.5834505
6497;5.5834505
6498;5.5834505
6499;5.5834505
6500;6.55373584
6501;6.55373584
6502;6.55373584
6503;6.55373584
6504;8.96118775
6505;8.96118775
6506;8.96118775
6507;8.96118775
6508;9.52248894
6509;9.52248894
6510;9.52248894
6511;9.52248894
6512;8.74657112
6513;8.74657112
6514;8.74657112
6515;8.74657112
6516;7.3995712
6517;7.3995712
6518;7.3995712
6519;7.3995712
6520;7.17145078
6521;7.17145078
6522;7.17145078
6523;7.17145078
6524;8.95100099
6525;8.95100099
6526;8.95100099
6527;8.95100099
6528;5.79635474
6529;5.79635474
6530;5.79635474
6531;5.79635474
6532;5.11943399
6533;5.11943399
6534;5.11943399
6535;5.11943399
6536;5.1148942
6537;5.1148942
6538;5.1148942
6539;5.1148942
6540;3.8407068
6541;3.8407068
6542;3.8407068
6543;3.8407068
6544;2.1903798
6545;2.1903798
6546;2.1903798
6547;2.1903798
6548;2.92024948
6549;2.92024948
6550;2.92024948
6551;2.92024948
6552;7.24252526
6553;7.24252526
6554;7.24252526
6555;7.24252526
6556;9.25409451
6557;9.25409451
6558;9.25409451
6559;9.25409451
6560;8.3879735
6561;8.3879735
6562;8.3879735
6563;8.3879735
6564;7.01344459
6565;7.01344459
6566;7.01344459
6567;7.01344459
6568;6.28122289
6569;6.28122289
6570;6.28122289
6571;6.28122289
6572;5.80977788
6573;5.80977788
6574;5.80977788
6575;5.80977788
6576;6.63103376
6577;6.63103376
6578;6.63103376
6579;6.63103376
6580;6.3586064
6581;6.3586064
6582;6.3586064
6583;6.3586064
6584;6.1235972
6585;6.1235972
6586;6.1235972
6587;6.1235972
6588;5.97039379
6589;5.97039379
6590;5.97039379
6591;5.97039379
6592;6.25783367
6593;6.25783367
6594;6.25783367
6595;6.25783367
6596;7.14498192
6597;7.14498192
6598;7.14498192
6599;7.14498192
6600;9.50698707
6601;9.50698707
6602;9.50698707
6603;9.50698707
6604;8.91027165
6605;8.91027165
6606;8.91027165
6607;8.91027165
6608;8.07666688
6609;8.07666688
6610;8.07666688
6611;8.07666688
6612;7.58535832
6613;7.58535832
6614;7.58535832
6615;7.58535832
6616;7.43112538
6617;7.43112538
6618;7.43112538
6619;7.43112538
6620;8.81877386
6621;8.81877386
6622;8.81877386
6623;8.81877386
6624;6.26395598
6625;6.26395598
6626;6.26395598
6627;6.26395598
6628;5.47571734
6629;5.47571734
6630;5.47571734
6631;5.47571734
6632;4.56942091
6633;4.56942091
6634;4.56942091
6635;4.56942091
6636;1.88428835
6637;1.88428835
6638;1.88428835
6639;1.88428835
6640;2.05450868
6641;2.05450868
6642;2.05450868
6643;2.05450868
6644;2.75428521
6645;2.75428521
6646;2.75428521
6647;2.75428521
6648;6.66180262
6649;6.66180262
6650;6.66180262
6651;6.66180262
6652;8.8224932
6653;8.8224932
6654;8.8224932
6655;8.8224932
6656;7.82953545
6657;7.82953545
6658;7.82953545
6659;7.82953545
6660;7.09589114
6661;7.09589114
6662;7.09589114
6663;7.09589114
6664;6.07763437
6665;6.07763437
6666;6.07763437
6667;6.07763437
6668;5.41270844
6669;5.41270844
6670;5.41270844
6671;5.41270844
6672;5.84750122
6673;5.84750122
6674;5.84750122
6675;5.84750122
6676;6.05492612
6677;6.05492612
6678;6.05492612
6679;6.05492612
6680;7.26167469
6681;7.26167469
6682;7.26167469
6683;7.26167469
6684;6.21962597
6685;6.21962597
6686;6.21962597
6687;6.21962597
6688;6.07168076
6689;6.07168076
6690;6.07168076
6691;6.07168076
6692;6.06307785
6693;6.06307785
6694;6.06307785
6695;6.06307785
6696;7.38537585
6697;7.38537585
6698;7.38537585
6699;7.38537585
6700;8.38458765
6701;8.38458765
6702;8.38458765
6703;8.38458765
6704;9.42130791
6705;9.42130791
6706;9.42130791
6707;9.42130791
6708;7.50852536
6709;7.50852536
6710;7.50852536
6711;7.50852536
6712;9.36028021
6713;9.36028021
6714;9.36028021
6715;9.36028021
6716;7.9418829
6717;7.9418829
6718;7.9418829
6719;7.9418829
6720;5.54727933
6721;5.54727933
6722;5.54727933
6723;5.54727933
6724;2.66890727
6725;2.66890727
6726;2.66890727
6727;2.66890727
6728;1.66799828
6729;1.66799828
6730;1.66799828
6731;1.66799828
6732;1.69291044
6733;1.69291044
6734;1.69291044
6735;1.69291044
6736;1.82063365
6737;1.82063365
6738;1.82063365
6739;1.82063365
6740;2.47281584
6741;2.47281584
6742;2.47281584
6743;2.47281584
6744;6.36195523
6745;6.36195523
6746;6.36195523
6747;6.36195523
6748;8.72931004
6749;8.72931004
6750;8.72931004
6751;8.72931004
6752;7.52700934
6753;7.52700934
6754;7.52700934
6755;7.52700934
6756;7.13540616
6757;7.13540616
6758;7.13540616
6759;7.13540616
6760;7.50890061
6761;7.50890061
6762;7.50890061
6763;7.50890061
6764;6.95362967
6765;6.95362967
6766;6.95362967
6767;6.95362967
6768;6.32987906
6769;6.32987906
6770;6.32987906
6771;6.32987906
6772;5.23793965
6773;5.23793965
6774;5.23793965
6775;5.23793965
6776;5.24857761
6777;5.24857761
6778;5.24857761
6779;5.24857761
6780;3.8274945
6781;3.8274945
6782;3.8274945
6783;3.8274945
6784;3.94176765
6785;3.94176765
6786;3.94176765
6787;3.94176765
6788;5.79113136
6789;5.79113136
6790;5.79113136
6791;5.79113136
6792;9.00005311
6793;9.00005311
6794;9.00005311
6795;9.00005311
6796;8.37924199
6797;8.37924199
6798;8.37924199
6799;8.37924199
6800;9.35383456
6801;9.35383456
6802;9.35383456
6803;9.35383456
6804;7.8413697
6805;7.8413697
6806;7.8413697
6807;7.8413697
6808;9.15717
6809;9.15717
6810;9.15717
6811;9.15717
6812;9.48204579
6813;9.48204579
6814;9.48204579
6815;9.48204579
6816;6.84343583
6817;6.84343583
6818;6.84343583
6819;6.84343583
6820;2.20043333
6821;2.20043333
6822;2.20043333
6823;2.20043333
6824;1.98502912
6825;1.98502912
6826;1.98502912
6827;1.98502912
6828;1.98615094
6829;1.98615094
6830;1.98615094
6831;1.98615094
6832;2.10492635
6833;2.10492635
6834;2.10492635
6835;2.10492635
6836;2.83164943
6837;2.83164943
6838;2.83164943
6839;2.83164943
6840;7.27201017
6841;7.27201017
6842;7.27201017
6843;7.27201017
6844;8.78325691
6845;8.78325691
6846;8.78325691
6847;8.78325691
6848;7.86048303
6849;7.86048303
6850;7.86048303
6851;7.86048303
6852;6.76256956
6853;6.76256956
6854;6.76256956
6855;6.76256956
6856;6.11082019
6857;6.11082019
6858;6.11082019
6859;6.11082019
6860;6.41055703
6861;6.41055703
6862;6.41055703
6863;6.41055703
6864;7.98050751
6865;7.98050751
6866;7.98050751
6867;7.98050751
6868;5.85446445
6869;5.85446445
6870;5.85446445
6871;5.85446445
6872;5.96760807
6873;5.96760807
6874;5.96760807
6875;5.96760807
6876;7.23462996
6877;7.23462996
6878;7.23462996
6879;7.23462996
6880;6.39063624
6881;6.39063624
6882;6.39063624
6883;6.39063624
6884;7.16766546
6885;7.16766546
6886;7.16766546
6887;7.16766546
6888;7.93616248
6889;7.93616248
6890;7.93616248
6891;7.93616248
6892;8.72704864
6893;8.72704864
6894;8.72704864
6895;8.72704864
6896;8.36069423
6897;8.36069423
6898;8.36069423
6899;8.36069423
6900;7.63710686
6901;7.63710686
6902;7.63710686
6903;7.63710686
6904;7.86023071
6905;7.86023071
6906;7.86023071
6907;7.86023071
6908;7.87206339
6909;7.87206339
6910;7.87206339
6911;7.87206339
6912;6.86290931
6913;6.86290931
6914;6.86290931
6915;6.86290931
6916;5.56669747
6917;5.56669747
6918;5.56669747
6919;5.56669747
6920;4.33267529
6921;4.33267529
6922;4.33267529
6923;4.33267529
6924;2.02679235
6925;2.02679235
6926;2.02679235
6927;2.02679235
6928;2.03223911
6929;2.03223911
6930;2.03223911
6931;2.03223911
6932;2.44465672
6933;2.44465672
6934;2.44465672
6935;2.44465672
6936;5.08198156
6937;5.08198156
6938;5.08198156
6939;5.08198156
6940;6.37415179
6941;6.37415179
6942;6.37415179
6943;6.37415179
6944;7.9916993
6945;7.9916993
6946;7.9916993
6947;7.9916993
6948;8.84285683
6949;8.84285683
6950;8.84285683
6951;8.84285683
6952;8.31347896
6953;8.31347896
6954;8.31347896
6955;8.31347896
6956;7.72351899
6957;7.72351899
6958;7.72351899
6959;7.72351899
6960;8.18087941
6961;8.18087941
6962;8.18087941
6963;8.18087941
6964;8.15986998
6965;8.15986998
6966;8.15986998
6967;8.15986998
6968;7.79816127
6969;7.79816127
6970;7.79816127
6971;7.79816127
6972;6.41524466
6973;6.41524466
6974;6.41524466
6975;6.41524466
6976;6.68577797
6977;6.68577797
6978;6.68577797
6979;6.68577797
6980;8.08553345
6981;8.08553345
6982;8.08553345
6983;8.08553345
6984;9.06671802
6985;9.06671802
6986;9.06671802
6987;9.06671802
6988;9.11364463
6989;9.11364463
6990;9.11364463
6991;9.11364463
6992;8.34013259
6993;8.34013259
6994;8.34013259
6995;8.34013259
6996;7.80637878
6997;7.80637878
6998;7.80637878
6999;7.80637878
7000;10.3158698
7001;10.3158698
7002;10.3158698
7003;10.3158698
7004;10.0727134
7005;10.0727134
7006;10.0727134
7007;10.0727134
7008;5.59697429
7009;5.59697429
7010;5.59697429
7011;5.59697429
7012;5.38491464
7013;5.38491464
7014;5.38491464
7015;5.38491464
7016;5.28113145
7017;5.28113145
7018;5.28113145
7019;5.28113145
7020;4.7864718
7021;4.7864718
7022;4.7864718
7023;4.7864718
7024;2.21907986
7025;2.21907986
7026;2.21907986
7027;2.21907986
7028;2.65396309
7029;2.65396309
7030;2.65396309
7031;2.65396309
7032;5.53233301
7033;5.53233301
7034;5.53233301
7035;5.53233301
7036;6.39303904
7037;6.39303904
7038;6.39303904
7039;6.39303904
7040;8.10779739
7041;8.10779739
7042;8.10779739
7043;8.10779739
7044;9.08678432
7045;9.08678432
7046;9.08678432
7047;9.08678432
7048;9.21202881
7049;9.21202881
7050;9.21202881
7051;9.21202881
7052;8.22432538
7053;8.22432538
7054;8.22432538
7055;8.22432538
7056;7.62393937
7057;7.62393937
7058;7.62393937
7059;7.62393937
7060;6.55578154
7061;6.55578154
7062;6.55578154
7063;6.55578154
7064;6.18231471
7065;6.18231471
7066;6.18231471
7067;6.18231471
7068;5.81323631
7069;5.81323631
7070;5.81323631
7071;5.81323631
7072;6.3912399
7073;6.3912399
7074;6.3912399
7075;6.3912399
7076;7.23564173
7077;7.23564173
7078;7.23564173
7079;7.23564173
7080;8.80464692
7081;8.80464692
7082;8.80464692
7083;8.80464692
7084;8.56555824
7085;8.56555824
7086;8.56555824
7087;8.56555824
7088;6.42521282
7089;6.42521282
7090;6.42521282
7091;6.42521282
7092;5.80012224
7093;5.80012224
7094;5.80012224
7095;5.80012224
7096;8.63769774
7097;8.63769774
7098;8.63769774
7099;8.63769774
7100;10.1653464
7101;10.1653464
7102;10.1653464
7103;10.1653464
7104;6.48131828
7105;6.48131828
7106;6.48131828
7107;6.48131828
7108;5.28085857
7109;5.28085857
7110;5.28085857
7111;5.28085857
7112;5.26384367
7113;5.26384367
7114;5.26384367
7115;5.26384367
7116;5.1927711
7117;5.1927711
7118;5.1927711
7119;5.1927711
7120;2.21620286
7121;2.21620286
7122;2.21620286
7123;2.21620286
7124;2.85745828
7125;2.85745828
7126;2.85745828
7127;2.85745828
7128;7.03886686
7129;7.03886686
7130;7.03886686
7131;7.03886686
7132;8.80020458
7133;8.80020458
7134;8.80020458
7135;8.80020458
7136;8.19109747
7137;8.19109747
7138;8.19109747
7139;8.19109747
7140;8.15740857
7141;8.15740857
7142;8.15740857
7143;8.15740857
7144;6.50644757
7145;6.50644757
7146;6.50644757
7147;6.50644757
7148;6.13975171
7149;6.13975171
7150;6.13975171
7151;6.13975171
7152;6.78825682
7153;6.78825682
7154;6.78825682
7155;6.78825682
7156;5.84060771
7157;5.84060771
7158;5.84060771
7159;5.84060771
7160;5.55932935
7161;5.55932935
7162;5.55932935
7163;5.55932935
7164;5.45349264
7165;5.45349264
7166;5.45349264
7167;5.45349264
7168;5.60302773
7169;5.60302773
7170;5.60302773
7171;5.60302773
7172;6.59159534
7173;6.59159534
7174;6.59159534
7175;6.59159534
7176;8.78364886
7177;8.78364886
7178;8.78364886
7179;8.78364886
7180;9.26520419
7181;9.26520419
7182;9.26520419
7183;9.26520419
7184;8.61715821
7185;8.61715821
7186;8.61715821
7187;8.61715821
7188;7.73233312
7189;7.73233312
7190;7.73233312
7191;7.73233312
7192;7.62999315
7193;7.62999315
7194;7.62999315
7195;7.62999315
7196;8.05704715
7197;8.05704715
7198;8.05704715
7199;8.05704715
7200;5.87369371
7201;5.87369371
7202;5.87369371
7203;5.87369371
7204;5.23329247
7205;5.23329247
7206;5.23329247
7207;5.23329247
7208;4.92067099
7209;4.92067099
7210;4.92067099
7211;4.92067099
7212;2.90346768
7213;2.90346768
7214;2.90346768
7215;2.90346768
7216;3.04131927
7217;3.04131927
7218;3.04131927
7219;3.04131927
7220;3.8844093
7221;3.8844093
7222;3.8844093
7223;3.8844093
7224;7.22705993
7225;7.22705993
7226;7.22705993
7227;7.22705993
7228;9.22278583
7229;9.22278583
7230;9.22278583
7231;9.22278583
7232;8.42824648
7233;8.42824648
7234;8.42824648
7235;8.42824648
7236;7.14145531
7237;7.14145531
7238;7.14145531
7239;7.14145531
7240;6.44813243
7241;6.44813243
7242;6.44813243
7243;6.44813243
7244;6.06302942
7245;6.06302942
7246;6.06302942
7247;6.06302942
7248;6.90358042
7249;6.90358042
7250;6.90358042
7251;6.90358042
7252;6.69282512
7253;6.69282512
7254;6.69282512
7255;6.69282512
7256;6.58954088
7257;6.58954088
7258;6.58954088
7259;6.58954088
7260;6.37736728
7261;6.37736728
7262;6.37736728
7263;6.37736728
7264;6.59857056
7265;6.59857056
7266;6.59857056
7267;6.59857056
7268;6.9152445
7269;6.9152445
7270;6.9152445
7271;6.9152445
7272;7.17453351
7273;7.17453351
7274;7.17453351
7275;7.17453351
7276;6.11619179
7277;6.11619179
7278;6.11619179
7279;6.11619179
7280;5.48356549
7281;5.48356549
7282;5.48356549
7283;5.48356549
7284;5.4291475
7285;5.4291475
7286;5.4291475
7287;5.4291475
7288;5.76133632
7289;5.76133632
7290;5.76133632
7291;5.76133632
7292;10.467106
7293;10.467106
7294;10.467106
7295;10.467106
7296;8.30482885
7297;8.30482885
7298;8.30482885
7299;8.30482885
7300;5.5179394
7301;5.5179394
7302;5.5179394
7303;5.5179394
7304;5.11936397
7305;5.11936397
7306;5.11936397
7307;5.11936397
7308;5.06350951
7309;5.06350951
7310;5.06350951
7311;5.06350951
7312;5.18870251
7313;5.18870251
7314;5.18870251
7315;5.18870251
7316;5.57179054
7317;5.57179054
7318;5.57179054
7319;5.57179054
7320;7.27491021
7321;7.27491021
7322;7.27491021
7323;7.27491021
7324;8.97497181
7325;8.97497181
7326;8.97497181
7327;8.97497181
7328;7.73272919
7329;7.73272919
7330;7.73272919
7331;7.73272919
7332;5.68650097
7333;5.68650097
7334;5.68650097
7335;5.68650097
7336;5.66518056
7337;5.66518056
7338;5.66518056
7339;5.66518056
7340;5.10110584
7341;5.10110584
7342;5.10110584
7343;5.10110584
7344;5.56015666
7345;5.56015666
7346;5.56015666
7347;5.56015666
7348;5.9879779
7349;5.9879779
7350;5.9879779
7351;5.9879779
7352;7.37384619
7353;7.37384619
7354;7.37384619
7355;7.37384619
7356;6.33631265
7357;6.33631265
7358;6.33631265
7359;6.33631265
7360;7.05888485
7361;7.05888485
7362;7.05888485
7363;7.05888485
7364;5.93323388
7365;5.93323388
7366;5.93323388
7367;5.93323388
7368;5.5131111
7369;5.5131111
7370;5.5131111
7371;5.5131111
7372;5.91210527
7373;5.91210527
7374;5.91210527
7375;5.91210527
7376;7.03751821
7377;7.03751821
7378;7.03751821
7379;7.03751821
7380;5.60972111
7381;5.60972111
7382;5.60972111
7383;5.60972111
7384;7.88646739
7385;7.88646739
7386;7.88646739
7387;7.88646739
7388;8.57132353
7389;8.57132353
7390;8.57132353
7391;8.57132353
7392;7.68381395
7393;7.68381395
7394;7.68381395
7395;7.68381395
7396;6.29262137
7397;6.29262137
7398;6.29262137
7399;6.29262137
7400;4.9442081
7401;4.9442081
7402;4.9442081
7403;4.9442081
7404;4.96108975
7405;4.96108975
7406;4.96108975
7407;4.96108975
7408;5.10669274
7409;5.10669274
7410;5.10669274
7411;5.10669274
7412;5.50281838
7413;5.50281838
7414;5.50281838
7415;5.50281838
7416;7.49758132
7417;7.49758132
7418;7.49758132
7419;7.49758132
7420;8.9362048
7421;8.9362048
7422;8.9362048
7423;8.9362048
7424;6.99605406
7425;6.99605406
7426;6.99605406
7427;6.99605406
7428;5.8329489
7429;5.8329489
7430;5.8329489
7431;5.8329489
7432;6.66121611
7433;6.66121611
7434;6.66121611
7435;6.66121611
7436;6.31256215
7437;6.31256215
7438;6.31256215
7439;6.31256215
7440;5.87476757
7441;5.87476757
7442;5.87476757
7443;5.87476757
7444;5.12199352
7445;5.12199352
7446;5.12199352
7447;5.12199352
7448;5.40935154
7449;5.40935154
7450;5.40935154
7451;5.40935154
7452;5.34732811
7453;5.34732811
7454;5.34732811
7455;5.34732811
7456;5.06599767
7457;5.06599767
7458;5.06599767
7459;5.06599767
7460;5.71870015
7461;5.71870015
7462;5.71870015
7463;5.71870015
7464;7.02688421
7465;7.02688421
7466;7.02688421
7467;7.02688421
7468;5.84298096
7469;5.84298096
7470;5.84298096
7471;5.84298096
7472;6.97191108
7473;6.97191108
7474;6.97191108
7475;6.97191108
7476;5.94668365
7477;5.94668365
7478;5.94668365
7479;5.94668365
7480;7.63613622
7481;7.63613622
7482;7.63613622
7483;7.63613622
7484;10.2967416
7485;10.2967416
7486;10.2967416
7487;10.2967416
7488;9.32994079
7489;9.32994079
7490;9.32994079
7491;9.32994079
7492;5.65112237
7493;5.65112237
7494;5.65112237
7495;5.65112237
7496;4.97315245
7497;4.97315245
7498;4.97315245
7499;4.97315245
7500;4.94212402
7501;4.94212402
7502;4.94212402
7503;4.94212402
7504;5.06262523
7505;5.06262523
7506;5.06262523
7507;5.06262523
7508;5.42879091
7509;5.42879091
7510;5.42879091
7511;5.42879091
7512;7.41027705
7513;7.41027705
7514;7.41027705
7515;7.41027705
7516;8.73383067
7517;8.73383067
7518;8.73383067
7519;8.73383067
7520;7.83455459
7521;7.83455459
7522;7.83455459
7523;7.83455459
7524;6.71895787
7525;6.71895787
7526;6.71895787
7527;6.71895787
7528;5.52572061
7529;5.52572061
7530;5.52572061
7531;5.52572061
7532;5.51592008
7533;5.51592008
7534;5.51592008
7535;5.51592008
7536;7.04721561
7537;7.04721561
7538;7.04721561
7539;7.04721561
7540;5.13550259
7541;5.13550259
7542;5.13550259
7543;5.13550259
7544;5.30418658
7545;5.30418658
7546;5.30418658
7547;5.30418658
7548;6.52982076
7549;6.52982076
7550;6.52982076
7551;6.52982076
7552;5.29986361
7553;5.29986361
7554;5.29986361
7555;5.29986361
7556;5.51236573
7557;5.51236573
7558;5.51236573
7559;5.51236573
7560;5.44166029
7561;5.44166029
7562;5.44166029
7563;5.44166029
7564;5.62565688
7565;5.62565688
7566;5.62565688
7567;5.62565688
7568;5.56548862
7569;5.56548862
7570;5.56548862
7571;5.56548862
7572;5.41269003
7573;5.41269003
7574;5.41269003
7575;5.41269003
7576;6.13506356
7577;6.13506356
7578;6.13506356
7579;6.13506356
7580;8.93529046
7581;8.93529046
7582;8.93529046
7583;8.93529046
7584;9.54976267
7585;9.54976267
7586;9.54976267
7587;9.54976267
7588;5.4232788
7589;5.4232788
7590;5.4232788
7591;5.4232788
7592;5.29628826
7593;5.29628826
7594;5.29628826
7595;5.29628826
7596;5.15270318
7597;5.15270318
7598;5.15270318
7599;5.15270318
7600;5.1141472
7601;5.1141472
7602;5.1141472
7603;5.1141472
7604;5.27229054
7605;5.27229054
7606;5.27229054
7607;5.27229054
7608;5.62673876
7609;5.62673876
7610;5.62673876
7611;5.62673876
7612;6.32937155
7613;6.32937155
7614;6.32937155
7615;6.32937155
7616;7.98260389
7617;7.98260389
7618;7.98260389
7619;7.98260389
7620;8.85297248
7621;8.85297248
7622;8.85297248
7623;8.85297248
7624;8.30805388
7625;8.30805388
7626;8.30805388
7627;8.30805388
7628;7.63671312
7629;7.63671312
7630;7.63671312
7631;7.63671312
7632;6.43177158
7633;6.43177158
7634;6.43177158
7635;6.43177158
7636;6.80636529
7637;6.80636529
7638;6.80636529
7639;6.80636529
7640;6.63050352
7641;6.63050352
7642;6.63050352
7643;6.63050352
7644;5.2812628
7645;5.2812628
7646;5.2812628
7647;5.2812628
7648;5.20140519
7649;5.20140519
7650;5.20140519
7651;5.20140519
7652;6.01964111
7653;6.01964111
7654;6.01964111
7655;6.01964111
7656;6.35154745
7657;6.35154745
7658;6.35154745
7659;6.35154745
7660;6.1694269
7661;6.1694269
7662;6.1694269
7663;6.1694269
7664;6.51682068
7665;6.51682068
7666;6.51682068
7667;6.51682068
7668;7.01495535
7669;7.01495535
7670;7.01495535
7671;7.01495535
7672;7.71215263
7673;7.71215263
7674;7.71215263
7675;7.71215263
7676;11.2279963
7677;11.2279963
7678;11.2279963
7679;11.2279963
7680;6.89779305
7681;6.89779305
7682;6.89779305
7683;6.89779305
7684;5.084518
7685;5.084518
7686;5.084518
7687;5.084518
7688;4.9690563
7689;4.9690563
7690;4.9690563
7691;4.9690563
7692;4.92779464
7693;4.92779464
7694;4.92779464
7695;4.92779464
7696;4.93925328
7697;4.93925328
7698;4.93925328
7699;4.93925328
7700;5.02182829
7701;5.02182829
7702;5.02182829
7703;5.02182829
7704;5.3464872
7705;5.3464872
7706;5.3464872
7707;5.3464872
7708;6.29994877
7709;6.29994877
7710;6.29994877
7711;6.29994877
7712;8.12590021
7713;8.12590021
7714;8.12590021
7715;8.12590021
7716;9.38429818
7717;9.38429818
7718;9.38429818
7719;9.38429818
7720;9.17793592
7721;9.17793592
7722;9.17793592
7723;9.17793592
7724;5.12216064
7725;5.12216064
7726;5.12216064
7727;5.12216064
7728;5.68708811
7729;5.68708811
7730;5.68708811
7731;5.68708811
7732;5.26814831
7733;5.26814831
7734;5.26814831
7735;5.26814831
7736;5.21088217
7737;5.21088217
7738;5.21088217
7739;5.21088217
7740;5.04384551
7741;5.04384551
7742;5.04384551
7743;5.04384551
7744;5.22630106
7745;5.22630106
7746;5.22630106
7747;5.22630106
7748;5.36313182
7749;5.36313182
7750;5.36313182
7751;5.36313182
7752;6.06673574
7753;6.06673574
7754;6.06673574
7755;6.06673574
7756;6.38065906
7757;6.38065906
7758;6.38065906
7759;6.38065906
7760;6.36220956
7761;6.36220956
7762;6.36220956
7763;6.36220956
7764;5.75518634
7765;5.75518634
7766;5.75518634
7767;5.75518634
7768;7.09857153
7769;7.09857153
7770;7.09857153
7771;7.09857153
7772;9.3244093
7773;9.3244093
7774;9.3244093
7775;9.3244093
7776;7.24270109
7777;7.24270109
7778;7.24270109
7779;7.24270109
7780;5.12981967
7781;5.12981967
7782;5.12981967
7783;5.12981967
7784;5.13943918
7785;5.13943918
7786;5.13943918
7787;5.13943918
7788;5.10024468
7789;5.10024468
7790;5.10024468
7791;5.10024468
7792;5.2552309
7793;5.2552309
7794;5.2552309
7795;5.2552309
7796;5.65359815
7797;5.65359815
7798;5.65359815
7799;5.65359815
7800;7.29328807
7801;7.29328807
7802;7.29328807
7803;7.29328807
7804;8.89491179
7805;8.89491179
7806;8.89491179
7807;8.89491179
7808;8.26453483
7809;8.26453483
7810;8.26453483
7811;8.26453483
7812;8.26924328
7813;8.26924328
7814;8.26924328
7815;8.26924328
7816;6.5289994
7817;6.5289994
7818;6.5289994
7819;6.5289994
7820;6.39555133
7821;6.39555133
7822;6.39555133
7823;6.39555133
7824;7.20538208
7825;7.20538208
7826;7.20538208
7827;7.20538208
7828;6.33110888
7829;6.33110888
7830;6.33110888
7831;6.33110888
7832;6.10084002
7833;6.10084002
7834;6.10084002
7835;6.10084002
7836;6.10804506
7837;6.10804506
7838;6.10804506
7839;6.10804506
7840;6.30978119
7841;6.30978119
7842;6.30978119
7843;6.30978119
7844;6.32550459
7845;6.32550459
7846;6.32550459
7847;6.32550459
7848;6.78213851
7849;6.78213851
7850;6.78213851
7851;6.78213851
7852;6.57661503
7853;6.57661503
7854;6.57661503
7855;6.57661503
7856;6.04315817
7857;6.04315817
7858;6.04315817
7859;6.04315817
7860;5.76308207
7861;5.76308207
7862;5.76308207
7863;5.76308207
7864;6.20303704
7865;6.20303704
7866;6.20303704
7867;6.20303704
7868;10.4351062
7869;10.4351062
7870;10.4351062
7871;10.4351062
7872;7.58255169
7873;7.58255169
7874;7.58255169
7875;7.58255169
7876;5.16030574
7877;5.16030574
7878;5.16030574
7879;5.16030574
7880;5.17354935
7881;5.17354935
7882;5.17354935
7883;5.17354935
7884;5.13486691
7885;5.13486691
7886;5.13486691
7887;5.13486691
7888;4.63544484
7889;4.63544484
7890;4.63544484
7891;4.63544484
7892;2.9080873
7893;2.9080873
7894;2.9080873
7895;2.9080873
7896;7.08974599
7897;7.08974599
7898;7.08974599
7899;7.08974599
7900;9.05353165
7901;9.05353165
7902;9.05353165
7903;9.05353165
7904;8.39238478
7905;8.39238478
7906;8.39238478
7907;8.39238478
7908;7.11719413
7909;7.11719413
7910;7.11719413
7911;7.11719413
7912;6.56450733
7913;6.56450733
7914;6.56450733
7915;6.56450733
7916;6.06816038
7917;6.06816038
7918;6.06816038
7919;6.06816038
7920;6.77417809
7921;6.77417809
7922;6.77417809
7923;6.77417809
7924;6.40269548
7925;6.40269548
7926;6.40269548
7927;6.40269548
7928;6.14305665
7929;6.14305665
7930;6.14305665
7931;6.14305665
7932;5.88665702
7933;5.88665702
7934;5.88665702
7935;5.88665702
7936;6.09497759
7937;6.09497759
7938;6.09497759
7939;6.09497759
7940;7.01048673
7941;7.01048673
7942;7.01048673
7943;7.01048673
7944;9.50593977
7945;9.50593977
7946;9.50593977
7947;9.50593977
7948;9.00258273
7949;9.00258273
7950;9.00258273
7951;9.00258273
7952;8.2649204
7953;8.2649204
7954;8.2649204
7955;8.2649204
7956;6.32553973
7957;6.32553973
7958;6.32553973
7959;6.32553973
7960;7.80656429
7961;7.80656429
7962;7.80656429
7963;7.80656429
7964;9.81144656
7965;9.81144656
7966;9.81144656
7967;9.81144656
7968;6.05262872
7969;6.05262872
7970;6.05262872
7971;6.05262872
7972;5.36809249
7973;5.36809249
7974;5.36809249
7975;5.36809249
7976;5.09248465
7977;5.09248465
7978;5.09248465
7979;5.09248465
7980;5.03066067
7981;5.03066067
7982;5.03066067
7983;5.03066067
7984;3.04588558
7985;3.04588558
7986;3.04588558
7987;3.04588558
7988;2.97465796
7989;2.97465796
7990;2.97465796
7991;2.97465796
7992;7.00982077
7993;7.00982077
7994;7.00982077
7995;7.00982077
7996;8.63884293
7997;8.63884293
7998;8.63884293
7999;8.63884293
8000;7.77643869
8001;7.77643869
8002;7.77643869
8003;7.77643869
8004;7.37032867
8005;7.37032867
8006;7.37032867
8007;7.37032867
8008;6.70129462
8009;6.70129462
8010;6.70129462
8011;6.70129462
8012;5.95098142
8013;5.95098142
8014;5.95098142
8015;5.95098142
8016;6.31736777
8017;6.31736777
8018;6.31736777
8019;6.31736777
8020;6.33828845
8021;6.33828845
8022;6.33828845
8023;6.33828845
8024;7.54207364
8025;7.54207364
8026;7.54207364
8027;7.54207364
8028;6.52699156
8029;6.52699156
8030;6.52699156
8031;6.52699156
8032;7.60512437
8033;7.60512437
8034;7.60512437
8035;7.60512437
8036;7.2452988
8037;7.2452988
8038;7.2452988
8039;7.2452988
8040;7.88977461
8041;7.88977461
8042;7.88977461
8043;7.88977461
8044;8.92927712
8045;8.92927712
8046;8.92927712
8047;8.92927712
8048;9.77851493
8049;9.77851493
8050;9.77851493
8051;9.77851493
8052;7.88383837
8053;7.88383837
8054;7.88383837
8055;7.88383837
8056;9.57644036
8057;9.57644036
8058;9.57644036
8059;9.57644036
8060;8.12117296
8061;8.12117296
8062;8.12117296
8063;8.12117296
8064;5.69164394
8065;5.69164394
8066;5.69164394
8067;5.69164394
8068;5.21828542
8069;5.21828542
8070;5.21828542
8071;5.21828542
8072;5.18632944
8073;5.18632944
8074;5.18632944
8075;5.18632944
8076;3.08328481
8077;3.08328481
8078;3.08328481
8079;3.08328481
8080;2.47978973
8081;2.47978973
8082;2.47978973
8083;2.47978973
8084;3.25446667
8085;3.25446667
8086;3.25446667
8087;3.25446667
8088;7.35347484
8089;7.35347484
8090;7.35347484
8091;7.35347484
8092;8.70972398
8093;8.70972398
8094;8.70972398
8095;8.70972398
8096;7.7172949
8097;7.7172949
8098;7.7172949
8099;7.7172949
8100;7.37420351
8101;7.37420351
8102;7.37420351
8103;7.37420351
8104;7.80184658
8105;7.80184658
8106;7.80184658
8107;7.80184658
8108;7.30968038
8109;7.30968038
8110;7.30968038
8111;7.30968038
8112;6.90161357
8113;6.90161357
8114;6.90161357
8115;6.90161357
8116;5.86800224
8117;5.86800224
8118;5.86800224
8119;5.86800224
8120;5.96107
8121;5.96107
8122;5.96107
8123;5.96107
8124;5.90746543
8125;5.90746543
8126;5.90746543
8127;5.90746543
8128;5.98587364
8129;5.98587364
8130;5.98587364
8131;5.98587364
8132;7.34749192
8133;7.34749192
8134;7.34749192
8135;7.34749192
8136;9.62148336
8137;9.62148336
8138;9.62148336
8139;9.62148336
8140;8.91501584
8141;8.91501584
8142;8.91501584
8143;8.91501584
8144;9.46117966
8145;9.46117966
8146;9.46117966
8147;9.46117966
8148;6.0576463
8149;6.0576463
8150;6.0576463
8151;6.0576463
8152;8.12872068
8153;8.12872068
8154;8.12872068
8155;8.12872068
8156;12.1361275
8157;12.1361275
8158;12.1361275
8159;12.1361275
8160;7.97316995
8161;7.97316995
8162;7.97316995
8163;7.97316995
8164;5.19153235
8165;5.19153235
8166;5.19153235
8167;5.19153235
8168;5.08688726
8169;5.08688726
8170;5.08688726
8171;5.08688726
8172;5.03842545
8173;5.03842545
8174;5.03842545
8175;5.03842545
8176;4.59510347
8177;4.59510347
8178;4.59510347
8179;4.59510347
8180;3.10896138
8181;3.10896138
8182;3.10896138
8183;3.10896138
8184;7.37616393
8185;7.37616393
8186;7.37616393
8187;7.37616393
8188;8.60739156
8189;8.60739156
8190;8.60739156
8191;8.60739156
8192;7.91602452
8193;7.91602452
8194;7.91602452
8195;7.91602452
8196;6.76482826
8197;6.76482826
8198;6.76482826
8199;6.76482826
8200;6.20527101
8201;6.20527101
8202;6.20527101
8203;6.20527101
8204;6.38552071
8205;6.38552071
8206;6.38552071
8207;6.38552071
8208;7.88856857
8209;7.88856857
8210;7.88856857
8211;7.88856857
8212;5.65767537
8213;5.65767537
8214;5.65767537
8215;5.65767537
8216;5.6223842
8217;5.6223842
8218;5.6223842
8219;5.6223842
8220;6.85658601
8221;6.85658601
8222;6.85658601
8223;6.85658601
8224;5.98361646
8225;5.98361646
8226;5.98361646
8227;5.98361646
8228;6.90865645
8229;6.90865645
8230;6.90865645
8231;6.90865645
8232;7.82568823
8233;7.82568823
8234;7.82568823
8235;7.82568823
8236;8.67554408
8237;8.67554408
8238;8.67554408
8239;8.67554408
8240;8.30691551
8241;8.30691551
8242;8.30691551
8243;8.30691551
8244;7.55866611
8245;7.55866611
8246;7.55866611
8247;7.55866611
8248;7.87393392
8249;7.87393392
8250;7.87393392
8251;7.87393392
8252;7.92425865
8253;7.92425865
8254;7.92425865
8255;7.92425865
8256;6.91103774
8257;6.91103774
8258;6.91103774
8259;6.91103774
8260;5.52800994
8261;5.52800994
8262;5.52800994
8263;5.52800994
8264;5.29810414
8265;5.29810414
8266;5.29810414
8267;5.29810414
8268;1.92234037
8269;1.92234037
8270;1.92234037
8271;1.92234037
8272;1.86331166
8273;1.86331166
8274;1.86331166
8275;1.86331166
8276;2.29218319
8277;2.29218319
8278;2.29218319
8279;2.29218319
8280;4.68340989
8281;4.68340989
8282;4.68340989
8283;4.68340989
8284;6.38925058
8285;6.38925058
8286;6.38925058
8287;6.38925058
8288;7.98756998
8289;7.98756998
8290;7.98756998
8291;7.98756998
8292;8.66987439
8293;8.66987439
8294;8.66987439
8295;8.66987439
8296;8.15993663
8297;8.15993663
8298;8.15993663
8299;8.15993663
8300;7.37216586
8301;7.37216586
8302;7.37216586
8303;7.37216586
8304;7.79979076
8305;7.79979076
8306;7.79979076
8307;7.79979076
8308;7.65881488
8309;7.65881488
8310;7.65881488
8311;7.65881488
8312;7.29650197
8313;7.29650197
8314;7.29650197
8315;7.29650197
8316;6.00890062
8317;6.00890062
8318;6.00890062
8319;6.00890062
8320;6.43540525
8321;6.43540525
8322;6.43540525
8323;6.43540525
8324;7.74472162
8325;7.74472162
8326;7.74472162
8327;7.74472162
8328;8.55974483
8329;8.55974483
8330;8.55974483
8331;8.55974483
8332;8.63873892
8333;8.63873892
8334;8.63873892
8335;8.63873892
8336;8.82045422
8337;8.82045422
8338;8.82045422
8339;8.82045422
8340;8.77348673
8341;8.77348673
8342;8.77348673
8343;8.77348673
8344;8.93914901
8345;8.93914901
8346;8.93914901
8347;8.93914901
8348;8.62783444
8349;8.62783444
8350;8.62783444
8351;8.62783444
8352;5.56677274
8353;5.56677274
8354;5.56677274
8355;5.56677274
8356;4.31751107
8357;4.31751107
8358;4.31751107
8359;4.31751107
8360;2.14857602
8361;2.14857602
8362;2.14857602
8363;2.14857602
8364;2.05394379
8365;2.05394379
8366;2.05394379
8367;2.05394379
8368;2.03493223
8369;2.03493223
8370;2.03493223
8371;2.03493223
8372;2.44251205
8373;2.44251205
8374;2.44251205
8375;2.44251205
8376;5.11232862
8377;5.11232862
8378;5.11232862
8379;5.11232862
8380;6.42606398
8381;6.42606398
8382;6.42606398
8383;6.42606398
8384;8.03176406
8385;8.03176406
8386;8.03176406
8387;8.03176406
8388;9.16879038
8389;9.16879038
8390;9.16879038
8391;9.16879038
8392;9.22876069
8393;9.22876069
8394;9.22876069
8395;9.22876069
8396;8.29422701
8397;8.29422701
8398;8.29422701
8399;8.29422701
8400;7.7078547
8401;7.7078547
8402;7.7078547
8403;7.7078547
8404;6.84460351
8405;6.84460351
8406;6.84460351
8407;6.84460351
8408;6.6094299
8409;6.6094299
8410;6.6094299
8411;6.6094299
8412;6.26952539
8413;6.26952539
8414;6.26952539
8415;6.26952539
8416;6.79498542
8417;6.79498542
8418;6.79498542
8419;6.79498542
8420;7.47514177
8421;7.47514177
8422;7.47514177
8423;7.47514177
8424;8.89702411
8425;8.89702411
8426;8.89702411
8427;8.89702411
8428;9.36738623
8429;9.36738623
8430;9.36738623
8431;9.36738623
8432;8.22563649
8433;8.22563649
8434;8.22563649
8435;8.22563649
8436;5.78753519
8437;5.78753519
8438;5.78753519
8439;5.78753519
8440;8.73603418
8441;8.73603418
8442;8.73603418
8443;8.73603418
8444;10.224363
8445;10.224363
8446;10.224363
8447;10.224363
8448;5.60507127
8449;5.60507127
8450;5.60507127
8451;5.60507127
8452;5.15279991
8453;5.15279991
8454;5.15279991
8455;5.15279991
8456;5.15137997
8457;5.15137997
8458;5.15137997
8459;5.15137997
8460;5.07585474
8461;5.07585474
8462;5.07585474
8463;5.07585474
8464;2.21618148
8465;2.21618148
8466;2.21618148
8467;2.21618148
8468;2.72346199
8469;2.72346199
8470;2.72346199
8471;2.72346199
8472;6.78327853
8473;6.78327853
8474;6.78327853
8475;6.78327853
8476;8.70021221
8477;8.70021221
8478;8.70021221
8479;8.70021221
8480;8.0146628
8481;8.0146628
8482;8.0146628
8483;8.0146628
8484;8.19958806
8485;8.19958806
8486;8.19958806
8487;8.19958806
8488;6.53616737
8489;6.53616737
8490;6.53616737
8491;6.53616737
8492;6.33685714
8493;6.33685714
8494;6.33685714
8495;6.33685714
8496;6.75108264
8497;6.75108264
8498;6.75108264
8499;6.75108264
8500;5.51585151
8501;5.51585151
8502;5.51585151
8503;5.51585151
8504;5.18105185
8505;5.18105185
8506;5.18105185
8507;5.18105185
8508;5.09968719
8509;5.09968719
8510;5.09968719
8511;5.09968719
8512;5.22252326
8513;5.22252326
8514;5.22252326
8515;5.22252326
8516;6.05003663
8517;6.05003663
8518;6.05003663
8519;6.05003663
8520;8.11436929
8521;8.11436929
8522;8.11436929
8523;8.11436929
8524;8.52302601
8525;8.52302601
8526;8.52302601
8527;8.52302601
8528;8.26085279
8529;8.26085279
8530;8.26085279
8531;8.26085279
8532;7.58057484
8533;7.58057484
8534;7.58057484
8535;7.58057484
8536;7.5861122
8537;7.5861122
8538;7.5861122
8539;7.5861122
8540;7.91515441
8541;7.91515441
8542;7.91515441
8543;7.91515441
8544;4.75288165
8545;4.75288165
8546;4.75288165
8547;4.75288165
8548;1.77425588
8549;1.77425588
8550;1.77425588
8551;1.77425588
8552;1.76065647
8553;1.76065647
8554;1.76065647
8555;1.76065647
8556;1.75380935
8557;1.75380935
8558;1.75380935
8559;1.75380935
8560;1.94984083
8561;1.94984083
8562;1.94984083
8563;1.94984083
8564;2.55503838
8565;2.55503838
8566;2.55503838
8567;2.55503838
8568;6.39601413
8569;6.39601413
8570;6.39601413
8571;6.39601413
8572;9.16474862
8573;9.16474862
8574;9.16474862
8575;9.16474862
8576;8.32005624
8577;8.32005624
8578;8.32005624
8579;8.32005624
8580;7.23497916
8581;7.23497916
8582;7.23497916
8583;7.23497916
8584;6.43710267
8585;6.43710267
8586;6.43710267
8587;6.43710267
8588;6.08548199
8589;6.08548199
8590;6.08548199
8591;6.08548199
8592;6.72207569
8593;6.72207569
8594;6.72207569
8595;6.72207569
8596;6.40424574
8597;6.40424574
8598;6.40424574
8599;6.40424574
8600;6.16735135
8601;6.16735135
8602;6.16735135
8603;6.16735135
8604;5.85116787
8605;5.85116787
8606;5.85116787
8607;5.85116787
8608;5.97780367
8609;5.97780367
8610;5.97780367
8611;5.97780367
8612;6.76414413
8613;6.76414413
8614;6.76414413
8615;6.76414413
8616;9.40334674
8617;9.40334674
8618;9.40334674
8619;9.40334674
8620;8.75834104
8621;8.75834104
8622;8.75834104
8623;8.75834104
8624;8.09317869
8625;8.09317869
8626;8.09317869
8627;8.09317869
8628;7.48722759
8629;7.48722759
8630;7.48722759
8631;7.48722759
8632;7.31813067
8633;7.31813067
8634;7.31813067
8635;7.31813067
8636;8.72558721
8637;8.72558721
8638;8.72558721
8639;8.72558721
8640;5.38951495
8641;5.38951495
8642;5.38951495
8643;5.38951495
8644;2.43830861
8645;2.43830861
8646;2.43830861
8647;2.43830861
8648;2.22821576
8649;2.22821576
8650;2.22821576
8651;2.22821576
8652;2.20447972
8653;2.20447972
8654;2.20447972
8655;2.20447972
8656;2.32540541
8657;2.32540541
8658;2.32540541
8659;2.32540541
8660;3.02234673
8661;3.02234673
8662;3.02234673
8663;3.02234673
8664;6.94107024
8665;6.94107024
8666;6.94107024
8667;6.94107024
8668;8.33256232
8669;8.33256232
8670;8.33256232
8671;8.33256232
8672;7.45043334
8673;7.45043334
8674;7.45043334
8675;7.45043334
8676;7.03801096
8677;7.03801096
8678;7.03801096
8679;7.03801096
8680;6.53117802
8681;6.53117802
8682;6.53117802
8683;6.53117802
8684;6.07762195
8685;6.07762195
8686;6.07762195
8687;6.07762195
8688;6.61794781
8689;6.61794781
8690;6.61794781
8691;6.61794781
8692;6.7708565
8693;6.7708565
8694;6.7708565
8695;6.7708565
8696;7.84633821
8697;7.84633821
8698;7.84633821
8699;7.84633821
8700;6.91732518
8701;6.91732518
8702;6.91732518
8703;6.91732518
8704;7.81867959
8705;7.81867959
8706;7.81867959
8707;7.81867959
8708;7.40085536
8709;7.40085536
8710;7.40085536
8711;7.40085536
8712;7.87003336
8713;7.87003336
8714;7.87003336
8715;7.87003336
8716;8.52279979
8717;8.52279979
8718;8.52279979
8719;8.52279979
8720;9.36936704
8721;9.36936704
8722;9.36936704
8723;9.36936704
8724;7.55145177
8725;7.55145177
8726;7.55145177
8727;7.55145177
8728;9.0879902
8729;9.0879902
8730;9.0879902
8731;9.0879902
8732;7.81148876
8733;7.81148876
8734;7.81148876
8735;7.81148876
8736;5.55252008
8737;5.55252008
8738;5.55252008
8739;5.55252008
8740;5.06827911
8741;5.06827911
8742;5.06827911
8743;5.06827911
8744;4.70678554
8745;4.70678554
8746;4.70678554
8747;4.70678554
8748;1.45266783
8749;1.45266783
8750;1.45266783
8751;1.45266783
8752;1.64533917
8753;1.64533917
8754;1.64533917
8755;1.64533917
8756;2.20771795
8757;2.20771795
8758;2.20771795
8759;2.20771795
8760;5.71619501
8761;5.71619501
8762;5.71619501
8763;5.71619501
8764;8.25507704
8765;8.25507704
8766;8.25507704
8767;8.25507704
8768;7.28193564
8769;7.28193564
8770;7.28193564
8771;7.28193564
8772;7.0752223
8773;7.0752223
8774;7.0752223
8775;7.0752223
8776;7.41053517
8777;7.41053517
8778;7.41053517
8779;7.41053517
8780;6.84522375
8781;6.84522375
8782;6.84522375
8783;6.84522375
8784;6.09067534
8785;6.09067534
8786;6.09067534
8787;6.09067534
8788;3.89564644
8789;3.89564644
8790;3.89564644
8791;3.89564644
8792;3.79223266
8793;3.79223266
8794;3.79223266
8795;3.79223266
8796;3.54793511
8797;3.54793511
8798;3.54793511
8799;3.54793511
8800;3.52321777
8801;3.52321777
8802;3.52321777
8803;3.52321777
8804;4.86377654
8805;4.86377654
8806;4.86377654
8807;4.86377654
8808;7.49166625
8809;7.49166625
8810;7.49166625
8811;7.49166625
8812;7.2614204
8813;7.2614204
8814;7.2614204
8815;7.2614204
8816;8.19705339
8817;8.19705339
8818;8.19705339
8819;8.19705339
8820;6.77829939
8821;6.77829939
8822;6.77829939
8823;6.77829939
8824;6.83130392
8825;6.83130392
8826;6.83130392
8827;6.83130392
8828;5.88421901
8829;5.88421901
8830;5.88421901
8831;5.88421901
8832;3.0504811
8833;3.0504811
8834;3.0504811
8835;3.0504811
8836;0.899376894
8837;0.899376894
8838;0.899376894
8839;0.899376894
8840;0.836804797
8841;0.836804797
8842;0.836804797
8843;0.836804797
8844;0.840532459
8845;0.840532459
8846;0.840532459
8847;0.840532459
8848;0.971488258
8849;0.971488258
8850;0.971488258
8851;0.971488258
8852;1.44008867
8853;1.44008867
8854;1.44008867
8855;1.44008867
8856;4.02364076
8857;4.02364076
8858;4.02364076
8859;4.02364076
8860;6.70862661
8861;6.70862661
8862;6.70862661
8863;6.70862661
8864;6.68456246
8865;6.68456246
8866;6.68456246
8867;6.68456246
8868;4.60102025
8869;4.60102025
8870;4.60102025
8871;4.60102025
8872;3.12996607
8873;3.12996607
8874;3.12996607
8875;3.12996607
8876;2.96223459
8877;2.96223459
8878;2.96223459
8879;2.96223459
8880;4.2489526
8881;4.2489526
8882;4.2489526
8883;4.2489526
8884;2.44428706
8885;2.44428706
8886;2.44428706
8887;2.44428706
8888;2.37128127
8889;2.37128127
8890;2.37128127
8891;2.37128127
8892;3.34987123
8893;3.34987123
8894;3.34987123
8895;3.34987123
8896;2.54619628
8897;2.54619628
8898;2.54619628
8899;2.54619628
8900;3.4581064
8901;3.4581064
8902;3.4581064
8903;3.4581064
8904;4.60937879
8905;4.60937879
8906;4.60937879
8907;4.60937879
8908;5.58347457
8909;5.58347457
8910;5.58347457
8911;5.58347457
8912;5.36775463
8913;5.36775463
8914;5.36775463
8915;5.36775463
8916;4.65901943
8917;4.65901943
8918;4.65901943
8919;4.65901943
8920;4.31358129
8921;4.31358129
8922;4.31358129
8923;4.31358129
8924;3.72802267
8925;3.72802267
8926;3.72802267
8927;3.72802267
8928;3.05818875
8929;3.05818875
8930;3.05818875
8931;3.05818875
8932;1.35883163
8933;1.35883163
8934;1.35883163
8935;1.35883163
8936;1.26096786
8937;1.26096786
8938;1.26096786
8939;1.26096786
8940;1.15316824
8941;1.15316824
8942;1.15316824
8943;1.15316824
8944;1.15475685
8945;1.15475685
8946;1.15475685
8947;1.15475685
8948;1.45969925
8949;1.45969925
8950;1.45969925
8951;1.45969925
8952;2.87798436
8953;2.87798436
8954;2.87798436
8955;2.87798436
8956;4.47577079
8957;4.47577079
8958;4.47577079
8959;4.47577079
8960;6.35274852
8961;6.35274852
8962;6.35274852
8963;6.35274852
8964;7.44347466
8965;7.44347466
8966;7.44347466
8967;7.44347466
8968;6.55806694
8969;6.55806694
8970;6.55806694
8971;6.55806694
8972;5.36118264
8973;5.36118264
8974;5.36118264
8975;5.36118264
8976;5.34745547
8977;5.34745547
8978;5.34745547
8979;5.34745547
8980;5.122289
8981;5.122289
8982;5.122289
8983;5.122289
8984;4.65357046
8985;4.65357046
8986;4.65357046
8987;4.65357046
8988;3.33615963
8989;3.33615963
8990;3.33615963
8991;3.33615963
8992;3.65720728
8993;3.65720728
8994;3.65720728
8995;3.65720728
8996;5.25289982
8997;5.25289982
8998;5.25289982
8999;5.25289982
9000;6.63253637
9001;6.63253637
9002;6.63253637
9003;6.63253637
9004;6.91634418
9005;6.91634418
9006;6.91634418
9007;6.91634418
9008;6.98136618
9009;6.98136618
9010;6.98136618
9011;6.98136618
9012;6.97325676
9013;6.97325676
9014;6.97325676
9015;6.97325676
9016;6.2617734
9017;6.2617734
9018;6.2617734
9019;6.2617734
9020;4.93378267
9021;4.93378267
9022;4.93378267
9023;4.93378267
9024;1.9819553
9025;1.9819553
9026;1.9819553
9027;1.9819553
9028;1.59621834
9029;1.59621834
9030;1.59621834
9031;1.59621834
9032;1.51825972
9033;1.51825972
9034;1.51825972
9035;1.51825972
9036;1.44512001
9037;1.44512001
9038;1.44512001
9039;1.44512001
9040;1.44363044
9041;1.44363044
9042;1.44363044
9043;1.44363044
9044;1.75314597
9045;1.75314597
9046;1.75314597
9047;1.75314597
9048;3.55183638
9049;3.55183638
9050;3.55183638
9051;3.55183638
9052;5.29600453
9053;5.29600453
9054;5.29600453
9055;5.29600453
9056;7.2946717
9057;7.2946717
9058;7.2946717
9059;7.2946717
9060;8.23529255
9061;8.23529255
9062;8.23529255
9063;8.23529255
9064;8.28575471
9065;8.28575471
9066;8.28575471
9067;8.28575471
9068;6.99579898
9069;6.99579898
9070;6.99579898
9071;6.99579898
9072;6.71057844
9073;6.71057844
9074;6.71057844
9075;6.71057844
9076;5.99244817
9077;5.99244817
9078;5.99244817
9079;5.99244817
9080;5.04632862
9081;5.04632862
9082;5.04632862
9083;5.04632862
9084;4.31914453
9085;4.31914453
9086;4.31914453
9087;4.31914453
9088;4.71404697
9089;4.71404697
9090;4.71404697
9091;4.71404697
9092;5.8438244
9093;5.8438244
9094;5.8438244
9095;5.8438244
9096;8.10494665
9097;8.10494665
9098;8.10494665
9099;8.10494665
9100;8.52788679
9101;8.52788679
9102;8.52788679
9103;8.52788679
9104;8.39969154
9105;8.39969154
9106;8.39969154
9107;8.39969154
9108;7.48972799
9109;7.48972799
9110;7.48972799
9111;7.48972799
9112;8.06111092
9113;8.06111092
9114;8.06111092
9115;8.06111092
9116;6.55671758
9117;6.55671758
9118;6.55671758
9119;6.55671758
9120;2.07702478
9121;2.07702478
9122;2.07702478
9123;2.07702478
9124;1.47821704
9125;1.47821704
9126;1.47821704
9127;1.47821704
9128;1.45973636
9129;1.45973636
9130;1.45973636
9131;1.45973636
9132;1.48326708
9133;1.48326708
9134;1.48326708
9135;1.48326708
9136;1.65296652
9137;1.65296652
9138;1.65296652
9139;1.65296652
9140;2.21914352
9141;2.21914352
9142;2.21914352
9143;2.21914352
9144;5.50922075
9145;5.50922075
9146;5.50922075
9147;5.50922075
9148;8.38849111
9149;8.38849111
9150;8.38849111
9151;8.38849111
9152;7.83689919
9153;7.83689919
9154;7.83689919
9155;7.83689919
9156;7.7905675
9157;7.7905675
9158;7.7905675
9159;7.7905675
9160;6.32047899
9161;6.32047899
9162;6.32047899
9163;6.32047899
9164;5.94367899
9165;5.94367899
9166;5.94367899
9167;5.94367899
9168;5.44957154
9169;5.44957154
9170;5.44957154
9171;5.44957154
9172;3.97885307
9173;3.97885307
9174;3.97885307
9175;3.97885307
9176;3.62714399
9177;3.62714399
9178;3.62714399
9179;3.62714399
9180;3.46135866
9181;3.46135866
9182;3.46135866
9183;3.46135866
9184;3.57247487
9185;3.57247487
9186;3.57247487
9187;3.57247487
9188;4.58438203
9189;4.58438203
9190;4.58438203
9191;4.58438203
9192;7.21619428
9193;7.21619428
9194;7.21619428
9195;7.21619428
9196;7.89081602
9197;7.89081602
9198;7.89081602
9199;7.89081602
9200;7.42576622
9201;7.42576622
9202;7.42576622
9203;7.42576622
9204;6.66035735
9205;6.66035735
9206;6.66035735
9207;6.66035735
9208;5.59260145
9209;5.59260145
9210;5.59260145
9211;5.59260145
9212;4.68126467
9213;4.68126467
9214;4.68126467
9215;4.68126467
9216;2.38545219
9217;2.38545219
9218;2.38545219
9219;2.38545219
9220;1.05458197
9221;1.05458197
9222;1.05458197
9223;1.05458197
9224;1.04728097
9225;1.04728097
9226;1.04728097
9227;1.04728097
9228;1.06060926
9229;1.06060926
9230;1.06060926
9231;1.06060926
9232;1.21169209
9233;1.21169209
9234;1.21169209
9235;1.21169209
9236;1.68379674
9237;1.68379674
9238;1.68379674
9239;1.68379674
9240;4.33475043
9241;4.33475043
9242;4.33475043
9243;4.33475043
9244;7.99172708
9245;7.99172708
9246;7.99172708
9247;7.99172708
9248;7.88499125
9249;7.88499125
9250;7.88499125
9251;7.88499125
9252;5.84437416
9253;5.84437416
9254;5.84437416
9255;5.84437416
9256;4.0188873
9257;4.0188873
9258;4.0188873
9259;4.0188873
9260;2.92763877
9261;2.92763877
9262;2.92763877
9263;2.92763877
9264;3.38218393
9265;3.38218393
9266;3.38218393
9267;3.38218393
9268;3.23750886
9269;3.23750886
9270;3.23750886
9271;3.23750886
9272;2.99789155
9273;2.99789155
9274;2.99789155
9275;2.99789155
9276;2.73582909
9277;2.73582909
9278;2.73582909
9279;2.73582909
9280;2.90579537
9281;2.90579537
9282;2.90579537
9283;2.90579537
9284;3.82894532
9285;3.82894532
9286;3.82894532
9287;3.82894532
9288;6.37209239
9289;6.37209239
9290;6.37209239
9291;6.37209239
9292;6.08928295
9293;6.08928295
9294;6.08928295
9295;6.08928295
9296;5.5708927
9297;5.5708927
9298;5.5708927
9299;5.5708927
9300;4.96859231
9301;4.96859231
9302;4.96859231
9303;4.96859231
9304;4.27885721
9305;4.27885721
9306;4.27885721
9307;4.27885721
9308;4.84428467
9309;4.84428467
9310;4.84428467
9311;4.84428467
9312;2.47929173
9313;2.47929173
9314;2.47929173
9315;2.47929173
9316;1.17245164
9317;1.17245164
9318;1.17245164
9319;1.17245164
9320;0.96628093
9321;0.96628093
9322;0.96628093
9323;0.96628093
9324;0.95221386
9325;0.95221386
9326;0.95221386
9327;0.95221386
9328;1.1067649
9329;1.1067649
9330;1.1067649
9331;1.1067649
9332;1.57358656
9333;1.57358656
9334;1.57358656
9335;1.57358656
9336;3.92930458
9337;3.92930458
9338;3.92930458
9339;3.92930458
9340;6.93602279
9341;6.93602279
9342;6.93602279
9343;6.93602279
9344;6.79984134
9345;6.79984134
9346;6.79984134
9347;6.79984134
9348;5.15487462
9349;5.15487462
9350;5.15487462
9351;5.15487462
9352;3.63487092
9353;3.63487092
9354;3.63487092
9355;3.63487092
9356;2.67339261
9357;2.67339261
9358;2.67339261
9359;2.67339261
9360;3.0278158
9361;3.0278158
9362;3.0278158
9363;3.0278158
9364;3.28947137
9365;3.28947137
9366;3.28947137
9367;3.28947137
9368;4.28532481
9369;4.28532481
9370;4.28532481
9371;4.28532481
9372;3.30567644
9373;3.30567644
9374;3.30567644
9375;3.30567644
9376;4.21961725
9377;4.21961725
9378;4.21961725
9379;4.21961725
9380;3.94558082
9381;3.94558082
9382;3.94558082
9383;3.94558082
9384;4.75670243
9385;4.75670243
9386;4.75670243
9387;4.75670243
9388;5.74441037
9389;5.74441037
9390;5.74441037
9391;5.74441037
9392;6.65641327
9393;6.65641327
9394;6.65641327
9395;6.65641327
9396;4.79059799
9397;4.79059799
9398;4.79059799
9399;4.79059799
9400;5.91036677
9401;5.91036677
9402;5.91036677
9403;5.91036677
9404;4.07391915
9405;4.07391915
9406;4.07391915
9407;4.07391915
9408;1.94703538
9409;1.94703538
9410;1.94703538
9411;1.94703538
9412;0.853683136
9413;0.853683136
9414;0.853683136
9415;0.853683136
9416;0.810155614
9417;0.810155614
9418;0.810155614
9419;0.810155614
9420;0.835696672
9421;0.835696672
9422;0.835696672
9423;0.835696672
9424;0.951729906
9425;0.951729906
9426;0.951729906
9427;0.951729906
9428;1.42959933
9429;1.42959933
9430;1.42959933
9431;1.42959933
9432;3.91522511
9433;3.91522511
9434;3.91522511
9435;3.91522511
9436;6.48746709
9437;6.48746709
9438;6.48746709
9439;6.48746709
9440;6.2518154
9441;6.2518154
9442;6.2518154
9443;6.2518154
9444;4.72514138
9445;4.72514138
9446;4.72514138
9447;4.72514138
9448;4.25715247
9449;4.25715247
9450;4.25715247
9451;4.25715247
9452;3.52980071
9453;3.52980071
9454;3.52980071
9455;3.52980071
9456;3.08003753
9457;3.08003753
9458;3.08003753
9459;3.08003753
9460;2.26810087
9461;2.26810087
9462;2.26810087
9463;2.26810087
9464;2.25399826
9465;2.25399826
9466;2.25399826
9467;2.25399826
9468;2.10476204
9469;2.10476204
9470;2.10476204
9471;2.10476204
9472;2.14767708
9473;2.14767708
9474;2.14767708
9475;2.14767708
9476;3.48661482
9477;3.48661482
9478;3.48661482
9479;3.48661482
9480;5.88159978
9481;5.88159978
9482;5.88159978
9483;5.88159978
9484;5.62069684
9485;5.62069684
9486;5.62069684
9487;5.62069684
9488;6.58004115
9489;6.58004115
9490;6.58004115
9491;6.58004115
9492;4.9676234
9493;4.9676234
9494;4.9676234
9495;4.9676234
9496;5.50837185
9497;5.50837185
9498;5.50837185
9499;5.50837185
9500;5.15426916
9501;5.15426916
9502;5.15426916
9503;5.15426916
9504;3.03157992
9505;3.03157992
9506;3.03157992
9507;3.03157992
9508;0.977393444
9509;0.977393444
9510;0.977393444
9511;0.977393444
9512;0.937457471
9513;0.937457471
9514;0.937457471
9515;0.937457471
9516;0.909557265
9517;0.909557265
9518;0.909557265
9519;0.909557265
9520;1.04307453
9521;1.04307453
9522;1.04307453
9523;1.04307453
9524;1.51322619
9525;1.51322619
9526;1.51322619
9527;1.51322619
9528;4.17331747
9529;4.17331747
9530;4.17331747
9531;4.17331747
9532;7.16460289
9533;7.16460289
9534;7.16460289
9535;7.16460289
9536;6.74830991
9537;6.74830991
9538;6.74830991
9539;6.74830991
9540;4.88139265
9541;4.88139265
9542;4.88139265
9543;4.88139265
9544;3.53955674
9545;3.53955674
9546;3.53955674
9547;3.53955674
9548;3.3540658
9549;3.3540658
9550;3.3540658
9551;3.3540658
9552;4.58529915
9553;4.58529915
9554;4.58529915
9555;4.58529915
9556;2.78518832
9557;2.78518832
9558;2.78518832
9559;2.78518832
9560;2.71294196
9561;2.71294196
9562;2.71294196
9563;2.71294196
9564;3.68484126
9565;3.68484126
9566;3.68484126
9567;3.68484126
9568;2.89228767
9569;2.89228767
9570;2.89228767
9571;2.89228767
9572;3.82967645
9573;3.82967645
9574;3.82967645
9575;3.82967645
9576;5.08751624
9577;5.08751624
9578;5.08751624
9579;5.08751624
9580;6.31221393
9581;6.31221393
9582;6.31221393
9583;6.31221393
9584;6.40451463
9585;6.40451463
9586;6.40451463
9587;6.40451463
9588;5.67965589
9589;5.67965589
9590;5.67965589
9591;5.67965589
9592;5.06663453
9593;5.06663453
9594;5.06663453
9595;5.06663453
9596;4.14951918
9597;4.14951918
9598;4.14951918
9599;4.14951918
9600;3.35292892
9601;3.35292892
9602;3.35292892
9603;3.35292892
9604;1.51386867
9605;1.51386867
9606;1.51386867
9607;1.51386867
9608;1.37322378
9609;1.37322378
9610;1.37322378
9611;1.37322378
9612;1.25871869
9613;1.25871869
9614;1.25871869
9615;1.25871869
9616;1.24915381
9617;1.24915381
9618;1.24915381
9619;1.24915381
9620;1.53891789
9621;1.53891789
9622;1.53891789
9623;1.53891789
9624;3.03904402
9625;3.03904402
9626;3.03904402
9627;3.03904402
9628;4.80539771
9629;4.80539771
9630;4.80539771
9631;4.80539771
9632;6.58110595
9633;6.58110595
9634;6.58110595
9635;6.58110595
9636;7.7821121
9637;7.7821121
9638;7.7821121
9639;7.7821121
9640;6.95850073
9641;6.95850073
9642;6.95850073
9643;6.95850073
9644;5.68869748
9645;5.68869748
9646;5.68869748
9647;5.68869748
9648;5.57326964
9649;5.57326964
9650;5.57326964
9651;5.57326964
9652;5.29978573
9653;5.29978573
9654;5.29978573
9655;5.29978573
9656;4.79570886
9657;4.79570886
9658;4.79570886
9659;4.79570886
9660;3.47055111
9661;3.47055111
9662;3.47055111
9663;3.47055111
9664;3.69943453
9665;3.69943453
9666;3.69943453
9667;3.69943453
9668;5.09084855
9669;5.09084855
9670;5.09084855
9671;5.09084855
9672;6.35902074
9673;6.35902074
9674;6.35902074
9675;6.35902074
9676;6.60631777
9677;6.60631777
9678;6.60631777
9679;6.60631777
9680;6.77601423
9681;6.77601423
9682;6.77601423
9683;6.77601423
9684;6.64755872
9685;6.64755872
9686;6.64755872
9687;6.64755872
9688;6.02952795
9689;6.02952795
9690;6.02952795
9691;6.02952795
9692;4.82013839
9693;4.82013839
9694;4.82013839
9695;4.82013839
9696;1.45428751
9697;1.45428751
9698;1.45428751
9699;1.45428751
9700;1.10183277
9701;1.10183277
9702;1.10183277
9703;1.10183277
9704;1.01914174
9705;1.01914174
9706;1.01914174
9707;1.01914174
9708;0.947034885
9709;0.947034885
9710;0.947034885
9711;0.947034885
9712;0.949140472
9713;0.949140472
9714;0.949140472
9715;0.949140472
9716;1.17162966
9717;1.17162966
9718;1.17162966
9719;1.17162966
9720;2.20657589
9721;2.20657589
9722;2.20657589
9723;2.20657589
9724;3.53298499
9725;3.53298499
9726;3.53298499
9727;3.53298499
9728;5.40189396
9729;5.40189396
9730;5.40189396
9731;5.40189396
9732;6.60885572
9733;6.60885572
9734;6.60885572
9735;6.60885572
9736;7.00858411
9737;7.00858411
9738;7.00858411
9739;7.00858411
9740;5.60391854
9741;5.60391854
9742;5.60391854
9743;5.60391854
9744;4.87966371
9745;4.87966371
9746;4.87966371
9747;4.87966371
9748;3.71921476
9749;3.71921476
9750;3.71921476
9751;3.71921476
9752;3.26818623
9753;3.26818623
9754;3.26818623
9755;3.26818623
9756;2.88868718
9757;2.88868718
9758;2.88868718
9759;2.88868718
9760;3.24997458
9761;3.24997458
9762;3.24997458
9763;3.24997458
9764;4.10970888
9765;4.10970888
9766;4.10970888
9767;4.10970888
9768;5.92605233
9769;5.92605233
9770;5.92605233
9771;5.92605233
9772;6.69452219
9773;6.69452219
9774;6.69452219
9775;6.69452219
9776;6.42448415
9777;6.42448415
9778;6.42448415
9779;6.42448415
9780;5.33276582
9781;5.33276582
9782;5.33276582
9783;5.33276582
9784;5.32759069
9785;5.32759069
9786;5.32759069
9787;5.32759069
9788;3.48924556
9789;3.48924556
9790;3.48924556
9791;3.48924556
9792;2.05595579
9793;2.05595579
9794;2.05595579
9795;2.05595579
9796;1.55407045
9797;1.55407045
9798;1.55407045
9799;1.55407045
9800;1.61077399
9801;1.61077399
9802;1.61077399
9803;1.61077399
9804;1.60856852
9805;1.60856852
9806;1.60856852
9807;1.60856852
9808;1.72184382
9809;1.72184382
9810;1.72184382
9811;1.72184382
9812;2.33596847
9813;2.33596847
9814;2.33596847
9815;2.33596847
9816;5.72545489
9817;5.72545489
9818;5.72545489
9819;5.72545489
9820;8.41631163
9821;8.41631163
9822;8.41631163
9823;8.41631163
9824;7.6678425
9825;7.6678425
9826;7.6678425
9827;7.6678425
9828;7.08672978
9829;7.08672978
9830;7.08672978
9831;7.08672978
9832;5.5014338
9833;5.5014338
9834;5.5014338
9835;5.5014338
9836;5.28011502
9837;5.28011502
9838;5.28011502
9839;5.28011502
9840;5.876704
9841;5.876704
9842;5.876704
9843;5.876704
9844;4.21824686
9845;4.21824686
9846;4.21824686
9847;4.21824686
9848;3.6000918
9849;3.6000918
9850;3.6000918
9851;3.6000918
9852;3.52712898
9853;3.52712898
9854;3.52712898
9855;3.52712898
9856;3.79185928
9857;3.79185928
9858;3.79185928
9859;3.79185928
9860;5.05991593
9861;5.05991593
9862;5.05991593
9863;5.05991593
9864;8.00375995
9865;8.00375995
9866;8.00375995
9867;8.00375995
9868;8.14951635
9869;8.14951635
9870;8.14951635
9871;8.14951635
9872;7.74784246
9873;7.74784246
9874;7.74784246
9875;7.74784246
9876;7.06657203
9877;7.06657203
9878;7.06657203
9879;7.06657203
9880;7.15643107
9881;7.15643107
9882;7.15643107
9883;7.15643107
9884;7.55784372
9885;7.55784372
9886;7.55784372
9887;7.55784372
9888;2.55365753
9889;2.55365753
9890;2.55365753
9891;2.55365753
9892;1.03686829
9893;1.03686829
9894;1.03686829
9895;1.03686829
9896;1.02213699
9897;1.02213699
9898;1.02213699
9899;1.02213699
9900;1.01914861
9901;1.01914861
9902;1.01914861
9903;1.01914861
9904;1.17862088
9905;1.17862088
9906;1.17862088
9907;1.17862088
9908;1.66190636
9909;1.66190636
9910;1.66190636
9911;1.66190636
9912;4.2653081
9913;4.2653081
9914;4.2653081
9915;4.2653081
9916;7.77296403
9917;7.77296403
9918;7.77296403
9919;7.77296403
9920;7.71276371
9921;7.71276371
9922;7.71276371
9923;7.71276371
9924;5.34917966
9925;5.34917966
9926;5.34917966
9927;5.34917966
9928;3.64841123
9929;3.64841123
9930;3.64841123
9931;3.64841123
9932;2.79198996
9933;2.79198996
9934;2.79198996
9935;2.79198996
9936;3.34671448
9937;3.34671448
9938;3.34671448
9939;3.34671448
9940;3.24695887
9941;3.24695887
9942;3.24695887
9943;3.24695887
9944;3.01830446
9945;3.01830446
9946;3.01830446
9947;3.01830446
9948;2.73285572
9949;2.73285572
9950;2.73285572
9951;2.73285572
9952;2.90131569
9953;2.90131569
9954;2.90131569
9955;2.90131569
9956;3.8288382
9957;3.8288382
9958;3.8288382
9959;3.8288382
9960;6.39212137
9961;6.39212137
9962;6.39212137
9963;6.39212137
9964;6.15894891
9965;6.15894891
9966;6.15894891
9967;6.15894891
9968;5.60155315
9969;5.60155315
9970;5.60155315
9971;5.60155315
9972;4.9727385
9973;4.9727385
9974;4.9727385
9975;4.9727385
9976;4.27358187
9977;4.27358187
9978;4.27358187
9979;4.27358187
9980;4.86192807
9981;4.86192807
9982;4.86192807
9983;4.86192807
9984;2.48352316
9985;2.48352316
9986;2.48352316
9987;2.48352316
9988;1.15455261
9989;1.15455261
9990;1.15455261
9991;1.15455261
9992;0.93177931
9993;0.93177931
9994;0.93177931
9995;0.93177931
9996;0.892248317
9997;0.892248317
9998;0.892248317
9999;0.892248317
10000;1.05421501
10001;1.05421501
10002;1.05421501
10003;1.05421501
10004;1.53094024
10005;1.53094024
10006;1.53094024
10007;1.53094024
10008;3.87529243
10009;3.87529243
10010;3.87529243
10011;3.87529243
10012;6.88654157
10013;6.88654157
10014;6.88654157
10015;6.88654157
10016;6.53477127
10017;6.53477127
10018;6.53477127
10019;6.53477127
10020;4.85787261
10021;4.85787261
10022;4.85787261
10023;4.85787261
10024;3.6041972
10025;3.6041972
10026;3.6041972
10027;3.6041972
10028;2.70437717
10029;2.70437717
10030;2.70437717
10031;2.70437717
10032;3.04673918
10033;3.04673918
10034;3.04673918
10035;3.04673918
10036;3.33653656
10037;3.33653656
10038;3.33653656
10039;3.33653656
10040;4.29868018
10041;4.29868018
10042;4.29868018
10043;4.29868018
10044;3.3020877
10045;3.3020877
10046;3.3020877
10047;3.3020877
10048;4.21228252
10049;4.21228252
10050;4.21228252
10051;4.21228252
10052;3.95284536
10053;3.95284536
10054;3.95284536
10055;3.95284536
10056;4.7861972
10057;4.7861972
10058;4.7861972
10059;4.7861972
10060;5.82767652
10061;5.82767652
10062;5.82767652
10063;5.82767652
10064;6.64174119
10065;6.64174119
10066;6.64174119
10067;6.64174119
10068;4.75622528
10069;4.75622528
10070;4.75622528
10071;4.75622528
10072;5.83969544
10073;5.83969544
10074;5.83969544
10075;5.83969544
10076;4.00334502
10077;4.00334502
10078;4.00334502
10079;4.00334502
10080;1.85628796
10081;1.85628796
10082;1.85628796
10083;1.85628796
10084;0.822062964
10085;0.822062964
10086;0.822062964
10087;0.822062964
10088;0.77064124
10089;0.77064124
10090;0.77064124
10091;0.77064124
10092;0.798253555
10093;0.798253555
10094;0.798253555
10095;0.798253555
10096;0.916394572
10097;0.916394572
10098;0.916394572
10099;0.916394572
10100;1.37712731
10101;1.37712731
10102;1.37712731
10103;1.37712731
10104;3.76791155
10105;3.76791155
10106;3.76791155
10107;3.76791155
10108;6.15496845
10109;6.15496845
10110;6.15496845
10111;6.15496845
10112;5.83948368
10113;5.83948368
10114;5.83948368
10115;5.83948368
10116;4.7178055
10117;4.7178055
10118;4.7178055
10119;4.7178055
10120;4.38371614
10121;4.38371614
10122;4.38371614
10123;4.38371614
10124;3.64692475
10125;3.64692475
10126;3.64692475
10127;3.64692475
10128;3.20235438
10129;3.20235438
10130;3.20235438
10131;3.20235438
10132;2.39703974
10133;2.39703974
10134;2.39703974
10135;2.39703974
10136;2.36597979
10137;2.36597979
10138;2.36597979
10139;2.36597979
10140;2.19735589
10141;2.19735589
10142;2.19735589
10143;2.19735589
10144;2.24607262
10145;2.24607262
10146;2.24607262
10147;2.24607262
10148;3.61798716
10149;3.61798716
10150;3.61798716
10151;3.61798716
10152;6.07426433
10153;6.07426433
10154;6.07426433
10155;6.07426433
10156;5.84949119
10157;5.84949119
10158;5.84949119
10159;5.84949119
10160;6.77727513
10161;6.77727513
10162;6.77727513
10163;6.77727513
10164;5.26632193
10165;5.26632193
10166;5.26632193
10167;5.26632193
10168;5.74212352
10169;5.74212352
10170;5.74212352
10171;5.74212352
10172;5.28827516
10173;5.28827516
10174;5.28827516
10175;5.28827516
10176;2.94349842
10177;2.94349842
10178;2.94349842
10179;2.94349842
10180;0.822182428
10181;0.822182428
10182;0.822182428
10183;0.822182428
10184;0.774978543
10185;0.774978543
10186;0.774978543
10187;0.774978543
10188;0.78708024
10189;0.78708024
10190;0.78708024
10191;0.78708024
10192;0.918764033
10193;0.918764033
10194;0.918764033
10195;0.918764033
10196;1.38588748
10197;1.38588748
10198;1.38588748
10199;1.38588748
10200;3.84471912
10201;3.84471912
10202;3.84471912
10203;3.84471912
10204;6.37537562
10205;6.37537562
10206;6.37537562
10207;6.37537562
10208;6.07123435
10209;6.07123435
10210;6.07123435
10211;6.07123435
10212;4.02748659
10213;4.02748659
10214;4.02748659
10215;4.02748659
10216;2.82722186
10217;2.82722186
10218;2.82722186
10219;2.82722186
10220;2.74714689
10221;2.74714689
10222;2.74714689
10223;2.74714689
10224;4.06199587
10225;4.06199587
10226;4.06199587
10227;4.06199587
10228;2.26153547
10229;2.26153547
10230;2.26153547
10231;2.26153547
10232;2.19945971
10233;2.19945971
10234;2.19945971
10235;2.19945971
10236;3.18893247
10237;3.18893247
10238;3.18893247
10239;3.18893247
10240;2.39137092
10241;2.39137092
10242;2.39137092
10243;2.39137092
10244;3.29483621
10245;3.29483621
10246;3.29483621
10247;3.29483621
10248;4.38453103
10249;4.38453103
10250;4.38453103
10251;4.38453103
10252;5.28651538
10253;5.28651538
10254;5.28651538
10255;5.28651538
10256;5.10373193
10257;5.10373193
10258;5.10373193
10259;5.10373193
10260;4.33149926
10261;4.33149926
10262;4.33149926
10263;4.33149926
10264;4.13216003
10265;4.13216003
10266;4.13216003
10267;4.13216003
10268;3.66104307
10269;3.66104307
10270;3.66104307
10271;3.66104307
10272;2.74622404
10273;2.74622404
10274;2.74622404
10275;2.74622404
10276;1.05158171
10277;1.05158171
10278;1.05158171
10279;1.05158171
10280;0.925667746
10281;0.925667746
10282;0.925667746
10283;0.925667746
10284;0.804738812
10285;0.804738812
10286;0.804738812
10287;0.804738812
10288;0.768330967
10289;0.768330967
10290;0.768330967
10291;0.768330967
10292;0.989888778
10293;0.989888778
10294;0.989888778
10295;0.989888778
10296;1.74477971
10297;1.74477971
10298;1.74477971
10299;1.74477971
10300;2.83668269
10301;2.83668269
10302;2.83668269
10303;2.83668269
10304;4.59020678
10305;4.59020678
10306;4.59020678
10307;4.59020678
10308;5.56815334
10309;5.56815334
10310;5.56815334
10311;5.56815334
10312;5.21313992
10313;5.21313992
10314;5.21313992
10315;5.21313992
10316;4.312734
10317;4.312734
10318;4.312734
10319;4.312734
10320;4.44800212
10321;4.44800212
10322;4.44800212
10323;4.44800212
10324;4.26613058
10325;4.26613058
10326;4.26613058
10327;4.26613058
10328;3.8556699
10329;3.8556699
10330;3.8556699
10331;3.8556699
10332;2.56960073
10333;2.56960073
10334;2.56960073
10335;2.56960073
10336;2.7984488
10337;2.7984488
10338;2.7984488
10339;2.7984488
10340;4.13362773
10341;4.13362773
10342;4.13362773
10343;4.13362773
10344;5.16786672
10345;5.16786672
10346;5.16786672
10347;5.16786672
10348;5.36399686
10349;5.36399686
10350;5.36399686
10351;5.36399686
10352;5.50344698
10353;5.50344698
10354;5.50344698
10355;5.50344698
10356;5.38289893
10357;5.38289893
10358;5.38289893
10359;5.38289893
10360;5.08083451
10361;5.08083451
10362;5.08083451
10363;5.08083451
10364;4.34443392
10365;4.34443392
10366;4.34443392
10367;4.34443392
10368;1.14004536
10369;1.14004536
10370;1.14004536
10371;1.14004536
10372;0.777143351
10373;0.777143351
10374;0.777143351
10375;0.777143351
10376;0.690892144
10377;0.690892144
10378;0.690892144
10379;0.690892144
10380;0.617257779
10381;0.617257779
10382;0.617257779
10383;0.617257779
10384;0.614955388
10385;0.614955388
10386;0.614955388
10387;0.614955388
10388;0.759884342
10389;0.759884342
10390;0.759884342
10391;0.759884342
10392;1.27663368
10393;1.27663368
10394;1.27663368
10395;1.27663368
10396;2.35891334
10397;2.35891334
10398;2.35891334
10399;2.35891334
10400;4.07006125
10401;4.07006125
10402;4.07006125
10403;4.07006125
10404;5.44139669
10405;5.44139669
10406;5.44139669
10407;5.44139669
10408;6.07949322
10409;6.07949322
10410;6.07949322
10411;6.07949322
10412;4.86963193
10413;4.86963193
10414;4.86963193
10415;4.86963193
10416;4.26570155
10417;4.26570155
10418;4.26570155
10419;4.26570155
10420;3.21725443
10421;3.21725443
10422;3.21725443
10423;3.21725443
10424;2.85331503
10425;2.85331503
10426;2.85331503
10427;2.85331503
10428;2.493179
10429;2.493179
10430;2.493179
10431;2.493179
10432;2.84452747
10433;2.84452747
10434;2.84452747
10435;2.84452747
10436;3.59529978
10437;3.59529978
10438;3.59529978
10439;3.59529978
10440;5.08246086
10441;5.08246086
10442;5.08246086
10443;5.08246086
10444;5.67285735
10445;5.67285735
10446;5.67285735
10447;5.67285735
10448;5.34106351
10449;5.34106351
10450;5.34106351
10451;5.34106351
10452;4.17676447
10453;4.17676447
10454;4.17676447
10455;4.17676447
10456;4.49265899
10457;4.49265899
10458;4.49265899
10459;4.49265899
10460;3.07829925
10461;3.07829925
10462;3.07829925
10463;3.07829925
10464;1.07841646
10465;1.07841646
10466;1.07841646
10467;1.07841646
10468;0.605347671
10469;0.605347671
10470;0.605347671
10471;0.605347671
10472;0.602577224
10473;0.602577224
10474;0.602577224
10475;0.602577224
10476;0.596516848
10477;0.596516848
10478;0.596516848
10479;0.596516848
10480;0.71816007
10481;0.71816007
10482;0.71816007
10483;0.71816007
10484;1.14863562
10485;1.14863562
10486;1.14863562
10487;1.14863562
10488;3.0319669
10489;3.0319669
10490;3.0319669
10491;3.0319669
10492;5.52924867
10493;5.52924867
10494;5.52924867
10495;5.52924867
10496;5.42562481
10497;5.42562481
10498;5.42562481
10499;5.42562481
10500;4.44099652
10501;4.44099652
10502;4.44099652
10503;4.44099652
10504;2.49750833
10505;2.49750833
10506;2.49750833
10507;2.49750833
10508;2.03048892
10509;2.03048892
10510;2.03048892
10511;2.03048892
10512;2.64669728
10513;2.64669728
10514;2.64669728
10515;2.64669728
10516;1.97732865
10517;1.97732865
10518;1.97732865
10519;1.97732865
10520;1.76250268
10521;1.76250268
10522;1.76250268
10523;1.76250268
10524;1.70142913
10525;1.70142913
10526;1.70142913
10527;1.70142913
10528;1.84746693
10529;1.84746693
10530;1.84746693
10531;1.84746693
10532;2.76205112
10533;2.76205112
10534;2.76205112
10535;2.76205112
10536;4.90709557
10537;4.90709557
10538;4.90709557
10539;4.90709557
10540;5.41146428
10541;5.41146428
10542;5.41146428
10543;5.41146428
10544;4.85585847
10545;4.85585847
10546;4.85585847
10547;4.85585847
10548;3.85761513
10549;3.85761513
10550;3.85761513
10551;3.85761513
10552;3.48983368
10553;3.48983368
10554;3.48983368
10555;3.48983368
10556;3.55691613
10557;3.55691613
10558;3.55691613
10559;3.55691613
10560;1.6259246
10561;1.6259246
10562;1.6259246
10563;1.6259246
10564;0.513281074
10565;0.513281074
10566;0.513281074
10567;0.513281074
10568;0.508709564
10569;0.508709564
10570;0.508709564
10571;0.508709564
10572;0.505406845
10573;0.505406845
10574;0.505406845
10575;0.505406845
10576;0.633632197
10577;0.633632197
10578;0.633632197
10579;0.633632197
10580;1.01425756
10581;1.01425756
10582;1.01425756
10583;1.01425756
10584;2.77476696
10585;2.77476696
10586;2.77476696
10587;2.77476696
10588;5.47752909
10589;5.47752909
10590;5.47752909
10591;5.47752909
10592;5.17015018
10593;5.17015018
10594;5.17015018
10595;5.17015018
10596;3.32939738
10597;3.32939738
10598;3.32939738
10599;3.32939738
10600;2.25293275
10601;2.25293275
10602;2.25293275
10603;2.25293275
10604;1.67320502
10605;1.67320502
10606;1.67320502
10607;1.67320502
10608;2.36200363
10609;2.36200363
10610;2.36200363
10611;2.36200363
10612;2.24803606
10613;2.24803606
10614;2.24803606
10615;2.24803606
10616;2.06106989
10617;2.06106989
10618;2.06106989
10619;2.06106989
10620;1.81573601
10621;1.81573601
10622;1.81573601
10623;1.81573601
10624;1.98570229
10625;1.98570229
10626;1.98570229
10627;1.98570229
10628;2.8586665
10629;2.8586665
10630;2.8586665
10631;2.8586665
10632;5.16761347
10633;5.16761347
10634;5.16761347
10635;5.16761347
10636;4.86163987
10637;4.86163987
10638;4.86163987
10639;4.86163987
10640;4.30406699
10641;4.30406699
10642;4.30406699
10643;4.30406699
10644;3.62175148
10645;3.62175148
10646;3.62175148
10647;3.62175148
10648;3.22942755
10649;3.22942755
10650;3.22942755
10651;3.22942755
10652;4.25014238
10653;4.25014238
10654;4.25014238
10655;4.25014238
10656;1.92997731
10657;1.92997731
10658;1.92997731
10659;1.92997731
10660;0.742803408
10661;0.742803408
10662;0.742803408
10663;0.742803408
10664;0.525048664
10665;0.525048664
10666;0.525048664
10667;0.525048664
10668;0.503276428
10669;0.503276428
10670;0.503276428
10671;0.503276428
10672;0.626833707
10673;0.626833707
10674;0.626833707
10675;0.626833707
10676;1.01382705
10677;1.01382705
10678;1.01382705
10679;1.01382705
10680;2.63219531
10681;2.63219531
10682;2.63219531
10683;2.63219531
10684;4.89827755
10685;4.89827755
10686;4.89827755
10687;4.89827755
10688;4.45311567
10689;4.45311567
10690;4.45311567
10691;4.45311567
10692;3.30681718
10693;3.30681718
10694;3.30681718
10695;3.30681718
10696;2.40092767
10697;2.40092767
10698;2.40092767
10699;2.40092767
10700;1.72647411
10701;1.72647411
10702;1.72647411
10703;1.72647411
10704;2.21219831
10705;2.21219831
10706;2.21219831
10707;2.21219831
10708;2.48935598
10709;2.48935598
10710;2.48935598
10711;2.48935598
10712;3.49924622
10713;3.49924622
10714;3.49924622
10715;3.49924622
10716;2.53363465
10717;2.53363465
10718;2.53363465
10719;2.53363465
10720;3.44757546
10721;3.44757546
10722;3.44757546
10723;3.44757546
10724;3.13142863
10725;3.13142863
10726;3.13142863
10727;3.13142863
10728;3.74603506
10729;3.74603506
10730;3.74603506
10731;3.74603506
10732;4.72624747
10733;4.72624747
10734;4.72624747
10735;4.72624747
10736;5.59108968
10737;5.59108968
10738;5.59108968
10739;5.59108968
10740;3.68323778
10741;3.68323778
10742;3.68323778
10743;3.68323778
10744;5.04010314
10745;5.04010314
10746;5.04010314
10747;5.04010314
10748;3.59280593
10749;3.59280593
10750;3.59280593
10751;3.59280593
10752;1.61406977
10753;1.61406977
10754;1.61406977
10755;1.61406977
10756;0.624853887
10757;0.624853887
10758;0.624853887
10759;0.624853887
10760;0.57260838
10761;0.57260838
10762;0.57260838
10763;0.57260838
10764;0.590124768
10765;0.590124768
10766;0.590124768
10767;0.590124768
10768;0.709415062
10769;0.709415062
10770;0.709415062
10771;0.709415062
10772;1.12809033
10773;1.12809033
10774;1.12809033
10775;1.12809033
10776;3.20652998
10777;3.20652998
10778;3.20652998
10779;3.20652998
10780;5.34574846
10781;5.34574846
10782;5.34574846
10783;5.34574846
10784;4.86762619
10785;4.86762619
10786;4.86762619
10787;4.86762619
10788;3.84655061
10789;3.84655061
10790;3.84655061
10791;3.84655061
10792;3.70235923
10793;3.70235923
10794;3.70235923
10795;3.70235923
10796;3.1096954
10797;3.1096954
10798;3.1096954
10799;3.1096954
10800;2.75203477
10801;2.75203477
10802;2.75203477
10803;2.75203477
10804;1.9722087
10805;1.9722087
10806;1.9722087
10807;1.9722087
10808;2.02090245
10809;2.02090245
10810;2.02090245
10811;2.02090245
10812;1.8720224
10813;1.8720224
10814;1.8720224
10815;1.8720224
10816;1.91348844
10817;1.91348844
10818;1.91348844
10819;1.91348844
10820;3.21922581
10821;3.21922581
10822;3.21922581
10823;3.21922581
10824;5.50519815
10825;5.50519815
10826;5.50519815
10827;5.50519815
10828;5.22001416
10829;5.22001416
10830;5.22001416
10831;5.22001416
10832;6.12506006
10833;6.12506006
10834;6.12506006
10835;6.12506006
10836;4.5613684
10837;4.5613684
10838;4.5613684
10839;4.5613684
10840;5.18572831
10841;5.18572831
10842;5.18572831
10843;5.18572831
10844;5.00879675
10845;5.00879675
10846;5.00879675
10847;5.00879675
10848;2.76494243
10849;2.76494243
10850;2.76494243
10851;2.76494243
10852;0.722156252
10853;0.722156252
10854;0.722156252
10855;0.722156252
10856;0.669520502
10857;0.669520502
10858;0.669520502
10859;0.669520502
10860;0.672583572
10861;0.672583572
10862;0.672583572
10863;0.672583572
10864;0.785721685
10865;0.785721685
10866;0.785721685
10867;0.785721685
10868;1.22764996
10869;1.22764996
10870;1.22764996
10871;1.22764996
10872;3.48062915
10873;3.48062915
10874;3.48062915
10875;3.48062915
10876;5.63384365
10877;5.63384365
10878;5.63384365
10879;5.63384365
10880;5.43698698
10881;5.43698698
10882;5.43698698
10883;5.43698698
10884;3.68178475
10885;3.68178475
10886;3.68178475
10887;3.68178475
10888;2.61259918
10889;2.61259918
10890;2.61259918
10891;2.61259918
10892;2.56708967
10893;2.56708967
10894;2.56708967
10895;2.56708967
10896;3.90280932
10897;3.90280932
10898;3.90280932
10899;3.90280932
10900;2.06358092
10901;2.06358092
10902;2.06358092
10903;2.06358092
10904;1.97728328
10905;1.97728328
10906;1.97728328
10907;1.97728328
10908;2.94974869
10909;2.94974869
10910;2.94974869
10911;2.94974869
10912;2.1623044
10913;2.1623044
10914;2.1623044
10915;2.1623044
10916;3.08811683
10917;3.08811683
10918;3.08811683
10919;3.08811683
10920;4.22618532
10921;4.22618532
10922;4.22618532
10923;4.22618532
10924;5.21552372
10925;5.21552372
10926;5.21552372
10927;5.21552372
10928;5.02532626
10929;5.02532626
10930;5.02532626
10931;5.02532626
10932;4.30166014
10933;4.30166014
10934;4.30166014
10935;4.30166014
10936;3.94536077
10937;3.94536077
10938;3.94536077
10939;3.94536077
10940;3.58702307
10941;3.58702307
10942;3.58702307
10943;3.58702307
10944;2.8016135
10945;2.8016135
10946;2.8016135
10947;2.8016135
10948;1.1068543
10949;1.1068543
10950;1.1068543
10951;1.1068543
10952;0.972713253
10953;0.972713253
10954;0.972713253
10955;0.972713253
10956;0.842644652
10957;0.842644652
10958;0.842644652
10959;0.842644652
10960;0.787696656
10961;0.787696656
10962;0.787696656
10963;0.787696656
10964;1.00892024
10965;1.00892024
10966;1.00892024
10967;1.00892024
10968;1.73681553
10969;1.73681553
10970;1.73681553
10971;1.73681553
10972;2.69051191
10973;2.69051191
10974;2.69051191
10975;2.69051191
10976;4.44028724
10977;4.44028724
10978;4.44028724
10979;4.44028724
10980;5.57078136
10981;5.57078136
10982;5.57078136
10983;5.57078136
10984;5.30705424
10985;5.30705424
10986;5.30705424
10987;5.30705424
10988;4.42516925
10989;4.42516925
10990;4.42516925
10991;4.42516925
10992;4.53555484
10993;4.53555484
10994;4.53555484
10995;4.53555484
10996;4.31590998
10997;4.31590998
10998;4.31590998
10999;4.31590998
11000;3.87048642
11001;3.87048642
11002;3.87048642
11003;3.87048642
11004;2.59023325
11005;2.59023325
11006;2.59023325
11007;2.59023325
11008;2.83269272
11009;2.83269272
11010;2.83269272
11011;2.83269272
11012;4.23572502
11013;4.23572502
11014;4.23572502
11015;4.23572502
11016;5.41821435
11017;5.41821435
11018;5.41821435
11019;5.41821435
11020;5.74237888
11021;5.74237888
11022;5.74237888
11023;5.74237888
11024;5.89048909
11025;5.89048909
11026;5.89048909
11027;5.89048909
11028;5.74357034
11029;5.74357034
11030;5.74357034
11031;5.74357034
11032;5.3217983
11033;5.3217983
11034;5.3217983
11035;5.3217983
11036;4.4498869
11037;4.4498869
11038;4.4498869
11039;4.4498869
11040;1.5343449
11041;1.5343449
11042;1.5343449
11043;1.5343449
11044;1.176188
11045;1.176188
11046;1.176188
11047;1.176188
11048;1.10517758
11049;1.10517758
11050;1.10517758
11051;1.10517758
11052;1.03835316
11053;1.03835316
11054;1.03835316
11055;1.03835316
11056;1.03854888
11057;1.03854888
11058;1.03854888
11059;1.03854888
11060;1.27675118
11061;1.27675118
11062;1.27675118
11063;1.27675118
11064;2.46580909
11065;2.46580909
11066;2.46580909
11067;2.46580909
11068;3.88558325
11069;3.88558325
11070;3.88558325
11071;3.88558325
11072;5.79946772
11073;5.79946772
11074;5.79946772
11075;5.79946772
11076;7.36785626
11077;7.36785626
11078;7.36785626
11079;7.36785626
11080;7.94208522
11081;7.94208522
11082;7.94208522
11083;7.94208522
11084;6.44965979
11085;6.44965979
11086;6.44965979
11087;6.44965979
11088;5.51881029
11089;5.51881029
11090;5.51881029
11091;5.51881029
11092;4.23363025
11093;4.23363025
11094;4.23363025
11095;4.23363025
11096;3.70303309
11097;3.70303309
11098;3.70303309
11099;3.70303309
11100;3.26772843
11101;3.26772843
11102;3.26772843
11103;3.26772843
11104;3.64445865
11105;3.64445865
11106;3.64445865
11107;3.64445865
11108;4.57162001
11109;4.57162001
11110;4.57162001
11111;4.57162001
11112;6.57863847
11113;6.57863847
11114;6.57863847
11115;6.57863847
11116;7.43826344
11117;7.43826344
11118;7.43826344
11119;7.43826344
11120;7.14536396
11121;7.14536396
11122;7.14536396
11123;7.14536396
11124;5.96413918
11125;5.96413918
11126;5.96413918
11127;5.96413918
11128;5.91770805
11129;5.91770805
11130;5.91770805
11131;5.91770805
11132;3.67442034
11133;3.67442034
11134;3.67442034
11135;3.67442034
11136;1.44281064
11137;1.44281064
11138;1.44281064
11139;1.44281064
11140;0.934607515
11141;0.934607515
11142;0.934607515
11143;0.934607515
11144;0.932264278
11145;0.932264278
11146;0.932264278
11147;0.932264278
11148;0.923365545
11149;0.923365545
11150;0.923365545
11151;0.923365545
11152;1.06302778
11153;1.06302778
11154;1.06302778
11155;1.06302778
11156;1.54190744
11157;1.54190744
11158;1.54190744
11159;1.54190744
11160;3.96392464
11161;3.96392464
11162;3.96392464
11163;3.96392464
11164;6.91311154
11165;6.91311154
11166;6.91311154
11167;6.91311154
11168;6.85139945
11169;6.85139945
11170;6.85139945
11171;6.85139945
11172;5.87499609
11173;5.87499609
11174;5.87499609
11175;5.87499609
11176;3.50277689
11177;3.50277689
11178;3.50277689
11179;3.50277689
11180;2.8470092
11181;2.8470092
11182;2.8470092
11183;2.8470092
11184;3.32297427
11185;3.32297427
11186;3.32297427
11187;3.32297427
11188;2.64251248
11189;2.64251248
11190;2.64251248
11191;2.64251248
11192;2.37580434
11193;2.37580434
11194;2.37580434
11195;2.37580434
11196;2.27279105
11197;2.27279105
11198;2.27279105
11199;2.27279105
11200;2.41882885
11201;2.41882885
11202;2.41882885
11203;2.41882885
11204;3.36457751
11205;3.36457751
11206;3.36457751
11207;3.36457751
11208;5.65505618
11209;5.65505618
11210;5.65505618
11211;5.65505618
11212;6.15942489
11213;6.15942489
11214;6.15942489
11215;6.15942489
11216;5.60674986
11217;5.60674986
11218;5.60674986
11219;5.60674986
11220;4.64635742
11221;4.64635742
11222;4.64635742
11223;4.64635742
11224;4.08480568
11225;4.08480568
11226;4.08480568
11227;4.08480568
11228;3.87979081
11229;3.87979081
11230;3.87979081
11231;3.87979081
11232;1.91575146
11233;1.91575146
11234;1.91575146
11235;1.91575146
11236;0.766729859
11237;0.766729859
11238;0.766729859
11239;0.766729859
11240;0.781504403
11241;0.781504403
11242;0.781504403
11243;0.781504403
11244;0.794774858
11245;0.794774858
11246;0.794774858
11247;0.794774858
11248;0.922809807
11249;0.922809807
11250;0.922809807
11251;0.922809807
11252;1.36931171
11253;1.36931171
11254;1.36931171
11255;1.36931171
11256;3.55136746
11257;3.55136746
11258;3.55136746
11259;3.55136746
11260;6.46078211
11261;6.46078211
11262;6.46078211
11263;6.46078211
11264;6.20624994
11265;6.20624994
11266;6.20624994
11267;6.20624994
11268;4.28795341
11269;4.28795341
11270;4.28795341
11271;4.28795341
11272;3.06897483
11273;3.06897483
11274;3.06897483
11275;3.06897483
11276;2.3507526
11277;2.3507526
11278;2.3507526
11279;2.3507526
11280;2.93999563
11281;2.93999563
11282;2.93999563
11283;2.93999563
11284;2.77550488
11285;2.77550488
11286;2.77550488
11287;2.77550488
11288;2.51948123
11289;2.51948123
11290;2.51948123
11291;2.51948123
11292;2.22793621
11293;2.22793621
11294;2.22793621
11295;2.22793621
11296;2.40742199
11297;2.40742199
11298;2.40742199
11299;2.40742199
11300;3.37770327
11301;3.37770327
11302;3.37770327
11303;3.37770327
11304;5.96584831
11305;5.96584831
11306;5.96584831
11307;5.96584831
11308;5.78724716
11309;5.78724716
11310;5.78724716
11311;5.78724716
11312;5.23658014
11313;5.23658014
11314;5.23658014
11315;5.23658014
11316;4.5121021
11317;4.5121021
11318;4.5121021
11319;4.5121021
11320;3.84079508
11321;3.84079508
11322;3.84079508
11323;3.84079508
11324;4.54020597
11325;4.54020597
11326;4.54020597
11327;4.54020597
11328;2.07217143
11329;2.07217143
11330;2.07217143
11331;2.07217143
11332;0.84681223
11333;0.84681223
11334;0.84681223
11335;0.84681223
11336;0.630871224
11337;0.630871224
11338;0.630871224
11339;0.630871224
11340;0.615351661
11341;0.615351661
11342;0.615351661
11343;0.615351661
11344;0.749367897
11345;0.749367897
11346;0.749367897
11347;0.749367897
11348;1.16011923
11349;1.16011923
11350;1.16011923
11351;1.16011923
11352;2.99331916
11353;2.99331916
11354;2.99331916
11355;2.99331916
11356;5.51302701
11357;5.51302701
11358;5.51302701
11359;5.51302701
11360;4.96256861
11361;4.96256861
11362;4.96256861
11363;4.96256861
11364;3.72792248
11365;3.72792248
11366;3.72792248
11367;3.72792248
11368;2.72689889
11369;2.72689889
11370;2.72689889
11371;2.72689889
11372;1.98268966
11373;1.98268966
11374;1.98268966
11375;1.98268966
11376;2.43061366
11377;2.43061366
11378;2.43061366
11379;2.43061366
11380;2.71167151
11381;2.71167151
11382;2.71167151
11383;2.71167151
11384;3.71766157
11385;3.71766157
11386;3.71766157
11387;3.71766157
11388;2.74814981
11389;2.74814981
11390;2.74814981
11391;2.74814981
11392;3.66209062
11393;3.66209062
11394;3.66209062
11395;3.66209062
11396;3.35764435
11397;3.35764435
11398;3.35764435
11399;3.35764435
11400;4.02685337
11401;4.02685337
11402;4.02685337
11403;4.02685337
11404;5.00706579
11405;5.00706579
11406;5.00706579
11407;5.00706579
11408;5.85240707
11409;5.85240707
11410;5.85240707
11411;5.85240707
11412;3.9367548
11413;3.9367548
11414;3.9367548
11415;3.9367548
11416;5.20541935
11417;5.20541935
11418;5.20541935
11419;5.20541935
11420;3.66425819
11421;3.66425819
11422;3.66425819
11423;3.66425819
11424;1.6584838
11425;1.6584838
11426;1.6584838
11427;1.6584838
11428;0.669996952
11429;0.669996952
11430;0.669996952
11431;0.669996952
11432;0.614067568
11433;0.614067568
11434;0.614067568
11435;0.614067568
11436;0.633209242
11437;0.633209242
11438;0.633209242
11439;0.633209242
11440;0.784585955
11441;0.784585955
11442;0.784585955
11443;0.784585955
11444;1.22279326
11445;1.22279326
11446;1.22279326
11447;1.22279326
11448;3.45476428
11449;3.45476428
11450;3.45476428
11451;3.45476428
11452;5.85290374
11453;5.85290374
11454;5.85290374
11455;5.85290374
11456;5.48485588
11457;5.48485588
11458;5.48485588
11459;5.48485588
11460;4.45054739
11461;4.45054739
11462;4.45054739
11463;4.45054739
11464;4.10797879
11465;4.10797879
11466;4.10797879
11467;4.10797879
11468;3.41657447
11469;3.41657447
11470;3.41657447
11471;3.41657447
11472;3.01230957
11473;3.01230957
11474;3.01230957
11475;3.01230957
11476;2.24674233
11477;2.24674233
11478;2.24674233
11479;2.24674233
11480;2.27021143
11481;2.27021143
11482;2.27021143
11483;2.27021143
11484;2.13604999
11485;2.13604999
11486;2.13604999
11487;2.13604999
11488;2.16502783
11489;2.16502783
11490;2.16502783
11491;2.16502783
11492;3.45413201
11493;3.45413201
11494;3.45413201
11495;3.45413201
11496;5.79961677
11497;5.79961677
11498;5.79961677
11499;5.79961677
11500;5.49129847
11501;5.49129847
11502;5.49129847
11503;5.49129847
11504;6.35830386
11505;6.35830386
11506;6.35830386
11507;6.35830386
11508;4.72913336
11509;4.72913336
11510;4.72913336
11511;4.72913336
11512;5.32435593
11513;5.32435593
11514;5.32435593
11515;5.32435593
11516;5.08855295
11517;5.08855295
11518;5.08855295
11519;5.08855295
11520;2.71309697
11521;2.71309697
11522;2.71309697
11523;2.71309697
11524;0.716139054
11525;0.716139054
11526;0.716139054
11527;0.716139054
11528;0.664498566
11529;0.664498566
11530;0.664498566
11531;0.664498566
11532;0.667832672
11533;0.667832672
11534;0.667832672
11535;0.667832672
11536;0.789447839
11537;0.789447839
11538;0.789447839
11539;0.789447839
11540;1.22203617
11541;1.22203617
11542;1.22203617
11543;1.22203617
11544;3.46194147
11545;3.46194147
11546;3.46194147
11547;3.46194147
11548;5.71801014
11549;5.71801014
11550;5.71801014
11551;5.71801014
11552;5.60762645
11553;5.60762645
11554;5.60762645
11555;5.60762645
11556;4.00641809
11557;4.00641809
11558;4.00641809
11559;4.00641809
11560;2.68564091
11561;2.68564091
11562;2.68564091
11563;2.68564091
11564;2.61034517
11565;2.61034517
11566;2.61034517
11567;2.61034517
11568;3.89653085
11569;3.89653085
11570;3.89653085
11571;3.89653085
11572;2.17406616
11573;2.17406616
11574;2.17406616
11575;2.17406616
11576;2.10458331
11577;2.10458331
11578;2.10458331
11579;2.10458331
11580;3.04807764
11581;3.04807764
11582;3.04807764
11583;3.04807764
11584;2.29005786
11585;2.29005786
11586;2.29005786
11587;2.29005786
11588;3.19638983
11589;3.19638983
11590;3.19638983
11591;3.19638983
11592;4.28725402
11593;4.28725402
11594;4.28725402
11595;4.28725402
11596;5.20912981
11597;5.20912981
11598;5.20912981
11599;5.20912981
11600;4.94890532
11601;4.94890532
11602;4.94890532
11603;4.94890532
11604;4.18623435
11605;4.18623435
11606;4.18623435
11607;4.18623435
11608;3.94983557
11609;3.94983557
11610;3.94983557
11611;3.94983557
11612;3.51275232
11613;3.51275232
11614;3.51275232
11615;3.51275232
11616;2.63378583
11617;2.63378583
11618;2.63378583
11619;2.63378583
11620;1.01469355
11621;1.01469355
11622;1.01469355
11623;1.01469355
11624;0.884204628
11625;0.884204628
11626;0.884204628
11627;0.884204628
11628;0.761766633
11629;0.761766633
11630;0.761766633
11631;0.761766633
11632;0.722247988
11633;0.722247988
11634;0.722247988
11635;0.722247988
11636;0.946710343
11637;0.946710343
11638;0.946710343
11639;0.946710343
11640;1.67679959
11641;1.67679959
11642;1.67679959
11643;1.67679959
11644;2.69953794
11645;2.69953794
11646;2.69953794
11647;2.69953794
11648;4.39339271
11649;4.39339271
11650;4.39339271
11651;4.39339271
11652;5.56763877
11653;5.56763877
11654;5.56763877
11655;5.56763877
11656;5.29582672
11657;5.29582672
11658;5.29582672
11659;5.29582672
11660;4.41772494
11661;4.41772494
11662;4.41772494
11663;4.41772494
11664;4.48393586
11665;4.48393586
11666;4.48393586
11667;4.48393586
11668;4.22957297
11669;4.22957297
11670;4.22957297
11671;4.22957297
11672;3.77999196
11673;3.77999196
11674;3.77999196
11675;3.77999196
11676;2.52443813
11677;2.52443813
11678;2.52443813
11679;2.52443813
11680;2.76670213
11681;2.76670213
11682;2.76670213
11683;2.76670213
11684;4.1266954
11685;4.1266954
11686;4.1266954
11687;4.1266954
11688;5.26803445
11689;5.26803445
11690;5.26803445
11691;5.26803445
11692;5.58508263
11693;5.58508263
11694;5.58508263
11695;5.58508263
11696;5.69201315
11697;5.69201315
11698;5.69201315
11699;5.69201315
11700;5.57118359
11701;5.57118359
11702;5.57118359
11703;5.57118359
11704;5.1901712
11705;5.1901712
11706;5.1901712
11707;5.1901712
11708;4.33616309
11709;4.33616309
11710;4.33616309
11711;4.33616309
11712;1.37587725
11713;1.37587725
11714;1.37587725
11715;1.37587725
11716;1.02492501
11717;1.02492501
11718;1.02492501
11719;1.02492501
11720;0.938533352
11721;0.938533352
11722;0.938533352
11723;0.938533352
11724;0.876124654
11725;0.876124654
11726;0.876124654
11727;0.876124654
11728;0.894609241
11729;0.894609241
11730;0.894609241
11731;0.894609241
11732;1.08506985
11733;1.08506985
11734;1.08506985
11735;1.08506985
11736;2.00850239
11737;2.00850239
11738;2.00850239
11739;2.00850239
11740;3.40971899
11741;3.40971899
11742;3.40971899
11743;3.40971899
11744;4.99839588
11745;4.99839588
11746;4.99839588
11747;4.99839588
11748;6.33494524
11749;6.33494524
11750;6.33494524
11751;6.33494524
11752;6.85723438
11753;6.85723438
11754;6.85723438
11755;6.85723438
11756;5.57723714
11757;5.57723714
11758;5.57723714
11759;5.57723714
11760;4.80846315
11761;4.80846315
11762;4.80846315
11763;4.80846315
11764;3.74964472
11765;3.74964472
11766;3.74964472
11767;3.74964472
11768;3.35109503
11769;3.35109503
11770;3.35109503
11771;3.35109503
11772;2.95690014
11773;2.95690014
11774;2.95690014
11775;2.95690014
11776;3.30322212
11777;3.30322212
11778;3.30322212
11779;3.30322212
11780;4.09693527
11781;4.09693527
11782;4.09693527
11783;4.09693527
11784;5.68425643
11785;5.68425643
11786;5.68425643
11787;5.68425643
11788;6.31179818
11789;6.31179818
11790;6.31179818
11791;6.31179818
11792;5.95693905
11793;5.95693905
11794;5.95693905
11795;5.95693905
11796;4.74230472
11797;4.74230472
11798;4.74230472
11799;4.74230472
11800;4.8326338
11801;4.8326338
11802;4.8326338
11803;4.8326338
11804;3.20858307
11805;3.20858307
11806;3.20858307
11807;3.20858307
11808;1.20207557
11809;1.20207557
11810;1.20207557
11811;1.20207557
11812;0.756881108
11813;0.756881108
11814;0.756881108
11815;0.756881108
11816;0.752785265
11817;0.752785265
11818;0.752785265
11819;0.752785265
11820;0.745558632
11821;0.745558632
11822;0.745558632
11823;0.745558632
11824;0.876420661
11825;0.876420661
11826;0.876420661
11827;0.876420661
11828;1.34234144
11829;1.34234144
11830;1.34234144
11831;1.34234144
11832;3.49872241
11833;3.49872241
11834;3.49872241
11835;3.49872241
11836;6.21135146
11837;6.21135146
11838;6.21135146
11839;6.21135146
11840;5.89803049
11841;5.89803049
11842;5.89803049
11843;5.89803049
11844;4.93479304
11845;4.93479304
11846;4.93479304
11847;4.93479304
11848;2.90941011
11849;2.90941011
11850;2.90941011
11851;2.90941011
11852;2.4166556
11853;2.4166556
11854;2.4166556
11855;2.4166556
11856;2.95096769
11857;2.95096769
11858;2.95096769
11859;2.95096769
11860;2.28899853
11861;2.28899853
11862;2.28899853
11863;2.28899853
11864;2.06326865
11865;2.06326865
11866;2.06326865
11867;2.06326865
11868;1.99579967
11869;1.99579967
11870;1.99579967
11871;1.99579967
11872;2.14718782
11873;2.14718782
11874;2.14718782
11875;2.14718782
11876;3.07309019
11877;3.07309019
11878;3.07309019
11879;3.07309019
11880;5.2591531
11881;5.2591531
11882;5.2591531
11883;5.2591531
11884;5.77569567
11885;5.77569567
11886;5.77569567
11887;5.77569567
11888;5.24316968
11889;5.24316968
11890;5.24316968
11891;5.24316968
11892;4.24773058
11893;4.24773058
11894;4.24773058
11895;4.24773058
11896;3.76871381
11897;3.76871381
11898;3.76871381
11899;3.76871381
11900;3.65745356
11901;3.65745356
11902;3.65745356
11903;3.65745356
11904;2.12112381
11905;2.12112381
11906;2.12112381
11907;2.12112381
11908;1.00830718
11909;1.00830718
11910;1.00830718
11911;1.00830718
11912;1.01063724
11913;1.01063724
11914;1.01063724
11915;1.01063724
11916;1.01789895
11917;1.01789895
11918;1.01789895
11919;1.01789895
11920;1.11354731
11921;1.11354731
11922;1.11354731
11923;1.11354731
11924;1.59675838
11925;1.59675838
11926;1.59675838
11927;1.59675838
11928;4.07490023
11929;4.07490023
11930;4.07490023
11931;4.07490023
11932;7.04465349
11933;7.04465349
11934;7.04465349
11935;7.04465349
11936;6.91760591
11937;6.91760591
11938;6.91760591
11939;6.91760591
11940;5.21757967
11941;5.21757967
11942;5.21757967
11943;5.21757967
11944;3.87519569
11945;3.87519569
11946;3.87519569
11947;3.87519569
11948;3.04420901
11949;3.04420901
11950;3.04420901
11951;3.04420901
11952;3.51874357
11953;3.51874357
11954;3.51874357
11955;3.51874357
11956;3.28772154
11957;3.28772154
11958;3.28772154
11959;3.28772154
11960;2.96616007
11961;2.96616007
11962;2.96616007
11963;2.96616007
11964;2.68600018
11965;2.68600018
11966;2.68600018
11967;2.68600018
11968;2.92015981
11969;2.92015981
11970;2.92015981
11971;2.92015981
11972;3.95831063
11973;3.95831063
11974;3.95831063
11975;3.95831063
11976;6.69904862
11977;6.69904862
11978;6.69904862
11979;6.69904862
11980;6.6502908
11981;6.6502908
11982;6.6502908
11983;6.6502908
11984;6.15022315
11985;6.15022315
11986;6.15022315
11987;6.15022315
11988;5.5516293
11989;5.5516293
11990;5.5516293
11991;5.5516293
11992;4.58595489
11993;4.58595489
11994;4.58595489
11995;4.58595489
11996;4.89650239
11997;4.89650239
11998;4.89650239
11999;4.89650239
12000;2.72001856
12001;2.72001856
12002;2.72001856
12003;2.72001856
12004;1.44479801
12005;1.44479801
12006;1.44479801
12007;1.44479801
12008;1.24412632
12009;1.24412632
12010;1.24412632
12011;1.24412632
12012;1.2318751
12013;1.2318751
12014;1.2318751
12015;1.2318751
12016;1.35264472
12017;1.35264472
12018;1.35264472
12019;1.35264472
12020;1.87033372
12021;1.87033372
12022;1.87033372
12023;1.87033372
12024;4.56611159
12025;4.56611159
12026;4.56611159
12027;4.56611159
12028;7.39280738
12029;7.39280738
12030;7.39280738
12031;7.39280738
12032;7.03136877
12033;7.03136877
12034;7.03136877
12035;7.03136877
12036;6.06112093
12037;6.06112093
12038;6.06112093
12039;6.06112093
12040;4.49629018
12041;4.49629018
12042;4.49629018
12043;4.49629018
12044;3.46365557
12045;3.46365557
12046;3.46365557
12047;3.46365557
12048;3.67120913
12049;3.67120913
12050;3.67120913
12051;3.67120913
12052;3.80008373
12053;3.80008373
12054;3.80008373
12055;3.80008373
12056;4.60204374
12057;4.60204374
12058;4.60204374
12059;4.60204374
12060;3.61335798
12061;3.61335798
12062;3.61335798
12063;3.61335798
12064;4.54251889
12065;4.54251889
12066;4.54251889
12067;4.54251889
12068;4.47049784
12069;4.47049784
12070;4.47049784
12071;4.47049784
12072;5.81754786
12073;5.81754786
12074;5.81754786
12075;5.81754786
12076;7.18192424
12077;7.18192424
12078;7.18192424
12079;7.18192424
12080;7.99044881
12081;7.99044881
12082;7.99044881
12083;7.99044881
12084;6.42830119
12085;6.42830119
12086;6.42830119
12087;6.42830119
12088;6.86226276
12089;6.86226276
12090;6.86226276
12091;6.86226276
12092;4.45230511
12093;4.45230511
12094;4.45230511
12095;4.45230511
12096;2.32103376
12097;2.32103376
12098;2.32103376
12099;2.32103376
12100;1.1942945
12101;1.1942945
12102;1.1942945
12103;1.1942945
12104;1.14690277
12105;1.14690277
12106;1.14690277
12107;1.14690277
12108;1.16082762
12109;1.16082762
12110;1.16082762
12111;1.16082762
12112;1.27970191
12113;1.27970191
12114;1.27970191
12115;1.27970191
12116;1.82326565
12117;1.82326565
12118;1.82326565
12119;1.82326565
12120;4.79645925
12121;4.79645925
12122;4.79645925
12123;4.79645925
12124;7.45572208
12125;7.45572208
12126;7.45572208
12127;7.45572208
12128;7.03127311
12129;7.03127311
12130;7.03127311
12131;7.03127311
12132;6.09313559
12133;6.09313559
12134;6.09313559
12135;6.09313559
12136;5.32553039
12137;5.32553039
12138;5.32553039
12139;5.32553039
12140;4.43098414
12141;4.43098414
12142;4.43098414
12143;4.43098414
12144;3.90905334
12145;3.90905334
12146;3.90905334
12147;3.90905334
12148;3.0642301
12149;3.0642301
12150;3.0642301
12151;3.0642301
12152;2.93182399
12153;2.93182399
12154;2.93182399
12155;2.93182399
12156;2.73584919
12157;2.73584919
12158;2.73584919
12159;2.73584919
12160;2.78312177
12161;2.78312177
12162;2.78312177
12163;2.78312177
12164;4.2141928
12165;4.2141928
12166;4.2141928
12167;4.2141928
12168;6.93017251
12169;6.93017251
12170;6.93017251
12171;6.93017251
12172;6.93905286
12173;6.93905286
12174;6.93905286
12175;6.93905286
12176;7.7820767
12177;7.7820767
12178;7.7820767
12179;7.7820767
12180;6.23876613
12181;6.23876613
12182;6.23876613
12183;6.23876613
12184;6.20945691
12185;6.20945691
12186;6.20945691
12187;6.20945691
12188;5.41712969
12189;5.41712969
12190;5.41712969
12191;5.41712969
12192;2.94466337
12193;2.94466337
12194;2.94466337
12195;2.94466337
12196;0.867389739
12197;0.867389739
12198;0.867389739
12199;0.867389739
12200;0.830382045
12201;0.830382045
12202;0.830382045
12203;0.830382045
12204;0.837570293
12205;0.837570293
12206;0.837570293
12207;0.837570293
12208;0.963842855
12209;0.963842855
12210;0.963842855
12211;0.963842855
12212;1.4394842
12213;1.4394842
12214;1.4394842
12215;1.4394842
12216;3.97352408
12217;3.97352408
12218;3.97352408
12219;3.97352408
12220;6.51802109
12221;6.51802109
12222;6.51802109
12223;6.51802109
12224;6.12097199
12225;6.12097199
12226;6.12097199
12227;6.12097199
12228;4.11720373
12229;4.11720373
12230;4.11720373
12231;4.11720373
12232;2.89787669
12233;2.89787669
12234;2.89787669
12235;2.89787669
12236;2.80656874
12237;2.80656874
12238;2.80656874
12239;2.80656874
12240;4.0643315
12241;4.0643315
12242;4.0643315
12243;4.0643315
12244;2.3188058
12245;2.3188058
12246;2.3188058
12247;2.3188058
12248;2.25709081
12249;2.25709081
12250;2.25709081
12251;2.25709081
12252;3.20644502
12253;3.20644502
12254;3.20644502
12255;3.20644502
12256;2.44817144
12257;2.44817144
12258;2.44817144
12259;2.44817144
12260;3.35215743
12261;3.35215743
12262;3.35215743
12263;3.35215743
12264;4.47468517
12265;4.47468517
12266;4.47468517
12267;4.47468517
12268;5.44662524
12269;5.44662524
12270;5.44662524
12271;5.44662524
12272;5.20275806
12273;5.20275806
12274;5.20275806
12275;5.20275806
12276;4.40821489
12277;4.40821489
12278;4.40821489
12279;4.40821489
12280;4.12944844
12281;4.12944844
12282;4.12944844
12283;4.12944844
12284;3.6134667
12285;3.6134667
12286;3.6134667
12287;3.6134667
12288;2.62457042
12289;2.62457042
12290;2.62457042
12291;2.62457042
12292;0.990716968
12293;0.990716968
12294;0.990716968
12295;0.990716968
12296;0.855127002
12297;0.855127002
12298;0.855127002
12299;0.855127002
12300;0.729592611
12301;0.729592611
12302;0.729592611
12303;0.729592611
12304;0.684985104
12305;0.684985104
12306;0.684985104
12307;0.684985104
12308;0.90013524
12309;0.90013524
12310;0.90013524
12311;0.90013524
12312;1.56809118
12313;1.56809118
12314;1.56809118
12315;1.56809118
12316;2.50315649
12317;2.50315649
12318;2.50315649
12319;2.50315649
12320;4.28733237
12321;4.28733237
12322;4.28733237
12323;4.28733237
12324;5.44468191
12325;5.44468191
12326;5.44468191
12327;5.44468191
12328;5.19792644
12329;5.19792644
12330;5.19792644
12331;5.19792644
12332;4.33174967
12333;4.33174967
12334;4.33174967
12335;4.33174967
12336;4.42956918
12337;4.42956918
12338;4.42956918
12339;4.42956918
12340;4.21826271
12341;4.21826271
12342;4.21826271
12343;4.21826271
12344;3.76281526
12345;3.76281526
12346;3.76281526
12347;3.76281526
12348;2.48225498
12349;2.48225498
12350;2.48225498
12351;2.48225498
12352;2.71768543
12353;2.71768543
12354;2.71768543
12355;2.71768543
12356;4.06371857
12357;4.06371857
12358;4.06371857
12359;4.06371857
12360;5.16568408
12361;5.16568408
12362;5.16568408
12363;5.16568408
12364;5.42451172
12365;5.42451172
12366;5.42451172
12367;5.42451172
12368;5.56095844
12369;5.56095844
12370;5.56095844
12371;5.56095844
12372;5.39267138
12373;5.39267138
12374;5.39267138
12375;5.39267138
12376;5.03275524
12377;5.03275524
12378;5.03275524
12379;5.03275524
12380;4.24795708
12381;4.24795708
12382;4.24795708
12383;4.24795708
12384;1.0677549
12385;1.0677549
12386;1.0677549
12387;1.0677549
12388;0.710294342
12389;0.710294342
12390;0.710294342
12391;0.710294342
12392;0.621260659
12393;0.621260659
12394;0.621260659
12395;0.621260659
12396;0.545920139
12397;0.545920139
12398;0.545920139
12399;0.545920139
12400;0.541338385
12401;0.541338385
12402;0.541338385
12403;0.541338385
12404;0.676458007
12405;0.676458007
12406;0.676458007
12407;0.676458007
12408;1.08438326
12409;1.08438326
12410;1.08438326
12411;1.08438326
12412;2.04183606
12413;2.04183606
12414;2.04183606
12415;2.04183606
12416;3.71516015
12417;3.71516015
12418;3.71516015
12419;3.71516015
12420;5.10393833
12421;5.10393833
12422;5.10393833
12423;5.10393833
12424;5.77677212
12425;5.77677212
12426;5.77677212
12427;5.77677212
12428;4.69213558
12429;4.69213558
12430;4.69213558
12431;4.69213558
12432;4.10056101
12433;4.10056101
12434;4.10056101
12435;4.10056101
12436;3.05880206
12437;3.05880206
12438;3.05880206
12439;3.05880206
12440;2.69643865
12441;2.69643865
12442;2.69643865
12443;2.69643865
12444;2.34140814
12445;2.34140814
12446;2.34140814
12447;2.34140814
12448;2.68985338
12449;2.68985338
12450;2.68985338
12451;2.68985338
12452;3.43383283
12453;3.43383283
12454;3.43383283
12455;3.43383283
12456;4.86345653
12457;4.86345653
12458;4.86345653
12459;4.86345653
12460;5.44409943
12461;5.44409943
12462;5.44409943
12463;5.44409943
12464;5.12307733
12465;5.12307733
12466;5.12307733
12467;5.12307733
12468;3.92201275
12469;3.92201275
12470;3.92201275
12471;3.92201275
12472;4.23286398
12473;4.23286398
12474;4.23286398
12475;4.23286398
12476;2.91104427
12477;2.91104427
12478;2.91104427
12479;2.91104427
12480;0.934640783
12481;0.934640783
12482;0.934640783
12483;0.934640783
12484;0.501354406
12485;0.501354406
12486;0.501354406
12487;0.501354406
12488;0.489118064
12489;0.489118064
12490;0.489118064
12491;0.489118064
12492;0.477859121
12493;0.477859121
12494;0.477859121
12495;0.477859121
12496;0.591534706
12497;0.591534706
12498;0.591534706
12499;0.591534706
12500;0.9879404
12501;0.9879404
12502;0.9879404
12503;0.9879404
12504;2.65935809
12505;2.65935809
12506;2.65935809
12507;2.65935809
12508;4.76963625
12509;4.76963625
12510;4.76963625
12511;4.76963625
12512;4.62258548
12513;4.62258548
12514;4.62258548
12515;4.62258548
12516;3.99065421
12517;3.99065421
12518;3.99065421
12519;3.99065421
12520;2.2099443
12521;2.2099443
12522;2.2099443
12523;2.2099443
12524;1.82270513
12525;1.82270513
12526;1.82270513
12527;1.82270513
12528;2.44065684
12529;2.44065684
12530;2.44065684
12531;2.44065684
12532;1.79000981
12533;1.79000981
12534;1.79000981
12535;1.79000981
12536;1.57763312
12537;1.57763312
12538;1.57763312
12539;1.57763312
12540;1.51883601
12541;1.51883601
12542;1.51883601
12543;1.51883601
12544;1.67022416
12545;1.67022416
12546;1.67022416
12547;1.67022416
12548;2.57011092
12549;2.57011092
12550;2.57011092
12551;2.57011092
12552;4.63476771
12553;4.63476771
12554;4.63476771
12555;4.63476771
12556;5.14703034
12557;5.14703034
12558;5.14703034
12559;5.14703034
12560;4.62141491
12561;4.62141491
12562;4.62141491
12563;4.62141491
12564;3.63717648
12565;3.63717648
12566;3.63717648
12567;3.63717648
12568;3.28888608
12569;3.28888608
12570;3.28888608
12571;3.28888608
12572;3.4164556
12573;3.4164556
12574;3.4164556
12575;3.4164556
12576;1.8830114
12577;1.8830114
12578;1.8830114
12579;1.8830114
12580;0.814543174
12581;0.814543174
12582;0.814543174
12583;0.814543174
12584;0.806808732
12585;0.806808732
12586;0.806808732
12587;0.806808732
12588;0.817775355
12589;0.817775355
12590;0.817775355
12591;0.817775355
12592;0.958715509
12593;0.958715509
12594;0.958715509
12595;0.958715509
12596;1.41719372
12597;1.41719372
12598;1.41719372
12599;1.41719372
12600;3.73486445
12601;3.73486445
12602;3.73486445
12603;3.73486445
12604;6.73024813
12605;6.73024813
12606;6.73024813
12607;6.73024813
12608;6.71338217
12609;6.71338217
12610;6.71338217
12611;6.71338217
12612;4.82094194
12613;4.82094194
12614;4.82094194
12615;4.82094194
12616;3.58458095
12617;3.58458095
12618;3.58458095
12619;3.58458095
12620;2.84607503
12621;2.84607503
12622;2.84607503
12623;2.84607503
12624;3.39995639
12625;3.39995639
12626;3.39995639
12627;3.39995639
12628;3.22183151
12629;3.22183151
12630;3.22183151
12631;3.22183151
12632;2.91021283
12633;2.91021283
12634;2.91021283
12635;2.91021283
12636;2.58599438
12637;2.58599438
12638;2.58599438
12639;2.58599438
12640;2.76464491
12641;2.76464491
12642;2.76464491
12643;2.76464491
12644;3.7637082
12645;3.7637082
12646;3.7637082
12647;3.7637082
12648;6.47391826
12649;6.47391826
12650;6.47391826
12651;6.47391826
12652;6.4467872
12653;6.4467872
12654;6.4467872
12655;6.4467872
12656;5.93046009
12657;5.93046009
12658;5.93046009
12659;5.93046009
12660;5.2622295
12661;5.2622295
12662;5.2622295
12663;5.2622295
12664;4.34211165
12665;4.34211165
12666;4.34211165
12667;4.34211165
12668;4.77603522
12669;4.77603522
12670;4.77603522
12671;4.77603522
12672;2.73752071
12673;2.73752071
12674;2.73752071
12675;2.73752071
12676;1.44728949
12677;1.44728949
12678;1.44728949
12679;1.44728949
12680;1.24177192
12681;1.24177192
12682;1.24177192
12683;1.24177192
12684;1.22919317
12685;1.22919317
12686;1.22919317
12687;1.22919317
12688;1.37068636
12689;1.37068636
12690;1.37068636
12691;1.37068636
12692;1.90553289
12693;1.90553289
12694;1.90553289
12695;1.90553289
12696;4.6898116
12697;4.6898116
12698;4.6898116
12699;4.6898116
12700;7.72353989
12701;7.72353989
12702;7.72353989
12703;7.72353989
12704;7.37101361
12705;7.37101361
12706;7.37101361
12707;7.37101361
12708;6.6043736
12709;6.6043736
12710;6.6043736
12711;6.6043736
12712;4.86398933
12713;4.86398933
12714;4.86398933
12715;4.86398933
12716;3.79761489
12717;3.79761489
12718;3.79761489
12719;3.79761489
12720;3.88723072
12721;3.88723072
12722;3.88723072
12723;3.88723072
12724;4.01690945
12725;4.01690945
12726;4.01690945
12727;4.01690945
12728;4.7842629
12729;4.7842629
12730;4.7842629
12731;4.7842629
12732;3.74517614
12733;3.74517614
12734;3.74517614
12735;3.74517614
12736;4.65611298
12737;4.65611298
12738;4.65611298
12739;4.65611298
12740;4.60756406
12741;4.60756406
12742;4.60756406
12743;4.60756406
12744;5.93868908
12745;5.93868908
12746;5.93868908
12747;5.93868908
12748;7.21288335
12749;7.21288335
12750;7.21288335
12751;7.21288335
12752;8.08225838
12753;8.08225838
12754;8.08225838
12755;8.08225838
12756;6.51697822
12757;6.51697822
12758;6.51697822
12759;6.51697822
12760;6.97689715
12761;6.97689715
12762;6.97689715
12763;6.97689715
12764;4.54155547
12765;4.54155547
12766;4.54155547
12767;4.54155547
12768;2.42809884
12769;2.42809884
12770;2.42809884
12771;2.42809884
12772;1.24841911
12773;1.24841911
12774;1.24841911
12775;1.24841911
12776;1.1887373
12777;1.1887373
12778;1.1887373
12779;1.1887373
12780;1.20110406
12781;1.20110406
12782;1.20110406
12783;1.20110406
12784;1.35319634
12785;1.35319634
12786;1.35319634
12787;1.35319634
12788;1.88436941
12789;1.88436941
12790;1.88436941
12791;1.88436941
12792;4.9848185
12793;4.9848185
12794;4.9848185
12795;4.9848185
12796;8.10788083
12797;8.10788083
12798;8.10788083
12799;8.10788083
12800;7.33923731
12801;7.33923731
12802;7.33923731
12803;7.33923731
12804;6.8228002
12805;6.8228002
12806;6.8228002
12807;6.8228002
12808;5.66889215
12809;5.66889215
12810;5.66889215
12811;5.66889215
12812;4.60060301
12813;4.60060301
12814;4.60060301
12815;4.60060301
12816;4.06367871
12817;4.06367871
12818;4.06367871
12819;4.06367871
12820;3.30711642
12821;3.30711642
12822;3.30711642
12823;3.30711642
12824;3.25451578
12825;3.25451578
12826;3.25451578
12827;3.25451578
12828;3.06435196
12829;3.06435196
12830;3.06435196
12831;3.06435196
12832;3.08174287
12833;3.08174287
12834;3.08174287
12835;3.08174287
12836;4.39908572
12837;4.39908572
12838;4.39908572
12839;4.39908572
12840;6.88002532
12841;6.88002532
12842;6.88002532
12843;6.88002532
12844;6.61389639
12845;6.61389639
12846;6.61389639
12847;6.61389639
12848;7.42083469
12849;7.42083469
12850;7.42083469
12851;7.42083469
12852;5.93144982
12853;5.93144982
12854;5.93144982
12855;5.93144982
12856;6.24573973
12857;6.24573973
12858;6.24573973
12859;6.24573973
12860;5.58069974
12861;5.58069974
12862;5.58069974
12863;5.58069974
12864;3.57803811
12865;3.57803811
12866;3.57803811
12867;3.57803811
12868;1.51265092
12869;1.51265092
12870;1.51265092
12871;1.51265092
12872;1.4839733
12873;1.4839733
12874;1.4839733
12875;1.4839733
12876;1.48481835
12877;1.48481835
12878;1.48481835
12879;1.48481835
12880;1.61696534
12881;1.61696534
12882;1.61696534
12883;1.61696534
12884;2.22958408
12885;2.22958408
12886;2.22958408
12887;2.22958408
12888;5.77873136
12889;5.77873136
12890;5.77873136
12891;5.77873136
12892;8.26775383
12893;8.26775383
12894;8.26775383
12895;8.26775383
12896;7.128387
12897;7.128387
12898;7.128387
12899;7.128387
12900;5.7158958
12901;5.7158958
12902;5.7158958
12903;5.7158958
12904;5.09649334
12905;5.09649334
12906;5.09649334
12907;5.09649334
12908;5.33612577
12909;5.33612577
12910;5.33612577
12911;5.33612577
12912;5.62367403
12913;5.62367403
12914;5.62367403
12915;5.62367403
12916;3.58157271
12917;3.58157271
12918;3.58157271
12919;3.58157271
12920;3.45668051
12921;3.45668051
12922;3.45668051
12923;3.45668051
12924;4.29305242
12925;4.29305242
12926;4.29305242
12927;4.29305242
12928;3.57990471
12929;3.57990471
12930;3.57990471
12931;3.57990471
12932;4.76967951
12933;4.76967951
12934;4.76967951
12935;4.76967951
12936;6.73827451
12937;6.73827451
12938;6.73827451
12939;6.73827451
12940;7.85213685
12941;7.85213685
12942;7.85213685
12943;7.85213685
12944;7.73163113
12945;7.73163113
12946;7.73163113
12947;7.73163113
12948;7.14606338
12949;7.14606338
12950;7.14606338
12951;7.14606338
12952;7.30610202
12953;7.30610202
12954;7.30610202
12955;7.30610202
12956;6.25645836
12957;6.25645836
12958;6.25645836
12959;6.25645836
12960;4.08800149
12961;4.08800149
12962;4.08800149
12963;4.08800149
12964;2.30358033
12965;2.30358033
12966;2.30358033
12967;2.30358033
12968;2.16492705
12969;2.16492705
12970;2.16492705
12971;2.16492705
12972;2.03401656
12973;2.03401656
12974;2.03401656
12975;2.03401656
12976;1.98205344
12977;1.98205344
12978;1.98205344
12979;1.98205344
12980;2.42632897
12981;2.42632897
12982;2.42632897
12983;2.42632897
12984;5.04479744
12985;5.04479744
12986;5.04479744
12987;5.04479744
12988;6.24506424
12989;6.24506424
12990;6.24506424
12991;6.24506424
12992;7.7110655
12993;7.7110655
12994;7.7110655
12995;7.7110655
12996;8.39586501
12997;8.39586501
12998;8.39586501
12999;8.39586501
13000;8.06527695
13001;8.06527695
13002;8.06527695
13003;8.06527695
13004;7.50484712
13005;7.50484712
13006;7.50484712
13007;7.50484712
13008;7.84061598
13009;7.84061598
13010;7.84061598
13011;7.84061598
13012;7.78583395
13013;7.78583395
13014;7.78583395
13015;7.78583395
13016;7.2574948
13017;7.2574948
13018;7.2574948
13019;7.2574948
13020;5.98593847
13021;5.98593847
13022;5.98593847
13023;5.98593847
13024;6.10423227
13025;6.10423227
13026;6.10423227
13027;6.10423227
13028;7.3376181
13029;7.3376181
13030;7.3376181
13031;7.3376181
13032;8.27315034
13033;8.27315034
13034;8.27315034
13035;8.27315034
13036;8.29007014
13037;8.29007014
13038;8.29007014
13039;8.29007014
13040;8.52013999
13041;8.52013999
13042;8.52013999
13043;8.52013999
13044;8.60793064
13045;8.60793064
13046;8.60793064
13047;8.60793064
13048;8.59569604
13049;8.59569604
13050;8.59569604
13051;8.59569604
13052;8.28555836
13053;8.28555836
13054;8.28555836
13055;8.28555836
13056;5.51296471
13057;5.51296471
13058;5.51296471
13059;5.51296471
13060;5.20199851
13061;5.20199851
13062;5.20199851
13063;5.20199851
13064;2.06527086
13065;2.06527086
13066;2.06527086
13067;2.06527086
13068;1.46074687
13069;1.46074687
13070;1.46074687
13071;1.46074687
13072;1.49586472
13073;1.49586472
13074;1.49586472
13075;1.49586472
13076;1.76523
13077;1.76523
13078;1.76523
13079;1.76523
13080;3.58093278
13081;3.58093278
13082;3.58093278
13083;3.58093278
13084;5.67761937
13085;5.67761937
13086;5.67761937
13087;5.67761937
13088;7.26760459
13089;7.26760459
13090;7.26760459
13091;7.26760459
13092;8.56141863
13093;8.56141863
13094;8.56141863
13095;8.56141863
13096;8.63263543
13097;8.63263543
13098;8.63263543
13099;8.63263543
13100;7.33322159
13101;7.33322159
13102;7.33322159
13103;7.33322159
13104;6.90055046
13105;6.90055046
13106;6.90055046
13107;6.90055046
13108;5.68521464
13109;5.68521464
13110;5.68521464
13111;5.68521464
13112;4.61771854
13113;4.61771854
13114;4.61771854
13115;4.61771854
13116;4.16663255
13117;4.16663255
13118;4.16663255
13119;4.16663255
13120;4.46630116
13121;4.46630116
13122;4.46630116
13123;4.46630116
13124;5.31034425
13125;5.31034425
13126;5.31034425
13127;5.31034425
13128;7.22236788
13129;7.22236788
13130;7.22236788
13131;7.22236788
13132;7.79798127
13133;7.79798127
13134;7.79798127
13135;7.79798127
13136;7.62229105
13137;7.62229105
13138;7.62229105
13139;7.62229105
13140;6.46999113
13141;6.46999113
13142;6.46999113
13143;6.46999113
13144;6.20741292
13145;6.20741292
13146;6.20741292
13147;6.20741292
13148;3.91592454
13149;3.91592454
13150;3.91592454
13151;3.91592454
13152;1.51153699
13153;1.51153699
13154;1.51153699
13155;1.51153699
13156;0.970468037
13157;0.970468037
13158;0.970468037
13159;0.970468037
13160;0.958953723
13161;0.958953723
13162;0.958953723
13163;0.958953723
13164;0.95328857
13165;0.95328857
13166;0.95328857
13167;0.95328857
13168;1.06860461
13169;1.06860461
13170;1.06860461
13171;1.06860461
13172;1.576295
13173;1.576295
13174;1.576295
13175;1.576295
13176;4.03596709
13177;4.03596709
13178;4.03596709
13179;4.03596709
13180;6.81126723
13181;6.81126723
13182;6.81126723
13183;6.81126723
13184;7.04259112
13185;7.04259112
13186;7.04259112
13187;7.04259112
13188;6.00099786
13189;6.00099786
13190;6.00099786
13191;6.00099786
13192;3.62768767
13193;3.62768767
13194;3.62768767
13195;3.62768767
13196;2.93619461
13197;2.93619461
13198;2.93619461
13199;2.93619461
13200;3.328608
13201;3.328608
13202;3.328608
13203;3.328608
13204;2.59461085
13205;2.59461085
13206;2.59461085
13207;2.59461085
13208;2.26392199
13209;2.26392199
13210;2.26392199
13211;2.26392199
13212;2.16802818
13213;2.16802818
13214;2.16802818
13215;2.16802818
13216;2.33796468
13217;2.33796468
13218;2.33796468
13219;2.33796468
13220;3.3582832
13221;3.3582832
13222;3.3582832
13223;3.3582832
13224;5.83789661
13225;5.83789661
13226;5.83789661
13227;5.83789661
13228;6.54385728
13229;6.54385728
13230;6.54385728
13231;6.54385728
13232;5.96697427
13233;5.96697427
13234;5.96697427
13235;5.96697427
13236;5.04106776
13237;5.04106776
13238;5.04106776
13239;5.04106776
13240;4.32272063
13241;4.32272063
13242;4.32272063
13243;4.32272063
13244;3.93799467
13245;3.93799467
13246;3.93799467
13247;3.93799467
13248;1.80490793
13249;1.80490793
13250;1.80490793
13251;1.80490793
13252;0.622423364
13253;0.622423364
13254;0.622423364
13255;0.622423364
13256;0.625534222
13257;0.625534222
13258;0.625534222
13259;0.625534222
13260;0.625916264
13261;0.625916264
13262;0.625916264
13263;0.625916264
13264;0.763766397
13265;0.763766397
13266;0.763766397
13267;0.763766397
13268;1.17388
13269;1.17388
13270;1.17388
13271;1.17388
13272;3.14333811
13273;3.14333811
13274;3.14333811
13275;3.14333811
13276;5.98005185
13277;5.98005185
13278;5.98005185
13279;5.98005185
13280;5.56248416
13281;5.56248416
13282;5.56248416
13283;5.56248416
13284;3.73666628
13285;3.73666628
13286;3.73666628
13287;3.73666628
13288;2.56592119
13289;2.56592119
13290;2.56592119
13291;2.56592119
13292;1.93533516
13293;1.93533516
13294;1.93533516
13295;1.93533516
13296;2.5537987
13297;2.5537987
13298;2.5537987
13299;2.5537987
13300;2.4454983
13301;2.4454983
13302;2.4454983
13303;2.4454983
13304;2.25305821
13305;2.25305821
13306;2.25305821
13307;2.25305821
13308;2.00970669
13309;2.00970669
13310;2.00970669
13311;2.00970669
13312;2.18416271
13313;2.18416271
13314;2.18416271
13315;2.18416271
13316;3.06469002
13317;3.06469002
13318;3.06469002
13319;3.06469002
13320;5.38425123
13321;5.38425123
13322;5.38425123
13323;5.38425123
13324;5.11531642
13325;5.11531642
13326;5.11531642
13327;5.11531642
13328;4.55319865
13329;4.55319865
13330;4.55319865
13331;4.55319865
13332;3.8612896
13333;3.8612896
13334;3.8612896
13335;3.8612896
13336;3.36641353
13337;3.36641353
13338;3.36641353
13339;3.36641353
13340;4.26130048
13341;4.26130048
13342;4.26130048
13343;4.26130048
13344;1.96413386
13345;1.96413386
13346;1.96413386
13347;1.96413386
13348;0.794404384
13349;0.794404384
13350;0.794404384
13351;0.794404384
13352;0.584494053
13353;0.584494053
13354;0.584494053
13355;0.584494053
13356;0.568259247
13357;0.568259247
13358;0.568259247
13359;0.568259247
13360;0.716040733
13361;0.716040733
13362;0.716040733
13363;0.716040733
13364;1.13227363
13365;1.13227363
13366;1.13227363
13367;1.13227363
13368;2.92100642
13369;2.92100642
13370;2.92100642
13371;2.92100642
13372;5.25581494
13373;5.25581494
13374;5.25581494
13375;5.25581494
13376;4.72879212
13377;4.72879212
13378;4.72879212
13379;4.72879212
13380;3.57043973
13381;3.57043973
13382;3.57043973
13383;3.57043973
13384;2.62843309
13385;2.62843309
13386;2.62843309
13387;2.62843309
13388;1.91707387
13389;1.91707387
13390;1.91707387
13391;1.91707387
13392;2.37128147
13393;2.37128147
13394;2.37128147
13395;2.37128147
13396;2.63935871
13397;2.63935871
13398;2.63935871
13399;2.63935871
13400;3.60140909
13401;3.60140909
13402;3.60140909
13403;3.60140909
13404;2.66436581
13405;2.66436581
13406;2.66436581
13407;2.66436581
13408;3.55603849
13409;3.55603849
13410;3.55603849
13411;3.55603849
13412;3.28818145
13413;3.28818145
13414;3.28818145
13415;3.28818145
13416;3.96481623
13417;3.96481623
13418;3.96481623
13419;3.96481623
13420;4.99663243
13421;4.99663243
13422;4.99663243
13423;4.99663243
13424;5.83332722
13425;5.83332722
13426;5.83332722
13427;5.83332722
13428;3.87473494
13429;3.87473494
13430;3.87473494
13431;3.87473494
13432;5.11121237
13433;5.11121237
13434;5.11121237
13435;5.11121237
13436;3.61180599
13437;3.61180599
13438;3.61180599
13439;3.61180599
13440;1.48548111
13441;1.48548111
13442;1.48548111
13443;1.48548111
13444;0.532833476
13445;0.532833476
13446;0.532833476
13447;0.532833476
13448;0.488254277
13449;0.488254277
13450;0.488254277
13451;0.488254277
13452;0.505037375
13453;0.505037375
13454;0.505037375
13455;0.505037375
13456;0.620987411
13457;0.620987411
13458;0.620987411
13459;0.620987411
13460;1.01979419
13461;1.01979419
13462;1.01979419
13463;1.01979419
13464;2.95201077
13465;2.95201077
13466;2.95201077
13467;2.95201077
13468;4.98043586
13469;4.98043586
13470;4.98043586
13471;4.98043586
13472;4.53678905
13473;4.53678905
13474;4.53678905
13475;4.53678905
13476;3.60595173
13477;3.60595173
13478;3.60595173
13479;3.60595173
13480;3.42620995
13481;3.42620995
13482;3.42620995
13483;3.42620995
13484;2.86384589
13485;2.86384589
13486;2.86384589
13487;2.86384589
13488;2.54635011
13489;2.54635011
13490;2.54635011
13491;2.54635011
13492;1.80294382
13493;1.80294382
13494;1.80294382
13495;1.80294382
13496;1.82386666
13497;1.82386666
13498;1.82386666
13499;1.82386666
13500;1.69847256
13501;1.69847256
13502;1.69847256
13503;1.69847256
13504;1.73974659
13505;1.73974659
13506;1.73974659
13507;1.73974659
13508;2.99354009
13509;2.99354009
13510;2.99354009
13511;2.99354009
13512;5.13792302
13513;5.13792302
13514;5.13792302
13515;5.13792302
13516;4.8563458
13517;4.8563458
13518;4.8563458
13519;4.8563458
13520;5.72694446
13521;5.72694446
13522;5.72694446
13523;5.72694446
13524;4.15015216
13525;4.15015216
13526;4.15015216
13527;4.15015216
13528;4.83192114
13529;4.83192114
13530;4.83192114
13531;4.83192114
13532;4.78357241
13533;4.78357241
13534;4.78357241
13535;4.78357241
13536;2.53865546
13537;2.53865546
13538;2.53865546
13539;2.53865546
13540;0.574890538
13541;0.574890538
13542;0.574890538
13543;0.574890538
13544;0.523140444
13545;0.523140444
13546;0.523140444
13547;0.523140444
13548;0.52467009
13549;0.52467009
13550;0.52467009
13551;0.52467009
13552;0.635165384
13553;0.635165384
13554;0.635165384
13555;0.635165384
13556;1.04335666
13557;1.04335666
13558;1.04335666
13559;1.04335666
13560;3.03683485
13561;3.03683485
13562;3.03683485
13563;3.03683485
13564;5.01728193
13565;5.01728193
13566;5.01728193
13567;5.01728193
13568;4.80202628
13569;4.80202628
13570;4.80202628
13571;4.80202628
13572;3.14597039
13573;3.14597039
13574;3.14597039
13575;3.14597039
13576;2.18574559
13577;2.18574559
13578;2.18574559
13579;2.18574559
13580;2.20932446
13581;2.20932446
13582;2.20932446
13583;2.20932446
13584;3.53186666
13585;3.53186666
13586;3.53186666
13587;3.53186666
13588;1.79816545
13589;1.79816545
13590;1.79816545
13591;1.79816545
13592;1.71838027
13593;1.71838027
13594;1.71838027
13595;1.71838027
13596;2.67240995
13597;2.67240995
13598;2.67240995
13599;2.67240995
13600;1.91782795
13601;1.91782795
13602;1.91782795
13603;1.91782795
13604;2.80680206
13605;2.80680206
13606;2.80680206
13607;2.80680206
13608;3.81993788
13609;3.81993788
13610;3.81993788
13611;3.81993788
13612;4.72586634
13613;4.72586634
13614;4.72586634
13615;4.72586634
13616;4.51397106
13617;4.51397106
13618;4.51397106
13619;4.51397106
13620;3.75095609
13621;3.75095609
13622;3.75095609
13623;3.75095609
13624;3.59625932
13625;3.59625932
13626;3.59625932
13627;3.59625932
13628;3.31960679
13629;3.31960679
13630;3.31960679
13631;3.31960679
13632;2.43088735
13633;2.43088735
13634;2.43088735
13635;2.43088735
13636;0.850685899
13637;0.850685899
13638;0.850685899
13639;0.850685899
13640;0.722583899
13641;0.722583899
13642;0.722583899
13643;0.722583899
13644;0.601285044
13645;0.601285044
13646;0.601285044
13647;0.601285044
13648;0.559177593
13649;0.559177593
13650;0.559177593
13651;0.559177593
13652;0.75039891
13653;0.75039891
13654;0.75039891
13655;0.75039891
13656;1.22763961
13657;1.22763961
13658;1.22763961
13659;1.22763961
13660;2.04414171
13661;2.04414171
13662;2.04414171
13663;2.04414171
13664;3.755937
13665;3.755937
13666;3.755937
13667;3.755937
13668;4.98360009
13669;4.98360009
13670;4.98360009
13671;4.98360009
13672;4.7725159
13673;4.7725159
13674;4.7725159
13675;4.7725159
13676;3.96306852
13677;3.96306852
13678;3.96306852
13679;3.96306852
13680;4.11466919
13681;4.11466919
13682;4.11466919
13683;4.11466919
13684;3.90540828
13685;3.90540828
13686;3.90540828
13687;3.90540828
13688;3.49637103
13689;3.49637103
13690;3.49637103
13691;3.49637103
13692;2.25614807
13693;2.25614807
13694;2.25614807
13695;2.25614807
13696;2.49074664
13697;2.49074664
13698;2.49074664
13699;2.49074664
13700;3.79444819
13701;3.79444819
13702;3.79444819
13703;3.79444819
13704;4.76395385
13705;4.76395385
13706;4.76395385
13707;4.76395385
13708;4.97545175
13709;4.97545175
13710;4.97545175
13711;4.97545175
13712;5.09006128
13713;5.09006128
13714;5.09006128
13715;5.09006128
13716;4.91328759
13717;4.91328759
13718;4.91328759
13719;4.91328759
13720;4.695321
13721;4.695321
13722;4.695321
13723;4.695321
13724;4.0818621
13725;4.0818621
13726;4.0818621
13727;4.0818621
13728;1.00585603
13729;1.00585603
13730;1.00585603
13731;1.00585603
13732;0.656634011
13733;0.656634011
13734;0.656634011
13735;0.656634011
13736;0.571265299
13737;0.571265299
13738;0.571265299
13739;0.571265299
13740;0.499145682
13741;0.499145682
13742;0.499145682
13743;0.499145682
13744;0.490742807
13745;0.490742807
13746;0.490742807
13747;0.490742807
13748;0.618536935
13749;0.618536935
13750;0.618536935
13751;0.618536935
13752;0.958177816
13753;0.958177816
13754;0.958177816
13755;0.958177816
13756;1.85560636
13757;1.85560636
13758;1.85560636
13759;1.85560636
13760;3.54155359
13761;3.54155359
13762;3.54155359
13763;3.54155359
13764;4.99462457
13765;4.99462457
13766;4.99462457
13767;4.99462457
13768;5.66064537
13769;5.66064537
13770;5.66064537
13771;5.66064537
13772;4.58928022
13773;4.58928022
13774;4.58928022
13775;4.58928022
13776;4.00765919
13777;4.00765919
13778;4.00765919
13779;4.00765919
13780;2.96424131
13781;2.96424131
13782;2.96424131
13783;2.96424131
13784;2.60353683
13785;2.60353683
13786;2.60353683
13787;2.60353683
13788;2.25016524
13789;2.25016524
13790;2.25016524
13791;2.25016524
13792;2.59861048
13793;2.59861048
13794;2.59861048
13795;2.59861048
13796;3.33761316
13797;3.33761316
13798;3.33761316
13799;3.33761316
13800;4.74401194
13801;4.74401194
13802;4.74401194
13803;4.74401194
13804;5.32465484
13805;5.32465484
13806;5.32465484
13807;5.32465484
13808;5.01192735
13809;5.01192735
13810;5.01192735
13811;5.01192735
13812;3.81418062
13813;3.81418062
13814;3.81418062
13815;3.81418062
13816;4.14792144
13817;4.14792144
13818;4.14792144
13819;4.14792144
13820;2.86104402
13821;2.86104402
13822;2.86104402
13823;2.86104402
13824;0.935862119
13825;0.935862119
13826;0.935862119
13827;0.935862119
13828;0.512384958
13829;0.512384958
13830;0.512384958
13831;0.512384958
13832;0.500148616
13833;0.500148616
13834;0.500148616
13835;0.500148616
13836;0.490629852
13837;0.490629852
13838;0.490629852
13839;0.490629852
13840;0.607563375
13841;0.607563375
13842;0.607563375
13843;0.607563375
13844;1.01103169
13845;1.01103169
13846;1.01103169
13847;1.01103169
13848;2.71702813
13849;2.71702813
13850;2.71702813
13851;2.71702813
13852;4.89650875
13853;4.89650875
13854;4.89650875
13855;4.89650875
13856;4.75628262
13857;4.75628262
13858;4.75628262
13859;4.75628262
13860;4.09678051
13861;4.09678051
13862;4.09678051
13863;4.09678051
13864;2.26298752
13865;2.26298752
13866;2.26298752
13867;2.26298752
13868;1.85509872
13869;1.85509872
13870;1.85509872
13871;1.85509872
13872;2.46991564
13873;2.46991564
13874;2.46991564
13875;2.46991564
13876;1.81979107
13877;1.81979107
13878;1.81979107
13879;1.81979107
13880;1.60689191
13881;1.60689191
13882;1.60689191
13883;1.60689191
13884;1.54757234
13885;1.54757234
13886;1.54757234
13887;1.54757234
13888;1.69896049
13889;1.69896049
13890;1.69896049
13891;1.69896049
13892;2.60041465
13893;2.60041465
13894;2.60041465
13895;2.60041465
13896;4.67238597
13897;4.67238597
13898;4.67238597
13899;4.67238597
13900;5.1846486
13901;5.1846486
13902;5.1846486
13903;5.1846486
13904;4.65642084
13905;4.65642084
13906;4.65642084
13907;4.65642084
13908;3.71075385
13909;3.71075385
13910;3.71075385
13911;3.71075385
13912;3.36440211
13913;3.36440211
13914;3.36440211
13915;3.36440211
13916;3.48251026
13917;3.48251026
13918;3.48251026
13919;3.48251026
13920;1.6638967
13921;1.6638967
13922;1.6638967
13923;1.6638967
13924;0.541515214
13925;0.541515214
13926;0.541515214
13927;0.541515214
13928;0.533842241
13929;0.533842241
13930;0.533842241
13931;0.533842241
13932;0.531482097
13933;0.531482097
13934;0.531482097
13935;0.531482097
13936;0.662018663
13937;0.662018663
13938;0.662018663
13939;0.662018663
13940;1.05076727
13941;1.05076727
13942;1.05076727
13943;1.05076727
13944;2.86210889
13945;2.86210889
13946;2.86210889
13947;2.86210889
13948;5.5354519
13949;5.5354519
13950;5.5354519
13951;5.5354519
13952;5.23915331
13953;5.23915331
13954;5.23915331
13955;5.23915331
13956;3.47585773
13957;3.47585773
13958;3.47585773
13959;3.47585773
13960;2.38770297
13961;2.38770297
13962;2.38770297
13963;2.38770297
13964;1.76756791
13965;1.76756791
13966;1.76756791
13967;1.76756791
13968;2.41872744
13969;2.41872744
13970;2.41872744
13971;2.41872744
13972;2.30801511
13973;2.30801511
13974;2.30801511
13975;2.30801511
13976;2.11798695
13977;2.11798695
13978;2.11798695
13979;2.11798695
13980;1.87704736
13981;1.87704736
13982;1.87704736
13983;1.87704736
13984;2.05150338
13985;2.05150338
13986;2.05150338
13987;2.05150338
13988;2.9247949
13989;2.9247949
13990;2.9247949
13991;2.9247949
13992;5.21058906
13993;5.21058906
13994;5.21058906
13995;5.21058906
13996;4.94165425
13997;4.94165425
13998;4.94165425
13999;4.94165425
14000;4.39159613
14001;4.39159613
14002;4.39159613
14003;4.39159613
14004;3.75873111
14005;3.75873111
14006;3.75873111
14007;3.75873111
14008;3.29974044
14009;3.29974044
14010;3.29974044
14011;3.29974044
14012;4.25694838
14013;4.25694838
14014;4.25694838
14015;4.25694838
14016;2.04392129
14017;2.04392129
14018;2.04392129
14019;2.04392129
14020;0.839511738
14021;0.839511738
14022;0.839511738
14023;0.839511738
14024;0.626964595
14025;0.626964595
14026;0.626964595
14027;0.626964595
14028;0.605469099
14029;0.605469099
14030;0.605469099
14031;0.605469099
14032;0.734499354
14033;0.734499354
14034;0.734499354
14035;0.734499354
14036;1.15977657
14037;1.15977657
14038;1.15977657
14039;1.15977657
14040;3.00042838
14041;3.00042838
14042;3.00042838
14043;3.00042838
14044;5.36074673
14045;5.36074673
14046;5.36074673
14047;5.36074673
14048;4.8493433
14049;4.8493433
14050;4.8493433
14051;4.8493433
14052;3.67828885
14053;3.67828885
14054;3.67828885
14055;3.67828885
14056;2.72778823
14057;2.72778823
14058;2.72778823
14059;2.72778823
14060;1.99252696
14061;1.99252696
14062;1.99252696
14063;1.99252696
14064;2.42344971
14065;2.42344971
14066;2.42344971
14067;2.42344971
14068;2.67238237
14069;2.67238237
14070;2.67238237
14071;2.67238237
14072;3.61645524
14073;3.61645524
14074;3.61645524
14075;3.61645524
14076;2.67204077
14077;2.67204077
14078;2.67204077
14079;2.67204077
14080;3.5690166
14081;3.5690166
14082;3.5690166
14083;3.5690166
14084;3.32327314
14085;3.32327314
14086;3.32327314
14087;3.32327314
14088;4.05537625
14089;4.05537625
14090;4.05537625
14091;4.05537625
14092;5.06349042
14093;5.06349042
14094;5.06349042
14095;5.06349042
14096;5.9060468
14097;5.9060468
14098;5.9060468
14099;5.9060468
14100;4.08773775
14101;4.08773775
14102;4.08773775
14103;4.08773775
14104;5.20621648
14105;5.20621648
14106;5.20621648
14107;5.20621648
14108;3.63743502
14109;3.63743502
14110;3.63743502
14111;3.63743502
14112;1.53304857
14113;1.53304857
14114;1.53304857
14115;1.53304857
14116;0.561046399
14117;0.561046399
14118;0.561046399
14119;0.561046399
14120;0.509633522
14121;0.509633522
14122;0.509633522
14123;0.509633522
14124;0.526899935
14125;0.526899935
14126;0.526899935
14127;0.526899935
14128;0.655228547
14129;0.655228547
14130;0.655228547
14131;0.655228547
14132;1.07216724
14133;1.07216724
14134;1.07216724
14135;1.07216724
14136;3.11074981
14137;3.11074981
14138;3.11074981
14139;3.11074981
14140;5.23154477
14141;5.23154477
14142;5.23154477
14143;5.23154477
14144;4.64987794
14145;4.64987794
14146;4.64987794
14147;4.64987794
14148;3.7270353
14149;3.7270353
14150;3.7270353
14151;3.7270353
14152;3.53051412
14153;3.53051412
14154;3.53051412
14155;3.53051412
14156;2.94574328
14157;2.94574328
14158;2.94574328
14159;2.94574328
14160;2.62381134
14161;2.62381134
14162;2.62381134
14163;2.62381134
14164;1.89316184
14165;1.89316184
14166;1.89316184
14167;1.89316184
14168;1.92235839
14169;1.92235839
14170;1.92235839
14171;1.92235839
14172;1.7992293
14173;1.7992293
14174;1.7992293
14175;1.7992293
14176;1.83749897
14177;1.83749897
14178;1.83749897
14179;1.83749897
14180;3.08449748
14181;3.08449748
14182;3.08449748
14183;3.08449748
14184;5.22420967
14185;5.22420967
14186;5.22420967
14187;5.22420967
14188;4.90279199
14189;4.90279199
14190;4.90279199
14191;4.90279199
14192;5.73119773
14193;5.73119773
14194;5.73119773
14195;5.73119773
14196;4.17446053
14197;4.17446053
14198;4.17446053
14199;4.17446053
14200;4.88129172
14201;4.88129172
14202;4.88129172
14203;4.88129172
14204;4.79474612
14205;4.79474612
14206;4.79474612
14207;4.79474612
14208;2.50775949
14209;2.50775949
14210;2.50775949
14211;2.50775949
14212;0.551237203
14213;0.551237203
14214;0.551237203
14215;0.551237203
14216;0.501792712
14217;0.501792712
14218;0.501792712
14219;0.501792712
14220;0.505133042
14221;0.505133042
14222;0.505133042
14223;0.505133042
14224;0.617566654
14225;0.617566654
14226;0.617566654
14227;0.617566654
14228;1.02483983
14229;1.02483983
14230;1.02483983
14231;1.02483983
14232;3.00371825
14233;3.00371825
14234;3.00371825
14235;3.00371825
14236;4.97394332
14237;4.97394332
14238;4.97394332
14239;4.97394332
14240;4.61980817
14241;4.61980817
14242;4.61980817
14243;4.61980817
14244;3.03793503
14245;3.03793503
14246;3.03793503
14247;3.03793503
14248;2.08904308
14249;2.08904308
14250;2.08904308
14251;2.08904308
14252;2.1267847
14253;2.1267847
14254;2.1267847
14255;2.1267847
14256;3.47252187
14257;3.47252187
14258;3.47252187
14259;3.47252187
14260;1.75240013
14261;1.75240013
14262;1.75240013
14263;1.75240013
14264;1.70446491
14265;1.70446491
14266;1.70446491
14267;1.70446491
14268;2.66368722
14269;2.66368722
14270;2.66368722
14271;2.66368722
14272;1.90541363
14273;1.90541363
14274;1.90541363
14275;1.90541363
14276;2.77880983
14277;2.77880983
14278;2.77880983
14279;2.77880983
14280;3.75247308
14281;3.75247308
14282;3.75247308
14283;3.75247308
14284;4.63256038
14285;4.63256038
14286;4.63256038
14287;4.63256038
14288;4.39924331
14289;4.39924331
14290;4.39924331
14291;4.39924331
14292;3.6322593
14293;3.6322593
14294;3.6322593
14295;3.6322593
14296;3.55445045
14297;3.55445045
14298;3.55445045
14299;3.55445045
14300;3.30815773
14301;3.30815773
14302;3.30815773
14303;3.30815773
14304;2.4688623
14305;2.4688623
14306;2.4688623
14307;2.4688623
14308;0.871832749
14309;0.871832749
14310;0.871832749
14311;0.871832749
14312;0.744948054
14313;0.744948054
14314;0.744948054
14315;0.744948054
14316;0.622177739
14317;0.622177739
14318;0.622177739
14319;0.622177739
14320;0.57972399
14321;0.57972399
14322;0.57972399
14323;0.57972399
14324;0.775483423
14325;0.775483423
14326;0.775483423
14327;0.775483423
14328;1.27384482
14329;1.27384482
14330;1.27384482
14331;1.27384482
14332;2.09842074
14333;2.09842074
14334;2.09842074
14335;2.09842074
14336;3.79281549
14337;3.79281549
14338;3.79281549
14339;3.79281549
14340;4.96280194
14341;4.96280194
14342;4.96280194
14343;4.96280194
14344;4.7726408
14345;4.7726408
14346;4.7726408
14347;4.7726408
14348;3.99036346
14349;3.99036346
14350;3.99036346
14351;3.99036346
14352;4.13868873
14353;4.13868873
14354;4.13868873
14355;4.13868873
14356;3.92779013
14357;3.92779013
14358;3.92779013
14359;3.92779013
14360;3.51656929
14361;3.51656929
14362;3.51656929
14363;3.51656929
14364;2.27525452
14365;2.27525452
14366;2.27525452
14367;2.27525452
14368;2.510399
14369;2.510399
14370;2.510399
14371;2.510399
14372;3.81737593
14373;3.81737593
14374;3.81737593
14375;3.81737593
14376;4.79725367
14377;4.79725367
14378;4.79725367
14379;4.79725367
14380;5.01257287
14381;5.01257287
14382;5.01257287
14383;5.01257287
14384;5.1255447
14385;5.1255447
14386;5.1255447
14387;5.1255447
14388;4.96441577
14389;4.96441577
14390;4.96441577
14391;4.96441577
14392;4.74713897
14393;4.74713897
14394;4.74713897
14395;4.74713897
14396;4.10179314
14397;4.10179314
14398;4.10179314
14399;4.10179314
14400;1.06206575
14401;1.06206575
14402;1.06206575
14403;1.06206575
14404;0.720953825
14405;0.720953825
14406;0.720953825
14407;0.720953825
14408;0.640308682
14409;0.640308682
14410;0.640308682
14411;0.640308682
14412;0.567327004
14413;0.567327004
14414;0.567327004
14415;0.567327004
14416;0.55961059
14417;0.55961059
14418;0.55961059
14419;0.55961059
14420;0.698533632
14421;0.698533632
14422;0.698533632
14423;0.698533632
14424;1.13844638
14425;1.13844638
14426;1.13844638
14427;1.13844638
14428;2.08606124
14429;2.08606124
14430;2.08606124
14431;2.08606124
14432;3.74277452
14433;3.74277452
14434;3.74277452
14435;3.74277452
14436;5.18053414
14437;5.18053414
14438;5.18053414
14439;5.18053414
14440;5.83042553
14441;5.83042553
14442;5.83042553
14443;5.83042553
14444;4.73821019
14445;4.73821019
14446;4.73821019
14447;4.73821019
14448;4.13871757
14449;4.13871757
14450;4.13871757
14451;4.13871757
14452;3.08636389
14453;3.08636389
14454;3.08636389
14455;3.08636389
14456;2.71374501
14457;2.71374501
14458;2.71374501
14459;2.71374501
14460;2.35441622
14461;2.35441622
14462;2.35441622
14463;2.35441622
14464;2.70584006
14465;2.70584006
14466;2.70584006
14467;2.70584006
14468;3.46271434
14469;3.46271434
14470;3.46271434
14471;3.46271434
14472;4.9257065
14473;4.9257065
14474;4.9257065
14475;4.9257065
14476;5.53934153
14477;5.53934153
14478;5.53934153
14479;5.53934153
14480;5.24566186
14481;5.24566186
14482;5.24566186
14483;5.24566186
14484;4.06613649
14485;4.06613649
14486;4.06613649
14487;4.06613649
14488;4.33500018
14489;4.33500018
14490;4.33500018
14491;4.33500018
14492;2.94223409
14493;2.94223409
14494;2.94223409
14495;2.94223409
14496;1.53861401
14497;1.53861401
14498;1.53861401
14499;1.53861401
14500;1.10955786
14501;1.10955786
14502;1.10955786
14503;1.10955786
14504;1.11225027
14505;1.11225027
14506;1.11225027
14507;1.11225027
14508;1.11614449
14509;1.11614449
14510;1.11614449
14511;1.11614449
14512;1.23615194
14513;1.23615194
14514;1.23615194
14515;1.23615194
14516;1.74357096
14517;1.74357096
14518;1.74357096
14519;1.74357096
14520;4.39618639
14521;4.39618639
14522;4.39618639
14523;4.39618639
14524;7.11885743
14525;7.11885743
14526;7.11885743
14527;7.11885743
14528;7.03225302
14529;7.03225302
14530;7.03225302
14531;7.03225302
14532;7.09923603
14533;7.09923603
14534;7.09923603
14535;7.09923603
14536;4.91921432
14537;4.91921432
14538;4.91921432
14539;4.91921432
14540;3.91826381
14541;3.91826381
14542;3.91826381
14543;3.91826381
14544;4.22809223
14545;4.22809223
14546;4.22809223
14547;4.22809223
14548;3.50934655
14549;3.50934655
14550;3.50934655
14551;3.50934655
14552;3.11748645
14553;3.11748645
14554;3.11748645
14555;3.11748645
14556;2.95682809
14557;2.95682809
14558;2.95682809
14559;2.95682809
14560;3.0932875
14561;3.0932875
14562;3.0932875
14563;3.0932875
14564;4.17160083
14565;4.17160083
14566;4.17160083
14567;4.17160083
14568;6.89116901
14569;6.89116901
14570;6.89116901
14571;6.89116901
14572;7.62920856
14573;7.62920856
14574;7.62920856
14575;7.62920856
14576;7.0402123
14577;7.0402123
14578;7.0402123
14579;7.0402123
14580;6.33229276
14581;6.33229276
14582;6.33229276
14583;6.33229276
14584;5.17719453
14585;5.17719453
14586;5.17719453
14587;5.17719453
14588;4.14729637
14589;4.14729637
14590;4.14729637
14591;4.14729637
14592;2.21447683
14593;2.21447683
14594;2.21447683
14595;2.21447683
14596;1.07926279
14597;1.07926279
14598;1.07926279
14599;1.07926279
14600;1.07319219
14601;1.07319219
14602;1.07319219
14603;1.07319219
14604;1.07614769
14605;1.07614769
14606;1.07614769
14607;1.07614769
14608;1.19897871
14609;1.19897871
14610;1.19897871
14611;1.19897871
14612;1.6761313
14613;1.6761313
14614;1.6761313
14615;1.6761313
14616;4.27059456
14617;4.27059456
14618;4.27059456
14619;4.27059456
14620;7.37039903
14621;7.37039903
14622;7.37039903
14623;7.37039903
14624;7.49577871
14625;7.49577871
14626;7.49577871
14627;7.49577871
14628;5.75672715
14629;5.75672715
14630;5.75672715
14631;5.75672715
14632;4.35452765
14633;4.35452765
14634;4.35452765
14635;4.35452765
14636;3.44673694
14637;3.44673694
14638;3.44673694
14639;3.44673694
14640;3.80176483
14641;3.80176483
14642;3.80176483
14643;3.80176483
14644;3.46697602
14645;3.46697602
14646;3.46697602
14647;3.46697602
14648;3.05697243
14649;3.05697243
14650;3.05697243
14651;3.05697243
14652;2.70239137
14653;2.70239137
14654;2.70239137
14655;2.70239137
14656;2.88743801
14657;2.88743801
14658;2.88743801
14659;2.88743801
14660;3.87623063
14661;3.87623063
14662;3.87623063
14663;3.87623063
14664;6.57216147
14665;6.57216147
14666;6.57216147
14667;6.57216147
14668;6.59997232
14669;6.59997232
14670;6.59997232
14671;6.59997232
14672;6.09405559
14673;6.09405559
14674;6.09405559
14675;6.09405559
14676;5.47975548
14677;5.47975548
14678;5.47975548
14679;5.47975548
14680;4.44584035
14681;4.44584035
14682;4.44584035
14683;4.44584035
14684;4.58078582
14685;4.58078582
14686;4.58078582
14687;4.58078582
14688;2.85201593
14689;2.85201593
14690;2.85201593
14691;2.85201593
14692;1.70233442
14693;1.70233442
14694;1.70233442
14695;1.70233442
14696;1.51888484
14697;1.51888484
14698;1.51888484
14699;1.51888484
14700;1.51554649
14701;1.51554649
14702;1.51554649
14703;1.51554649
14704;1.65019449
14705;1.65019449
14706;1.65019449
14707;1.65019449
14708;2.22257703
14709;2.22257703
14710;2.22257703
14711;2.22257703
14712;5.40953189
14713;5.40953189
14714;5.40953189
14715;5.40953189
14716;8.01886053
14717;8.01886053
14718;8.01886053
14719;8.01886053
14720;7.06542584
14721;7.06542584
14722;7.06542584
14723;7.06542584
14724;6.65358843
14725;6.65358843
14726;6.65358843
14727;6.65358843
14728;6.23677375
14729;6.23677375
14730;6.23677375
14731;6.23677375
14732;5.76323741
14733;5.76323741
14734;5.76323741
14735;5.76323741
14736;6.14773772
14737;6.14773772
14738;6.14773772
14739;6.14773772
14740;5.11481576
14741;5.11481576
14742;5.11481576
14743;5.11481576
14744;5.47607237
14745;5.47607237
14746;5.47607237
14747;5.47607237
14748;4.48830908
14749;4.48830908
14750;4.48830908
14751;4.48830908
14752;5.36799923
14753;5.36799923
14754;5.36799923
14755;5.36799923
14756;5.41549814
14757;5.41549814
14758;5.41549814
14759;5.41549814
14760;6.8239164
14761;6.8239164
14762;6.8239164
14763;6.8239164
14764;7.40011825
14765;7.40011825
14766;7.40011825
14767;7.40011825
14768;8.13636227
14769;8.13636227
14770;8.13636227
14771;8.13636227
14772;6.93409142
14773;6.93409142
14774;6.93409142
14775;6.93409142
14776;8.42236658
14777;8.42236658
14778;8.42236658
14779;8.42236658
14780;7.03930618
14781;7.03930618
14782;7.03930618
14783;7.03930618
14784;1.98860909
14785;1.98860909
14786;1.98860909
14787;1.98860909
14788;0.911391386
14789;0.911391386
14790;0.911391386
14791;0.911391386
14792;0.858130577
14793;0.858130577
14794;0.858130577
14795;0.858130577
14796;0.869732937
14797;0.869732937
14798;0.869732937
14799;0.869732937
14800;0.993572541
14801;0.993572541
14802;0.993572541
14803;0.993572541
14804;1.43612793
14805;1.43612793
14806;1.43612793
14807;1.43612793
14808;3.89171247
14809;3.89171247
14810;3.89171247
14811;3.89171247
14812;6.32539173
14813;6.32539173
14814;6.32539173
14815;6.32539173
14816;5.97840809
14817;5.97840809
14818;5.97840809
14819;5.97840809
14820;4.83744807
14821;4.83744807
14822;4.83744807
14823;4.83744807
14824;4.35057637
14825;4.35057637
14826;4.35057637
14827;4.35057637
14828;3.6065818
14829;3.6065818
14830;3.6065818
14831;3.6065818
14832;3.18243482
14833;3.18243482
14834;3.18243482
14835;3.18243482
14836;2.48222717
14837;2.48222717
14838;2.48222717
14839;2.48222717
14840;2.49743956
14841;2.49743956
14842;2.49743956
14843;2.49743956
14844;2.35108549
14845;2.35108549
14846;2.35108549
14847;2.35108549
14848;2.37630497
14849;2.37630497
14850;2.37630497
14851;2.37630497
14852;3.56727544
14853;3.56727544
14854;3.56727544
14855;3.56727544
14856;5.73718823
14857;5.73718823
14858;5.73718823
14859;5.73718823
14860;5.46831842
14861;5.46831842
14862;5.46831842
14863;5.46831842
14864;6.20565594
14865;6.20565594
14866;6.20565594
14867;6.20565594
14868;4.74639535
14869;4.74639535
14870;4.74639535
14871;4.74639535
14872;5.22272816
14873;5.22272816
14874;5.22272816
14875;5.22272816
14876;4.84978566
14877;4.84978566
14878;4.84978566
14879;4.84978566
14880;2.6151045
14881;2.6151045
14882;2.6151045
14883;2.6151045
14884;0.726475993
14885;0.726475993
14886;0.726475993
14887;0.726475993
14888;0.68528944
14889;0.68528944
14890;0.68528944
14891;0.68528944
14892;0.6939608
14893;0.6939608
14894;0.6939608
14895;0.6939608
14896;0.807943037
14897;0.807943037
14898;0.807943037
14899;0.807943037
14900;1.22573103
14901;1.22573103
14902;1.22573103
14903;1.22573103
14904;3.40961505
14905;3.40961505
14906;3.40961505
14907;3.40961505
14908;5.54175601
14909;5.54175601
14910;5.54175601
14911;5.54175601
14912;5.09490155
14913;5.09490155
14914;5.09490155
14915;5.09490155
14916;3.46601473
14917;3.46601473
14918;3.46601473
14919;3.46601473
14920;2.45172541
14921;2.45172541
14922;2.45172541
14923;2.45172541
14924;2.42499811
14925;2.42499811
14926;2.42499811
14927;2.42499811
14928;3.61555866
14929;3.61555866
14930;3.61555866
14931;3.61555866
14932;1.99516436
14933;1.99516436
14934;1.99516436
14935;1.99516436
14936;1.94737466
14937;1.94737466
14938;1.94737466
14939;1.94737466
14940;2.8422534
14941;2.8422534
14942;2.8422534
14943;2.8422534
14944;2.12614477
14945;2.12614477
14946;2.12614477
14947;2.12614477
14948;2.95309495
14949;2.95309495
14950;2.95309495
14951;2.95309495
14952;3.93936378
14953;3.93936378
14954;3.93936378
14955;3.93936378
14956;4.75280173
14957;4.75280173
14958;4.75280173
14959;4.75280173
14960;4.5406962
14961;4.5406962
14962;4.5406962
14963;4.5406962
14964;3.87303768
14965;3.87303768
14966;3.87303768
14967;3.87303768
14968;3.65701737
14969;3.65701737
14970;3.65701737
14971;3.65701737
14972;3.28116876
14973;3.28116876
14974;3.28116876
14975;3.28116876
14976;2.44678729
14977;2.44678729
14978;2.44678729
14979;2.44678729
14980;0.927890811
14981;0.927890811
14982;0.927890811
14983;0.927890811
14984;0.817343748
14985;0.817343748
14986;0.817343748
14987;0.817343748
14988;0.70388151
14989;0.70388151
14990;0.70388151
14991;0.70388151
14992;0.671815269
14993;0.671815269
14994;0.671815269
14995;0.671815269
14996;0.877048557
14997;0.877048557
14998;0.877048557
14999;0.877048557
15000;1.53829606
15001;1.53829606
15002;1.53829606
15003;1.53829606
15004;2.44757388
15005;2.44757388
15006;2.44757388
15007;2.44757388
15008;3.94267211
15009;3.94267211
15010;3.94267211
15011;3.94267211
15012;4.96488742
15013;4.96488742
15014;4.96488742
15015;4.96488742
15016;4.71443871
15017;4.71443871
15018;4.71443871
15019;4.71443871
15020;3.91160773
15021;3.91160773
15022;3.91160773
15023;3.91160773
15024;4.0467177
15025;4.0467177
15026;4.0467177
15027;4.0467177
15028;3.87034441
15029;3.87034441
15030;3.87034441
15031;3.87034441
15032;3.49323037
15033;3.49323037
15034;3.49323037
15035;3.49323037
15036;2.32878826
15037;2.32878826
15038;2.32878826
15039;2.32878826
15040;2.54187099
15041;2.54187099
15042;2.54187099
15043;2.54187099
15044;3.75994004
15045;3.75994004
15046;3.75994004
15047;3.75994004
15048;4.69969758
15049;4.69969758
15050;4.69969758
15051;4.69969758
15052;4.88192731
15053;4.88192731
15054;4.88192731
15055;4.88192731
15056;4.97122255
15057;4.97122255
15058;4.97122255
15059;4.97122255
15060;4.83624767
15061;4.83624767
15062;4.83624767
15063;4.83624767
15064;4.60087404
15065;4.60087404
15066;4.60087404
15067;4.60087404
15068;3.94000024
15069;3.94000024
15070;3.94000024
15071;3.94000024
15072;1.06148891
15073;1.06148891
15074;1.06148891
15075;1.06148891
15076;0.734694952
15077;0.734694952
15078;0.734694952
15079;0.734694952
15080;0.659152479
15081;0.659152479
15082;0.659152479
15083;0.659152479
15084;0.597209565
15085;0.597209565
15086;0.597209565
15087;0.597209565
15088;0.596796174
15089;0.596796174
15090;0.596796174
15091;0.596796174
15092;0.738194075
15093;0.738194075
15094;0.738194075
15095;0.738194075
15096;1.24834462
15097;1.24834462
15098;1.24834462
15099;1.24834462
15100;2.18376351
15101;2.18376351
15102;2.18376351
15103;2.18376351
15104;3.69868647
15105;3.69868647
15106;3.69868647
15107;3.69868647
15108;4.98851086
15109;4.98851086
15110;4.98851086
15111;4.98851086
15112;5.53445864
15113;5.53445864
15114;5.53445864
15115;5.53445864
15116;4.49717362
15117;4.49717362
15118;4.49717362
15119;4.49717362
15120;3.94698783
15121;3.94698783
15122;3.94698783
15123;3.94698783
15124;2.98485385
15125;2.98485385
15126;2.98485385
15127;2.98485385
15128;2.64823235
15129;2.64823235
15130;2.64823235
15131;2.64823235
15132;2.31696868
15133;2.31696868
15134;2.31696868
15135;2.31696868
15136;2.63959706
15137;2.63959706
15138;2.63959706
15139;2.63959706
15140;3.3329342
15141;3.3329342
15142;3.3329342
15143;3.3329342
15144;4.69691884
15145;4.69691884
15146;4.69691884
15147;4.69691884
15148;5.23621619
15149;5.23621619
15150;5.23621619
15151;5.23621619
15152;4.92868187
15153;4.92868187
15154;4.92868187
15155;4.92868187
15156;3.82027966
15157;3.82027966
15158;3.82027966
15159;3.82027966
15160;4.12067647
15161;4.12067647
15162;4.12067647
15163;4.12067647
15164;2.80475112
15165;2.80475112
15166;2.80475112
15167;2.80475112
15168;0.961308129
15169;0.961308129
15170;0.961308129
15171;0.961308129
15172;0.537170636
15173;0.537170636
15174;0.537170636
15175;0.537170636
15176;0.529309277
15177;0.529309277
15178;0.529309277
15179;0.529309277
15180;0.522948393
15181;0.522948393
15182;0.522948393
15183;0.522948393
15184;0.634797907
15185;0.634797907
15186;0.634797907
15187;0.634797907
15188;1.02610647
15189;1.02610647
15190;1.02610647
15191;1.02610647
15192;2.71367428
15193;2.71367428
15194;2.71367428
15195;2.71367428
15196;4.76373621
15197;4.76373621
15198;4.76373621
15199;4.76373621
15200;4.56939473
15201;4.56939473
15202;4.56939473
15203;4.56939473
15204;3.93714581
15205;3.93714581
15206;3.93714581
15207;3.93714581
15208;2.22570037
15209;2.22570037
15210;2.22570037
15211;2.22570037
15212;1.84630844
15213;1.84630844
15214;1.84630844
15215;1.84630844
15216;2.40909964
15217;2.40909964
15218;2.40909964
15219;2.40909964
15220;1.80200079
15221;1.80200079
15222;1.80200079
15223;1.80200079
15224;1.60391496
15225;1.60391496
15226;1.60391496
15227;1.60391496
15228;1.54754076
15229;1.54754076
15230;1.54754076
15231;1.54754076
15232;1.68501528
15233;1.68501528
15234;1.68501528
15235;1.68501528
15236;2.52479929
15237;2.52479929
15238;2.52479929
15239;2.52479929
15240;4.47869395
15241;4.47869395
15242;4.47869395
15243;4.47869395
15244;4.94698278
15245;4.94698278
15246;4.94698278
15247;4.94698278
15248;4.44420342
15249;4.44420342
15250;4.44420342
15251;4.44420342
15252;3.52910579
15253;3.52910579
15254;3.52910579
15255;3.52910579
15256;3.19881331
15257;3.19881331
15258;3.19881331
15259;3.19881331
15260;3.27401659
15261;3.27401659
15262;3.27401659
15263;3.27401659
15264;1.53901074
15265;1.53901074
15266;1.53901074
15267;1.53901074
15268;0.521267784
15269;0.521267784
15270;0.521267784
15271;0.521267784
15272;0.516799571
15273;0.516799571
15274;0.516799571
15275;0.516799571
15276;0.51303397
15277;0.51303397
15278;0.51303397
15279;0.51303397
15280;0.622400763
15281;0.622400763
15282;0.622400763
15283;0.622400763
15284;0.972561132
15285;0.972561132
15286;0.972561132
15287;0.972561132
15288;2.63144413
15289;2.63144413
15290;2.63144413
15291;2.63144413
15292;5.05084783
15293;5.05084783
15294;5.05084783
15295;5.05084783
15296;4.76910981
15297;4.76910981
15298;4.76910981
15299;4.76910981
15300;3.22785081
15301;3.22785081
15302;3.22785081
15303;3.22785081
15304;2.25196197
15305;2.25196197
15306;2.25196197
15307;2.25196197
15308;1.69412404
15309;1.69412404
15310;1.69412404
15311;1.69412404
15312;2.30312223
15313;2.30312223
15314;2.30312223
15315;2.30312223
15316;2.17134505
15317;2.17134505
15318;2.17134505
15319;2.17134505
15320;1.96521984
15321;1.96521984
15322;1.96521984
15323;1.96521984
15324;1.73301362
15325;1.73301362
15326;1.73301362
15327;1.73301362
15328;1.89614495
15329;1.89614495
15330;1.89614495
15331;1.89614495
15332;2.71916476
15333;2.71916476
15334;2.71916476
15335;2.71916476
15336;4.88269208
15337;4.88269208
15338;4.88269208
15339;4.88269208
15340;4.64601968
15341;4.64601968
15342;4.64601968
15343;4.64601968
15344;4.15921248
15345;4.15921248
15346;4.15921248
15347;4.15921248
15348;3.57802911
15349;3.57802911
15350;3.57802911
15351;3.57802911
15352;3.10265089
15353;3.10265089
15354;3.10265089
15355;3.10265089
15356;3.9629708
15357;3.9629708
15358;3.9629708
15359;3.9629708
15360;2.13210403
15361;2.13210403
15362;2.13210403
15363;2.13210403
15364;1.03935354
15365;1.03935354
15366;1.03935354
15367;1.03935354
15368;0.846095696
15369;0.846095696
15370;0.846095696
15371;0.846095696
15372;0.830229461
15373;0.830229461
15374;0.830229461
15375;0.830229461
15376;0.94785912
15377;0.94785912
15378;0.94785912
15379;0.94785912
15380;1.37383215
15381;1.37383215
15382;1.37383215
15383;1.37383215
15384;3.42538422
15385;3.42538422
15386;3.42538422
15387;3.42538422
15388;5.73164033
15389;5.73164033
15390;5.73164033
15391;5.73164033
15392;5.44256958
15393;5.44256958
15394;5.44256958
15395;5.44256958
15396;4.42949815
15397;4.42949815
15398;4.42949815
15399;4.42949815
15400;3.43510697
15401;3.43510697
15402;3.43510697
15403;3.43510697
15404;2.63209124
15405;2.63209124
15406;2.63209124
15407;2.63209124
15408;2.93375244
15409;2.93375244
15410;2.93375244
15411;2.93375244
15412;3.10841611
15413;3.10841611
15414;3.10841611
15415;3.10841611
15416;3.93629801
15417;3.93629801
15418;3.93629801
15419;3.93629801
15420;3.00906817
15421;3.00906817
15422;3.00906817
15423;3.00906817
15424;3.87928625
15425;3.87928625
15426;3.87928625
15427;3.87928625
15428;3.7535769
15429;3.7535769
15430;3.7535769
15431;3.7535769
15432;4.76635917
15433;4.76635917
15434;4.76635917
15435;4.76635917
15436;5.84472911
15437;5.84472911
15438;5.84472911
15439;5.84472911
15440;6.59134673
15441;6.59134673
15442;6.59134673
15443;6.59134673
15444;4.85890097
15445;4.85890097
15446;4.85890097
15447;4.85890097
15448;5.59242995
15449;5.59242995
15450;5.59242995
15451;5.59242995
15452;3.73361163
15453;3.73361163
15454;3.73361163
15455;3.73361163
15456;1.70186831
15457;1.70186831
15458;1.70186831
15459;1.70186831
15460;0.752317428
15461;0.752317428
15462;0.752317428
15463;0.752317428
15464;0.700021274
15465;0.700021274
15466;0.700021274
15467;0.700021274
15468;0.712358217
15469;0.712358217
15470;0.712358217
15471;0.712358217
15472;0.821745847
15473;0.821745847
15474;0.821745847
15475;0.821745847
15476;1.23913902
15477;1.23913902
15478;1.23913902
15479;1.23913902
15480;3.40123879
15481;3.40123879
15482;3.40123879
15483;3.40123879
15484;5.49105652
15485;5.49105652
15486;5.49105652
15487;5.49105652
15488;5.18481555
15489;5.18481555
15490;5.18481555
15491;5.18481555
15492;4.35247794
15493;4.35247794
15494;4.35247794
15495;4.35247794
15496;4.07438505
15497;4.07438505
15498;4.07438505
15499;4.07438505
15500;3.41177565
15501;3.41177565
15502;3.41177565
15503;3.41177565
15504;2.99761266
15505;2.99761266
15506;2.99761266
15507;2.99761266
15508;2.25153251
15509;2.25153251
15510;2.25153251
15511;2.25153251
15512;2.19543672
15513;2.19543672
15514;2.19543672
15515;2.19543672
15516;2.03586331
15517;2.03586331
15518;2.03586331
15519;2.03586331
15520;2.07613314
15521;2.07613314
15522;2.07613314
15523;2.07613314
15524;3.30413633
15525;3.30413633
15526;3.30413633
15527;3.30413633
15528;5.53561381
15529;5.53561381
15530;5.53561381
15531;5.53561381
15532;5.35220235
15533;5.35220235
15534;5.35220235
15535;5.35220235
15536;6.14160164
15537;6.14160164
15538;6.14160164
15539;6.14160164
15540;4.65310779
15541;4.65310779
15542;4.65310779
15543;4.65310779
15544;5.07835187
15545;5.07835187
15546;5.07835187
15547;5.07835187
15548;4.75979949
15549;4.75979949
15550;4.75979949
15551;4.75979949
15552;2.49092244
15553;2.49092244
15554;2.49092244
15555;2.49092244
15556;0.617100794
15557;0.617100794
15558;0.617100794
15559;0.617100794
15560;0.57257956
15561;0.57257956
15562;0.57257956
15563;0.57257956
15564;0.577318594
15565;0.577318594
15566;0.577318594
15567;0.577318594
15568;0.68097381
15569;0.68097381
15570;0.68097381
15571;0.68097381
15572;1.0807265
15573;1.0807265
15574;1.0807265
15575;1.0807265
15576;3.06024222
15577;3.06024222
15578;3.06024222
15579;3.06024222
15580;4.90010868
15581;4.90010868
15582;4.90010868
15583;4.90010868
15584;4.64063343
15585;4.64063343
15586;4.64063343
15587;4.64063343
15588;3.1018496
15589;3.1018496
15590;3.1018496
15591;3.1018496
15592;2.17612518
15593;2.17612518
15594;2.17612518
15595;2.17612518
15596;2.15326521
15597;2.15326521
15598;2.15326521
15599;2.15326521
15600;3.38353692
15601;3.38353692
15602;3.38353692
15603;3.38353692
15604;1.75080071
15605;1.75080071
15606;1.75080071
15607;1.75080071
15608;1.688056
15609;1.688056
15610;1.688056
15611;1.688056
15612;2.57971009
15613;2.57971009
15614;2.57971009
15615;2.57971009
15616;1.86946663
15617;1.86946663
15618;1.86946663
15619;1.86946663
15620;2.70609077
15621;2.70609077
15622;2.70609077
15623;2.70609077
15624;3.68471813
15625;3.68471813
15626;3.68471813
15627;3.68471813
15628;4.53921232
15629;4.53921232
15630;4.53921232
15631;4.53921232
15632;4.31560534
15633;4.31560534
15634;4.31560534
15635;4.31560534
15636;3.60457448
15637;3.60457448
15638;3.60457448
15639;3.60457448
15640;3.41179891
15641;3.41179891
15642;3.41179891
15643;3.41179891
15644;3.10944846
15645;3.10944846
15646;3.10944846
15647;3.10944846
15648;2.28524171
15649;2.28524171
15650;2.28524171
15651;2.28524171
15652;0.802350209
15653;0.802350209
15654;0.802350209
15655;0.802350209
15656;0.68379801
15657;0.68379801
15658;0.68379801
15659;0.68379801
15660;0.569761374
15661;0.569761374
15662;0.569761374
15663;0.569761374
15664;0.526220509
15665;0.526220509
15666;0.526220509
15667;0.526220509
15668;0.69981694
15669;0.69981694
15670;0.69981694
15671;0.69981694
15672;1.12949795
15673;1.12949795
15674;1.12949795
15675;1.12949795
15676;1.87883738
15677;1.87883738
15678;1.87883738
15679;1.87883738
15680;3.44458846
15681;3.44458846
15682;3.44458846
15683;3.44458846
15684;4.50868745
15685;4.50868745
15686;4.50868745
15687;4.50868745
15688;4.348609
15689;4.348609
15690;4.348609
15691;4.348609
15692;3.63863569
15693;3.63863569
15694;3.63863569
15695;3.63863569
15696;3.80016176
15697;3.80016176
15698;3.80016176
15699;3.80016176
15700;3.61938579
15701;3.61938579
15702;3.61938579
15703;3.61938579
15704;3.24667444
15705;3.24667444
15706;3.24667444
15707;3.24667444
15708;2.08663501
15709;2.08663501
15710;2.08663501
15711;2.08663501
15712;2.29971774
15713;2.29971774
15714;2.29971774
15715;2.29971774
15716;3.50457873
15717;3.50457873
15718;3.50457873
15719;3.50457873
15720;4.38269869
15721;4.38269869
15722;4.38269869
15723;4.38269869
15724;4.56492842
15725;4.56492842
15726;4.56492842
15727;4.56492842
15728;4.67623708
15729;4.67623708
15730;4.67623708
15731;4.67623708
15732;4.52238064
15733;4.52238064
15734;4.52238064
15735;4.52238064
15736;4.33436558
15737;4.33436558
15738;4.33436558
15739;4.33436558
15740;3.81694715
15741;3.81694715
15742;3.81694715
15743;3.81694715
15744;1.12190388
15745;1.12190388
15746;1.12190388
15747;1.12190388
15748;0.80540222
15749;0.80540222
15750;0.80540222
15751;0.80540222
15752;0.731912669
15753;0.731912669
15754;0.731912669
15755;0.731912669
15756;0.666348481
15757;0.666348481
15758;0.666348481
15759;0.666348481
15760;0.666762035
15761;0.666762035
15762;0.666762035
15763;0.666762035
15764;0.82944562
15765;0.82944562
15766;0.82944562
15767;0.82944562
15768;1.4588302
15769;1.4588302
15770;1.4588302
15771;1.4588302
15772;2.45686648
15773;2.45686648
15774;2.45686648
15775;2.45686648
15776;4.05262535
15777;4.05262535
15778;4.05262535
15779;4.05262535
15780;5.44607631
15781;5.44607631
15782;5.44607631
15783;5.44607631
15784;6.06877333
15785;6.06877333
15786;6.06877333
15787;6.06877333
15788;4.95750103
15789;4.95750103
15790;4.95750103
15791;4.95750103
15792;4.25135388
15793;4.25135388
15794;4.25135388
15795;4.25135388
15796;3.17580129
15797;3.17580129
15798;3.17580129
15799;3.17580129
15800;2.79753733
15801;2.79753733
15802;2.79753733
15803;2.79753733
15804;2.44309899
15805;2.44309899
15806;2.44309899
15807;2.44309899
15808;2.76185471
15809;2.76185471
15810;2.76185471
15811;2.76185471
15812;3.50286274
15813;3.50286274
15814;3.50286274
15815;3.50286274
15816;4.97805976
15817;4.97805976
15818;4.97805976
15819;4.97805976
15820;5.58645197
15821;5.58645197
15822;5.58645197
15823;5.58645197
15824;5.29626056
15825;5.29626056
15826;5.29626056
15827;5.29626056
15828;4.2000849
15829;4.2000849
15830;4.2000849
15831;4.2000849
15832;4.3584657
15833;4.3584657
15834;4.3584657
15835;4.3584657
15836;2.90336988
15837;2.90336988
15838;2.90336988
15839;2.90336988
15840;1.01706236
15841;1.01706236
15842;1.01706236
15843;1.01706236
15844;0.588748939
15845;0.588748939
15846;0.588748939
15847;0.588748939
15848;0.581091775
15849;0.581091775
15850;0.581091775
15851;0.581091775
15852;0.574742585
15853;0.574742585
15854;0.574742585
15855;0.574742585
15856;0.694174152
15857;0.694174152
15858;0.694174152
15859;0.694174152
15860;1.09728121
15861;1.09728121
15862;1.09728121
15863;1.09728121
15864;2.87214395
15865;2.87214395
15866;2.87214395
15867;2.87214395
15868;4.98906782
15869;4.98906782
15870;4.98906782
15871;4.98906782
15872;4.77679524
15873;4.77679524
15874;4.77679524
15875;4.77679524
15876;4.15109652
15877;4.15109652
15878;4.15109652
15879;4.15109652
15880;2.40081861
15881;2.40081861
15882;2.40081861
15883;2.40081861
15884;1.96941833
15885;1.96941833
15886;1.96941833
15887;1.96941833
15888;2.52029591
15889;2.52029591
15890;2.52029591
15891;2.52029591
15892;1.91518267
15893;1.91518267
15894;1.91518267
15895;1.91518267
15896;1.71511123
15897;1.71511123
15898;1.71511123
15899;1.71511123
15900;1.65675143
15901;1.65675143
15902;1.65675143
15903;1.65675143
15904;1.79422595
15905;1.79422595
15906;1.79422595
15907;1.79422595
15908;2.63996677
15909;2.63996677
15910;2.63996677
15911;2.63996677
15912;4.62165987
15913;4.62165987
15914;4.62165987
15915;4.62165987
15916;5.0899487
15917;5.0899487
15918;5.0899487
15919;5.0899487
15920;4.57724133
15921;4.57724133
15922;4.57724133
15923;4.57724133
15924;3.68354755
15925;3.68354755
15926;3.68354755
15927;3.68354755
15928;3.32185218
15929;3.32185218
15930;3.32185218
15931;3.32185218
15932;3.32467186
15933;3.32467186
15934;3.32467186
15935;3.32467186
15936;1.51467899
15937;1.51467899
15938;1.51467899
15939;1.51467899
15940;0.473270073
15941;0.473270073
15942;0.473270073
15943;0.473270073
15944;0.465771397
15945;0.465771397
15946;0.465771397
15947;0.465771397
15948;0.462004199
15949;0.462004199
15950;0.462004199
15951;0.462004199
15952;0.577875933
15953;0.577875933
15954;0.577875933
15955;0.577875933
15956;0.918479113
15957;0.918479113
15958;0.918479113
15959;0.918479113
15960;2.50633291
15961;2.50633291
15962;2.50633291
15963;2.50633291
15964;4.90130427
15965;4.90130427
15966;4.90130427
15967;4.90130427
15968;4.64264547
15969;4.64264547
15970;4.64264547
15971;4.64264547
15972;3.05516597
15973;3.05516597
15974;3.05516597
15975;3.05516597
15976;2.06756299
15977;2.06756299
15978;2.06756299
15979;2.06756299
15980;1.5303442
15981;1.5303442
15982;1.5303442
15983;1.5303442
15984;2.15767019
15985;2.15767019
15986;2.15767019
15987;2.15767019
15988;2.05309804
15989;2.05309804
15990;2.05309804
15991;2.05309804
15992;1.88010526
15993;1.88010526
15994;1.88010526
15995;1.88010526
15996;1.65693952
15997;1.65693952
15998;1.65693952
15999;1.65693952
16000;1.81605982
16001;1.81605982
16002;1.81605982
16003;1.81605982
16004;2.61852133
16005;2.61852133
16006;2.61852133
16007;2.61852133
16008;4.72220907
16009;4.72220907
16010;4.72220907
16011;4.72220907
16012;4.45745951
16013;4.45745951
16014;4.45745951
16015;4.45745951
16016;3.95235562
16017;3.95235562
16018;3.95235562
16019;3.95235562
16020;3.32282932
16021;3.32282932
16022;3.32282932
16023;3.32282932
16024;2.92634032
16025;2.92634032
16026;2.92634032
16027;2.92634032
16028;3.88083335
16029;3.88083335
16030;3.88083335
16031;3.88083335
16032;1.75175186
16033;1.75175186
16034;1.75175186
16035;1.75175186
16036;0.680480874
16037;0.680480874
16038;0.680480874
16039;0.680480874
16040;0.482636149
16041;0.482636149
16042;0.482636149
16043;0.482636149
16044;0.459594229
16045;0.459594229
16046;0.459594229
16047;0.459594229
16048;0.573593482
16049;0.573593482
16050;0.573593482
16051;0.573593482
16052;0.929133273
16053;0.929133273
16054;0.929133273
16055;0.929133273
16056;2.41201212
16057;2.41201212
16058;2.41201212
16059;2.41201212
16060;4.38755782
16061;4.38755782
16062;4.38755782
16063;4.38755782
16064;3.94003619
16065;3.94003619
16066;3.94003619
16067;3.94003619
16068;2.99716713
16069;2.99716713
16070;2.99716713
16071;2.99716713
16072;2.20995325
16073;2.20995325
16074;2.20995325
16075;2.20995325
16076;1.59521741
16077;1.59521741
16078;1.59521741
16079;1.59521741
16080;2.03722688
16081;2.03722688
16082;2.03722688
16083;2.03722688
16084;2.28673705
16085;2.28673705
16086;2.28673705
16087;2.28673705
16088;3.19615551
16089;3.19615551
16090;3.19615551
16091;3.19615551
16092;2.32115501
16093;2.32115501
16094;2.32115501
16095;2.32115501
16096;3.15327719
16097;3.15327719
16098;3.15327719
16099;3.15327719
16100;2.88087219
16101;2.88087219
16102;2.88087219
16103;2.88087219
16104;3.45562144
16105;3.45562144
16106;3.45562144
16107;3.45562144
16108;4.3543601
16109;4.3543601
16110;4.3543601
16111;4.3543601
16112;5.1346321
16113;5.1346321
16114;5.1346321
16115;5.1346321
16116;3.3959432
16117;3.3959432
16118;3.3959432
16119;3.3959432
16120;4.58599117
16121;4.58599117
16122;4.58599117
16123;4.58599117
16124;3.25905572
16125;3.25905572
16126;3.25905572
16127;3.25905572
16128;1.32269055
16129;1.32269055
16130;1.32269055
16131;1.32269055
16132;0.446296334
16133;0.446296334
16134;0.446296334
16135;0.446296334
16136;0.395857617
16137;0.395857617
16138;0.395857617
16139;0.395857617
16140;0.407455904
16141;0.407455904
16142;0.407455904
16143;0.407455904
16144;0.516588271
16145;0.516588271
16146;0.516588271
16147;0.516588271
16148;0.869407466
16149;0.869407466
16150;0.869407466
16151;0.869407466
16152;2.54880387
16153;2.54880387
16154;2.54880387
16155;2.54880387
16156;4.2966364
16157;4.2966364
16158;4.2966364
16159;4.2966364
16160;3.86909007
16161;3.86909007
16162;3.86909007
16163;3.86909007
16164;3.10279981
16165;3.10279981
16166;3.10279981
16167;3.10279981
16168;3.02744593
16169;3.02744593
16170;3.02744593
16171;3.02744593
16172;2.53088169
16173;2.53088169
16174;2.53088169
16175;2.53088169
16176;2.24746235
16177;2.24746235
16178;2.24746235
16179;2.24746235
16180;1.55933777
16181;1.55933777
16182;1.55933777
16183;1.55933777
16184;1.59388797
16185;1.59388797
16186;1.59388797
16187;1.59388797
16188;1.48310294
16189;1.48310294
16190;1.48310294
16191;1.48310294
16192;1.51443248
16193;1.51443248
16194;1.51443248
16195;1.51443248
16196;2.66206387
16197;2.66206387
16198;2.66206387
16199;2.66206387
16200;4.60301365
16201;4.60301365
16202;4.60301365
16203;4.60301365
16204;4.28901667
16205;4.28901667
16206;4.28901667
16207;4.28901667
16208;5.08656233
16209;5.08656233
16210;5.08656233
16211;5.08656233
16212;3.62054562
16213;3.62054562
16214;3.62054562
16215;3.62054562
16216;4.32960282
16217;4.32960282
16218;4.32960282
16219;4.32960282
16220;4.35373998
16221;4.35373998
16222;4.35373998
16223;4.35373998
16224;2.24990703
16225;2.24990703
16226;2.24990703
16227;2.24990703
16228;0.464857244
16229;0.464857244
16230;0.464857244
16231;0.464857244
16232;0.41637645
16233;0.41637645
16234;0.41637645
16235;0.41637645
16236;0.417163915
16237;0.417163915
16238;0.417163915
16239;0.417163915
16240;0.517192051
16241;0.517192051
16242;0.517192051
16243;0.517192051
16244;0.873071837
16245;0.873071837
16246;0.873071837
16247;0.873071837
16248;2.58718784
16249;2.58718784
16250;2.58718784
16251;2.58718784
16252;4.25818922
16253;4.25818922
16254;4.25818922
16255;4.25818922
16256;4.00071894
16257;4.00071894
16258;4.00071894
16259;4.00071894
16260;2.59415429
16261;2.59415429
16262;2.59415429
16263;2.59415429
16264;1.78799178
16265;1.78799178
16266;1.78799178
16267;1.78799178
16268;1.85277183
16269;1.85277183
16270;1.85277183
16271;1.85277183
16272;3.12546907
16273;3.12546907
16274;3.12546907
16275;3.12546907
16276;1.51032839
16277;1.51032839
16278;1.51032839
16279;1.51032839
16280;1.4710444
16281;1.4710444
16282;1.4710444
16283;1.4710444
16284;2.37442885
16285;2.37442885
16286;2.37442885
16287;2.37442885
16288;1.65832021
16289;1.65832021
16290;1.65832021
16291;1.65832021
16292;2.45975328
16293;2.45975328
16294;2.45975328
16295;2.45975328
16296;3.32694225
16297;3.32694225
16298;3.32694225
16299;3.32694225
16300;4.14038019
16301;4.14038019
16302;4.14038019
16303;4.14038019
16304;3.93436874
16305;3.93436874
16306;3.93436874
16307;3.93436874
16308;3.22920306
16309;3.22920306
16310;3.22920306
16311;3.22920306
16312;3.15959624
16313;3.15959624
16314;3.15959624
16315;3.15959624
16316;2.9895529
16317;2.9895529
16318;2.9895529
16319;2.9895529
16320;2.21284159
16321;2.21284159
16322;2.21284159
16323;2.21284159
16324;0.760390533
16325;0.760390533
16326;0.760390533
16327;0.760390533
16328;0.638633782
16329;0.638633782
16330;0.638633782
16331;0.638633782
16332;0.524523123
16333;0.524523123
16334;0.524523123
16335;0.524523123
16336;0.482995557
16337;0.482995557
16338;0.482995557
16339;0.482995557
16340;0.646698034
16341;0.646698034
16342;0.646698034
16343;0.646698034
16344;1.02866093
16345;1.02866093
16346;1.02866093
16347;1.02866093
16348;1.74174858
16349;1.74174858
16350;1.74174858
16351;1.74174858
16352;3.33265585
16353;3.33265585
16354;3.33265585
16355;3.33265585
16356;4.43114558
16357;4.43114558
16358;4.43114558
16359;4.43114558
16360;4.28662556
16361;4.28662556
16362;4.28662556
16363;4.28662556
16364;3.58373593
16365;3.58373593
16366;3.58373593
16367;3.58373593
16368;3.75057478
16369;3.75057478
16370;3.75057478
16371;3.75057478
16372;3.56891335
16373;3.56891335
16374;3.56891335
16375;3.56891335
16376;3.19708746
16377;3.19708746
16378;3.19708746
16379;3.19708746
16380;2.03793349
16381;2.03793349
16382;2.03793349
16383;2.03793349
16384;2.25101622
16385;2.25101622
16386;2.25101622
16387;2.25101622
16388;3.45322083
16389;3.45322083
16390;3.45322083
16391;3.45322083
16392;4.31894432
16393;4.31894432
16394;4.31894432
16395;4.31894432
16396;4.50117405
16397;4.50117405
16398;4.50117405
16399;4.50117405
16400;4.61691002
16401;4.61691002
16402;4.61691002
16403;4.61691002
16404;4.46482451
16405;4.46482451
16406;4.46482451
16407;4.46482451
16408;4.29274775
16409;4.29274775
16410;4.29274775
16411;4.29274775
16412;3.76785844
16413;3.76785844
16414;3.76785844
16415;3.76785844
16416;0.941091669
16417;0.941091669
16418;0.941091669
16419;0.941091669
16420;0.618717836
16421;0.618717836
16422;0.618717836
16423;0.618717836
16424;0.537116286
16425;0.537116286
16426;0.537116286
16427;0.537116286
16428;0.468770816
16429;0.468770816
16430;0.468770816
16431;0.468770816
16432;0.461979697
16433;0.461979697
16434;0.461979697
16435;0.461979697
16436;0.577301256
16437;0.577301256
16438;0.577301256
16439;0.577301256
16440;0.888404529
16441;0.888404529
16442;0.888404529
16443;0.888404529
16444;1.72408863
16445;1.72408863
16446;1.72408863
16447;1.72408863
16448;3.28392883
16449;3.28392883
16450;3.28392883
16451;3.28392883
16452;4.62184583
16453;4.62184583
16454;4.62184583
16455;4.62184583
16456;5.27364536
16457;5.27364536
16458;5.27364536
16459;5.27364536
16460;4.24314852
16461;4.24314852
16462;4.24314852
16463;4.24314852
16464;3.70995289
16465;3.70995289
16466;3.70995289
16467;3.70995289
16468;2.74358624
16469;2.74358624
16470;2.74358624
16471;2.74358624
16472;2.41119741
16473;2.41119741
16474;2.41119741
16475;2.41119741
16476;2.08416641
16477;2.08416641
16478;2.08416641
16479;2.08416641
16480;2.40679479
16481;2.40679479
16482;2.40679479
16483;2.40679479
16484;3.08743391
16485;3.08743391
16486;3.08743391
16487;3.08743391
16488;4.39216117
16489;4.39216117
16490;4.39216117
16491;4.39216117
16492;4.93145852
16493;4.93145852
16494;4.93145852
16495;4.93145852
16496;4.64508755
16497;4.64508755
16498;4.64508755
16499;4.64508755
16500;3.55955028
16501;3.55955028
16502;3.55955028
16503;3.55955028
16504;3.90413061
16505;3.90413061
16506;3.90413061
16507;3.90413061
16508;2.68814227
16509;2.68814227
16510;2.68814227
16511;2.68814227
16512;0.909930699
16513;0.909930699
16514;0.909930699
16515;0.909930699
16516;0.511511739
16517;0.511511739
16518;0.511511739
16519;0.511511739
16520;0.4987657
16521;0.4987657
16522;0.4987657
16523;0.4987657
16524;0.489821878
16525;0.489821878
16526;0.489821878
16527;0.489821878
16528;0.59757895
16529;0.59757895
16530;0.59757895
16531;0.59757895
16532;0.971826268
16533;0.971826268
16534;0.971826268
16535;0.971826268
16536;2.57038154
16537;2.57038154
16538;2.57038154
16539;2.57038154
16540;4.56601071
16541;4.56601071
16542;4.56601071
16543;4.56601071
16544;4.47397676
16545;4.47397676
16546;4.47397676
16547;4.47397676
16548;3.89670988
16549;3.89670988
16550;3.89670988
16551;3.89670988
16552;2.20476425
16553;2.20476425
16554;2.20476425
16555;2.20476425
16556;1.8093235
16557;1.8093235
16558;1.8093235
16559;1.8093235
16560;2.36259041
16561;2.36259041
16562;2.36259041
16563;2.36259041
16564;1.74100416
16565;1.74100416
16566;1.74100416
16567;1.74100416
16568;1.53772961
16569;1.53772961
16570;1.53772961
16571;1.53772961
16572;1.4799822
16573;1.4799822
16574;1.4799822
16575;1.4799822
16576;1.61936447
16577;1.61936447
16578;1.61936447
16579;1.61936447
16580;2.4632681
16581;2.4632681
16582;2.4632681
16583;2.4632681
16584;4.41921785
16585;4.41921785
16586;4.41921785
16587;4.41921785
16588;4.90086098
16589;4.90086098
16590;4.90086098
16591;4.90086098
16592;4.4045699
16593;4.4045699
16594;4.4045699
16595;4.4045699
16596;3.49244912
16597;3.49244912
16598;3.49244912
16599;3.49244912
16600;3.1821409
16601;3.1821409
16602;3.1821409
16603;3.1821409
16604;3.25354488
16605;3.25354488
16606;3.25354488
16607;3.25354488
16608;1.54888896
16609;1.54888896
16610;1.54888896
16611;1.54888896
16612;0.523266526
16613;0.523266526
16614;0.523266526
16615;0.523266526
16616;0.51616206
16617;0.51616206
16618;0.51616206
16619;0.51616206
16620;0.51301129
16621;0.51301129
16622;0.51301129
16623;0.51301129
16624;0.63245087
16625;0.63245087
16626;0.63245087
16627;0.63245087
16628;0.982410769
16629;0.982410769
16630;0.982410769
16631;0.982410769
16632;2.64772483
16633;2.64772483
16634;2.64772483
16635;2.64772483
16636;5.06207228
16637;5.06207228
16638;5.06207228
16639;5.06207228
16640;4.84022385
16641;4.84022385
16642;4.84022385
16643;4.84022385
16644;3.3128626
16645;3.3128626
16646;3.3128626
16647;3.3128626
16648;2.30206754
16649;2.30206754
16650;2.30206754
16651;2.30206754
16652;1.73748632
16653;1.73748632
16654;1.73748632
16655;1.73748632
16656;2.34720541
16657;2.34720541
16658;2.34720541
16659;2.34720541
16660;2.23925714
16661;2.23925714
16662;2.23925714
16663;2.23925714
16664;2.06043303
16665;2.06043303
16666;2.06043303
16667;2.06043303
16668;1.82697231
16669;1.82697231
16670;1.82697231
16671;1.82697231
16672;1.98229112
16673;1.98229112
16674;1.98229112
16675;1.98229112
16676;2.80382688
16677;2.80382688
16678;2.80382688
16679;2.80382688
16680;4.95847268
16681;4.95847268
16682;4.95847268
16683;4.95847268
16684;4.71731426
16685;4.71731426
16686;4.71731426
16687;4.71731426
16688;4.21715825
16689;4.21715825
16690;4.21715825
16691;4.21715825
16692;3.59434452
16693;3.59434452
16694;3.59434452
16695;3.59434452
16696;3.15094969
16697;3.15094969
16698;3.15094969
16699;3.15094969
16700;4.00838662
16701;4.00838662
16702;4.00838662
16703;4.00838662
16704;2.16457341
16705;2.16457341
16706;2.16457341
16707;2.16457341
16708;1.04878383
16709;1.04878383
16710;1.04878383
16711;1.04878383
16712;0.855594802
16713;0.855594802
16714;0.855594802
16715;0.855594802
16716;0.843892797
16717;0.843892797
16718;0.843892797
16719;0.843892797
16720;0.947078643
16721;0.947078643
16722;0.947078643
16723;0.947078643
16724;1.36750501
16725;1.36750501
16726;1.36750501
16727;1.36750501
16728;3.41530437
16729;3.41530437
16730;3.41530437
16731;3.41530437
16732;5.78349712
16733;5.78349712
16734;5.78349712
16735;5.78349712
16736;5.54724039
16737;5.54724039
16738;5.54724039
16739;5.54724039
16740;4.43061387
16741;4.43061387
16742;4.43061387
16743;4.43061387
16744;3.45767506
16745;3.45767506
16746;3.45767506
16747;3.45767506
16748;2.68075123
16749;2.68075123
16750;2.68075123
16751;2.68075123
16752;2.97138337
16753;2.97138337
16754;2.97138337
16755;2.97138337
16756;3.11204513
16757;3.11204513
16758;3.11204513
16759;3.11204513
16760;3.90160128
16761;3.90160128
16762;3.90160128
16763;3.90160128
16764;2.98619705
16765;2.98619705
16766;2.98619705
16767;2.98619705
16768;3.83673668
16769;3.83673668
16770;3.83673668
16771;3.83673668
16772;3.68198732
16773;3.68198732
16774;3.68198732
16775;3.68198732
16776;4.62077977
16777;4.62077977
16778;4.62077977
16779;4.62077977
16780;5.72501414
16781;5.72501414
16782;5.72501414
16783;5.72501414
16784;6.53785406
16785;6.53785406
16786;6.53785406
16787;6.53785406
16788;4.83650881
16789;4.83650881
16790;4.83650881
16791;4.83650881
16792;5.60136899
16793;5.60136899
16794;5.60136899
16795;5.60136899
16796;3.74845768
16797;3.74845768
16798;3.74845768
16799;3.74845768
16800;1.89022035
16801;1.89022035
16802;1.89022035
16803;1.89022035
16804;0.929605503
16805;0.929605503
16806;0.929605503
16807;0.929605503
16808;0.888027098
16809;0.888027098
16810;0.888027098
16811;0.888027098
16812;0.906940565
16813;0.906940565
16814;0.906940565
16815;0.906940565
16816;1.0137113
16817;1.0137113
16818;1.0137113
16819;1.0137113
16820;1.47772547
16821;1.47772547
16822;1.47772547
16823;1.47772547
16824;3.98034299
16825;3.98034299
16826;3.98034299
16827;3.98034299
16828;6.28066562
16829;6.28066562
16830;6.28066562
16831;6.28066562
16832;5.99472887
16833;5.99472887
16834;5.99472887
16835;5.99472887
16836;5.06615162
16837;5.06615162
16838;5.06615162
16839;5.06615162
16840;4.6599509
16841;4.6599509
16842;4.6599509
16843;4.6599509
16844;3.8794624
16845;3.8794624
16846;3.8794624
16847;3.8794624
16848;3.40876073
16849;3.40876073
16850;3.40876073
16851;3.40876073
16852;2.61172801
16853;2.61172801
16854;2.61172801
16855;2.61172801
16856;2.5176777
16857;2.5176777
16858;2.5176777
16859;2.5176777
16860;2.35386808
16861;2.35386808
16862;2.35386808
16863;2.35386808
16864;2.41799284
16865;2.41799284
16866;2.41799284
16867;2.41799284
16868;3.78217096
16869;3.78217096
16870;3.78217096
16871;3.78217096
16872;6.23776855
16873;6.23776855
16874;6.23776855
16875;6.23776855
16876;6.13138795
16877;6.13138795
16878;6.13138795
16879;6.13138795
16880;6.91291399
16881;6.91291399
16882;6.91291399
16883;6.91291399
16884;5.56284754
16885;5.56284754
16886;5.56284754
16887;5.56284754
16888;5.68023555
16889;5.68023555
16890;5.68023555
16891;5.68023555
16892;4.98932662
16893;4.98932662
16894;4.98932662
16895;4.98932662
16896;2.82941388
16897;2.82941388
16898;2.82941388
16899;2.82941388
16900;0.941405772
16901;0.941405772
16902;0.941405772
16903;0.941405772
16904;0.907022155
16905;0.907022155
16906;0.907022155
16907;0.907022155
16908;0.909421292
16909;0.909421292
16910;0.909421292
16911;0.909421292
16912;1.02054515
16913;1.02054515
16914;1.02054515
16915;1.02054515
16916;1.4941589
16917;1.4941589
16918;1.4941589
16919;1.4941589
16920;4.02513377
16921;4.02513377
16922;4.02513377
16923;4.02513377
16924;6.27147372
16925;6.27147372
16926;6.27147372
16927;6.27147372
16928;6.21850781
16929;6.21850781
16930;6.21850781
16931;6.21850781
16932;4.48604765
16933;4.48604765
16934;4.48604765
16935;4.48604765
16936;3.33698973
16937;3.33698973
16938;3.33698973
16939;3.33698973
16940;3.15563645
16941;3.15563645
16942;3.15563645
16943;3.15563645
16944;4.24386301
16945;4.24386301
16946;4.24386301
16947;4.24386301
16948;2.5370535
16949;2.5370535
16950;2.5370535
16951;2.5370535
16952;2.3992217
16953;2.3992217
16954;2.3992217
16955;2.3992217
16956;3.23966175
16957;3.23966175
16958;3.23966175
16959;3.23966175
16960;2.52232476
16961;2.52232476
16962;2.52232476
16963;2.52232476
16964;3.47335908
16965;3.47335908
16966;3.47335908
16967;3.47335908
16968;4.79494276
16969;4.79494276
16970;4.79494276
16971;4.79494276
16972;5.82224542
16973;5.82224542
16974;5.82224542
16975;5.82224542
16976;5.60255081
16977;5.60255081
16978;5.60255081
16979;5.60255081
16980;4.96367445
16981;4.96367445
16982;4.96367445
16983;4.96367445
16984;4.3665622
16985;4.3665622
16986;4.3665622
16987;4.3665622
16988;3.55157396
16989;3.55157396
16990;3.55157396
16991;3.55157396
16992;2.99817028
16993;2.99817028
16994;2.99817028
16995;2.99817028
16996;1.46607248
16997;1.46607248
16998;1.46607248
16999;1.46607248
17000;1.35027435
17001;1.35027435
17002;1.35027435
17003;1.35027435
17004;1.24900964
17005;1.24900964
17006;1.24900964
17007;1.24900964
17008;1.19365297
17009;1.19365297
17010;1.19365297
17011;1.19365297
17012;1.49633785
17013;1.49633785
17014;1.49633785
17015;1.49633785
17016;2.96549293
17017;2.96549293
17018;2.96549293
17019;2.96549293
17020;4.17583494
17021;4.17583494
17022;4.17583494
17023;4.17583494
17024;5.77205028
17025;5.77205028
17026;5.77205028
17027;5.77205028
17028;6.78702317
17029;6.78702317
17030;6.78702317
17031;6.78702317
17032;6.38741854
17033;6.38741854
17034;6.38741854
17035;6.38741854
17036;5.38331976
17037;5.38331976
17038;5.38331976
17039;5.38331976
17040;5.29092414
17041;5.29092414
17042;5.29092414
17043;5.29092414
17044;4.96633926
17045;4.96633926
17046;4.96633926
17047;4.96633926
17048;4.43672126
17049;4.43672126
17050;4.43672126
17051;4.43672126
17052;3.25179713
17053;3.25179713
17054;3.25179713
17055;3.25179713
17056;3.52732386
17057;3.52732386
17058;3.52732386
17059;3.52732386
17060;4.93990287
17061;4.93990287
17062;4.93990287
17063;4.93990287
17064;6.43428442
17065;6.43428442
17066;6.43428442
17067;6.43428442
17068;6.82263407
17069;6.82263407
17070;6.82263407
17071;6.82263407
17072;6.88355364
17073;6.88355364
17074;6.88355364
17075;6.88355364
17076;6.88883297
17077;6.88883297
17078;6.88883297
17079;6.88883297
17080;6.03829348
17081;6.03829348
17082;6.03829348
17083;6.03829348
17084;4.61562976
17085;4.61562976
17086;4.61562976
17087;4.61562976
17088;1.47454145
17089;1.47454145
17090;1.47454145
17091;1.47454145
17092;1.13167976
17093;1.13167976
17094;1.13167976
17095;1.13167976
17096;1.06001502
17097;1.06001502
17098;1.06001502
17099;1.06001502
17100;0.991089761
17101;0.991089761
17102;0.991089761
17103;0.991089761
17104;0.984288701
17105;0.984288701
17106;0.984288701
17107;0.984288701
17108;1.19601427
17109;1.19601427
17110;1.19601427
17111;1.19601427
17112;2.27236727
17113;2.27236727
17114;2.27236727
17115;2.27236727
17116;3.45216379
17117;3.45216379
17118;3.45216379
17119;3.45216379
17120;5.04019012
17121;5.04019012
17122;5.04019012
17123;5.04019012
17124;6.26002005
17125;6.26002005
17126;6.26002005
17127;6.26002005
17128;6.73551175
17129;6.73551175
17130;6.73551175
17131;6.73551175
17132;5.52007102
17133;5.52007102
17134;5.52007102
17135;5.52007102
17136;4.81351798
17137;4.81351798
17138;4.81351798
17139;4.81351798
17140;3.72012527
17141;3.72012527
17142;3.72012527
17143;3.72012527
17144;3.24807171
17145;3.24807171
17146;3.24807171
17147;3.24807171
17148;2.85150726
17149;2.85150726
17150;2.85150726
17151;2.85150726
17152;3.18959295
17153;3.18959295
17154;3.18959295
17155;3.18959295
17156;4.00404966
17157;4.00404966
17158;4.00404966
17159;4.00404966
17160;5.71712033
17161;5.71712033
17162;5.71712033
17163;5.71712033
17164;6.41526154
17165;6.41526154
17166;6.41526154
17167;6.41526154
17168;6.09273121
17169;6.09273121
17170;6.09273121
17171;6.09273121
17172;4.99807834
17173;4.99807834
17174;4.99807834
17175;4.99807834
17176;4.90268781
17177;4.90268781
17178;4.90268781
17179;4.90268781
17180;3.2031621
17181;3.2031621
17182;3.2031621
17183;3.2031621
17184;1.47886249
17185;1.47886249
17186;1.47886249
17187;1.47886249
17188;1.02863102
17189;1.02863102
17190;1.02863102
17191;1.02863102
17192;1.02975405
17193;1.02975405
17194;1.02975405
17195;1.02975405
17196;1.02383921
17197;1.02383921
17198;1.02383921
17199;1.02383921
17200;1.12445957
17201;1.12445957
17202;1.12445957
17203;1.12445957
17204;1.57503593
17205;1.57503593
17206;1.57503593
17207;1.57503593
17208;3.94186147
17209;3.94186147
17210;3.94186147
17211;3.94186147
17212;6.39627125
17213;6.39627125
17214;6.39627125
17215;6.39627125
17216;6.50429272
17217;6.50429272
17218;6.50429272
17219;6.50429272
17220;5.82041926
17221;5.82041926
17222;5.82041926
17223;5.82041926
17224;3.84845426
17225;3.84845426
17226;3.84845426
17227;3.84845426
17228;3.23668207
17229;3.23668207
17230;3.23668207
17231;3.23668207
17232;3.63022975
17233;3.63022975
17234;3.63022975
17235;3.63022975
17236;2.92485192
17237;2.92485192
17238;2.92485192
17239;2.92485192
17240;2.59852353
17241;2.59852353
17242;2.59852353
17243;2.59852353
17244;2.47804279
17245;2.47804279
17246;2.47804279
17247;2.47804279
17248;2.63388817
17249;2.63388817
17250;2.63388817
17251;2.63388817
17252;3.63077862
17253;3.63077862
17254;3.63077862
17255;3.63077862
17256;6.03517244
17257;6.03517244
17258;6.03517244
17259;6.03517244
17260;6.68306507
17261;6.68306507
17262;6.68306507
17263;6.68306507
17264;6.13385325
17265;6.13385325
17266;6.13385325
17267;6.13385325
17268;5.30010778
17269;5.30010778
17270;5.30010778
17271;5.30010778
17272;4.4149345
17273;4.4149345
17274;4.4149345
17275;4.4149345
17276;3.8186802
17277;3.8186802
17278;3.8186802
17279;3.8186802
17280;1.84956762
17281;1.84956762
17282;1.84956762
17283;1.84956762
17284;0.767098831
17285;0.767098831
17286;0.767098831
17287;0.767098831
17288;0.771611236
17289;0.771611236
17290;0.771611236
17291;0.771611236
17292;0.782872703
17293;0.782872703
17294;0.782872703
17295;0.782872703
17296;0.902837511
17297;0.902837511
17298;0.902837511
17299;0.902837511
17300;1.3211404
17301;1.3211404
17302;1.3211404
17303;1.3211404
17304;3.44246352
17305;3.44246352
17306;3.44246352
17307;3.44246352
17308;6.15824078
17309;6.15824078
17310;6.15824078
17311;6.15824078
17312;5.86988321
17313;5.86988321
17314;5.86988321
17315;5.86988321
17316;4.19475995
17317;4.19475995
17318;4.19475995
17319;4.19475995
17320;3.02446666
17321;3.02446666
17322;3.02446666
17323;3.02446666
17324;2.32112807
17325;2.32112807
17326;2.32112807
17327;2.32112807
17328;2.8300016
17329;2.8300016
17330;2.8300016
17331;2.8300016
17332;2.66794326
17333;2.66794326
17334;2.66794326
17335;2.66794326
17336;2.42874702
17337;2.42874702
17338;2.42874702
17339;2.42874702
17340;2.1712832
17341;2.1712832
17342;2.1712832
17343;2.1712832
17344;2.34635276
17345;2.34635276
17346;2.34635276
17347;2.34635276
17348;3.24815294
17349;3.24815294
17350;3.24815294
17351;3.24815294
17352;5.69678867
17353;5.69678867
17354;5.69678867
17355;5.69678867
17356;5.59834282
17357;5.59834282
17358;5.59834282
17359;5.59834282
17360;5.08851284
17361;5.08851284
17362;5.08851284
17363;5.08851284
17364;4.45674198
17365;4.45674198
17366;4.45674198
17367;4.45674198
17368;3.7115358
17369;3.7115358
17370;3.7115358
17371;3.7115358
17372;4.2235159
17373;4.2235159
17374;4.2235159
17375;4.2235159
17376;1.84453428
17377;1.84453428
17378;1.84453428
17379;1.84453428
17380;0.744455551
17381;0.744455551
17382;0.744455551
17383;0.744455551
17384;0.559830331
17385;0.559830331
17386;0.559830331
17387;0.559830331
17388;0.542066474
17389;0.542066474
17390;0.542066474
17391;0.542066474
17392;0.641287407
17393;0.641287407
17394;0.641287407
17395;0.641287407
17396;0.943639115
17397;0.943639115
17398;0.943639115
17399;0.943639115
17400;2.34123704
17401;2.34123704
17402;2.34123704
17403;2.34123704
17404;4.23706893
17405;4.23706893
17406;4.23706893
17407;4.23706893
17408;4.07612948
17409;4.07612948
17410;4.07612948
17411;4.07612948
17412;3.30548128
17413;3.30548128
17414;3.30548128
17415;3.30548128
17416;2.24799091
17417;2.24799091
17418;2.24799091
17419;2.24799091
17420;1.6297804
17421;1.6297804
17422;1.6297804
17423;1.6297804
17424;1.9981515
17425;1.9981515
17426;1.9981515
17427;1.9981515
17428;2.24694454
17429;2.24694454
17430;2.24694454
17431;2.24694454
17432;3.13181562
17433;3.13181562
17434;3.13181562
17435;3.13181562
17436;2.30956926
17437;2.30956926
17438;2.30956926
17439;2.30956926
17440;3.05985205
17441;3.05985205
17442;3.05985205
17443;3.05985205
17444;2.72050862
17445;2.72050862
17446;2.72050862
17447;2.72050862
17448;3.19117904
17449;3.19117904
17450;3.19117904
17451;3.19117904
17452;3.94883367
17453;3.94883367
17454;3.94883367
17455;3.94883367
17456;4.68252843
17457;4.68252843
17458;4.68252843
17459;4.68252843
17460;3.12782828
17461;3.12782828
17462;3.12782828
17463;3.12782828
17464;4.31169896
17465;4.31169896
17466;4.31169896
17467;4.31169896
17468;2.96980443
17469;2.96980443
17470;2.96980443
17471;2.96980443
17472;1.20238516
17473;1.20238516
17474;1.20238516
17475;1.20238516
17476;0.431645131
17477;0.431645131
17478;0.431645131
17479;0.431645131
17480;0.387983631
17481;0.387983631
17482;0.387983631
17483;0.387983631
17484;0.400541399
17485;0.400541399
17486;0.400541399
17487;0.400541399
17488;0.490645243
17489;0.490645243
17490;0.490645243
17491;0.490645243
17492;0.780993986
17493;0.780993986
17494;0.780993986
17495;0.780993986
17496;2.21326515
17497;2.21326515
17498;2.21326515
17499;2.21326515
17500;3.68747295
17501;3.68747295
17502;3.68747295
17503;3.68747295
17504;3.27648313
17505;3.27648313
17506;3.27648313
17507;3.27648313
17508;2.69138834
17509;2.69138834
17510;2.69138834
17511;2.69138834
17512;2.71449565
17513;2.71449565
17514;2.71449565
17515;2.71449565
17516;2.26932833
17517;2.26932833
17518;2.26932833
17519;2.26932833
17520;1.97836822
17521;1.97836822
17522;1.97836822
17523;1.97836822
17524;1.33613597
17525;1.33613597
17526;1.33613597
17527;1.33613597
17528;1.39717701
17529;1.39717701
17530;1.39717701
17531;1.39717701
17532;1.30187952
17533;1.30187952
17534;1.30187952
17535;1.30187952
17536;1.29451197
17537;1.29451197
17538;1.29451197
17539;1.29451197
17540;2.2869858
17541;2.2869858
17542;2.2869858
17543;2.2869858
17544;3.99558154
17545;3.99558154
17546;3.99558154
17547;3.99558154
17548;3.60583604
17549;3.60583604
17550;3.60583604
17551;3.60583604
17552;4.37539952
17553;4.37539952
17554;4.37539952
17555;4.37539952
17556;3.08649174
17557;3.08649174
17558;3.08649174
17559;3.08649174
17560;3.84420387
17561;3.84420387
17562;3.84420387
17563;3.84420387
17564;3.90011525
17565;3.90011525
17566;3.90011525
17567;3.90011525
17568;2.0781622
17569;2.0781622
17570;2.0781622
17571;2.0781622
17572;0.461971234
17573;0.461971234
17574;0.461971234
17575;0.461971234
17576;0.419051607
17577;0.419051607
17578;0.419051607
17579;0.419051607
17580;0.420654985
17581;0.420654985
17582;0.420654985
17583;0.420654985
17584;0.501107845
17585;0.501107845
17586;0.501107845
17587;0.501107845
17588;0.79193692
17589;0.79193692
17590;0.79193692
17591;0.79193692
17592;2.26568108
17593;2.26568108
17594;2.26568108
17595;2.26568108
17596;3.64019456
17597;3.64019456
17598;3.64019456
17599;3.64019456
17600;3.46155314
17601;3.46155314
17602;3.46155314
17603;3.46155314
17604;2.31183919
17605;2.31183919
17606;2.31183919
17607;2.31183919
17608;1.64394444
17609;1.64394444
17610;1.64394444
17611;1.64394444
17612;1.70753833
17613;1.70753833
17614;1.70753833
17615;1.70753833
17616;2.88468678
17617;2.88468678
17618;2.88468678
17619;2.88468678
17620;1.36131222
17621;1.36131222
17622;1.36131222
17623;1.36131222
17624;1.34188101
17625;1.34188101
17626;1.34188101
17627;1.34188101
17628;2.19388724
17629;2.19388724
17630;2.19388724
17631;2.19388724
17632;1.48516405
17633;1.48516405
17634;1.48516405
17635;1.48516405
17636;2.15938553
17637;2.15938553
17638;2.15938553
17639;2.15938553
17640;2.88798665
17641;2.88798665
17642;2.88798665
17643;2.88798665
17644;3.58996788
17645;3.58996788
17646;3.58996788
17647;3.58996788
17648;3.42601247
17649;3.42601247
17650;3.42601247
17651;3.42601247
17652;2.85621647
17653;2.85621647
17654;2.85621647
17655;2.85621647
17656;2.83432837
17657;2.83432837
17658;2.83432837
17659;2.83432837
17660;2.67400495
17661;2.67400495
17662;2.67400495
17663;2.67400495
17664;2.1217686
17665;2.1217686
17666;2.1217686
17667;2.1217686
17668;0.786859167
17669;0.786859167
17670;0.786859167
17671;0.786859167
17672;0.677230118
17673;0.677230118
17674;0.677230118
17675;0.677230118
17676;0.57520929
17677;0.57520929
17678;0.57520929
17679;0.57520929
17680;0.529374258
17681;0.529374258
17682;0.529374258
17683;0.529374258
17684;0.677812046
17685;0.677812046
17686;0.677812046
17687;0.677812046
17688;1.12135872
17689;1.12135872
17690;1.12135872
17691;1.12135872
17692;1.76801847
17693;1.76801847
17694;1.76801847
17695;1.76801847
17696;3.09095931
17697;3.09095931
17698;3.09095931
17699;3.09095931
17700;3.9674936
17701;3.9674936
17702;3.9674936
17703;3.9674936
17704;3.79764173
17705;3.79764173
17706;3.79764173
17707;3.79764173
17708;3.17829768
17709;3.17829768
17710;3.17829768
17711;3.17829768
17712;3.39062005
17713;3.39062005
17714;3.39062005
17715;3.39062005
17716;3.2857364
17717;3.2857364
17718;3.2857364
17719;3.2857364
17720;2.95824348
17721;2.95824348
17722;2.95824348
17723;2.95824348
17724;1.87814891
17725;1.87814891
17726;1.87814891
17727;1.87814891
17728;2.04280346
17729;2.04280346
17730;2.04280346
17731;2.04280346
17732;3.11782436
17733;3.11782436
17734;3.11782436
17735;3.11782436
17736;3.91142361
17737;3.91142361
17738;3.91142361
17739;3.91142361
17740;4.07455391
17741;4.07455391
17742;4.07455391
17743;4.07455391
17744;4.20551246
17745;4.20551246
17746;4.20551246
17747;4.20551246
17748;4.17544288
17749;4.17544288
17750;4.17544288
17751;4.17544288
17752;4.04277511
17753;4.04277511
17754;4.04277511
17755;4.04277511
17756;3.53936154
17757;3.53936154
17758;3.53936154
17759;3.53936154
17760;0.884574781
17761;0.884574781
17762;0.884574781
17763;0.884574781
17764;0.599376611
17765;0.599376611
17766;0.599376611
17767;0.599376611
17768;0.534644715
17769;0.534644715
17770;0.534644715
17771;0.534644715
17772;0.478845232
17773;0.478845232
17774;0.478845232
17775;0.478845232
17776;0.474245709
17777;0.474245709
17778;0.474245709
17779;0.474245709
17780;0.576535449
17781;0.576535449
17782;0.576535449
17783;0.576535449
17784;0.90855086
17785;0.90855086
17786;0.90855086
17787;0.90855086
17788;1.66676282
17789;1.66676282
17790;1.66676282
17791;1.66676282
17792;2.9375946
17793;2.9375946
17794;2.9375946
17795;2.9375946
17796;3.9718737
17797;3.9718737
17798;3.9718737
17799;3.9718737
17800;4.43330175
17801;4.43330175
17802;4.43330175
17803;4.43330175
17804;3.53891929
17805;3.53891929
17806;3.53891929
17807;3.53891929
17808;3.18352507
17809;3.18352507
17810;3.18352507
17811;3.18352507
17812;2.37136244
17813;2.37136244
17814;2.37136244
17815;2.37136244
17816;2.10389383
17817;2.10389383
17818;2.10389383
17819;2.10389383
17820;1.82879016
17821;1.82879016
17822;1.82879016
17823;1.82879016
17824;2.09985431
17825;2.09985431
17826;2.09985431
17827;2.09985431
17828;2.65162489
17829;2.65162489
17830;2.65162489
17831;2.65162489
17832;3.80272644
17833;3.80272644
17834;3.80272644
17835;3.80272644
17836;4.27197679
17837;4.27197679
17838;4.27197679
17839;4.27197679
17840;4.04083622
17841;4.04083622
17842;4.04083622
17843;4.04083622
17844;3.08602448
17845;3.08602448
17846;3.08602448
17847;3.08602448
17848;3.4885428
17849;3.4885428
17850;3.4885428
17851;3.4885428
17852;2.38171681
17853;2.38171681
17854;2.38171681
17855;2.38171681
17856;0.748916442
17857;0.748916442
17858;0.748916442
17859;0.748916442
17860;0.433438582
17861;0.433438582
17862;0.433438582
17863;0.433438582
17864;0.426872182
17865;0.426872182
17866;0.426872182
17867;0.426872182
17868;0.418835304
17869;0.418835304
17870;0.418835304
17871;0.418835304
17872;0.505604916
17873;0.505604916
17874;0.505604916
17875;0.505604916
17876;0.799921893
17877;0.799921893
17878;0.799921893
17879;0.799921893
17880;2.06133174
17881;2.06133174
17882;2.06133174
17883;2.06133174
17884;3.66179397
17885;3.66179397
17886;3.66179397
17887;3.66179397
17888;3.5614439
17889;3.5614439
17890;3.5614439
17891;3.5614439
17892;3.21090863
17893;3.21090863
17894;3.21090863
17895;3.21090863
17896;1.74822736
17897;1.74822736
17898;1.74822736
17899;1.74822736
17900;1.43765833
17901;1.43765833
17902;1.43765833
17903;1.43765833
17904;1.96512355
17905;1.96512355
17906;1.96512355
17907;1.96512355
17908;1.39658448
17909;1.39658448
17910;1.39658448
17911;1.39658448
17912;1.24048996
17913;1.24048996
17914;1.24048996
17915;1.24048996
17916;1.19963927
17917;1.19963927
17918;1.19963927
17919;1.19963927
17920;1.29269819
17921;1.29269819
17922;1.29269819
17923;1.29269819
17924;1.98500779
17925;1.98500779
17926;1.98500779
17927;1.98500779
17928;3.6643085
17929;3.6643085
17930;3.6643085
17931;3.6643085
17932;4.01470356
17933;4.01470356
17934;4.01470356
17935;4.01470356
17936;3.56883298
17937;3.56883298
17938;3.56883298
17939;3.56883298
17940;2.80709844
17941;2.80709844
17942;2.80709844
17943;2.80709844
17944;2.60853297
17945;2.60853297
17946;2.60853297
17947;2.60853297
17948;2.78140292
17949;2.78140292
17950;2.78140292
17951;2.78140292
17952;1.2790632
17953;1.2790632
17954;1.2790632
17955;1.2790632
17956;0.402679346
17957;0.402679346
17958;0.402679346
17959;0.402679346
17960;0.39633934
17961;0.39633934
17962;0.39633934
17963;0.39633934
17964;0.391935709
17965;0.391935709
17966;0.391935709
17967;0.391935709
17968;0.486516107
17969;0.486516107
17970;0.486516107
17971;0.486516107
17972;0.75202399
17973;0.75202399
17974;0.75202399
17975;0.75202399
17976;1.99701786
17977;1.99701786
17978;1.99701786
17979;1.99701786
17980;3.91523694
17981;3.91523694
17982;3.91523694
17983;3.91523694
17984;3.71463779
17985;3.71463779
17986;3.71463779
17987;3.71463779
17988;2.4318344
17989;2.4318344
17990;2.4318344
17991;2.4318344
17992;1.6731535
17993;1.6731535
17994;1.6731535
17995;1.6731535
17996;1.21339382
17997;1.21339382
17998;1.21339382
17999;1.21339382
18000;1.79469036
18001;1.79469036
18002;1.79469036
18003;1.79469036
18004;1.70280908
18005;1.70280908
18006;1.70280908
18007;1.70280908
18008;1.56925128
18009;1.56925128
18010;1.56925128
18011;1.56925128
18012;1.36939041
18013;1.36939041
18014;1.36939041
18015;1.36939041
18016;1.48292896
18017;1.48292896
18018;1.48292896
18019;1.48292896
18020;2.14354013
18021;2.14354013
18022;2.14354013
18023;2.14354013
18024;3.98142617
18025;3.98142617
18026;3.98142617
18027;3.98142617
18028;3.63827491
18029;3.63827491
18030;3.63827491
18031;3.63827491
18032;3.18418278
18033;3.18418278
18034;3.18418278
18035;3.18418278
18036;2.69022568
18037;2.69022568
18038;2.69022568
18039;2.69022568
18040;2.43059592
18041;2.43059592
18042;2.43059592
18043;2.43059592
18044;3.38066966
18045;3.38066966
18046;3.38066966
18047;3.38066966
18048;1.54263912
18049;1.54263912
18050;1.54263912
18051;1.54263912
18052;0.624954806
18053;0.624954806
18054;0.624954806
18055;0.624954806
18056;0.440650807
18057;0.440650807
18058;0.440650807
18059;0.440650807
18060;0.420329768
18061;0.420329768
18062;0.420329768
18063;0.420329768
18064;0.511653817
18065;0.511653817
18066;0.511653817
18067;0.511653817
18068;0.788386957
18069;0.788386957
18070;0.788386957
18071;0.788386957
18072;1.97272907
18073;1.97272907
18074;1.97272907
18075;1.97272907
18076;3.58330186
18077;3.58330186
18078;3.58330186
18079;3.58330186
18080;3.26434331
18081;3.26434331
18082;3.26434331
18083;3.26434331
18084;2.5248656
18085;2.5248656
18086;2.5248656
18087;2.5248656
18088;1.8950827
18089;1.8950827
18090;1.8950827
18091;1.8950827
18092;1.34336295
18093;1.34336295
18094;1.34336295
18095;1.34336295
18096;1.7426891
18097;1.7426891
18098;1.7426891
18099;1.7426891
18100;1.98692042
18101;1.98692042
18102;1.98692042
18103;1.98692042
18104;2.87635323
18105;2.87635323
18106;2.87635323
18107;2.87635323
18108;2.05866858
18109;2.05866858
18110;2.05866858
18111;2.05866858
18112;2.80895138
18113;2.80895138
18114;2.80895138
18115;2.80895138
18116;2.45592277
18117;2.45592277
18118;2.45592277
18119;2.45592277
18120;2.86272905
18121;2.86272905
18122;2.86272905
18123;2.86272905
18124;3.62038367
18125;3.62038367
18126;3.62038367
18127;3.62038367
18128;4.37688706
18129;4.37688706
18130;4.37688706
18131;4.37688706
18132;2.83131036
18133;2.83131036
18134;2.83131036
18135;2.83131036
18136;4.05591878
18137;4.05591878
18138;4.05591878
18139;4.05591878
18140;2.84968125
18141;2.84968125
18142;2.84968125
18143;2.84968125
18144;1.16704358
18145;1.16704358
18146;1.16704358
18147;1.16704358
18148;0.410645939
18149;0.410645939
18150;0.410645939
18151;0.410645939
18152;0.365709066
18153;0.365709066
18154;0.365709066
18155;0.365709066
18156;0.377769325
18157;0.377769325
18158;0.377769325
18159;0.377769325
18160;0.46463571
18161;0.46463571
18162;0.46463571
18163;0.46463571
18164;0.74720736
18165;0.74720736
18166;0.74720736
18167;0.74720736
18168;2.13776317
18169;2.13776317
18170;2.13776317
18171;2.13776317
18172;3.55596908
18173;3.55596908
18174;3.55596908
18175;3.55596908
18176;3.20592386
18177;3.20592386
18178;3.20592386
18179;3.20592386
18180;2.6232945
18181;2.6232945
18182;2.6232945
18183;2.6232945
18184;2.66853338
18185;2.66853338
18186;2.66853338
18187;2.66853338
18188;2.2286188
18189;2.2286188
18190;2.2286188
18191;2.2286188
18192;1.94159824
18193;1.94159824
18194;1.94159824
18195;1.94159824
18196;1.2987094
18197;1.2987094
18198;1.2987094
18199;1.2987094
18200;1.36040703
18201;1.36040703
18202;1.36040703
18203;1.36040703
18204;1.26576614
18205;1.26576614
18206;1.26576614
18207;1.26576614
18208;1.25839858
18209;1.25839858
18210;1.25839858
18211;1.25839858
18212;2.24890264
18213;2.24890264
18214;2.24890264
18215;2.24890264
18216;3.94830609
18217;3.94830609
18218;3.94830609
18219;3.94830609
18220;3.55856059
18221;3.55856059
18222;3.55856059
18223;3.55856059
18224;4.33140703
18225;4.33140703
18226;4.33140703
18227;4.33140703
18228;3.04381244
18229;3.04381244
18230;3.04381244
18231;3.04381244
18232;3.81334322
18233;3.81334322
18234;3.81334322
18235;3.81334322
18236;3.88729878
18237;3.88729878
18238;3.88729878
18239;3.88729878
18240;2.05414887
18241;2.05414887
18242;2.05414887
18243;2.05414887
18244;0.430748727
18245;0.430748727
18246;0.430748727
18247;0.430748727
18248;0.386211448
18249;0.386211448
18250;0.386211448
18251;0.386211448
18252;0.388398839
18253;0.388398839
18254;0.388398839
18255;0.388398839
18256;0.467913978
18257;0.467913978
18258;0.467913978
18259;0.467913978
18260;0.750644213
18261;0.750644213
18262;0.750644213
18263;0.750644213
18264;2.16926779
18265;2.16926779
18266;2.16926779
18267;2.16926779
18268;3.51653801
18269;3.51653801
18270;3.51653801
18271;3.51653801
18272;3.3094446
18273;3.3094446
18274;3.3094446
18275;3.3094446
18276;2.14205199
18277;2.14205199
18278;2.14205199
18279;2.14205199
18280;1.49585419
18281;1.49585419
18282;1.49585419
18283;1.49585419
18284;1.58704176
18285;1.58704176
18286;1.58704176
18287;1.58704176
18288;2.77230281
18289;2.77230281
18290;2.77230281
18291;2.77230281
18292;1.25234037
18293;1.25234037
18294;1.25234037
18295;1.25234037
18296;1.24418159
18297;1.24418159
18298;1.24418159
18299;1.24418159
18300;2.10907232
18301;2.10907232
18302;2.10907232
18303;2.10907232
18304;1.39453444
18305;1.39453444
18306;1.39453444
18307;1.39453444
18308;2.05749142
18309;2.05749142
18310;2.05749142
18311;2.05749142
18312;2.74098238
18313;2.74098238
18314;2.74098238
18315;2.74098238
18316;3.41793183
18317;3.41793183
18318;3.41793183
18319;3.41793183
18320;3.24128728
18321;3.24128728
18322;3.24128728
18323;3.24128728
18324;2.67355326
18325;2.67355326
18326;2.67355326
18327;2.67355326
18328;2.70637014
18329;2.70637014
18330;2.70637014
18331;2.70637014
18332;2.59469776
18333;2.59469776
18334;2.59469776
18335;2.59469776
18336;2.00993778
18337;2.00993778
18338;2.00993778
18339;2.00993778
18340;0.706512713
18341;0.706512713
18342;0.706512713
18343;0.706512713
18344;0.59956659
18345;0.59956659
18346;0.59956659
18347;0.59956659
18348;0.497757145
18349;0.497757145
18350;0.497757145
18351;0.497757145
18352;0.454130333
18353;0.454130333
18354;0.454130333
18355;0.454130333
18356;0.590606256
18357;0.590606256
18358;0.590606256
18359;0.590606256
18360;0.925486263
18361;0.925486263
18362;0.925486263
18363;0.925486263
18364;1.52322339
18365;1.52322339
18366;1.52322339
18367;1.52322339
18368;2.85665342
18369;2.85665342
18370;2.85665342
18371;2.85665342
18372;3.74325241
18373;3.74325241
18374;3.74325241
18375;3.74325241
18376;3.57792257
18377;3.57792257
18378;3.57792257
18379;3.57792257
18380;3.01224373
18381;3.01224373
18382;3.01224373
18383;3.01224373
18384;3.24977472
18385;3.24977472
18386;3.24977472
18387;3.24977472
18388;3.13219882
18389;3.13219882
18390;3.13219882
18391;3.13219882
18392;2.81472234
18393;2.81472234
18394;2.81472234
18395;2.81472234
18396;1.72818683
18397;1.72818683
18398;1.72818683
18399;1.72818683
18400;1.88745408
18401;1.88745408
18402;1.88745408
18403;1.88745408
18404;2.93985728
18405;2.93985728
18406;2.93985728
18407;2.93985728
18408;3.6698416
18409;3.6698416
18410;3.6698416
18411;3.6698416
18412;3.81012651
18413;3.81012651
18414;3.81012651
18415;3.81012651
18416;3.9409048
18417;3.9409048
18418;3.9409048
18419;3.9409048
18420;3.92417128
18421;3.92417128
18422;3.92417128
18423;3.92417128
18424;3.8667139
18425;3.8667139
18426;3.8667139
18427;3.8667139
18428;3.47012897
18429;3.47012897
18430;3.47012897
18431;3.47012897
18432;0.912153321
18433;0.912153321
18434;0.912153321
18435;0.912153321
18436;0.62734153
18437;0.62734153
18438;0.62734153
18439;0.62734153
18440;0.565892508
18441;0.565892508
18442;0.565892508
18443;0.565892508
18444;0.511688473
18445;0.511688473
18446;0.511688473
18447;0.511688473
18448;0.508184645
18449;0.508184645
18450;0.508184645
18451;0.508184645
18452;0.617505215
18453;0.617505215
18454;0.617505215
18455;0.617505215
18456;1.00950565
18457;1.00950565
18458;1.00950565
18459;1.00950565
18460;1.79739648
18461;1.79739648
18462;1.79739648
18463;1.79739648
18464;3.05685188
18465;3.05685188
18466;3.05685188
18467;3.05685188
18468;4.06295877
18469;4.06295877
18470;4.06295877
18471;4.06295877
18472;4.53414596
18473;4.53414596
18474;4.53414596
18475;4.53414596
18476;3.61431518
18477;3.61431518
18478;3.61431518
18479;3.61431518
18480;3.24245602
18481;3.24245602
18482;3.24245602
18483;3.24245602
18484;2.4313457
18485;2.4313457
18486;2.4313457
18487;2.4313457
18488;2.16282477
18489;2.16282477
18490;2.16282477
18491;2.16282477
18492;1.88666879
18493;1.88666879
18494;1.88666879
18495;1.88666879
18496;2.15773294
18497;2.15773294
18498;2.15773294
18499;2.15773294
18500;2.71266046
18501;2.71266046
18502;2.71266046
18503;2.71266046
18504;3.87849442
18505;3.87849442
18506;3.87849442
18507;3.87849442
18508;4.34774477
18509;4.34774477
18510;4.34774477
18511;4.34774477
18512;4.11134263
18513;4.11134263
18514;4.11134263
18515;4.11134263
18516;3.15442625
18517;3.15442625
18518;3.15442625
18519;3.15442625
18520;3.56319633
18521;3.56319633
18522;3.56319633
18523;3.56319633
18524;2.41882996
18525;2.41882996
18526;2.41882996
18527;2.41882996
18528;0.799814207
18529;0.799814207
18530;0.799814207
18531;0.799814207
18532;0.472162617
18533;0.472162617
18534;0.472162617
18535;0.472162617
18536;0.464235545
18537;0.464235545
18538;0.464235545
18539;0.464235545
18540;0.453538368
18541;0.453538368
18542;0.453538368
18543;0.453538368
18544;0.538199764
18545;0.538199764
18546;0.538199764
18547;0.538199764
18548;0.834649484
18549;0.834649484
18550;0.834649484
18551;0.834649484
18552;2.14363343
18553;2.14363343
18554;2.14363343
18555;2.14363343
18556;3.80751327
18557;3.80751327
18558;3.80751327
18559;3.80751327
18560;3.71434711
18561;3.71434711
18562;3.71434711
18563;3.71434711
18564;3.34387254
18565;3.34387254
18566;3.34387254
18567;3.34387254
18568;1.84213578
18569;1.84213578
18570;1.84213578
18571;1.84213578
18572;1.52083455
18573;1.52083455
18574;1.52083455
18575;1.52083455
18576;2.04025062
18577;2.04025062
18578;2.04025062
18579;2.04025062
18580;1.47305308
18581;1.47305308
18582;1.47305308
18583;1.47305308
18584;1.31561703
18585;1.31561703
18586;1.31561703
18587;1.31561703
18588;1.27342482
18589;1.27342482
18590;1.27342482
18591;1.27342482
18592;1.36648374
18593;1.36648374
18594;1.36648374
18595;1.36648374
18596;2.06281791
18597;2.06281791
18598;2.06281791
18599;2.06281791
18600;3.76089997
18601;3.76089997
18602;3.76089997
18603;3.76089997
18604;4.11129503
18605;4.11129503
18606;4.11129503
18607;4.11129503
18608;3.65871682
18609;3.65871682
18610;3.65871682
18611;3.65871682
18612;2.89429923
18613;2.89429923
18614;2.89429923
18615;2.89429923
18616;2.68154538
18617;2.68154538
18618;2.68154538
18619;2.68154538
18620;2.83212958
18621;2.83212958
18622;2.83212958
18623;2.83212958
18624;1.29000733
18625;1.29000733
18626;1.29000733
18627;1.29000733
18628;0.405591271
18629;0.405591271
18630;0.405591271
18631;0.405591271
18632;0.39633934
18633;0.39633934
18634;0.39633934
18635;0.39633934
18636;0.39116948
18637;0.39116948
18638;0.39116948
18639;0.39116948
18640;0.487139725
18641;0.487139725
18642;0.487139725
18643;0.487139725
18644;0.754503497
18645;0.754503497
18646;0.754503497
18647;0.754503497
18648;2.00231627
18649;2.00231627
18650;2.00231627
18651;2.00231627
18652;3.94493549
18653;3.94493549
18654;3.94493549
18655;3.94493549
18656;3.74241249
18657;3.74241249
18658;3.74241249
18659;3.74241249
18660;2.46156682
18661;2.46156682
18662;2.46156682
18663;2.46156682
18664;1.6731535
18665;1.6731535
18666;1.6731535
18667;1.6731535
18668;1.21339382
18669;1.21339382
18670;1.21339382
18671;1.21339382
18672;1.79469036
18673;1.79469036
18674;1.79469036
18675;1.79469036
18676;1.70280908
18677;1.70280908
18678;1.70280908
18679;1.70280908
18680;1.56925128
18681;1.56925128
18682;1.56925128
18683;1.56925128
18684;1.36939041
18685;1.36939041
18686;1.36939041
18687;1.36939041
18688;1.48292896
18689;1.48292896
18690;1.48292896
18691;1.48292896
18692;2.14354013
18693;2.14354013
18694;2.14354013
18695;2.14354013
18696;3.98142617
18697;3.98142617
18698;3.98142617
18699;3.98142617
18700;3.63827491
18701;3.63827491
18702;3.63827491
18703;3.63827491
18704;3.18418278
18705;3.18418278
18706;3.18418278
18707;3.18418278
18708;2.69022568
18709;2.69022568
18710;2.69022568
18711;2.69022568
18712;2.43059592
18713;2.43059592
18714;2.43059592
18715;2.43059592
18716;3.3865777
18717;3.3865777
18718;3.3865777
18719;3.3865777
18720;1.55362776
18721;1.55362776
18722;1.55362776
18723;1.55362776
18724;0.626628638
18725;0.626628638
18726;0.626628638
18727;0.626628638
18728;0.440650807
18729;0.440650807
18730;0.440650807
18731;0.440650807
18732;0.422334658
18733;0.422334658
18734;0.422334658
18735;0.422334658
18736;0.515593948
18737;0.515593948
18738;0.515593948
18739;0.515593948
18740;0.79500011
18741;0.79500011
18742;0.79500011
18743;0.79500011
18744;1.98359501
18745;1.98359501
18746;1.98359501
18747;1.98359501
18748;3.61172014
18749;3.61172014
18750;3.61172014
18751;3.61172014
18752;3.2688424
18753;3.2688424
18754;3.2688424
18755;3.2688424
18756;2.56103528
18757;2.56103528
18758;2.56103528
18759;2.56103528
18760;1.89863196
18761;1.89863196
18762;1.89863196
18763;1.89863196
18764;1.34336295
18765;1.34336295
18766;1.34336295
18767;1.34336295
18768;1.7426891
18769;1.7426891
18770;1.7426891
18771;1.7426891
18772;1.98692042
18773;1.98692042
18774;1.98692042
18775;1.98692042
18776;2.87635323
18777;2.87635323
18778;2.87635323
18779;2.87635323
18780;2.05866858
18781;2.05866858
18782;2.05866858
18783;2.05866858
18784;2.80895138
18785;2.80895138
18786;2.80895138
18787;2.80895138
18788;2.45592277
18789;2.45592277
18790;2.45592277
18791;2.45592277
18792;2.86272905
18793;2.86272905
18794;2.86272905
18795;2.86272905
18796;3.62038367
18797;3.62038367
18798;3.62038367
18799;3.62038367
18800;4.37688706
18801;4.37688706
18802;4.37688706
18803;4.37688706
18804;2.83131036
18805;2.83131036
18806;2.83131036
18807;2.83131036
18808;4.07214874
18809;4.07214874
18810;4.07214874
18811;4.07214874
18812;2.86377586
18813;2.86377586
18814;2.86377586
18815;2.86377586
18816;1.16196571
18817;1.16196571
18818;1.16196571
18819;1.16196571
18820;0.410204808
18821;0.410204808
18822;0.410204808
18823;0.410204808
18824;0.367290841
18825;0.367290841
18826;0.367290841
18827;0.367290841
18828;0.382466563
18829;0.382466563
18830;0.382466563
18831;0.382466563
18832;0.471874286
18833;0.471874286
18834;0.471874286
18835;0.471874286
18836;0.758715963
18837;0.758715963
18838;0.758715963
18839;0.758715963
18840;2.16374131
18841;2.16374131
18842;2.16374131
18843;2.16374131
18844;3.61426079
18845;3.61426079
18846;3.61426079
18847;3.61426079
18848;3.22034364
18849;3.22034364
18850;3.22034364
18851;3.22034364
18852;2.6232945
18853;2.6232945
18854;2.6232945
18855;2.6232945
18856;2.66853338
18857;2.66853338
18858;2.66853338
18859;2.66853338
18860;2.2286188
18861;2.2286188
18862;2.2286188
18863;2.2286188
18864;1.94159824
18865;1.94159824
18866;1.94159824
18867;1.94159824
18868;1.2987094
18869;1.2987094
18870;1.2987094
18871;1.2987094
18872;1.36040703
18873;1.36040703
18874;1.36040703
18875;1.36040703
18876;1.26576614
18877;1.26576614
18878;1.26576614
18879;1.26576614
18880;1.25839858
18881;1.25839858
18882;1.25839858
18883;1.25839858
18884;2.24890264
18885;2.24890264
18886;2.24890264
18887;2.24890264
18888;3.94830609
18889;3.94830609
18890;3.94830609
18891;3.94830609
18892;3.55856059
18893;3.55856059
18894;3.55856059
18895;3.55856059
18896;4.33140703
18897;4.33140703
18898;4.33140703
18899;4.33140703
18900;3.04381244
18901;3.04381244
18902;3.04381244
18903;3.04381244
18904;3.81334322
18905;3.81334322
18906;3.81334322
18907;3.81334322
18908;3.89032703
18909;3.89032703
18910;3.89032703
18911;3.89032703
18912;2.06197332
18913;2.06197332
18914;2.06197332
18915;2.06197332
18916;0.430748727
18917;0.430748727
18918;0.430748727
18919;0.430748727
18920;0.386211448
18921;0.386211448
18922;0.386211448
18923;0.386211448
18924;0.386954322
18925;0.386954322
18926;0.386954322
18927;0.386954322
18928;0.467072891
18929;0.467072891
18930;0.467072891
18931;0.467072891
18932;0.750644213
18933;0.750644213
18934;0.750644213
18935;0.750644213
18936;2.17400028
18937;2.17400028
18938;2.17400028
18939;2.17400028
18940;3.53735717
18941;3.53735717
18942;3.53735717
18943;3.53735717
18944;3.33557288
18945;3.33557288
18946;3.33557288
18947;3.33557288
18948;2.14205199
18949;2.14205199
18950;2.14205199
18951;2.14205199
18952;1.49585419
18953;1.49585419
18954;1.49585419
18955;1.49585419
18956;1.58704176
18957;1.58704176
18958;1.58704176
18959;1.58704176
18960;2.77230281
18961;2.77230281
18962;2.77230281
18963;2.77230281
18964;1.25234037
18965;1.25234037
18966;1.25234037
18967;1.25234037
18968;1.24418159
18969;1.24418159
18970;1.24418159
18971;1.24418159
18972;2.10907232
18973;2.10907232
18974;2.10907232
18975;2.10907232
18976;1.39453444
18977;1.39453444
18978;1.39453444
18979;1.39453444
18980;2.05749142
18981;2.05749142
18982;2.05749142
18983;2.05749142
18984;2.74098238
18985;2.74098238
18986;2.74098238
18987;2.74098238
18988;3.41793183
18989;3.41793183
18990;3.41793183
18991;3.41793183
18992;3.24128728
18993;3.24128728
18994;3.24128728
18995;3.24128728
18996;2.67355326
18997;2.67355326
18998;2.67355326
18999;2.67355326
19000;2.70637014
19001;2.70637014
19002;2.70637014
19003;2.70637014
19004;2.59469776
19005;2.59469776
19006;2.59469776
19007;2.59469776
19008;1.99337539
19009;1.99337539
19010;1.99337539
19011;1.99337539
19012;0.689432587
19013;0.689432587
19014;0.689432587
19015;0.689432587
19016;0.582284546
19017;0.582284546
19018;0.582284546
19019;0.582284546
19020;0.483241667
19021;0.483241667
19022;0.483241667
19023;0.483241667
19024;0.438651284
19025;0.438651284
19026;0.438651284
19027;0.438651284
19028;0.570475766
19029;0.570475766
19030;0.570475766
19031;0.570475766
19032;0.880220821
19033;0.880220821
19034;0.880220821
19035;0.880220821
19036;1.45336657
19037;1.45336657
19038;1.45336657
19039;1.45336657
19040;2.74312046
19041;2.74312046
19042;2.74312046
19043;2.74312046
19044;3.60495627
19045;3.60495627
19046;3.60495627
19047;3.60495627
19048;3.46416862
19049;3.46416862
19050;3.46416862
19051;3.46416862
19052;2.91621166
19053;2.91621166
19054;2.91621166
19055;2.91621166
19056;3.18857209
19057;3.18857209
19058;3.18857209
19059;3.18857209
19060;3.09527148
19061;3.09527148
19062;3.09527148
19063;3.09527148
19064;2.78833951
19065;2.78833951
19066;2.78833951
19067;2.78833951
19068;1.7032301
19069;1.7032301
19070;1.7032301
19071;1.7032301
19072;1.8617843
19073;1.8617843
19074;1.8617843
19075;1.8617843
19076;2.9099092
19077;2.9099092
19078;2.9099092
19079;2.9099092
19080;3.62634559
19081;3.62634559
19082;3.62634559
19083;3.62634559
19084;3.76163914
19085;3.76163914
19086;3.76163914
19087;3.76163914
19088;3.89455658
19089;3.89455658
19090;3.89455658
19091;3.89455658
19092;3.8426931
19093;3.8426931
19094;3.8426931
19095;3.8426931
19096;3.79735211
19097;3.79735211
19098;3.79735211
19099;3.79735211
19100;3.42295385
19101;3.42295385
19102;3.42295385
19103;3.42295385
19104;0.813953704
19105;0.813953704
19106;0.813953704
19107;0.813953704
19108;0.532981246
19109;0.532981246
19110;0.532981246
19111;0.532981246
19112;0.467845322
19113;0.467845322
19114;0.467845322
19115;0.467845322
19116;0.415852705
19117;0.415852705
19118;0.415852705
19119;0.415852705
19120;0.410441464
19121;0.410441464
19122;0.410441464
19123;0.410441464
19124;0.503636427
19125;0.503636427
19126;0.503636427
19127;0.503636427
19128;0.752894838
19129;0.752894838
19130;0.752894838
19131;0.752894838
19132;1.44903274
19133;1.44903274
19134;1.44903274
19135;1.44903274
19136;2.72579387
19137;2.72579387
19138;2.72579387
19139;2.72579387
19140;3.74091345
19141;3.74091345
19142;3.74091345
19143;3.74091345
19144;4.25644416
19145;4.25644416
19146;4.25644416
19147;4.25644416
19148;3.40665721
19149;3.40665721
19150;3.40665721
19151;3.40665721
19152;3.06406229
19153;3.06406229
19154;3.06406229
19155;3.06406229
19156;2.24976644
19157;2.24976644
19158;2.24976644
19159;2.24976644
19160;1.98443104
19161;1.98443104
19162;1.98443104
19163;1.98443104
19164;1.71146059
19165;1.71146059
19166;1.71146059
19167;1.71146059
19168;1.98252474
19169;1.98252474
19170;1.98252474
19171;1.98252474
19172;2.52789567
19173;2.52789567
19174;2.52789567
19175;2.52789567
19176;3.64913221
19177;3.64913221
19178;3.64913221
19179;3.64913221
19180;4.11838255
19181;4.11838255
19182;4.11838255
19183;4.11838255
19184;3.89790807
19185;3.89790807
19186;3.89790807
19187;3.89790807
19188;2.94736275
19189;2.94736275
19190;2.94736275
19191;2.94736275
19192;3.37370985
19193;3.37370985
19194;3.37370985
19195;3.37370985
19196;2.31411194
19197;2.31411194
19198;2.31411194
19199;2.31411194
19200;0.729040043
19201;0.729040043
19202;0.729040043
19203;0.729040043
19204;0.428231296
19205;0.428231296
19206;0.428231296
19207;0.428231296
19208;0.420173626
19209;0.420173626
19210;0.420173626
19211;0.420173626
19212;0.41072286
19213;0.41072286
19214;0.41072286
19215;0.41072286
19216;0.49715572
19217;0.49715572
19218;0.49715572
19219;0.49715572
19220;0.787519423
19221;0.787519423
19222;0.787519423
19223;0.787519423
19224;2.03371807
19225;2.03371807
19226;2.03371807
19227;2.03371807
19228;3.60252683
19229;3.60252683
19230;3.60252683
19231;3.60252683
19232;3.50095661
19233;3.50095661
19234;3.50095661
19235;3.50095661
19236;3.19909141
19237;3.19909141
19238;3.19909141
19239;3.19909141
19240;1.74822736
19241;1.74822736
19242;1.74822736
19243;1.74822736
19244;1.43765833
19245;1.43765833
19246;1.43765833
19247;1.43765833
19248;1.96512355
19249;1.96512355
19250;1.96512355
19251;1.96512355
19252;1.39658448
19253;1.39658448
19254;1.39658448
19255;1.39658448
19256;1.24048996
19257;1.24048996
19258;1.24048996
19259;1.24048996
19260;1.19963927
19261;1.19963927
19262;1.19963927
19263;1.19963927
19264;1.29269819
19265;1.29269819
19266;1.29269819
19267;1.29269819
19268;1.98500779
19269;1.98500779
19270;1.98500779
19271;1.98500779
19272;3.6643085
19273;3.6643085
19274;3.6643085
19275;3.6643085
19276;4.01470356
19277;4.01470356
19278;4.01470356
19279;4.01470356
19280;3.56883298
19281;3.56883298
19282;3.56883298
19283;3.56883298
19284;2.80709844
19285;2.80709844
19286;2.80709844
19287;2.80709844
19288;2.60853297
19289;2.60853297
19290;2.60853297
19291;2.60853297
19292;2.77674261
19293;2.77674261
19294;2.77674261
19295;2.77674261
19296;1.26414321
19297;1.26414321
19298;1.26414321
19299;1.26414321
19300;0.397475973
19301;0.397475973
19302;0.397475973
19303;0.397475973
19304;0.3916968
19305;0.3916968
19306;0.3916968
19307;0.3916968
19308;0.386791325
19309;0.386791325
19310;0.386791325
19311;0.386791325
19312;0.4813799
19313;0.4813799
19314;0.4813799
19315;0.4813799
19316;0.744190847
19317;0.744190847
19318;0.744190847
19319;0.744190847
19320;1.98105634
19321;1.98105634
19322;1.98105634
19323;1.98105634
19324;3.88456936
19325;3.88456936
19326;3.88456936
19327;3.88456936
19328;3.66290752
19329;3.66290752
19330;3.66290752
19331;3.66290752
19332;2.4318344
19333;2.4318344
19334;2.4318344
19335;2.4318344
19336;1.6731535
19337;1.6731535
19338;1.6731535
19339;1.6731535
19340;1.21339382
19341;1.21339382
19342;1.21339382
19343;1.21339382
19344;1.79469036
19345;1.79469036
19346;1.79469036
19347;1.79469036
19348;1.70280908
19349;1.70280908
19350;1.70280908
19351;1.70280908
19352;1.56925128
19353;1.56925128
19354;1.56925128
19355;1.56925128
19356;1.36939041
19357;1.36939041
19358;1.36939041
19359;1.36939041
19360;1.48292896
19361;1.48292896
19362;1.48292896
19363;1.48292896
19364;2.14354013
19365;2.14354013
19366;2.14354013
19367;2.14354013
19368;3.98142617
19369;3.98142617
19370;3.98142617
19371;3.98142617
19372;3.63827491
19373;3.63827491
19374;3.63827491
19375;3.63827491
19376;3.18418278
19377;3.18418278
19378;3.18418278
19379;3.18418278
19380;2.69022568
19381;2.69022568
19382;2.69022568
19383;2.69022568
19384;2.43059592
19385;2.43059592
19386;2.43059592
19387;2.43059592
19388;3.38066966
19389;3.38066966
19390;3.38066966
19391;3.38066966
19392;1.53542315
19393;1.53542315
19394;1.53542315
19395;1.53542315
19396;0.621425265
19397;0.621425265
19398;0.621425265
19399;0.621425265
19400;0.438127851
19401;0.438127851
19402;0.438127851
19403;0.438127851
19404;0.419988038
19405;0.419988038
19406;0.419988038
19407;0.419988038
19408;0.511383445
19409;0.511383445
19410;0.511383445
19411;0.511383445
19412;0.786763913
19413;0.786763913
19414;0.786763913
19415;0.786763913
19416;1.96890716
19417;1.96890716
19418;1.96890716
19419;1.96890716
19420;3.56529049
19421;3.56529049
19422;3.56529049
19423;3.56529049
19424;3.2030318
19425;3.2030318
19426;3.2030318
19427;3.2030318
19428;2.52335272
19429;2.52335272
19430;2.52335272
19431;2.52335272
19432;1.8950827
19433;1.8950827
19434;1.8950827
19435;1.8950827
19436;1.34336295
19437;1.34336295
19438;1.34336295
19439;1.34336295
19440;1.7426891
19441;1.7426891
19442;1.7426891
19443;1.7426891
19444;1.98692042
19445;1.98692042
19446;1.98692042
19447;1.98692042
19448;2.87635323
19449;2.87635323
19450;2.87635323
19451;2.87635323
19452;2.05866858
19453;2.05866858
19454;2.05866858
19455;2.05866858
19456;2.80895138
19457;2.80895138
19458;2.80895138
19459;2.80895138
19460;2.45592277
19461;2.45592277
19462;2.45592277
19463;2.45592277
19464;2.86272905
19465;2.86272905
19466;2.86272905
19467;2.86272905
19468;3.62038367
19469;3.62038367
19470;3.62038367
19471;3.62038367
19472;4.37688706
19473;4.37688706
19474;4.37688706
19475;4.37688706
19476;2.83131036
19477;2.83131036
19478;2.83131036
19479;2.83131036
19480;4.05591878
19481;4.05591878
19482;4.05591878
19483;4.05591878
19484;2.84968125
19485;2.84968125
19486;2.84968125
19487;2.84968125
19488;1.16196571
19489;1.16196571
19490;1.16196571
19491;1.16196571
19492;0.407984403
19493;0.407984403
19494;0.407984403
19495;0.407984403
19496;0.362155517
19497;0.362155517
19498;0.362155517
19499;0.362155517
19500;0.374399095
19501;0.374399095
19502;0.374399095
19503;0.374399095
19504;0.46335583
19505;0.46335583
19506;0.46335583
19507;0.46335583
19508;0.745873094
19509;0.745873094
19510;0.745873094
19511;0.745873094
19512;2.13295174
19513;2.13295174
19514;2.13295174
19515;2.13295174
19516;3.53672979
19517;3.53672979
19518;3.53672979
19519;3.53672979
19520;3.15453305
19521;3.15453305
19522;3.15453305
19523;3.15453305
19524;2.6232945
19525;2.6232945
19526;2.6232945
19527;2.6232945
19528;2.66853338
19529;2.66853338
19530;2.66853338
19531;2.66853338
19532;2.2286188
19533;2.2286188
19534;2.2286188
19535;2.2286188
19536;1.94159824
19537;1.94159824
19538;1.94159824
19539;1.94159824
19540;1.2987094
19541;1.2987094
19542;1.2987094
19543;1.2987094
19544;1.36040703
19545;1.36040703
19546;1.36040703
19547;1.36040703
19548;1.26576614
19549;1.26576614
19550;1.26576614
19551;1.26576614
19552;1.25839858
19553;1.25839858
19554;1.25839858
19555;1.25839858
19556;2.24890264
19557;2.24890264
19558;2.24890264
19559;2.24890264
19560;3.94830609
19561;3.94830609
19562;3.94830609
19563;3.94830609
19564;3.55856059
19565;3.55856059
19566;3.55856059
19567;3.55856059
19568;4.33140703
19569;4.33140703
19570;4.33140703
19571;4.33140703
19572;3.04381244
19573;3.04381244
19574;3.04381244
19575;3.04381244
19576;3.81334322
19577;3.81334322
19578;3.81334322
19579;3.81334322
19580;3.88538996
19581;3.88538996
19582;3.88538996
19583;3.88538996
19584;2.03922888
19585;2.03922888
19586;2.03922888
19587;2.03922888
19588;0.425545354
19589;0.425545354
19590;0.425545354
19591;0.425545354
19592;0.381568908
19593;0.381568908
19594;0.381568908
19595;0.381568908
19596;0.382531926
19597;0.382531926
19598;0.382531926
19599;0.382531926
19600;0.463544285
19601;0.463544285
19602;0.463544285
19603;0.463544285
19604;0.746451934
19605;0.746451934
19606;0.746451934
19607;0.746451934
19608;2.16163079
19609;2.16163079
19610;2.16163079
19611;2.16163079
19612;3.47908724
19613;3.47908724
19614;3.47908724
19615;3.47908724
19616;3.27907048
19617;3.27907048
19618;3.27907048
19619;3.27907048
19620;2.14205199
19621;2.14205199
19622;2.14205199
19623;2.14205199
19624;1.49585419
19625;1.49585419
19626;1.49585419
19627;1.49585419
19628;1.58704176
19629;1.58704176
19630;1.58704176
19631;1.58704176
19632;2.77230281
19633;2.77230281
19634;2.77230281
19635;2.77230281
19636;1.25234037
19637;1.25234037
19638;1.25234037
19639;1.25234037
19640;1.24418159
19641;1.24418159
19642;1.24418159
19643;1.24418159
19644;2.10907232
19645;2.10907232
19646;2.10907232
19647;2.10907232
19648;1.39453444
19649;1.39453444
19650;1.39453444
19651;1.39453444
19652;2.05749142
19653;2.05749142
19654;2.05749142
19655;2.05749142
19656;2.74098238
19657;2.74098238
19658;2.74098238
19659;2.74098238
19660;3.41793183
19661;3.41793183
19662;3.41793183
19663;3.41793183
19664;3.24128728
19665;3.24128728
19666;3.24128728
19667;3.24128728
19668;2.67355326
19669;2.67355326
19670;2.67355326
19671;2.67355326
19672;2.70637014
19673;2.70637014
19674;2.70637014
19675;2.70637014
19676;2.5992198
19677;2.5992198
19678;2.5992198
19679;2.5992198
19680;2.0071238
19681;2.0071238
19682;2.0071238
19683;2.0071238
19684;0.695646542
19685;0.695646542
19686;0.695646542
19687;0.695646542
19688;0.586771314
19689;0.586771314
19690;0.586771314
19691;0.586771314
19692;0.484631913
19693;0.484631913
19694;0.484631913
19695;0.484631913
19696;0.439433452
19697;0.439433452
19698;0.439433452
19699;0.439433452
19700;0.571529969
19701;0.571529969
19702;0.571529969
19703;0.571529969
19704;0.881547902
19705;0.881547902
19706;0.881547902
19707;0.881547902
19708;1.45336657
19709;1.45336657
19710;1.45336657
19711;1.45336657
19712;2.74312046
19713;2.74312046
19714;2.74312046
19715;2.74312046
19716;3.60495627
19717;3.60495627
19718;3.60495627
19719;3.60495627
19720;3.46416862
19721;3.46416862
19722;3.46416862
19723;3.46416862
19724;2.91621166
19725;2.91621166
19726;2.91621166
19727;2.91621166
19728;3.18857209
19729;3.18857209
19730;3.18857209
19731;3.18857209
19732;3.09527148
19733;3.09527148
19734;3.09527148
19735;3.09527148
19736;2.78833951
19737;2.78833951
19738;2.78833951
19739;2.78833951
19740;1.7032301
19741;1.7032301
19742;1.7032301
19743;1.7032301
19744;1.8617843
19745;1.8617843
19746;1.8617843
19747;1.8617843
19748;2.9099092
19749;2.9099092
19750;2.9099092
19751;2.9099092
19752;3.62634559
19753;3.62634559
19754;3.62634559
19755;3.62634559
19756;3.76163914
19757;3.76163914
19758;3.76163914
19759;3.76163914
19760;3.89455658
19761;3.89455658
19762;3.89455658
19763;3.89455658
19764;3.8426931
19765;3.8426931
19766;3.8426931
19767;3.8426931
19768;3.79735211
19769;3.79735211
19770;3.79735211
19771;3.79735211
19772;3.42295385
19773;3.42295385
19774;3.42295385
19775;3.42295385
19776;0.813953704
19777;0.813953704
19778;0.813953704
19779;0.813953704
19780;0.535092919
19781;0.535092919
19782;0.535092919
19783;0.535092919
19784;0.472590684
19785;0.472590684
19786;0.472590684
19787;0.472590684
19788;0.420708148
19789;0.420708148
19790;0.420708148
19791;0.420708148
19792;0.41213107
19793;0.41213107
19794;0.41213107
19795;0.41213107
19796;0.503636427
19797;0.503636427
19798;0.503636427
19799;0.503636427
19800;0.752027597
19801;0.752027597
19802;0.752027597
19803;0.752027597
19804;1.44903274
19805;1.44903274
19806;1.44903274
19807;1.44903274
19808;2.72579387
19809;2.72579387
19810;2.72579387
19811;2.72579387
19812;3.74091345
19813;3.74091345
19814;3.74091345
19815;3.74091345
19816;4.25644416
19817;4.25644416
19818;4.25644416
19819;4.25644416
19820;3.40665721
19821;3.40665721
19822;3.40665721
19823;3.40665721
19824;3.06406229
19825;3.06406229
19826;3.06406229
19827;3.06406229
19828;2.24976644
19829;2.24976644
19830;2.24976644
19831;2.24976644
19832;1.98443104
19833;1.98443104
19834;1.98443104
19835;1.98443104
19836;1.71146059
19837;1.71146059
19838;1.71146059
19839;1.71146059
19840;1.98252474
19841;1.98252474
19842;1.98252474
19843;1.98252474
19844;2.52789567
19845;2.52789567
19846;2.52789567
19847;2.52789567
19848;3.64913221
19849;3.64913221
19850;3.64913221
19851;3.64913221
19852;4.11838255
19853;4.11838255
19854;4.11838255
19855;4.11838255
19856;3.89790807
19857;3.89790807
19858;3.89790807
19859;3.89790807
19860;2.94736275
19861;2.94736275
19862;2.94736275
19863;2.94736275
19864;3.37370985
19865;3.37370985
19866;3.37370985
19867;3.37370985
19868;2.31411194
19869;2.31411194
19870;2.31411194
19871;2.31411194
19872;0.729040043
19873;0.729040043
19874;0.729040043
19875;0.729040043
19876;0.428231296
19877;0.428231296
19878;0.428231296
19879;0.428231296
19880;0.420173626
19881;0.420173626
19882;0.420173626
19883;0.420173626
19884;0.409901129
19885;0.409901129
19886;0.409901129
19887;0.409901129
19888;0.494893738
19889;0.494893738
19890;0.494893738
19891;0.494893738
19892;0.782813214
19893;0.782813214
19894;0.782813214
19895;0.782813214
19896;2.02332265
19897;2.02332265
19898;2.02332265
19899;2.02332265
19900;3.56675665
19901;3.56675665
19902;3.56675665
19903;3.56675665
19904;3.49563331
19905;3.49563331
19906;3.49563331
19907;3.49563331
19908;3.19909141
19909;3.19909141
19910;3.19909141
19911;3.19909141
19912;1.74822736
19913;1.74822736
19914;1.74822736
19915;1.74822736
19916;1.43765833
19917;1.43765833
19918;1.43765833
19919;1.43765833
19920;1.96512355
19921;1.96512355
19922;1.96512355
19923;1.96512355
19924;1.39658448
19925;1.39658448
19926;1.39658448
19927;1.39658448
19928;1.24048996
19929;1.24048996
19930;1.24048996
19931;1.24048996
19932;1.19963927
19933;1.19963927
19934;1.19963927
19935;1.19963927
19936;1.29269819
19937;1.29269819
19938;1.29269819
19939;1.29269819
19940;1.98500779
19941;1.98500779
19942;1.98500779
19943;1.98500779
19944;3.6643085
19945;3.6643085
19946;3.6643085
19947;3.6643085
19948;4.01470356
19949;4.01470356
19950;4.01470356
19951;4.01470356
19952;3.56883298
19953;3.56883298
19954;3.56883298
19955;3.56883298
19956;2.80709844
19957;2.80709844
19958;2.80709844
19959;2.80709844
19960;2.60853297
19961;2.60853297
19962;2.60853297
19963;2.60853297
19964;2.77674261
19965;2.77674261
19966;2.77674261
19967;2.77674261
19968;1.26414321
19969;1.26414321
19970;1.26414321
19971;1.26414321
19972;0.397475973
19973;0.397475973
19974;0.397475973
19975;0.397475973
19976;0.3916968
19977;0.3916968
19978;0.3916968
19979;0.3916968
19980;0.386526577
19981;0.386526577
19982;0.386526577
19983;0.386526577
19984;0.479559693
19985;0.479559693
19986;0.479559693
19987;0.479559693
19988;0.739368559
19989;0.739368559
19990;0.739368559
19991;0.739368559
19992;1.96675818
19993;1.96675818
19994;1.96675818
19995;1.96675818
19996;3.84902702
19997;3.84902702
19998;3.84902702
19999;3.84902702
20000;3.66290752
20001;3.66290752
20002;3.66290752
20003;3.66290752
20004;2.4318344
20005;2.4318344
20006;2.4318344
20007;2.4318344
20008;1.6731535
20009;1.6731535
20010;1.6731535
20011;1.6731535
20012;1.21339382
20013;1.21339382
20014;1.21339382
20015;1.21339382
20016;1.79469036
20017;1.79469036
20018;1.79469036
20019;1.79469036
20020;1.70280908
20021;1.70280908
20022;1.70280908
20023;1.70280908
20024;1.56925128
20025;1.56925128
20026;1.56925128
20027;1.56925128
20028;1.36939041
20029;1.36939041
20030;1.36939041
20031;1.36939041
20032;1.48292896
20033;1.48292896
20034;1.48292896
20035;1.48292896
20036;2.14354013
20037;2.14354013
20038;2.14354013
20039;2.14354013
20040;3.98142617
20041;3.98142617
20042;3.98142617
20043;3.98142617
20044;3.63827491
20045;3.63827491
20046;3.63827491
20047;3.63827491
20048;3.18418278
20049;3.18418278
20050;3.18418278
20051;3.18418278
20052;2.69022568
20053;2.69022568
20054;2.69022568
20055;2.69022568
20056;2.43520506
20057;2.43520506
20058;2.43520506
20059;2.43520506
20060;3.38825067
20061;3.38825067
20062;3.38825067
20063;3.38825067
20064;1.5551906
20065;1.5551906
20066;1.5551906
20067;1.5551906
20068;0.633354909
20069;0.633354909
20070;0.633354909
20071;0.633354909
20072;0.44753708
20073;0.44753708
20074;0.44753708
20075;0.44753708
20076;0.427060885
20077;0.427060885
20078;0.427060885
20079;0.427060885
20080;0.518269577
20081;0.518269577
20082;0.518269577
20083;0.518269577
20084;0.793062978
20085;0.793062978
20086;0.793062978
20087;0.793062978
20088;1.97960924
20089;1.97960924
20090;1.97960924
20091;1.97960924
20092;3.5755496
20093;3.5755496
20094;3.5755496
20095;3.5755496
20096;3.26752871
20097;3.26752871
20098;3.26752871
20099;3.26752871
20100;2.57775321
20101;2.57775321
20102;2.57775321
20103;2.57775321
20104;1.93049451
20105;1.93049451
20106;1.93049451
20107;1.93049451
20108;1.3680709
20109;1.3680709
20110;1.3680709
20111;1.3680709
20112;1.7644321
20113;1.7644321
20114;1.7644321
20115;1.7644321
20116;2.00913551
20117;2.00913551
20118;2.00913551
20119;2.00913551
20120;2.89838309
20121;2.89838309
20122;2.89838309
20123;2.89838309
20124;2.08520637
20125;2.08520637
20126;2.08520637
20127;2.08520637
20128;2.83765878
20129;2.83765878
20130;2.83765878
20131;2.83765878
20132;2.49545489
20133;2.49545489
20134;2.49545489
20135;2.49545489
20136;2.92526678
20137;2.92526678
20138;2.92526678
20139;2.92526678
20140;3.69430057
20141;3.69430057
20142;3.69430057
20143;3.69430057
20144;4.45512166
20145;4.45512166
20146;4.45512166
20147;4.45512166
20148;2.91321654
20149;2.91321654
20150;2.91321654
20151;2.91321654
20152;4.11551671
20153;4.11551671
20154;4.11551671
20155;4.11551671
20156;2.88913706
20157;2.88913706
20158;2.88913706
20159;2.88913706
20160;1.22744412
20161;1.22744412
20162;1.22744412
20163;1.22744412
20164;0.44933415
20165;0.44933415
20166;0.44933415
20167;0.44933415
20168;0.404158947
20169;0.404158947
20170;0.404158947
20171;0.404158947
20172;0.416025016
20173;0.416025016
20174;0.416025016
20175;0.416025016
20176;0.504982789
20177;0.504982789
20178;0.504982789
20179;0.504982789
20180;0.793845311
20181;0.793845311
20182;0.793845311
20183;0.793845311
20184;2.24585763
20185;2.24585763
20186;2.24585763
20187;2.24585763
20188;3.71649358
20189;3.71649358
20190;3.71649358
20191;3.71649358
20192;3.36232494
20193;3.36232494
20194;3.36232494
20195;3.36232494
20196;2.79984049
20197;2.79984049
20198;2.79984049
20199;2.79984049
20200;2.79559248
20201;2.79559248
20202;2.79559248
20203;2.79559248
20204;2.33157649
20205;2.33157649
20206;2.33157649
20207;2.33157649
20208;2.0345925
20209;2.0345925
20210;2.0345925
20211;2.0345925
20212;1.39336423
20213;1.39336423
20214;1.39336423
20215;1.39336423
20216;1.45340128
20217;1.45340128
20218;1.45340128
20219;1.45340128
20220;1.35709982
20221;1.35709982
20222;1.35709982
20223;1.35709982
20224;1.34973226
20225;1.34973226
20226;1.34973226
20227;1.34973226
20228;2.34521804
20229;2.34521804
20230;2.34521804
20231;2.34521804
20232;4.06786953
20233;4.06786953
20234;4.06786953
20235;4.06786953
20236;3.67812403
20237;3.67812403
20238;3.67812403
20239;3.67812403
20240;4.4426676
20241;4.4426676
20242;4.4426676
20243;4.4426676
20244;3.15175186
20245;3.15175186
20246;3.15175186
20247;3.15175186
20248;3.89435301
20249;3.89435301
20250;3.89435301
20251;3.89435301
20252;3.93004227
20253;3.93004227
20254;3.93004227
20255;3.93004227
20256;2.04898526
20257;2.04898526
20258;2.04898526
20259;2.04898526
20260;0.427226379
20261;0.427226379
20262;0.427226379
20263;0.427226379
20264;0.382592889
20265;0.382592889
20266;0.382592889
20267;0.382592889
20268;0.383021162
20269;0.383021162
20270;0.383021162
20271;0.383021162
20272;0.463386498
20273;0.463386498
20274;0.463386498
20275;0.463386498
20276;0.745938004
20277;0.745938004
20278;0.745938004
20279;0.745938004
20280;2.16019686
20281;2.16019686
20282;2.16019686
20283;2.16019686
20284;3.48855152
20285;3.48855152
20286;3.48855152
20287;3.48855152
20288;3.28881373
20289;3.28881373
20290;3.28881373
20291;3.28881373
20292;2.14205199
20293;2.14205199
20294;2.14205199
20295;2.14205199
20296;1.49585419
20297;1.49585419
20298;1.49585419
20299;1.49585419
20300;1.58704176
20301;1.58704176
20302;1.58704176
20303;1.58704176
20304;2.77230281
20305;2.77230281
20306;2.77230281
20307;2.77230281
20308;1.25234037
20309;1.25234037
20310;1.25234037
20311;1.25234037
20312;1.24418159
20313;1.24418159
20314;1.24418159
20315;1.24418159
20316;2.10907232
20317;2.10907232
20318;2.10907232
20319;2.10907232
20320;1.39453444
20321;1.39453444
20322;1.39453444
20323;1.39453444
20324;2.05749142
20325;2.05749142
20326;2.05749142
20327;2.05749142
20328;2.74098238
20329;2.74098238
20330;2.74098238
20331;2.74098238
20332;3.41793183
20333;3.41793183
20334;3.41793183
20335;3.41793183
20336;3.24128728
20337;3.24128728
20338;3.24128728
20339;3.24128728
20340;2.67355326
20341;2.67355326
20342;2.67355326
20343;2.67355326
20344;2.70637014
20345;2.70637014
20346;2.70637014
20347;2.70637014
20348;2.59825397
20349;2.59825397
20350;2.59825397
20351;2.59825397
20352;2.04955242
20353;2.04955242
20354;2.04955242
20355;2.04955242
20356;0.734770828
20357;0.734770828
20358;0.734770828
20359;0.734770828
20360;0.619640353
20361;0.619640353
20362;0.619640353
20363;0.619640353
20364;0.510157129
20365;0.510157129
20366;0.510157129
20367;0.510157129
20368;0.469935376
20369;0.469935376
20370;0.469935376
20371;0.469935376
20372;0.627579512
20373;0.627579512
20374;0.627579512
20375;0.627579512
20376;0.993063246
20377;0.993063246
20378;0.993063246
20379;0.993063246
20380;1.68957059
20381;1.68957059
20382;1.68957059
20383;1.68957059
20384;3.23916464
20385;3.23916464
20386;3.23916464
20387;3.23916464
20388;4.3676195
20389;4.3676195
20390;4.3676195
20391;4.3676195
20392;4.03498616
20393;4.03498616
20394;4.03498616
20395;4.03498616
20396;3.37737841
20397;3.37737841
20398;3.37737841
20399;3.37737841
20400;3.55427453
20401;3.55427453
20402;3.55427453
20403;3.55427453
20404;3.39101151
20405;3.39101151
20406;3.39101151
20407;3.39101151
20408;3.04023225
20409;3.04023225
20410;3.04023225
20411;3.04023225
20412;1.92844914
20413;1.92844914
20414;1.92844914
20415;1.92844914
20416;2.12695274
20417;2.12695274
20418;2.12695274
20419;2.12695274
20420;3.2688212
20421;3.2688212
20422;3.2688212
20423;3.2688212
20424;4.08542695
20425;4.08542695
20426;4.08542695
20427;4.08542695
20428;4.25500483
20429;4.25500483
20430;4.25500483
20431;4.25500483
20432;4.36973436
20433;4.36973436
20434;4.36973436
20435;4.36973436
20436;4.2371161
20437;4.2371161
20438;4.2371161
20439;4.2371161
20440;4.08880459
20441;4.08880459
20442;4.08880459
20443;4.08880459
20444;3.59925022
20445;3.59925022
20446;3.59925022
20447;3.59925022
20448;0.883251251
20449;0.883251251
20450;0.883251251
20451;0.883251251
20452;0.581049472
20453;0.581049472
20454;0.581049472
20455;0.581049472
20456;0.507007363
20457;0.507007363
20458;0.507007363
20459;0.507007363
20460;0.445220355
20461;0.445220355
20462;0.445220355
20463;0.445220355
20464;0.438896902
20465;0.438896902
20466;0.438896902
20467;0.438896902
20468;0.546640155
20469;0.546640155
20470;0.546640155
20471;0.546640155
20472;0.837064279
20473;0.837064279
20474;0.837064279
20475;0.837064279
20476;1.62608926
20477;1.62608926
20478;1.62608926
20479;1.62608926
20480;3.09236787
20481;3.09236787
20482;3.09236787
20483;3.09236787
20484;4.30602674
20485;4.30602674
20486;4.30602674
20487;4.30602674
20488;4.92372607
20489;4.92372607
20490;4.92372607
20491;4.92372607
20492;3.98413212
20493;3.98413212
20494;3.98413212
20495;3.98413212
20496;3.50287661
20497;3.50287661
20498;3.50287661
20499;3.50287661
20500;2.58902049
20501;2.58902049
20502;2.58902049
20503;2.58902049
20504;2.27672342
20505;2.27672342
20506;2.27672342
20507;2.27672342
20508;1.96779429
20509;1.96779429
20510;1.96779429
20511;1.96779429
20512;2.27278474
20513;2.27278474
20514;2.27278474
20515;2.27278474
20516;2.91226201
20517;2.91226201
20518;2.91226201
20519;2.91226201
20520;4.14894457
20521;4.14894457
20522;4.14894457
20523;4.14894457
20524;4.66089914
20525;4.66089914
20526;4.66089914
20527;4.66089914
20528;4.43344599
20529;4.43344599
20530;4.43344599
20531;4.43344599
20532;3.39057347
20533;3.39057347
20534;3.39057347
20535;3.39057347
20536;3.71861529
20537;3.71861529
20538;3.71861529
20539;3.71861529
20540;2.55648131
20541;2.55648131
20542;2.55648131
20543;2.55648131
20544;0.898415592
20545;0.898415592
20546;0.898415592
20547;0.898415592
20548;0.524591843
20549;0.524591843
20550;0.524591843
20551;0.524591843
20552;0.515432388
20553;0.515432388
20554;0.515432388
20555;0.515432388
20556;0.506460289
20557;0.506460289
20558;0.506460289
20559;0.506460289
20560;0.606733529
20561;0.606733529
20562;0.606733529
20563;0.606733529
20564;0.965714363
20565;0.965714363
20566;0.965714363
20567;0.965714363
20568;2.53562817
20569;2.53562817
20570;2.53562817
20571;2.53562817
20572;4.45996324
20573;4.45996324
20574;4.45996324
20575;4.45996324
20576;4.4012632
20577;4.4012632
20578;4.4012632
20579;4.4012632
20580;3.83592409
20581;3.83592409
20582;3.83592409
20583;3.83592409
20584;2.20907436
20585;2.20907436
20586;2.20907436
20587;2.20907436
20588;1.82967611
20589;1.82967611
20590;1.82967611
20591;1.82967611
20592;2.35334854
20593;2.35334854
20594;2.35334854
20595;2.35334854
20596;1.74571262
20597;1.74571262
20598;1.74571262
20599;1.74571262
20600;1.5371203
20601;1.5371203
20602;1.5371203
20603;1.5371203
20604;1.47948373
20605;1.47948373
20606;1.47948373
20607;1.47948373
20608;1.60970511
20609;1.60970511
20610;1.60970511
20611;1.60970511
20612;2.4234881
20613;2.4234881
20614;2.4234881
20615;2.4234881
20616;4.32677533
20617;4.32677533
20618;4.32677533
20619;4.32677533
20620;4.81047659
20621;4.81047659
20622;4.81047659
20623;4.81047659
20624;4.35137936
20625;4.35137936
20626;4.35137936
20627;4.35137936
20628;3.49743869
20629;3.49743869
20630;3.49743869
20631;3.49743869
20632;3.13726818
20633;3.13726818
20634;3.13726818
20635;3.13726818
20636;3.17976616
20637;3.17976616
20638;3.17976616
20639;3.17976616
20640;1.5605069
20641;1.5605069
20642;1.5605069
20643;1.5605069
20644;0.548376935
20645;0.548376935
20646;0.548376935
20647;0.548376935
20648;0.542069347
20649;0.542069347
20650;0.542069347
20651;0.542069347
20652;0.5397941
20653;0.5397941
20654;0.5397941
20655;0.5397941
20656;0.652537702
20657;0.652537702
20658;0.652537702
20659;0.652537702
20660;1.00515161
20661;1.00515161
20662;1.00515161
20663;1.00515161
20664;2.67789156
20665;2.67789156
20666;2.67789156
20667;2.67789156
20668;5.0684482
20669;5.0684482
20670;5.0684482
20671;5.0684482
20672;4.73956189
20673;4.73956189
20674;4.73956189
20675;4.73956189
20676;3.17673836
20677;3.17673836
20678;3.17673836
20679;3.17673836
20680;2.22467419
20681;2.22467419
20682;2.22467419
20683;2.22467419
20684;1.66619493
20685;1.66619493
20686;1.66619493
20687;1.66619493
20688;2.23141259
20689;2.23141259
20690;2.23141259
20691;2.23141259
20692;2.111508
20693;2.111508
20694;2.111508
20695;2.111508
20696;1.92859253
20697;1.92859253
20698;1.92859253
20699;1.92859253
20700;1.70578376
20701;1.70578376
20702;1.70578376
20703;1.70578376
20704;1.85887515
20705;1.85887515
20706;1.85887515
20707;1.85887515
20708;2.64571502
20709;2.64571502
20710;2.64571502
20711;2.64571502
20712;4.7354258
20713;4.7354258
20714;4.7354258
20715;4.7354258
20716;4.50603017
20717;4.50603017
20718;4.50603017
20719;4.50603017
20720;4.01275078
20721;4.01275078
20722;4.01275078
20723;4.01275078
20724;3.45660799
20725;3.45660799
20726;3.45660799
20727;3.45660799
20728;3.01088768
20729;3.01088768
20730;3.01088768
20731;3.01088768
20732;3.79013195
20733;3.79013195
20734;3.79013195
20735;3.79013195
20736;1.96390193
20737;1.96390193
20738;1.96390193
20739;1.96390193
20740;0.940040023
20741;0.940040023
20742;0.940040023
20743;0.940040023
20744;0.749236778
20745;0.749236778
20746;0.749236778
20747;0.749236778
20748;0.726839493
20749;0.726839493
20750;0.726839493
20751;0.726839493
20752;0.840198733
20753;0.840198733
20754;0.840198733
20755;0.840198733
20756;1.22727968
20757;1.22727968
20758;1.22727968
20759;1.22727968
20760;3.07067403
20761;3.07067403
20762;3.07067403
20763;3.07067403
20764;5.20460654
20765;5.20460654
20766;5.20460654
20767;5.20460654
20768;4.90188433
20769;4.90188433
20770;4.90188433
20771;4.90188433
20772;3.94853598
20773;3.94853598
20774;3.94853598
20775;3.94853598
20776;3.07468885
20777;3.07468885
20778;3.07468885
20779;3.07468885
20780;2.33290034
20781;2.33290034
20782;2.33290034
20783;2.33290034
20784;2.66223212
20785;2.66223212
20786;2.66223212
20787;2.66223212
20788;2.85731897
20789;2.85731897
20790;2.85731897
20791;2.85731897
20792;3.66578904
20793;3.66578904
20794;3.66578904
20795;3.66578904
20796;2.79144871
20797;2.79144871
20798;2.79144871
20799;2.79144871
20800;3.6011888
20801;3.6011888
20802;3.6011888
20803;3.6011888
20804;3.42876425
20805;3.42876425
20806;3.42876425
20807;3.42876425
20808;4.32497364
20809;4.32497364
20810;4.32497364
20811;4.32497364
20812;5.32764377
20813;5.32764377
20814;5.32764377
20815;5.32764377
20816;6.0470592
20817;6.0470592
20818;6.0470592
20819;6.0470592
20820;4.41290792
20821;4.41290792
20822;4.41290792
20823;4.41290792
20824;5.20679681
20825;5.20679681
20826;5.20679681
20827;5.20679681
20828;3.49793199
20829;3.49793199
20830;3.49793199
20831;3.49793199
20832;1.60542926
20833;1.60542926
20834;1.60542926
20835;1.60542926
20836;0.710305871
20837;0.710305871
20838;0.710305871
20839;0.710305871
20840;0.663796037
20841;0.663796037
20842;0.663796037
20843;0.663796037
20844;0.678344221
20845;0.678344221
20846;0.678344221
20847;0.678344221
20848;0.784591059
20849;0.784591059
20850;0.784591059
20851;0.784591059
20852;1.17680337
20853;1.17680337
20854;1.17680337
20855;1.17680337
20856;3.22000245
20857;3.22000245
20858;3.22000245
20859;3.22000245
20860;5.21565996
20861;5.21565996
20862;5.21565996
20863;5.21565996
20864;4.93561342
20865;4.93561342
20866;4.93561342
20867;4.93561342
20868;4.11623794
20869;4.11623794
20870;4.11623794
20871;4.11623794
20872;3.8542747
20873;3.8542747
20874;3.8542747
20875;3.8542747
20876;3.22248434
20877;3.22248434
20878;3.22248434
20879;3.22248434
20880;2.81247242
20881;2.81247242
20882;2.81247242
20883;2.81247242
20884;2.09842422
20885;2.09842422
20886;2.09842422
20887;2.09842422
20888;2.07417631
20889;2.07417631
20890;2.07417631
20891;2.07417631
20892;1.92338057
20893;1.92338057
20894;1.92338057
20895;1.92338057
20896;1.95940175
20897;1.95940175
20898;1.95940175
20899;1.95940175
20900;3.13398991
20901;3.13398991
20902;3.13398991
20903;3.13398991
20904;5.26128928
20905;5.26128928
20906;5.26128928
20907;5.26128928
20908;5.06820682
20909;5.06820682
20910;5.06820682
20911;5.06820682
20912;5.82777754
20913;5.82777754
20914;5.82777754
20915;5.82777754
20916;4.41347695
20917;4.41347695
20918;4.41347695
20919;4.41347695
20920;4.8154632
20921;4.8154632
20922;4.8154632
20923;4.8154632
20924;4.49803002
20925;4.49803002
20926;4.49803002
20927;4.49803002
20928;2.3339396
20929;2.3339396
20930;2.3339396
20931;2.3339396
20932;0.567070534
20933;0.567070534
20934;0.567070534
20935;0.567070534
20936;0.52275083
20937;0.52275083
20938;0.52275083
20939;0.52275083
20940;0.525653493
20941;0.525653493
20942;0.525653493
20943;0.525653493
20944;0.626026643
20945;0.626026643
20946;0.626026643
20947;0.626026643
20948;0.987381343
20949;0.987381343
20950;0.987381343
20951;0.987381343
20952;2.81935583
20953;2.81935583
20954;2.81935583
20955;2.81935583
20956;4.66631825
20957;4.66631825
20958;4.66631825
20959;4.66631825
20960;4.35756938
20961;4.35756938
20962;4.35756938
20963;4.35756938
20964;2.90006065
20965;2.90006065
20966;2.90006065
20967;2.90006065
20968;2.04525026
20969;2.04525026
20970;2.04525026
20971;2.04525026
20972;2.04153206
20973;2.04153206
20974;2.04153206
20975;2.04153206
20976;3.2237755
20977;3.2237755
20978;3.2237755
20979;3.2237755
20980;1.67790099
20981;1.67790099
20982;1.67790099
20983;1.67790099
20984;1.63993527
20985;1.63993527
20986;1.63993527
20987;1.63993527
20988;2.50472807
20989;2.50472807
20990;2.50472807
20991;2.50472807
20992;1.81162672
20993;1.81162672
20994;1.81162672
20995;1.81162672
20996;2.58094957
20997;2.58094957
20998;2.58094957
20999;2.58094957
21000;3.45535857
21001;3.45535857
21002;3.45535857
21003;3.45535857
21004;4.2230729
21005;4.2230729
21006;4.2230729
21007;4.2230729
21008;4.00610335
21009;4.00610335
21010;4.00610335
21011;4.00610335
21012;3.37947761
21013;3.37947761
21014;3.37947761
21015;3.37947761
21016;3.20327864
21017;3.20327864
21018;3.20327864
21019;3.20327864
21020;2.96519908
21021;2.96519908
21022;2.96519908
21023;2.96519908
21024;2.26495622
21025;2.26495622
21026;2.26495622
21027;2.26495622
21028;0.847215599
21029;0.847215599
21030;0.847215599
21031;0.847215599
21032;0.735019727
21033;0.735019727
21034;0.735019727
21035;0.735019727
21036;0.627310699
21037;0.627310699
21038;0.627310699
21039;0.627310699
21040;0.583643208
21041;0.583643208
21042;0.583643208
21043;0.583643208
21044;0.760507344
21045;0.760507344
21046;0.760507344
21047;0.760507344
21048;1.27569557
21049;1.27569557
21050;1.27569557
21051;1.27569557
21052;2.0316586
21053;2.0316586
21054;2.0316586
21055;2.0316586
21056;3.53359173
21057;3.53359173
21058;3.53359173
21059;3.53359173
21060;4.55080031
21061;4.55080031
21062;4.55080031
21063;4.55080031
21064;4.34725769
21065;4.34725769
21066;4.34725769
21067;4.34725769
21068;3.62675018
21069;3.62675018
21070;3.62675018
21071;3.62675018
21072;3.77372168
21073;3.77372168
21074;3.77372168
21075;3.77372168
21076;3.59549635
21077;3.59549635
21078;3.59549635
21079;3.59549635
21080;3.22476736
21081;3.22476736
21082;3.22476736
21083;3.22476736
21084;2.11296954
21085;2.11296954
21086;2.11296954
21087;2.11296954
21088;2.31536429
21089;2.31536429
21090;2.31536429
21091;2.31536429
21092;3.47829348
21093;3.47829348
21094;3.47829348
21095;3.47829348
21096;4.3896605
21097;4.3896605
21098;4.3896605
21099;4.3896605
21100;4.63666157
21101;4.63666157
21102;4.63666157
21103;4.63666157
21104;4.7515227
21105;4.7515227
21106;4.7515227
21107;4.7515227
21108;4.63113565
21109;4.63113565
21110;4.63113565
21111;4.63113565
21112;4.36070686
21113;4.36070686
21114;4.36070686
21115;4.36070686
21116;3.74436932
21117;3.74436932
21118;3.74436932
21119;3.74436932
21120;0.997627109
21121;0.997627109
21122;0.997627109
21123;0.997627109
21124;0.683266042
21125;0.683266042
21126;0.683266042
21127;0.683266042
21128;0.609098151
21129;0.609098151
21130;0.609098151
21131;0.609098151
21132;0.546119318
21133;0.546119318
21134;0.546119318
21135;0.546119318
21136;0.544930977
21137;0.544930977
21138;0.544930977
21139;0.544930977
21140;0.672610138
21141;0.672610138
21142;0.672610138
21143;0.672610138
21144;1.12001517
21145;1.12001517
21146;1.12001517
21147;1.12001517
21148;2.04527063
21149;2.04527063
21150;2.04527063
21151;2.04527063
21152;3.47528819
21153;3.47528819
21154;3.47528819
21155;3.47528819
21156;4.67658988
21157;4.67658988
21158;4.67658988
21159;4.67658988
21160;5.24067078
21161;5.24067078
21162;5.24067078
21163;5.24067078
21164;4.21433319
21165;4.21433319
21166;4.21433319
21167;4.21433319
21168;3.70751613
21169;3.70751613
21170;3.70751613
21171;3.70751613
21172;2.7973142
21173;2.7973142
21174;2.7973142
21175;2.7973142
21176;2.48136294
21177;2.48136294
21178;2.48136294
21179;2.48136294
21180;2.16877961
21181;2.16877961
21182;2.16877961
21183;2.16877961
21184;2.47377007
21185;2.47377007
21186;2.47377007
21187;2.47377007
21188;3.12420991
21189;3.12420991
21190;3.12420991
21191;3.12420991
21192;4.4120512
21193;4.4120512
21194;4.4120512
21195;4.4120512
21196;4.92400576
21197;4.92400576
21198;4.92400576
21199;4.92400576
21200;4.63824953
21201;4.63824953
21202;4.63824953
21203;4.63824953
21204;3.60050635
21205;3.60050635
21206;3.60050635
21207;3.60050635
21208;3.88900788
21209;3.88900788
21210;3.88900788
21211;3.88900788
21212;2.64134472
21213;2.64134472
21214;2.64134472
21215;2.64134472
21216;0.837232934
21217;0.837232934
21218;0.837232934
21219;0.837232934
21220;0.464751712
21221;0.464751712
21222;0.464751712
21223;0.464751712
21224;0.457198843
21225;0.457198843
21226;0.457198843
21227;0.457198843
21228;0.450291699
21229;0.450291699
21230;0.450291699
21231;0.450291699
21232;0.551510327
21233;0.551510327
21234;0.551510327
21235;0.551510327
21236;0.901174363
21237;0.901174363
21238;0.901174363
21239;0.901174363
21240;2.38353915
21241;2.38353915
21242;2.38353915
21243;2.38353915
21244;4.29122998
21245;4.29122998
21246;4.29122998
21247;4.29122998
21248;4.14304828
21249;4.14304828
21250;4.14304828
21251;4.14304828
21252;3.58250882
21253;3.58250882
21254;3.58250882
21255;3.58250882
21256;1.97921433
21257;1.97921433
21258;1.97921433
21259;1.97921433
21260;1.63424122
21261;1.63424122
21262;1.63424122
21263;1.63424122
21264;2.18357876
21265;2.18357876
21266;2.18357876
21267;2.18357876
21268;1.59967725
21269;1.59967725
21270;1.59967725
21271;1.59967725
21272;1.415464
21273;1.415464
21274;1.415464
21275;1.415464
21276;1.36466153
21277;1.36466153
21278;1.36466153
21279;1.36466153
21280;1.4914574
21281;1.4914574
21282;1.4914574
21283;1.4914574
21284;2.27875573
21285;2.27875573
21286;2.27875573
21287;2.27875573
21288;4.10896195
21289;4.10896195
21290;4.10896195
21291;4.10896195
21292;4.54514819
21293;4.54514819
21294;4.54514819
21295;4.54514819
21296;4.07455904
21297;4.07455904
21298;4.07455904
21299;4.07455904
21300;3.21404269
21301;3.21404269
21302;3.21404269
21303;3.21404269
21304;2.92658198
21305;2.92658198
21306;2.92658198
21307;2.92658198
21308;3.0654658
21309;3.0654658
21310;3.0654658
21311;3.0654658
21312;1.39457883
21313;1.39457883
21314;1.39457883
21315;1.39457883
21316;0.425271482
21317;0.425271482
21318;0.425271482
21319;0.425271482
21320;0.417798687
21321;0.417798687
21322;0.417798687
21323;0.417798687
21324;0.414207268
21325;0.414207268
21326;0.414207268
21327;0.414207268
21328;0.521395971
21329;0.521395971
21330;0.521395971
21331;0.521395971
21332;0.837209551
21333;0.837209551
21334;0.837209551
21335;0.837209551
21336;2.27771359
21337;2.27771359
21338;2.27771359
21339;2.27771359
21340;4.45340746
21341;4.45340746
21342;4.45340746
21343;4.45340746
21344;4.23982971
21345;4.23982971
21346;4.23982971
21347;4.23982971
21348;2.74698575
21349;2.74698575
21350;2.74698575
21351;2.74698575
21352;1.87263839
21353;1.87263839
21354;1.87263839
21355;1.87263839
21356;1.37967182
21357;1.37967182
21358;1.37967182
21359;1.37967182
21360;1.9862627
21361;1.9862627
21362;1.9862627
21363;1.9862627
21364;1.8858452
21365;1.8858452
21366;1.8858452
21367;1.8858452
21368;1.72494562
21369;1.72494562
21370;1.72494562
21371;1.72494562
21372;1.51314479
21373;1.51314479
21374;1.51314479
21375;1.51314479
21376;1.66073221
21377;1.66073221
21378;1.66073221
21379;1.66073221
21380;2.41454826
21381;2.41454826
21382;2.41454826
21383;2.41454826
21384;4.39968359
21385;4.39968359
21386;4.39968359
21387;4.39968359
21388;4.13176017
21389;4.13176017
21390;4.13176017
21391;4.13176017
21392;3.65499269
21393;3.65499269
21394;3.65499269
21395;3.65499269
21396;3.06719964
21397;3.06719964
21398;3.06719964
21399;3.06719964
21400;2.71766947
21401;2.71766947
21402;2.71766947
21403;2.71766947
21404;3.63922916
21405;3.63922916
21406;3.63922916
21407;3.63922916
21408;1.67545677
21409;1.67545677
21410;1.67545677
21411;1.67545677
21412;0.674375438
21413;0.674375438
21414;0.674375438
21415;0.674375438
21416;0.484380409
21417;0.484380409
21418;0.484380409
21419;0.484380409
21420;0.463751969
21421;0.463751969
21422;0.463751969
21423;0.463751969
21424;0.569001038
21425;0.569001038
21426;0.569001038
21427;0.569001038
21428;0.902147496
21429;0.902147496
21430;0.902147496
21431;0.902147496
21432;2.32363052
21433;2.32363052
21434;2.32363052
21435;2.32363052
21436;4.21628311
21437;4.21628311
21438;4.21628311
21439;4.21628311
21440;3.86046899
21441;3.86046899
21442;3.86046899
21443;3.86046899
21444;2.97839332
21445;2.97839332
21446;2.97839332
21447;2.97839332
21448;2.18350934
21449;2.18350934
21450;2.18350934
21451;2.18350934
21452;1.58154224
21453;1.58154224
21454;1.58154224
21455;1.58154224
21456;1.99047212
21457;1.99047212
21458;1.99047212
21459;1.99047212
21460;2.22739998
21461;2.22739998
21462;2.22739998
21463;2.22739998
21464;3.09989
21465;3.09989
21466;3.09989
21467;3.09989
21468;2.25826435
21469;2.25826435
21470;2.25826435
21471;2.25826435
21472;3.06197708
21473;3.06197708
21474;3.06197708
21475;3.06197708
21476;2.79339105
21477;2.79339105
21478;2.79339105
21479;2.79339105
21480;3.3429742
21481;3.3429742
21482;3.3429742
21483;3.3429742
21484;4.20169153
21485;4.20169153
21486;4.20169153
21487;4.20169153
21488;4.98467642
21489;4.98467642
21490;4.98467642
21491;4.98467642
21492;3.34702842
21493;3.34702842
21494;3.34702842
21495;3.34702842
21496;4.46994859
21497;4.46994859
21498;4.46994859
21499;4.46994859
21500;3.17293101
21501;3.17293101
21502;3.17293101
21503;3.17293101
21504;1.42874782
21505;1.42874782
21506;1.42874782
21507;1.42874782
21508;0.551928141
21509;0.551928141
21510;0.551928141
21511;0.551928141
21512;0.505308632
21513;0.505308632
21514;0.505308632
21515;0.505308632
21516;0.517432062
21517;0.517432062
21518;0.517432062
21519;0.517432062
21520;0.62099557
21521;0.62099557
21522;0.62099557
21523;0.62099557
21524;0.984312017
21525;0.984312017
21526;0.984312017
21527;0.984312017
21528;2.77813444
21529;2.77813444
21530;2.77813444
21531;2.77813444
21532;4.59077115
21533;4.59077115
21534;4.59077115
21535;4.59077115
21536;4.21225983
21537;4.21225983
21538;4.21225983
21539;4.21225983
21540;3.39190137
21541;3.39190137
21542;3.39190137
21543;3.39190137
21544;3.25139259
21545;3.25139259
21546;3.25139259
21547;3.25139259
21548;2.72173592
21549;2.72173592
21550;2.72173592
21551;2.72173592
21552;2.39811301
21553;2.39811301
21554;2.39811301
21555;2.39811301
21556;1.71231409
21557;1.71231409
21558;1.71231409
21559;1.71231409
21560;1.71887714
21561;1.71887714
21562;1.71887714
21563;1.71887714
21564;1.60276609
21565;1.60276609
21566;1.60276609
21567;1.60276609
21568;1.6331723
21569;1.6331723
21570;1.6331723
21571;1.6331723
21572;2.75530416
21573;2.75530416
21574;2.75530416
21575;2.75530416
21576;4.70560922
21577;4.70560922
21578;4.70560922
21579;4.70560922
21580;4.42971698
21581;4.42971698
21582;4.42971698
21583;4.42971698
21584;5.20856104
21585;5.20856104
21586;5.20856104
21587;5.20856104
21588;3.85780401
21589;3.85780401
21590;3.85780401
21591;3.85780401
21592;4.41752887
21593;4.41752887
21594;4.41752887
21595;4.41752887
21596;4.29077884
21597;4.29077884
21598;4.29077884
21599;4.29077884
21600;2.27270729
21601;2.27270729
21602;2.27270729
21603;2.27270729
21604;0.543403111
21605;0.543403111
21606;0.543403111
21607;0.543403111
21608;0.501061091
21609;0.501061091
21610;0.501061091
21611;0.501061091
21612;0.504991402
21613;0.504991402
21614;0.504991402
21615;0.504991402
21616;0.607673258
21617;0.607673258
21618;0.607673258
21619;0.607673258
21620;0.968398915
21621;0.968398915
21622;0.968398915
21623;0.968398915
21624;2.77125234
21625;2.77125234
21626;2.77125234
21627;2.77125234
21628;4.57620416
21629;4.57620416
21630;4.57620416
21631;4.57620416
21632;4.33050863
21633;4.33050863
21634;4.33050863
21635;4.33050863
21636;2.89665498
21637;2.89665498
21638;2.89665498
21639;2.89665498
21640;2.01103903
21641;2.01103903
21642;2.01103903
21643;2.01103903
21644;2.02043801
21645;2.02043801
21646;2.02043801
21647;2.02043801
21648;3.19584612
21649;3.19584612
21650;3.19584612
21651;3.19584612
21652;1.64844917
21653;1.64844917
21654;1.64844917
21655;1.64844917
21656;1.61100015
21657;1.61100015
21658;1.61100015
21659;1.61100015
21660;2.47630963
21661;2.47630963
21662;2.47630963
21663;2.47630963
21664;1.78320828
21665;1.78320828
21666;1.78320828
21667;1.78320828
21668;2.55098107
21669;2.55098107
21670;2.55098107
21671;2.55098107
21672;3.41815645
21673;3.41815645
21674;3.41815645
21675;3.41815645
21676;4.18587078
21677;4.18587078
21678;4.18587078
21679;4.18587078
21680;3.97148466
21681;3.97148466
21682;3.97148466
21683;3.97148466
21684;3.3118874
21685;3.3118874
21686;3.3118874
21687;3.3118874
21688;3.20101666
21689;3.20101666
21690;3.20101666
21691;3.20101666
21692;2.96047233
21693;2.96047233
21694;2.96047233
21695;2.96047233
21696;2.2214334
21697;2.2214334
21698;2.2214334
21699;2.2214334
21700;0.814568391
21701;0.814568391
21702;0.814568391
21703;0.814568391
21704;0.698890043
21705;0.698890043
21706;0.698890043
21707;0.698890043
21708;0.590323333
21709;0.590323333
21710;0.590323333
21711;0.590323333
21712;0.549287623
21713;0.549287623
21714;0.549287623
21715;0.549287623
21716;0.718748984
21717;0.718748984
21718;0.718748984
21719;0.718748984
21720;1.19773306
21721;1.19773306
21722;1.19773306
21723;1.19773306
21724;1.94503334
21725;1.94503334
21726;1.94503334
21727;1.94503334
21728;3.47190278
21729;3.47190278
21730;3.47190278
21731;3.47190278
21732;4.51850288
21733;4.51850288
21734;4.51850288
21735;4.51850288
21736;4.3539019
21737;4.3539019
21738;4.3539019
21739;4.3539019
21740;3.60982876
21741;3.60982876
21742;3.60982876
21743;3.60982876
21744;3.73848484
21745;3.73848484
21746;3.73848484
21747;3.73848484
21748;3.56266203
21749;3.56266203
21750;3.56266203
21751;3.56266203
21752;3.19513638
21753;3.19513638
21754;3.19513638
21755;3.19513638
21756;2.07844675
21757;2.07844675
21758;2.07844675
21759;2.07844675
21760;2.28079139
21761;2.28079139
21762;2.28079139
21763;2.28079139
21764;3.45403948
21765;3.45403948
21766;3.45403948
21767;3.45403948
21768;4.36551116
21769;4.36551116
21770;4.36551116
21771;4.36551116
21772;4.58875599
21773;4.58875599
21774;4.58875599
21775;4.58875599
21776;4.71794041
21777;4.71794041
21778;4.71794041
21779;4.71794041
21780;4.58852666
21781;4.58852666
21782;4.58852666
21783;4.58852666
21784;4.3414852
21785;4.3414852
21786;4.3414852
21787;4.3414852
21788;3.73489969
21789;3.73489969
21790;3.73489969
21791;3.73489969
21792;1.21803717
21793;1.21803717
21794;1.21803717
21795;1.21803717
21796;0.908257063
21797;0.908257063
21798;0.908257063
21799;0.908257063
21800;0.833078518
21801;0.833078518
21802;0.833078518
21803;0.833078518
21804;0.769285727
21805;0.769285727
21806;0.769285727
21807;0.769285727
21808;0.764221643
21809;0.764221643
21810;0.764221643
21811;0.764221643
21812;0.930186081
21813;0.930186081
21814;0.930186081
21815;0.930186081
21816;1.70507261
21817;1.70507261
21818;1.70507261
21819;1.70507261
21820;2.75665056
21821;2.75665056
21822;2.75665056
21823;2.75665056
21824;4.31009881
21825;4.31009881
21826;4.31009881
21827;4.31009881
21828;5.55253362
21829;5.55253362
21830;5.55253362
21831;5.55253362
21832;6.09092887
21833;6.09092887
21834;6.09092887
21835;6.09092887
21836;5.05461912
21837;5.05461912
21838;5.05461912
21839;5.05461912
21840;4.42239325
21841;4.42239325
21842;4.42239325
21843;4.42239325
21844;3.42513049
21845;3.42513049
21846;3.42513049
21847;3.42513049
21848;3.02680208
21849;3.02680208
21850;3.02680208
21851;3.02680208
21852;2.66766397
21853;2.66766397
21854;2.66766397
21855;2.66766397
21856;2.94737724
21857;2.94737724
21858;2.94737724
21859;2.94737724
21860;3.71393587
21861;3.71393587
21862;3.71393587
21863;3.71393587
21864;5.32470132
21865;5.32470132
21866;5.32470132
21867;5.32470132
21868;6.00869085
21869;6.00869085
21870;6.00869085
21871;6.00869085
21872;5.71509684
21873;5.71509684
21874;5.71509684
21875;5.71509684
21876;4.67405256
21877;4.67405256
21878;4.67405256
21879;4.67405256
21880;4.5985141
21881;4.5985141
21882;4.5985141
21883;4.5985141
21884;2.94824379
21885;2.94824379
21886;2.94824379
21887;2.94824379
21888;1.12702405
21889;1.12702405
21890;1.12702405
21891;1.12702405
21892;0.718757964
21893;0.718757964
21894;0.718757964
21895;0.718757964
21896;0.70571562
21897;0.70571562
21898;0.70571562
21899;0.70571562
21900;0.693906784
21901;0.693906784
21902;0.693906784
21903;0.693906784
21904;0.792092721
21905;0.792092721
21906;0.792092721
21907;0.792092721
21908;1.18422863
21909;1.18422863
21910;1.18422863
21911;1.18422863
21912;3.0287231
21913;3.0287231
21914;3.0287231
21915;3.0287231
21916;5.11117475
21917;5.11117475
21918;5.11117475
21919;5.11117475
21920;5.12587508
21921;5.12587508
21922;5.12587508
21923;5.12587508
21924;4.59041335
21925;4.59041335
21926;4.59041335
21927;4.59041335
21928;2.85667273
21929;2.85667273
21930;2.85667273
21931;2.85667273
21932;2.37599583
21933;2.37599583
21934;2.37599583
21935;2.37599583
21936;2.81927677
21937;2.81927677
21938;2.81927677
21939;2.81927677
21940;2.16446925
21941;2.16446925
21942;2.16446925
21943;2.16446925
21944;1.92236282
21945;1.92236282
21946;1.92236282
21947;1.92236282
21948;1.83901367
21949;1.83901367
21950;1.83901367
21951;1.83901367
21952;1.97591155
21953;1.97591155
21954;1.97591155
21955;1.97591155
21956;2.85355647
21957;2.85355647
21958;2.85355647
21959;2.85355647
21960;4.95535803
21961;4.95535803
21962;4.95535803
21963;4.95535803
21964;5.50950574
21965;5.50950574
21966;5.50950574
21967;5.50950574
21968;5.03216069
21969;5.03216069
21970;5.03216069
21971;5.03216069
21972;4.16563886
21973;4.16563886
21974;4.16563886
21975;4.16563886
21976;3.58326537
21977;3.58326537
21978;3.58326537
21979;3.58326537
21980;3.35104894
21981;3.35104894
21982;3.35104894
21983;3.35104894
21984;1.6428844
21985;1.6428844
21986;1.6428844
21987;1.6428844
21988;0.648259644
21989;0.648259644
21990;0.648259644
21991;0.648259644
21992;0.6419273
21993;0.6419273
21994;0.6419273
21995;0.6419273
21996;0.638226322
21997;0.638226322
21998;0.638226322
21999;0.638226322
22000;0.744999367
22001;0.744999367
22002;0.744999367
22003;0.744999367
22004;1.10192589
22005;1.10192589
22006;1.10192589
22007;1.10192589
22008;2.87956612
22009;2.87956612
22010;2.87956612
22011;2.87956612
22012;5.25497777
22013;5.25497777
22014;5.25497777
22015;5.25497777
22016;5.11980733
22017;5.11980733
22018;5.11980733
22019;5.11980733
22020;3.60128799
22021;3.60128799
22022;3.60128799
22023;3.60128799
22024;2.61102789
22025;2.61102789
22026;2.61102789
22027;2.61102789
22028;2.01871059
22029;2.01871059
22030;2.01871059
22031;2.01871059
22032;2.54127365
22033;2.54127365
22034;2.54127365
22035;2.54127365
22036;2.39942851
22037;2.39942851
22038;2.39942851
22039;2.39942851
22040;2.18760981
22041;2.18760981
22042;2.18760981
22043;2.18760981
22044;1.94867456
22045;1.94867456
22046;1.94867456
22047;1.94867456
22048;2.08891172
22049;2.08891172
22050;2.08891172
22051;2.08891172
22052;2.90519077
22053;2.90519077
22054;2.90519077
22055;2.90519077
22056;5.10206115
22057;5.10206115
22058;5.10206115
22059;5.10206115
22060;4.93086935
22061;4.93086935
22062;4.93086935
22063;4.93086935
22064;4.47248181
22065;4.47248181
22066;4.47248181
22067;4.47248181
22068;3.89372637
22069;3.89372637
22070;3.89372637
22071;3.89372637
22072;3.29930521
22073;3.29930521
22074;3.29930521
22075;3.29930521
22076;3.90512949
22077;3.90512949
22078;3.90512949
22079;3.90512949
22080;1.78816211
22081;1.78816211
22082;1.78816211
22083;1.78816211
22084;0.754728076
22085;0.754728076
22086;0.754728076
22087;0.754728076
22088;0.565749488
22089;0.565749488
22090;0.565749488
22091;0.565749488
22092;0.546455131
22093;0.546455131
22094;0.546455131
22095;0.546455131
22096;0.657994991
22097;0.657994991
22098;0.657994991
22099;0.657994991
22100;1.00433271
22101;1.00433271
22102;1.00433271
22103;1.00433271
22104;2.55669761
22105;2.55669761
22106;2.55669761
22107;2.55669761
22108;4.58334736
22109;4.58334736
22110;4.58334736
22111;4.58334736
22112;4.26386359
22113;4.26386359
22114;4.26386359
22115;4.26386359
22116;3.30110063
22117;3.30110063
22118;3.30110063
22119;3.30110063
22120;2.46896814
22121;2.46896814
22122;2.46896814
22123;2.46896814
22124;1.82466434
22125;1.82466434
22126;1.82466434
22127;1.82466434
22128;2.2039597
22129;2.2039597
22130;2.2039597
22131;2.2039597
22132;2.43774954
22133;2.43774954
22134;2.43774954
22135;2.43774954
22136;3.30791181
22137;3.30791181
22138;3.30791181
22139;3.30791181
22140;2.46430666
22141;2.46430666
22142;2.46430666
22143;2.46430666
22144;3.25833652
22145;3.25833652
22146;3.25833652
22147;3.25833652
22148;2.99678575
22149;2.99678575
22150;2.99678575
22151;2.99678575
22152;3.59303222
22153;3.59303222
22154;3.59303222
22155;3.59303222
22156;4.44268094
22157;4.44268094
22158;4.44268094
22159;4.44268094
22160;5.20691362
22161;5.20691362
22162;5.20691362
22163;5.20691362
22164;3.58083188
22165;3.58083188
22166;3.58083188
22167;3.58083188
22168;4.66732279
22169;4.66732279
22170;4.66732279
22171;4.66732279
22172;3.2848467
22173;3.2848467
22174;3.2848467
22175;3.2848467
22176;1.35902206
22177;1.35902206
22178;1.35902206
22179;1.35902206
22180;0.465088343
22181;0.465088343
22182;0.465088343
22183;0.465088343
22184;0.415457547
22185;0.415457547
22186;0.415457547
22187;0.415457547
22188;0.428246694
22189;0.428246694
22190;0.428246694
22191;0.428246694
22192;0.5304206
22193;0.5304206
22194;0.5304206
22195;0.5304206
22196;0.876140116
22197;0.876140116
22198;0.876140116
22199;0.876140116
22200;2.52607562
22201;2.52607562
22202;2.52607562
22203;2.52607562
22204;4.29967454
22205;4.29967454
22206;4.29967454
22207;4.29967454
22208;3.9033293
22209;3.9033293
22210;3.9033293
22211;3.9033293
22212;3.07211682
22213;3.07211682
22214;3.07211682
22215;3.07211682
22216;2.95563317
22217;2.95563317
22218;2.95563317
22219;2.95563317
22220;2.46294464
22221;2.46294464
22222;2.46294464
22223;2.46294464
22224;2.18290441
22225;2.18290441
22226;2.18290441
22227;2.18290441
22228;1.52393515
22229;1.52393515
22230;1.52393515
22231;1.52393515
22232;1.56041678
22233;1.56041678
22234;1.56041678
22235;1.56041678
22236;1.45459039
22237;1.45459039
22238;1.45459039
22239;1.45459039
22240;1.4794302
22241;1.4794302
22242;1.4794302
22243;1.4794302
22244;2.57070808
22245;2.57070808
22246;2.57070808
22247;2.57070808
22248;4.42712542
22249;4.42712542
22250;4.42712542
22251;4.42712542
22252;4.11189808
22253;4.11189808
22254;4.11189808
22255;4.11189808
22256;4.8765159
22257;4.8765159
22258;4.8765159
22259;4.8765159
22260;3.4813013
22261;3.4813013
22262;3.4813013
22263;3.4813013
22264;4.16134037
22265;4.16134037
22266;4.16134037
22267;4.16134037
22268;4.17029672
22269;4.17029672
22270;4.17029672
22271;4.17029672
22272;2.15140554
22273;2.15140554
22274;2.15140554
22275;2.15140554
22276;0.449006299
22277;0.449006299
22278;0.449006299
22279;0.449006299
22280;0.406843505
22281;0.406843505
22282;0.406843505
22283;0.406843505
22284;0.410891291
22285;0.410891291
22286;0.410891291
22287;0.410891291
22288;0.506955446
22289;0.506955446
22290;0.506955446
22291;0.506955446
22292;0.8488003
22293;0.8488003
22294;0.8488003
22295;0.8488003
22296;2.49072349
22297;2.49072349
22298;2.49072349
22299;2.49072349
22300;4.15362341
22301;4.15362341
22302;4.15362341
22303;4.15362341
22304;3.87502935
22305;3.87502935
22306;3.87502935
22307;3.87502935
22308;2.4505141
22309;2.4505141
22310;2.4505141
22311;2.4505141
22312;1.69263864
22313;1.69263864
22314;1.69263864
22315;1.69263864
22316;1.75901075
22317;1.75901075
22318;1.75901075
22319;1.75901075
22320;2.97876505
22321;2.97876505
22322;2.97876505
22323;2.97876505
22324;1.42851546
22325;1.42851546
22326;1.42851546
22327;1.42851546
22328;1.39492483
22329;1.39492483
22330;1.39492483
22331;1.39492483
22332;2.26409272
22333;2.26409272
22334;2.26409272
22335;2.26409272
22336;1.57099137
22337;1.57099137
22338;1.57099137
22339;1.57099137
22340;2.32718895
22341;2.32718895
22342;2.32718895
22343;2.32718895
22344;3.14034673
22345;3.14034673
22346;3.14034673
22347;3.14034673
22348;3.90806106
22349;3.90806106
22350;3.90806106
22351;3.90806106
22352;3.71296694
22353;3.71296694
22354;3.71296694
22355;3.71296694
22356;3.05027329
22357;3.05027329
22358;3.05027329
22359;3.05027329
22360;2.99764398
22361;2.99764398
22362;2.99764398
22363;2.99764398
22364;2.84128621
22365;2.84128621
22366;2.84128621
22367;2.84128621
22368;2.1204557
22369;2.1204557
22370;2.1204557
22371;2.1204557
22372;0.735445616
22373;0.735445616
22374;0.735445616
22375;0.735445616
22376;0.619640484
22377;0.619640484
22378;0.619640484
22379;0.619640484
22380;0.511611959
22381;0.511611959
22382;0.511611959
22383;0.511611959
22384;0.471351969
22385;0.471351969
22386;0.471351969
22387;0.471351969
22388;0.628003097
22389;0.628003097
22390;0.628003097
22391;0.628003097
22392;0.991075853
22393;0.991075853
22394;0.991075853
22395;0.991075853
22396;1.67917828
22397;1.67917828
22398;1.67917828
22399;1.67917828
22400;3.17965338
22401;3.17965338
22402;3.17965338
22403;3.17965338
22404;4.17431328
22405;4.17431328
22406;4.17431328
22407;4.17431328
22408;4.03498616
22409;4.03498616
22410;4.03498616
22411;4.03498616
22412;3.37737841
22413;3.37737841
22414;3.37737841
22415;3.37737841
22416;3.55427453
22417;3.55427453
22418;3.55427453
22419;3.55427453
22420;3.39101151
22421;3.39101151
22422;3.39101151
22423;3.39101151
22424;3.04023225
22425;3.04023225
22426;3.04023225
22427;3.04023225
22428;1.92844914
22429;1.92844914
22430;1.92844914
22431;1.92844914
22432;2.12695274
22433;2.12695274
22434;2.12695274
22435;2.12695274
22436;3.2688212
22437;3.2688212
22438;3.2688212
22439;3.2688212
22440;4.08542695
22441;4.08542695
22442;4.08542695
22443;4.08542695
22444;4.25500483
22445;4.25500483
22446;4.25500483
22447;4.25500483
22448;4.36973436
22449;4.36973436
22450;4.36973436
22451;4.36973436
22452;4.2371161
22453;4.2371161
22454;4.2371161
22455;4.2371161
22456;4.08880459
22457;4.08880459
22458;4.08880459
22459;4.08880459
22460;3.59925022
22461;3.59925022
22462;3.59925022
22463;3.59925022
22464;0.883251251
22465;0.883251251
22466;0.883251251
22467;0.883251251
22468;0.581569091
22469;0.581569091
22470;0.581569091
22471;0.581569091
22472;0.508929109
22473;0.508929109
22474;0.508929109
22475;0.508929109
22476;0.447328263
22477;0.447328263
22478;0.447328263
22479;0.447328263
22480;0.440100385
22481;0.440100385
22482;0.440100385
22483;0.440100385
22484;0.547373465
22485;0.547373465
22486;0.547373465
22487;0.547373465
22488;0.833737253
22489;0.833737253
22490;0.833737253
22491;0.833737253
22492;1.61216188
22493;1.61216188
22494;1.61216188
22495;1.61216188
22496;3.07784658
22497;3.07784658
22498;3.07784658
22499;3.07784658
22500;4.30602674
22501;4.30602674
22502;4.30602674
22503;4.30602674
22504;4.92372607
22505;4.92372607
22506;4.92372607
22507;4.92372607
22508;3.98413212
22509;3.98413212
22510;3.98413212
22511;3.98413212
22512;3.50287661
22513;3.50287661
22514;3.50287661
22515;3.50287661
22516;2.58902049
22517;2.58902049
22518;2.58902049
22519;2.58902049
22520;2.27672342
22521;2.27672342
22522;2.27672342
22523;2.27672342
22524;1.96779429
22525;1.96779429
22526;1.96779429
22527;1.96779429
22528;2.27278474
22529;2.27278474
22530;2.27278474
22531;2.27278474
22532;2.91226201
22533;2.91226201
22534;2.91226201
22535;2.91226201
22536;4.14894457
22537;4.14894457
22538;4.14894457
22539;4.14894457
22540;4.66089914
22541;4.66089914
22542;4.66089914
22543;4.66089914
22544;4.39341388
22545;4.39341388
22546;4.39341388
22547;4.39341388
22548;3.34137162
22549;3.34137162
22550;3.34137162
22551;3.34137162
22552;3.67322957
22553;3.67322957
22554;3.67322957
22555;3.67322957
22556;2.52459581
22557;2.52459581
22558;2.52459581
22559;2.52459581
22560;0.819478122
22561;0.819478122
22562;0.819478122
22563;0.819478122
22564;0.462994868
22565;0.462994868
22566;0.462994868
22567;0.462994868
22568;0.453719384
22569;0.453719384
22570;0.453719384
22571;0.453719384
22572;0.444061112
22573;0.444061112
22574;0.444061112
22575;0.444061112
22576;0.543626377
22577;0.543626377
22578;0.543626377
22579;0.543626377
22580;0.887590919
22581;0.887590919
22582;0.887590919
22583;0.887590919
22584;2.35248684
22585;2.35248684
22586;2.35248684
22587;2.35248684
22588;4.18300692
22589;4.18300692
22590;4.18300692
22591;4.18300692
22592;4.09604588
22593;4.09604588
22594;4.09604588
22595;4.09604588
22596;3.60329754
22597;3.60329754
22598;3.60329754
22599;3.60329754
22600;2.00478192
22601;2.00478192
22602;2.00478192
22603;2.00478192
22604;1.65114873
22605;1.65114873
22606;1.65114873
22607;1.65114873
22608;2.20856719
22609;2.20856719
22610;2.20856719
22611;2.20856719
22612;1.63455202
22613;1.63455202
22614;1.63455202
22615;1.63455202
22616;1.43973469
22617;1.43973469
22618;1.43973469
22619;1.43973469
22620;1.38904383
22621;1.38904383
22622;1.38904383
22623;1.38904383
22624;1.5166635
22625;1.5166635
22626;1.5166635
22627;1.5166635
22628;2.31133084
22629;2.31133084
22630;2.31133084
22631;2.31133084
22632;4.15843251
22633;4.15843251
22634;4.15843251
22635;4.15843251
22636;4.62163917
22637;4.62163917
22638;4.62163917
22639;4.62163917
22640;4.161725
22641;4.161725
22642;4.161725
22643;4.161725
22644;3.31392066
22645;3.31392066
22646;3.31392066
22647;3.31392066
22648;3.00358498
22649;3.00358498
22650;3.00358498
22651;3.00358498
22652;3.1073937
22653;3.1073937
22654;3.1073937
22655;3.1073937
22656;1.54362968
22657;1.54362968
22658;1.54362968
22659;1.54362968
22660;0.542211491
22661;0.542211491
22662;0.542211491
22663;0.542211491
22664;0.536315556
22665;0.536315556
22666;0.536315556
22667;0.536315556
22668;0.533151486
22669;0.533151486
22670;0.533151486
22671;0.533151486
22672;0.642296117
22673;0.642296117
22674;0.642296117
22675;0.642296117
22676;0.985030652
22677;0.985030652
22678;0.985030652
22679;0.985030652
22680;2.62815345
22681;2.62815345
22682;2.62815345
22683;2.62815345
22684;5.02811645
22685;5.02811645
22686;5.02811645
22687;5.02811645
22688;4.8422156
22689;4.8422156
22690;4.8422156
22691;4.8422156
22692;3.21344806
22693;3.21344806
22694;3.21344806
22695;3.21344806
22696;2.23396426
22697;2.23396426
22698;2.23396426
22699;2.23396426
22700;1.68645299
22701;1.68645299
22702;1.68645299
22703;1.68645299
22704;2.24471213
22705;2.24471213
22706;2.24471213
22707;2.24471213
22708;2.11934115
22709;2.11934115
22710;2.11934115
22711;2.11934115
22712;1.92666649
22713;1.92666649
22714;1.92666649
22715;1.92666649
22716;1.70396182
22717;1.70396182
22718;1.70396182
22719;1.70396182
22720;1.85700116
22721;1.85700116
22722;1.85700116
22723;1.85700116
22724;2.6435287
22725;2.6435287
22726;2.6435287
22727;2.6435287
22728;4.73225042
22729;4.73225042
22730;4.73225042
22731;4.73225042
22732;4.50249041
22733;4.50249041
22734;4.50249041
22735;4.50249041
22736;4.03424634
22737;4.03424634
22738;4.03424634
22739;4.03424634
22740;3.49230973
22741;3.49230973
22742;3.49230973
22743;3.49230973
22744;3.00852495
22745;3.00852495
22746;3.00852495
22747;3.00852495
22748;3.77887006
22749;3.77887006
22750;3.77887006
22751;3.77887006
22752;1.67302137
22753;1.67302137
22754;1.67302137
22755;1.67302137
22756;0.652210638
22757;0.652210638
22758;0.652210638
22759;0.652210638
22760;0.46113309
22761;0.46113309
22762;0.46113309
22763;0.46113309
22764;0.44050465
22765;0.44050465
22766;0.44050465
22767;0.44050465
22768;0.5456557
22769;0.5456557
22770;0.5456557
22771;0.5456557
22772;0.873044272
22773;0.873044272
22774;0.873044272
22775;0.873044272
22776;2.25246778
22777;2.25246778
22778;2.25246778
22779;2.25246778
22780;4.1117161
22781;4.1117161
22782;4.1117161
22783;4.1117161
22784;3.73636673
22785;3.73636673
22786;3.73636673
22787;3.73636673
22788;2.83762238
22789;2.83762238
22790;2.83762238
22791;2.83762238
22792;2.09794776
22793;2.09794776
22794;2.09794776
22795;2.09794776
22796;1.51162049
22797;1.51162049
22798;1.51162049
22799;1.51162049
22800;1.93346941
22801;1.93346941
22802;1.93346941
22803;1.93346941
22804;2.17428382
22805;2.17428382
22806;2.17428382
22807;2.17428382
22808;3.0519559
22809;3.0519559
22810;3.0519559
22811;3.0519559
22812;2.21292129
22813;2.21292129
22814;2.21292129
22815;2.21292129
22816;3.00695114
22817;3.00695114
22818;3.00695114
22819;3.00695114
22820;2.73168877
22821;2.73168877
22822;2.73168877
22823;2.73168877
22824;3.26394771
22825;3.26394771
22826;3.26394771
22827;3.26394771
22828;4.11359643
22829;4.11359643
22830;4.11359643
22831;4.11359643
22832;4.86586293
22833;4.86586293
22834;4.86586293
22835;4.86586293
22836;3.21043317
22837;3.21043317
22838;3.21043317
22839;3.21043317
22840;4.36774745
22841;4.36774745
22842;4.36774745
22843;4.36774745
22844;3.10015332
22845;3.10015332
22846;3.10015332
22847;3.10015332
22848;1.26078087
22849;1.26078087
22850;1.26078087
22851;1.26078087
22852;0.429388838
22853;0.429388838
22854;0.429388838
22855;0.429388838
22856;0.381193985
22857;0.381193985
22858;0.381193985
22859;0.381193985
22860;0.392333983
22861;0.392333983
22862;0.392333983
22863;0.392333983
22864;0.493233965
22865;0.493233965
22866;0.493233965
22867;0.493233965
22868;0.824922842
22869;0.824922842
22870;0.824922842
22871;0.824922842
22872;2.40958256
22873;2.40958256
22874;2.40958256
22875;2.40958256
22876;4.04647403
22877;4.04647403
22878;4.04647403
22879;4.04647403
22880;3.64644437
22881;3.64644437
22882;3.64644437
22883;3.64644437
22884;2.93908636
22885;2.93908636
22886;2.93908636
22887;2.93908636
22888;2.88317879
22889;2.88317879
22890;2.88317879
22891;2.88317879
22892;2.41035958
22893;2.41035958
22894;2.41035958
22895;2.41035958
22896;2.13540811
22897;2.13540811
22898;2.13540811
22899;2.13540811
22900;1.47559072
22901;1.47559072
22902;1.47559072
22903;1.47559072
22904;1.51292048
22905;1.51292048
22906;1.51292048
22907;1.51292048
22908;1.40794222
22909;1.40794222
22910;1.40794222
22911;1.40794222
22912;1.43278204
22913;1.43278204
22914;1.43278204
22915;1.43278204
22916;2.52151553
22917;2.52151553
22918;2.52151553
22919;2.52151553
22920;4.36605906
22921;4.36605906
22922;4.36605906
22923;4.36605906
22924;4.05083173
22925;4.05083173
22926;4.05083173
22927;4.05083173
22928;4.82788821
22929;4.82788821
22930;4.82788821
22931;4.82788821
22932;3.48237551
22933;3.48237551
22934;3.48237551
22935;3.48237551
22936;4.16487634
22937;4.16487634
22938;4.16487634
22939;4.16487634
22940;4.18536987
22941;4.18536987
22942;4.18536987
22943;4.18536987
22944;2.39382256
22945;2.39382256
22946;2.39382256
22947;2.39382256
22948;0.665791735
22949;0.665791735
22950;0.665791735
22951;0.665791735
22952;0.626068106
22953;0.626068106
22954;0.626068106
22955;0.626068106
22956;0.631807765
22957;0.631807765
22958;0.631807765
22959;0.631807765
22960;0.730901846
22961;0.730901846
22962;0.730901846
22963;0.730901846
22964;1.11600333
22965;1.11600333
22966;1.11600333
22967;1.11600333
22968;3.11058343
22969;3.11058343
22970;3.11058343
22971;3.11058343
22972;4.98520218
22973;4.98520218
22974;4.98520218
22975;4.98520218
22976;4.91450125
22977;4.91450125
22978;4.91450125
22979;4.91450125
22980;3.52174965
22981;3.52174965
22982;3.52174965
22983;3.52174965
22984;2.56679267
22985;2.56679267
22986;2.56679267
22987;2.56679267
22988;2.47584785
22989;2.47584785
22990;2.47584785
22991;2.47584785
22992;3.58387459
22993;3.58387459
22994;3.58387459
22995;3.58387459
22996;1.97901665
22997;1.97901665
22998;1.97901665
22999;1.97901665
23000;1.87662047
23001;1.87662047
23002;1.87662047
23003;1.87662047
23004;2.70616351
23005;2.70616351
23006;2.70616351
23007;2.70616351
23008;2.01987666
23009;2.01987666
23010;2.01987666
23011;2.01987666
23012;2.85944668
23013;2.85944668
23014;2.85944668
23015;2.85944668
23016;3.92129522
23017;3.92129522
23018;3.92129522
23019;3.92129522
23020;4.82181668
23021;4.82181668
23022;4.82181668
23023;4.82181668
23024;4.6403517
23025;4.6403517
23026;4.6403517
23027;4.6403517
23028;4.05738251
23029;4.05738251
23030;4.05738251
23031;4.05738251
23032;3.73283355
23033;3.73283355
23034;3.73283355
23035;3.73283355
23036;3.21161658
23037;3.21161658
23038;3.21161658
23039;3.21161658
23040;2.67110407
23041;2.67110407
23042;2.67110407
23043;2.67110407
23044;1.19510976
23045;1.19510976
23046;1.19510976
23047;1.19510976
23048;1.08855386
23049;1.08855386
23050;1.08855386
23051;1.08855386
23052;0.988469724
23053;0.988469724
23054;0.988469724
23055;0.988469724
23056;0.94706887
23057;0.94706887
23058;0.94706887
23059;0.94706887
23060;1.1963801
23061;1.1963801
23062;1.1963801
23063;1.1963801
23064;2.29719286
23065;2.29719286
23066;2.29719286
23067;2.29719286
23068;3.41734086
23069;3.41734086
23070;3.41734086
23071;3.41734086
23072;5.00221447
23073;5.00221447
23074;5.00221447
23075;5.00221447
23076;6.01375821
23077;6.01375821
23078;6.01375821
23079;6.01375821
23080;5.64885852
23081;5.64885852
23082;5.64885852
23083;5.64885852
23084;4.69821311
23085;4.69821311
23086;4.69821311
23087;4.69821311
23088;4.65311674
23089;4.65311674
23090;4.65311674
23091;4.65311674
23092;4.37706711
23093;4.37706711
23094;4.37706711
23095;4.37706711
23096;3.90326691
23097;3.90326691
23098;3.90326691
23099;3.90326691
23100;2.74051019
23101;2.74051019
23102;2.74051019
23103;2.74051019
23104;2.96137994
23105;2.96137994
23106;2.96137994
23107;2.96137994
23108;4.25529611
23109;4.25529611
23110;4.25529611
23111;4.25529611
23112;5.59590125
23113;5.59590125
23114;5.59590125
23115;5.59590125
23116;6.00378529
23117;6.00378529
23118;6.00378529
23119;6.00378529
23120;6.11573757
23121;6.11573757
23122;6.11573757
23123;6.11573757
23124;6.01021928
23125;6.01021928
23126;6.01021928
23127;6.01021928
23128;5.33167077
23129;5.33167077
23130;5.33167077
23131;5.33167077
23132;4.16997238
23133;4.16997238
23134;4.16997238
23135;4.16997238
23136;1.78445577
23137;1.78445577
23138;1.78445577
23139;1.78445577
23140;1.46521208
23141;1.46521208
23142;1.46521208
23143;1.46521208
23144;1.39921592
23145;1.39921592
23146;1.39921592
23147;1.39921592
23148;1.35258783
23149;1.35258783
23150;1.35258783
23151;1.35258783
23152;1.38107015
23153;1.38107015
23154;1.38107015
23155;1.38107015
23156;1.68518917
23157;1.68518917
23158;1.68518917
23159;1.68518917
23160;3.45105103
23161;3.45105103
23162;3.45105103
23163;3.45105103
23164;5.07703079
23165;5.07703079
23166;5.07703079
23167;5.07703079
23168;6.79705235
23169;6.79705235
23170;6.79705235
23171;6.79705235
23172;7.67250685
23173;7.67250685
23174;7.67250685
23175;7.67250685
23176;7.7804576
23177;7.7804576
23178;7.7804576
23179;7.7804576
23180;6.80232219
23181;6.80232219
23182;6.80232219
23183;6.80232219
23184;6.67065049
23185;6.67065049
23186;6.67065049
23187;6.67065049
23188;5.97962791
23189;5.97962791
23190;5.97962791
23191;5.97962791
23192;4.30221074
23193;4.30221074
23194;4.30221074
23195;4.30221074
23196;3.88776647
23197;3.88776647
23198;3.88776647
23199;3.88776647
23200;4.11691171
23201;4.11691171
23202;4.11691171
23203;4.11691171
23204;5.19076582
23205;5.19076582
23206;5.19076582
23207;5.19076582
23208;7.34619867
23209;7.34619867
23210;7.34619867
23211;7.34619867
23212;7.58259939
23213;7.58259939
23214;7.58259939
23215;7.58259939
23216;7.35354448
23217;7.35354448
23218;7.35354448
23219;7.35354448
23220;6.57636698
23221;6.57636698
23222;6.57636698
23223;6.57636698
23224;7.11928505
23225;7.11928505
23226;7.11928505
23227;7.11928505
23228;4.9906321
23229;4.9906321
23230;4.9906321
23231;4.9906321
23232;1.43968791
23233;1.43968791
23234;1.43968791
23235;1.43968791
23236;0.987383269
23237;0.987383269
23238;0.987383269
23239;0.987383269
23240;0.977210513
23241;0.977210513
23242;0.977210513
23243;0.977210513
23244;0.971832942
23245;0.971832942
23246;0.971832942
23247;0.971832942
23248;1.06638017
23249;1.06638017
23250;1.06638017
23251;1.06638017
23252;1.5136463
23253;1.5136463
23254;1.5136463
23255;1.5136463
23256;3.78666016
23257;3.78666016
23258;3.78666016
23259;3.78666016
23260;6.21411538
23261;6.21411538
23262;6.21411538
23263;6.21411538
23264;6.37100889
23265;6.37100889
23266;6.37100889
23267;6.37100889
23268;5.73298985
23269;5.73298985
23270;5.73298985
23271;5.73298985
23272;3.70818758
23273;3.70818758
23274;3.70818758
23275;3.70818758
23276;3.04376523
23277;3.04376523
23278;3.04376523
23279;3.04376523
23280;3.37918287
23281;3.37918287
23282;3.37918287
23283;3.37918287
23284;2.67711846
23285;2.67711846
23286;2.67711846
23287;2.67711846
23288;2.34980058
23289;2.34980058
23290;2.34980058
23291;2.34980058
23292;2.23671668
23293;2.23671668
23294;2.23671668
23295;2.23671668
23296;2.38128532
23297;2.38128532
23298;2.38128532
23299;2.38128532
23300;3.32348311
23301;3.32348311
23302;3.32348311
23303;3.32348311
23304;5.97618095
23305;5.97618095
23306;5.97618095
23307;5.97618095
23308;6.61128822
23309;6.61128822
23310;6.61128822
23311;6.61128822
23312;6.03836165
23313;6.03836165
23314;6.03836165
23315;6.03836165
23316;5.08378326
23317;5.08378326
23318;5.08378326
23319;5.08378326
23320;4.16070813
23321;4.16070813
23322;4.16070813
23323;4.16070813
23324;3.5828471
23325;3.5828471
23326;3.5828471
23327;3.5828471
23328;1.5020592
23329;1.5020592
23330;1.5020592
23331;1.5020592
23332;0.457888734
23333;0.457888734
23334;0.457888734
23335;0.457888734
23336;0.446969618
23337;0.446969618
23338;0.446969618
23339;0.446969618
23340;0.439916867
23341;0.439916867
23342;0.439916867
23343;0.439916867
23344;0.553729371
23345;0.553729371
23346;0.553729371
23347;0.553729371
23348;0.89004003
23349;0.89004003
23350;0.89004003
23351;0.89004003
23352;2.43526601
23353;2.43526601
23354;2.43526601
23355;2.43526601
23356;4.77633997
23357;4.77633997
23358;4.77633997
23359;4.77633997
23360;4.54257796
23361;4.54257796
23362;4.54257796
23363;4.54257796
23364;2.98042584
23365;2.98042584
23366;2.98042584
23367;2.98042584
23368;2.00926692
23369;2.00926692
23370;2.00926692
23371;2.00926692
23372;1.47679437
23373;1.47679437
23374;1.47679437
23375;1.47679437
23376;2.1336851
23377;2.1336851
23378;2.1336851
23379;2.1336851
23380;2.02534467
23381;2.02534467
23382;2.02534467
23383;2.02534467
23384;1.85282964
23385;1.85282964
23386;1.85282964
23387;1.85282964
23388;1.62378439
23389;1.62378439
23390;1.62378439
23391;1.62378439
23392;1.78120703
23393;1.78120703
23394;1.78120703
23395;1.78120703
23396;2.59233205
23397;2.59233205
23398;2.59233205
23399;2.59233205
23400;4.73712455
23401;4.73712455
23402;4.73712455
23403;4.73712455
23404;4.44072424
23405;4.44072424
23406;4.44072424
23407;4.44072424
23408;3.92428436
23409;3.92428436
23410;3.92428436
23411;3.92428436
23412;3.29254039
23413;3.29254039
23414;3.29254039
23415;3.29254039
23416;2.9199918
23417;2.9199918
23418;2.9199918
23419;2.9199918
23420;3.93020972
23421;3.93020972
23422;3.93020972
23423;3.93020972
23424;1.77384873
23425;1.77384873
23426;1.77384873
23427;1.77384873
23428;0.695081734
23429;0.695081734
23430;0.695081734
23431;0.695081734
23432;0.489895211
23433;0.489895211
23434;0.489895211
23435;0.489895211
23436;0.467904511
23437;0.467904511
23438;0.467904511
23439;0.467904511
23440;0.582164986
23441;0.582164986
23442;0.582164986
23443;0.582164986
23444;0.93306944
23445;0.93306944
23446;0.93306944
23447;0.93306944
23448;2.41395958
23449;2.41395958
23450;2.41395958
23451;2.41395958
23452;4.42648731
23453;4.42648731
23454;4.42648731
23455;4.42648731
23456;4.04980878
23457;4.04980878
23458;4.04980878
23459;4.04980878
23460;3.0960882
23461;3.0960882
23462;3.0960882
23463;3.0960882
23464;2.27099393
23465;2.27099393
23466;2.27099393
23467;2.27099393
23468;1.61996598
23469;1.61996598
23470;1.61996598
23471;1.61996598
23472;2.07640146
23473;2.07640146
23474;2.07640146
23475;2.07640146
23476;2.33831653
23477;2.33831653
23478;2.33831653
23479;2.33831653
23480;3.29270921
23481;3.29270921
23482;3.29270921
23483;3.29270921
23484;2.38308061
23485;2.38308061
23486;2.38308061
23487;2.38308061
23488;3.24192905
23489;3.24192905
23490;3.24192905
23491;3.24192905
23492;2.93644705
23493;2.93644705
23494;2.93644705
23495;2.93644705
23496;3.50478828
23497;3.50478828
23498;3.50478828
23499;3.50478828
23500;4.42101558
23501;4.42101558
23502;4.42101558
23503;4.42101558
23504;5.23878976
23505;5.23878976
23506;5.23878976
23507;5.23878976
23508;3.45664083
23509;3.45664083
23510;3.45664083
23511;3.45664083
23512;4.72673389
23513;4.72673389
23514;4.72673389
23515;4.72673389
23516;3.36023495
23517;3.36023495
23518;3.36023495
23519;3.36023495
23520;1.39963505
23521;1.39963505
23522;1.39963505
23523;1.39963505
23524;0.480966569
23525;0.480966569
23526;0.480966569
23527;0.480966569
23528;0.428027404
23529;0.428027404
23530;0.428027404
23531;0.428027404
23532;0.44037105
23533;0.44037105
23534;0.44037105
23535;0.44037105
23536;0.548715142
23537;0.548715142
23538;0.548715142
23539;0.548715142
23540;0.91043785
23541;0.91043785
23542;0.91043785
23543;0.91043785
23544;2.65125526
23545;2.65125526
23546;2.65125526
23547;2.65125526
23548;4.46249708
23549;4.46249708
23550;4.46249708
23551;4.46249708
23552;4.0575324
23553;4.0575324
23554;4.0575324
23555;4.0575324
23556;3.26087597
23557;3.26087597
23558;3.26087597
23559;3.26087597
23560;3.17766348
23561;3.17766348
23562;3.17766348
23563;3.17766348
23564;2.64543227
23565;2.64543227
23566;2.64543227
23567;2.64543227
23568;2.34763604
23569;2.34763604
23570;2.34763604
23571;2.34763604
23572;1.62142929
23573;1.62142929
23574;1.62142929
23575;1.62142929
23576;1.65998128
23577;1.65998128
23578;1.65998128
23579;1.65998128
23580;1.54483305
23581;1.54483305
23582;1.54483305
23583;1.54483305
23584;1.57007343
23585;1.57007343
23586;1.57007343
23587;1.57007343
23588;2.75063657
23589;2.75063657
23590;2.75063657
23591;2.75063657
23592;4.76198737
23593;4.76198737
23594;4.76198737
23595;4.76198737
23596;4.43214299
23597;4.43214299
23598;4.43214299
23599;4.43214299
23600;5.29291226
23601;5.29291226
23602;5.29291226
23603;5.29291226
23604;3.81061342
23605;3.81061342
23606;3.81061342
23607;3.81061342
23608;4.53512707
23609;4.53512707
23610;4.53512707
23611;4.53512707
23612;4.53422794
23613;4.53422794
23614;4.53422794
23615;4.53422794
23616;2.52055705
23617;2.52055705
23618;2.52055705
23619;2.52055705
23620;0.654129841
23621;0.654129841
23622;0.654129841
23623;0.654129841
23624;0.605523853
23625;0.605523853
23626;0.605523853
23627;0.605523853
23628;0.609538684
23629;0.609538684
23630;0.609538684
23631;0.609538684
23632;0.711716313
23633;0.711716313
23634;0.711716313
23635;0.711716313
23636;1.10965284
23637;1.10965284
23638;1.10965284
23639;1.10965284
23640;3.1413274
23641;3.1413274
23642;3.1413274
23643;3.1413274
23644;5.06194109
23645;5.06194109
23646;5.06194109
23647;5.06194109
23648;4.88685362
23649;4.88685362
23650;4.88685362
23651;4.88685362
23652;3.39340652
23653;3.39340652
23654;3.39340652
23655;3.39340652
23656;2.43470184
23657;2.43470184
23658;2.43470184
23659;2.43470184
23660;2.40689708
23661;2.40689708
23662;2.40689708
23663;2.40689708
23664;3.65652957
23665;3.65652957
23666;3.65652957
23667;3.65652957
23668;1.95696354
23669;1.95696354
23670;1.95696354
23671;1.95696354
23672;1.87707598
23673;1.87707598
23674;1.87707598
23675;1.87707598
23676;2.77875773
23677;2.77875773
23678;2.77875773
23679;2.77875773
23680;2.05840859
23681;2.05840859
23682;2.05840859
23683;2.05840859
23684;2.95015182
23685;2.95015182
23686;2.95015182
23687;2.95015182
23688;4.05079903
23689;4.05079903
23690;4.05079903
23691;4.05079903
23692;5.01233157
23693;5.01233157
23694;5.01233157
23695;5.01233157
23696;4.88306934
23697;4.88306934
23698;4.88306934
23699;4.88306934
23700;4.16626512
23701;4.16626512
23702;4.16626512
23703;4.16626512
23704;3.8753189
23705;3.8753189
23706;3.8753189
23707;3.8753189
23708;3.40710934
23709;3.40710934
23710;3.40710934
23711;3.40710934
23712;2.84557125
23713;2.84557125
23714;2.84557125
23715;2.84557125
23716;1.25461942
23717;1.25461942
23718;1.25461942
23719;1.25461942
23720;1.13970554
23721;1.13970554
23722;1.13970554
23723;1.13970554
23724;1.02382178
23725;1.02382178
23726;1.02382178
23727;1.02382178
23728;0.981642606
23729;0.981642606
23730;0.981642606
23731;0.981642606
23732;1.24569898
23733;1.24569898
23734;1.24569898
23735;1.24569898
23736;2.37157817
23737;2.37157817
23738;2.37157817
23739;2.37157817
23740;3.53474031
23741;3.53474031
23742;3.53474031
23743;3.53474031
23744;5.2841929
23745;5.2841929
23746;5.2841929
23747;5.2841929
23748;6.37863763
23749;6.37863763
23750;6.37863763
23751;6.37863763
23752;6.03108634
23753;6.03108634
23754;6.03108634
23755;6.03108634
23756;5.06636613
23757;5.06636613
23758;5.06636613
23759;5.06636613
23760;5.00899974
23761;5.00899974
23762;5.00899974
23763;5.00899974
23764;4.70962811
23765;4.70962811
23766;4.70962811
23767;4.70962811
23768;4.18857401
23769;4.18857401
23770;4.18857401
23771;4.18857401
23772;2.91783055
23773;2.91783055
23774;2.91783055
23775;2.91783055
23776;3.12405026
23777;3.12405026
23778;3.12405026
23779;3.12405026
23780;4.51151329
23781;4.51151329
23782;4.51151329
23783;4.51151329
23784;5.8766066
23785;5.8766066
23786;5.8766066
23787;5.8766066
23788;6.28146272
23789;6.28146272
23790;6.28146272
23791;6.28146272
23792;6.38382323
23793;6.38382323
23794;6.38382323
23795;6.38382323
23796;6.30185399
23797;6.30185399
23798;6.30185399
23799;6.30185399
23800;5.62964112
23801;5.62964112
23802;5.62964112
23803;5.62964112
23804;4.45005325
23805;4.45005325
23806;4.45005325
23807;4.45005325
23808;1.36698764
23809;1.36698764
23810;1.36698764
23811;1.36698764
23812;1.00797146
23813;1.00797146
23814;1.00797146
23815;1.00797146
23816;0.932522948
23817;0.932522948
23818;0.932522948
23819;0.932522948
23820;0.870431894
23821;0.870431894
23822;0.870431894
23823;0.870431894
23824;0.88923158
23825;0.88923158
23826;0.88923158
23827;0.88923158
23828;1.07605016
23829;1.07605016
23830;1.07605016
23831;1.07605016
23832;2.03189023
23833;2.03189023
23834;2.03189023
23835;2.03189023
23836;3.45158593
23837;3.45158593
23838;3.45158593
23839;3.45158593
23840;5.04763858
23841;5.04763858
23842;5.04763858
23843;5.04763858
23844;6.21662366
23845;6.21662366
23846;6.21662366
23847;6.21662366
23848;6.67473438
23849;6.67473438
23850;6.67473438
23851;6.67473438
23852;5.44272261
23853;5.44272261
23854;5.44272261
23855;5.44272261
23856;4.74373491
23857;4.74373491
23858;4.74373491
23859;4.74373491
23860;3.70597879
23861;3.70597879
23862;3.70597879
23863;3.70597879
23864;3.33063884
23865;3.33063884
23866;3.33063884
23867;3.33063884
23868;2.96929924
23869;2.96929924
23870;2.96929924
23871;2.96929924
23872;3.29331407
23873;3.29331407
23874;3.29331407
23875;3.29331407
23876;4.03468822
23877;4.03468822
23878;4.03468822
23879;4.03468822
23880;5.59217011
23881;5.59217011
23882;5.59217011
23883;5.59217011
23884;6.17091379
23885;6.17091379
23886;6.17091379
23887;6.17091379
23888;5.91054804
23889;5.91054804
23890;5.91054804
23891;5.91054804
23892;4.79123334
23893;4.79123334
23894;4.79123334
23895;4.79123334
23896;4.9182514
23897;4.9182514
23898;4.9182514
23899;4.9182514
23900;3.22769731
23901;3.22769731
23902;3.22769731
23903;3.22769731
23904;1.15351561
23905;1.15351561
23906;1.15351561
23907;1.15351561
23908;0.687972147
23909;0.687972147
23910;0.687972147
23911;0.687972147
23912;0.68270084
23913;0.68270084
23914;0.68270084
23915;0.68270084
23916;0.680210258
23917;0.680210258
23918;0.680210258
23919;0.680210258
23920;0.803857771
23921;0.803857771
23922;0.803857771
23923;0.803857771
23924;1.22511592
23925;1.22511592
23926;1.22511592
23927;1.22511592
23928;3.18378504
23929;3.18378504
23930;3.18378504
23931;3.18378504
23932;5.68026017
23933;5.68026017
23934;5.68026017
23935;5.68026017
23936;5.70445074
23937;5.70445074
23938;5.70445074
23939;5.70445074
23940;4.65680267
23941;4.65680267
23942;4.65680267
23943;4.65680267
23944;2.66907793
23945;2.66907793
23946;2.66907793
23947;2.66907793
23948;2.18551388
23949;2.18551388
23950;2.18551388
23951;2.18551388
23952;2.71428585
23953;2.71428585
23954;2.71428585
23955;2.71428585
23956;2.08788305
23957;2.08788305
23958;2.08788305
23959;2.08788305
23960;1.88352687
23961;1.88352687
23962;1.88352687
23963;1.88352687
23964;1.82262922
23965;1.82262922
23966;1.82262922
23967;1.82262922
23968;1.95749187
23969;1.95749187
23970;1.95749187
23971;1.95749187
23972;2.8245806
23973;2.8245806
23974;2.8245806
23975;2.8245806
23976;4.89288986
23977;4.89288986
23978;4.89288986
23979;4.89288986
23980;5.36048748
23981;5.36048748
23982;5.36048748
23983;5.36048748
23984;4.81802878
23985;4.81802878
23986;4.81802878
23987;4.81802878
23988;3.96323687
23989;3.96323687
23990;3.96323687
23991;3.96323687
23992;3.57302987
23993;3.57302987
23994;3.57302987
23995;3.57302987
23996;3.53969645
23997;3.53969645
23998;3.53969645
23999;3.53969645
24000;1.70601804
24001;1.70601804
24002;1.70601804
24003;1.70601804
24004;0.593133526
24005;0.593133526
24006;0.593133526
24007;0.593133526
24008;0.591811586
24009;0.591811586
24010;0.591811586
24011;0.591811586
24012;0.591387689
24013;0.591387689
24014;0.591387689
24015;0.591387689
24016;0.717285975
24017;0.717285975
24018;0.717285975
24019;0.717285975
24020;1.09468574
24021;1.09468574
24022;1.09468574
24023;1.09468574
24024;2.91431991
24025;2.91431991
24026;2.91431991
24027;2.91431991
24028;5.65470901
24029;5.65470901
24030;5.65470901
24031;5.65470901
24032;5.50336226
24033;5.50336226
24034;5.50336226
24035;5.50336226
24036;3.52636273
24037;3.52636273
24038;3.52636273
24039;3.52636273
24040;2.39545115
24041;2.39545115
24042;2.39545115
24043;2.39545115
24044;1.77633555
24045;1.77633555
24046;1.77633555
24047;1.77633555
24048;2.40423901
24049;2.40423901
24050;2.40423901
24051;2.40423901
24052;2.3007298
24053;2.3007298
24054;2.3007298
24055;2.3007298
24056;2.12338355
24057;2.12338355
24058;2.12338355
24059;2.12338355
24060;1.8895071
24061;1.8895071
24062;1.8895071
24063;1.8895071
24064;2.04692973
24065;2.04692973
24066;2.04692973
24067;2.04692973
24068;2.87254838
24069;2.87254838
24070;2.87254838
24071;2.87254838
24072;5.08497783
24073;5.08497783
24074;5.08497783
24075;5.08497783
24076;4.78857752
24077;4.78857752
24078;4.78857752
24079;4.78857752
24080;4.24798159
24081;4.24798159
24082;4.24798159
24083;4.24798159
24084;3.63950402
24085;3.63950402
24086;3.63950402
24087;3.63950402
24088;3.20595886
24089;3.20595886
24090;3.20595886
24091;3.20595886
24092;4.08242228
24093;4.08242228
24094;4.08242228
24095;4.08242228
24096;1.9105245
24097;1.9105245
24098;1.9105245
24099;1.9105245
24100;0.791179594
24101;0.791179594
24102;0.791179594
24103;0.791179594
24104;0.587823548
24105;0.587823548
24106;0.587823548
24107;0.587823548
24108;0.567868465
24109;0.567868465
24110;0.567868465
24111;0.567868465
24112;0.690743233
24113;0.690743233
24114;0.690743233
24115;0.690743233
24116;1.0785311
24117;1.0785311
24118;1.0785311
24119;1.0785311
24120;2.76194381
24121;2.76194381
24122;2.76194381
24123;2.76194381
24124;5.07008676
24125;5.07008676
24126;5.07008676
24127;5.07008676
24128;4.76433128
24129;4.76433128
24130;4.76433128
24131;4.76433128
24132;3.50523908
24133;3.50523908
24134;3.50523908
24135;3.50523908
24136;2.55590643
24137;2.55590643
24138;2.55590643
24139;2.55590643
24140;1.85630843
24141;1.85630843
24142;1.85630843
24143;1.85630843
24144;2.27853295
24145;2.27853295
24146;2.27853295
24147;2.27853295
24148;2.54405744
24149;2.54405744
24150;2.54405744
24151;2.54405744
24152;3.49484071
24153;3.49484071
24154;3.49484071
24155;3.49484071
24156;2.5816027
24157;2.5816027
24158;2.5816027
24159;2.5816027
24160;3.44045113
24161;3.44045113
24162;3.44045113
24163;3.44045113
24164;3.14579736
24165;3.14579736
24166;3.14579736
24167;3.14579736
24168;3.76467033
24169;3.76467033
24170;3.76467033
24171;3.76467033
24172;4.68089763
24173;4.68089763
24174;4.68089763
24175;4.68089763
24176;5.47998056
24177;5.47998056
24178;5.47998056
24179;5.47998056
24180;3.74927216
24181;3.74927216
24182;3.74927216
24183;3.74927216
24184;4.93960396
24185;4.93960396
24186;4.93960396
24187;4.93960396
24188;3.4781631
24189;3.4781631
24190;3.4781631
24191;3.4781631
24192;1.4548319
24193;1.4548319
24194;1.4548319
24195;1.4548319
24196;0.512325859
24197;0.512325859
24198;0.512325859
24199;0.512325859
24200;0.459499254
24201;0.459499254
24202;0.459499254
24203;0.459499254
24204;0.471587633
24205;0.471587633
24206;0.471587633
24207;0.471587633
24208;0.584363289
24209;0.584363289
24210;0.584363289
24211;0.584363289
24212;0.961781636
24213;0.961781636
24214;0.961781636
24215;0.961781636
24216;2.80398564
24217;2.80398564
24218;2.80398564
24219;2.80398564
24220;4.80356823
24221;4.80356823
24222;4.80356823
24223;4.80356823
24224;4.43321576
24225;4.43321576
24226;4.43321576
24227;4.43321576
24228;3.4648699
24229;3.4648699
24230;3.4648699
24231;3.4648699
24232;3.31363881
24233;3.31363881
24234;3.31363881
24235;3.31363881
24236;2.74944287
24237;2.74944287
24238;2.74944287
24239;2.74944287
24240;2.42618788
24241;2.42618788
24242;2.42618788
24243;2.42618788
24244;1.713201
24245;1.713201
24246;1.713201
24247;1.713201
24248;1.75344239
24249;1.75344239
24250;1.75344239
24251;1.75344239
24252;1.63797218
24253;1.63797218
24254;1.63797218
24255;1.63797218
24256;1.66220686
24257;1.66220686
24258;1.66220686
24259;1.66220686
24260;2.84373595
24261;2.84373595
24262;2.84373595
24263;2.84373595
24264;4.86864578
24265;4.86864578
24266;4.86864578
24267;4.86864578
24268;4.52091811
24269;4.52091811
24270;4.52091811
24271;4.52091811
24272;5.34438443
24273;5.34438443
24274;5.34438443
24275;5.34438443
24276;3.86181467
24277;3.86181467
24278;3.86181467
24279;3.86181467
24280;4.59295932
24281;4.59295932
24282;4.59295932
24283;4.59295932
24284;4.56930896
24285;4.56930896
24286;4.56930896
24287;4.56930896
24288;2.50008464
24289;2.50008464
24290;2.50008464
24291;2.50008464
24292;0.634395222
24293;0.634395222
24294;0.634395222
24295;0.634395222
24296;0.585618687
24297;0.585618687
24298;0.585618687
24299;0.585618687
24300;0.590571495
24301;0.590571495
24302;0.590571495
24303;0.590571495
24304;0.694313102
24305;0.694313102
24306;0.694313102
24307;0.694313102
24308;1.08750218
24309;1.08750218
24310;1.08750218
24311;1.08750218
24312;3.08405891
24313;3.08405891
24314;3.08405891
24315;3.08405891
24316;4.97153105
24317;4.97153105
24318;4.97153105
24319;4.97153105
24320;4.8078494
24321;4.8078494
24322;4.8078494
24323;4.8078494
24324;3.30968991
24325;3.30968991
24326;3.30968991
24327;3.30968991
24328;2.38561146
24329;2.38561146
24330;2.38561146
24331;2.38561146
24332;2.36133514
24333;2.36133514
24334;2.36133514
24335;2.36133514
24336;3.61971871
24337;3.61971871
24338;3.61971871
24339;3.61971871
24340;1.90997012
24341;1.90997012
24342;1.90997012
24343;1.90997012
24344;1.82691212
24345;1.82691212
24346;1.82691212
24347;1.82691212
24348;2.74429797
24349;2.74429797
24350;2.74429797
24351;2.74429797
24352;1.99261767
24353;1.99261767
24354;1.99261767
24355;1.99261767
24356;2.85562264
24357;2.85562264
24358;2.85562264
24359;2.85562264
24360;3.89838942
24361;3.89838942
24362;3.89838942
24363;3.89838942
24364;4.81717568
24365;4.81717568
24366;4.81717568
24367;4.81717568
24368;4.62186684
24369;4.62186684
24370;4.62186684
24371;4.62186684
24372;3.89381418
24373;3.89381418
24374;3.89381418
24375;3.89381418
24376;3.64564446
24377;3.64564446
24378;3.64564446
24379;3.64564446
24380;3.25285864
24381;3.25285864
24382;3.25285864
24383;3.25285864
24384;2.44323101
24385;2.44323101
24386;2.44323101
24387;2.44323101
24388;0.912392225
24389;0.912392225
24390;0.912392225
24391;0.912392225
24392;0.78802302
24393;0.78802302
24394;0.78802302
24395;0.78802302
24396;0.672131162
24397;0.672131162
24398;0.672131162
24399;0.672131162
24400;0.633965496
24401;0.633965496
24402;0.633965496
24403;0.633965496
24404;0.822591498
24405;0.822591498
24406;0.822591498
24407;0.822591498
24408;1.41340882
24409;1.41340882
24410;1.41340882
24411;1.41340882
24412;2.31501187
24413;2.31501187
24414;2.31501187
24415;2.31501187
24416;3.96865438
24417;3.96865438
24418;3.96865438
24419;3.96865438
24420;5.15477022
24421;5.15477022
24422;5.15477022
24423;5.15477022
24424;4.92325995
24425;4.92325995
24426;4.92325995
24427;4.92325995
24428;4.06263314
24429;4.06263314
24430;4.06263314
24431;4.06263314
24432;4.20710831
24433;4.20710831
24434;4.20710831
24435;4.20710831
24436;4.00985417
24437;4.00985417
24438;4.00985417
24439;4.00985417
24440;3.6143271
24441;3.6143271
24442;3.6143271
24443;3.6143271
24444;2.39009796
24445;2.39009796
24446;2.39009796
24447;2.39009796
24448;2.60102878
24449;2.60102878
24450;2.60102878
24451;2.60102878
24452;3.8481174
24453;3.8481174
24454;3.8481174
24455;3.8481174
24456;4.81924062
24457;4.81924062
24458;4.81924062
24459;4.81924062
24460;5.03881396
24461;5.03881396
24462;5.03881396
24463;5.03881396
24464;5.1577358
24465;5.1577358
24466;5.1577358
24467;5.1577358
24468;5.02062722
24469;5.02062722
24470;5.02062722
24471;5.02062722
24472;4.77663722
24473;4.77663722
24474;4.77663722
24475;4.77663722
24476;4.09317094
24477;4.09317094
24478;4.09317094
24479;4.09317094
24480;1.31917189
24481;1.31917189
24482;1.31917189
24483;1.31917189
24484;0.969972354
24485;0.969972354
24486;0.969972354
24487;0.969972354
24488;0.897319825
24489;0.897319825
24490;0.897319825
24491;0.897319825
24492;0.833985014
24493;0.833985014
24494;0.833985014
24495;0.833985014
24496;0.869968215
24497;0.869968215
24498;0.869968215
24499;0.869968215
24500;1.05742646
24501;1.05742646
24502;1.05742646
24503;1.05742646
24504;2.00260633
24505;2.00260633
24506;2.00260633
24507;2.00260633
24508;3.40766458
24509;3.40766458
24510;3.40766458
24511;3.40766458
24512;5.03784795
24513;5.03784795
24514;5.03784795
24515;5.03784795
24516;6.21852378
24517;6.21852378
24518;6.21852378
24519;6.21852378
24520;6.64794178
24521;6.64794178
24522;6.64794178
24523;6.64794178
24524;5.38576185
24525;5.38576185
24526;5.38576185
24527;5.38576185
24528;4.68351193
24529;4.68351193
24530;4.68351193
24531;4.68351193
24532;3.6817133
24533;3.6817133
24534;3.6817133
24535;3.6817133
24536;3.3187125
24537;3.3187125
24538;3.3187125
24539;3.3187125
24540;2.96156085
24541;2.96156085
24542;2.96156085
24543;2.96156085
24544;3.28741996
24545;3.28741996
24546;3.28741996
24547;3.28741996
24548;4.03567479
24549;4.03567479
24550;4.03567479
24551;4.03567479
24552;5.63036014
24553;5.63036014
24554;5.63036014
24555;5.63036014
24556;6.25719964
24557;6.25719964
24558;6.25719964
24559;6.25719964
24560;5.95410519
24561;5.95410519
24562;5.95410519
24563;5.95410519
24564;4.85706277
24565;4.85706277
24566;4.85706277
24567;4.85706277
24568;4.9378155
24569;4.9378155
24570;4.9378155
24571;4.9378155
24572;3.26078704
24573;3.26078704
24574;3.26078704
24575;3.26078704
24576;1.89047526
24577;1.89047526
24578;1.89047526
24579;1.89047526
24580;1.40057815
24581;1.40057815
24582;1.40057815
24583;1.40057815
24584;1.39161617
24585;1.39161617
24586;1.39161617
24587;1.39161617
24588;1.38776845
24589;1.38776845
24590;1.38776845
24591;1.38776845
24592;1.50987924
24593;1.50987924
24594;1.50987924
24595;1.50987924
24596;2.04838528
24597;2.04838528
24598;2.04838528
24599;2.04838528
24600;5.05206455
24601;5.05206455
24602;5.05206455
24603;5.05206455
24604;7.93172518
24605;7.93172518
24606;7.93172518
24607;7.93172518
24608;7.26877999
24609;7.26877999
24610;7.26877999
24611;7.26877999
24612;7.16576747
24613;7.16576747
24614;7.16576747
24615;7.16576747
24616;5.67827732
24617;5.67827732
24618;5.67827732
24619;5.67827732
24620;5.04393321
24621;5.04393321
24622;5.04393321
24623;5.04393321
24624;4.50988912
24625;4.50988912
24626;4.50988912
24627;4.50988912
24628;3.71023587
24629;3.71023587
24630;3.71023587
24631;3.71023587
24632;3.29720528
24633;3.29720528
24634;3.29720528
24635;3.29720528
24636;3.12566584
24637;3.12566584
24638;3.12566584
24639;3.12566584
24640;3.32405451
24641;3.32405451
24642;3.32405451
24643;3.32405451
24644;4.42197057
24645;4.42197057
24646;4.42197057
24647;4.42197057
24648;7.33039677
24649;7.33039677
24650;7.33039677
24651;7.33039677
24652;7.69165847
24653;7.69165847
24654;7.69165847
24655;7.69165847
24656;7.21413381
24657;7.21413381
24658;7.21413381
24659;7.21413381
24660;6.63292723
24661;6.63292723
24662;6.63292723
24663;6.63292723
24664;6.73453807
24665;6.73453807
24666;6.73453807
24667;6.73453807
24668;5.15117774
24669;5.15117774
24670;5.15117774
24671;5.15117774
24672;2.39389129
24673;2.39389129
24674;2.39389129
24675;2.39389129
24676;1.21907021
24677;1.21907021
24678;1.21907021
24679;1.21907021
24680;1.22544609
24681;1.22544609
24682;1.22544609
24683;1.22544609
24684;1.21975764
24685;1.21975764
24686;1.21975764
24687;1.21975764
24688;1.34309141
24689;1.34309141
24690;1.34309141
24691;1.34309141
24692;1.82532775
24693;1.82532775
24694;1.82532775
24695;1.82532775
24696;4.58036927
24697;4.58036927
24698;4.58036927
24699;4.58036927
24700;7.72705168
24701;7.72705168
24702;7.72705168
24703;7.72705168
24704;7.63533652
24705;7.63533652
24706;7.63533652
24707;7.63533652
24708;6.02606119
24709;6.02606119
24710;6.02606119
24711;6.02606119
24712;4.34773861
24713;4.34773861
24714;4.34773861
24715;4.34773861
24716;3.40213994
24717;3.40213994
24718;3.40213994
24719;3.40213994
24720;3.7588541
24721;3.7588541
24722;3.7588541
24723;3.7588541
24724;3.46764912
24725;3.46764912
24726;3.46764912
24727;3.46764912
24728;3.10630067
24729;3.10630067
24730;3.10630067
24731;3.10630067
24732;2.75696622
24733;2.75696622
24734;2.75696622
24735;2.75696622
24736;2.94228577
24737;2.94228577
24738;2.94228577
24739;2.94228577
24740;3.95069884
24741;3.95069884
24742;3.95069884
24743;3.95069884
24744;6.71164445
24745;6.71164445
24746;6.71164445
24747;6.71164445
24748;6.65490317
24749;6.65490317
24750;6.65490317
24751;6.65490317
24752;6.20316597
24753;6.20316597
24754;6.20316597
24755;6.20316597
24756;5.61382887
24757;5.61382887
24758;5.61382887
24759;5.61382887
24760;4.55171884
24761;4.55171884
24762;4.55171884
24763;4.55171884
24764;4.68609263
24765;4.68609263
24766;4.68609263
24767;4.68609263
24768;2.10350731
24769;2.10350731
24770;2.10350731
24771;2.10350731
24772;0.939527183
24773;0.939527183
24774;0.939527183
24775;0.939527183
24776;0.741556433
24777;0.741556433
24778;0.741556433
24779;0.741556433
24780;0.726539596
24781;0.726539596
24782;0.726539596
24783;0.726539596
24784;0.8396217
24785;0.8396217
24786;0.8396217
24787;0.8396217
24788;1.23952277
24789;1.23952277
24790;1.23952277
24791;1.23952277
24792;3.06292182
24793;3.06292182
24794;3.06292182
24795;3.06292182
24796;5.3099022
24797;5.3099022
24798;5.3099022
24799;5.3099022
24800;5.03382179
24801;5.03382179
24802;5.03382179
24803;5.03382179
24804;3.91011931
24805;3.91011931
24806;3.91011931
24807;3.91011931
24808;2.94789936
24809;2.94789936
24810;2.94789936
24811;2.94789936
24812;2.18559728
24813;2.18559728
24814;2.18559728
24815;2.18559728
24816;2.56325633
24817;2.56325633
24818;2.56325633
24819;2.56325633
24820;2.75262004
24821;2.75262004
24822;2.75262004
24823;2.75262004
24824;3.66659287
24825;3.66659287
24826;3.66659287
24827;3.66659287
24828;2.73675434
24829;2.73675434
24830;2.73675434
24831;2.73675434
24832;3.60570774
24833;3.60570774
24834;3.60570774
24835;3.60570774
24836;3.36085552
24837;3.36085552
24838;3.36085552
24839;3.36085552
24840;4.12119107
24841;4.12119107
24842;4.12119107
24843;4.12119107
24844;5.10909319
24845;5.10909319
24846;5.10909319
24847;5.10909319
24848;5.95575036
24849;5.95575036
24850;5.95575036
24851;5.95575036
24852;4.18412445
24853;4.18412445
24854;4.18412445
24855;4.18412445
24856;5.21534965
24857;5.21534965
24858;5.21534965
24859;5.21534965
24860;3.56619632
24861;3.56619632
24862;3.56619632
24863;3.56619632
24864;1.66998948
24865;1.66998948
24866;1.66998948
24867;1.66998948
24868;0.750076409
24869;0.750076409
24870;0.750076409
24871;0.750076409
24872;0.701068047
24873;0.701068047
24874;0.701068047
24875;0.701068047
24876;0.716172516
24877;0.716172516
24878;0.716172516
24879;0.716172516
24880;0.824629205
24881;0.824629205
24882;0.824629205
24883;0.824629205
24884;1.23718602
24885;1.23718602
24886;1.23718602
24887;1.23718602
24888;3.40373051
24889;3.40373051
24890;3.40373051
24891;3.40373051
24892;5.468799
24893;5.468799
24894;5.468799
24895;5.468799
24896;5.15133994
24897;5.15133994
24898;5.15133994
24899;5.15133994
24900;4.34305465
24901;4.34305465
24902;4.34305465
24903;4.34305465
24904;4.13441829
24905;4.13441829
24906;4.13441829
24907;4.13441829
24908;3.48511454
24909;3.48511454
24910;3.48511454
24911;3.48511454
24912;3.07652586
24913;3.07652586
24914;3.07652586
24915;3.07652586
24916;2.29359765
24917;2.29359765
24918;2.29359765
24919;2.29359765
24920;2.2570781
24921;2.2570781
24922;2.2570781
24923;2.2570781
24924;2.10736622
24925;2.10736622
24926;2.10736622
24927;2.10736622
24928;2.14809188
24929;2.14809188
24930;2.14809188
24931;2.14809188
24932;3.42876636
24933;3.42876636
24934;3.42876636
24935;3.42876636
24936;5.74854399
24937;5.74854399
24938;5.74854399
24939;5.74854399
24940;5.53731245
24941;5.53731245
24942;5.53731245
24943;5.53731245
24944;6.34399758
24945;6.34399758
24946;6.34399758
24947;6.34399758
24948;4.81928986
24949;4.81928986
24950;4.81928986
24951;4.81928986
24952;5.22294592
24953;5.22294592
24954;5.22294592
24955;5.22294592
24956;4.8331789
24957;4.8331789
24958;4.8331789
24959;4.8331789
24960;2.49548872
24961;2.49548872
24962;2.49548872
24963;2.49548872
24964;0.61031487
24965;0.61031487
24966;0.61031487
24967;0.61031487
24968;0.559463009
24969;0.559463009
24970;0.559463009
24971;0.559463009
24972;0.560414524
24973;0.560414524
24974;0.560414524
24975;0.560414524
24976;0.661130207
24977;0.661130207
24978;0.661130207
24979;0.661130207
24980;1.0459094
24981;1.0459094
24982;1.0459094
24983;1.0459094
24984;2.98908195
24985;2.98908195
24986;2.98908195
24987;2.98908195
24988;4.83248192
24989;4.83248192
24990;4.83248192
24991;4.83248192
24992;4.64109685
24993;4.64109685
24994;4.64109685
24995;4.64109685
24996;3.17480325
24997;3.17480325
24998;3.17480325
24999;3.17480325
25000;2.25724486
25001;2.25724486
25002;2.25724486
25003;2.25724486
25004;2.26322528
25005;2.26322528
25006;2.26322528
25007;2.26322528
25008;3.53049907
25009;3.53049907
25010;3.53049907
25011;3.53049907
25012;1.80253147
25013;1.80253147
25014;1.80253147
25015;1.80253147
25016;1.74017353
25017;1.74017353
25018;1.74017353
25019;1.74017353
25020;2.6707724
25021;2.6707724
25022;2.6707724
25023;2.6707724
25024;1.92263457
25025;1.92263457
25026;1.92263457
25027;1.92263457
25028;2.77614392
25029;2.77614392
25030;2.77614392
25031;2.77614392
25032;3.77530998
25033;3.77530998
25034;3.77530998
25035;3.77530998
25036;4.64906752
25037;4.64906752
25038;4.64906752
25039;4.64906752
25040;4.43595984
25041;4.43595984
25042;4.43595984
25043;4.43595984
25044;3.77672521
25045;3.77672521
25046;3.77672521
25047;3.77672521
25048;3.57113981
25049;3.57113981
25050;3.57113981
25051;3.57113981
25052;3.2193509
25053;3.2193509
25054;3.2193509
25055;3.2193509
25056;2.39683996
25057;2.39683996
25058;2.39683996
25059;2.39683996
25060;0.876073026
25061;0.876073026
25062;0.876073026
25063;0.876073026
25064;0.754083055
25065;0.754083055
25066;0.754083055
25067;0.754083055
25068;0.637793753
25069;0.637793753
25070;0.637793753
25071;0.637793753
25072;0.595584154
25073;0.595584154
25074;0.595584154
25075;0.595584154
25076;0.780887563
25077;0.780887563
25078;0.780887563
25079;0.780887563
25080;1.32057177
25081;1.32057177
25082;1.32057177
25083;1.32057177
25084;2.16705391
25085;2.16705391
25086;2.16705391
25087;2.16705391
25088;3.84022008
25089;3.84022008
25090;3.84022008
25091;3.84022008
25092;4.88052885
25093;4.88052885
25094;4.88052885
25095;4.88052885
25096;4.70114057
25097;4.70114057
25098;4.70114057
25099;4.70114057
25100;3.90074162
25101;3.90074162
25102;3.90074162
25103;3.90074162
25104;4.03659567
25105;4.03659567
25106;4.03659567
25107;4.03659567
25108;3.84800521
25109;3.84800521
25110;3.84800521
25111;3.84800521
25112;3.45143309
25113;3.45143309
25114;3.45143309
25115;3.45143309
25116;2.23636649
25117;2.23636649
25118;2.23636649
25119;2.23636649
25120;2.45354441
25121;2.45354441
25122;2.45354441
25123;2.45354441
25124;3.71534875
25125;3.71534875
25126;3.71534875
25127;3.71534875
25128;4.68617619
25129;4.68617619
25130;4.68617619
25131;4.68617619
25132;4.90395342
25133;4.90395342
25134;4.90395342
25135;4.90395342
25136;5.06787935
25137;5.06787935
25138;5.06787935
25139;5.06787935
25140;4.94792281
25141;4.94792281
25142;4.94792281
25143;4.94792281
25144;4.68507007
25145;4.68507007
25146;4.68507007
25147;4.68507007
25148;4.03394469
25149;4.03394469
25150;4.03394469
25151;4.03394469
25152;1.07199639
25153;1.07199639
25154;1.07199639
25155;1.07199639
25156;0.730505242
25157;0.730505242
25158;0.730505242
25159;0.730505242
25160;0.645110035
25161;0.645110035
25162;0.645110035
25163;0.645110035
25164;0.58348747
25165;0.58348747
25166;0.58348747
25167;0.58348747
25168;0.578100046
25169;0.578100046
25170;0.578100046
25171;0.578100046
25172;0.716542795
25173;0.716542795
25174;0.716542795
25175;0.716542795
25176;1.18987156
25177;1.18987156
25178;1.18987156
25179;1.18987156
25180;2.13469125
25181;2.13469125
25182;2.13469125
25183;2.13469125
25184;3.77039304
25185;3.77039304
25186;3.77039304
25187;3.77039304
25188;5.07474645
25189;5.07474645
25190;5.07474645
25191;5.07474645
25192;5.67071678
25193;5.67071678
25194;5.67071678
25195;5.67071678
25196;4.56417547
25197;4.56417547
25198;4.56417547
25199;4.56417547
25200;3.97762345
25201;3.97762345
25202;3.97762345
25203;3.97762345
25204;2.97816316
25205;2.97816316
25206;2.97816316
25207;2.97816316
25208;2.62319156
25209;2.62319156
25210;2.62319156
25211;2.62319156
25212;2.28074498
25213;2.28074498
25214;2.28074498
25215;2.28074498
25216;2.61422572
25217;2.61422572
25218;2.61422572
25219;2.61422572
25220;3.33116849
25221;3.33116849
25222;3.33116849
25223;3.33116849
25224;4.75957817
25225;4.75957817
25226;4.75957817
25227;4.75957817
25228;5.36610806
25229;5.36610806
25230;5.36610806
25231;5.36610806
25232;5.11280547
25233;5.11280547
25234;5.11280547
25235;5.11280547
25236;3.98405062
25237;3.98405062
25238;3.98405062
25239;3.98405062
25240;4.22916419
25241;4.22916419
25242;4.22916419
25243;4.22916419
25244;2.86392719
25245;2.86392719
25246;2.86392719
25247;2.86392719
25248;1.02163582
25249;1.02163582
25250;1.02163582
25251;1.02163582
25252;0.604692758
25253;0.604692758
25254;0.604692758
25255;0.604692758
25256;0.59537798
25257;0.59537798
25258;0.59537798
25259;0.59537798
25260;0.585773497
25261;0.585773497
25262;0.585773497
25263;0.585773497
25264;0.694061821
25265;0.694061821
25266;0.694061821
25267;0.694061821
25268;1.08686045
25269;1.08686045
25270;1.08686045
25271;1.08686045
25272;2.83613758
25273;2.83613758
25274;2.83613758
25275;2.83613758
25276;4.98140666
25277;4.98140666
25278;4.98140666
25279;4.98140666
25280;4.9601736
25281;4.9601736
25282;4.9601736
25283;4.9601736
25284;4.30795425
25285;4.30795425
25286;4.30795425
25287;4.30795425
25288;2.50438767
25289;2.50438767
25290;2.50438767
25291;2.50438767
25292;2.06054311
25293;2.06054311
25294;2.06054311
25295;2.06054311
25296;2.6176645
25297;2.6176645
25298;2.6176645
25299;2.6176645
25300;1.94700063
25301;1.94700063
25302;1.94700063
25303;1.94700063
25304;1.70937988
25305;1.70937988
25306;1.70937988
25307;1.70937988
25308;1.64367531
25309;1.64367531
25310;1.64367531
25311;1.64367531
25312;1.78444897
25313;1.78444897
25314;1.78444897
25315;1.78444897
25316;2.66595851
25317;2.66595851
25318;2.66595851
25319;2.66595851
25320;4.76594974
25321;4.76594974
25322;4.76594974
25323;4.76594974
25324;5.30415204
25325;5.30415204
25326;5.30415204
25327;5.30415204
25328;4.82153277
25329;4.82153277
25330;4.82153277
25331;4.82153277
25332;3.88123561
25333;3.88123561
25334;3.88123561
25335;3.88123561
25336;3.43057744
25337;3.43057744
25338;3.43057744
25339;3.43057744
25340;3.4177107
25341;3.4177107
25342;3.4177107
25343;3.4177107
25344;1.62791791
25345;1.62791791
25346;1.62791791
25347;1.62791791
25348;0.565587374
25349;0.565587374
25350;0.565587374
25351;0.565587374
25352;0.560058971
25353;0.560058971
25354;0.560058971
25355;0.560058971
25356;0.553594257
25357;0.553594257
25358;0.553594257
25359;0.553594257
25360;0.671684875
25361;0.671684875
25362;0.671684875
25363;0.671684875
25364;1.03481473
25365;1.03481473
25366;1.03481473
25367;1.03481473
25368;2.78104815
25369;2.78104815
25370;2.78104815
25371;2.78104815
25372;5.34333393
25373;5.34333393
25374;5.34333393
25375;5.34333393
25376;5.17129684
25377;5.17129684
25378;5.17129684
25379;5.17129684
25380;3.4729346
25381;3.4729346
25382;3.4729346
25383;3.4729346
25384;2.41999266
25385;2.41999266
25386;2.41999266
25387;2.41999266
25388;1.81247671
25389;1.81247671
25390;1.81247671
25391;1.81247671
25392;2.42700996
25393;2.42700996
25394;2.42700996
25395;2.42700996
25396;2.30093892
25397;2.30093892
25398;2.30093892
25399;2.30093892
25400;2.11890603
25401;2.11890603
25402;2.11890603
25403;2.11890603
25404;1.88510953
25405;1.88510953
25406;1.88510953
25407;1.88510953
25408;2.04253216
25409;2.04253216
25410;2.04253216
25411;2.04253216
25412;2.86791095
25413;2.86791095
25414;2.86791095
25415;2.86791095
25416;5.07922105
25417;5.07922105
25418;5.07922105
25419;5.07922105
25420;4.78433829
25421;4.78433829
25422;4.78433829
25423;4.78433829
25424;4.2954965
25425;4.2954965
25426;4.2954965
25427;4.2954965
25428;3.66212022
25429;3.66212022
25430;3.66212022
25431;3.66212022
25432;3.16054048
25433;3.16054048
25434;3.16054048
25435;3.16054048
25436;4.0467856
25437;4.0467856
25438;4.0467856
25439;4.0467856
25440;1.88501166
25441;1.88501166
25442;1.88501166
25443;1.88501166
25444;0.787271666
25445;0.787271666
25446;0.787271666
25447;0.787271666
25448;0.58344871
25449;0.58344871
25450;0.58344871
25451;0.58344871
25452;0.564349392
25453;0.564349392
25454;0.564349392
25455;0.564349392
25456;0.683648678
25457;0.683648678
25458;0.683648678
25459;0.683648678
25460;1.05469756
25461;1.05469756
25462;1.05469756
25463;1.05469756
25464;2.70383793
25465;2.70383793
25466;2.70383793
25467;2.70383793
25468;4.91034436
25469;4.91034436
25470;4.91034436
25471;4.91034436
25472;4.62318236
25473;4.62318236
25474;4.62318236
25475;4.62318236
25476;3.50523244
25477;3.50523244
25478;3.50523244
25479;3.50523244
25480;2.56257004
25481;2.56257004
25482;2.56257004
25483;2.56257004
25484;1.86053401
25485;1.86053401
25486;1.86053401
25487;1.86053401
25488;2.28358329
25489;2.28358329
25490;2.28358329
25491;2.28358329
25492;2.54919796
25493;2.54919796
25494;2.54919796
25495;2.54919796
25496;3.49989105
25497;3.49989105
25498;3.49989105
25499;3.49989105
25500;2.58656285
25501;2.58656285
25502;2.58656285
25503;2.58656285
25504;3.44541129
25505;3.44541129
25506;3.44541129
25507;3.44541129
25508;3.15102806
25509;3.15102806
25510;3.15102806
25511;3.15102806
25512;3.77116359
25513;3.77116359
25514;3.77116359
25515;3.77116359
25516;4.68739089
25517;4.68739089
25518;4.68739089
25519;4.68739089
25520;5.53565041
25521;5.53565041
25522;5.53565041
25523;5.53565041
25524;3.76242292
25525;3.76242292
25526;3.76242292
25527;3.76242292
25528;4.96408923
25529;4.96408923
25530;4.96408923
25531;4.96408923
25532;3.46011971
25533;3.46011971
25534;3.46011971
25535;3.46011971
25536;1.48417655
25537;1.48417655
25538;1.48417655
25539;1.48417655
25540;0.574341931
25541;0.574341931
25542;0.574341931
25543;0.574341931
25544;0.526110405
25545;0.526110405
25546;0.526110405
25547;0.526110405
25548;0.545030957
25549;0.545030957
25550;0.545030957
25551;0.545030957
25552;0.653443521
25553;0.653443521
25554;0.653443521
25555;0.653443521
25556;1.02921305
25557;1.02921305
25558;1.02921305
25559;1.02921305
25560;2.94557631
25561;2.94557631
25562;2.94557631
25563;2.94557631
25564;5.07328535
25565;5.07328535
25566;5.07328535
25567;5.07328535
25568;4.81773033
25569;4.81773033
25570;4.81773033
25571;4.81773033
25572;3.72822027
25573;3.72822027
25574;3.72822027
25575;3.72822027
25576;3.47302056
25577;3.47302056
25578;3.47302056
25579;3.47302056
25580;2.89418355
25581;2.89418355
25582;2.89418355
25583;2.89418355
25584;2.53815852
25585;2.53815852
25586;2.53815852
25587;2.53815852
25588;1.80629446
25589;1.80629446
25590;1.80629446
25591;1.80629446
25592;1.82681083
25593;1.82681083
25594;1.82681083
25595;1.82681083
25596;1.70264478
25597;1.70264478
25598;1.70264478
25599;1.70264478
25600;1.73239407
25601;1.73239407
25602;1.73239407
25603;1.73239407
25604;2.94001065
25605;2.94001065
25606;2.94001065
25607;2.94001065
25608;5.03703067
25609;5.03703067
25610;5.03703067
25611;5.03703067
25612;4.75033743
25613;4.75033743
25614;4.75033743
25615;4.75033743
25616;5.61602368
25617;5.61602368
25618;5.61602368
25619;5.61602368
25620;4.11521511
25621;4.11521511
25622;4.11521511
25623;4.11521511
25624;4.75343688
25625;4.75343688
25626;4.75343688
25627;4.75343688
25628;4.64866553
25629;4.64866553
25630;4.64866553
25631;4.64866553
25632;2.57425348
25633;2.57425348
25634;2.57425348
25635;2.57425348
25636;0.686759951
25637;0.686759951
25638;0.686759951
25639;0.686759951
25640;0.637922883
25641;0.637922883
25642;0.637922883
25643;0.637922883
25644;0.641963424
25645;0.641963424
25646;0.641963424
25647;0.641963424
25648;0.743712994
25649;0.743712994
25650;0.743712994
25651;0.743712994
25652;1.14718168
25653;1.14718168
25654;1.14718168
25655;1.14718168
25656;3.22165111
25657;3.22165111
25658;3.22165111
25659;3.22165111
25660;5.16885428
25661;5.16885428
25662;5.16885428
25663;5.16885428
25664;5.03513392
25665;5.03513392
25666;5.03513392
25667;5.03513392
25668;3.52318577
25669;3.52318577
25670;3.52318577
25671;3.52318577
25672;2.55732911
25673;2.55732911
25674;2.55732911
25675;2.55732911
25676;2.51658227
25677;2.51658227
25678;2.51658227
25679;2.51658227
25680;3.73396056
25681;3.73396056
25682;3.73396056
25683;3.73396056
25684;2.0010445
25685;2.0010445
25686;2.0010445
25687;2.0010445
25688;1.91731896
25689;1.91731896
25690;1.91731896
25691;1.91731896
25692;2.82345236
25693;2.82345236
25694;2.82345236
25695;2.82345236
25696;2.07635204
25697;2.07635204
25698;2.07635204
25699;2.07635204
25700;2.95709286
25701;2.95709286
25702;2.95709286
25703;2.95709286
25704;4.06128729
25705;4.06128729
25706;4.06128729
25707;4.06128729
25708;4.99454148
25709;4.99454148
25710;4.99454148
25711;4.99454148
25712;4.7897566
25713;4.7897566
25714;4.7897566
25715;4.7897566
25716;4.11960862
25717;4.11960862
25718;4.11960862
25719;4.11960862
25720;3.83983476
25721;3.83983476
25722;3.83983476
25723;3.83983476
25724;3.37467311
25725;3.37467311
25726;3.37467311
25727;3.37467311
25728;2.60957822
25729;2.60957822
25730;2.60957822
25731;2.60957822
25732;1.02885195
25733;1.02885195
25734;1.02885195
25735;1.02885195
25736;0.911196936
25737;0.911196936
25738;0.911196936
25739;0.911196936
25740;0.792550524
25741;0.792550524
25742;0.792550524
25743;0.792550524
25744;0.744391774
25745;0.744391774
25746;0.744391774
25747;0.744391774
25748;0.945738746
25749;0.945738746
25750;0.945738746
25751;0.945738746
25752;1.71058212
25753;1.71058212
25754;1.71058212
25755;1.71058212
25756;2.73994729
25757;2.73994729
25758;2.73994729
25759;2.73994729
25760;4.43954043
25761;4.43954043
25762;4.43954043
25763;4.43954043
25764;5.58313087
25765;5.58313087
25766;5.58313087
25767;5.58313087
25768;5.21865315
25769;5.21865315
25770;5.21865315
25771;5.21865315
25772;4.31340621
25773;4.31340621
25774;4.31340621
25775;4.31340621
25776;4.40297947
25777;4.40297947
25778;4.40297947
25779;4.40297947
25780;4.18733001
25781;4.18733001
25782;4.18733001
25783;4.18733001
25784;3.76983025
25785;3.76983025
25786;3.76983025
25787;3.76983025
25788;2.55552023
25789;2.55552023
25790;2.55552023
25791;2.55552023
25792;2.76788809
25793;2.76788809
25794;2.76788809
25795;2.76788809
25796;4.0274227
25797;4.0274227
25798;4.0274227
25799;4.0274227
25800;5.03094858
25801;5.03094858
25802;5.03094858
25803;5.03094858
25804;5.27486559
25805;5.27486559
25806;5.27486559
25807;5.27486559
25808;5.39831295
25809;5.39831295
25810;5.39831295
25811;5.39831295
25812;5.32624972
25813;5.32624972
25814;5.32624972
25815;5.32624972
25816;5.02884914
25817;5.02884914
25818;5.02884914
25819;5.02884914
25820;4.22703041
25821;4.22703041
25822;4.22703041
25823;4.22703041
25824;1.21402968
25825;1.21402968
25826;1.21402968
25827;1.21402968
25828;0.849523125
25829;0.849523125
25830;0.849523125
25831;0.849523125
25832;0.767876075
25833;0.767876075
25834;0.767876075
25835;0.767876075
25836;0.701445155
25837;0.701445155
25838;0.701445155
25839;0.701445155
25840;0.720946733
25841;0.720946733
25842;0.720946733
25843;0.720946733
25844;0.893449108
25845;0.893449108
25846;0.893449108
25847;0.893449108
25848;1.6084906
25849;1.6084906
25850;1.6084906
25851;1.6084906
25852;2.8241043
25853;2.8241043
25854;2.8241043
25855;2.8241043
25856;4.50426522
25857;4.50426522
25858;4.50426522
25859;4.50426522
25860;5.7644946
25861;5.7644946
25862;5.7644946
25863;5.7644946
25864;6.15339925
25865;6.15339925
25866;6.15339925
25867;6.15339925
25868;4.93504886
25869;4.93504886
25870;4.93504886
25871;4.93504886
25872;4.3197822
25873;4.3197822
25874;4.3197822
25875;4.3197822
25876;3.28843293
25877;3.28843293
25878;3.28843293
25879;3.28843293
25880;2.92565456
25881;2.92565456
25882;2.92565456
25883;2.92565456
25884;2.58441138
25885;2.58441138
25886;2.58441138
25887;2.58441138
25888;2.9129609
25889;2.9129609
25890;2.9129609
25891;2.9129609
25892;3.62629347
25893;3.62629347
25894;3.62629347
25895;3.62629347
25896;5.08223664
25897;5.08223664
25898;5.08223664
25899;5.08223664
25900;5.69958198
25901;5.69958198
25902;5.69958198
25903;5.69958198
25904;5.40769781
25905;5.40769781
25906;5.40769781
25907;5.40769781
25908;4.31667885
25909;4.31667885
25910;4.31667885
25911;4.31667885
25912;4.54873542
25913;4.54873542
25914;4.54873542
25915;4.54873542
25916;3.02531916
25917;3.02531916
25918;3.02531916
25919;3.02531916
25920;1.09913234
25921;1.09913234
25922;1.09913234
25923;1.09913234
25924;0.676532832
25925;0.676532832
25926;0.676532832
25927;0.676532832
25928;0.676484718
25929;0.676484718
25930;0.676484718
25931;0.676484718
25932;0.682836868
25933;0.682836868
25934;0.682836868
25935;0.682836868
25936;0.803407541
25937;0.803407541
25938;0.803407541
25939;0.803407541
25940;1.20864455
25941;1.20864455
25942;1.20864455
25943;1.20864455
25944;3.14028172
25945;3.14028172
25946;3.14028172
25947;3.14028172
25948;5.5911814
25949;5.5911814
25950;5.5911814
25951;5.5911814
25952;5.60518282
25953;5.60518282
25954;5.60518282
25955;5.60518282
25956;4.80940136
25957;4.80940136
25958;4.80940136
25959;4.80940136
25960;2.78766887
25961;2.78766887
25962;2.78766887
25963;2.78766887
25964;2.29921823
25965;2.29921823
25966;2.29921823
25967;2.29921823
25968;2.81664558
25969;2.81664558
25970;2.81664558
25971;2.81664558
25972;2.16760865
25973;2.16760865
25974;2.16760865
25975;2.16760865
25976;1.9618538
25977;1.9618538
25978;1.9618538
25979;1.9618538
25980;1.8995575
25981;1.8995575
25982;1.8995575
25983;1.8995575
25984;2.03442014
25985;2.03442014
25986;2.03442014
25987;2.03442014
25988;2.90570487
25989;2.90570487
25990;2.90570487
25991;2.90570487
25992;5.01423202
25993;5.01423202
25994;5.01423202
25995;5.01423202
25996;5.54640954
25997;5.54640954
25998;5.54640954
25999;5.54640954
26000;5.01102275
26001;5.01102275
26002;5.01102275
26003;5.01102275
26004;4.08702247
26005;4.08702247
26006;4.08702247
26007;4.08702247
26008;3.68738085
26009;3.68738085
26010;3.68738085
26011;3.68738085
26012;3.60958389
26013;3.60958389
26014;3.60958389
26015;3.60958389
26016;1.93621764
26017;1.93621764
26018;1.93621764
26019;1.93621764
26020;0.800274663
26021;0.800274663
26022;0.800274663
26023;0.800274663
26024;0.795942528
26025;0.795942528
26026;0.795942528
26027;0.795942528
26028;0.80509572
26029;0.80509572
26030;0.80509572
26031;0.80509572
26032;0.949714058
26033;0.949714058
26034;0.949714058
26035;0.949714058
26036;1.36489847
26037;1.36489847
26038;1.36489847
26039;1.36489847
26040;3.54105706
26041;3.54105706
26042;3.54105706
26043;3.54105706
26044;6.51827252
26045;6.51827252
26046;6.51827252
26047;6.51827252
26048;6.43459193
26049;6.43459193
26050;6.43459193
26051;6.43459193
26052;4.59626977
26053;4.59626977
26054;4.59626977
26055;4.59626977
26056;3.1733312
26057;3.1733312
26058;3.1733312
26059;3.1733312
26060;2.43786987
26061;2.43786987
26062;2.43786987
26063;2.43786987
26064;2.97947448
26065;2.97947448
26066;2.97947448
26067;2.97947448
26068;2.85260502
26069;2.85260502
26070;2.85260502
26071;2.85260502
26072;2.65911841
26073;2.65911841
26074;2.65911841
26075;2.65911841
26076;2.40314641
26077;2.40314641
26078;2.40314641
26079;2.40314641
26080;2.55264497
26081;2.55264497
26082;2.55264497
26083;2.55264497
26084;3.41869546
26085;3.41869546
26086;3.41869546
26087;3.41869546
26088;5.78492097
26089;5.78492097
26090;5.78492097
26091;5.78492097
26092;5.51437151
26093;5.51437151
26094;5.51437151
26095;5.51437151
26096;5.01468046
26097;5.01468046
26098;5.01468046
26099;5.01468046
26100;4.3730994
26101;4.3730994
26102;4.3730994
26103;4.3730994
26104;3.72794041
26105;3.72794041
26106;3.72794041
26107;3.72794041
26108;4.40689219
26109;4.40689219
26110;4.40689219
26111;4.40689219
26112;2.31866951
26113;2.31866951
26114;2.31866951
26115;2.31866951
26116;1.1440674
26117;1.1440674
26118;1.1440674
26119;1.1440674
26120;0.932177178
26121;0.932177178
26122;0.932177178
26123;0.932177178
26124;0.913061934
26125;0.913061934
26126;0.913061934
26127;0.913061934
26128;1.03055268
26129;1.03055268
26130;1.03055268
26131;1.03055268
26132;1.46501179
26133;1.46501179
26134;1.46501179
26135;1.46501179
26136;3.62617443
26137;3.62617443
26138;3.62617443
26139;3.62617443
26140;6.06481227
26141;6.06481227
26142;6.06481227
26143;6.06481227
26144;5.84640334
26145;5.84640334
26146;5.84640334
26147;5.84640334
26148;4.7581692
26149;4.7581692
26150;4.7581692
26151;4.7581692
26152;3.65521151
26153;3.65521151
26154;3.65521151
26155;3.65521151
26156;2.76990986
26157;2.76990986
26158;2.76990986
26159;2.76990986
26160;3.06642554
26161;3.06642554
26162;3.06642554
26163;3.06642554
26164;3.26617685
26165;3.26617685
26166;3.26617685
26167;3.26617685
26168;4.11089398
26169;4.11089398
26170;4.11089398
26171;4.11089398
26172;3.14287925
26173;3.14287925
26174;3.14287925
26175;3.14287925
26176;4.02124155
26177;4.02124155
26178;4.02124155
26179;4.02124155
26180;3.84674974
26181;3.84674974
26182;3.84674974
26183;3.84674974
26184;4.97573808
26185;4.97573808
26186;4.97573808
26187;4.97573808
26188;6.09461434
26189;6.09461434
26190;6.09461434
26191;6.09461434
26192;6.86752209
26193;6.86752209
26194;6.86752209
26195;6.86752209
26196;5.05022899
26197;5.05022899
26198;5.05022899
26199;5.05022899
26200;5.80606727
26201;5.80606727
26202;5.80606727
26203;5.80606727
26204;3.83571457
26205;3.83571457
26206;3.83571457
26207;3.83571457
26208;1.77873947
26209;1.77873947
26210;1.77873947
26211;1.77873947
26212;0.777327971
26213;0.777327971
26214;0.777327971
26215;0.777327971
26216;0.721428859
26217;0.721428859
26218;0.721428859
26219;0.721428859
26220;0.736532943
26221;0.736532943
26222;0.736532943
26223;0.736532943
26224;0.842807563
26225;0.842807563
26226;0.842807563
26227;0.842807563
26228;1.23829943
26229;1.23829943
26230;1.23829943
26231;1.23829943
26232;3.37768931
26233;3.37768931
26234;3.37768931
26235;3.37768931
26236;5.40046608
26237;5.40046608
26238;5.40046608
26239;5.40046608
26240;5.1300993
26241;5.1300993
26242;5.1300993
26243;5.1300993
26244;4.43325351
26245;4.43325351
26246;4.43325351
26247;4.43325351
26248;4.15734813
26249;4.15734813
26250;4.15734813
26251;4.15734813
26252;3.45360596
26253;3.45360596
26254;3.45360596
26255;3.45360596
26256;2.99329315
26257;2.99329315
26258;2.99329315
26259;2.99329315
26260;2.16036295
26261;2.16036295
26262;2.16036295
26263;2.16036295
26264;2.19454282
26265;2.19454282
26266;2.19454282
26267;2.19454282
26268;2.05294372
26269;2.05294372
26270;2.05294372
26271;2.05294372
26272;2.05968496
26273;2.05968496
26274;2.05968496
26275;2.05968496
26276;3.36106298
26277;3.36106298
26278;3.36106298
26279;3.36106298
26280;5.74847555
26281;5.74847555
26282;5.74847555
26283;5.74847555
26284;5.4150073
26285;5.4150073
26286;5.4150073
26287;5.4150073
26288;6.33689751
26289;6.33689751
26290;6.33689751
26291;6.33689751
26292;4.86830023
26293;4.86830023
26294;4.86830023
26295;4.86830023
26296;5.47995156
26297;5.47995156
26298;5.47995156
26299;5.47995156
26300;5.13391445
26301;5.13391445
26302;5.13391445
26303;5.13391445
26304;3.03572236
26305;3.03572236
26306;3.03572236
26307;3.03572236
26308;0.993278476
26309;0.993278476
26310;0.993278476
26311;0.993278476
26312;0.936713005
26313;0.936713005
26314;0.936713005
26315;0.936713005
26316;0.936159592
26317;0.936159592
26318;0.936159592
26319;0.936159592
26320;1.03262235
26321;1.03262235
26322;1.03262235
26323;1.03262235
26324;1.45976355
26325;1.45976355
26326;1.45976355
26327;1.45976355
26328;3.9107443
26329;3.9107443
26330;3.9107443
26331;3.9107443
26332;6.03803563
26333;6.03803563
26334;6.03803563
26335;6.03803563
26336;6.00507732
26337;6.00507732
26338;6.00507732
26339;6.00507732
26340;4.48139395
26341;4.48139395
26342;4.48139395
26343;4.48139395
26344;3.37008733
26345;3.37008733
26346;3.37008733
26347;3.37008733
26348;3.24073378
26349;3.24073378
26350;3.24073378
26351;3.24073378
26352;4.50842163
26353;4.50842163
26354;4.50842163
26355;4.50842163
26356;2.5568122
26357;2.5568122
26358;2.5568122
26359;2.5568122
26360;2.4360371
26361;2.4360371
26362;2.4360371
26363;2.4360371
26364;3.43054261
26365;3.43054261
26366;3.43054261
26367;3.43054261
26368;2.57016087
26369;2.57016087
26370;2.57016087
26371;2.57016087
26372;3.53517343
26373;3.53517343
26374;3.53517343
26375;3.53517343
26376;4.89153311
26377;4.89153311
26378;4.89153311
26379;4.89153311
26380;6.00942747
26381;6.00942747
26382;6.00942747
26383;6.00942747
26384;5.82137885
26385;5.82137885
26386;5.82137885
26387;5.82137885
26388;5.17942388
26389;5.17942388
26390;5.17942388
26391;5.17942388
26392;4.64360293
26393;4.64360293
26394;4.64360293
26395;4.64360293
26396;3.80102059
26397;3.80102059
26398;3.80102059
26399;3.80102059
26400;3.26900919
26401;3.26900919
26402;3.26900919
26403;3.26900919
26404;1.56238393
26405;1.56238393
26406;1.56238393
26407;1.56238393
26408;1.42675037
26409;1.42675037
26410;1.42675037
26411;1.42675037
26412;1.29878754
26413;1.29878754
26414;1.29878754
26415;1.29878754
26416;1.24094779
26417;1.24094779
26418;1.24094779
26419;1.24094779
26420;1.53876286
26421;1.53876286
26422;1.53876286
26423;1.53876286
26424;3.03511732
26425;3.03511732
26426;3.03511732
26427;3.03511732
26428;4.3944305
26429;4.3944305
26430;4.3944305
26431;4.3944305
26432;6.248493
26433;6.248493
26434;6.248493
26435;6.248493
26436;7.38829754
26437;7.38829754
26438;7.38829754
26439;7.38829754
26440;6.73207472
26441;6.73207472
26442;6.73207472
26443;6.73207472
26444;5.64742904
26445;5.64742904
26446;5.64742904
26447;5.64742904
26448;5.63806627
26449;5.63806627
26450;5.63806627
26451;5.63806627
26452;5.35433541
26453;5.35433541
26454;5.35433541
26455;5.35433541
26456;4.83010056
26457;4.83010056
26458;4.83010056
26459;4.83010056
26460;3.39797584
26461;3.39797584
26462;3.39797584
26463;3.39797584
26464;3.66484134
26465;3.66484134
26466;3.66484134
26467;3.66484134
26468;5.21659666
26469;5.21659666
26470;5.21659666
26471;5.21659666
26472;6.86873427
26473;6.86873427
26474;6.86873427
26475;6.86873427
26476;7.37693754
26477;7.37693754
26478;7.37693754
26479;7.37693754
26480;7.49406092
26481;7.49406092
26482;7.49406092
26483;7.49406092
26484;7.57902744
26485;7.57902744
26486;7.57902744
26487;7.57902744
26488;6.65611619
26489;6.65611619
26490;6.65611619
26491;6.65611619
26492;5.10036275
26493;5.10036275
26494;5.10036275
26495;5.10036275
26496;1.98226573
26497;1.98226573
26498;1.98226573
26499;1.98226573
26500;1.6082594
26501;1.6082594
26502;1.6082594
26503;1.6082594
26504;1.54711129
26505;1.54711129
26506;1.54711129
26507;1.54711129
26508;1.4819903
26509;1.4819903
26510;1.4819903
26511;1.4819903
26512;1.4599714
26513;1.4599714
26514;1.4599714
26515;1.4599714
26516;1.74159189
26517;1.74159189
26518;1.74159189
26519;1.74159189
26520;3.55367612
26521;3.55367612
26522;3.55367612
26523;3.55367612
26524;5.23709357
26525;5.23709357
26526;5.23709357
26527;5.23709357
26528;7.12332647
26529;7.12332647
26530;7.12332647
26531;7.12332647
26532;8.01529353
26533;8.01529353
26534;8.01529353
26535;8.01529353
26536;8.18960943
26537;8.18960943
26538;8.18960943
26539;8.18960943
26540;6.95252122
26541;6.95252122
26542;6.95252122
26543;6.95252122
26544;6.70284828
26545;6.70284828
26546;6.70284828
26547;6.70284828
26548;5.76857178
26549;5.76857178
26550;5.76857178
26551;5.76857178
26552;4.31696091
26553;4.31696091
26554;4.31696091
26555;4.31696091
26556;3.85883235
26557;3.85883235
26558;3.85883235
26559;3.85883235
26560;4.2144755
26561;4.2144755
26562;4.2144755
26563;4.2144755
26564;5.20854393
26565;5.20854393
26566;5.20854393
26567;5.20854393
26568;7.41262049
26569;7.41262049
26570;7.41262049
26571;7.41262049
26572;7.79657294
26573;7.79657294
26574;7.79657294
26575;7.79657294
26576;7.59984867
26577;7.59984867
26578;7.59984867
26579;7.59984867
26580;6.6210979
26581;6.6210979
26582;6.6210979
26583;6.6210979
26584;7.44774131
26585;7.44774131
26586;7.44774131
26587;7.44774131
26588;4.98004474
26589;4.98004474
26590;4.98004474
26591;4.98004474
26592;1.882006
26593;1.882006
26594;1.882006
26595;1.882006
26596;1.39559361
26597;1.39559361
26598;1.39559361
26599;1.39559361
26600;1.40475961
26601;1.40475961
26602;1.40475961
26603;1.40475961
26604;1.41461015
26605;1.41461015
26606;1.41461015
26607;1.41461015
26608;1.57161541
26609;1.57161541
26610;1.57161541
26611;1.57161541
26612;2.1060239
26613;2.1060239
26614;2.1060239
26615;2.1060239
26616;5.18089571
26617;5.18089571
26618;5.18089571
26619;5.18089571
26620;8.07925174
26621;8.07925174
26622;8.07925174
26623;8.07925174
26624;7.52082044
26625;7.52082044
26626;7.52082044
26627;7.52082044
26628;7.65110691
26629;7.65110691
26630;7.65110691
26631;7.65110691
26632;6.17046998
26633;6.17046998
26634;6.17046998
26635;6.17046998
26636;5.83664909
26637;5.83664909
26638;5.83664909
26639;5.83664909
26640;5.16940263
26641;5.16940263
26642;5.16940263
26643;5.16940263
26644;4.27423626
26645;4.27423626
26646;4.27423626
26647;4.27423626
26648;3.95812683
26649;3.95812683
26650;3.95812683
26651;3.95812683
26652;3.66579044
26653;3.66579044
26654;3.66579044
26655;3.66579044
26656;3.75169582
26657;3.75169582
26658;3.75169582
26659;3.75169582
26660;4.81071386
26661;4.81071386
26662;4.81071386
26663;4.81071386
26664;7.68373481
26665;7.68373481
26666;7.68373481
26667;7.68373481
26668;8.28715301
26669;8.28715301
26670;8.28715301
26671;8.28715301
26672;7.74294151
26673;7.74294151
26674;7.74294151
26675;7.74294151
26676;7.06584236
26677;7.06584236
26678;7.06584236
26679;7.06584236
26680;5.71319784
26681;5.71319784
26682;5.71319784
26683;5.71319784
26684;4.70905023
26685;4.70905023
26686;4.70905023
26687;4.70905023
26688;3.34743378
26689;3.34743378
26690;3.34743378
26691;3.34743378
26692;2.06146018
26693;2.06146018
26694;2.06146018
26695;2.06146018
26696;2.04839016
26697;2.04839016
26698;2.04839016
26699;2.04839016
26700;2.04204629
26701;2.04204629
26702;2.04204629
26703;2.04204629
26704;2.15436873
26705;2.15436873
26706;2.15436873
26707;2.15436873
26708;2.75863692
26709;2.75863692
26710;2.75863692
26711;2.75863692
26712;6.59910869
26713;6.59910869
26714;6.59910869
26715;6.59910869
26716;8.44542901
26717;8.44542901
26718;8.44542901
26719;8.44542901
26720;7.75751992
26721;7.75751992
26722;7.75751992
26723;7.75751992
26724;6.73956416
26725;6.73956416
26726;6.73956416
26727;6.73956416
26728;6.20591592
26729;6.20591592
26730;6.20591592
26731;6.20591592
26732;5.86067943
26733;5.86067943
26734;5.86067943
26735;5.86067943
26736;6.46587543
26737;6.46587543
26738;6.46587543
26739;6.46587543
26740;6.2038822
26741;6.2038822
26742;6.2038822
26743;6.2038822
26744;6.06551494
26745;6.06551494
26746;6.06551494
26747;6.06551494
26748;5.82607917
26749;5.82607917
26750;5.82607917
26751;5.82607917
26752;5.94256708
26753;5.94256708
26754;5.94256708
26755;5.94256708
26756;6.60660446
26757;6.60660446
26758;6.60660446
26759;6.60660446
26760;8.60384534
26761;8.60384534
26762;8.60384534
26763;8.60384534
26764;7.94502758
26765;7.94502758
26766;7.94502758
26767;7.94502758
26768;7.33769316
26769;7.33769316
26770;7.33769316
26771;7.33769316
26772;6.904551
26773;6.904551
26774;6.904551
26775;6.904551
26776;6.82447327
26777;6.82447327
26778;6.82447327
26779;6.82447327
26780;8.16443178
26781;8.16443178
26782;8.16443178
26783;8.16443178
26784;5.8626301
26785;5.8626301
26786;5.8626301
26787;5.8626301
26788;3.28483888
26789;3.28483888
26790;3.28483888
26791;3.28483888
26792;1.6711868
26793;1.6711868
26794;1.6711868
26795;1.6711868
26796;1.64319384
26797;1.64319384
26798;1.64319384
26799;1.64319384
26800;1.75263295
26801;1.75263295
26802;1.75263295
26803;1.75263295
26804;2.29268025
26805;2.29268025
26806;2.29268025
26807;2.29268025
26808;5.47377289
26809;5.47377289
26810;5.47377289
26811;5.47377289
26812;7.83272369
26813;7.83272369
26814;7.83272369
26815;7.83272369
26816;7.00083178
26817;7.00083178
26818;7.00083178
26819;7.00083178
26820;6.63365251
26821;6.63365251
26822;6.63365251
26823;6.63365251
26824;6.21523776
26825;6.21523776
26826;6.21523776
26827;6.21523776
26828;5.58173929
26829;5.58173929
26830;5.58173929
26831;5.58173929
26832;5.81163352
26833;5.81163352
26834;5.81163352
26835;5.81163352
26836;5.98061974
26837;5.98061974
26838;5.98061974
26839;5.98061974
26840;5.98809857
26841;5.98809857
26842;5.98809857
26843;5.98809857
26844;4.5532856
26845;4.5532856
26846;4.5532856
26847;4.5532856
26848;5.52302499
26849;5.52302499
26850;5.52302499
26851;5.52302499
26852;5.48265302
26853;5.48265302
26854;5.48265302
26855;5.48265302
26856;6.79715781
26857;6.79715781
26858;6.79715781
26859;6.79715781
26860;7.55726486
26861;7.55726486
26862;7.55726486
26863;7.55726486
26864;8.5269726
26865;8.5269726
26866;8.5269726
26867;8.5269726
26868;6.91657555
26869;6.91657555
26870;6.91657555
26871;6.91657555
26872;8.7401436
26873;8.7401436
26874;8.7401436
26875;8.7401436
26876;7.49727648
26877;7.49727648
26878;7.49727648
26879;7.49727648
26880;3.9274805
26881;3.9274805
26882;3.9274805
26883;3.9274805
26884;1.80701076
26885;1.80701076
26886;1.80701076
26887;1.80701076
26888;1.74800332
26889;1.74800332
26890;1.74800332
26891;1.74800332
26892;1.75778788
26893;1.75778788
26894;1.75778788
26895;1.75778788
26896;1.87581251
26897;1.87581251
26898;1.87581251
26899;1.87581251
26900;2.48159419
26901;2.48159419
26902;2.48159419
26903;2.48159419
26904;6.25447191
26905;6.25447191
26906;6.25447191
26907;6.25447191
26908;8.06467224
26909;8.06467224
26910;8.06467224
26911;8.06467224
26912;7.19637016
26913;7.19637016
26914;7.19637016
26915;7.19637016
26916;6.94858778
26917;6.94858778
26918;6.94858778
26919;6.94858778
26920;7.22713275
26921;7.22713275
26922;7.22713275
26923;7.22713275
26924;6.74583097
26925;6.74583097
26926;6.74583097
26927;6.74583097
26928;6.28777993
26929;6.28777993
26930;6.28777993
26931;6.28777993
26932;5.32845119
26933;5.32845119
26934;5.32845119
26935;5.32845119
26936;5.48768193
26937;5.48768193
26938;5.48768193
26939;5.48768193
26940;5.52502394
26941;5.52502394
26942;5.52502394
26943;5.52502394
26944;4.32493071
26945;4.32493071
26946;4.32493071
26947;4.32493071
26948;5.90624598
26949;5.90624598
26950;5.90624598
26951;5.90624598
26952;8.53041144
26953;8.53041144
26954;8.53041144
26955;8.53041144
26956;7.84047736
26957;7.84047736
26958;7.84047736
26959;7.84047736
26960;8.81310118
26961;8.81310118
26962;8.81310118
26963;8.81310118
26964;7.51674185
26965;7.51674185
26966;7.51674185
26967;7.51674185
26968;8.68174467
26969;8.68174467
26970;8.68174467
26971;8.68174467
26972;8.95294839
26973;8.95294839
26974;8.95294839
26975;8.95294839
26976;6.63010697
26977;6.63010697
26978;6.63010697
26979;6.63010697
26980;2.34441596
26981;2.34441596
26982;2.34441596
26983;2.34441596
26984;1.89892914
26985;1.89892914
26986;1.89892914
26987;1.89892914
26988;1.90728058
26989;1.90728058
26990;1.90728058
26991;1.90728058
26992;2.02068645
26993;2.02068645
26994;2.02068645
26995;2.02068645
26996;2.6590699
26997;2.6590699
26998;2.6590699
26999;2.6590699
27000;6.71598655
27001;6.71598655
27002;6.71598655
27003;6.71598655
27004;8.05717056
27005;8.05717056
27006;8.05717056
27007;8.05717056
27008;7.36015289
27009;7.36015289
27010;7.36015289
27011;7.36015289
27012;6.49843606
27013;6.49843606
27014;6.49843606
27015;6.49843606
27016;6.03248353
27017;6.03248353
27018;6.03248353
27019;6.03248353
27020;6.31934821
27021;6.31934821
27022;6.31934821
27023;6.31934821
27024;7.5821752
27025;7.5821752
27026;7.5821752
27027;7.5821752
27028;5.47084291
27029;5.47084291
27030;5.47084291
27031;5.47084291
27032;5.39698219
27033;5.39698219
27034;5.39698219
27035;5.39698219
27036;6.42062069
27037;6.42062069
27038;6.42062069
27039;6.42062069
27040;5.55278129
27041;5.55278129
27042;5.55278129
27043;5.55278129
27044;6.12326559
27045;6.12326559
27046;6.12326559
27047;6.12326559
27048;7.02647183
27049;7.02647183
27050;7.02647183
27051;7.02647183
27052;7.70252715
27053;7.70252715
27054;7.70252715
27055;7.70252715
27056;7.52347352
27057;7.52347352
27058;7.52347352
27059;7.52347352
27060;7.01816716
27061;7.01816716
27062;7.01816716
27063;7.01816716
27064;7.33366471
27065;7.33366471
27066;7.33366471
27067;7.33366471
27068;7.41976161
27069;7.41976161
27070;7.41976161
27071;7.41976161
27072;6.60996986
27073;6.60996986
27074;6.60996986
27075;6.60996986
27076;3.35243728
27077;3.35243728
27078;3.35243728
27079;3.35243728
27080;2.31289224
27081;2.31289224
27082;2.31289224
27083;2.31289224
27084;2.18281441
27085;2.18281441
27086;2.18281441
27087;2.18281441
27088;2.11891419
27089;2.11891419
27090;2.11891419
27091;2.11891419
27092;2.5640732
27093;2.5640732
27094;2.5640732
27095;2.5640732
27096;5.35259461
27097;5.35259461
27098;5.35259461
27099;5.35259461
27100;6.06687641
27101;6.06687641
27102;6.06687641
27103;6.06687641
27104;7.52432539
27105;7.52432539
27106;7.52432539
27107;7.52432539
27108;8.0822048
27109;8.0822048
27110;8.0822048
27111;8.0822048
27112;7.69671801
27113;7.69671801
27114;7.69671801
27115;7.69671801
27116;7.15594267
27117;7.15594267
27118;7.15594267
27119;7.15594267
27120;7.65047514
27121;7.65047514
27122;7.65047514
27123;7.65047514
27124;7.54881055
27125;7.54881055
27126;7.54881055
27127;7.54881055
27128;7.16622731
27129;7.16622731
27130;7.16622731
27131;7.16622731
27132;5.87995923
27133;5.87995923
27134;5.87995923
27135;5.87995923
27136;6.0943144
27137;6.0943144
27138;6.0943144
27139;6.0943144
27140;7.29603987
27141;7.29603987
27142;7.29603987
27143;7.29603987
27144;8.08412979
27145;8.08412979
27146;8.08412979
27147;8.08412979
27148;8.19246372
27149;8.19246372
27150;8.19246372
27151;8.19246372
27152;8.59444845
27153;8.59444845
27154;8.59444845
27155;8.59444845
27156;8.55745529
27157;8.55745529
27158;8.55745529
27159;8.55745529
27160;8.8080444
27161;8.8080444
27162;8.8080444
27163;8.8080444
27164;8.50182392
27165;8.50182392
27166;8.50182392
27167;8.50182392
27168;5.49395379
27169;5.49395379
27170;5.49395379
27171;5.49395379
27172;5.19916782
27173;5.19916782
27174;5.19916782
27175;5.19916782
27176;4.26047904
27177;4.26047904
27178;4.26047904
27179;4.26047904
27180;2.12904605
27181;2.12904605
27182;2.12904605
27183;2.12904605
27184;2.21333175
27185;2.21333175
27186;2.21333175
27187;2.21333175
27188;2.57155326
27189;2.57155326
27190;2.57155326
27191;2.57155326
27192;5.45049832
27193;5.45049832
27194;5.45049832
27195;5.45049832
27196;6.22094522
27197;6.22094522
27198;6.22094522
27199;6.22094522
27200;7.56521548
27201;7.56521548
27202;7.56521548
27203;7.56521548
27204;8.28541185
27205;8.28541185
27206;8.28541185
27207;8.28541185
27208;8.63214873
27209;8.63214873
27210;8.63214873
27211;8.63214873
27212;7.53858816
27213;7.53858816
27214;7.53858816
27215;7.53858816
27216;7.18743738
27217;7.18743738
27218;7.18743738
27219;7.18743738
27220;6.4003805
27221;6.4003805
27222;6.4003805
27223;6.4003805
27224;6.17710427
27225;6.17710427
27226;6.17710427
27227;6.17710427
27228;5.89288988
27229;5.89288988
27230;5.89288988
27231;5.89288988
27232;6.3658019
27233;6.3658019
27234;6.3658019
27235;6.3658019
27236;6.98134381
27237;6.98134381
27238;6.98134381
27239;6.98134381
27240;8.27478108
27241;8.27478108
27242;8.27478108
27243;8.27478108
27244;7.18773107
27245;7.18773107
27246;7.18773107
27247;7.18773107
27248;6.3024095
27249;6.3024095
27250;6.3024095
27251;6.3024095
27252;5.73058255
27253;5.73058255
27254;5.73058255
27255;5.73058255
27256;9.0412916
27257;9.0412916
27258;9.0412916
27259;9.0412916
27260;10.1110104
27261;10.1110104
27262;10.1110104
27263;10.1110104
27264;5.46437189
27265;5.46437189
27266;5.46437189
27267;5.46437189
27268;5.16895173
27269;5.16895173
27270;5.16895173
27271;5.16895173
27272;5.18536484
27273;5.18536484
27274;5.18536484
27275;5.18536484
27276;4.67251769
27277;4.67251769
27278;4.67251769
27279;4.67251769
27280;2.02651989
27281;2.02651989
27282;2.02651989
27283;2.02651989
27284;2.59857996
27285;2.59857996
27286;2.59857996
27287;2.59857996
27288;6.30389828
27289;6.30389828
27290;6.30389828
27291;6.30389828
27292;8.11972937
27293;8.11972937
27294;8.11972937
27295;8.11972937
27296;7.63826899
27297;7.63826899
27298;7.63826899
27299;7.63826899
27300;7.73611184
27301;7.73611184
27302;7.73611184
27303;7.73611184
27304;6.36094095
27305;6.36094095
27306;6.36094095
27307;6.36094095
27308;6.081001
27309;6.081001
27310;6.081001
27311;6.081001
27312;6.73112753
27313;6.73112753
27314;6.73112753
27315;6.73112753
27316;5.79574376
27317;5.79574376
27318;5.79574376
27319;5.79574376
27320;5.59589749
27321;5.59589749
27322;5.59589749
27323;5.59589749
27324;5.56555259
27325;5.56555259
27326;5.56555259
27327;5.56555259
27328;5.62296815
27329;5.62296815
27330;5.62296815
27331;5.62296815
27332;6.34716259
27333;6.34716259
27334;6.34716259
27335;6.34716259
27336;8.21315176
27337;8.21315176
27338;8.21315176
27339;8.21315176
27340;8.46465087
27341;8.46465087
27342;8.46465087
27343;8.46465087
27344;7.95141621
27345;7.95141621
27346;7.95141621
27347;7.95141621
27348;7.24066352
27349;7.24066352
27350;7.24066352
27351;7.24066352
27352;7.21449756
27353;7.21449756
27354;7.21449756
27355;7.21449756
27356;7.69229546
27357;7.69229546
27358;7.69229546
27359;7.69229546
27360;5.76987665
27361;5.76987665
27362;5.76987665
27363;5.76987665
27364;2.05344708
27365;2.05344708
27366;2.05344708
27367;2.05344708
27368;1.79461881
27369;1.79461881
27370;1.79461881
27371;1.79461881
27372;1.78845578
27373;1.78845578
27374;1.78845578
27375;1.78845578
27376;1.96519897
27377;1.96519897
27378;1.96519897
27379;1.96519897
27380;2.49625538
27381;2.49625538
27382;2.49625538
27383;2.49625538
27384;6.12308433
27385;6.12308433
27386;6.12308433
27387;6.12308433
27388;8.41136708
27389;8.41136708
27390;8.41136708
27391;8.41136708
27392;7.757923
27393;7.757923
27394;7.757923
27395;7.757923
27396;6.83430263
27397;6.83430263
27398;6.83430263
27399;6.83430263
27400;6.25021551
27401;6.25021551
27402;6.25021551
27403;6.25021551
27404;5.83638165
27405;5.83638165
27406;5.83638165
27407;5.83638165
27408;6.44637102
27409;6.44637102
27410;6.44637102
27411;6.44637102
27412;6.06392496
27413;6.06392496
27414;6.06392496
27415;6.06392496
27416;5.80297903
27417;5.80297903
27418;5.80297903
27419;5.80297903
27420;5.4700728
27421;5.4700728
27422;5.4700728
27423;5.4700728
27424;5.54711434
27425;5.54711434
27426;5.54711434
27427;5.54711434
27428;6.23054116
27429;6.23054116
27430;6.23054116
27431;6.23054116
27432;8.38470904
27433;8.38470904
27434;8.38470904
27435;8.38470904
27436;7.85517841
27437;7.85517841
27438;7.85517841
27439;7.85517841
27440;7.30977721
27441;7.30977721
27442;7.30977721
27443;7.30977721
27444;7.06133422
27445;7.06133422
27446;7.06133422
27447;7.06133422
27448;6.96679659
27449;6.96679659
27450;6.96679659
27451;6.96679659
27452;8.27169971
27453;8.27169971
27454;8.27169971
27455;8.27169971
27456;4.20385128
27457;4.20385128
27458;4.20385128
27459;4.20385128
27460;2.04154699
27461;2.04154699
27462;2.04154699
27463;2.04154699
27464;1.83277996
27465;1.83277996
27466;1.83277996
27467;1.83277996
27468;1.81853488
27469;1.81853488
27470;1.81853488
27471;1.81853488
27472;1.92842647
27473;1.92842647
27474;1.92842647
27475;1.92842647
27476;2.50756051
27477;2.50756051
27478;2.50756051
27479;2.50756051
27480;5.96270122
27481;5.96270122
27482;5.96270122
27483;5.96270122
27484;8.08575711
27485;8.08575711
27486;8.08575711
27487;8.08575711
27488;7.25489789
27489;7.25489789
27490;7.25489789
27491;7.25489789
27492;6.9764117
27493;6.9764117
27494;6.9764117
27495;6.9764117
27496;6.50066906
27497;6.50066906
27498;6.50066906
27499;6.50066906
27500;5.70009927
27501;5.70009927
27502;5.70009927
27503;5.70009927
27504;5.82898237
27505;5.82898237
27506;5.82898237
27507;5.82898237
27508;5.86445076
27509;5.86445076
27510;5.86445076
27511;5.86445076
27512;6.89747594
27513;6.89747594
27514;6.89747594
27515;6.89747594
27516;4.65467575
27517;4.65467575
27518;4.65467575
27519;4.65467575
27520;5.41817972
27521;5.41817972
27522;5.41817972
27523;5.41817972
27524;5.33027455
27525;5.33027455
27526;5.33027455
27527;5.33027455
27528;6.52282839
27529;6.52282839
27530;6.52282839
27531;6.52282839
27532;7.26037192
27533;7.26037192
27534;7.26037192
27535;7.26037192
27536;8.08468687
27537;8.08468687
27538;8.08468687
27539;8.08468687
27540;6.83917069
27541;6.83917069
27542;6.83917069
27543;6.83917069
27544;8.8360363
27545;8.8360363
27546;8.8360363
27547;8.8360363
27548;7.53803033
27549;7.53803033
27550;7.53803033
27551;7.53803033
27552;4.16267701
27553;4.16267701
27554;4.16267701
27555;4.16267701
27556;1.3661481
27557;1.3661481
27558;1.3661481
27559;1.3661481
27560;1.31227831
27561;1.31227831
27562;1.31227831
27563;1.31227831
27564;1.34016568
27565;1.34016568
27566;1.34016568
27567;1.34016568
27568;1.50766353
27569;1.50766353
27570;1.50766353
27571;1.50766353
27572;1.99810284
27573;1.99810284
27574;1.99810284
27575;1.99810284
27576;5.14981009
27577;5.14981009
27578;5.14981009
27579;5.14981009
27580;8.02236455
27581;8.02236455
27582;8.02236455
27583;8.02236455
27584;7.15969881
27585;7.15969881
27586;7.15969881
27587;7.15969881
27588;6.58303663
27589;6.58303663
27590;6.58303663
27591;6.58303663
27592;6.84039997
27593;6.84039997
27594;6.84039997
27595;6.84039997
27596;5.38216821
27597;5.38216821
27598;5.38216821
27599;5.38216821
27600;4.36807029
27601;4.36807029
27602;4.36807029
27603;4.36807029
27604;3.53065357
27605;3.53065357
27606;3.53065357
27607;3.53065357
27608;3.48881343
27609;3.48881343
27610;3.48881343
27611;3.48881343
27612;3.31120337
27613;3.31120337
27614;3.31120337
27615;3.31120337
27616;3.29282121
27617;3.29282121
27618;3.29282121
27619;3.29282121
27620;4.62268629
27621;4.62268629
27622;4.62268629
27623;4.62268629
27624;7.25834771
27625;7.25834771
27626;7.25834771
27627;7.25834771
27628;6.95333329
27629;6.95333329
27630;6.95333329
27631;6.95333329
27632;7.93770774
27633;7.93770774
27634;7.93770774
27635;7.93770774
27636;6.25125383
27637;6.25125383
27638;6.25125383
27639;6.25125383
27640;6.76296459
27641;6.76296459
27642;6.76296459
27643;6.76296459
27644;5.90562448
27645;5.90562448
27646;5.90562448
27647;5.90562448
27648;3.90332072
27649;3.90332072
27650;3.90332072
27651;3.90332072
27652;1.67242658
27653;1.67242658
27654;1.67242658
27655;1.67242658
27656;1.64793648
27657;1.64793648
27658;1.64793648
27659;1.64793648
27660;1.66176038
27661;1.66176038
27662;1.66176038
27663;1.66176038
27664;1.81656847
27665;1.81656847
27666;1.81656847
27667;1.81656847
27668;2.35574368
27669;2.35574368
27670;2.35574368
27671;2.35574368
27672;5.99894407
27673;5.99894407
27674;5.99894407
27675;5.99894407
27676;8.03829812
27677;8.03829812
27678;8.03829812
27679;8.03829812
27680;7.35409239
27681;7.35409239
27682;7.35409239
27683;7.35409239
27684;6.37922786
27685;6.37922786
27686;6.37922786
27687;6.37922786
27688;5.75070042
27689;5.75070042
27690;5.75070042
27691;5.75070042
27692;5.5682964
27693;5.5682964
27694;5.5682964
27695;5.5682964
27696;6.7767883
27697;6.7767883
27698;6.7767883
27699;6.7767883
27700;4.57561301
27701;4.57561301
27702;4.57561301
27703;4.57561301
27704;4.54954066
27705;4.54954066
27706;4.54954066
27707;4.54954066
27708;4.94921164
27709;4.94921164
27710;4.94921164
27711;4.94921164
27712;3.84011608
27713;3.84011608
27714;3.84011608
27715;3.84011608
27716;4.79368133
27717;4.79368133
27718;4.79368133
27719;4.79368133
27720;6.08203514
27721;6.08203514
27722;6.08203514
27723;6.08203514
27724;6.82381326
27725;6.82381326
27726;6.82381326
27727;6.82381326
27728;6.65175549
27729;6.65175549
27730;6.65175549
27731;6.65175549
27732;6.25165856
27733;6.25165856
27734;6.25165856
27735;6.25165856
27736;6.84580985
27737;6.84580985
27738;6.84580985
27739;6.84580985
27740;5.13392105
27741;5.13392105
27742;5.13392105
27743;5.13392105
27744;3.5810023
27745;3.5810023
27746;3.5810023
27747;3.5810023
27748;1.87245254
27749;1.87245254
27750;1.87245254
27751;1.87245254
27752;1.75883671
27753;1.75883671
27754;1.75883671
27755;1.75883671
27756;1.63810109
27757;1.63810109
27758;1.63810109
27759;1.63810109
27760;1.57503942
27761;1.57503942
27762;1.57503942
27763;1.57503942
27764;1.92352729
27765;1.92352729
27766;1.92352729
27767;1.92352729
27768;3.87639427
27769;3.87639427
27770;3.87639427
27771;3.87639427
27772;5.42320585
27773;5.42320585
27774;5.42320585
27775;5.42320585
27776;7.33570216
27777;7.33570216
27778;7.33570216
27779;7.33570216
27780;7.7789659
27781;7.7789659
27782;7.7789659
27783;7.7789659
27784;7.10560474
27785;7.10560474
27786;7.10560474
27787;7.10560474
27788;6.25186055
27789;6.25186055
27790;6.25186055
27791;6.25186055
27792;6.67450375
27793;6.67450375
27794;6.67450375
27795;6.67450375
27796;5.89184051
27797;5.89184051
27798;5.89184051
27799;5.89184051
27800;5.01197625
27801;5.01197625
27802;5.01197625
27803;5.01197625
27804;3.59259309
27805;3.59259309
27806;3.59259309
27807;3.59259309
27808;3.82576215
27809;3.82576215
27810;3.82576215
27811;3.82576215
27812;5.42423502
27813;5.42423502
27814;5.42423502
27815;5.42423502
27816;7.23774759
27817;7.23774759
27818;7.23774759
27819;7.23774759
27820;7.26821827
27821;7.26821827
27822;7.26821827
27823;7.26821827
27824;7.55562321
27825;7.55562321
27826;7.55562321
27827;7.55562321
27828;7.632472
27829;7.632472
27830;7.632472
27831;7.632472
27832;7.87703524
27833;7.87703524
27834;7.87703524
27835;7.87703524
27836;5.88228995
27837;5.88228995
27838;5.88228995
27839;5.88228995
27840;1.84120869
27841;1.84120869
27842;1.84120869
27843;1.84120869
27844;1.48814785
27845;1.48814785
27846;1.48814785
27847;1.48814785
27848;1.41254001
27849;1.41254001
27850;1.41254001
27851;1.41254001
27852;1.35868278
27853;1.35868278
27854;1.35868278
27855;1.35868278
27856;1.37293604
27857;1.37293604
27858;1.37293604
27859;1.37293604
27860;1.65570141
27861;1.65570141
27862;1.65570141
27863;1.65570141
27864;3.33388416
27865;3.33388416
27866;3.33388416
27867;3.33388416
27868;4.96973839
27869;4.96973839
27870;4.96973839
27871;4.96973839
27872;6.81304831
27873;6.81304831
27874;6.81304831
27875;6.81304831
27876;7.86485226
27877;7.86485226
27878;7.86485226
27879;7.86485226
27880;7.71239643
27881;7.71239643
27882;7.71239643
27883;7.71239643
27884;6.56204485
27885;6.56204485
27886;6.56204485
27887;6.56204485
27888;6.36008026
27889;6.36008026
27890;6.36008026
27891;6.36008026
27892;4.82846726
27893;4.82846726
27894;4.82846726
27895;4.82846726
27896;4.06632414
27897;4.06632414
27898;4.06632414
27899;4.06632414
27900;3.64891005
27901;3.64891005
27902;3.64891005
27903;3.64891005
27904;4.06184289
27905;4.06184289
27906;4.06184289
27907;4.06184289
27908;5.07802074
27909;5.07802074
27910;5.07802074
27911;5.07802074
27912;7.37957032
27913;7.37957032
27914;7.37957032
27915;7.37957032
27916;7.80016784
27917;7.80016784
27918;7.80016784
27919;7.80016784
27920;7.62599639
27921;7.62599639
27922;7.62599639
27923;7.62599639
27924;6.69171153
27925;6.69171153
27926;6.69171153
27927;6.69171153
27928;7.61450037
27929;7.61450037
27930;7.61450037
27931;7.61450037
27932;4.44363394
27933;4.44363394
27934;4.44363394
27935;4.44363394
27936;1.99406445
27937;1.99406445
27938;1.99406445
27939;1.99406445
27940;1.52127619
27941;1.52127619
27942;1.52127619
27943;1.52127619
27944;1.51012604
27945;1.51012604
27946;1.51012604
27947;1.51012604
27948;1.49358094
27949;1.49358094
27950;1.49358094
27951;1.49358094
27952;1.59425686
27953;1.59425686
27954;1.59425686
27955;1.59425686
27956;2.13590216
27957;2.13590216
27958;2.13590216
27959;2.13590216
27960;5.19747216
27961;5.19747216
27962;5.19747216
27963;5.19747216
27964;7.86716117
27965;7.86716117
27966;7.86716117
27967;7.86716117
27968;7.38142439
27969;7.38142439
27970;7.38142439
27971;7.38142439
27972;7.47224308
27973;7.47224308
27974;7.47224308
27975;7.47224308
27976;6.00353271
27977;6.00353271
27978;6.00353271
27979;6.00353271
27980;5.74079873
27981;5.74079873
27982;5.74079873
27983;5.74079873
27984;5.53137071
27985;5.53137071
27986;5.53137071
27987;5.53137071
27988;3.92520149
27989;3.92520149
27990;3.92520149
27991;3.92520149
27992;3.50525539
27993;3.50525539
27994;3.50525539
27995;3.50525539
27996;3.33054103
27997;3.33054103
27998;3.33054103
27999;3.33054103
28000;3.49299522
28001;3.49299522
28002;3.49299522
28003;3.49299522
28004;4.70739824
28005;4.70739824
28006;4.70739824
28007;4.70739824
28008;7.97010834
28009;7.97010834
28010;7.97010834
28011;7.97010834
28012;8.23627412
28013;8.23627412
28014;8.23627412
28015;8.23627412
28016;7.66928785
28017;7.66928785
28018;7.66928785
28019;7.66928785
28020;6.89735276
28021;6.89735276
28022;6.89735276
28023;6.89735276
28024;6.96656545
28025;6.96656545
28026;6.96656545
28027;6.96656545
28028;6.33548877
28029;6.33548877
28030;6.33548877
28031;6.33548877
28032;3.09286495
28033;3.09286495
28034;3.09286495
28035;3.09286495
28036;1.85929547
28037;1.85929547
28038;1.85929547
28039;1.85929547
28040;1.85382029
28041;1.85382029
28042;1.85382029
28043;1.85382029
28044;1.84747592
28045;1.84747592
28046;1.84747592
28047;1.84747592
28048;1.95979835
28049;1.95979835
28050;1.95979835
28051;1.95979835
28052;2.53339573
28053;2.53339573
28054;2.53339573
28055;2.53339573
28056;6.15822106
28057;6.15822106
28058;6.15822106
28059;6.15822106
28060;8.46939785
28061;8.46939785
28062;8.46939785
28063;8.46939785
28064;7.79259992
28065;7.79259992
28066;7.79259992
28067;7.79259992
28068;6.77956416
28069;6.77956416
28070;6.77956416
28071;6.77956416
28072;6.22428495
28073;6.22428495
28074;6.22428495
28075;6.22428495
28076;5.76899689
28077;5.76899689
28078;5.76899689
28079;5.76899689
28080;6.3631524
28081;6.3631524
28082;6.3631524
28083;6.3631524
28084;6.0816751
28085;6.0816751
28086;6.0816751
28087;6.0816751
28088;5.89661111
28089;5.89661111
28090;5.89661111
28091;5.89661111
28092;5.70686062
28093;5.70686062
28094;5.70686062
28095;5.70686062
28096;5.22299872
28097;5.22299872
28098;5.22299872
28099;5.22299872
28100;5.82821805
28101;5.82821805
28102;5.82821805
28103;5.82821805
28104;8.58239405
28105;8.58239405
28106;8.58239405
28107;8.58239405
28108;7.97723615
28109;7.97723615
28110;7.97723615
28111;7.97723615
28112;7.37877201
28113;7.37877201
28114;7.37877201
28115;7.37877201
28116;6.9737162
28117;6.9737162
28118;6.9737162
28119;6.9737162
28120;6.91603503
28121;6.91603503
28122;6.91603503
28123;6.91603503
28124;8.27891807
28125;8.27891807
28126;8.27891807
28127;8.27891807
28128;6.02705391
28129;6.02705391
28130;6.02705391
28131;6.02705391
28132;2.88067993
28133;2.88067993
28134;2.88067993
28135;2.88067993
28136;2.14082928
28137;2.14082928
28138;2.14082928
28139;2.14082928
28140;2.12418364
28141;2.12418364
28142;2.12418364
28143;2.12418364
28144;2.23407495
28145;2.23407495
28146;2.23407495
28147;2.23407495
28148;2.86515296
28149;2.86515296
28150;2.86515296
28151;2.86515296
28152;6.74332721
28153;6.74332721
28154;6.74332721
28155;6.74332721
28156;8.05453466
28157;8.05453466
28158;8.05453466
28159;8.05453466
28160;7.3241028
28161;7.3241028
28162;7.3241028
28163;7.3241028
28164;6.946888
28165;6.946888
28166;6.946888
28167;6.946888
28168;6.53386493
28169;6.53386493
28170;6.53386493
28171;6.53386493
28172;5.9935067
28173;5.9935067
28174;5.9935067
28175;5.9935067
28176;6.46196268
28177;6.46196268
28178;6.46196268
28179;6.46196268
28180;6.56769305
28181;6.56769305
28182;6.56769305
28183;6.56769305
28184;7.65594062
28185;7.65594062
28186;7.65594062
28187;7.65594062
28188;6.67767589
28189;6.67767589
28190;6.67767589
28191;6.67767589
28192;7.60275696
28193;7.60275696
28194;7.60275696
28195;7.60275696
28196;7.08758291
28197;7.08758291
28198;7.08758291
28199;7.08758291
28200;7.44396408
28201;7.44396408
28202;7.44396408
28203;7.44396408
28204;8.25484925
28205;8.25484925
28206;8.25484925
28207;8.25484925
28208;9.04624122
28209;9.04624122
28210;9.04624122
28211;9.04624122
28212;7.3760461
28213;7.3760461
28214;7.3760461
28215;7.3760461
28216;9.10425917
28217;9.10425917
28218;9.10425917
28219;9.10425917
28220;7.76877905
28221;7.76877905
28222;7.76877905
28223;7.76877905
28224;5.59994696
28225;5.59994696
28226;5.59994696
28227;5.59994696
28228;5.13167199
28229;5.13167199
28230;5.13167199
28231;5.13167199
28232;3.99812113
28233;3.99812113
28234;3.99812113
28235;3.99812113
28236;2.17424449
28237;2.17424449
28238;2.17424449
28239;2.17424449
28240;2.28038575
28241;2.28038575
28242;2.28038575
28243;2.28038575
28244;2.94026988
28245;2.94026988
28246;2.94026988
28247;2.94026988
28248;7.03545802
28249;7.03545802
28250;7.03545802
28251;7.03545802
28252;8.07042287
28253;8.07042287
28254;8.07042287
28255;8.07042287
28256;7.19029718
28257;7.19029718
28258;7.19029718
28259;7.19029718
28260;7.10251427
28261;7.10251427
28262;7.10251427
28263;7.10251427
28264;7.42439233
28265;7.42439233
28266;7.42439233
28267;7.42439233
28268;6.95598313
28269;6.95598313
28270;6.95598313
28271;6.95598313
28272;6.48150332
28273;6.48150332
28274;6.48150332
28275;6.48150332
28276;5.54342406
28277;5.54342406
28278;5.54342406
28279;5.54342406
28280;5.62372949
28281;5.62372949
28282;5.62372949
28283;5.62372949
28284;5.50796774
28285;5.50796774
28286;5.50796774
28287;5.50796774
28288;5.4835122
28289;5.4835122
28290;5.4835122
28291;5.4835122
28292;6.67557102
28293;6.67557102
28294;6.67557102
28295;6.67557102
28296;8.61624504
28297;8.61624504
28298;8.61624504
28299;8.61624504
28300;8.07800965
28301;8.07800965
28302;8.07800965
28303;8.07800965
28304;9.00654499
28305;9.00654499
28306;9.00654499
28307;9.00654499
28308;7.64388111
28309;7.64388111
28310;7.64388111
28311;7.64388111
28312;8.75360106
28313;8.75360106
28314;8.75360106
28315;8.75360106
28316;8.97693869
28317;8.97693869
28318;8.97693869
28319;8.97693869
28320;6.71902109
28321;6.71902109
28322;6.71902109
28323;6.71902109
28324;5.22019506
28325;5.22019506
28326;5.22019506
28327;5.22019506
28328;4.93748614
28329;4.93748614
28330;4.93748614
28331;4.93748614
28332;2.16959416
28333;2.16959416
28334;2.16959416
28335;2.16959416
28336;2.26818766
28337;2.26818766
28338;2.26818766
28339;2.26818766
28340;2.93041672
28341;2.93041672
28342;2.93041672
28343;2.93041672
28344;6.97725585
28345;6.97725585
28346;6.97725585
28347;6.97725585
28348;7.96413535
28349;7.96413535
28350;7.96413535
28351;7.96413535
28352;7.31039029
28353;7.31039029
28354;7.31039029
28355;7.31039029
28356;6.47416293
28357;6.47416293
28358;6.47416293
28359;6.47416293
28360;5.97643512
28361;5.97643512
28362;5.97643512
28363;5.97643512
28364;6.36825703
28365;6.36825703
28366;6.36825703
28367;6.36825703
28368;7.79050512
28369;7.79050512
28370;7.79050512
28371;7.79050512
28372;5.65383719
28373;5.65383719
28374;5.65383719
28375;5.65383719
28376;5.48705817
28377;5.48705817
28378;5.48705817
28379;5.48705817
28380;6.40228757
28381;6.40228757
28382;6.40228757
28383;6.40228757
28384;5.42117533
28385;5.42117533
28386;5.42117533
28387;5.42117533
28388;6.12593169
28389;6.12593169
28390;6.12593169
28391;6.12593169
28392;6.90677609
28393;6.90677609
28394;6.90677609
28395;6.90677609
28396;7.59316568
28397;7.59316568
28398;7.59316568
28399;7.59316568
28400;7.3854563
28401;7.3854563
28402;7.3854563
28403;7.3854563
28404;6.75078815
28405;6.75078815
28406;6.75078815
28407;6.75078815
28408;7.02687871
28409;7.02687871
28410;7.02687871
28411;7.02687871
28412;7.02818617
28413;7.02818617
28414;7.02818617
28415;7.02818617
28416;6.23431902
28417;6.23431902
28418;6.23431902
28419;6.23431902
28420;3.68055677
28421;3.68055677
28422;3.68055677
28423;3.68055677
28424;1.46459875
28425;1.46459875
28426;1.46459875
28427;1.46459875
28428;1.33668508
28429;1.33668508
28430;1.33668508
28431;1.33668508
28432;1.27988909
28433;1.27988909
28434;1.27988909
28435;1.27988909
28436;1.57285816
28437;1.57285816
28438;1.57285816
28439;1.57285816
28440;3.12566459
28441;3.12566459
28442;3.12566459
28443;3.12566459
28444;4.51360902
28445;4.51360902
28446;4.51360902
28447;4.51360902
28448;6.40158026
28449;6.40158026
28450;6.40158026
28451;6.40158026
28452;7.51003481
28453;7.51003481
28454;7.51003481
28455;7.51003481
28456;6.73558879
28457;6.73558879
28458;6.73558879
28459;6.73558879
28460;5.60004716
28461;5.60004716
28462;5.60004716
28463;5.60004716
28464;5.52285768
28465;5.52285768
28466;5.52285768
28467;5.52285768
28468;5.2275627
28469;5.2275627
28470;5.2275627
28471;5.2275627
28472;4.7084359
28473;4.7084359
28474;4.7084359
28475;4.7084359
28476;3.28785007
28477;3.28785007
28478;3.28785007
28479;3.28785007
28480;3.50171484
28481;3.50171484
28482;3.50171484
28483;3.50171484
28484;5.00569319
28485;5.00569319
28486;5.00569319
28487;5.00569319
28488;6.5819174
28489;6.5819174
28490;6.5819174
28491;6.5819174
28492;7.15644313
28493;7.15644313
28494;7.15644313
28495;7.15644313
28496;7.28362331
28497;7.28362331
28498;7.28362331
28499;7.28362331
28500;7.21773658
28501;7.21773658
28502;7.21773658
28503;7.21773658
28504;6.40145385
28505;6.40145385
28506;6.40145385
28507;6.40145385
28508;4.96925636
28509;4.96925636
28510;4.96925636
28511;4.96925636
28512;1.66451385
28513;1.66451385
28514;1.66451385
28515;1.66451385
28516;1.30016232
28517;1.30016232
28518;1.30016232
28519;1.30016232
28520;1.22102323
28521;1.22102323
28522;1.22102323
28523;1.22102323
28524;1.15056324
28525;1.15056324
28526;1.15056324
28527;1.15056324
28528;1.13639678
28529;1.13639678
28530;1.13639678
28531;1.13639678
28532;1.35393326
28533;1.35393326
28534;1.35393326
28535;1.35393326
28536;2.61419835
28537;2.61419835
28538;2.61419835
28539;2.61419835
28540;4.01298525
28541;4.01298525
28542;4.01298525
28543;4.01298525
28544;5.77984674
28545;5.77984674
28546;5.77984674
28547;5.77984674
28548;7.04081281
28549;7.04081281
28550;7.04081281
28551;7.04081281
28552;7.46240167
28553;7.46240167
28554;7.46240167
28555;7.46240167
28556;6.14197762
28557;6.14197762
28558;6.14197762
28559;6.14197762
28560;5.45199431
28561;5.45199431
28562;5.45199431
28563;5.45199431
28564;4.31534086
28565;4.31534086
28566;4.31534086
28567;4.31534086
28568;3.78172472
28569;3.78172472
28570;3.78172472
28571;3.78172472
28572;3.36949803
28573;3.36949803
28574;3.36949803
28575;3.36949803
28576;3.71866409
28577;3.71866409
28578;3.71866409
28579;3.71866409
28580;4.62886574
28581;4.62886574
28582;4.62886574
28583;4.62886574
28584;6.7761016
28585;6.7761016
28586;6.7761016
28587;6.7761016
28588;7.70854784
28589;7.70854784
28590;7.70854784
28591;7.70854784
28592;7.42968281
28593;7.42968281
28594;7.42968281
28595;7.42968281
28596;6.27159688
28597;6.27159688
28598;6.27159688
28599;6.27159688
28600;6.02090634
28601;6.02090634
28602;6.02090634
28603;6.02090634
28604;3.68670772
28605;3.68670772
28606;3.68670772
28607;3.68670772
28608;1.93769462
28609;1.93769462
28610;1.93769462
28611;1.93769462
28612;1.49943522
28613;1.49943522
28614;1.49943522
28615;1.49943522
28616;1.50351166
28617;1.50351166
28618;1.50351166
28619;1.50351166
28620;1.48856007
28621;1.48856007
28622;1.48856007
28623;1.48856007
28624;1.60221378
28625;1.60221378
28626;1.60221378
28627;1.60221378
28628;2.16367795
28629;2.16367795
28630;2.16367795
28631;2.16367795
28632;5.20562416
28633;5.20562416
28634;5.20562416
28635;5.20562416
28636;7.80363477
28637;7.80363477
28638;7.80363477
28639;7.80363477
28640;7.18205233
28641;7.18205233
28642;7.18205233
28643;7.18205233
28644;7.20076731
28645;7.20076731
28646;7.20076731
28647;7.20076731
28648;5.64465883
28649;5.64465883
28650;5.64465883
28651;5.64465883
28652;5.35944768
28653;5.35944768
28654;5.35944768
28655;5.35944768
28656;5.10382001
28657;5.10382001
28658;5.10382001
28659;5.10382001
28660;3.80367691
28661;3.80367691
28662;3.80367691
28663;3.80367691
28664;3.40717402
28665;3.40717402
28666;3.40717402
28667;3.40717402
28668;3.26382862
28669;3.26382862
28670;3.26382862
28671;3.26382862
28672;3.46088297
28673;3.46088297
28674;3.46088297
28675;3.46088297
28676;4.67249498
28677;4.67249498
28678;4.67249498
28679;4.67249498
28680;7.886916
28681;7.886916
28682;7.886916
28683;7.886916
28684;8.14491641
28685;8.14491641
28686;8.14491641
28687;8.14491641
28688;7.66058327
28689;7.66058327
28690;7.66058327
28691;7.66058327
28692;6.91763882
28693;6.91763882
28694;6.91763882
28695;6.91763882
28696;6.91170506
28697;6.91170506
28698;6.91170506
28699;6.91170506
28700;6.12696768
28701;6.12696768
28702;6.12696768
28703;6.12696768
28704;2.72043277
28705;2.72043277
28706;2.72043277
28707;2.72043277
28708;1.48349346
28709;1.48349346
28710;1.48349346
28711;1.48349346
28712;1.50280828
28713;1.50280828
28714;1.50280828
28715;1.50280828
28716;1.50953812
28717;1.50953812
28718;1.50953812
28719;1.50953812
28720;1.67259914
28721;1.67259914
28722;1.67259914
28723;1.67259914
28724;2.15968745
28725;2.15968745
28726;2.15968745
28727;2.15968745
28728;5.36849924
28729;5.36849924
28730;5.36849924
28731;5.36849924
28732;8.42093631
28733;8.42093631
28734;8.42093631
28735;8.42093631
28736;7.8471193
28737;7.8471193
28738;7.8471193
28739;7.8471193
28740;6.69247817
28741;6.69247817
28742;6.69247817
28743;6.69247817
28744;5.9286326
28745;5.9286326
28746;5.9286326
28747;5.9286326
28748;5.37490802
28749;5.37490802
28750;5.37490802
28751;5.37490802
28752;5.87725921
28753;5.87725921
28754;5.87725921
28755;5.87725921
28756;4.69576869
28757;4.69576869
28758;4.69576869
28759;4.69576869
28760;4.28461713
28761;4.28461713
28762;4.28461713
28763;4.28461713
28764;3.976302
28765;3.976302
28766;3.976302
28767;3.976302
28768;4.13674717
28769;4.13674717
28770;4.13674717
28771;4.13674717
28772;5.16944816
28773;5.16944816
28774;5.16944816
28775;5.16944816
28776;8.46384235
28777;8.46384235
28778;8.46384235
28779;8.46384235
28780;8.05584719
28781;8.05584719
28782;8.05584719
28783;8.05584719
28784;7.44279398
28785;7.44279398
28786;7.44279398
28787;7.44279398
28788;6.94939408
28789;6.94939408
28790;6.94939408
28791;6.94939408
28792;6.56458666
28793;6.56458666
28794;6.56458666
28795;6.56458666
28796;5.54736345
28797;5.54736345
28798;5.54736345
28799;5.54736345
28800;3.32871802
28801;3.32871802
28802;3.32871802
28803;3.32871802
28804;1.92789915
28805;1.92789915
28806;1.92789915
28807;1.92789915
28808;1.6942254
28809;1.6942254
28810;1.6942254
28811;1.6942254
28812;1.66927517
28813;1.66927517
28814;1.66927517
28815;1.66927517
28816;1.8358386
28817;1.8358386
28818;1.8358386
28819;1.8358386
28820;2.36493351
28821;2.36493351
28822;2.36493351
28823;2.36493351
28824;5.72144672
28825;5.72144672
28826;5.72144672
28827;5.72144672
28828;8.06136086
28829;8.06136086
28830;8.06136086
28831;8.06136086
28832;7.25187198
28833;7.25187198
28834;7.25187198
28835;7.25187198
28836;6.84872548
28837;6.84872548
28838;6.84872548
28839;6.84872548
28840;6.23189142
28841;6.23189142
28842;6.23189142
28843;6.23189142
28844;5.34047086
28845;5.34047086
28846;5.34047086
28847;5.34047086
28848;5.70161296
28849;5.70161296
28850;5.70161296
28851;5.70161296
28852;5.84142417
28853;5.84142417
28854;5.84142417
28855;5.84142417
28856;6.7996867
28857;6.7996867
28858;6.7996867
28859;6.7996867
28860;4.91337804
28861;4.91337804
28862;4.91337804
28863;4.91337804
28864;5.87280322
28865;5.87280322
28866;5.87280322
28867;5.87280322
28868;5.68440664
28869;5.68440664
28870;5.68440664
28871;5.68440664
28872;7.03409194
28873;7.03409194
28874;7.03409194
28875;7.03409194
28876;7.71554704
28877;7.71554704
28878;7.71554704
28879;7.71554704
28880;8.79405517
28881;8.79405517
28882;8.79405517
28883;8.79405517
28884;7.16483187
28885;7.16483187
28886;7.16483187
28887;7.16483187
28888;8.90145422
28889;8.90145422
28890;8.90145422
28891;8.90145422
28892;5.57353664
28893;5.57353664
28894;5.57353664
28895;5.57353664
28896;2.92987767
28897;2.92987767
28898;2.92987767
28899;2.92987767
28900;1.80338545
28901;1.80338545
28902;1.80338545
28903;1.80338545
28904;1.75032111
28905;1.75032111
28906;1.75032111
28907;1.75032111
28908;1.73189692
28909;1.73189692
28910;1.73189692
28911;1.73189692
28912;1.8296919
28913;1.8296919
28914;1.8296919
28915;1.8296919
28916;2.40118996
28917;2.40118996
28918;2.40118996
28919;2.40118996
28920;6.04175985
28921;6.04175985
28922;6.04175985
28923;6.04175985
28924;8.05313378
28925;8.05313378
28926;8.05313378
28927;8.05313378
28928;7.06893931
28929;7.06893931
28930;7.06893931
28931;7.06893931
28932;6.79523735
28933;6.79523735
28934;6.79523735
28935;6.79523735
28936;7.10333989
28937;7.10333989
28938;7.10333989
28939;7.10333989
28940;6.60634128
28941;6.60634128
28942;6.60634128
28943;6.60634128
28944;6.10207942
28945;6.10207942
28946;6.10207942
28947;6.10207942
28948;5.13776965
28949;5.13776965
28950;5.13776965
28951;5.13776965
28952;5.20657177
28953;5.20657177
28954;5.20657177
28955;5.20657177
28956;3.68441484
28957;3.68441484
28958;3.68441484
28959;3.68441484
28960;3.75216776
28961;3.75216776
28962;3.75216776
28963;3.75216776
28964;5.40426696
28965;5.40426696
28966;5.40426696
28967;5.40426696
28968;8.35268258
28969;8.35268258
28970;8.35268258
28971;8.35268258
28972;7.74338364
28973;7.74338364
28974;7.74338364
28975;7.74338364
28976;8.55933821
28977;8.55933821
28978;8.55933821
28979;8.55933821
28980;7.14870946
28981;7.14870946
28982;7.14870946
28983;7.14870946
28984;8.39641618
28985;8.39641618
28986;8.39641618
28987;8.39641618
28988;8.68689968
28989;8.68689968
28990;8.68689968
28991;8.68689968
28992;5.72649117
28993;5.72649117
28994;5.72649117
28995;5.72649117
28996;1.73603937
28997;1.73603937
28998;1.73603937
28999;1.73603937
29000;1.69603873
29001;1.69603873
29002;1.69603873
29003;1.69603873
29004;1.73248292
29005;1.73248292
29006;1.73248292
29007;1.73248292
29008;1.94854761
29009;1.94854761
29010;1.94854761
29011;1.94854761
29012;2.50657584
29013;2.50657584
29014;2.50657584
29015;2.50657584
29016;6.3657219
29017;6.3657219
29018;6.3657219
29019;6.3657219
29020;7.99557056
29021;7.99557056
29022;7.99557056
29023;7.99557056
29024;7.42335289
29025;7.42335289
29026;7.42335289
29027;7.42335289
29028;6.44289697
29029;6.44289697
29030;6.44289697
29031;6.44289697
29032;5.97279933
29033;5.97279933
29034;5.97279933
29035;5.97279933
29036;6.20987503
29037;6.20987503
29038;6.20987503
29039;6.20987503
29040;7.47555545
29041;7.47555545
29042;7.47555545
29043;7.47555545
29044;5.25132171
29045;5.25132171
29046;5.25132171
29047;5.25132171
29048;5.14792237
29049;5.14792237
29050;5.14792237
29051;5.14792237
29052;6.24820794
29053;6.24820794
29054;6.24820794
29055;6.24820794
29056;5.40030106
29057;5.40030106
29058;5.40030106
29059;5.40030106
29060;6.34515612
29061;6.34515612
29062;6.34515612
29063;6.34515612
29064;7.11389235
29065;7.11389235
29066;7.11389235
29067;7.11389235
29068;7.88071893
29069;7.88071893
29070;7.88071893
29071;7.88071893
29072;7.54401294
29073;7.54401294
29074;7.54401294
29075;7.54401294
29076;7.04402302
29077;7.04402302
29078;7.04402302
29079;7.04402302
29080;7.40624538
29081;7.40624538
29082;7.40624538
29083;7.40624538
29084;7.40524138
29085;7.40524138
29086;7.40524138
29087;7.40524138
29088;5.33590554
29089;5.33590554
29090;5.33590554
29091;5.33590554
29092;2.16409799
29093;2.16409799
29094;2.16409799
29095;2.16409799
29096;2.02603818
29097;2.02603818
29098;2.02603818
29099;2.02603818
29100;1.89482824
29101;1.89482824
29102;1.89482824
29103;1.89482824
29104;1.894502
29105;1.894502
29106;1.894502
29107;1.894502
29108;2.27318745
29109;2.27318745
29110;2.27318745
29111;2.27318745
29112;4.77642425
29113;4.77642425
29114;4.77642425
29115;4.77642425
29116;6.19967641
29117;6.19967641
29118;6.19967641
29119;6.19967641
29120;7.40783024
29121;7.40783024
29122;7.40783024
29123;7.40783024
29124;7.98771483
29125;7.98771483
29126;7.98771483
29127;7.98771483
29128;7.63833506
29129;7.63833506
29130;7.63833506
29131;7.63833506
29132;6.95729128
29133;6.95729128
29134;6.95729128
29135;6.95729128
29136;7.39454297
29137;7.39454297
29138;7.39454297
29139;7.39454297
29140;7.26318604
29141;7.26318604
29142;7.26318604
29143;7.26318604
29144;6.89755823
29145;6.89755823
29146;6.89755823
29147;6.89755823
29148;5.60771098
29149;5.60771098
29150;5.60771098
29151;5.60771098
29152;5.85966053
29153;5.85966053
29154;5.85966053
29155;5.85966053
29156;7.73118337
29157;7.73118337
29158;7.73118337
29159;7.73118337
29160;8.39854368
29161;8.39854368
29162;8.39854368
29163;8.39854368
29164;8.33306601
29165;8.33306601
29166;8.33306601
29167;8.33306601
29168;8.48657828
29169;8.48657828
29170;8.48657828
29171;8.48657828
29172;8.50395057
29173;8.50395057
29174;8.50395057
29175;8.50395057
29176;8.70772512
29177;8.70772512
29178;8.70772512
29179;8.70772512
29180;8.36360522
29181;8.36360522
29182;8.36360522
29183;8.36360522
29184;5.02157532
29185;5.02157532
29186;5.02157532
29187;5.02157532
29188;1.5660105
29189;1.5660105
29190;1.5660105
29191;1.5660105
29192;1.45847169
29193;1.45847169
29194;1.45847169
29195;1.45847169
29196;1.35655003
29197;1.35655003
29198;1.35655003
29199;1.35655003
29200;1.32477645
29201;1.32477645
29202;1.32477645
29203;1.32477645
29204;1.57224181
29205;1.57224181
29206;1.57224181
29207;1.57224181
29208;2.99718256
29209;2.99718256
29210;2.99718256
29211;2.99718256
29212;4.51136221
29213;4.51136221
29214;4.51136221
29215;4.51136221
29216;6.48700803
29217;6.48700803
29218;6.48700803
29219;6.48700803
29220;7.91747659
29221;7.91747659
29222;7.91747659
29223;7.91747659
29224;8.11759714
29225;8.11759714
29226;8.11759714
29227;8.11759714
29228;6.80731939
29229;6.80731939
29230;6.80731939
29231;6.80731939
29232;6.37089337
29233;6.37089337
29234;6.37089337
29235;6.37089337
29236;4.73836494
29237;4.73836494
29238;4.73836494
29239;4.73836494
29240;4.21061216
29241;4.21061216
29242;4.21061216
29243;4.21061216
29244;3.74964418
29245;3.74964418
29246;3.74964418
29247;3.74964418
29248;4.15619622
29249;4.15619622
29250;4.15619622
29251;4.15619622
29252;5.1505516
29253;5.1505516
29254;5.1505516
29255;5.1505516
29256;7.45628814
29257;7.45628814
29258;7.45628814
29259;7.45628814
29260;8.0534744
29261;8.0534744
29262;8.0534744
29263;8.0534744
29264;7.72782825
29265;7.72782825
29266;7.72782825
29267;7.72782825
29268;6.56553427
29269;6.56553427
29270;6.56553427
29271;6.56553427
29272;6.8660041
29273;6.8660041
29274;6.8660041
29275;6.8660041
29276;3.92488448
29277;3.92488448
29278;3.92488448
29279;3.92488448
29280;1.21996068
29281;1.21996068
29282;1.21996068
29283;1.21996068
29284;0.762264284
29285;0.762264284
29286;0.762264284
29287;0.762264284
29288;0.748320158
29289;0.748320158
29290;0.748320158
29291;0.748320158
29292;0.733312725
29293;0.733312725
29294;0.733312725
29295;0.733312725
29296;0.852167261
29297;0.852167261
29298;0.852167261
29299;0.852167261
29300;1.28874318
29301;1.28874318
29302;1.28874318
29303;1.28874318
29304;3.31493477
29305;3.31493477
29306;3.31493477
29307;3.31493477
29308;5.70412285
29309;5.70412285
29310;5.70412285
29311;5.70412285
29312;5.66017666
29313;5.66017666
29314;5.66017666
29315;5.66017666
29316;5.17433613
29317;5.17433613
29318;5.17433613
29319;5.17433613
29320;3.04706413
29321;3.04706413
29322;3.04706413
29323;3.04706413
29324;2.51427743
29325;2.51427743
29326;2.51427743
29327;2.51427743
29328;3.17604935
29329;3.17604935
29330;3.17604935
29331;3.17604935
29332;2.33103075
29333;2.33103075
29334;2.33103075
29335;2.33103075
29336;2.06741467
29337;2.06741467
29338;2.06741467
29339;2.06741467
29340;1.9907477
29341;1.9907477
29342;1.9907477
29343;1.9907477
29344;2.12945199
29345;2.12945199
29346;2.12945199
29347;2.12945199
29348;3.19118224
29349;3.19118224
29350;3.19118224
29351;3.19118224
29352;5.781491
29353;5.781491
29354;5.781491
29355;5.781491
29356;6.37001745
29357;6.37001745
29358;6.37001745
29359;6.37001745
29360;5.71475749
29361;5.71475749
29362;5.71475749
29363;5.71475749
29364;4.63466659
29365;4.63466659
29366;4.63466659
29367;4.63466659
29368;4.1275671
29369;4.1275671
29370;4.1275671
29371;4.1275671
29372;4.08390361
29373;4.08390361
29374;4.08390361
29375;4.08390361
29376;2.45302728
29377;2.45302728
29378;2.45302728
29379;2.45302728
29380;1.20915507
29381;1.20915507
29382;1.20915507
29383;1.20915507
29384;1.20642229
29385;1.20642229
29386;1.20642229
29387;1.20642229
29388;1.21426333
29389;1.21426333
29390;1.21426333
29391;1.21426333
29392;1.36978257
29393;1.36978257
29394;1.36978257
29395;1.36978257
29396;1.89814878
29397;1.89814878
29398;1.89814878
29399;1.89814878
29400;4.84623703
29401;4.84623703
29402;4.84623703
29403;4.84623703
29404;8.32255384
29405;8.32255384
29406;8.32255384
29407;8.32255384
29408;7.61122738
29409;7.61122738
29410;7.61122738
29411;7.61122738
29412;6.4299498
29413;6.4299498
29414;6.4299498
29415;6.4299498
29416;5.76557501
29417;5.76557501
29418;5.76557501
29419;5.76557501
29420;4.66370421
29421;4.66370421
29422;4.66370421
29423;4.66370421
29424;4.59974959
29425;4.59974959
29426;4.59974959
29427;4.59974959
29428;4.35167967
29429;4.35167967
29430;4.35167967
29431;4.35167967
29432;3.96516692
29433;3.96516692
29434;3.96516692
29435;3.96516692
29436;3.58305444
29437;3.58305444
29438;3.58305444
29439;3.58305444
29440;3.82016294
29441;3.82016294
29442;3.82016294
29443;3.82016294
29444;5.13675824
29445;5.13675824
29446;5.13675824
29447;5.13675824
29448;8.84546217
29449;8.84546217
29450;8.84546217
29451;8.84546217
29452;8.29322324
29453;8.29322324
29454;8.29322324
29455;8.29322324
29456;7.54866086
29457;7.54866086
29458;7.54866086
29459;7.54866086
29460;7.03699469
29461;7.03699469
29462;7.03699469
29463;7.03699469
29464;6.98385821
29465;6.98385821
29466;6.98385821
29467;6.98385821
29468;6.5605152
29469;6.5605152
29470;6.5605152
29471;6.5605152
29472;3.80083382
29473;3.80083382
29474;3.80083382
29475;3.80083382
29476;2.35327699
29477;2.35327699
29478;2.35327699
29479;2.35327699
29480;2.10787621
29481;2.10787621
29482;2.10787621
29483;2.10787621
29484;2.09600516
29485;2.09600516
29486;2.09600516
29487;2.09600516
29488;2.24413963
29489;2.24413963
29490;2.24413963
29491;2.24413963
29492;2.93376509
29493;2.93376509
29494;2.93376509
29495;2.93376509
29496;7.14758919
29497;7.14758919
29498;7.14758919
29499;7.14758919
29500;8.61989665
29501;8.61989665
29502;8.61989665
29503;8.61989665
29504;7.67917261
29505;7.67917261
29506;7.67917261
29507;7.67917261
29508;7.20646313
29509;7.20646313
29510;7.20646313
29511;7.20646313
29512;6.76888425
29513;6.76888425
29514;6.76888425
29515;6.76888425
29516;6.21217602
29517;6.21217602
29518;6.21217602
29519;6.21217602
29520;6.68856732
29521;6.68856732
29522;6.68856732
29523;6.68856732
29524;6.87816406
29525;6.87816406
29526;6.87816406
29527;6.87816406
29528;8.17318202
29529;8.17318202
29530;8.17318202
29531;8.17318202
29532;7.09409807
29533;7.09409807
29534;7.09409807
29535;7.09409807
29536;8.16225885
29537;8.16225885
29538;8.16225885
29539;8.16225885
29540;7.57629593
29541;7.57629593
29542;7.57629593
29543;7.57629593
29544;7.91403477
29545;7.91403477
29546;7.91403477
29547;7.91403477
29548;8.73741471
29549;8.73741471
29550;8.73741471
29551;8.73741471
29552;9.75822879
29553;9.75822879
29554;9.75822879
29555;9.75822879
29556;7.71382795
29557;7.71382795
29558;7.71382795
29559;7.71382795
29560;9.69207145
29561;9.69207145
29562;9.69207145
29563;9.69207145
29564;8.18221389
29565;8.18221389
29566;8.18221389
29567;8.18221389
29568;5.70442979
29569;5.70442979
29570;5.70442979
29571;5.70442979
29572;5.15282016
29573;5.15282016
29574;5.15282016
29575;5.15282016
29576;3.38324154
29577;3.38324154
29578;3.38324154
29579;3.38324154
29580;1.82070129
29581;1.82070129
29582;1.82070129
29583;1.82070129
29584;2.0063876
29585;2.0063876
29586;2.0063876
29587;2.0063876
29588;2.60334197
29589;2.60334197
29590;2.60334197
29591;2.60334197
29592;6.66139602
29593;6.66139602
29594;6.66139602
29595;6.66139602
29596;8.58789771
29597;8.58789771
29598;8.58789771
29599;8.58789771
29600;7.56026097
29601;7.56026097
29602;7.56026097
29603;7.56026097
29604;7.43761674
29605;7.43761674
29606;7.43761674
29607;7.43761674
29608;7.79709732
29609;7.79709732
29610;7.79709732
29611;7.79709732
29612;7.40193912
29613;7.40193912
29614;7.40193912
29615;7.40193912
29616;6.84046623
29617;6.84046623
29618;6.84046623
29619;6.84046623
29620;5.73914462
29621;5.73914462
29622;5.73914462
29623;5.73914462
29624;5.80999644
29625;5.80999644
29626;5.80999644
29627;5.80999644
29628;5.73186444
29629;5.73186444
29630;5.73186444
29631;5.73186444
29632;5.76454053
29633;5.76454053
29634;5.76454053
29635;5.76454053
29636;7.15064976
29637;7.15064976
29638;7.15064976
29639;7.15064976
29640;9.40220306
29641;9.40220306
29642;9.40220306
29643;9.40220306
29644;8.60051556
29645;8.60051556
29646;8.60051556
29647;8.60051556
29648;9.63177823
29649;9.63177823
29650;9.63177823
29651;9.63177823
29652;8.01570811
29653;8.01570811
29654;8.01570811
29655;8.01570811
29656;9.28378625
29657;9.28378625
29658;9.28378625
29659;9.28378625
29660;9.55595984
29661;9.55595984
29662;9.55595984
29663;9.55595984
29664;7.0395382
29665;7.0395382
29666;7.0395382
29667;7.0395382
29668;3.8918564
29669;3.8918564
29670;3.8918564
29671;3.8918564
29672;2.08859437
29673;2.08859437
29674;2.08859437
29675;2.08859437
29676;2.09109406
29677;2.09109406
29678;2.09109406
29679;2.09109406
29680;2.27905909
29681;2.27905909
29682;2.27905909
29683;2.27905909
29684;2.93323608
29685;2.93323608
29686;2.93323608
29687;2.93323608
29688;7.32847562
29689;7.32847562
29690;7.32847562
29691;7.32847562
29692;8.46451395
29693;8.46451395
29694;8.46451395
29695;8.46451395
29696;7.71473735
29697;7.71473735
29698;7.71473735
29699;7.71473735
29700;6.63689446
29701;6.63689446
29702;6.63689446
29703;6.63689446
29704;6.14601387
29705;6.14601387
29706;6.14601387
29707;6.14601387
29708;6.46816987
29709;6.46816987
29710;6.46816987
29711;6.46816987
29712;7.97486848
29713;7.97486848
29714;7.97486848
29715;7.97486848
29716;5.58959474
29717;5.58959474
29718;5.58959474
29719;5.58959474
29720;5.49930644
29721;5.49930644
29722;5.49930644
29723;5.49930644
29724;6.75594276
29725;6.75594276
29726;6.75594276
29727;6.75594276
29728;5.94222613
29729;5.94222613
29730;5.94222613
29731;5.94222613
29732;6.99639898
29733;6.99639898
29734;6.99639898
29735;6.99639898
29736;7.94050324
29737;7.94050324
29738;7.94050324
29739;7.94050324
29740;8.54944867
29741;8.54944867
29742;8.54944867
29743;8.54944867
29744;8.29407218
29745;8.29407218
29746;8.29407218
29747;8.29407218
29748;7.1611074
29749;7.1611074
29750;7.1611074
29751;7.1611074
29752;8.21294782
29753;8.21294782
29754;8.21294782
29755;8.21294782
29756;7.81529312
29757;7.81529312
29758;7.81529312
29759;7.81529312
29760;6.85017473
29761;6.85017473
29762;6.85017473
29763;6.85017473
29764;5.52631029
29765;5.52631029
29766;5.52631029
29767;5.52631029
29768;5.4119212
29769;5.4119212
29770;5.4119212
29771;5.4119212
29772;3.03513152
29773;3.03513152
29774;3.03513152
29775;3.03513152
29776;1.97730042
29777;1.97730042
29778;1.97730042
29779;1.97730042
29780;2.37266642
29781;2.37266642
29782;2.37266642
29783;2.37266642
29784;4.93572301
29785;4.93572301
29786;4.93572301
29787;4.93572301
29788;6.36407977
29789;6.36407977
29790;6.36407977
29791;6.36407977
29792;7.84439959
29793;7.84439959
29794;7.84439959
29795;7.84439959
29796;8.64127575
29797;8.64127575
29798;8.64127575
29799;8.64127575
29800;8.13434539
29801;8.13434539
29802;8.13434539
29803;8.13434539
29804;7.32146095
29805;7.32146095
29806;7.32146095
29807;7.32146095
29808;7.6801181
29809;7.6801181
29810;7.6801181
29811;7.6801181
29812;7.51738503
29813;7.51738503
29814;7.51738503
29815;7.51738503
29816;7.11563074
29817;7.11563074
29818;7.11563074
29819;7.11563074
29820;5.64301184
29821;5.64301184
29822;5.64301184
29823;5.64301184
29824;5.97865765
29825;5.97865765
29826;5.97865765
29827;5.97865765
29828;7.53166837
29829;7.53166837
29830;7.53166837
29831;7.53166837
29832;8.65490449
29833;8.65490449
29834;8.65490449
29835;8.65490449
29836;8.8701242
29837;8.8701242
29838;8.8701242
29839;8.8701242
29840;9.08242751
29841;9.08242751
29842;9.08242751
29843;9.08242751
29844;9.12406727
29845;9.12406727
29846;9.12406727
29847;9.12406727
29848;9.34489366
29849;9.34489366
29850;9.34489366
29851;9.34489366
29852;9.04338853
29853;9.04338853
29854;9.04338853
29855;9.04338853
29856;5.63239795
29857;5.63239795
29858;5.63239795
29859;5.63239795
29860;3.51519827
29861;3.51519827
29862;3.51519827
29863;3.51519827
29864;1.70325998
29865;1.70325998
29866;1.70325998
29867;1.70325998
29868;1.61409555
29869;1.61409555
29870;1.61409555
29871;1.61409555
29872;1.64332472
29873;1.64332472
29874;1.64332472
29875;1.64332472
29876;1.93146169
29877;1.93146169
29878;1.93146169
29879;1.93146169
29880;3.9008854
29881;3.9008854
29882;3.9008854
29883;3.9008854
29884;6.19573233
29885;6.19573233
29886;6.19573233
29887;6.19573233
29888;7.93550247
29889;7.93550247
29890;7.93550247
29891;7.93550247
29892;8.82479813
29893;8.82479813
29894;8.82479813
29895;8.82479813
29896;8.48676658
29897;8.48676658
29898;8.48676658
29899;8.48676658
29900;6.96711637
29901;6.96711637
29902;6.96711637
29903;6.96711637
29904;6.67714716
29905;6.67714716
29906;6.67714716
29907;6.67714716
29908;5.75556825
29909;5.75556825
29910;5.75556825
29911;5.75556825
29912;5.48873625
29913;5.48873625
29914;5.48873625
29915;5.48873625
29916;4.8452161
29917;4.8452161
29918;4.8452161
29919;4.8452161
29920;4.77733571
29921;4.77733571
29922;4.77733571
29923;4.77733571
29924;5.83605935
29925;5.83605935
29926;5.83605935
29927;5.83605935
29928;7.9775976
29929;7.9775976
29930;7.9775976
29931;7.9775976
29932;8.59239065
29933;8.59239065
29934;8.59239065
29935;8.59239065
29936;8.04414437
29937;8.04414437
29938;8.04414437
29939;8.04414437
29940;6.92702964
29941;6.92702964
29942;6.92702964
29943;6.92702964
29944;7.85241675
29945;7.85241675
29946;7.85241675
29947;7.85241675
29948;4.54610291
29949;4.54610291
29950;4.54610291
29951;4.54610291
29952;2.30233977
29953;2.30233977
29954;2.30233977
29955;2.30233977
29956;1.69683152
29957;1.69683152
29958;1.69683152
29959;1.69683152
29960;1.67848115
29961;1.67848115
29962;1.67848115
29963;1.67848115
29964;1.6640566
29965;1.6640566
29966;1.6640566
29967;1.6640566
29968;1.83520131
29969;1.83520131
29970;1.83520131
29971;1.83520131
29972;2.42365113
29973;2.42365113
29974;2.42365113
29975;2.42365113
29976;5.95937545
29977;5.95937545
29978;5.95937545
29979;5.95937545
29980;8.66612473
29981;8.66612473
29982;8.66612473
29983;8.66612473
29984;8.05247376
29985;8.05247376
29986;8.05247376
29987;8.05247376
29988;8.15121704
29989;8.15121704
29990;8.15121704
29991;8.15121704
29992;6.16047367
29993;6.16047367
29994;6.16047367
29995;6.16047367
29996;5.59494622
29997;5.59494622
29998;5.59494622
29999;5.59494622
30000;6.20052136
30001;6.20052136
30002;6.20052136
30003;6.20052136
30004;5.19861052
30005;5.19861052
30006;5.19861052
30007;5.19861052
30008;4.21363961
30009;4.21363961
30010;4.21363961
30011;4.21363961
30012;3.85541683
30013;3.85541683
30014;3.85541683
30015;3.85541683
30016;4.02659564
30017;4.02659564
30018;4.02659564
30019;4.02659564
30020;5.26957232
30021;5.26957232
30022;5.26957232
30023;5.26957232
30024;8.37190213
30025;8.37190213
30026;8.37190213
30027;8.37190213
30028;8.75766616
30029;8.75766616
30030;8.75766616
30031;8.75766616
30032;8.16844244
30033;8.16844244
30034;8.16844244
30035;8.16844244
30036;7.44211677
30037;7.44211677
30038;7.44211677
30039;7.44211677
30040;7.47470024
30041;7.47470024
30042;7.47470024
30043;7.47470024
30044;5.97852095
30045;5.97852095
30046;5.97852095
30047;5.97852095
30048;3.33784557
30049;3.33784557
30050;3.33784557
30051;3.33784557
30052;1.84283206
30053;1.84283206
30054;1.84283206
30055;1.84283206
30056;1.82776907
30057;1.82776907
30058;1.82776907
30059;1.82776907
30060;1.82051297
30061;1.82051297
30062;1.82051297
30063;1.82051297
30064;2.01310233
30065;2.01310233
30066;2.01310233
30067;2.01310233
30068;2.59292219
30069;2.59292219
30070;2.59292219
30071;2.59292219
30072;6.42060404
30073;6.42060404
30074;6.42060404
30075;6.42060404
30076;9.00519616
30077;9.00519616
30078;9.00519616
30079;9.00519616
30080;8.3705116
30081;8.3705116
30082;8.3705116
30083;8.3705116
30084;7.06788269
30085;7.06788269
30086;7.06788269
30087;7.06788269
30088;6.37917609
30089;6.37917609
30090;6.37917609
30091;6.37917609
30092;5.80019952
30093;5.80019952
30094;5.80019952
30095;5.80019952
30096;6.47856091
30097;6.47856091
30098;6.47856091
30099;6.47856091
30100;5.93679272
30101;5.93679272
30102;5.93679272
30103;5.93679272
30104;5.72606842
30105;5.72606842
30106;5.72606842
30107;5.72606842
30108;5.49238875
30109;5.49238875
30110;5.49238875
30111;5.49238875
30112;5.68002044
30113;5.68002044
30114;5.68002044
30115;5.68002044
30116;6.62960621
30117;6.62960621
30118;6.62960621
30119;6.62960621
30120;9.14683085
30121;9.14683085
30122;9.14683085
30123;9.14683085
30124;8.48587301
30125;8.48587301
30126;8.48587301
30127;8.48587301
30128;7.91291927
30129;7.91291927
30130;7.91291927
30131;7.91291927
30132;7.37800382
30133;7.37800382
30134;7.37800382
30135;7.37800382
30136;7.32376271
30137;7.32376271
30138;7.32376271
30139;7.32376271
30140;8.86846903
30141;8.86846903
30142;8.86846903
30143;8.86846903
30144;5.540943
30145;5.540943
30146;5.540943
30147;5.540943
30148;2.20846321
30149;2.20846321
30150;2.20846321
30151;2.20846321
30152;1.94377407
30153;1.94377407
30154;1.94377407
30155;1.94377407
30156;1.9152288
30157;1.9152288
30158;1.9152288
30159;1.9152288
30160;2.04187501
30161;2.04187501
30162;2.04187501
30163;2.04187501
30164;2.67937405
30165;2.67937405
30166;2.67937405
30167;2.67937405
30168;6.41532961
30169;6.41532961
30170;6.41532961
30171;6.41532961
30172;8.5809428
30173;8.5809428
30174;8.5809428
30175;8.5809428
30176;7.63093094
30177;7.63093094
30178;7.63093094
30179;7.63093094
30180;7.12502641
30181;7.12502641
30182;7.12502641
30183;7.12502641
30184;6.51958709
30185;6.51958709
30186;6.51958709
30187;6.51958709
30188;5.82791784
30189;5.82791784
30190;5.82791784
30191;5.82791784
30192;6.32017799
30193;6.32017799
30194;6.32017799
30195;6.32017799
30196;6.46455901
30197;6.46455901
30198;6.46455901
30199;6.46455901
30200;7.69435864
30201;7.69435864
30202;7.69435864
30203;7.69435864
30204;6.5530573
30205;6.5530573
30206;6.5530573
30207;6.5530573
30208;7.42865643
30209;7.42865643
30210;7.42865643
30211;7.42865643
30212;6.42390091
30213;6.42390091
30214;6.42390091
30215;6.42390091
30216;7.47058683
30217;7.47058683
30218;7.47058683
30219;7.47058683
30220;8.29771374
30221;8.29771374
30222;8.29771374
30223;8.29771374
30224;9.46645644
30225;9.46645644
30226;9.46645644
30227;9.46645644
30228;7.63534031
30229;7.63534031
30230;7.63534031
30231;7.63534031
30232;9.60725148
30233;9.60725148
30234;9.60725148
30235;9.60725148
30236;8.1079684
30237;8.1079684
30238;8.1079684
30239;8.1079684
30240;5.67911285
30241;5.67911285
30242;5.67911285
30243;5.67911285
30244;3.0544136
30245;3.0544136
30246;3.0544136
30247;3.0544136
30248;1.70783989
30249;1.70783989
30250;1.70783989
30251;1.70783989
30252;1.72483981
30253;1.72483981
30254;1.72483981
30255;1.72483981
30256;1.84099012
30257;1.84099012
30258;1.84099012
30259;1.84099012
30260;2.46751287
30261;2.46751287
30262;2.46751287
30263;2.46751287
30264;6.28846615
30265;6.28846615
30266;6.28846615
30267;6.28846615
30268;8.5453431
30269;8.5453431
30270;8.5453431
30271;8.5453431
30272;7.53534292
30273;7.53534292
30274;7.53534292
30275;7.53534292
30276;7.17682997
30277;7.17682997
30278;7.17682997
30279;7.17682997
30280;7.35623496
30281;7.35623496
30282;7.35623496
30283;7.35623496
30284;6.635797
30285;6.635797
30286;6.635797
30287;6.635797
30288;6.10253044
30289;6.10253044
30290;6.10253044
30291;6.10253044
30292;5.06864087
30293;5.06864087
30294;5.06864087
30295;5.06864087
30296;4.96677982
30297;4.96677982
30298;4.96677982
30299;4.96677982
30300;3.73461641
30301;3.73461641
30302;3.73461641
30303;3.73461641
30304;3.83216542
30305;3.83216542
30306;3.83216542
30307;3.83216542
30308;5.67059392
30309;5.67059392
30310;5.67059392
30311;5.67059392
30312;8.82883867
30313;8.82883867
30314;8.82883867
30315;8.82883867
30316;8.09261631
30317;8.09261631
30318;8.09261631
30319;8.09261631
30320;9.26467285
30321;9.26467285
30322;9.26467285
30323;9.26467285
30324;7.67175231
30325;7.67175231
30326;7.67175231
30327;7.67175231
30328;9.09733515
30329;9.09733515
30330;9.09733515
30331;9.09733515
30332;9.47899082
30333;9.47899082
30334;9.47899082
30335;9.47899082
30336;6.34508118
30337;6.34508118
30338;6.34508118
30339;6.34508118
30340;1.69546079
30341;1.69546079
30342;1.69546079
30343;1.69546079
30344;1.62992079
30345;1.62992079
30346;1.62992079
30347;1.62992079
30348;1.63096932
30349;1.63096932
30350;1.63096932
30351;1.63096932
30352;1.75031487
30353;1.75031487
30354;1.75031487
30355;1.75031487
30356;2.39791019
30357;2.39791019
30358;2.39791019
30359;2.39791019
30360;6.19752208
30361;6.19752208
30362;6.19752208
30363;6.19752208
30364;8.58772729
30365;8.58772729
30366;8.58772729
30367;8.58772729
30368;7.77944159
30369;7.77944159
30370;7.77944159
30371;7.77944159
30372;6.66888533
30373;6.66888533
30374;6.66888533
30375;6.66888533
30376;5.75514384
30377;5.75514384
30378;5.75514384
30379;5.75514384
30380;5.71790256
30381;5.71790256
30382;5.71790256
30383;5.71790256
30384;7.21382576
30385;7.21382576
30386;7.21382576
30387;7.21382576
30388;4.35694828
30389;4.35694828
30390;4.35694828
30391;4.35694828
30392;3.51426352
30393;3.51426352
30394;3.51426352
30395;3.51426352
30396;4.64315022
30397;4.64315022
30398;4.64315022
30399;4.64315022
30400;3.74009327
30401;3.74009327
30402;3.74009327
30403;3.74009327
30404;5.11255695
30405;5.11255695
30406;5.11255695
30407;5.11255695
30408;6.97141385
30409;6.97141385
30410;6.97141385
30411;6.97141385
30412;7.61609655
30413;7.61609655
30414;7.61609655
30415;7.61609655
30416;7.45995041
30417;7.45995041
30418;7.45995041
30419;7.45995041
30420;6.80236601
30421;6.80236601
30422;6.80236601
30423;6.80236601
30424;7.19660033
30425;7.19660033
30426;7.19660033
30427;7.19660033
30428;7.27450774
30429;7.27450774
30430;7.27450774
30431;7.27450774
30432;3.94291324
30433;3.94291324
30434;3.94291324
30435;3.94291324
30436;1.75165005
30437;1.75165005
30438;1.75165005
30439;1.75165005
30440;1.60854709
30441;1.60854709
30442;1.60854709
30443;1.60854709
30444;1.46896516
30445;1.46896516
30446;1.46896516
30447;1.46896516
30448;1.4359483
30449;1.4359483
30450;1.4359483
30451;1.4359483
30452;1.76414464
30453;1.76414464
30454;1.76414464
30455;1.76414464
30456;3.57213349
30457;3.57213349
30458;3.57213349
30459;3.57213349
30460;5.50461148
30461;5.50461148
30462;5.50461148
30463;5.50461148
30464;7.4816906
30465;7.4816906
30466;7.4816906
30467;7.4816906
30468;8.34082026
30469;8.34082026
30470;8.34082026
30471;8.34082026
30472;7.40758063
30473;7.40758063
30474;7.40758063
30475;7.40758063
30476;6.50673433
30477;6.50673433
30478;6.50673433
30479;6.50673433
30480;6.8127068
30481;6.8127068
30482;6.8127068
30483;6.8127068
30484;6.09718381
30485;6.09718381
30486;6.09718381
30487;6.09718381
30488;5.60769267
30489;5.60769267
30490;5.60769267
30491;5.60769267
30492;4.06292281
30493;4.06292281
30494;4.06292281
30495;4.06292281
30496;4.35597521
30497;4.35597521
30498;4.35597521
30499;4.35597521
30500;6.11667809
30501;6.11667809
30502;6.11667809
30503;6.11667809
30504;7.87287373
30505;7.87287373
30506;7.87287373
30507;7.87287373
30508;8.33256465
30509;8.33256465
30510;8.33256465
30511;8.33256465
30512;8.56490363
30513;8.56490363
30514;8.56490363
30515;8.56490363
30516;8.44853556
30517;8.44853556
30518;8.44853556
30519;8.44853556
30520;7.60382276
30521;7.60382276
30522;7.60382276
30523;7.60382276
30524;5.96108316
30525;5.96108316
30526;5.96108316
30527;5.96108316
30528;2.05879099
30529;2.05879099
30530;2.05879099
30531;2.05879099
30532;1.57197603
30533;1.57197603
30534;1.57197603
30535;1.57197603
30536;1.47324023
30537;1.47324023
30538;1.47324023
30539;1.47324023
30540;1.38321271
30541;1.38321271
30542;1.38321271
30543;1.38321271
30544;1.40232569
30545;1.40232569
30546;1.40232569
30547;1.40232569
30548;1.65363457
30549;1.65363457
30550;1.65363457
30551;1.65363457
30552;3.26441018
30553;3.26441018
30554;3.26441018
30555;3.26441018
30556;5.27133061
30557;5.27133061
30558;5.27133061
30559;5.27133061
30560;7.19951712
30561;7.19951712
30562;7.19951712
30563;7.19951712
30564;8.60510221
30565;8.60510221
30566;8.60510221
30567;8.60510221
30568;8.36115954
30569;8.36115954
30570;8.36115954
30571;8.36115954
30572;6.83199947
30573;6.83199947
30574;6.83199947
30575;6.83199947
30576;6.34172594
30577;6.34172594
30578;6.34172594
30579;6.34172594
30580;4.78952702
30581;4.78952702
30582;4.78952702
30583;4.78952702
30584;4.36980898
30585;4.36980898
30586;4.36980898
30587;4.36980898
30588;3.98222392
30589;3.98222392
30590;3.98222392
30591;3.98222392
30592;4.44623553
30593;4.44623553
30594;4.44623553
30595;4.44623553
30596;5.44868686
30597;5.44868686
30598;5.44868686
30599;5.44868686
30600;7.59261911
30601;7.59261911
30602;7.59261911
30603;7.59261911
30604;8.3565984
30605;8.3565984
30606;8.3565984
30607;8.3565984
30608;7.87179365
30609;7.87179365
30610;7.87179365
30611;7.87179365
30612;6.41085209
30613;6.41085209
30614;6.41085209
30615;6.41085209
30616;6.38365391
30617;6.38365391
30618;6.38365391
30619;6.38365391
30620;4.06573642
30621;4.06573642
30622;4.06573642
30623;4.06573642
30624;2.05042925
30625;2.05042925
30626;2.05042925
30627;2.05042925
30628;1.5406587
30629;1.5406587
30630;1.5406587
30631;1.5406587
30632;1.5306804
30633;1.5306804
30634;1.5306804
30635;1.5306804
30636;1.55923088
30637;1.55923088
30638;1.55923088
30639;1.55923088
30640;1.72486713
30641;1.72486713
30642;1.72486713
30643;1.72486713
30644;2.35626444
30645;2.35626444
30646;2.35626444
30647;2.35626444
30648;5.82149089
30649;5.82149089
30650;5.82149089
30651;5.82149089
30652;8.42085665
30653;8.42085665
30654;8.42085665
30655;8.42085665
30656;7.83780224
30657;7.83780224
30658;7.83780224
30659;7.83780224
30660;7.92868897
30661;7.92868897
30662;7.92868897
30663;7.92868897
30664;6.27198923
30665;6.27198923
30666;6.27198923
30667;6.27198923
30668;6.01027143
30669;6.01027143
30670;6.01027143
30671;6.01027143
30672;6.70993054
30673;6.70993054
30674;6.70993054
30675;6.70993054
30676;5.76966073
30677;5.76966073
30678;5.76966073
30679;5.76966073
30680;4.5884371
30681;4.5884371
30682;4.5884371
30683;4.5884371
30684;3.89349144
30685;3.89349144
30686;3.89349144
30687;3.89349144
30688;4.1158938
30689;4.1158938
30690;4.1158938
30691;4.1158938
30692;5.53953878
30693;5.53953878
30694;5.53953878
30695;5.53953878
30696;8.70845898
30697;8.70845898
30698;8.70845898
30699;8.70845898
30700;8.89225026
30701;8.89225026
30702;8.89225026
30703;8.89225026
30704;8.26885172
30705;8.26885172
30706;8.26885172
30707;8.26885172
30708;7.39209929
30709;7.39209929
30710;7.39209929
30711;7.39209929
30712;7.43987198
30713;7.43987198
30714;7.43987198
30715;7.43987198
30716;7.96253446
30717;7.96253446
30718;7.96253446
30719;7.96253446
30720;4.84663826
30721;4.84663826
30722;4.84663826
30723;4.84663826
30724;1.84614084
30725;1.84614084
30726;1.84614084
30727;1.84614084
30728;1.83347542
30729;1.83347542
30730;1.83347542
30731;1.83347542
30732;1.82621738
30733;1.82621738
30734;1.82621738
30735;1.82621738
30736;2.0193715
30737;2.0193715
30738;2.0193715
30739;2.0193715
30740;2.60496506
30741;2.60496506
30742;2.60496506
30743;2.60496506
30744;6.49909268
30745;6.49909268
30746;6.49909268
30747;6.49909268
30748;9.07239301
30749;9.07239301
30750;9.07239301
30751;9.07239301
30752;8.24760858
30753;8.24760858
30754;8.24760858
30755;8.24760858
30756;7.08480577
30757;7.08480577
30758;7.08480577
30759;7.08480577
30760;6.30280906
30761;6.30280906
30762;6.30280906
30763;6.30280906
30764;5.67579619
30765;5.67579619
30766;5.67579619
30767;5.67579619
30768;6.34155983
30769;6.34155983
30770;6.34155983
30771;6.34155983
30772;6.0062743
30773;6.0062743
30774;6.0062743
30775;6.0062743
30776;5.80862831
30777;5.80862831
30778;5.80862831
30779;5.80862831
30780;5.59724355
30781;5.59724355
30782;5.59724355
30783;5.59724355
30784;5.89929217
30785;5.89929217
30786;5.89929217
30787;5.89929217
30788;6.88816832
30789;6.88816832
30790;6.88816832
30791;6.88816832
30792;9.35112414
30793;9.35112414
30794;9.35112414
30795;9.35112414
30796;8.74486156
30797;8.74486156
30798;8.74486156
30799;8.74486156
30800;8.00995959
30801;8.00995959
30802;8.00995959
30803;8.00995959
30804;7.54970193
30805;7.54970193
30806;7.54970193
30807;7.54970193
30808;7.3789535
30809;7.3789535
30810;7.3789535
30811;7.3789535
30812;8.85838174
30813;8.85838174
30814;8.85838174
30815;8.85838174
30816;6.19822046
30817;6.19822046
30818;6.19822046
30819;6.19822046
30820;4.92548775
30821;4.92548775
30822;4.92548775
30823;4.92548775
30824;2.02372014
30825;2.02372014
30826;2.02372014
30827;2.02372014
30828;1.99811498
30829;1.99811498
30830;1.99811498
30831;1.99811498
30832;2.1944497
30833;2.1944497
30834;2.1944497
30835;2.1944497
30836;2.81463231
30837;2.81463231
30838;2.81463231
30839;2.81463231
30840;6.78058407
30841;6.78058407
30842;6.78058407
30843;6.78058407
30844;8.53459665
30845;8.53459665
30846;8.53459665
30847;8.53459665
30848;7.58670025
30849;7.58670025
30850;7.58670025
30851;7.58670025
30852;7.2484934
30853;7.2484934
30854;7.2484934
30855;7.2484934
30856;6.73657656
30857;6.73657656
30858;6.73657656
30859;6.73657656
30860;5.89985174
30861;5.89985174
30862;5.89985174
30863;5.89985174
30864;6.07521995
30865;6.07521995
30866;6.07521995
30867;6.07521995
30868;6.17099035
30869;6.17099035
30870;6.17099035
30871;6.17099035
30872;7.39289387
30873;7.39289387
30874;7.39289387
30875;7.39289387
30876;6.30885811
30877;6.30885811
30878;6.30885811
30879;6.30885811
30880;7.48740489
30881;7.48740489
30882;7.48740489
30883;7.48740489
30884;7.2312406
30885;7.2312406
30886;7.2312406
30887;7.2312406
30888;7.76166588
30889;7.76166588
30890;7.76166588
30891;7.76166588
30892;8.64245665
30893;8.64245665
30894;8.64245665
30895;8.64245665
30896;9.73764064
30897;9.73764064
30898;9.73764064
30899;9.73764064
30900;7.68807201
30901;7.68807201
30902;7.68807201
30903;7.68807201
30904;9.65272861
30905;9.65272861
30906;9.65272861
30907;9.65272861
30908;8.10135094
30909;8.10135094
30910;8.10135094
30911;8.10135094
30912;5.62362403
30913;5.62362403
30914;5.62362403
30915;5.62362403
30916;3.87847354
30917;3.87847354
30918;3.87847354
30919;3.87847354
30920;1.87810518
30921;1.87810518
30922;1.87810518
30923;1.87810518
30924;1.88262979
30925;1.88262979
30926;1.88262979
30927;1.88262979
30928;1.99536277
30929;1.99536277
30930;1.99536277
30931;1.99536277
30932;2.63562018
30933;2.63562018
30934;2.63562018
30935;2.63562018
30936;6.64276509
30937;6.64276509
30938;6.64276509
30939;6.64276509
30940;8.10152442
30941;8.10152442
30942;8.10152442
30943;8.10152442
30944;7.10530755
30945;7.10530755
30946;7.10530755
30947;7.10530755
30948;6.69678462
30949;6.69678462
30950;6.69678462
30951;6.69678462
30952;7.14699913
30953;7.14699913
30954;7.14699913
30955;7.14699913
30956;6.89008671
30957;6.89008671
30958;6.89008671
30959;6.89008671
30960;6.78556915
30961;6.78556915
30962;6.78556915
30963;6.78556915
30964;5.92052954
30965;5.92052954
30966;5.92052954
30967;5.92052954
30968;6.04817934
30969;6.04817934
30970;6.04817934
30971;6.04817934
30972;5.96446334
30973;5.96446334
30974;5.96446334
30975;5.96446334
30976;6.0120447
30977;6.0120447
30978;6.0120447
30979;6.0120447
30980;7.34998135
30981;7.34998135
30982;7.34998135
30983;7.34998135
30984;9.4714867
30985;9.4714867
30986;9.4714867
30987;9.4714867
30988;8.62105288
30989;8.62105288
30990;8.62105288
30991;8.62105288
30992;9.6426431
30993;9.6426431
30994;9.6426431
30995;9.6426431
30996;8.02403753
30997;8.02403753
30998;8.02403753
30999;8.02403753
31000;9.36133603
31001;9.36133603
31002;9.36133603
31003;9.36133603
31004;9.66288273
31005;9.66288273
31006;9.66288273
31007;9.66288273
31008;6.99650276
31009;6.99650276
31010;6.99650276
31011;6.99650276
31012;5.26110685
31013;5.26110685
31014;5.26110685
31015;5.26110685
31016;4.27422734
31017;4.27422734
31018;4.27422734
31019;4.27422734
31020;2.57162522
31021;2.57162522
31022;2.57162522
31023;2.57162522
31024;2.68433068
31025;2.68433068
31026;2.68433068
31027;2.68433068
31028;3.46158846
31029;3.46158846
31030;3.46158846
31031;3.46158846
31032;7.33683044
31033;7.33683044
31034;7.33683044
31035;7.33683044
31036;8.61828047
31037;8.61828047
31038;8.61828047
31039;8.61828047
31040;7.84095487
31041;7.84095487
31042;7.84095487
31043;7.84095487
31044;6.71876624
31045;6.71876624
31046;6.71876624
31047;6.71876624
31048;6.14146145
31049;6.14146145
31050;6.14146145
31051;6.14146145
31052;6.52346843
31053;6.52346843
31054;6.52346843
31055;6.52346843
31056;8.25841996
31057;8.25841996
31058;8.25841996
31059;8.25841996
31060;6.09490712
31061;6.09490712
31062;6.09490712
31063;6.09490712
31064;6.15658506
31065;6.15658506
31066;6.15658506
31067;6.15658506
31068;7.42451001
31069;7.42451001
31070;7.42451001
31071;7.42451001
31072;6.42758787
31073;6.42758787
31074;6.42758787
31075;6.42758787
31076;7.25363737
31077;7.25363737
31078;7.25363737
31079;7.25363737
31080;8.00355045
31081;8.00355045
31082;8.00355045
31083;8.00355045
31084;6.24067289
31085;6.24067289
31086;6.24067289
31087;6.24067289
31088;5.78873106
31089;5.78873106
31090;5.78873106
31091;5.78873106
31092;5.66811733
31093;5.66811733
31094;5.66811733
31095;5.66811733
31096;6.31234055
31097;6.31234055
31098;6.31234055
31099;6.31234055
31100;10.2622694
31101;10.2622694
31102;10.2622694
31103;10.2622694
31104;8.47242447
31105;8.47242447
31106;8.47242447
31107;8.47242447
31108;5.46375721
31109;5.46375721
31110;5.46375721
31111;5.46375721
31112;5.29899803
31113;5.29899803
31114;5.29899803
31115;5.29899803
31116;5.1635838
31117;5.1635838
31118;5.1635838
31119;5.1635838
31120;5.10935151
31121;5.10935151
31122;5.10935151
31123;5.10935151
31124;5.25054173
31125;5.25054173
31126;5.25054173
31127;5.25054173
31128;5.5947236
31129;5.5947236
31130;5.5947236
31131;5.5947236
31132;6.26023418
31133;6.26023418
31134;6.26023418
31135;6.26023418
31136;7.85825547
31137;7.85825547
31138;7.85825547
31139;7.85825547
31140;8.60659195
31141;8.60659195
31142;8.60659195
31143;8.60659195
31144;8.17413476
31145;8.17413476
31146;8.17413476
31147;8.17413476
31148;7.67265605
31149;7.67265605
31150;7.67265605
31151;7.67265605
31152;7.24346513
31153;7.24346513
31154;7.24346513
31155;7.24346513
31156;6.91637704
31157;6.91637704
31158;6.91637704
31159;6.91637704
31160;6.86294368
31161;6.86294368
31162;6.86294368
31163;6.86294368
31164;5.43126138
31165;5.43126138
31166;5.43126138
31167;5.43126138
31168;5.31310316
31169;5.31310316
31170;5.31310316
31171;5.31310316
31172;6.13182876
31173;6.13182876
31174;6.13182876
31175;6.13182876
31176;6.38817327
31177;6.38817327
31178;6.38817327
31179;6.38817327
31180;6.20304385
31181;6.20304385
31182;6.20304385
31183;6.20304385
31184;6.57690242
31185;6.57690242
31186;6.57690242
31187;6.57690242
31188;7.14998538
31189;7.14998538
31190;7.14998538
31191;7.14998538
31192;7.89871112
31193;7.89871112
31194;7.89871112
31195;7.89871112
31196;10.9833372
31197;10.9833372
31198;10.9833372
31199;10.9833372
31200;7.37513914
31201;7.37513914
31202;7.37513914
31203;7.37513914
31204;5.17604524
31205;5.17604524
31206;5.17604524
31207;5.17604524
31208;5.06567263
31209;5.06567263
31210;5.06567263
31211;5.06567263
31212;5.01037489
31213;5.01037489
31214;5.01037489
31215;5.01037489
31216;5.02915751
31217;5.02915751
31218;5.02915751
31219;5.02915751
31220;5.15547425
31221;5.15547425
31222;5.15547425
31223;5.15547425
31224;5.46103341
31225;5.46103341
31226;5.46103341
31227;5.46103341
31228;6.35751518
31229;6.35751518
31230;6.35751518
31231;6.35751518
31232;7.98753301
31233;7.98753301
31234;7.98753301
31235;7.98753301
31236;9.00630559
31237;9.00630559
31238;9.00630559
31239;9.00630559
31240;9.4498554
31241;9.4498554
31242;9.4498554
31243;9.4498554
31244;7.40500999
31245;7.40500999
31246;7.40500999
31247;7.40500999
31248;5.6823966
31249;5.6823966
31250;5.6823966
31251;5.6823966
31252;5.25594753
31253;5.25594753
31254;5.25594753
31255;5.25594753
31256;5.23134427
31257;5.23134427
31258;5.23134427
31259;5.23134427
31260;5.07766581
31261;5.07766581
31262;5.07766581
31263;5.07766581
31264;5.34772317
31265;5.34772317
31266;5.34772317
31267;5.34772317
31268;5.33692446
31269;5.33692446
31270;5.33692446
31271;5.33692446
31272;6.10016073
31273;6.10016073
31274;6.10016073
31275;6.10016073
31276;6.56522294
31277;6.56522294
31278;6.56522294
31279;6.56522294
31280;6.56708181
31281;6.56708181
31282;6.56708181
31283;6.56708181
31284;5.91352922
31285;5.91352922
31286;5.91352922
31287;5.91352922
31288;7.31909127
31289;7.31909127
31290;7.31909127
31291;7.31909127
31292;9.83548763
31293;9.83548763
31294;9.83548763
31295;9.83548763
31296;6.9730707
31297;6.9730707
31298;6.9730707
31299;6.9730707
31300;5.25172936
31301;5.25172936
31302;5.25172936
31303;5.25172936
31304;5.24331514
31305;5.24331514
31306;5.24331514
31307;5.24331514
31308;5.22345961
31309;5.22345961
31310;5.22345961
31311;5.22345961
31312;5.35908664
31313;5.35908664
31314;5.35908664
31315;5.35908664
31316;5.68766067
31317;5.68766067
31318;5.68766067
31319;5.68766067
31320;7.24153716
31321;7.24153716
31322;7.24153716
31323;7.24153716
31324;8.74704055
31325;8.74704055
31326;8.74704055
31327;8.74704055
31328;8.12003247
31329;8.12003247
31330;8.12003247
31331;8.12003247
31332;8.1509542
31333;8.1509542
31334;8.1509542
31335;8.1509542
31336;6.58358393
31337;6.58358393
31338;6.58358393
31339;6.58358393
31340;6.43200515
31341;6.43200515
31342;6.43200515
31343;6.43200515
31344;7.16531081
31345;7.16531081
31346;7.16531081
31347;7.16531081
31348;6.26475987
31349;6.26475987
31350;6.26475987
31351;6.26475987
31352;6.09631729
31353;6.09631729
31354;6.09631729
31355;6.09631729
31356;6.10589475
31357;6.10589475
31358;6.10589475
31359;6.10589475
31360;6.30588716
31361;6.30588716
31362;6.30588716
31363;6.30588716
31364;7.2871316
31365;7.2871316
31366;7.2871316
31367;7.2871316
31368;7.06419666
31369;7.06419666
31370;7.06419666
31371;7.06419666
31372;6.7227982
31373;6.7227982
31374;6.7227982
31375;6.7227982
31376;6.23069539
31377;6.23069539
31378;6.23069539
31379;6.23069539
31380;5.82444423
31381;5.82444423
31382;5.82444423
31383;5.82444423
31384;6.18361565
31385;6.18361565
31386;6.18361565
31387;6.18361565
31388;10.4960705
31389;10.4960705
31390;10.4960705
31391;10.4960705
31392;7.55094169
31393;7.55094169
31394;7.55094169
31395;7.55094169
31396;5.22444288
31397;5.22444288
31398;5.22444288
31399;5.22444288
31400;5.17339742
31401;5.17339742
31402;5.17339742
31403;5.17339742
31404;5.14252319
31405;5.14252319
31406;5.14252319
31407;5.14252319
31408;5.27563378
31409;5.27563378
31410;5.27563378
31411;5.27563378
31412;5.57190785
31413;5.57190785
31414;5.57190785
31415;5.57190785
31416;7.07776699
31417;7.07776699
31418;7.07776699
31419;7.07776699
31420;9.0503515
31421;9.0503515
31422;9.0503515
31423;9.0503515
31424;8.34368739
31425;8.34368739
31426;8.34368739
31427;8.34368739
31428;7.18850506
31429;7.18850506
31430;7.18850506
31431;7.18850506
31432;6.42718323
31433;6.42718323
31434;6.42718323
31435;6.42718323
31436;6.02813861
31437;6.02813861
31438;6.02813861
31439;6.02813861
31440;6.92574147
31441;6.92574147
31442;6.92574147
31443;6.92574147
31444;6.75948018
31445;6.75948018
31446;6.75948018
31447;6.75948018
31448;6.54537128
31449;6.54537128
31450;6.54537128
31451;6.54537128
31452;6.31780138
31453;6.31780138
31454;6.31780138
31455;6.31780138
31456;6.60223925
31457;6.60223925
31458;6.60223925
31459;6.60223925
31460;6.05432436
31461;6.05432436
31462;6.05432436
31463;6.05432436
31464;7.24504093
31465;7.24504093
31466;7.24504093
31467;7.24504093
31468;6.17178908
31469;6.17178908
31470;6.17178908
31471;6.17178908
31472;5.67524027
31473;5.67524027
31474;5.67524027
31475;5.67524027
31476;5.6223749
31477;5.6223749
31478;5.6223749
31479;5.6223749
31480;5.90655285
31481;5.90655285
31482;5.90655285
31483;5.90655285
31484;10.7791781
31485;10.7791781
31486;10.7791781
31487;10.7791781
31488;8.24728891
31489;8.24728891
31490;8.24728891
31491;8.24728891
31492;5.35086393
31493;5.35086393
31494;5.35086393
31495;5.35086393
31496;5.12124141
31497;5.12124141
31498;5.12124141
31499;5.12124141
31500;5.10650824
31501;5.10650824
31502;5.10650824
31503;5.10650824
31504;5.24277788
31505;5.24277788
31506;5.24277788
31507;5.24277788
31508;5.56542046
31509;5.56542046
31510;5.56542046
31511;5.56542046
31512;7.02558453
31513;7.02558453
31514;7.02558453
31515;7.02558453
31516;8.57643847
31517;8.57643847
31518;8.57643847
31519;8.57643847
31520;7.58590955
31521;7.58590955
31522;7.58590955
31523;7.58590955
31524;7.15559814
31525;7.15559814
31526;7.15559814
31527;7.15559814
31528;6.72344295
31529;6.72344295
31530;6.72344295
31531;6.72344295
31532;6.24448366
31533;6.24448366
31534;6.24448366
31535;6.24448366
31536;6.72526006
31537;6.72526006
31538;6.72526006
31539;6.72526006
31540;6.74737097
31541;6.74737097
31542;6.74737097
31543;6.74737097
31544;7.92867591
31545;7.92867591
31546;7.92867591
31547;7.92867591
31548;6.87386307
31549;6.87386307
31550;6.87386307
31551;6.87386307
31552;8.1510474
31553;8.1510474
31554;8.1510474
31555;8.1510474
31556;6.51719718
31557;6.51719718
31558;6.51719718
31559;6.51719718
31560;5.71250561
31561;5.71250561
31562;5.71250561
31563;5.71250561
31564;6.1903146
31565;6.1903146
31566;6.1903146
31567;6.1903146
31568;7.29678672
31569;7.29678672
31570;7.29678672
31571;7.29678672
31572;5.76309457
31573;5.76309457
31574;5.76309457
31575;5.76309457
31576;8.14008187
31577;8.14008187
31578;8.14008187
31579;8.14008187
31580;10.3713646
31581;10.3713646
31582;10.3713646
31583;10.3713646
31584;7.34930918
31585;7.34930918
31586;7.34930918
31587;7.34930918
31588;5.06923875
31589;5.06923875
31590;5.06923875
31591;5.06923875
31592;5.02159855
31593;5.02159855
31594;5.02159855
31595;5.02159855
31596;5.03415007
31597;5.03415007
31598;5.03415007
31599;5.03415007
31600;5.16833534
31601;5.16833534
31602;5.16833534
31603;5.16833534
31604;5.51308373
31605;5.51308373
31606;5.51308373
31607;5.51308373
31608;7.27288543
31609;7.27288543
31610;7.27288543
31611;7.27288543
31612;8.57220483
31613;8.57220483
31614;8.57220483
31615;8.57220483
31616;7.55889651
31617;7.55889651
31618;7.55889651
31619;7.55889651
31620;7.25118229
31621;7.25118229
31622;7.25118229
31623;7.25118229
31624;7.8783483
31625;7.8783483
31626;7.8783483
31627;7.8783483
31628;7.55096601
31629;7.55096601
31630;7.55096601
31631;7.55096601
31632;7.10387757
31633;7.10387757
31634;7.10387757
31635;7.10387757
31636;5.92633048
31637;5.92633048
31638;5.92633048
31639;5.92633048
31640;5.98357637
31641;5.98357637
31642;5.98357637
31643;5.98357637
31644;5.94865149
31645;5.94865149
31646;5.94865149
31647;5.94865149
31648;6.13349265
31649;6.13349265
31650;6.13349265
31651;6.13349265
31652;5.96198976
31653;5.96198976
31654;5.96198976
31655;5.96198976
31656;7.19530823
31657;7.19530823
31658;7.19530823
31659;7.19530823
31660;6.09393125
31661;6.09393125
31662;6.09393125
31663;6.09393125
31664;7.18872199
31665;7.18872199
31666;7.18872199
31667;7.18872199
31668;6.03832018
31669;6.03832018
31670;6.03832018
31671;6.03832018
31672;7.79260393
31673;7.79260393
31674;7.79260393
31675;7.79260393
31676;11.7347262
31677;11.7347262
31678;11.7347262
31679;11.7347262
31680;8.67213084
31681;8.67213084
31682;8.67213084
31683;8.67213084
31684;5.0906083
31685;5.0906083
31686;5.0906083
31687;5.0906083
31688;5.05395116
31689;5.05395116
31690;5.05395116
31691;5.05395116
31692;5.05922361
31693;5.05922361
31694;5.05922361
31695;5.05922361
31696;5.15651026
31697;5.15651026
31698;5.15651026
31699;5.15651026
31700;5.50943518
31701;5.50943518
31702;5.50943518
31703;5.50943518
31704;7.31031006
31705;7.31031006
31706;7.31031006
31707;7.31031006
31708;8.54659293
31709;8.54659293
31710;8.54659293
31711;8.54659293
31712;7.69261414
31713;7.69261414
31714;7.69261414
31715;7.69261414
31716;6.63032976
31717;6.63032976
31718;6.63032976
31719;6.63032976
31720;6.25543647
31721;6.25543647
31722;6.25543647
31723;6.25543647
31724;6.64141885
31725;6.64141885
31726;6.64141885
31727;6.64141885
31728;8.23839456
31729;8.23839456
31730;8.23839456
31731;8.23839456
31732;5.96590206
31733;5.96590206
31734;5.96590206
31735;5.96590206
31736;5.9191398
31737;5.9191398
31738;5.9191398
31739;5.9191398
31740;7.25035668
31741;7.25035668
31742;7.25035668
31743;7.25035668
31744;6.09323221
31745;6.09323221
31746;6.09323221
31747;6.09323221
31748;5.59726569
31749;5.59726569
31750;5.59726569
31751;5.59726569
31752;5.49475896
31753;5.49475896
31754;5.49475896
31755;5.49475896
31756;5.90635212
31757;5.90635212
31758;5.90635212
31759;5.90635212
31760;5.66963701
31761;5.66963701
31762;5.66963701
31763;5.66963701
31764;5.51811733
31765;5.51811733
31766;5.51811733
31767;5.51811733
31768;6.22150722
31769;6.22150722
31770;6.22150722
31771;6.22150722
31772;9.77914332
31773;9.77914332
31774;9.77914332
31775;9.77914332
31776;8.7656226
31777;8.7656226
31778;8.7656226
31779;8.7656226
31780;5.44226541
31781;5.44226541
31782;5.44226541
31783;5.44226541
31784;5.3108969
31785;5.3108969
31786;5.3108969
31787;5.3108969
31788;5.17902531
31789;5.17902531
31790;5.17902531
31791;5.17902531
31792;5.11058231
31793;5.11058231
31794;5.11058231
31795;5.11058231
31796;5.24571772
31797;5.24571772
31798;5.24571772
31799;5.24571772
31800;5.58478439
31801;5.58478439
31802;5.58478439
31803;5.58478439
31804;6.26546456
31805;6.26546456
31806;6.26546456
31807;6.26546456
31808;7.87613517
31809;7.87613517
31810;7.87613517
31811;7.87613517
31812;8.63363528
31813;8.63363528
31814;8.63363528
31815;8.63363528
31816;8.18810862
31817;8.18810862
31818;8.18810862
31819;8.18810862
31820;7.70972046
31821;7.70972046
31822;7.70972046
31823;7.70972046
31824;6.7873836
31825;6.7873836
31826;6.7873836
31827;6.7873836
31828;6.97717704
31829;6.97717704
31830;6.97717704
31831;6.97717704
31832;6.87915943
31833;6.87915943
31834;6.87915943
31835;6.87915943
31836;5.44966138
31837;5.44966138
31838;5.44966138
31839;5.44966138
31840;5.26670316
31841;5.26670316
31842;5.26670316
31843;5.26670316
31844;6.17837962
31845;6.17837962
31846;6.17837962
31847;6.17837962
31848;6.43983994
31849;6.43983994
31850;6.43983994
31851;6.43983994
31852;6.32804385
31853;6.32804385
31854;6.32804385
31855;6.32804385
31856;6.57147139
31857;6.57147139
31858;6.57147139
31859;6.57147139
31860;7.11998538
31861;7.11998538
31862;7.11998538
31863;7.11998538
31864;7.86697199
31865;7.86697199
31866;7.86697199
31867;7.86697199
31868;11.3435577
31869;11.3435577
31870;11.3435577
31871;11.3435577
31872;6.99973669
31873;6.99973669
31874;6.99973669
31875;6.99973669
31876;5.18913117
31877;5.18913117
31878;5.18913117
31879;5.18913117
31880;5.15267634
31881;5.15267634
31882;5.15267634
31883;5.15267634
31884;5.11212803
31885;5.11212803
31886;5.11212803
31887;5.11212803
31888;5.09915393
31889;5.09915393
31890;5.09915393
31891;5.09915393
31892;5.18946383
31893;5.18946383
31894;5.18946383
31895;5.18946383
31896;5.46977225
31897;5.46977225
31898;5.46977225
31899;5.46977225
31900;6.32499126
31901;6.32499126
31902;6.32499126
31903;6.32499126
31904;7.98904382
31905;7.98904382
31906;7.98904382
31907;7.98904382
31908;9.00639298
31909;9.00639298
31910;9.00639298
31911;9.00639298
31912;9.28358217
31913;9.28358217
31914;9.28358217
31915;9.28358217
31916;6.31696724
31917;6.31696724
31918;6.31696724
31919;6.31696724
31920;5.66924126
31921;5.66924126
31922;5.66924126
31923;5.66924126
31924;5.28306292
31925;5.28306292
31926;5.28306292
31927;5.28306292
31928;5.3147417
31929;5.3147417
31930;5.3147417
31931;5.3147417
31932;5.18849914
31933;5.18849914
31934;5.18849914
31935;5.18849914
31936;5.2670545
31937;5.2670545
31938;5.2670545
31939;5.2670545
31940;5.2448578
31941;5.2448578
31942;5.2448578
31943;5.2448578
31944;5.96807646
31945;5.96807646
31946;5.96807646
31947;5.96807646
31948;6.36178091
31949;6.36178091
31950;6.36178091
31951;6.36178091
31952;6.42389163
31953;6.42389163
31954;6.42389163
31955;6.42389163
31956;5.7849979
31957;5.7849979
31958;5.7849979
31959;5.7849979
31960;7.20330973
31961;7.20330973
31962;7.20330973
31963;7.20330973
31964;8.64728499
31965;8.64728499
31966;8.64728499
31967;8.64728499
31968;7.835832
31969;7.835832
31970;7.835832
31971;7.835832
31972;5.11570347
31973;5.11570347
31974;5.11570347
31975;5.11570347
31976;5.1250024
31977;5.1250024
31978;5.1250024
31979;5.1250024
31980;5.07237586
31981;5.07237586
31982;5.07237586
31983;5.07237586
31984;5.20027773
31985;5.20027773
31986;5.20027773
31987;5.20027773
31988;5.59511245
31989;5.59511245
31990;5.59511245
31991;5.59511245
31992;7.21767172
31993;7.21767172
31994;7.21767172
31995;7.21767172
31996;8.79634331
31997;8.79634331
31998;8.79634331
31999;8.79634331
32000;7.99464146
32001;7.99464146
32002;7.99464146
32003;7.99464146
32004;8.09653666
32005;8.09653666
32006;8.09653666
32007;8.09653666
32008;6.45695463
32009;6.45695463
32010;6.45695463
32011;6.45695463
32012;6.34970672
32013;6.34970672
32014;6.34970672
32015;6.34970672
32016;7.15919066
32017;7.15919066
32018;7.15919066
32019;7.15919066
32020;5.31272053
32021;5.31272053
32022;5.31272053
32023;5.31272053
32024;5.2216445
32025;5.2216445
32026;5.2216445
32027;5.2216445
32028;5.2616207
32029;5.2616207
32030;5.2616207
32031;5.2616207
32032;5.21588155
32033;5.21588155
32034;5.21588155
32035;5.21588155
32036;5.23355013
32037;5.23355013
32038;5.23355013
32039;5.23355013
32040;6.68134375
32041;6.68134375
32042;6.68134375
32043;6.68134375
32044;6.58349386
32045;6.58349386
32046;6.58349386
32047;6.58349386
32048;6.04166488
32049;6.04166488
32050;6.04166488
32051;6.04166488
32052;5.65657756
32053;5.65657756
32054;5.65657756
32055;5.65657756
32056;6.12988231
32057;6.12988231
32058;6.12988231
32059;6.12988231
32060;9.8796137
32061;9.8796137
32062;9.8796137
32063;9.8796137
32064;8.15093112
32065;8.15093112
32066;8.15093112
32067;8.15093112
32068;5.25143895
32069;5.25143895
32070;5.25143895
32071;5.25143895
32072;5.20115688
32073;5.20115688
32074;5.20115688
32075;5.20115688
32076;5.11208409
32077;5.11208409
32078;5.11208409
32079;5.11208409
32080;5.29612128
32081;5.29612128
32082;5.29612128
32083;5.29612128
32084;3.25081973
32085;3.25081973
32086;3.25081973
32087;3.25081973
32088;7.27960392
32089;7.27960392
32090;7.27960392
32091;7.27960392
32092;9.16434218
32093;9.16434218
32094;9.16434218
32095;9.16434218
32096;8.34301248
32097;8.34301248
32098;8.34301248
32099;8.34301248
32100;7.22983321
32101;7.22983321
32102;7.22983321
32103;7.22983321
32104;6.46813525
32105;6.46813525
32106;6.46813525
32107;6.46813525
32108;6.08838585
32109;6.08838585
32110;6.08838585
32111;6.08838585
32112;6.78338185
32113;6.78338185
32114;6.78338185
32115;6.78338185
32116;6.46610244
32117;6.46610244
32118;6.46610244
32119;6.46610244
32120;6.31955732
32121;6.31955732
32122;6.31955732
32123;6.31955732
32124;6.12506102
32125;6.12506102
32126;6.12506102
32127;6.12506102
32128;6.43056591
32129;6.43056591
32130;6.43056591
32131;6.43056591
32132;7.44404977
32133;7.44404977
32134;7.44404977
32135;7.44404977
32136;9.8048399
32137;9.8048399
32138;9.8048399
32139;9.8048399
32140;6.96254935
32141;6.96254935
32142;6.96254935
32143;6.96254935
32144;5.60299318
32145;5.60299318
32146;5.60299318
32147;5.60299318
32148;5.5880401
32149;5.5880401
32150;5.5880401
32151;5.5880401
32152;7.55034466
32153;7.55034466
32154;7.55034466
32155;7.55034466
32156;11.4651287
32157;11.4651287
32158;11.4651287
32159;11.4651287
32160;7.59165846
32161;7.59165846
32162;7.59165846
32163;7.59165846
32164;5.43976296
32165;5.43976296
32166;5.43976296
32167;5.43976296
32168;5.19995369
32169;5.19995369
32170;5.19995369
32171;5.19995369
32172;4.99211092
32173;4.99211092
32174;4.99211092
32175;4.99211092
32176;2.04585455
32177;2.04585455
32178;2.04585455
32179;2.04585455
32180;2.68861239
32181;2.68861239
32182;2.68861239
32183;2.68861239
32184;6.40246261
32185;6.40246261
32186;6.40246261
32187;6.40246261
32188;8.53476783
32189;8.53476783
32190;8.53476783
32191;8.53476783
32192;7.59186176
32193;7.59186176
32194;7.59186176
32195;7.59186176
32196;7.09044472
32197;7.09044472
32198;7.09044472
32199;7.09044472
32200;6.5704684
32201;6.5704684
32202;6.5704684
32203;6.5704684
32204;5.98955361
32205;5.98955361
32206;5.98955361
32207;5.98955361
32208;6.52004038
32209;6.52004038
32210;6.52004038
32211;6.52004038
32212;6.72892205
32213;6.72892205
32214;6.72892205
32215;6.72892205
32216;7.98081848
32217;7.98081848
32218;7.98081848
32219;7.98081848
32220;6.8352613
32221;6.8352613
32222;6.8352613
32223;6.8352613
32224;7.84642736
32225;7.84642736
32226;7.84642736
32227;7.84642736
32228;7.04069351
32229;7.04069351
32230;7.04069351
32231;7.04069351
32232;7.49946051
32233;7.49946051
32234;7.49946051
32235;7.49946051
32236;8.26480964
32237;8.26480964
32238;8.26480964
32239;8.26480964
32240;9.13721218
32241;9.13721218
32242;9.13721218
32243;9.13721218
32244;7.20819622
32245;7.20819622
32246;7.20819622
32247;7.20819622
32248;9.19401663
32249;9.19401663
32250;9.19401663
32251;9.19401663
32252;7.68271355
32253;7.68271355
32254;7.68271355
32255;7.68271355
32256;5.22803075
32257;5.22803075
32258;5.22803075
32259;5.22803075
32260;2.6478067
32261;2.6478067
32262;2.6478067
32263;2.6478067
32264;1.44218884
32265;1.44218884
32266;1.44218884
32267;1.44218884
32268;1.45768307
32269;1.45768307
32270;1.45768307
32271;1.45768307
32272;1.59518879
32273;1.59518879
32274;1.59518879
32275;1.59518879
32276;2.1811753
32277;2.1811753
32278;2.1811753
32279;2.1811753
32280;5.67916553
32281;5.67916553
32282;5.67916553
32283;5.67916553
32284;8.22998941
32285;8.22998941
32286;8.22998941
32287;8.22998941
32288;7.10345834
32289;7.10345834
32290;7.10345834
32291;7.10345834
32292;6.8005781
32293;6.8005781
32294;6.8005781
32295;6.8005781
32296;7.11700251
32297;7.11700251
32298;7.11700251
32299;7.11700251
32300;6.67332649
32301;6.67332649
32302;6.67332649
32303;6.67332649
32304;6.25425801
32305;6.25425801
32306;6.25425801
32307;6.25425801
32308;4.27277835
32309;4.27277835
32310;4.27277835
32311;4.27277835
32312;3.90754101
32313;3.90754101
32314;3.90754101
32315;3.90754101
32316;3.66736274
32317;3.66736274
32318;3.66736274
32319;3.66736274
32320;3.7278014
32321;3.7278014
32322;3.7278014
32323;3.7278014
32324;5.4880657
32325;5.4880657
32326;5.4880657
32327;5.4880657
32328;8.80938503
32329;8.80938503
32330;8.80938503
32331;8.80938503
32332;8.02132472
32333;8.02132472
32334;8.02132472
32335;8.02132472
32336;8.87010085
32337;8.87010085
32338;8.87010085
32339;8.87010085
32340;7.25755452
32341;7.25755452
32342;7.25755452
32343;7.25755452
32344;8.77377678
32345;8.77377678
32346;8.77377678
32347;8.77377678
32348;9.1520758
32349;9.1520758
32350;9.1520758
32351;9.1520758
32352;4.55962774
32353;4.55962774
32354;4.55962774
32355;4.55962774
32356;2.03345062
32357;2.03345062
32358;2.03345062
32359;2.03345062
32360;1.99173195
32361;1.99173195
32362;1.99173195
32363;1.99173195
32364;2.00307903
32365;2.00307903
32366;2.00307903
32367;2.00307903
32368;2.12396476
32369;2.12396476
32370;2.12396476
32371;2.12396476
32372;2.83400501
32373;2.83400501
32374;2.83400501
32375;2.83400501
32376;7.21000279
32377;7.21000279
32378;7.21000279
32379;7.21000279
32380;8.46897941
32381;8.46897941
32382;8.46897941
32383;8.46897941
32384;7.68153962
32385;7.68153962
32386;7.68153962
32387;7.68153962
32388;6.63525629
32389;6.63525629
32390;6.63525629
32391;6.63525629
32392;6.15734222
32393;6.15734222
32394;6.15734222
32395;6.15734222
32396;6.4995774
32397;6.4995774
32398;6.4995774
32399;6.4995774
32400;8.10310702
32401;8.10310702
32402;8.10310702
32403;8.10310702
32404;5.89247987
32405;5.89247987
32406;5.89247987
32407;5.89247987
32408;5.94998997
32409;5.94998997
32410;5.94998997
32411;5.94998997
32412;7.29692315
32413;7.29692315
32414;7.29692315
32415;7.29692315
32416;6.39906467
32417;6.39906467
32418;6.39906467
32419;6.39906467
32420;7.18797082
32421;7.18797082
32422;7.18797082
32423;7.18797082
32424;8.00192248
32425;8.00192248
32426;8.00192248
32427;8.00192248
32428;8.70969941
32429;8.70969941
32430;8.70969941
32431;8.70969941
32432;8.33855442
32433;8.33855442
32434;8.33855442
32435;8.33855442
32436;7.6548182
32437;7.6548182
32438;7.6548182
32439;7.6548182
32440;7.90319152
32441;7.90319152
32442;7.90319152
32443;7.90319152
32444;7.83111874
32445;7.83111874
32446;7.83111874
32447;7.83111874
32448;6.94636338
32449;6.94636338
32450;6.94636338
32451;6.94636338
32452;5.6259085
32453;5.6259085
32454;5.6259085
32455;5.6259085
32456;5.38503231
32457;5.38503231
32458;5.38503231
32459;5.38503231
32460;4.45036172
32461;4.45036172
32462;4.45036172
32463;4.45036172
32464;2.39018804
32465;2.39018804
32466;2.39018804
32467;2.39018804
32468;2.82657231
32469;2.82657231
32470;2.82657231
32471;2.82657231
32472;5.66581922
32473;5.66581922
32474;5.66581922
32475;5.66581922
32476;6.3484294
32477;6.3484294
32478;6.3484294
32479;6.3484294
32480;7.8999288
32481;7.8999288
32482;7.8999288
32483;7.8999288
32484;8.65491139
32485;8.65491139
32486;8.65491139
32487;8.65491139
32488;8.33278143
32489;8.33278143
32490;8.33278143
32491;8.33278143
32492;7.67536734
32493;7.67536734
32494;7.67536734
32495;7.67536734
32496;8.30993124
32497;8.30993124
32498;8.30993124
32499;8.30993124
32500;8.35125147
32501;8.35125147
32502;8.35125147
32503;8.35125147
32504;7.98342325
32505;7.98342325
32506;7.98342325
32507;7.98342325
32508;6.56244584
32509;6.56244584
32510;6.56244584
32511;6.56244584
32512;6.24353536
32513;6.24353536
32514;6.24353536
32515;6.24353536
32516;6.29662481
32517;6.29662481
32518;6.29662481
32519;6.29662481
32520;6.3436078
32521;6.3436078
32522;6.3436078
32523;6.3436078
32524;6.3047827
32525;6.3047827
32526;6.3047827
32527;6.3047827
32528;6.71519589
32529;6.71519589
32530;6.71519589
32531;6.71519589
32532;7.31134611
32533;7.31134611
32534;7.31134611
32535;7.31134611
32536;9.57106558
32537;9.57106558
32538;9.57106558
32539;9.57106558
32540;12.3041874
32541;12.3041874
32542;12.3041874
32543;12.3041874
32544;6.24781183
32545;6.24781183
32546;6.24781183
32547;6.24781183
32548;5.29984376
32549;5.29984376
32550;5.29984376
32551;5.29984376
32552;5.19158405
32553;5.19158405
32554;5.19158405
32555;5.19158405
32556;5.05655651
32557;5.05655651
32558;5.05655651
32559;5.05655651
32560;1.98210186
32561;1.98210186
32562;1.98210186
32563;1.98210186
32564;2.37122367
32565;2.37122367
32566;2.37122367
32567;2.37122367
32568;4.87285642
32569;4.87285642
32570;4.87285642
32571;4.87285642
32572;6.35184391
32573;6.35184391
32574;6.35184391
32575;6.35184391
32576;8.02957555
32577;8.02957555
32578;8.02957555
32579;8.02957555
32580;8.95075044
32581;8.95075044
32582;8.95075044
32583;8.95075044
32584;9.13149121
32585;9.13149121
32586;9.13149121
32587;9.13149121
32588;7.92654094
32589;7.92654094
32590;7.92654094
32591;7.92654094
32592;7.60172809
32593;7.60172809
32594;7.60172809
32595;7.60172809
32596;6.67025517
32597;6.67025517
32598;6.67025517
32599;6.67025517
32600;6.39947063
32601;6.39947063
32602;6.39947063
32603;6.39947063
32604;6.13658943
32605;6.13658943
32606;6.13658943
32607;6.13658943
32608;6.68024772
32609;6.68024772
32610;6.68024772
32611;6.68024772
32612;7.35486825
32613;7.35486825
32614;7.35486825
32615;7.35486825
32616;8.74343289
32617;8.74343289
32618;8.74343289
32619;8.74343289
32620;9.16241043
32621;9.16241043
32622;9.16241043
32623;9.16241043
32624;8.68100497
32625;8.68100497
32626;8.68100497
32627;8.68100497
32628;5.47039194
32629;5.47039194
32630;5.47039194
32631;5.47039194
32632;8.97259665
32633;8.97259665
32634;8.97259665
32635;8.97259665
32636;8.53197556
32637;8.53197556
32638;8.53197556
32639;8.53197556
32640;4.76361221
32641;4.76361221
32642;4.76361221
32643;4.76361221
32644;4.74054412
32645;4.74054412
32646;4.74054412
32647;4.74054412
32648;4.73623981
32649;4.73623981
32650;4.73623981
32651;4.73623981
32652;2.04156583
32653;2.04156583
32654;2.04156583
32655;2.04156583
32656;1.78268453
32657;1.78268453
32658;1.78268453
32659;1.78268453
32660;2.40492622
32661;2.40492622
32662;2.40492622
32663;2.40492622
32664;5.89823642
32665;5.89823642
32666;5.89823642
32667;5.89823642
32668;8.27957558
32669;8.27957558
32670;8.27957558
32671;8.27957558
32672;7.61305492
32673;7.61305492
32674;7.61305492
32675;7.61305492
32676;7.73237422
32677;7.73237422
32678;7.73237422
32679;7.73237422
32680;6.08009487
32681;6.08009487
32682;6.08009487
32683;6.08009487
32684;5.80892693
32685;5.80892693
32686;5.80892693
32687;5.80892693
32688;6.51433481
32689;6.51433481
32690;6.51433481
32691;6.51433481
32692;5.52542562
32693;5.52542562
32694;5.52542562
32695;5.52542562
32696;5.3315667
32697;5.3315667
32698;5.3315667
32699;5.3315667
32700;4.81259768
32701;4.81259768
32702;4.81259768
32703;4.81259768
32704;4.22369606
32705;4.22369606
32706;4.22369606
32707;4.22369606
32708;5.73993517
32709;5.73993517
32710;5.73993517
32711;5.73993517
32712;8.70863931
32713;8.70863931
32714;8.70863931
32715;8.70863931
32716;8.86506221
32717;8.86506221
32718;8.86506221
32719;8.86506221
32720;8.28161492
32721;8.28161492
32722;8.28161492
32723;8.28161492
32724;7.42247036
32725;7.42247036
32726;7.42247036
32727;7.42247036
32728;7.4458702
32729;7.4458702
32730;7.4458702
32731;7.4458702
32732;8.07003735
32733;8.07003735
32734;8.07003735
32735;8.07003735
32736;5.80935902
32737;5.80935902
32738;5.80935902
32739;5.80935902
32740;3.36869564
32741;3.36869564
32742;3.36869564
32743;3.36869564
32744;2.27670297
32745;2.27670297
32746;2.27670297
32747;2.27670297
32748;2.28378856
32749;2.28378856
32750;2.28378856
32751;2.28378856
32752;2.42338171
32753;2.42338171
32754;2.42338171
32755;2.42338171
32756;3.14136958
32757;3.14136958
32758;3.14136958
32759;3.14136958
32760;7.25963165
32761;7.25963165
32762;7.25963165
32763;7.25963165
32764;9.24741366
32765;9.24741366
32766;9.24741366
32767;9.24741366
32768;8.44488074
32769;8.44488074
32770;8.44488074
32771;8.44488074
32772;7.21955608
32773;7.21955608
32774;7.21955608
32775;7.21955608
32776;6.55990063
32777;6.55990063
32778;6.55990063
32779;6.55990063
32780;6.10352799
32781;6.10352799
32782;6.10352799
32783;6.10352799
32784;6.90659596
32785;6.90659596
32786;6.90659596
32787;6.90659596
32788;6.69021613
32789;6.69021613
32790;6.69021613
32791;6.69021613
32792;6.56660964
32793;6.56660964
32794;6.56660964
32795;6.56660964
32796;6.34559662
32797;6.34559662
32798;6.34559662
32799;6.34559662
32800;6.52704403
32801;6.52704403
32802;6.52704403
32803;6.52704403
32804;7.38410766
32805;7.38410766
32806;7.38410766
32807;7.38410766
32808;9.75154531
32809;9.75154531
32810;9.75154531
32811;9.75154531
32812;8.98826646
32813;8.98826646
32814;8.98826646
32815;8.98826646
32816;7.80475993
32817;7.80475993
32818;7.80475993
32819;7.80475993
32820;5.58245813
32821;5.58245813
32822;5.58245813
32823;5.58245813
32824;6.75949294
32825;6.75949294
32826;6.75949294
32827;6.75949294
32828;11.5085558
32829;11.5085558
32830;11.5085558
32831;11.5085558
32832;6.72815633
32833;6.72815633
32834;6.72815633
32835;6.72815633
32836;5.42573079
32837;5.42573079
32838;5.42573079
32839;5.42573079
32840;5.19435036
32841;5.19435036
32842;5.19435036
32843;5.19435036
32844;5.12578694
32845;5.12578694
32846;5.12578694
32847;5.12578694
32848;3.24347273
32849;3.24347273
32850;3.24347273
32851;3.24347273
32852;3.23936391
32853;3.23936391
32854;3.23936391
32855;3.23936391
32856;7.13893004
32857;7.13893004
32858;7.13893004
32859;7.13893004
32860;8.67593704
32861;8.67593704
32862;8.67593704
32863;8.67593704
32864;7.70542126
32865;7.70542126
32866;7.70542126
32867;7.70542126
32868;7.2561736
32869;7.2561736
32870;7.2561736
32871;7.2561736
32872;6.74220751
32873;6.74220751
32874;6.74220751
32875;6.74220751
32876;6.22805941
32877;6.22805941
32878;6.22805941
32879;6.22805941
32880;6.80640417
32881;6.80640417
32882;6.80640417
32883;6.80640417
32884;7.06327281
32885;7.06327281
32886;7.06327281
32887;7.06327281
32888;8.34971488
32889;8.34971488
32890;8.34971488
32891;8.34971488
32892;7.26428104
32893;7.26428104
32894;7.26428104
32895;7.26428104
32896;8.38855179
32897;8.38855179
32898;8.38855179
32899;8.38855179
32900;7.89750617
32901;7.89750617
32902;7.89750617
32903;7.89750617
32904;8.30113079
32905;8.30113079
32906;8.30113079
32907;8.30113079
32908;8.97669012
32909;8.97669012
32910;8.97669012
32911;8.97669012
32912;7.36137623
32913;7.36137623
32914;7.36137623
32915;7.36137623
32916;5.90170628
32917;5.90170628
32918;5.90170628
32919;5.90170628
32920;8.48930127
32921;8.48930127
32922;8.48930127
32923;8.48930127
32924;10.8312851
32925;10.8312851
32926;10.8312851
32927;10.8312851
32928;7.29018936
32929;7.29018936
32930;7.29018936
32931;7.29018936
32932;5.2229015
32933;5.2229015
32934;5.2229015
32935;5.2229015
32936;5.13629428
32937;5.13629428
32938;5.13629428
32939;5.13629428
32940;5.12511932
32941;5.12511932
32942;5.12511932
32943;5.12511932
32944;5.23849838
32945;5.23849838
32946;5.23849838
32947;5.23849838
32948;4.9707173
32949;4.9707173
32950;4.9707173
32951;4.9707173
32952;7.33651713
32953;7.33651713
32954;7.33651713
32955;7.33651713
32956;8.66275029
32957;8.66275029
32958;8.66275029
32959;8.66275029
32960;7.65882411
32961;7.65882411
32962;7.65882411
32963;7.65882411
32964;7.43335981
32965;7.43335981
32966;7.43335981
32967;7.43335981
32968;7.81322478
32969;7.81322478
32970;7.81322478
32971;7.81322478
32972;7.4413898
32973;7.4413898
32974;7.4413898
32975;7.4413898
32976;7.11603449
32977;7.11603449
32978;7.11603449
32979;7.11603449
32980;6.17714685
32981;6.17714685
32982;6.17714685
32983;6.17714685
32984;6.32130707
32985;6.32130707
32986;6.32130707
32987;6.32130707
32988;6.23918106
32989;6.23918106
32990;6.23918106
32991;6.23918106
32992;6.22073727
32993;6.22073727
32994;6.22073727
32995;6.22073727
32996;7.5687817
32997;7.5687817
32998;7.5687817
32999;7.5687817
33000;7.92924254
33001;7.92924254
33002;7.92924254
33003;7.92924254
33004;6.05388515
33005;6.05388515
33006;6.05388515
33007;6.05388515
33008;7.29935992
33009;7.29935992
33010;7.29935992
33011;7.29935992
33012;6.1637294
33013;6.1637294
33014;6.1637294
33015;6.1637294
33016;7.88713012
33017;7.88713012
33018;7.88713012
33019;7.88713012
33020;12.0039984
33021;12.0039984
33022;12.0039984
33023;12.0039984
33024;8.73669501
33025;8.73669501
33026;8.73669501
33027;8.73669501
33028;5.21948317
33029;5.21948317
33030;5.21948317
33031;5.21948317
33032;5.1547923
33033;5.1547923
33034;5.1547923
33035;5.1547923
33036;5.1457668
33037;5.1457668
33038;5.1457668
33039;5.1457668
33040;5.2759497
33041;5.2759497
33042;5.2759497
33043;5.2759497
33044;5.63931931
33045;5.63931931
33046;5.63931931
33047;5.63931931
33048;7.52263744
33049;7.52263744
33050;7.52263744
33051;7.52263744
33052;8.82394201
33053;8.82394201
33054;8.82394201
33055;8.82394201
33056;7.90764898
33057;7.90764898
33058;7.90764898
33059;7.90764898
33060;6.74631595
33061;6.74631595
33062;6.74631595
33063;6.74631595
33064;6.27990279
33065;6.27990279
33066;6.27990279
33067;6.27990279
33068;6.69354171
33069;6.69354171
33070;6.69354171
33071;6.69354171
33072;8.32424662
33073;8.32424662
33074;8.32424662
33075;8.32424662
33076;5.88197484
33077;5.88197484
33078;5.88197484
33079;5.88197484
33080;5.21765424
33081;5.21765424
33082;5.21765424
33083;5.21765424
33084;6.60113737
33085;6.60113737
33086;6.60113737
33087;6.60113737
33088;5.3608615
33089;5.3608615
33090;5.3608615
33091;5.3608615
33092;5.54449397
33093;5.54449397
33094;5.54449397
33095;5.54449397
33096;5.4951085
33097;5.4951085
33098;5.4951085
33099;5.4951085
33100;5.76432385
33101;5.76432385
33102;5.76432385
33103;5.76432385
33104;5.60240905
33105;5.60240905
33106;5.60240905
33107;5.60240905
33108;5.45879586
33109;5.45879586
33110;5.45879586
33111;5.45879586
33112;6.19110522
33113;6.19110522
33114;6.19110522
33115;6.19110522
33116;9.00078677
33117;9.00078677
33118;9.00078677
33119;9.00078677
33120;9.20227343
33121;9.20227343
33122;9.20227343
33123;9.20227343
33124;5.81191628
33125;5.81191628
33126;5.81191628
33127;5.81191628
33128;5.31352257
33129;5.31352257
33130;5.31352257
33131;5.31352257
33132;5.20100605
33133;5.20100605
33134;5.20100605
33135;5.20100605
33136;5.1750448
33137;5.1750448
33138;5.1750448
33139;5.1750448
33140;5.35021636
33141;5.35021636
33142;5.35021636
33143;5.35021636
33144;5.72475663
33145;5.72475663
33146;5.72475663
33147;5.72475663
33148;6.4486778
33149;6.4486778
33150;6.4486778
33151;6.4486778
33152;8.09103126
33153;8.09103126
33154;8.09103126
33155;8.09103126
33156;8.81857329
33157;8.81857329
33158;8.81857329
33159;8.81857329
33160;7.70952896
33161;7.70952896
33162;7.70952896
33163;7.70952896
33164;5.29112084
33165;5.29112084
33166;5.29112084
33167;5.29112084
33168;6.51485538
33169;6.51485538
33170;6.51485538
33171;6.51485538
33172;6.97618711
33173;6.97618711
33174;6.97618711
33175;6.97618711
33176;6.83331681
33177;6.83331681
33178;6.83331681
33179;6.83331681
33180;5.44528727
33181;5.44528727
33182;5.44528727
33183;5.44528727
33184;5.33751164
33185;5.33751164
33186;5.33751164
33187;5.33751164
33188;6.09557596
33189;6.09557596
33190;6.09557596
33191;6.09557596
33192;6.32783857
33193;6.32783857
33194;6.32783857
33195;6.32783857
33196;6.21017897
33197;6.21017897
33198;6.21017897
33199;6.21017897
33200;6.56539145
33201;6.56539145
33202;6.56539145
33203;6.56539145
33204;7.09637338
33205;7.09637338
33206;7.09637338
33207;7.09637338
33208;7.85852893
33209;7.85852893
33210;7.85852893
33211;7.85852893
33212;10.9067788
33213;10.9067788
33214;10.9067788
33215;10.9067788
33216;7.55098557
33217;7.55098557
33218;7.55098557
33219;7.55098557
33220;5.2352666
33221;5.2352666
33222;5.2352666
33223;5.2352666
33224;5.1394282
33225;5.1394282
33226;5.1394282
33227;5.1394282
33228;5.08970033
33229;5.08970033
33230;5.08970033
33231;5.08970033
33232;5.07912276
33233;5.07912276
33234;5.07912276
33235;5.07912276
33236;5.18934879
33237;5.18934879
33238;5.18934879
33239;5.18934879
33240;5.49272957
33241;5.49272957
33242;5.49272957
33243;5.49272957
33244;6.39707569
33245;6.39707569
33246;6.39707569
33247;6.39707569
33248;8.10171863
33249;8.10171863
33250;8.10171863
33251;8.10171863
33252;9.18336815
33253;9.18336815
33254;9.18336815
33255;9.18336815
33256;8.45859189
33257;8.45859189
33258;8.45859189
33259;8.45859189
33260;4.9957951
33261;4.9957951
33262;4.9957951
33263;4.9957951
33264;5.61888013
33265;5.61888013
33266;5.61888013
33267;5.61888013
33268;5.21528938
33269;5.21528938
33270;5.21528938
33271;5.21528938
33272;5.21720265
33273;5.21720265
33274;5.21720265
33275;5.21720265
33276;5.07656864
33277;5.07656864
33278;5.07656864
33279;5.07656864
33280;5.20434168
33281;5.20434168
33282;5.20434168
33283;5.20434168
33284;5.24881045
33285;5.24881045
33286;5.24881045
33287;5.24881045
33288;6.01002429
33289;6.01002429
33290;6.01002429
33291;6.01002429
33292;6.36809236
33293;6.36809236
33294;6.36809236
33295;6.36809236
33296;6.34335892
33297;6.34335892
33298;6.34335892
33299;6.34335892
33300;5.72541223
33301;5.72541223
33302;5.72541223
33303;5.72541223
33304;7.14814728
33305;7.14814728
33306;7.14814728
33307;7.14814728
33308;8.54153899
33309;8.54153899
33310;8.54153899
33311;8.54153899
33312;7.27338339
33313;7.27338339
33314;7.27338339
33315;7.27338339
33316;5.78862364
33317;5.78862364
33318;5.78862364
33319;5.78862364
33320;5.1160349
33321;5.1160349
33322;5.1160349
33323;5.1160349
33324;5.09850153
33325;5.09850153
33326;5.09850153
33327;5.09850153
33328;5.22821748
33329;5.22821748
33330;5.22821748
33331;5.22821748
33332;5.63770196
33333;5.63770196
33334;5.63770196
33335;5.63770196
33336;7.41334409
33337;7.41334409
33338;7.41334409
33339;7.41334409
33340;9.05708596
33341;9.05708596
33342;9.05708596
33343;9.05708596
33344;7.82949075
33345;7.82949075
33346;7.82949075
33347;7.82949075
33348;6.67899524
33349;6.67899524
33350;6.67899524
33351;6.67899524
33352;5.47945284
33353;5.47945284
33354;5.47945284
33355;5.47945284
33356;5.24615054
33357;5.24615054
33358;5.24615054
33359;5.24615054
33360;5.86760221
33361;5.86760221
33362;5.86760221
33363;5.86760221
33364;5.14224904
33365;5.14224904
33366;5.14224904
33367;5.14224904
33368;5.12608267
33369;5.12608267
33370;5.12608267
33371;5.12608267
33372;5.13527036
33373;5.13527036
33374;5.13527036
33375;5.13527036
33376;4.99446315
33377;4.99446315
33378;4.99446315
33379;4.99446315
33380;5.27284469
33381;5.27284469
33382;5.27284469
33383;5.27284469
33384;6.65442554
33385;6.65442554
33386;6.65442554
33387;6.65442554
33388;6.50006545
33389;6.50006545
33390;6.50006545
33391;6.50006545
33392;6.02078834
33393;6.02078834
33394;6.02078834
33395;6.02078834
33396;5.65037584
33397;5.65037584
33398;5.65037584
33399;5.65037584
33400;6.08473706
33401;6.08473706
33402;6.08473706
33403;6.08473706
33404;8.59996682
33405;8.59996682
33406;8.59996682
33407;8.59996682
33408;7.6355329
33409;7.6355329
33410;7.6355329
33411;7.6355329
33412;6.61391509
33413;6.61391509
33414;6.61391509
33415;6.61391509
33416;5.0694226
33417;5.0694226
33418;5.0694226
33419;5.0694226
33420;5.08501777
33421;5.08501777
33422;5.08501777
33423;5.08501777
33424;5.21791445
33425;5.21791445
33426;5.21791445
33427;5.21791445
33428;5.57441072
33429;5.57441072
33430;5.57441072
33431;5.57441072
33432;7.31826972
33433;7.31826972
33434;7.31826972
33435;7.31826972
33436;9.42965651
33437;9.42965651
33438;9.42965651
33439;9.42965651
33440;6.15395312
33441;6.15395312
33442;6.15395312
33443;6.15395312
33444;5.61508934
33445;5.61508934
33446;5.61508934
33447;5.61508934
33448;5.38748447
33449;5.38748447
33450;5.38748447
33451;5.38748447
33452;4.95361379
33453;4.95361379
33454;4.95361379
33455;4.95361379
33456;5.68179122
33457;5.68179122
33458;5.68179122
33459;5.68179122
33460;5.64993803
33461;5.64993803
33462;5.64993803
33463;5.64993803
33464;5.68173029
33465;5.68173029
33466;5.68173029
33467;5.68173029
33468;5.47180101
33469;5.47180101
33470;5.47180101
33471;5.47180101
33472;5.30526284
33473;5.30526284
33474;5.30526284
33475;5.30526284
33476;5.5116708
33477;5.5116708
33478;5.5116708
33479;5.5116708
33480;7.15485423
33481;7.15485423
33482;7.15485423
33483;7.15485423
33484;6.00856455
33485;6.00856455
33486;6.00856455
33487;6.00856455
33488;5.4223593
33489;5.4223593
33490;5.4223593
33491;5.4223593
33492;5.40469893
33493;5.40469893
33494;5.40469893
33495;5.40469893
33496;5.72452177
33497;5.72452177
33498;5.72452177
33499;5.72452177
33500;8.99536573
33501;8.99536573
33502;8.99536573
33503;8.99536573
33504;8.25473975
33505;8.25473975
33506;8.25473975
33507;8.25473975
33508;6.83265301
33509;6.83265301
33510;6.83265301
33511;6.83265301
33512;5.0904535
33513;5.0904535
33514;5.0904535
33515;5.0904535
33516;5.09662214
33517;5.09662214
33518;5.09662214
33519;5.09662214
33520;5.26874925
33521;5.26874925
33522;5.26874925
33523;5.26874925
33524;5.6450395
33525;5.6450395
33526;5.6450395
33527;5.6450395
33528;7.31859186
33529;7.31859186
33530;7.31859186
33531;7.31859186
33532;8.9816341
33533;8.9816341
33534;8.9816341
33535;8.9816341
33536;7.84796214
33537;7.84796214
33538;7.84796214
33539;7.84796214
33540;6.06498343
33541;6.06498343
33542;6.06498343
33543;6.06498343
33544;5.74165077
33545;5.74165077
33546;5.74165077
33547;5.74165077
33548;5.29324095
33549;5.29324095
33550;5.29324095
33551;5.29324095
33552;5.71025805
33553;5.71025805
33554;5.71025805
33555;5.71025805
33556;6.04702305
33557;6.04702305
33558;6.04702305
33559;6.04702305
33560;7.47712487
33561;7.47712487
33562;7.47712487
33563;7.47712487
33564;6.41435506
33565;6.41435506
33566;6.41435506
33567;6.41435506
33568;7.25304911
33569;7.25304911
33570;7.25304911
33571;7.25304911
33572;6.15539219
33573;6.15539219
33574;6.15539219
33575;6.15539219
33576;5.78081888
33577;5.78081888
33578;5.78081888
33579;5.78081888
33580;6.18042569
33581;6.18042569
33582;6.18042569
33583;6.18042569
33584;7.32417504
33585;7.32417504
33586;7.32417504
33587;7.32417504
33588;5.84283961
33589;5.84283961
33590;5.84283961
33591;5.84283961
33592;8.1931099
33593;8.1931099
33594;8.1931099
33595;8.1931099
33596;9.45817655
33597;9.45817655
33598;9.45817655
33599;9.45817655
33600;8.3180392
33601;8.3180392
33602;8.3180392
33603;8.3180392
33604;5.06122617
33605;5.06122617
33606;5.06122617
33607;5.06122617
33608;5.03610313
33609;5.03610313
33610;5.03610313
33611;5.03610313
33612;5.05863139
33613;5.05863139
33614;5.05863139
33615;5.05863139
33616;5.20013763
33617;5.20013763
33618;5.20013763
33619;5.20013763
33620;5.56486647
33621;5.56486647
33622;5.56486647
33623;5.56486647
33624;7.43929578
33625;7.43929578
33626;7.43929578
33627;7.43929578
33628;8.82844168
33629;8.82844168
33630;8.82844168
33631;8.82844168
33632;7.7135051
33633;7.7135051
33634;7.7135051
33635;7.7135051
33636;7.36301993
33637;7.36301993
33638;7.36301993
33639;7.36301993
33640;7.81295422
33641;7.81295422
33642;7.81295422
33643;7.81295422
33644;7.59173281
33645;7.59173281
33646;7.59173281
33647;7.59173281
33648;6.15590518
33649;6.15590518
33650;6.15590518
33651;6.15590518
33652;5.18985072
33653;5.18985072
33654;5.18985072
33655;5.18985072
33656;5.49785268
33657;5.49785268
33658;5.49785268
33659;5.49785268
33660;5.41342001
33661;5.41342001
33662;5.41342001
33663;5.41342001
33664;5.10867191
33665;5.10867191
33666;5.10867191
33667;5.10867191
33668;5.79606603
33669;5.79606603
33670;5.79606603
33671;5.79606603
33672;7.18292893
33673;7.18292893
33674;7.18292893
33675;7.18292893
33676;5.99795179
33677;5.99795179
33678;5.99795179
33679;5.99795179
33680;7.19973152
33681;7.19973152
33682;7.19973152
33683;7.19973152
33684;6.12773267
33685;6.12773267
33686;6.12773267
33687;6.12773267
33688;7.81765003
33689;7.81765003
33690;7.81765003
33691;7.81765003
33692;11.6169413
33693;11.6169413
33694;11.6169413
33695;11.6169413
33696;8.98657137
33697;8.98657137
33698;8.98657137
33699;8.98657137
33700;5.30445131
33701;5.30445131
33702;5.30445131
33703;5.30445131
33704;5.18323693
33705;5.18323693
33706;5.18323693
33707;5.18323693
33708;5.10795228
33709;5.10795228
33710;5.10795228
33711;5.10795228
33712;5.16713492
33713;5.16713492
33714;5.16713492
33715;5.16713492
33716;5.49523902
33717;5.49523902
33718;5.49523902
33719;5.49523902
33720;7.39753156
33721;7.39753156
33722;7.39753156
33723;7.39753156
33724;8.68298667
33725;8.68298667
33726;8.68298667
33727;8.68298667
33728;7.83395633
33729;7.83395633
33730;7.83395633
33731;7.83395633
33732;6.68408538
33733;6.68408538
33734;6.68408538
33735;6.68408538
33736;6.12118775
33737;6.12118775
33738;6.12118775
33739;6.12118775
33740;6.58891522
33741;6.58891522
33742;6.58891522
33743;6.58891522
33744;8.34557534
33745;8.34557534
33746;8.34557534
33747;8.34557534
33748;6.05254587
33749;6.05254587
33750;6.05254587
33751;6.05254587
33752;6.16408086
33753;6.16408086
33754;6.16408086
33755;6.16408086
33756;7.44405498
33757;7.44405498
33758;7.44405498
33759;7.44405498
33760;5.4123929
33761;5.4123929
33762;5.4123929
33763;5.4123929
33764;5.60616064
33765;5.60616064
33766;5.60616064
33767;5.60616064
33768;5.50177517
33769;5.50177517
33770;5.50177517
33771;5.50177517
33772;5.74849052
33773;5.74849052
33774;5.74849052
33775;5.74849052
33776;5.61574238
33777;5.61574238
33778;5.61574238
33779;5.61574238
33780;5.4821292
33781;5.4821292
33782;5.4821292
33783;5.4821292
33784;6.19261196
33785;6.19261196
33786;6.19261196
33787;6.19261196
33788;9.45181966
33789;9.45181966
33790;9.45181966
33791;9.45181966
33792;9.14141607
33793;9.14141607
33794;9.14141607
33795;9.14141607
33796;5.47042889
33797;5.47042889
33798;5.47042889
33799;5.47042889
33800;5.31335094
33801;5.31335094
33802;5.31335094
33803;5.31335094
33804;5.14253728
33805;5.14253728
33806;5.14253728
33807;5.14253728
33808;5.119027
33809;5.119027
33810;5.119027
33811;5.119027
33812;5.33636735
33813;5.33636735
33814;5.33636735
33815;5.33636735
33816;5.76213622
33817;5.76213622
33818;5.76213622
33819;5.76213622
33820;6.54416634
33821;6.54416634
33822;6.54416634
33823;6.54416634
33824;8.07287385
33825;8.07287385
33826;8.07287385
33827;8.07287385
33828;8.86708108
33829;8.86708108
33830;8.86708108
33831;8.86708108
33832;8.41817537
33833;8.41817537
33834;8.41817537
33835;8.41817537
33836;7.44008919
33837;7.44008919
33838;7.44008919
33839;7.44008919
33840;6.51732374
33841;6.51732374
33842;6.51732374
33843;6.51732374
33844;6.89305617
33845;6.89305617
33846;6.89305617
33847;6.89305617
33848;6.7966529
33849;6.7966529
33850;6.7966529
33851;6.7966529
33852;5.54427291
33853;5.54427291
33854;5.54427291
33855;5.54427291
33856;5.36081771
33857;5.36081771
33858;5.36081771
33859;5.36081771
33860;6.16057596
33861;6.16057596
33862;6.16057596
33863;6.16057596
33864;6.41883857
33865;6.41883857
33866;6.41883857
33867;6.41883857
33868;6.33757897
33869;6.33757897
33870;6.33757897
33871;6.33757897
33872;6.65942478
33873;6.65942478
33874;6.65942478
33875;6.65942478
33876;7.21734005
33877;7.21734005
33878;7.21734005
33879;7.21734005
33880;7.96652893
33881;7.96652893
33882;7.96652893
33883;7.96652893
33884;11.9130001
33885;11.9130001
33886;11.9130001
33887;11.9130001
33888;6.6442541
33889;6.6442541
33890;6.6442541
33891;6.6442541
33892;5.26311407
33893;5.26311407
33894;5.26311407
33895;5.26311407
33896;5.19446144
33897;5.19446144
33898;5.19446144
33899;5.19446144
33900;5.1276688
33901;5.1276688
33902;5.1276688
33903;5.1276688
33904;5.12673127
33905;5.12673127
33906;5.12673127
33907;5.12673127
33908;4.58389194
33909;4.58389194
33910;4.58389194
33911;4.58389194
33912;5.54394067
33913;5.54394067
33914;5.54394067
33915;5.54394067
33916;6.41796526
33917;6.41796526
33918;6.41796526
33919;6.41796526
33920;8.04706277
33921;8.04706277
33922;8.04706277
33923;8.04706277
33924;9.05068205
33925;9.05068205
33926;9.05068205
33927;9.05068205
33928;9.37904905
33929;9.37904905
33930;9.37904905
33931;9.37904905
33932;8.21525055
33933;8.21525055
33934;8.21525055
33935;8.21525055
33936;7.90460738
33937;7.90460738
33938;7.90460738
33939;7.90460738
33940;6.80231243
33941;6.80231243
33942;6.80231243
33943;6.80231243
33944;5.87544709
33945;5.87544709
33946;5.87544709
33947;5.87544709
33948;6.1947098
33949;6.1947098
33950;6.1947098
33951;6.1947098
33952;6.12335356
33953;6.12335356
33954;6.12335356
33955;6.12335356
33956;5.37164378
33957;5.37164378
33958;5.37164378
33959;5.37164378
33960;6.11495762
33961;6.11495762
33962;6.11495762
33963;6.11495762
33964;6.46712569
33965;6.46712569
33966;6.46712569
33967;6.46712569
33968;6.53230504
33969;6.53230504
33970;6.53230504
33971;6.53230504
33972;5.88211417
33973;5.88211417
33974;5.88211417
33975;5.88211417
33976;7.28998765
33977;7.28998765
33978;7.28998765
33979;7.28998765
33980;10.2972623
33981;10.2972623
33982;10.2972623
33983;10.2972623
33984;6.53175497
33985;6.53175497
33986;6.53175497
33987;6.53175497
33988;5.23512733
33989;5.23512733
33990;5.23512733
33991;5.23512733
33992;5.2516484
33993;5.2516484
33994;5.2516484
33995;5.2516484
33996;5.25968335
33997;5.25968335
33998;5.25968335
33999;5.25968335
34000;4.05304471
34001;4.05304471
34002;4.05304471
34003;4.05304471
34004;3.07531391
34005;3.07531391
34006;3.07531391
34007;3.07531391
34008;7.25907172
34009;7.25907172
34010;7.25907172
34011;7.25907172
34012;8.72461544
34013;8.72461544
34014;8.72461544
34015;8.72461544
34016;8.13618139
34017;8.13618139
34018;8.13618139
34019;8.13618139
34020;8.21303291
34021;8.21303291
34022;8.21303291
34023;8.21303291
34024;6.5999961
34025;6.5999961
34026;6.5999961
34027;6.5999961
34028;6.38996825
34029;6.38996825
34030;6.38996825
34031;6.38996825
34032;7.106703
34033;7.106703
34034;7.106703
34035;7.106703
34036;6.15466045
34037;6.15466045
34038;6.15466045
34039;6.15466045
34040;5.86665152
34041;5.86665152
34042;5.86665152
34043;5.86665152
34044;5.81766573
34045;5.81766573
34046;5.81766573
34047;5.81766573
34048;5.96463738
34049;5.96463738
34050;5.96463738
34051;5.96463738
34052;6.80359633
34053;6.80359633
34054;6.80359633
34055;6.80359633
34056;8.91082557
34057;8.91082557
34058;8.91082557
34059;8.91082557
34060;9.10085587
34061;9.10085587
34062;9.10085587
34063;9.10085587
34064;8.27085327
34065;8.27085327
34066;8.27085327
34067;8.27085327
34068;7.31374272
34069;7.31374272
34070;7.31374272
34071;7.31374272
34072;7.3055405
34073;7.3055405
34074;7.3055405
34075;7.3055405
34076;7.72535419
34077;7.72535419
34078;7.72535419
34079;7.72535419
34080;5.47781133
34081;5.47781133
34082;5.47781133
34083;5.47781133
34084;4.76986384
34085;4.76986384
34086;4.76986384
34087;4.76986384
34088;4.69023061
34089;4.69023061
34090;4.69023061
34091;4.69023061
34092;1.7937506
34093;1.7937506
34094;1.7937506
34095;1.7937506
34096;1.9246301
34097;1.9246301
34098;1.9246301
34099;1.9246301
34100;2.53260456
34101;2.53260456
34102;2.53260456
34103;2.53260456
34104;6.2561131
34105;6.2561131
34106;6.2561131
34107;6.2561131
34108;8.81099396
34109;8.81099396
34110;8.81099396
34111;8.81099396
34112;7.96764413
34113;7.96764413
34114;7.96764413
34115;7.96764413
34116;6.85987563
34117;6.85987563
34118;6.85987563
34119;6.85987563
34120;6.20232872
34121;6.20232872
34122;6.20232872
34123;6.20232872
34124;5.76192443
34125;5.76192443
34126;5.76192443
34127;5.76192443
34128;6.57445789
34129;6.57445789
34130;6.57445789
34131;6.57445789
34132;6.35327961
34133;6.35327961
34134;6.35327961
34135;6.35327961
34136;6.222777
34137;6.222777
34138;6.222777
34139;6.222777
34140;6.01427795
34141;6.01427795
34142;6.01427795
34143;6.01427795
34144;6.23165044
34145;6.23165044
34146;6.23165044
34147;6.23165044
34148;7.09732842
34149;7.09732842
34150;7.09732842
34151;7.09732842
34152;9.40882082
34153;9.40882082
34154;9.40882082
34155;9.40882082
34156;8.67122387
34157;8.67122387
34158;8.67122387
34159;8.67122387
34160;7.93133051
34161;7.93133051
34162;7.93133051
34163;7.93133051
34164;7.37787484
34165;7.37787484
34166;7.37787484
34167;7.37787484
34168;7.27224297
34169;7.27224297
34170;7.27224297
34171;7.27224297
34172;8.87512226
34173;8.87512226
34174;8.87512226
34175;8.87512226
34176;6.21499446
34177;6.21499446
34178;6.21499446
34179;6.21499446
34180;4.75398257
34181;4.75398257
34182;4.75398257
34183;4.75398257
34184;2.08132406
34185;2.08132406
34186;2.08132406
34187;2.08132406
34188;2.05895383
34189;2.05895383
34190;2.05895383
34191;2.05895383
34192;2.18981624
34193;2.18981624
34194;2.18981624
34195;2.18981624
34196;2.87080642
34197;2.87080642
34198;2.87080642
34199;2.87080642
34200;6.89075758
34201;6.89075758
34202;6.89075758
34203;6.89075758
34204;8.68979741
34205;8.68979741
34206;8.68979741
34207;8.68979741
34208;7.7351828
34209;7.7351828
34210;7.7351828
34211;7.7351828
34212;7.29205537
34213;7.29205537
34214;7.29205537
34215;7.29205537
34216;6.7686442
34217;6.7686442
34218;6.7686442
34219;6.7686442
34220;6.12814629
34221;6.12814629
34222;6.12814629
34223;6.12814629
34224;6.64903608
34225;6.64903608
34226;6.64903608
34227;6.64903608
34228;6.865041
34229;6.865041
34230;6.865041
34231;6.865041
34232;8.16678485
34233;8.16678485
34234;8.16678485
34235;8.16678485
34236;7.20912237
34237;7.20912237
34238;7.20912237
34239;7.20912237
34240;8.28505816
34241;8.28505816
34242;8.28505816
34243;8.28505816
34244;7.60864063
34245;7.60864063
34246;7.60864063
34247;7.60864063
34248;7.85711274
34249;7.85711274
34250;7.85711274
34251;7.85711274
34252;8.59847191
34253;8.59847191
34254;8.59847191
34255;8.59847191
34256;9.42247785
34257;9.42247785
34258;9.42247785
34259;9.42247785
34260;7.36358701
34261;7.36358701
34262;7.36358701
34263;7.36358701
34264;9.30442686
34265;9.30442686
34266;9.30442686
34267;9.30442686
34268;7.82709887
34269;7.82709887
34270;7.82709887
34271;7.82709887
34272;5.35046625
34273;5.35046625
34274;5.35046625
34275;5.35046625
34276;4.78979059
34277;4.78979059
34278;4.78979059
34279;4.78979059
34280;3.90597497
34281;3.90597497
34282;3.90597497
34283;3.90597497
34284;2.15313047
34285;2.15313047
34286;2.15313047
34287;2.15313047
34288;2.28276097
34289;2.28276097
34290;2.28276097
34291;2.28276097
34292;3.11776539
34293;3.11776539
34294;3.11776539
34295;3.11776539
34296;7.43880154
34297;7.43880154
34298;7.43880154
34299;7.43880154
34300;8.7369858
34301;8.7369858
34302;8.7369858
34303;8.7369858
34304;7.70477739
34305;7.70477739
34306;7.70477739
34307;7.70477739
34308;7.43193284
34309;7.43193284
34310;7.43193284
34311;7.43193284
34312;7.87998014
34313;7.87998014
34314;7.87998014
34315;7.87998014
34316;7.50864133
34317;7.50864133
34318;7.50864133
34319;7.50864133
34320;7.14649464
34321;7.14649464
34322;7.14649464
34323;7.14649464
34324;6.20839906
34325;6.20839906
34326;6.20839906
34327;6.20839906
34328;6.35354857
34329;6.35354857
34330;6.35354857
34331;6.35354857
34332;6.28117181
34333;6.28117181
34334;6.28117181
34335;6.28117181
34336;6.28639811
34337;6.28639811
34338;6.28639811
34339;6.28639811
34340;7.55422617
34341;7.55422617
34342;7.55422617
34343;7.55422617
34344;9.74687907
34345;9.74687907
34346;9.74687907
34347;9.74687907
34348;7.38312823
34349;7.38312823
34350;7.38312823
34351;7.38312823
34352;7.20124133
34353;7.20124133
34354;7.20124133
34355;7.20124133
34356;6.12466478
34357;6.12466478
34358;6.12466478
34359;6.12466478
34360;7.9101367
34361;7.9101367
34362;7.9101367
34363;7.9101367
34364;12.2883656
34365;12.2883656
34366;12.2883656
34367;12.2883656
34368;8.53325707
34369;8.53325707
34370;8.53325707
34371;8.53325707
34372;5.20232869
34373;5.20232869
34374;5.20232869
34375;5.20232869
34376;5.09606007
34377;5.09606007
34378;5.09606007
34379;5.09606007
34380;5.18050254
34381;5.18050254
34382;5.18050254
34383;5.18050254
34384;5.19962035
34385;5.19962035
34386;5.19962035
34387;5.19962035
34388;5.51177559
34389;5.51177559
34390;5.51177559
34391;5.51177559
34392;7.4361168
34393;7.4361168
34394;7.4361168
34395;7.4361168
34396;8.76762604
34397;8.76762604
34398;8.76762604
34399;8.76762604
34400;7.82054913
34401;7.82054913
34402;7.82054913
34403;7.82054913
34404;6.6521234
34405;6.6521234
34406;6.6521234
34407;6.6521234
34408;6.19904019
34409;6.19904019
34410;6.19904019
34411;6.19904019
34412;6.60018362
34413;6.60018362
34414;6.60018362
34415;6.60018362
34416;8.31874296
34417;8.31874296
34418;8.31874296
34419;8.31874296
34420;5.87704384
34421;5.87704384
34422;5.87704384
34423;5.87704384
34424;5.31982106
34425;5.31982106
34426;5.31982106
34427;5.31982106
34428;6.58859063
34429;6.58859063
34430;6.58859063
34431;6.58859063
34432;5.3658615
34433;5.3658615
34434;5.3658615
34435;5.3658615
34436;5.54782731
34437;5.54782731
34438;5.54782731
34439;5.54782731
34440;5.44594183
34441;5.44594183
34442;5.44594183
34443;5.44594183
34444;5.72283478
34445;5.72283478
34446;5.72283478
34447;5.72283478
34448;5.59713438
34449;5.59713438
34450;5.59713438
34451;5.59713438
34452;5.50476809
34453;5.50476809
34454;5.50476809
34455;5.50476809
34456;6.23893944
34457;6.23893944
34458;6.23893944
34459;6.23893944
34460;8.87268358
34461;8.87268358
34462;8.87268358
34463;8.87268358
34464;8.97217213
34465;8.97217213
34466;8.97217213
34467;8.97217213
34468;6.21758865
34469;6.21758865
34470;6.21758865
34471;6.21758865
34472;5.29517043
34473;5.29517043
34474;5.29517043
34475;5.29517043
34476;5.12206592
34477;5.12206592
34478;5.12206592
34479;5.12206592
34480;5.06639581
34481;5.06639581
34482;5.06639581
34483;5.06639581
34484;5.30216467
34485;5.30216467
34486;5.30216467
34487;5.30216467
34488;5.71923528
34489;5.71923528
34490;5.71923528
34491;5.71923528
34492;6.3818942
34493;6.3818942
34494;6.3818942
34495;6.3818942
34496;8.00250471
34497;8.00250471
34498;8.00250471
34499;8.00250471
34500;8.82119648
34501;8.82119648
34502;8.82119648
34503;8.82119648
34504;5.33993291
34505;5.33993291
34506;5.33993291
34507;5.33993291
34508;5.30862084
34509;5.30862084
34510;5.30862084
34511;5.30862084
34512;6.46883664
34513;6.46883664
34514;6.46883664
34515;6.46883664
34516;6.83972044
34517;6.83972044
34518;6.83972044
34519;6.83972044
34520;6.75237087
34521;6.75237087
34522;6.75237087
34523;6.75237087
34524;5.31598727
34525;5.31598727
34526;5.31598727
34527;5.31598727
34528;5.21443295
34529;5.21443295
34530;5.21443295
34531;5.21443295
34532;6.14502681
34533;6.14502681
34534;6.14502681
34535;6.14502681
34536;6.36783857
34537;6.36783857
34538;6.36783857
34539;6.36783857
34540;6.19517897
34541;6.19517897
34542;6.19517897
34543;6.19517897
34544;6.53789145
34545;6.53789145
34546;6.53789145
34547;6.53789145
34548;7.08387338
34549;7.08387338
34550;7.08387338
34551;7.08387338
34552;7.82782211
34553;7.82782211
34554;7.82782211
34555;7.82782211
34556;10.6117052
34557;10.6117052
34558;10.6117052
34559;10.6117052
34560;7.75970391
34561;7.75970391
34562;7.75970391
34563;7.75970391
34564;5.20128624
34565;5.20128624
34566;5.20128624
34567;5.20128624
34568;5.1308138
34569;5.1308138
34570;5.1308138
34571;5.1308138
34572;5.09775344
34573;5.09775344
34574;5.09775344
34575;5.09775344
34576;5.06622824
34577;5.06622824
34578;5.06622824
34579;5.06622824
34580;5.18379152
34581;5.18379152
34582;5.18379152
34583;5.18379152
34584;5.49215135
34585;5.49215135
34586;5.49215135
34587;5.49215135
34588;6.36324749
34589;6.36324749
34590;6.36324749
34591;6.36324749
34592;8.04190828
34593;8.04190828
34594;8.04190828
34595;8.04190828
34596;9.12573196
34597;9.12573196
34598;9.12573196
34599;9.12573196
34600;8.47647587
34601;8.47647587
34602;8.47647587
34603;8.47647587
34604;5.11496176
34605;5.11496176
34606;5.11496176
34607;5.11496176
34608;5.62451938
34609;5.62451938
34610;5.62451938
34611;5.62451938
34612;5.29445605
34613;5.29445605
34614;5.29445605
34615;5.29445605
34616;5.30990265
34617;5.30990265
34618;5.30990265
34619;5.30990265
34620;5.17803531
34621;5.17803531
34622;5.17803531
34623;5.17803531
34624;5.22214168
34625;5.22214168
34626;5.22214168
34627;5.22214168
34628;5.33627914
34629;5.33627914
34630;5.33627914
34631;5.33627914
34632;6.11085762
34633;6.11085762
34634;6.11085762
34635;6.11085762
34636;6.34475903
34637;6.34475903
34638;6.34475903
34639;6.34475903
34640;6.34269837
34641;6.34269837
34642;6.34269837
34643;6.34269837
34644;5.74096622
34645;5.74096622
34646;5.74096622
34647;5.74096622
34648;7.14063266
34649;7.14063266
34650;7.14063266
34651;7.14063266
34652;8.86160865
34653;8.86160865
34654;8.86160865
34655;8.86160865
34656;7.65164502
34657;7.65164502
34658;7.65164502
34659;7.65164502
34660;5.09252163
34661;5.09252163
34662;5.09252163
34663;5.09252163
34664;5.08997724
34665;5.08997724
34666;5.08997724
34667;5.08997724
34668;5.0764719
34669;5.0764719
34670;5.0764719
34671;5.0764719
34672;5.2099622
34673;5.2099622
34674;5.2099622
34675;5.2099622
34676;5.58760276
34677;5.58760276
34678;5.58760276
34679;5.58760276
34680;7.24904054
34681;7.24904054
34682;7.24904054
34683;7.24904054
34684;8.86231958
34685;8.86231958
34686;8.86231958
34687;8.86231958
34688;8.16964821
34689;8.16964821
34690;8.16964821
34691;8.16964821
34692;8.17905523
34693;8.17905523
34694;8.17905523
34695;8.17905523
34696;6.49072977
34697;6.49072977
34698;6.49072977
34699;6.49072977
34700;6.47822234
34701;6.47822234
34702;6.47822234
34703;6.47822234
34704;7.13653351
34705;7.13653351
34706;7.13653351
34707;7.13653351
34708;5.54692085
34709;5.54692085
34710;5.54692085
34711;5.54692085
34712;5.26494934
34713;5.26494934
34714;5.26494934
34715;5.26494934
34716;5.25680369
34717;5.25680369
34718;5.25680369
34719;5.25680369
34720;5.14165476
34721;5.14165476
34722;5.14165476
34723;5.14165476
34724;5.44218469
34725;5.44218469
34726;5.44218469
34727;5.44218469
34728;6.76546852
34729;6.76546852
34730;6.76546852
34731;6.76546852
34732;6.58960055
34733;6.58960055
34734;6.58960055
34735;6.58960055
34736;6.03724696
34737;6.03724696
34738;6.03724696
34739;6.03724696
34740;5.65997653
34741;5.65997653
34742;5.65997653
34743;5.65997653
34744;6.06134064
34745;6.06134064
34746;6.06134064
34747;6.06134064
34748;9.39892443
34749;9.39892443
34750;9.39892443
34751;9.39892443
34752;7.87029843
34753;7.87029843
34754;7.87029843
34755;7.87029843
34756;5.47745393
34757;5.47745393
34758;5.47745393
34759;5.47745393
34760;4.98547836
34761;4.98547836
34762;4.98547836
34763;4.98547836
34764;5.00505591
34765;5.00505591
34766;5.00505591
34767;5.00505591
34768;5.1249158
34769;5.1249158
34770;5.1249158
34771;5.1249158
34772;5.46284495
34773;5.46284495
34774;5.46284495
34775;5.46284495
34776;7.2383691
34777;7.2383691
34778;7.2383691
34779;7.2383691
34780;9.32686407
34781;9.32686407
34782;9.32686407
34783;9.32686407
34784;8.41567191
34785;8.41567191
34786;8.41567191
34787;8.41567191
34788;5.84200858
34789;5.84200858
34790;5.84200858
34791;5.84200858
34792;5.37860354
34793;5.37860354
34794;5.37860354
34795;5.37860354
34796;4.99111379
34797;4.99111379
34798;4.99111379
34799;4.99111379
34800;5.78595788
34801;5.78595788
34802;5.78595788
34803;5.78595788
34804;5.75577136
34805;5.75577136
34806;5.75577136
34807;5.75577136
34808;5.80277794
34809;5.80277794
34810;5.80277794
34811;5.80277794
34812;5.55375185
34813;5.55375185
34814;5.55375185
34815;5.55375185
34816;5.47192951
34817;5.47192951
34818;5.47192951
34819;5.47192951
34820;5.63897152
34821;5.63897152
34822;5.63897152
34823;5.63897152
34824;7.19661574
34825;7.19661574
34826;7.19661574
34827;7.19661574
34828;6.07610078
34829;6.07610078
34830;6.07610078
34831;6.07610078
34832;5.5614535
34833;5.5614535
34834;5.5614535
34835;5.5614535
34836;5.55277864
34837;5.55277864
34838;5.55277864
34839;5.55277864
34840;5.91303626
34841;5.91303626
34842;5.91303626
34843;5.91303626
34844;10.4285621
34845;10.4285621
34846;10.4285621
34847;10.4285621
34848;8.98160983
34849;8.98160983
34850;8.98160983
34851;8.98160983
34852;5.53434199
34853;5.53434199
34854;5.53434199
34855;5.53434199
34856;5.27067528
34857;5.27067528
34858;5.27067528
34859;5.27067528
34860;5.20420071
34861;5.20420071
34862;5.20420071
34863;5.20420071
34864;5.3217135
34865;5.3217135
34866;5.3217135
34867;5.3217135
34868;5.66328689
34869;5.66328689
34870;5.66328689
34871;5.66328689
34872;7.16770325
34873;7.16770325
34874;7.16770325
34875;7.16770325
34876;8.76443726
34877;8.76443726
34878;8.76443726
34879;8.76443726
34880;7.77815179
34881;7.77815179
34882;7.77815179
34883;7.77815179
34884;7.26218038
34885;7.26218038
34886;7.26218038
34887;7.26218038
34888;6.743936
34889;6.743936
34890;6.743936
34891;6.743936
34892;6.21289855
34893;6.21289855
34894;6.21289855
34895;6.21289855
34896;6.83264676
34897;6.83264676
34898;6.83264676
34899;6.83264676
34900;7.07919221
34901;7.07919221
34902;7.07919221
34903;7.07919221
34904;8.36387484
34905;8.36387484
34906;8.36387484
34907;8.36387484
34908;7.29240453
34909;7.29240453
34910;7.29240453
34911;7.29240453
34912;7.82160975
34913;7.82160975
34914;7.82160975
34915;7.82160975
34916;6.03304381
34917;6.03304381
34918;6.03304381
34919;6.03304381
34920;5.6679906
34921;5.6679906
34922;5.6679906
34923;5.6679906
34924;6.10442975
34925;6.10442975
34926;6.10442975
34927;6.10442975
34928;7.2299709
34929;7.2299709
34930;7.2299709
34931;7.2299709
34932;5.76040371
34933;5.76040371
34934;5.76040371
34935;5.76040371
34936;8.15003121
34937;8.15003121
34938;8.15003121
34939;8.15003121
34940;10.4339706
34941;10.4339706
34942;10.4339706
34943;10.4339706
34944;7.52570259
34945;7.52570259
34946;7.52570259
34947;7.52570259
34948;5.14719493
34949;5.14719493
34950;5.14719493
34951;5.14719493
34952;5.08240929
34953;5.08240929
34954;5.08240929
34955;5.08240929
34956;5.09495534
34957;5.09495534
34958;5.09495534
34959;5.09495534
34960;5.23690921
34961;5.23690921
34962;5.23690921
34963;5.23690921
34964;5.59580778
34965;5.59580778
34966;5.59580778
34967;5.59580778
34968;7.37504344
34969;7.37504344
34970;7.37504344
34971;7.37504344
34972;8.69421213
34973;8.69421213
34974;8.69421213
34975;8.69421213
34976;7.66293343
34977;7.66293343
34978;7.66293343
34979;7.66293343
34980;7.40970031
34981;7.40970031
34982;7.40970031
34983;7.40970031
34984;7.869732
34985;7.869732
34986;7.869732
34987;7.869732
34988;7.5040036
34989;7.5040036
34990;7.5040036
34991;7.5040036
34992;7.17015161
34993;7.17015161
34994;7.17015161
34995;7.17015161
34996;6.2005847
34997;6.2005847
34998;6.2005847
34999;6.2005847
35000;6.34445894
35001;6.34445894
35002;6.34445894
35003;6.34445894
35004;6.29243527
35005;6.29243527
35006;6.29243527
35007;6.29243527
35008;6.32729166
35009;6.32729166
35010;6.32729166
35011;6.32729166
35012;7.69028617
35013;7.69028617
35014;7.69028617
35015;7.69028617
35016;8.0546597
35017;8.0546597
35018;8.0546597
35019;8.0546597
35020;6.04995179
35021;6.04995179
35022;6.04995179
35023;6.04995179
35024;7.22072658
35025;7.22072658
35026;7.22072658
35027;7.22072658
35028;6.09276274
35029;6.09276274
35030;6.09276274
35031;6.09276274
35032;7.82799679
35033;7.82799679
35034;7.82799679
35035;7.82799679
35036;12.0896575
35037;12.0896575
35038;12.0896575
35039;12.0896575
